"","X","hosp","week","year","Location","temp","inverse_temp","humid_smooth","odds_frequency","incident","time","t","humid_smooth_mult","pop_size_2023","hosp_per_100k","date","mean_indoor"
"1",1,5096,1,2022,"CA",8.30103092220177,20.8203963385636,78,0.649457891608603,0.0227524507853701,2022.01923076923,1,0,39198693,13.0004334583298,2019-01-06,110.79823879015
"2",2,9016,2,2022,"CA",9.37255452309016,19.7488727376752,78,1.0953599434084,0.0301264381442514,2022.03846153846,2,0,39198693,23.0007668878143,2019-01-13,113.65012239435
"3",3,11681,3,2022,"CA",9.82977665795566,19.2916506028097,78.7367671203692,1.44362699956778,0.0157612057796587,2022.05769230769,3,0,39198693,29.7994629565838,2019-01-20,104.408526367328
"4",4,11720,4,2022,"CA",9.95566136402462,19.1657658967407,73.1937986751073,1.93074178762641,0.0116334831197901,2022.07692307692,4,0,39198693,29.8989560697853,2019-01-27,114.213391664182
"5",5,9329,5,2022,"CA",9.3377585502898,19.7836687104755,68.8348975948445,2.27551282581923,0.00556345080179076,2022.09615384615,5,0,39198693,23.7992628988931,2019-02-03,115.591561002038
"6",6,6977,6,2022,"CA",11.4517652048934,17.6696620558719,65.0739872770346,2.71221612488745,0.0180928311393784,2022.11538461538,6,0,39198693,17.7990628412024,2019-02-10,115.722701493112
"7",7,5135,7,2022,"CA",13.1380879625457,15.9833392982196,62.1204091192922,2.92577142041505,0.014796284151617,2022.13461538462,7,0,39198693,13.0999265715314,2019-02-17,104.44527267295
"8",8,3253,8,2022,"CA",9.21082511340433,19.910602147361,62.1666373596155,3.16539718488618,0.0124744635405743,2022.15384615385,8,0,39198693,8.29874608319211,2019-02-24,117.062380760485
"9",9,2234,9,2022,"CA",11.2215475688362,17.8998796919291,60.4914432664094,2.86325225604855,0.00933992875731851,2022.17307692308,9,0,39198693,5.69916961261948,2019-03-03,113.529297127673
"10",10,1646,10,2022,"CA",10.7476157460597,18.3738115147056,61.9831208198456,2.6019761341291,0.00794682108406012,2022.19230769231,10,0,39198693,4.19911959819681,2019-03-10,96.207014388839
"11",11,1137,11,2022,"CA",12.3827805791039,16.7386466816614,64.3385240022329,1.77663226828175,0.00666154863887936,2022.21153846154,11,0,39198693,2.90060691564385,2019-03-17,100.925495769109
"12",12,1098,12,2022,"CA",13.537382391572,15.5840448691933,64.2585893006594,1.25901067997271,0.00570954410818408,2022.23076923077,12,0,39198693,2.80111380244234,2019-03-24,98.1090311191588
"13",13,902,13,2022,"CA",12.2631478623136,16.8582793984517,62.9896717125718,1.05878607120367,0.00717215239804041,2022.25,13,0,39198693,2.30109713096812,2019-03-31,102.502451463676
"14",14,549,14,2022,"CA",15.1644538459998,13.9569734147656,63.328694545958,2.13633858635709,0.0113640183530269,2022.26923076923,14,0,39198693,1.40055690122117,2019-04-07,92.4753276892694
"15",15,941,15,2022,"CA",13.2378378179567,15.8835894428086,63.47556512095,3.10487267828545,0.015467182370936,2022.28846153846,15,0,39198693,2.40059024416962,2019-04-14,91.5312508156436
"16",16,902,16,2022,"CA",11.9262735570324,17.1951537037329,60.3542917708995,4.93885223786396,0.0153263443418041,2022.30769230769,16,0,39198693,2.30109713096812,2019-04-21,94.9567745198568
"17",17,1254,17,2022,"CA",12.9508937580945,16.1705335026709,62.6398044723818,3.84115700922093,0.0128472055603146,2022.32692307692,17,0,39198693,3.19908625524836,2019-04-28,97.8153045398286
"18",18,1646,18,2022,"CA",14.8882813016518,14.2331459591136,61.7408734281954,3.08594076497217,0.00945826603623407,2022.34615384615,18,0,39198693,4.19911959819681,2019-05-05,97.8490170815359
"19",19,1999,19,2022,"CA",12.1794597458374,16.941967514928,56.1161284266117,1.99041891170972,0.00931508949375769,2022.36538461538,19,0,39198693,5.09965982794375,2019-05-12,104.151582868778
"20",20,2587,20,2022,"CA",17.3250549101753,11.79637235059,54.9726272420937,1.35815163322774,0.00945234747155132,2022.38461538462,20,0,39198693,6.59970984236643,2019-05-19,96.2585959982608
"21",21,3214,21,2022,"CA",19.6786729504785,9.44275431028686,55.0651348143362,0.919700248220784,0.00999398117687239,2022.40384615385,21,0,39198693,8.19925296999061,2019-05-26,85.327314614412
"22",22,3724,22,2022,"CA",16.7549473207027,12.3664799400626,53.9181570962631,1.18080807017284,0.00949203416892836,2022.42307692308,22,0,39198693,9.50031675801027,2019-06-02,88.1288593858031
"23",23,3881,23,2022,"CA",17.8867867898824,11.2346404708829,54.2689662979944,1.23213269104299,0.00832318567356314,2022.44230769231,23,0,39198693,9.900840316283,2019-06-09,92.2604368820778
"24",24,3724,24,2022,"CA",20.4166265271095,8.70480073365586,54.2983427564463,1.2859313548162,0.00731188494813674,2022.46153846154,24,0,39198693,9.50031675801027,2019-06-16,88.5388822665714
"25",25,3449,25,2022,"CA",19.8515547358012,9.26987252496415,56.7147964269217,0.937000384491415,0.00566327555870293,2022.48076923077,25,0,39198693,8.79876275466633,2019-06-23,89.3114418777046
"26",26,4704,26,2022,"CA",19.164316127973,9.95711113279237,58.6445214727221,0.680486251957407,0.00512170137917608,2022.5,26,0,39198693,12.0004001153814,2019-06-30,82.0704295002613
"27",27,4469,27,2022,"CA",16.9390040630432,12.1824231977221,60.557141505694,1.02072745613177,0.00525492861033232,2022.51923076923,27,0,39198693,11.4008903307057,2019-07-07,93.153192761779
"28",28,4743,28,2022,"CA",19.4600466876559,9.66138057310943,63.3461993413402,1.80788393180363,0.00675837159502571,2022.53846153846,28,0,39198693,12.0998932285829,2019-07-14,91.1310310744287
"29",29,5292,29,2022,"CA",19.8940988072551,9.22732845351026,64.0635058323565,2.5690364704158,0.00739299309460819,2022.55769230769,29,0,39198693,13.5004501298041,2019-07-21,89.5917600753505
"30",30,4704,30,2022,"CA",18.2570993911936,10.8643278695717,63.7921657399216,3.89631428463864,0.00749899152674979,2022.57692307692,30,0,39198693,12.0004001153814,2019-07-28,93.7271573375823
"31",31,4743,31,2022,"CA",19.3501226460347,9.77130461473065,63.6322207161454,4.88613422227072,0.00646937386407245,2022.59615384615,31,0,39198693,12.0998932285829,2019-08-04,90.3132353358683
"32",32,4077,32,2022,"CA",19.224773363976,9.89665389678935,64.0616748325823,6.3775514601445,0.00539997596348429,2022.61538461538,32,0,39198693,10.4008569877572,2019-08-11,95.3632579892983
"33",33,3763,33,2022,"CA",21.2378304268754,7.88359683388996,64.1451400545806,7.62259726636812,0.00458988092621693,2022.63461538462,33,0,39198693,9.59980987121178,2019-08-18,90.3572877903036
"34",34,2979,34,2022,"CA",20.3044484998494,8.81697876091589,60.9588972522806,9.37319142332304,0.00403732848949835,2022.65384615385,34,0,39198693,7.59974318531488,2019-08-25,92.704467577594
"35",35,2940,35,2022,"CA",18.7478093673381,10.3736178934273,59.35796833974,9.32236343824969,0.00306995780020862,2022.67307692308,35,0,39198693,7.50025007211337,2019-09-01,93.1407442942642
"36",36,2626,36,2022,"CA",24.8815069760795,4.23992028468586,62.5527000713009,9.27203113223553,0.00438204236384445,2022.69230769231,36,0,39198693,6.69920295556793,2019-09-08,96.2172473139053
"37",37,2470,37,2022,"CA",19.9767250372454,9.14470222351998,63.511118591387,8.6636965164888,0.0073040955727784,2022.71153846154,37,0,39198693,6.30123050276192,2019-09-15,93.2859593231355
"38",38,2078,38,2022,"CA",17.0027107976961,12.1187164630692,66.3952312292261,8.12338737218072,0.0111966233159866,2022.73076923077,38,0,39198693,5.30119715981347,2019-09-22,97.60682416598
"39",39,1725,39,2022,"CA",18.6411058696066,10.4803213911587,71.4435593738875,6.83816868501079,0.0135022699183703,2022.75,39,0,39198693,4.40065693006652,2019-09-29,95.9785956828683
"40",40,1803,40,2022,"CA",18.0425944137622,11.0788328470032,71.8624868826841,5.87033871722022,0.00943857150203111,2022.76923076923,40,0,39198693,4.59964315646953,2019-10-06,94.5373764969544
"41",41,1686,41,2022,"CA",16.9460867433403,12.175340517425,68.6163968800391,4.17106920041788,0.0149258462945861,2022.78846153846,41,0,39198693,4.30116381686502,2019-10-13,93.8954563529566
"42",42,1921,42,2022,"CA",17.3678856489205,11.7535416118448,67.8358637116717,3.14569674212279,0.0100524695215391,2022.80769230769,42,0,39198693,4.90067360154075,2019-10-20,95.9744229426388
"43",43,1646,43,2022,"CA",14.9176275414534,14.2037997193119,69.127040675554,2.23967002791541,0.0101032790387509,2022.82692307692,43,0,39198693,4.19911959819681,2019-10-27,96.8716099759357
"44",44,1686,44,2022,"CA",12.5625213597348,16.5589059010305,68.8147292319166,1.65863513638146,0.0100692302844553,2022.84615384615,44,0,39198693,4.30116381686502,2019-11-03,102.162570306355
"45",45,2195,45,2022,"CA",10.7197656773913,18.401661583374,68.0407853614386,1.16061868855083,0.018577796288599,2022.86538461538,45,0,39198693,5.59967649941798,2019-11-10,101.53611697302
"46",46,2430,46,2022,"CA",9.95406365606597,19.1673636046994,68.4335897128467,0.819743677266643,0.0185578721549041,2022.88461538462,46,0,39198693,6.19918628409371,2019-11-17,103.161354560531
"47",47,2509,47,2022,"CA",10.544997245035,18.5764300157304,69.9514288813861,0.601953102965983,0.00993896233564045,2022.90384615385,47,0,39198693,6.40072361596342,2019-11-24,113.597771668665
"48",48,3214,48,2022,"CA",9.91389278166212,19.2075344791032,71.9377427908821,0.430721485127258,0.00455512636607551,2022.92307692308,48,0,39198693,8.19925296999061,2019-12-01,119.847641099068
"49",49,3881,49,2022,"CA",8.15167914321105,20.9697481175543,77.1161487462057,0.375335589562664,0.0076403737917146,2022.94230769231,49,0,39198693,9.900840316283,2019-12-08,116.623502799432
"50",50,4508,50,2022,"CA",7.71928330187639,21.4021439588889,82.8594894473494,0.427394744605597,0.00647910207958549,2022.96153846154,50,0,39198693,11.5003834439072,2019-12-15,125.255913641805
"51",51,4194,51,2022,"CA",6.52975347588061,22.5916737848847,84.9166159857983,0.460180734748577,0.0080067635588428,2022.98076923077,51,0,39198693,10.6993363273617,2019-12-22,107.885720402463
"52",52,4116,52,2022,"CA",9.42525364896871,19.6961736117966,84.2169952426332,0.516146476462032,0.00660239700679135,2023,52,0,39198693,10.5003501009587,2019-12-29,108.239079004765
"53",53,4155,53,2022,"CA",12.7126584262657,16.4087688344996,84.4260259968408,0.565707810132865,0.00608308547430395,2023.01923076923,53,0,39198693,10.5998432141602,NA,100
"54",54,3998,2,2023,"CA",11.3700226877223,17.751404573043,79.9377026156801,0.618618865171469,0.00556377394181654,2023.03846153846,54,0,39198693,10.1993196558875,2019-01-13,113.65012239435
"55",55,2744,3,2023,"CA",8.25910140158928,20.8623258591761,75.9510749361394,0.578805934811032,0.00498795542324161,2023.05769230769,55,0,39198693,7.00023340063915,2019-01-20,104.408526367328
"56",56,2470,4,2023,"CA",8.76360662288956,20.3578206378758,75.013231848192,0.540904532471411,0.0041213789109414,2023.07692307692,56,0,39198693,6.30123050276192,2019-01-27,114.213391664182
"57",57,2038,5,2023,"CA",7.23045569874882,21.8909715620165,72.603105381333,0.451375460512944,0.00277227780698368,2023.09615384615,57,0,39198693,5.19915294114526,2019-02-03,115.591561002038
"58",58,2352,6,2023,"CA",9.14689461061196,19.9745326501534,71.6436040681453,0.649063028349227,0.00234898138057817,2023.11538461538,58,0,39198693,6.0002000576907,2019-02-10,115.722701493112
"59",59,2234,7,2023,"CA",7.76130875147364,21.3601185092917,74.1998565168853,0.917904523376225,0.00196840746705508,2023.13461538462,59,0,39198693,5.69916961261948,2019-02-17,104.44527267295
"60",60,2626,8,2023,"CA",7.84811487919004,21.2733123815753,74.5602325884065,1.29147666881466,0.00225583201630387,2023.15384615385,60,0,39198693,6.69920295556793,2019-02-24,117.062380760485
"61",61,2783,9,2023,"CA",6.27317375439484,22.8482535063705,76.2808582451299,1.47339002287381,0.00206900605929216,2023.17307692308,61,0,39198693,7.09972651384065,2019-03-03,113.529297127673
"62",62,2783,10,2023,"CA",7.27505201266424,21.8463752481011,79.3842140448628,1.68667713865282,0.00203624986509966,2023.19230769231,62,0,39198693,7.09972651384065,2019-03-10,96.207014388839
"63",63,2744,11,2023,"CA",10.832009664146,18.2894175966193,78.2176935361855,1.99626048217796,0.00159231499546851,2023.21153846154,63,0,39198693,7.00023340063915,2019-03-17,100.925495769109
"64",64,1882,12,2023,"CA",9.95172457219256,19.1697026885728,77.7259633254479,2.38648165899738,0.00155551955095373,2023.23076923077,64,0,39198693,4.80118048833924,2019-03-24,98.1090311191588
"65",65,1999,13,2023,"CA",7.85995289599169,21.2614743647736,75.2681619144085,2.65528594014119,0.00144921498615612,2023.25,65,0,39198693,5.09965982794375,2019-03-31,102.502451463676
"66",66,1686,14,2023,"CA",8.92966795185379,20.1917593089115,72.5486106258943,2.97044251037976,0.00130782421750643,2023.26923076923,66,0,39198693,4.30116381686502,2019-04-07,92.4753276892694
"67",67,1842,15,2023,"CA",11.7240072509407,17.3974200098247,70.6617205693785,2.97476529179275,0.00120405375080575,2023.28846153846,67,0,39198693,4.69913626967103,2019-04-14,91.5312508156436
"68",68,1921,16,2023,"CA",10.8405291162745,18.2808981444909,69.5364170053019,2.97909749623904,0.0012583667861919,2023.30769230769,68,0,39198693,4.90067360154075,2019-04-21,94.9567745198568
"69",69,1842,17,2023,"CA",15.9760491674769,13.1453780932884,70.2052937828742,2.68203006136821,0.00149835778112975,2023.32692307692,69,0,39198693,4.69913626967103,2019-04-28,97.8153045398286
"70",70,1764,18,2023,"CA",12.0128758486923,17.1085514120731,70.40414892501,2.42623748950311,0.00211330175387905,2023.34615384615,70,0,39198693,4.50015004326802,2019-05-05,97.8490170815359
"71",71,1215,19,2023,"CA",12.5061963559011,16.6152309048642,71.4936172504539,1.99677882129706,0.00518167384243266,2023.36538461538,71,0,39198693,3.09959314204685,2019-05-12,104.151582868778
"72",72,1568,20,2023,"CA",16.9334239666371,12.1880032941282,72.5141468883321,1.66298886771654,0.00474986768889278,2023.38461538462,72,0,39198693,4.0001333717938,2019-05-19,96.2585959982608
"73",73,1568,21,2023,"CA",15.2179411432021,13.9034861175633,70.2697255763365,1.2845917592485,0.004318061535358,2023.40384615385,73,0,39198693,4.0001333717938,2019-05-26,85.327314614412
"74",74,1490,22,2023,"CA",14.7548511741292,14.3665760866361,69.6975290943604,1.0003519677525,0.00388625538182322,2023.42307692308,74,0,39198693,3.80114714539079,2019-06-02,88.1288593858031
"75",75,1254,23,2023,"CA",16.7443158752491,12.3771113855163,68.0632480904875,0.778269868613547,0.00345444922828844,2023.44230769231,75,0,39198693,3.19908625524836,2019-06-09,92.2604368820778
"76",76,1176,24,2023,"CA",16.3126008664991,12.8088263942662,67.1908455644823,0.600571951208226,0.00302264307474856,2023.46153846154,76,0,39198693,3.00010002884535,2019-06-16,88.5388822665714
"77",77,1333,25,2023,"CA",16.1478778292915,12.9735494314738,65.8828391233697,0.497603448023075,0.00259083692121378,2023.48076923077,77,0,39198693,3.40062358711807,2019-06-23,89.3114418777046
"78",78,1333,26,2023,"CA",16.3225957159119,12.7988315448535,65.1302870549103,0.407082565463365,0.002159030767679,2023.5,78,0,39198693,3.40062358711807,2019-06-30,82.0704295002613
"79",79,1215,27,2023,"CA",19.1848853537485,9.93654190701684,64.1545992734909,0.358309005997194,0.00172722461414422,2023.51923076923,79,0,39198693,3.09959314204685,2019-07-07,93.153192761779
"80",80,1254,28,2023,"CA",17.6529833384025,11.4684439223629,62.7895369238475,0.312803434434863,0.00129541846060944,2023.53846153846,80,0,39198693,3.19908625524836,2019-07-14,91.1310310744287
"81",81,1568,29,2023,"CA",20.84966142567,8.27176583509538,62.5912378703194,0.272655483474803,0.000863612307069558,2023.55769230769,81,0,39198693,4.0001333717938,2019-07-21,89.5917600753505
"82",82,1490,30,2023,"CA",20.5467628501327,8.57466441063262,62.4747904544544,0.234890261094189,0.000431806153534779,2023.57692307692,82,0,39198693,3.80114714539079,2019-07-28,93.7271573375823
"83",83,1960,31,2023,"CA",18.6337355635241,10.4876916972412,63.3401972457072,0.187328781186463,0,2023.59615384615,83,0,39198693,5.00016671474225,2019-08-04,90.3132353358683
"84",84,2078,32,2023,"CA",20.1264687398484,8.99495852091693,64.7475935784067,0.223730808654861,0,2023.61538461538,84,0,39198693,5.30119715981347,2019-08-11,95.3632579892983
"85",85,2117,33,2023,"CA",20.8748934362738,8.24653382449156,65.1217248581422,0.246451476824832,0,2023.63461538462,85,0,39198693,5.40069027301497,2019-08-18,90.3572877903036
"86",86,2117,34,2023,"CA",21.3576527842167,7.76377447654863,65.7672599334338,0.270031802619144,0,2023.65384615385,86,0,39198693,5.40069027301497,2019-08-25,92.704467577594
"87",87,2391,35,2023,"CA",20.3455050747485,8.77592218601678,65.627122786399,0.30584168661639,0,2023.67307692308,87,0,39198693,6.0996931708922,2019-09-01,93.1407442942642
"88",88,2430,36,2023,"CA",18.4519560719964,10.6694711887689,66.9237795641026,0.343729556383535,0.00198599862871543,2023.69230769231,88,0,39198693,6.19918628409371,2019-09-08,96.2172473139053
"89",89,2391,37,2023,"CA",19.1933151697767,9.92811209098863,68.1698799863499,0.356889023584853,0.00308107167664846,2023.71153846154,89,0,39198693,6.0996931708922,2019-09-15,93.2859593231355
"90",90,2587,38,2023,"CA",17.4864085713488,11.6350186894165,67.753125097689,0.37030878759944,0.00417850305232763,2023.73076923077,90,0,39198693,6.59970984236643,2019-09-22,97.60682416598
"91",91,2117,39,2023,"CA",17.3572053011294,11.7642219596359,65.5674974246971,0.371460456810945,0.00505332814230848,2023.75,91,0,39198693,5.40069027301497,2019-09-29,95.9785956828683
"92",92,1999,40,2023,"CA",19.4264161476541,9.69501111311127,64.8968610867439,0.372614063480108,0.0124879652580239,2023.76923076923,92,0,39198693,5.09965982794375,2019-10-06,94.5373764969544
"93",93,1803,41,2023,"CA",18.8028745723508,10.3185526884145,65.4697077437422,0.373165590265456,0.0122515855087106,2023.78846153846,93,0,39198693,4.59964315646953,2019-10-13,93.8954563529566
"94",94,1490,42,2023,"CA",18.8969639826714,10.224463278094,62.0045330156382,0.373717560444288,0.0111537709337386,2023.80769230769,94,0,39198693,3.80114714539079,2019-10-20,95.9744229426388
"95",95,1411,43,2023,"CA",15.1560770811354,13.9653501796299,64.2760970877638,0.342905148019278,0.00960218542502799,2023.82692307692,95,0,39198693,3.59960981352108,2019-10-27,96.8716099759357
"96",96,1333,44,2023,"CA",15.0718257381085,14.0496015226569,64.7672535294598,0.313444653713194,0.00800449287449892,2023.84615384615,96,0,39198693,3.40062358711807,2019-11-03,102.162570306355
"97",97,1803,45,2023,"CA",14.6099616535304,14.511465607235,64.5380095232799,0.3479117142852,0.0102374883861962,2023.86538461538,97,0,39198693,4.59964315646953,2019-11-10,101.53611697302
"98",98,1842,46,2023,"CA",14.0526920617677,15.0687351989976,64.886584678852,0.414426049451919,0.0088022839351723,2023.88461538462,98,0,39198693,4.69913626967103,2019-11-17,103.161354560531
"99",99,1686,47,2023,"CA",12.2220887990902,16.8993384616751,70.2880327557995,0.429444707882885,0.00776496979490519,2023.90384615385,99,0,39198693,4.30116381686502,2019-11-24,113.597771668665
"100",100,1764,48,2023,"CA",9.72264766920635,19.398779591559,71.7164056376537,0.444785731484299,0.00699525788372636,2023.92307692308,100,0,39198693,4.50015004326802,2019-12-01,119.847641099068
"101",101,2705,49,2023,"CA",11.5281411440575,17.5932861167078,72.67822777409,0.437524699506519,0.00548429386980198,2023.94230769231,101,0,39198693,6.90074028743765,2019-12-08,116.623502799432
"102",102,2862,50,2023,"CA",9.52762191437333,19.593805346392,78.4585790291688,0.430336285831,0.00499781323399635,2023.96153846154,102,0,39198693,7.30126384571037,2019-12-15,125.255913641805
"103",103,2548,51,2023,"CA",11.9023589856554,17.2190682751099,80.9908417098656,0.45571525250444,0.00453859023543289,2023.98076923077,103,0,39198693,6.50021672916492,2019-12-22,107.885720402463
"104",104,2744,52,2023,"CA",10.6705101801955,18.4509170805698,81.4264513584534,0.696968875531612,0.00407930266076879,2024,104,0,39198693,7.00023340063915,2019-12-29,108.239079004765
"105",105,3332,1,2024,"CA",9.46659698976643,19.6548302709989,84.4211454311522,1.73501625061601,0.00329056315596951,2024.01923076923,105,0,39198693,8.50028341506182,2019-01-06,110.79823879015
"106",106,3449,53,2023,"CA",11.1344143785019,17.9870128822635,83.1923469795173,1.09442826149681,0.00329056315596951,2024.01923076923,106,0,39198693,8.79876275466633,NA,100
"107",107,3175,2,2024,"CA",7.43088668070097,21.6905405800644,85.0990216396973,2.52624795086899,0.00281416546005052,2024.03846153846,107,0,39198693,8.0997598567891,2019-01-13,113.65012239435
"108",108,3018,3,2024,"CA",10.4188900647553,18.70253719601,84.1621308429262,3.96163293793381,0.00235220788709617,2024.05769230769,108,0,39198693,7.69923629851638,2019-01-20,104.408526367328
"109",109,2117,4,2024,"CA",11.907693259597,17.2137340011683,84.8006173879144,4.7292728882393,0.00195804242704565,2024.07692307692,109,0,39198693,5.40069027301497,2019-01-27,114.213391664182
"110",110,2117,5,2024,"CA",11.5786906999274,17.542736560838,84.5476396783571,5.77792002908768,0.00168502106983816,2024.09615384615,110,0,39198693,5.40069027301497,2019-02-03,115.591561002038
"111",111,1921,6,2024,"CA",8.78784703739902,20.3335802233663,83.6693532143594,5.57075197267868,0.00136456185874199,2024.11538461538,111,0,39198693,4.90067360154075,2019-02-10,115.722701493112
"112",112,1490,7,2024,"CA",10.14572939615,18.9756978646153,82.4319294270324,5.37587255259637,0.00139880782596964,2024.13461538462,112,0,39198693,3.80114714539079,2019-02-17,104.44527267295
"113",113,1568,8,2024,"CA",11.3155261953762,17.8059010653891,81.64201584148,3.80653728785809,0.00150546757291565,2024.15384615385,113,0,39198693,4.0001333717938,2019-02-24,117.062380760485
"114",114,1098,9,2024,"CA",10.5918655141901,18.5295617465752,79.6587745093438,2.85715136359593,0.0016311627423727,2024.17307692308,114,0,39198693,2.80111380244234,2019-03-03,113.529297127673
"115",115,823,10,2024,"CA",9.87678861013677,19.2446386506286,76.5966409389782,2.50882297518508,0.00172816360267941,2024.19230769231,115,0,39198693,2.0995597990984,2019-03-10,96.207014388839
"116",116,1137,11,2024,"CA",11.9604091992354,17.1610180615299,76.3952951560065,2.21819676266272,0.00177019031109467,2024.21153846154,116,0,39198693,2.90060691564385,2019-03-17,100.925495769109
"117",117,941,12,2024,"CA",12.3094442000285,16.8119830607368,75.662139721842,1.74872620945591,0.00176879820648816,2024.23076923077,117,0,39198693,2.40059024416962,2019-03-24,98.1090311191588
"118",118,1019,13,2024,"CA",10.4802536968252,18.6411735639401,74.806215650694,1.39879062589228,0.00173284787973777,2024.25,118,0,39198693,2.59957647057263,2019-03-31,102.502451463676
"119",119,941,14,2024,"CA",10.6071125614439,18.5143146993215,77.2684919459681,1.11033360533439,0.00154245898854685,2024.26923076923,119,0,39198693,2.40059024416962,2019-04-07,92.4753276892694
"120",120,862,15,2024,"CA",12.7660724887942,16.3553547719712,75.7850763777011,0.883804224991619,0.00147060864559153,2024.28846153846,120,0,39198693,2.19905291229991,2019-04-14,91.5312508156436
"121",121,784,16,2024,"CA",13.1214149914418,16.0000122693235,72.5584535093319,0.67152904456039,0.00139410507053552,2024.30769230769,121,0,39198693,2.0000666858969,2019-04-21,94.9567745198568
"122",122,823,17,2024,"CA",14.211663492454,14.9097637683114,69.9510584834385,0.502249136264876,0.00132349642494399,2024.32692307692,122,0,39198693,2.0995597990984,2019-04-28,97.8153045398286
"123",123,823,18,2024,"CA",14.488485392058,14.6329418687074,66.8660168474553,0.404906907274427,0.00126933087038212,2024.34615384615,123,0,39198693,2.0995597990984,2019-05-05,97.8490170815359
"124",124,941,19,2024,"CA",15.2383904917242,13.8830367690411,64.0375766660244,0.31941209100531,0.00148785842468819,2024.36538461538,124,0,39198693,2.40059024416962,2019-05-12,104.151582868778
"125",125,1019,20,2024,"CA",15.6222571021099,13.4991701586554,62.5416225697838,0.242925525423665,0.00146169075151525,2024.38461538462,125,0,39198693,2.59957647057263,2019-05-19,96.2585959982608
"126",126,1098,21,2024,"CA",15.809003833479,13.3124234272863,61.5626396755964,0.266329487603016,0.00141877837721041,2024.40384615385,126,0,39198693,2.80111380244234,2019-05-26,85.327314614412
"127",127,1490,22,2024,"CA",17.3169695393463,11.8044577214191,61.4490649404994,0.323384361861728,0.00133167244658617,2024.42307692308,127,0,39198693,3.80114714539079,2019-06-02,88.1288593858031
"128",128,1411,23,2024,"CA",19.5034818797462,9.61794538101909,58.2180844592785,0.385823056537665,0.00180284805382012,2024.44230769231,128,0,39198693,3.59960981352108,2019-06-09,92.2604368820778
"129",129,1764,24,2024,"CA",18.4451674120873,10.6762598486781,57.2021295135875,0.410018160568132,0.00144065019205194,2024.46153846154,129,0,39198693,4.50015004326802,2019-06-16,88.5388822665714
"130",130,1921,25,2024,"CA",18.1454044362898,10.9760228244755,55.5880080287244,0.435073122180058,0.000986512978697895,2024.48076923077,130,0,39198693,4.90067360154075,2019-06-23,89.3114418777046
"131",131,2391,26,2024,"CA",19.8731025372932,9.24832472347213,54.8062298942953,0.452746640333935,0.000469988775430028,2024.5,131,0,39198693,6.0996931708922,2019-06-30,82.0704295002613
"132",132,3057,27,2024,"CA",23.7817386906475,5.33968857011785,56.6323694667085,0.470860899748142,0,2024.51923076923,132,0,39198693,7.79872941171789,2019-07-07,93.153192761779
"133",133,2901,28,2024,"CA",21.9922988463295,7.12912841443588,56.5394435841317,0.387575862176876,0,2024.53846153846,133,0,39198693,7.40075695891187,2019-07-14,91.1310310744287
"134",134,2470,29,2024,"CA",19.8975406928532,9.22388656791211,59.3509221007253,0.313217138816759,0,2024.55769230769,134,0,39198693,6.30123050276192,2019-07-21,89.5917600753505
"135",135,2862,30,2024,"CA",21.5347915280611,7.58663573270424,61.5378531879713,0.282771037253966,0,2024.57692307692,135,0,39198693,7.30126384571037,2019-07-28,93.7271573375823
"136",136,3175,31,2024,"CA",19.1905832615891,9.93084399917628,61.8559543823832,0.253704693762266,0,2024.59615384615,136,0,39198693,8.0997598567891,2019-08-04,90.3132353358683
"137",137,2744,32,2024,"CA",19.9529845708969,9.16844268986843,63.0498750197136,0.240012306466644,0.000564325132392833,2024.61538461538,137,0,39198693,7.00023340063915,2019-08-11,95.3632579892983
"138",138,2783,33,2024,"CA",19.5121209847003,9.60930627606501,62.5903915625888,0.282907639810863,0.00105996739355492,2024.63461538462,138,0,39198693,7.09972651384065,2019-08-18,90.3572877903036
"139",139,2548,34,2024,"CA",18.6000517092103,10.5213755515551,61.2904228711254,0.367249894900181,0.00159421596759581,2024.65384615385,139,0,39198693,6.50021672916492,2019-08-25,92.704467577594
"140",140,2078,35,2024,"CA",20.3999759431254,8.72145131763997,61.0473117979368,0.463462367641753,0.00208126158645643,2024.67307692308,140,0,39198693,5.30119715981347,2019-09-01,93.1407442942642
"141",141,1646,36,2024,"CA",20.8566261909366,8.26480106982872,62.9269507805622,0.56691998696196,0.0105348587574714,2024.69230769231,141,0,39198693,4.19911959819681,2019-09-08,96.2172473139053
"142",142,1764,37,2024,"CA",19.0122872524373,10.109140008328,64.0788765793383,0.686117961613447,0.0113020813773564,2024.71153846154,142,0,39198693,4.50015004326802,2019-09-15,93.2859593231355
"143",143,1254,38,2024,"CA",16.7176868684273,12.4037403923381,62.5839417893732,0.832050612299097,0.0114212200456802,2024.73076923077,143,0,39198693,3.19908625524836,2019-09-22,97.60682416598
"144",144,1351,1,2022,"CO",-7.80683131178287,34.9370905295757,50.9217912399741,0.600030708902375,0.0163120042191555,2022.01923076923,1,0,5901339,22.8931095129427,2019-01-06,109.606353346508
"145",145,1989,2,2022,"CO",-2.45860411602946,29.5888633338223,55.8131968762281,1.11332075291546,0.0199517431552398,2022.03846153846,2,0,5901339,33.7042152636885,2019-01-13,117.967665410582
"146",146,1853,3,2022,"CO",-2.22092961146973,29.3511888292626,57.4151640954038,1.74943342931727,0.0221960360747507,2022.05769230769,3,0,5901339,31.3996535362568,2019-01-20,115.64947685871
"147",147,1558,4,2022,"CO",-4.25605990146787,31.3863191192607,56.9933308758686,2.93338949151216,0.0180538687914726,2022.07692307692,4,0,5901339,26.4007880245483,2019-01-27,104.149394810753
"148",148,1174,5,2022,"CO",-7.17117852433934,34.3014377421322,56.745756107161,3.44372294802273,0.0146758783613911,2022.09615384615,5,0,5901339,19.8937902059177,2019-02-03,117.220836924663
"149",149,690,6,2022,"CO",-5.2785342384758,32.4087934562686,55.7229178488113,4.10622466247064,0.0137154183708703,2022.11538461538,6,0,5901339,11.692261705352,2019-02-10,116.900037245545
"150",150,472,7,2022,"CO",-2.4402063760174,29.5704655938102,53.1471252326465,4.47137487354723,0.0116584275760693,2022.13461538462,7,0,5901339,7.99818481873351,2019-02-17,117.807903559586
"151",151,289,8,2022,"CO",-6.64770049270459,33.7779597104974,52.0095810468109,4.89277169201893,0.00999134829118159,2022.15384615385,8,0,5901339,4.89719367079234,2019-02-24,116.031783988878
"152",152,201,9,2022,"CO",-1.13544415808643,28.2657033758793,51.4393289146511,4.0976387149388,0.00643893416957292,2022.17307692308,9,0,5901339,3.40600667068948,2019-03-03,115.45789359724
"153",153,142,10,2022,"CO",-4.78513678181984,31.9153959996127,52.8187711773706,3.49157435726095,0.0054955324545836,2022.19230769231,10,0,5901339,2.40623356834779,2019-03-10,112.885003775163
"154",154,118,11,2022,"CO",-0.369256464222554,27.4995156820154,52.6890660788511,2.57222282786438,0.00485929266787305,2022.21153846154,11,0,5901339,1.99954620468338,2019-03-17,107.634500091642
"155",155,94,12,2022,"CO",-0.609305442564464,27.7395646603573,52.0691985928181,1.96527891679722,0.00428332168908332,2022.23076923077,12,0,5901339,1.59285884101896,2019-03-24,105.732597609262
"156",156,65,13,2022,"CO",6.19731602753782,20.932943190255,47.8796078439724,1.01949010968746,0.00608726256871533,2022.25,13,0,5901339,1.10144494325779,2019-03-31,90.7666824443571
"157",157,71,14,2022,"CO",5.15774993569442,21.9725092820984,42.4458791962156,1.26077868316761,0.00864634280457366,2022.26923076923,14,0,5901339,1.2031167841739,2019-04-07,100.880345659229
"158",158,65,15,2022,"CO",5.28520116281625,21.8450580549766,38.2534219638357,1.81834381050397,0.0112838233266495,2022.28846153846,15,1,5901339,1.10144494325779,2019-04-14,89.2162957072659
"159",159,130,16,2022,"CO",9.4889287502726,17.6413304675202,36.9722199188632,2.74095872288609,0.0113594558794199,2022.30769230769,16,1,5901339,2.20288988651559,2019-04-21,77.1039284048355
"160",160,136,17,2022,"CO",10.5864996924635,16.5437595253293,38.1796757892878,2.3639128597984,0.0103038197489304,2022.32692307692,17,1,5901339,2.30456172743169,2019-04-28,89.493129383509
"161",161,159,18,2022,"CO",8.27090628860929,18.8593529291835,36.6239055243342,2.05591188478867,0.0091935067617705,2022.34615384615,18,1,5901339,2.69430378427675,2019-05-05,98.712286761281
"162",162,218,19,2022,"CO",15.5278823090288,11.602376908764,41.1322436496375,1.33047824369186,0.00838250437739637,2022.36538461538,19,0,5901339,3.69407688661844,2019-05-12,89.6153870418727
"163",163,248,20,2022,"CO",17.1603640397211,9.96989517807174,43.5192439719797,0.934945294125312,0.00858951954237277,2022.38461538462,20,0,5901339,4.20243609119896,2019-05-19,88.0228017471434
"164",164,277,21,2022,"CO",6.83433466875919,20.2959245490336,44.2193000393071,1.12342164545909,0.00822886692890093,2022.40384615385,21,0,5901339,4.69384998896013,2019-05-26,78.911701210101
"165",165,325,22,2022,"CO",13.7999668494355,13.3302923683573,46.0047099331408,1.35257817625866,0.00953455930368796,2022.42307692308,22,0,5901339,5.50722471628896,2019-06-02,75.8981251612807
"166",166,413,23,2022,"CO",17.4815475334961,9.64871168429673,42.1611551477264,1.3729696816256,0.00896841660285345,2022.44230769231,23,0,5901339,6.99841171639182,2019-06-09,75.9935627118648
"167",167,543,24,2022,"CO",22.5282496963596,4.60200952143318,39.884957025876,1.39371777379266,0.00917944215711044,2022.46153846154,24,1,5901339,9.20130160290741,2019-06-16,90.8745589963681
"168",168,425,25,2022,"CO",22.3956081094067,4.73465110838613,37.9915761309987,0.966774920736397,0.00617317527428943,2022.48076923077,25,1,5901339,7.20175539822403,2019-06-23,77.1927189790124
"169",169,431,26,2022,"CO",20.2558949376135,6.87436428017928,38.027832118057,0.669078527208628,0.00581551633168901,2022.5,26,1,5901339,7.30342723914013,2019-06-30,72.4450216980074
"170",170,389,27,2022,"CO",22.067456914117,5.06280230367581,40.9099018267081,0.979546697665833,0.00525479612903669,2022.51923076923,27,0,5901339,6.59172435272741,2019-07-07,81.8110764570023
"171",171,472,28,2022,"CO",23.9025703078673,3.2276889099255,43.2925676911388,1.56674663965067,0.00683313849054708,2022.53846153846,28,0,5901339,7.99818481873351,2019-07-14,80.920823972011
"172",172,384,29,2022,"CO",24.8581276921374,2.27213152565541,45.0425753662482,2.3896697119828,0.00716436275450932,2022.55769230769,29,0,5901339,6.50699781863065,2019-07-21,84.1010133520615
"173",173,401,30,2022,"CO",22.5269511033498,4.60330811444299,45.5300296127941,3.98927959560501,0.0075407180189671,2022.57692307692,30,0,5901339,6.79506803455961,2019-07-28,81.7323769428002
"174",174,342,31,2022,"CO",22.8450446489167,4.28521456887608,47.5723388868951,4.61987245998148,0.00707833708022308,2022.59615384615,31,0,5901339,5.79529493221793,2019-08-04,88.7814431908018
"175",175,330,32,2022,"CO",23.7157828084199,3.41447640937292,50.909382872276,5.43292732960074,0.00611968458909635,2022.61538461538,32,0,5901339,5.59195125038572,2019-08-11,87.3267445901489
"176",176,295,33,2022,"CO",21.5139055038051,5.61635371398773,48.2824899220576,6.03887251946605,0.00506246689663706,2022.63461538462,33,0,5901339,4.99886551170844,2019-08-18,89.8937011546619
"177",177,254,34,2022,"CO",19.3006599366249,7.82959928116793,45.200657701309,6.77084163194375,0.00423994170362578,2022.65384615385,34,0,5901339,4.30410793211507,2019-08-25,87.8095283974021
"178",178,260,35,2022,"CO",21.1824830807471,5.9477761370457,44.3761205201796,7.46762362990244,0.00344836993773785,2022.67307692308,35,0,5901339,4.40577977303117,2019-09-01,89.7032330319836
"179",179,224,36,2022,"CO",23.6738974242823,3.45636179351056,41.720307811504,8.30166914493607,0.00465329422130581,2022.69230769231,36,0,5901339,3.79574872753455,2019-09-08,86.041514816447
"180",180,189,37,2022,"CO",16.4417204160095,10.6885388017833,41.2464168486708,8.12959317049707,0.00839238913970766,2022.71153846154,37,0,5901339,3.20266298885727,2019-09-15,89.4111352596759
"181",181,224,38,2022,"CO",17.5346395283066,9.59561968948626,45.6379651455866,7.96376818563104,0.0129522017517267,2022.73076923077,38,0,5901339,3.79574872753455,2019-09-22,87.4822051256167
"182",182,195,39,2022,"CO",16.3749587026292,10.7553005151636,49.5677287401143,6.82468308972362,0.0166481426220953,2022.75,39,0,5901339,3.30433482977338,2019-09-29,89.67094476732
"183",183,195,40,2022,"CO",13.7859725914221,13.3442866263707,48.569052297053,5.94245906455737,0.0178925494705524,2022.76923076923,40,0,5901339,3.30433482977338,2019-10-06,99.7913702657842
"184",184,183,41,2022,"CO",11.0465857215448,16.083673496248,45.2740760873849,4.3648815988721,0.0186081497775335,2022.78846153846,41,0,5901339,3.10099114794117,2019-10-13,98.4591433844062
"185",185,189,42,2022,"CO",10.5005361820441,16.6297230357487,43.684404445076,3.37151539833902,0.0194310138766812,2022.80769230769,42,0,5901339,3.20266298885727,2019-10-20,108.752536329628
"186",186,207,43,2022,"CO",8.82609459316298,18.3041646246298,39.9111117451748,2.62290526830413,0.0202463655564723,2022.82692307692,43,1,5901339,3.50767851160559,2019-10-27,112.345541052523
"187",187,230,44,2022,"CO",6.56566881917914,20.5645903986137,39.8824889039989,2.09320271140792,0.0201929878399913,2022.84615384615,44,1,5901339,3.89742056845065,2019-11-03,112.986294202636
"188",188,401,45,2022,"CO",5.01921416295904,22.1110450548338,43.2414898888042,1.4724568944841,0.0189031675692584,2022.86538461538,45,0,5901339,6.79506803455961,2019-11-10,117.253734427179
"189",189,519,46,2022,"CO",-2.67684265459648,29.8071018723893,45.1276541474722,1.05921280586318,0.0166344734079277,2022.88461538462,46,0,5901339,8.79461423924299,2019-11-17,124.012868722579
"190",190,472,47,2022,"CO",-3.66942193975506,30.7996811575479,47.2488264428604,0.815913576528442,0.0134779581379751,2022.90384615385,47,0,5901339,7.99818481873351,2019-11-24,119.022058486704
"191",191,525,48,2022,"CO",-1.1160819353344,28.2463411531272,47.9574019525196,0.624031681036036,0.0110117381834868,2022.92307692308,48,0,5901339,8.8962860801591,2019-12-01,125.842260285362
"192",192,561,49,2022,"CO",1.17238569366026,25.9578735241326,48.759906176833,0.547305094648786,0.00950948024959532,2022.94230769231,49,0,5901339,9.50631712565572,2019-12-08,128.216090026584
"193",193,472,50,2022,"CO",-2.44448558358746,29.5747448013803,51.9963757530269,0.47750126638819,0.00803405238483446,2022.96153846154,50,0,5901339,7.99818481873351,2019-12-15,122.963440955157
"194",194,401,51,2022,"CO",-9.71739666195909,36.8476558797519,57.9203731747265,0.505477475614093,0.00468023725914858,2022.98076923077,51,0,5901339,6.79506803455961,2019-12-22,119.529686631349
"195",195,342,52,2022,"CO",-4.3791799695322,31.509439187325,64.653396440669,0.655233433055168,0.00148949246942092,2023,52,0,5901339,5.79529493221793,2019-12-29,133.969241047518
"196",196,325,53,2022,"CO",-7.60957076640169,34.7398299841945,67.7310951925733,0.65374632989503,0.0024807646761749,2023.01923076923,53,0,5901339,5.50722471628896,NA,100
"197",197,342,2,2023,"CO",-4.12835669286598,31.2586159106588,74.2034426580244,0.652261896437791,0.00347203688292888,2023.03846153846,54,0,5901339,5.79529493221793,2019-01-13,117.967665410582
"198",198,195,3,2023,"CO",-4.27140090836976,31.4016601261626,73.782010271171,0.538708200155781,0.0045005605225074,2023.05769230769,55,0,5901339,3.30433482977338,2019-01-20,115.64947685871
"199",199,195,4,2023,"CO",-8.84458425100156,35.9748434687944,71.8510569756734,0.451348654667205,0.0038672579223122,2023.07692307692,56,0,5901339,3.30433482977338,2019-01-27,104.149394810753
"200",200,201,5,2023,"CO",-11.5723915305787,38.7026507483715,68.7919539950165,0.783000088314597,0.00325039226973177,2023.09615384615,57,0,5901339,3.40600667068948,2019-02-03,117.220836924663
"201",201,224,6,2023,"CO",-4.9807098053918,32.1109690231846,63.6494660581175,1.31112012325081,0.00298661032691055,2023.11538461538,58,0,5901339,3.79574872753455,2019-02-10,116.900037245545
"202",202,230,7,2023,"CO",-4.24154773193012,31.3718069497229,58.0577770279347,1.80522145364012,0.00247610471679958,2023.13461538462,59,0,5901339,3.89742056845065,2019-02-17,117.807903559586
"203",203,283,8,2023,"CO",-4.07345365196691,31.2037128697597,54.5033033182207,2.56804441272323,0.00216555372715694,2023.15384615385,60,0,5901339,4.79552182987624,2019-02-24,116.031783988878
"204",204,313,9,2023,"CO",-0.763981545239337,27.8942407630322,52.6110010582253,3.50453951966338,0.0020423048622242,2023.17307692308,61,0,5901339,5.30388103445676,2019-03-03,115.45789359724
"205",205,283,10,2023,"CO",-0.0403526478579153,27.1706118656507,50.4579213742823,5.10757967928066,0.00197525793157564,2023.19230769231,62,0,5901339,4.79552182987624,2019-03-10,112.885003775163
"206",206,218,11,2023,"CO",2.00101141855301,25.1292477992398,49.0375905221475,5.55840736383525,0.00193351599244397,2023.21153846154,63,0,5901339,3.69407688661844,2019-03-17,107.634500091642
"207",207,242,12,2023,"CO",0.286655053299195,26.8436041644936,46.5364121538848,6.08109451875386,0.00181179220512497,2023.23076923077,64,0,5901339,4.10076425028286,2019-03-24,105.732597609262
"208",208,236,13,2023,"CO",-0.325612286481121,27.4558715042739,42.4538367342541,5.11148090856154,0.00178829471300213,2023.25,65,0,5901339,3.99909240936676,2019-03-31,90.7666824443571
"209",209,177,14,2023,"CO",2.67638070626576,24.4538785115271,40.6628227728393,4.37542453035727,0.00170616645928435,2023.26923076923,66,0,5901339,2.99931930702507,2019-04-07,100.880345659229
"210",210,159,15,2023,"CO",11.182605295168,15.9476539226248,41.1691931431929,4.689020064753,0.00160794016408818,2023.28846153846,67,0,5901339,2.69430378427675,2019-04-14,89.2162957072659
"211",211,159,16,2023,"CO",5.51822204889161,21.6120371689012,43.3034646667353,5.04147197271308,0.0010131034103729,2023.30769230769,68,0,5901339,2.69430378427675,2019-04-21,77.1039284048355
"212",212,153,17,2023,"CO",5.05574129874502,22.0745179190478,45.8310296081053,3.89361647514809,0.00177699784178923,2023.32692307692,69,0,5901339,2.59263194336065,2019-04-28,89.493129383509
"213",213,124,18,2023,"CO",11.684611984592,15.4456472332009,54.1798150060555,3.11229658157032,0.00215363552802733,2023.34615384615,70,0,5901339,2.10121804559948,2019-05-05,98.712286761281
"214",214,136,19,2023,"CO",11.8788573552076,15.2514018625852,59.4339509452932,2.43797558570807,0.00444747958750308,2023.36538461538,71,0,5901339,2.30456172743169,2019-05-12,89.6153870418727
"215",215,89,20,2023,"CO",11.4350273618476,15.6952318559452,60.4447715074024,1.95364628987402,0.00407685628854121,2023.38461538462,72,0,5901339,1.50813230692221,2019-05-19,88.0228017471434
"216",216,89,21,2023,"CO",14.2533364647261,12.8769227530667,66.6113086078423,1.38851891311189,0.00370623298958371,2023.40384615385,73,0,5901339,1.50813230692221,2019-05-26,78.911701210101
"217",217,89,22,2023,"CO",15.817141268137,11.3131179496558,66.4156686366103,1.00491440893131,0.00333560969062622,2023.42307692308,74,0,5901339,1.50813230692221,2019-06-02,75.8981251612807
"218",218,59,23,2023,"CO",14.1444454653207,12.9858137524721,64.4527443964247,0.867387841371358,0.00296498639166872,2023.44230769231,75,0,5901339,0.999773102341689,2019-06-09,75.9935627118648
"219",219,65,24,2023,"CO",13.8434601845497,13.2867990332431,62.7449536960702,0.747517355815398,0.00259436309270684,2023.46153846154,76,0,5901339,1.10144494325779,2019-06-16,90.8745589963681
"220",220,41,25,2023,"CO",17.8235662092269,9.30669300856598,60.8024079296245,0.529926423678655,0.00222373979374935,2023.48076923077,77,0,5901339,0.694757579593377,2019-06-23,77.1927189790124
"221",221,83,26,2023,"CO",19.5236410804215,7.60661813737134,59.272232413233,0.360521959471856,0.00185311649479186,2023.5,78,0,5901339,1.4064604660061,2019-06-30,72.4450216980074
"222",222,71,27,2023,"CO",18.1007444734184,9.02951474437442,55.3741725601497,0.243452579106699,0.00148249319583436,2023.51923076923,79,0,5901339,1.2031167841739,2019-07-07,81.8110764570023
"223",223,53,28,2023,"CO",20.8985020379956,6.23175717979723,54.4232206016125,0.153716709461726,0.00111186989687687,2023.53846153846,80,0,5901339,0.898101261425585,2019-07-14,80.920823972011
"224",224,65,29,2023,"CO",21.5109097810034,5.61934943678942,53.8119535548809,0.176467894689002,0.000741246597914989,2023.55769230769,81,0,5901339,1.10144494325779,2019-07-21,84.1010133520615
"225",225,71,30,2023,"CO",23.5225960882004,3.60766312959246,52.7353743445664,0.209788023198686,0.000370623298957495,2023.57692307692,82,0,5901339,1.2031167841739,2019-07-28,81.7323769428002
"226",226,53,31,2023,"CO",21.8622739158635,5.26798530192934,52.0957477477933,0.243557603351722,0,2023.59615384615,83,0,5901339,0.898101261425585,2019-08-04,88.7814431908018
"227",227,100,32,2023,"CO",19.1136795129262,8.01657970486663,49.1467502204419,0.284793543813686,0,2023.61538461538,84,0,5901339,1.69453068193507,2019-08-11,87.3267445901489
"228",228,112,33,2023,"CO",21.1489646761503,5.98129454164254,50.1377902594327,0.294303666581732,0,2023.63461538462,85,0,5901339,1.89787436376727,2019-08-18,89.8937011546619
"229",229,118,34,2023,"CO",24.0712080485282,3.05905116926465,44.7620651714085,0.303955628306625,0,2023.65384615385,86,0,5901339,1.99954620468338,2019-08-25,87.8095283974021
"230",230,171,35,2023,"CO",19.9921964215506,7.13806279624222,44.4864276318522,0.299431669581482,0,2023.67307692308,87,0,5901339,2.89764746610896,2019-09-01,89.7032330319836
"231",231,177,36,2023,"CO",21.3122633475987,5.81799587019415,47.5961872020807,0.294938993274114,0.00236535187494689,2023.69230769231,88,0,5901339,2.99931930702507,2019-09-08,86.041514816447
"232",232,201,37,2023,"CO",15.6321454178548,11.498113799938,44.3991830429578,0.293607592809,0.00380168700389495,2023.71153846154,89,0,5901339,3.40600667068948,2019-09-15,89.4111352596759
"233",233,230,38,2023,"CO",15.9209557426131,11.2093034751797,43.4864828820625,0.292278927309071,0.00524420053614374,2023.73076923077,90,0,5901339,3.89742056845065,2019-09-22,87.4822051256167
"234",234,218,39,2023,"CO",16.7946048609711,10.3356543568217,43.901249797712,0.301389848157367,0.00638460558501443,2023.75,91,0,5901339,3.69407688661844,2019-09-29,89.67094476732
"235",235,295,40,2023,"CO",14.7789008080869,12.3513584097059,40.9221005497727,0.310630150159628,0.0175364973649214,2023.76923076923,92,0,5901339,4.99886551170844,2019-10-06,99.7913702657842
"236",236,301,41,2023,"CO",11.5062925383567,15.6239666794362,40.9028921819985,0.2789671183251,0.017047833990694,2023.78846153846,93,0,5901339,5.10053735262455,2019-10-13,98.4591433844062
"237",237,360,42,2023,"CO",11.3987017061605,15.7315575116323,45.459300072389,0.248797869813624,0.0152714271833821,2023.80769230769,94,0,5901339,6.10031045496624,2019-10-20,108.752536329628
"238",238,366,43,2023,"CO",11.7879451326626,15.3423140851302,45.7975044986282,0.236842321092687,0.0128435931926881,2023.82692307692,95,0,5901339,6.20198229588234,2019-10-27,112.345541052523
"239",239,384,44,2023,"CO",-0.906144987459346,28.0364042052522,44.6610561017507,0.267580832500968,0.0104006482683144,2023.84615384615,96,0,5901339,6.50699781863065,2019-11-03,112.986294202636
"240",240,366,45,2023,"CO",6.33768096437769,20.7925782534151,47.9252709309967,0.308554100166101,0.0135134427120697,2023.86538461538,97,0,5901339,6.20198229588234,2019-11-10,117.253734427179
"241",241,319,46,2023,"CO",5.63760655516817,21.4926526626247,47.4408349832226,0.352264687755368,0.0113117400528852,2023.88461538462,98,0,5901339,5.40555287537286,2019-11-17,124.012868722579
"242",242,342,47,2023,"CO",2.93684150330529,24.1934177144875,48.2732415029685,0.385131167083063,0.00960950058413862,2023.90384615385,99,0,5901339,5.79529493221793,2019-11-24,119.022058486704
"243",243,348,48,2023,"CO",-4.12053531785915,31.250794535652,52.5484913192396,0.419635067860171,0.00806531665090641,2023.92307692308,100,0,5901339,5.89696677313403,2019-12-01,125.842260285362
"244",244,389,49,2023,"CO",0.684221158623132,26.4460380591697,55.5886330808989,0.401693289194669,0.00861368565549574,2023.94230769231,101,0,5901339,6.59172435272741,2019-12-08,128.216090026584
"245",245,313,50,2023,"CO",-2.45189171294859,29.5821509307414,56.3238340424099,0.384199357783329,0.00603882455353181,2023.96153846154,102,0,5901339,5.30388103445676,2019-12-15,122.963440955157
"246",246,260,51,2023,"CO",1.16689062775885,25.963368590034,57.9333581603245,0.31224269489858,0.0035092785089168,2023.98076923077,103,0,5901339,4.40577977303117,2019-12-22,119.529686631349
"247",247,301,52,2023,"CO",-3.37158774031845,30.5018469581113,57.3842907132514,0.547705728997422,0.00133821128205566,2024,104,0,5901339,5.10053735262455,2019-12-29,133.969241047518
"248",248,348,1,2024,"CO",-3.07093942186286,30.2011986396557,56.6465602795796,1.20363031500593,0,2024.01923076923,105,0,5901339,5.89696677313403,2019-01-06,109.606353346508
"249",249,336,53,2023,"CO",-2.26328563618732,29.3935448539802,55.2136031377327,0.818323510941652,0,2024.01923076923,106,0,5901339,5.69362309130182,NA,100
"250",250,301,2,2024,"CO",-8.28387310770865,35.4141323255015,58.5838067722465,1.6534786820556,0,2024.03846153846,107,0,5901339,5.10053735262455,2019-01-13,117.967665410582
"251",251,236,3,2024,"CO",-11.8517972700015,38.9820564877944,59.5979065173462,2.33410095297979,0,2024.05769230769,108,0,5901339,3.99909240936676,2019-01-20,115.64947685871
"252",252,218,4,2024,"CO",-0.70673354720839,27.8369927650012,61.9338365338471,2.99166227503025,0,2024.07692307692,109,0,5901339,3.69407688661844,2019-01-27,104.149394810753
"253",253,218,5,2024,"CO",2.20740917953973,24.9228500382531,63.4655997956551,3.97231755560851,0,2024.09615384615,110,0,5901339,3.69407688661844,2019-02-03,117.220836924663
"254",254,177,6,2024,"CO",-1.64502556581902,28.7752847836119,61.2644878164622,3.43934296876479,0,2024.11538461538,111,0,5901339,2.99931930702507,2019-02-10,116.900037245545
"255",255,153,7,2024,"CO",-3.81587926943336,30.9461384872262,57.1671242442042,3.00956432606752,0,2024.13461538462,112,0,5901339,2.59263194336065,2019-02-17,117.807903559586
"256",256,165,8,2024,"CO",0.363565602594074,26.7666936151988,53.216841400216,2.65076012277555,0,2024.15384615385,113,0,5901339,2.79597562519286,2019-02-24,116.031783988878
"257",257,148,9,2024,"CO",2.79318750803734,24.3370717097555,51.050362562277,2.35089804189597,0,2024.17307692308,114,0,5901339,2.5079054092639,2019-03-03,115.45789359724
"258",258,124,10,2024,"CO",0.811775382814808,26.318483834978,52.5339968190328,2.00397672194208,0,2024.19230769231,115,0,5901339,2.10121804559948,2019-03-10,112.885003775163
"259",259,106,11,2024,"CO",1.9574786133314,25.1727806044614,54.9725849206924,1.72215020000902,0,2024.21153846154,116,0,5901339,1.79620252285117,2019-03-17,107.634500091642
"260",260,94,12,2024,"CO",2.72587139836532,24.4043878194275,56.5331781637652,1.64667083715328,0,2024.23076923077,117,0,5901339,1.59285884101896,2019-03-24,105.732597609262
"261",261,83,13,2024,"CO",0.995300932330139,26.1349582854627,53.0756488273857,1.57526430387635,0,2024.25,118,0,5901339,1.4064604660061,2019-03-31,90.7666824443571
"262",262,100,14,2024,"CO",7.49421092532556,19.6360482924673,47.5342694988051,1.22544301772926,0,2024.26923076923,119,0,5901339,1.69453068193507,2019-04-07,100.880345659229
"263",263,71,15,2024,"CO",6.88442483753366,20.2458343802592,47.5595945117489,0.959294450533707,0,2024.28846153846,120,0,5901339,1.2031167841739,2019-04-14,89.2162957072659
"264",264,59,16,2024,"CO",7.92687935967646,19.2033798581164,48.5173568174874,0.669789556923009,0,2024.30769230769,121,0,5901339,0.999773102341689,2019-04-21,77.1039284048355
"265",265,59,17,2024,"CO",9.3269702248295,17.8032889929633,49.7811465454712,0.454824958463838,0,2024.32692307692,122,0,5901339,0.999773102341689,2019-04-28,89.493129383509
"266",266,41,18,2024,"CO",8.33844848636769,18.7918107314251,54.3282634237611,0.355067399287746,0,2024.34615384615,123,0,5901339,0.694757579593377,2019-05-05,98.712286761281
"267",267,65,19,2024,"CO",8.76047984660823,18.3697793711846,53.2651573916061,0.26811272513043,0,2024.36538461538,124,0,5901339,1.10144494325779,2019-05-12,89.6153870418727
"268",268,94,20,2024,"CO",12.6458241409484,14.4844350768445,49.7043773369041,0.210311254545011,0,2024.38461538462,125,0,5901339,1.59285884101896,2019-05-19,88.0228017471434
"269",269,100,21,2024,"CO",12.9195701014966,14.2106891162962,48.3515096636716,0.271424442348461,0,2024.40384615385,126,0,5901339,1.69453068193507,2019-05-26,78.911701210101
"270",270,112,22,2024,"CO",15.6234652131666,11.5067940046262,45.7670732134701,0.282414102574552,0,2024.42307692308,127,0,5901339,1.89787436376727,2019-06-02,75.8981251612807
"271",271,94,23,2024,"CO",20.9126015084544,6.21765770933847,42.8478236419941,0.293595399263866,0,2024.44230769231,128,0,5901339,1.59285884101896,2019-06-09,75.9935627118648
"272",272,124,24,2024,"CO",21.2278068140107,5.90245240378211,41.086783507585,0.371650776951327,0,2024.46153846154,129,0,5901339,2.10121804559948,2019-06-16,90.8745589963681
"273",273,100,25,2024,"CO",20.5742720074122,6.55598721038058,40.7660262602087,0.459730739395827,0,2024.48076923077,130,0,5901339,1.69453068193507,2019-06-23,77.1927189790124
"274",274,136,26,2024,"CO",24.2370991527694,2.89316006502342,38.8736709067222,0.424525056346747,0,2024.5,131,1,5901339,2.30456172743169,2019-06-30,72.4450216980074
"275",275,142,27,2024,"CO",21.2594111111499,5.87084810664291,37.345777223974,0.390977557686438,0,2024.51923076923,132,1,5901339,2.40623356834779,2019-07-07,81.8110764570023
"276",276,201,28,2024,"CO",22.4548863831788,4.67537283461406,39.0412605500193,0.401060431341844,0,2024.53846153846,133,1,5901339,3.40600667068948,2019-07-14,80.920823972011
"277",277,195,29,2024,"CO",23.0151402543709,4.11511896342197,36.5512643610666,0.411290549160512,0,2024.55769230769,134,1,5901339,3.30433482977338,2019-07-21,84.1010133520615
"278",278,254,30,2024,"CO",21.866419306952,5.26383991084084,37.2287567569346,0.380147114532638,0,2024.57692307692,135,1,5901339,4.30410793211507,2019-07-28,81.7323769428002
"279",279,236,31,2024,"CO",25.2433291623256,1.88693005546727,43.7385538412105,0.350348508897038,0,2024.59615384615,136,0,5901339,3.99909240936676,2019-08-04,88.7814431908018
"280",280,248,32,2024,"CO",22.1001963290912,5.03006288870159,43.1302466781029,0.345104294199393,0.000687077760799619,2024.61538461538,137,0,5901339,4.20243609119896,2019-08-11,87.3267445901489
"281",281,236,33,2024,"CO",21.2196047140603,5.91065450373256,44.7951645828096,0.431615817525562,0.0012669943091162,2024.63461538462,138,0,5901339,3.99909240936676,2019-08-18,89.8937011546619
"282",282,224,34,2024,"CO",23.0853369268583,4.04492229093451,45.1655586463566,0.455006611600387,0.00191225777691384,2024.65384615385,139,0,5901339,3.79574872753455,2019-08-25,87.8095283974021
"283",283,236,35,2024,"CO",21.6552295949315,5.47502962286134,39.7330627284963,0.479174453715604,0.00253315078317034,2024.67307692308,140,1,5901339,3.99909240936676,2019-09-01,89.7032330319836
"284",284,289,36,2024,"CO",20.0545311571562,7.07572806063658,36.8893603926839,0.57097951188927,0.0115838554527158,2024.69230769231,141,1,5901339,4.89719367079234,2019-09-08,86.041514816447
"285",285,248,37,2024,"CO",20.6556749004549,6.47458431733796,36.1587864405562,0.674934425369464,0.012863789152733,2024.71153846154,142,1,5901339,4.20243609119896,2019-09-15,89.4111352596759
"286",286,207,38,2024,"CO",19.1217920660431,8.00846715174971,35.0469298645094,0.71222922572939,0.0134858821611395,2024.73076923077,143,1,5901339,3.50767851160559,2019-09-22,87.4822051256167
"287",287,1902,1,2022,"CT",3.07646582386637,25.6883771919402,69.102075001113,0.543066091805226,0.025277267441536,2022.01923076923,1,0,3643023,52.2093876431744,2019-01-06,123.700445335352
"288",288,2426,2,2022,"CT",-2.95644026811226,31.7212832839189,66.3167080843986,0.845380407508468,0.0306107501014039,2022.03846153846,2,0,3643023,66.5930464891383,2019-01-13,129.526051076034
"289",289,2120,3,2022,"CT",-1.97384405041161,30.7386870662182,61.9908651861065,1.15021617712134,0.0274231043833651,2022.05769230769,3,0,3643023,58.1934289187853,2019-01-20,129.160830239838
"290",290,1592,4,2022,"CT",-4.67590437795911,33.4407473937657,62.9715845236464,1.57569090019215,0.0214171948223586,2022.07692307692,4,0,3643023,43.6999711503331,2019-01-27,126.290902973163
"291",291,1053,5,2022,"CT",-4.70883374012339,33.47367675593,63.9142539378792,1.87725370467156,0.0176130281545482,2022.09615384615,5,0,3643023,28.9045663450382,2019-02-03,123.575613513797
"292",292,780,6,2022,"CT",0.126916443810321,28.6379265719963,64.6512705803788,2.25879452377285,0.0158745452151505,2022.11538461538,6,0,3643023,21.4107898852135,2019-02-10,126.472625489889
"293",293,488,7,2022,"CT",0.925976887453373,27.8388661283532,65.5201636994442,2.45452662352116,0.014030563811062,2022.13461538462,7,0,3643023,13.3954685435694,2019-02-17,123.624457982025
"294",294,291,8,2022,"CT",2.91146023971779,25.8533827760888,63.0412282527718,2.67527359372813,0.0104614583364786,2022.15384615385,8,0,3643023,7.98787161102194,2019-02-24,124.94193574688
"295",295,251,9,2022,"CT",-1.00192505143827,29.7667680672449,64.1904295811395,2.41776059605206,0.00823025273241481,2022.17307692308,9,0,3643023,6.8898823861392,2019-03-03,116.221695604295
"296",296,197,10,2022,"CT",3.54524612786524,25.2195968879414,67.3551272764264,2.19397073205278,0.00678941637206244,2022.19230769231,10,0,3643023,5.4075969325475,2019-03-10,116.384253367338
"297",297,189,11,2022,"CT",4.10338007109258,24.661462944714,66.8905832471874,1.3467274138175,0.00618826727143913,2022.21153846154,11,0,3643023,5.18799908757095,2019-03-17,117.313367189924
"298",298,128,12,2022,"CT",8.30774547920018,20.4570975366064,67.7655789807035,0.870285336631139,0.00572811828711119,2022.23076923077,12,0,3643023,3.51356551962477,2019-03-24,106.533361849455
"299",299,135,13,2022,"CT",3.60481084267559,25.160032173131,67.7164046691696,1.37239982998751,0.00822046232849294,2022.25,13,0,3643023,3.70571363397925,2019-03-31,100.391144517689
"300",300,135,14,2022,"CT",6.98003585586372,21.7848071599429,64.5129620543843,2.24306327419721,0.0118583751278357,2022.26923076923,14,0,3643023,3.70571363397925,2019-04-07,103.395017944831
"301",301,186,15,2022,"CT",10.3923423379495,18.3725006778571,63.5221799381488,2.30950005829079,0.0147255909904128,2022.28846153846,15,0,3643023,5.10564989570475,2019-04-14,98.0749636103636
"302",302,219,16,2022,"CT",8.7702977177332,19.9945452980734,63.3196030429397,2.37871579439177,0.0143590455875061,2022.30769230769,16,0,3643023,6.01149100623301,2019-04-21,90.0779429048068
"303",303,233,17,2022,"CT",9.59936690423898,19.1654761115676,62.8472843952792,1.9500728101372,0.0127678762024469,2022.32692307692,17,0,3643023,6.39578723494197,2019-04-28,92.0863051292821
"304",304,342,18,2022,"CT",10.5290414431497,18.2358015726569,66.1365752497231,1.61794545187572,0.0115533171215224,2022.34615384615,18,0,3643023,9.38780787274744,2019-05-05,90.5748873716681
"305",305,408,19,2022,"CT",11.2381854263595,17.5266575894471,69.7797397589663,1.11149598609177,0.0108231542869754,2022.36538461538,19,0,3643023,11.199490093804,2019-05-12,75.9995387423007
"306",306,532,20,2022,"CT",16.064154371076,12.7006886447306,74.2552682832755,1.21106263010929,0.0108531659924555,2022.38461538462,20,0,3643023,14.6032566909405,2019-05-19,76.0052069871012
"307",307,492,21,2022,"CT",17.2372560392469,11.5275869765597,74.5425060256131,1.56884176080298,0.00982984003486482,2022.40384615385,21,0,3643023,13.5052674660577,2019-05-26,71.6578064032105
"308",308,536,22,2022,"CT",18.8174430752394,9.94739994056717,74.1327005052738,2.06476047607756,0.0087445691851703,2022.42307692308,22,0,3643023,14.7130556134287,2019-06-02,72.0783699840666
"309",309,474,23,2022,"CT",18.9152412076456,9.84960180816103,71.2111569541633,1.92816685012925,0.00675382322135582,2022.44230769231,23,0,3643023,13.0111723148605,2019-06-09,75.0020277676073
"310",310,335,24,2022,"CT",19.5594031150788,9.20543990072778,70.2299990824117,1.80322942843394,0.00619439771127806,2022.46153846154,24,0,3643023,9.19565975839296,2019-06-16,61.5184133285891
"311",311,423,25,2022,"CT",18.2724067239695,10.4924362918371,68.6016754868801,1.19170266958215,0.00540832892536409,2022.48076923077,25,0,3643023,11.611236053135,2019-06-23,72.0184897794434
"312",312,452,26,2022,"CT",21.4498342861689,7.31500872963769,67.6450270203581,0.799204711781615,0.00511699578436187,2022.5,26,0,3643023,12.407278241175,2019-06-30,66.5121414082975
"313",313,357,27,2022,"CT",23.0269369312303,5.73790608457629,68.4097680544367,0.886049857873578,0.00486473275994506,2022.51923076923,27,0,3643023,9.79955383207847,2019-07-07,69.7874751142322
"314",314,576,28,2022,"CT",22.9545915143129,5.81025150149373,66.321549227901,1.5434321414007,0.00552645426614106,2022.53846153846,28,0,3643023,15.8110448383115,2019-07-14,71.4353084492672
"315",315,546,29,2022,"CT",24.9469084368091,3.81793457899755,64.939380937403,2.29148084027519,0.0064192110050728,2022.55769230769,29,0,3643023,14.9875529196494,2019-07-21,76.7411947879737
"316",316,568,30,2022,"CT",26.6751857923874,2.08965722341923,65.729156525032,3.66288034280915,0.00665784066328065,2022.57692307692,30,0,3643023,15.5914469933349,2019-07-28,77.0348089724511
"317",317,630,31,2022,"CT",25.2245314379263,3.54031157788032,64.2305837123764,4.27999008027987,0.00580424554003639,2022.59615384615,31,0,3643023,17.2933302919032,2019-08-04,73.0017157220926
"318",318,659,32,2022,"CT",26.541024208151,2.22381880765561,65.1604404272571,5.0853578606454,0.00482612013887002,2022.61538461538,32,0,3643023,18.0893724799432,2019-08-11,81.447431937541
"319",319,561,33,2022,"CT",21.846980594048,6.91786242175857,68.8848993788366,5.15860827596612,0.00421929809391815,2022.63461538462,33,0,3643023,15.3992988789805,2019-08-18,89.0371426618151
"320",320,572,34,2022,"CT",23.4224599993028,5.34238301650379,70.7137556406696,5.23364363055928,0.0040222090280517,2022.65384615385,34,0,3643023,15.7012459158232,2019-08-25,84.0853522329336
"321",321,576,35,2022,"CT",23.1385833946034,5.62625962120324,74.4874522861331,5.25917897880107,0.00312396234299555,2022.67307692308,35,0,3643023,15.8110448383115,2019-09-01,86.4654623639847
"322",322,514,36,2022,"CT",20.0308949616379,8.73394805416866,76.8958816541972,5.28492439232528,0.00473352304757157,2022.69230769231,36,0,3643023,14.1091615397432,2019-09-08,94.3421834895303
"323",323,565,37,2022,"CT",19.9715575349042,8.79328548090241,75.2184735065062,4.48333897936429,0.0086861012589453,2022.71153846154,37,0,3643023,15.5090978014687,2019-09-15,77.8677270231665
"324",324,623,38,2022,"CT",19.09165115269,9.67319186311663,75.1561645062736,3.86309507073383,0.013877577312395,2022.73076923077,38,0,3643023,17.1011821775487,2019-09-22,88.1111637066612
"325",325,703,39,2022,"CT",15.0497148942263,13.7151281215803,72.9409772430641,3.88327487518005,0.0174206055428875,2022.75,39,0,3643023,19.2971606273142,2019-09-29,101.545396855186
"326",326,557,40,2022,"CT",12.54184658207,16.2229964337366,72.7326171063057,3.90362285292069,0.0127101402690385,2022.76923076923,40,0,3643023,15.2894999564922,2019-10-06,100.889879956773
"327",327,517,41,2022,"CT",13.7096307143831,15.0552123014235,73.733771833049,3.11234899684194,0.0222911027462632,2022.78846153846,41,0,3643023,14.1915107316094,2019-10-13,95.6662258388543
"328",328,601,42,2022,"CT",12.4502088243613,16.3146341914453,75.6207020756487,2.54096124135718,0.0222550521000462,2022.80769230769,42,0,3643023,16.4972881038632,2019-10-20,101.032592774779
"329",329,601,43,2022,"CT",14.1698292643419,14.5950137514647,76.4340983061584,2.05502710921531,0.0276424277310355,2022.82692307692,43,0,3643023,16.4972881038632,2019-10-27,109.14118200619
"330",330,466,44,2022,"CT",11.4173355518632,17.3475074639434,75.8814806902719,1.68637041235743,0.0187985820201153,2022.84615384615,44,0,3643023,12.7915744698839,2019-11-03,116.479288410329
"331",331,492,45,2022,"CT",13.478391849522,15.2864511662846,72.7567883717055,1.20541093636807,0.0170372243051993,2022.86538461538,45,0,3643023,13.5052674660577,2019-11-10,124.183869631877
"332",332,463,46,2022,"CT",8.81596779459595,19.9488752212107,70.345607032868,0.870518984570005,0.0154083572900857,2022.88461538462,46,0,3643023,12.7092252780177,2019-11-17,121.681699779954
"333",333,386,47,2022,"CT",2.5628580604546,26.201984955352,68.7062592976447,0.580049980904169,0.011055196009834,2022.90384615385,47,0,3643023,10.5955960201185,2019-11-24,119.696044496161
"334",334,568,48,2022,"CT",6.59180577084581,22.1730372449608,67.9703170043772,0.367667706595401,0.00959358935331088,2022.92307692308,48,0,3643023,15.5914469933349,2019-12-01,128.610871569302
"335",335,641,49,2022,"CT",6.86667844850125,21.8981645673054,70.5555754197523,0.309741569327843,0.00818605866611328,2022.94230769231,49,0,3643023,17.5952773287459,2019-12-08,129.751182025492
"336",336,681,50,2022,"CT",-0.0377156973733171,28.8025587131799,69.3480907398194,0.378103784163321,0.00907707692210562,2022.96153846154,50,0,3643023,18.6932665536287,2019-12-15,134.869593673262
"337",337,696,51,2022,"CT",1.24093913781028,27.5239038779963,71.6409136028554,0.357192964375397,0.00747318916185816,2022.98076923077,51,0,3643023,19.1050125129597,2019-12-22,108.809789326696
"338",338,769,52,2022,"CT",-1.9682855764384,30.733128592245,73.7354436134169,0.357363682052998,0.00636842900342197,2023,52,0,3643023,21.1088428483707,2019-12-29,129.147620946248
"339",339,1078,53,2022,"CT",6.08953180786754,22.6753112079391,73.6133157637158,0.57990301100569,0.00580845449873178,2023.01923076923,53,0,3643023,29.5908096105899,NA,100
"340",340,951,2,2023,"CT",2.77751209985771,25.9873309159489,75.7481926685122,0.889722371965833,0.00524847999404158,2023.03846153846,54,0,3643023,26.1046938215872,2019-01-13,129.526051076034
"341",341,933,3,2023,"CT",2.49992426782373,26.2649187479829,73.740984447026,1.41970904588439,0.00463918747333373,2023.05769230769,55,0,3643023,25.6105986703899,2019-01-20,129.160830239838
"342",342,714,4,2023,"CT",2.309474209881,26.4553688059256,67.5202893461104,2.36284347334744,0.0036107375660269,2023.07692307692,56,0,3643023,19.5991076641569,2019-01-27,126.290902973163
"343",343,616,5,2023,"CT",1.31957402331585,27.4452689924908,66.9443522255443,3.1977745100762,0.00287627427368242,2023.09615384615,57,0,3643023,16.9090340631942,2019-02-03,123.575613513797
"344",344,459,6,2023,"CT",0.58956260120793,28.1752804145987,66.1099873707388,4.58423559665543,0.00229186950873858,2023.11538461538,58,0,3643023,12.5994263555295,2019-02-10,126.472625489889
"345",345,499,7,2023,"CT",6.21106184314201,22.5537811726646,66.645435377843,6.24470056997791,0.00194581990469637,2023.13461538462,59,0,3643023,13.6974155804122,2019-02-17,123.624457982025
"346",346,408,8,2023,"CT",2.92345422657254,25.8413887892341,69.6733073533813,9.31051982738383,0.00160910320906566,2023.15384615385,60,0,3643023,11.199490093804,2019-02-24,124.94193574688
"347",347,335,9,2023,"CT",0.323161901186627,28.44168111462,70.6103602467283,8.9626640950256,0.00150451973539558,2023.17307692308,61,0,3643023,9.19565975839296,2019-03-03,116.221695604295
"348",348,251,10,2023,"CT",2.64656187635909,26.1182811394475,68.3439202066364,8.63751418868302,0.00142592200671439,2023.19230769231,62,0,3643023,6.8898823861392,2019-03-10,116.384253367338
"349",349,219,11,2023,"CT",3.46295398706234,25.3018890287443,66.4781779249481,8.50267824018352,0.00131411010398049,2023.21153846154,63,0,3643023,6.01149100623301,2019-03-17,117.313367189924
"350",350,219,12,2023,"CT",5.92492263680293,22.8399203790037,64.7604801982456,8.37156314342439,0.00123166941301222,2023.23076923077,64,0,3643023,6.01149100623301,2019-03-24,106.533361849455
"351",351,193,13,2023,"CT",5.19996498151176,23.5648780342948,62.2744902947822,6.40866401123407,0.00112424946717785,2023.25,65,0,3643023,5.29779801005923,2019-03-31,100.391144517689
"352",352,182,14,2023,"CT",9.79250769715738,18.9723353186492,62.9529577569179,5.12563356790832,0.00104144277980128,2023.26923076923,66,0,3643023,4.99585097321647,2019-04-07,103.395017944831
"353",353,175,15,2023,"CT",12.5798873764674,16.1849556393392,64.6055002164524,4.70372978056885,0.000951865158871263,2023.28846153846,67,0,3643023,4.80370285886199,2019-04-14,98.0749636103636
"354",354,135,16,2023,"CT",11.9652476984495,16.7995953173571,68.4083066005496,4.33619843774204,0.00111226308480622,2023.30769230769,68,0,3643023,3.70571363397925,2019-04-21,90.0779429048068
"355",355,157,17,2023,"CT",9.90988974533296,18.8549532704736,69.4883899720757,2.36000945284642,0.00156417714994754,2023.32692307692,69,0,3643023,4.30960770766476,2019-04-28,92.0863051292821
"356",356,102,18,2023,"CT",10.0955702460428,18.6692727697638,67.2095358959885,1.45195941582238,0.00201792119713033,2023.34615384615,70,0,3643023,2.79987252345099,2019-05-05,90.5748873716681
"357",357,80,19,2023,"CT",15.1469599855945,13.6178830302121,66.3630408463209,1.32376401432441,0.00572294288731033,2023.36538461538,71,0,3643023,2.19597844976548,2019-05-12,75.9995387423007
"358",358,84,20,2023,"CT",14.8900093070863,13.8748337087203,61.757875704661,1.20830743055544,0.00524603098003024,2023.38461538462,72,0,3643023,2.30577737225376,2019-05-19,76.0052069871012
"359",359,66,21,2023,"CT",14.5992397170726,14.165603298734,60.2070725206282,0.936396535017847,0.00476911907275579,2023.40384615385,73,0,3643023,1.81168222105652,2019-05-26,71.6578064032105
"360",360,77,22,2023,"CT",17.564746431805,11.2000965840016,63.5436138047122,0.724105822376432,0.00429220716548134,2023.42307692308,74,0,3643023,2.11362925789928,2019-06-02,72.0783699840666
"361",361,51,23,2023,"CT",15.2969010132903,13.4679420025163,66.7216000505563,0.59461254678833,0.00381529525820689,2023.44230769231,75,0,3643023,1.3999362617255,2019-06-09,75.0020277676073
"362",362,66,24,2023,"CT",18.86844099031,9.89640202549657,72.396202652949,0.483212189394837,0.0033383833509268,2023.46153846154,76,0,3643023,1.81168222105652,2019-06-16,61.5184133285891
"363",363,69,25,2023,"CT",17.9841593539545,10.7806836618521,77.4228222995957,0.513778721144133,0.00286147144365234,2023.48076923077,77,0,3643023,1.89403141292273,2019-06-23,72.0184897794434
"364",364,66,26,2023,"CT",21.2683616563021,7.49648135950455,81.2337271479792,0.545631613208848,0.00238455953637789,2023.5,78,0,3643023,1.81168222105652,2019-06-30,66.5121414082975
"365",365,84,27,2023,"CT",23.4115865502158,5.35325646559081,84.1362430698513,0.376650706192124,0.00190764762910344,2023.51923076923,79,0,3643023,2.30577737225376,2019-07-07,69.7874751142322
"366",366,73,28,2023,"CT",23.8657308007621,4.8991122150445,83.4605248405586,0.240977087672789,0.00143073572182899,2023.53846153846,80,0,3643023,2.003830335411,2019-07-14,71.4353084492672
"367",367,66,29,2023,"CT",23.4903438250097,5.27449919079688,80.411200228168,0.226451858208362,0.000953823814548902,2023.55769230769,81,0,3643023,1.81168222105652,2019-07-21,76.7411947879737
"368",368,55,30,2023,"CT",23.6052316740585,5.15961134174809,77.8532795225314,0.212262720980666,0.000476911907274451,2023.57692307692,82,0,3643023,1.50973518421377,2019-07-28,77.0348089724511
"369",369,98,31,2023,"CT",21.3128963467988,7.45194666900777,76.7125910360131,0.176485384397906,0,2023.59615384615,83,0,3643023,2.69007360096272,2019-08-04,73.0017157220926
"370",370,135,32,2023,"CT",22.3800126747045,6.38483034110209,75.0001222465331,0.240660805136863,0,2023.61538461538,84,0,3643023,3.70571363397925,2019-08-11,81.447431937541
"371",371,179,33,2023,"CT",22.0277997185267,6.7370432972799,75.8208840815013,0.308019833198628,0,2023.63461538462,85,0,3643023,4.91350178135027,2019-08-18,89.0371426618151
"372",372,226,34,2023,"CT",20.7026566250065,8.06218639080015,76.3180082230201,0.383112998802972,0,2023.65384615385,86,0,3643023,6.20363912058749,2019-08-25,84.0853522329336
"373",373,248,35,2023,"CT",20.8131165176331,7.95172649817355,77.7626084992241,0.349144627123516,0,2023.67307692308,87,0,3643023,6.807533194273,2019-09-01,86.4654623639847
"374",374,237,36,2023,"CT",24.5788529355654,4.1859900802412,77.0725205168481,0.316804743826714,0.0031010990597147,2023.69230769231,88,0,3643023,6.50558615743024,2019-09-08,94.3421834895303
"375",375,255,37,2023,"CT",20.8831881578509,7.88165485795569,78.2982336416547,0.355882170895222,0.00461214223814718,2023.71153846154,89,0,3643023,6.99968130862748,2019-09-15,77.8677270231665
"376",376,284,38,2023,"CT",17.3838314320251,11.3810115837815,80.9702343998226,0.397349850228462,0.00608442606736504,2023.73076923077,90,0,3643023,7.79572349666747,2019-09-22,88.1111637066612
"377",377,284,39,2023,"CT",13.8809657316629,14.8838772841437,79.9797091247344,0.384769951068775,0.00719894273477308,2023.75,91,0,3643023,7.79572349666747,2019-09-29,101.545396855186
"378",378,240,40,2023,"CT",17.6122739082257,11.1525691075809,79.4044891283923,0.372414536657974,0.0169020598004881,2023.76923076923,92,0,3643023,6.58793534929645,2019-10-06,100.889879956773
"379",379,302,41,2023,"CT",13.7323220516178,15.0325209641888,78.8561441566729,0.320600672327195,0.0161357137681891,2023.78846153846,93,0,3643023,8.2898186478647,2019-10-13,95.6662258388543
"380",380,277,42,2023,"CT",11.9427210016085,16.8221220141981,76.8689515385012,0.320449962501026,0.0141791491256154,2023.80769230769,94,0,3643023,7.60357538231299,2019-10-20,101.032592774779
"381",381,237,43,2023,"CT",13.4275999103122,15.3372431054944,74.1168912627528,0.443988085896088,0.0116634353574263,2023.82692307692,95,0,3643023,6.50558615743024,2019-10-27,109.14118200619
"382",382,266,44,2023,"CT",9.57133063741201,19.1935123783946,73.8909115743203,0.593027950410819,0.009219641948281,2023.84615384615,96,0,3643023,7.30162834547023,2019-11-03,116.479288410329
"383",383,237,45,2023,"CT",8.80530306981392,19.9595399459927,72.1196467354863,0.468985354793331,0.0111408208498441,2023.86538461538,97,0,3643023,6.50558615743024,2019-11-10,124.183869631877
"384",384,251,46,2023,"CT",5.80105896575292,22.9637840500537,69.7626765399297,0.362864638463928,0.00933632081902599,2023.88461538462,98,0,3643023,6.8898823861392,2019-11-17,121.681699779954
"385",385,277,47,2023,"CT",5.670632289808,23.0942107259986,71.0317458464576,0.432551266500502,0.00819445259999857,2023.90384615385,99,0,3643023,7.60357538231299,2019-11-24,119.696044496161
"386",386,299,48,2023,"CT",2.90034593763051,25.8644970781761,72.1154846511859,0.509748424546015,0.00742840573113131,2023.92307692308,100,0,3643023,8.20746945599849,2019-12-01,128.610871569302
"387",387,390,49,2023,"CT",4.12031511971701,24.6445278960896,71.3354160121211,0.468680294774005,0.00568057359914899,2023.94230769231,101,0,3643023,10.7053949426067,2019-12-08,129.751182025492
"388",388,364,50,2023,"CT",4.81436602634122,23.9504769894654,74.2784250492959,0.429787265955457,0.00510014190934602,2023.96153846154,102,0,3643023,9.99170194643295,2019-12-15,134.869593673262
"389",389,372,51,2023,"CT",4.30747676237574,24.4573662534309,75.2719933113859,0.505716575210205,0.00450723606587551,2023.98076923077,103,0,3643023,10.2112997914095,2019-12-22,108.809789326696
"390",390,485,52,2023,"CT",4.89965836410641,23.8651846517002,74.1603710433747,0.884026876206417,0.00391204842562948,2024,104,0,3643023,13.3131193517032,2019-12-29,129.147620946248
"391",391,634,1,2024,"CT",0.60658566018403,28.1582573556226,72.3967678265474,2.58154315408272,0.00313096271150243,2024.01923076923,105,0,3643023,17.4031292143915,2019-01-06,123.700445335352
"392",392,627,53,2023,"CT",4.44084319145058,24.323999824356,74.1880981483925,1.46917467828254,0.00313096271150243,2024.01923076923,106,0,3643023,17.210981100037,NA,100
"393",393,517,2,2024,"CT",3.04484895264353,25.7199940631631,72.3254200669572,3.46981144416318,0.00259878480887063,2024.03846153846,107,0,3643023,14.1915107316094,2019-01-13,129.526051076034
"394",394,335,3,2024,"CT",-3.7159841358997,32.4808271517063,73.0416240071123,4.94399880675151,0.00211081907404073,2024.05769230769,108,0,3643023,9.19565975839296,2019-01-20,129.160830239838
"395",395,335,4,2024,"CT",0.268886937367916,28.4959560784387,71.6556408136064,5.00686392714664,0.0016920342651701,2024.07692307692,109,0,3643023,9.19565975839296,2019-01-27,126.290902973163
"396",396,313,5,2024,"CT",1.17027527365356,27.594567742153,72.48611715365,5.07107301405336,0.0013673991404161,2024.09615384615,110,0,3643023,8.59176568470745,2019-02-03,123.575613513797
"397",397,204,6,2024,"CT",2.02697411220032,26.7378689036063,71.2920869249562,4.59426076315311,0.00123453773525613,2024.11538461538,111,0,3643023,5.59974504690198,2019-02-10,126.472625489889
"398",398,248,7,2024,"CT",0.669962184224199,28.0948808315824,67.3290891483157,4.18689075609467,0.00111354075230602,2024.13461538462,112,0,3643023,6.807533194273,2019-02-17,123.624457982025
"399",399,226,8,2024,"CT",-0.722191145511268,29.4870341613179,70.8384769385232,3.08145135972225,0.00105065820306128,2024.15384615385,113,0,3643023,6.20363912058749,2019-02-24,124.94193574688
"400",400,208,9,2024,"CT",2.93883496001316,25.8260080557934,69.8105938103094,2.36442014583311,0.00100126330937658,2024.17307692308,114,0,3643023,5.70954396939026,2019-03-03,116.221695604295
"401",401,182,10,2024,"CT",7.01979584825427,21.7450471675523,68.9089767061164,2.28347308186589,0.0009430340634423,2024.19230769231,115,0,3643023,4.99585097321647,2019-03-10,116.384253367338
"402",402,102,11,2024,"CT",7.3494510588526,21.415391956954,67.6254491908983,2.20632963403936,0.000829525515617086,2024.21153846154,116,0,3643023,2.79987252345099,2019-03-17,117.313367189924
"403",403,80,12,2024,"CT",4.19883126356875,24.5660117522379,66.1208210765706,1.60750391015643,0.000710891064470495,2024.23076923077,117,0,3643023,2.19597844976548,2019-03-24,106.533361849455
"404",404,117,13,2024,"CT",5.17614261700266,23.5887003988039,65.0876192153503,1.19715524639528,0.000616549356470111,2024.25,118,0,3643023,3.21161848278202,2019-03-31,100.391144517689
"405",405,91,14,2024,"CT",5.62509308189868,23.1397499339079,66.771990159156,0.937684669296798,0.000313834442069584,2024.26923076923,119,0,3643023,2.49792548660824,2019-04-07,103.395017944831
"406",406,69,15,2024,"CT",9.96993125671836,18.7949117590882,67.5628898991456,0.73302502818699,0.000327879470663776,2024.28846153846,120,0,3643023,1.89403141292273,2019-04-14,98.0749636103636
"407",407,77,16,2024,"CT",10.4555573502843,18.3092856655223,68.9624134262186,0.537455287667657,0.000361302294739799,2024.30769230769,121,0,3643023,2.11362925789928,2019-04-21,90.0779429048068
"408",408,51,17,2024,"CT",7.98072635565841,20.7841166601482,71.0739990673214,0.381549165475418,0.000393422824076022,2024.32692307692,122,0,3643023,1.3999362617255,2019-04-28,92.0863051292821
"409",409,51,18,2024,"CT",13.0360213215088,15.7288216942978,73.5105210328745,0.295693048036369,0.000403560968450814,2024.34615384615,123,0,3643023,1.3999362617255,2019-05-05,90.5748873716681
"410",410,73,19,2024,"CT",13.1245792372436,15.640263778563,77.4735886905119,0.219883606846253,0.000757211019382936,2024.36538461538,124,0,3643023,2.003830335411,2019-05-12,75.9995387423007
"411",411,73,20,2024,"CT",13.6049949978538,15.1598480179528,78.9575337619411,0.180879632085805,0.000641816685481872,2024.38461538462,125,0,3643023,2.003830335411,2019-05-19,76.0052069871012
"412",412,95,21,2024,"CT",17.7999125526939,10.9649304631127,76.634748060442,0.194911595343487,0.000507463820889437,2024.40384615385,126,0,3643023,2.60772440909651,2019-05-26,71.6578064032105
"413",413,55,22,2024,"CT",17.999090364785,10.7657526510216,74.4703600214411,0.162038078906076,0.000393508474245751,2024.42307692308,127,0,3643023,1.50973518421377,2019-06-02,72.0783699840666
"414",414,77,23,2024,"CT",20.0360127895574,8.72883022624923,71.0402103743818,0.183042766635796,0.000284434520680209,2024.44230769231,128,0,3643023,2.11362925789928,2019-06-09,75.0020277676073
"415",415,102,24,2024,"CT",19.4575843075723,9.3072587082343,68.7209002533774,0.220206566413421,0.000279472120076278,2024.46153846154,129,0,3643023,2.79987252345099,2019-06-16,61.5184133285891
"416",416,80,25,2024,"CT",23.0978488679196,5.66699414788701,68.4779438981228,0.261362941987994,0.000261849604795118,2024.48076923077,130,0,3643023,2.19597844976548,2019-06-23,72.0184897794434
"417",417,69,26,2024,"CT",23.0350920489053,5.72975096690128,70.0024538232716,0.291497149584248,0.000174243754448397,2024.5,131,0,3643023,1.89403141292273,2019-06-30,66.5121414082975
"418",418,135,27,2024,"CT",22.6977240214128,6.06711899439376,72.2251918960234,0.329622136825923,0,2024.51923076923,132,0,3643023,3.70571363397925,2019-07-07,69.7874751142322
"419",419,149,28,2024,"CT",25.5391871891141,3.2256558266925,72.9553561617399,0.339869007269038,0,2024.53846153846,133,0,3643023,4.09000986268821,2019-07-14,71.4353084492672
"420",420,135,29,2024,"CT",25.3633311352364,3.40151188057016,75.8487751936673,0.350275041456621,0,2024.55769230769,134,0,3643023,3.70571363397925,2019-07-21,76.7411947879737
"421",421,189,30,2024,"CT",23.4951716162626,5.26967139954397,77.7989623472579,0.316256065035409,0,2024.57692307692,135,0,3643023,5.18799908757095,2019-07-28,77.0348089724511
"422",422,208,31,2024,"CT",24.1648536297874,4.59998938601917,77.2391692156585,0.32738437754291,0,2024.59615384615,136,0,3643023,5.70954396939026,2019-08-04,73.0017157220926
"423",423,211,32,2024,"CT",22.8149575618209,5.94988545398566,77.9495059352573,0.366653789709477,0.00029158064374299,2024.61538461538,137,0,3643023,5.79189316125646,2019-08-11,81.447431937541
"424",424,215,33,2024,"CT",21.7775583499559,6.98728466585071,77.028892327247,0.531351082063552,0.000608162884125005,2024.63461538462,138,0,3643023,5.90169208374474,2019-08-18,89.0371426618151
"425",425,255,34,2024,"CT",19.9011563938485,8.86368662195811,73.7739991120806,0.506232476228181,0.000970078530053319,2024.65384615385,139,0,3643023,6.99968130862748,2019-08-25,84.0853522329336
"426",426,244,35,2024,"CT",21.7853682872574,6.97947472854916,70.0959490154152,0.481924608133504,0.00132933046207869,2024.67307692308,140,0,3643023,6.69773427178472,2019-09-01,86.4654623639847
"427",427,171,36,2024,"CT",19.5164336619984,9.24840935380819,68.4948969740529,0.776534538457064,0.00905333965204628,2024.69230769231,141,0,3643023,4.69390393637372,2019-09-08,94.3421834895303
"428",428,255,37,2024,"CT",18.7232762185568,10.0415667972498,69.6750020328771,1.21734835670922,0.0102957091345899,2024.71153846154,142,0,3643023,6.99968130862748,2019-09-15,77.8677270231665
"429",429,281,38,2024,"CT",19.457747739224,9.30709527658265,71.1333007786306,1.33606258010662,0.0110289050174488,2024.73076923077,143,0,3643023,7.71337430480126,2019-09-22,88.1111637066612
"430",430,5654,1,2022,"GA",10.8351083932455,19.3873774898086,76.3434821147653,0.784858394448679,0.0128261742973641,2022.01923076923,1,0,11064432,51.1006800891361,2019-01-06,116.426804835583
"431",431,6262,2,2022,"GA",4.8234269849694,25.3990588980847,75.1348139803775,1.24925264961152,0.0141237555920931,2022.03846153846,2,0,11064432,56.5957656027892,2019-01-13,115.847510731237
"432",432,5001,3,2022,"GA",4.83064382099276,25.3918420620614,68.8796121312665,1.65909169976092,0.0135837369088023,2022.05769230769,3,0,11064432,45.1988859437159,2019-01-20,120.000714382659
"433",433,3463,4,2022,"GA",4.03141877657274,26.1910671064814,68.0362260758828,2.25156291820187,0.0106537476724216,2022.07692307692,4,0,11064432,31.2984887068762,2019-01-27,114.385965789993
"434",434,2689,5,2022,"GA",5.15150303205067,25.0709828510035,66.0803466597202,2.65508526225722,0.00950243085230222,2022.09615384615,5,0,11064432,24.3031002404823,2019-02-03,104.628459377685
"435",435,1958,6,2022,"GA",6.31456714281602,23.9079187402381,64.7108434334744,3.17295308553784,0.00860990122824802,2022.11538461538,6,0,11064432,17.6963444666658,2019-02-10,112.003319075179
"436",436,1394,7,2022,"GA",9.01311573171958,21.2093701513346,66.9683496126119,3.52813082261963,0.00760364382012561,2022.13461538462,7,0,11064432,12.5989296151849,2019-02-17,109.29534654258
"437",437,985,8,2022,"GA",11.7110882641271,18.5113976189271,66.4009875131972,3.94939480805523,0.006658844605248,2022.15384615385,8,0,11064432,8.90240005090184,2019-02-24,95.140635600745
"438",438,763,9,2022,"GA",11.7814957356947,18.4409901473595,69.119424510411,3.7989878691032,0.00546999008474482,2022.17307692308,9,0,11064432,6.89597080085087,2019-03-03,83.6629135304728
"439",439,631,10,2022,"GA",14.6297794595705,15.5927064234837,70.6358192790005,3.65745274454991,0.00502245995697444,2022.19230769231,10,0,11064432,5.70295881433408,2019-03-10,86.1928138868485
"440",440,365,11,2022,"GA",9.21546851507853,21.0070173679756,66.0638996296112,2.13184044078542,0.00464663105465634,2022.21153846154,11,0,11064432,3.29885890211084,2019-03-17,82.4399817115318
"441",441,310,12,2022,"GA",14.321851629856,15.9006342531982,65.6956444825114,1.35908869508092,0.00390328818204736,2022.23076923077,12,0,11064432,2.8017705743955,2019-03-24,84.0425546773327
"442",442,266,13,2022,"GA",12.962776776299,17.2597091067551,64.1320356964906,0.965067874903729,0.00469167026980388,2022.25,13,0,11064432,2.40409991222324,2019-03-31,82.0807545121153
"443",443,266,14,2022,"GA",14.0357792275126,16.1867066555415,63.292540782925,1.95434428471081,0.00600214573448807,2022.26923076923,14,0,11064432,2.40409991222324,2019-04-07,87.9958755962875
"444",444,166,15,2022,"GA",14.0467720523596,16.1757138306945,64.9942607878423,2.38833375576723,0.00706275146644069,2022.28846153846,15,0,11064432,1.50030295274082,2019-04-14,90.5680606826424
"445",445,254,16,2022,"GA",15.391282486396,14.8312033966581,66.0266814712997,2.97178381861608,0.00714945572142037,2022.30769230769,16,0,11064432,2.29564427708535,2019-04-21,72.3854553630544
"446",446,243,17,2022,"GA",18.5284053426206,11.6940805404335,65.6553100880914,2.310244460093,0.00650312038912918,2022.32692307692,17,0,11064432,2.19622661154228,2019-04-28,82.5952839517467
"447",447,277,18,2022,"GA",21.4375615317267,8.78492435132742,63.5803204094379,1.83761241761229,0.00600398345497235,2022.34615384615,18,0,11064432,2.50351757776631,2019-05-05,94.6292778470507
"448",448,420,19,2022,"GA",19.2176150967689,11.0048707862852,63.2401509692942,1.29342017515315,0.0058028585049222,2022.36538461538,19,0,11064432,3.79594722982617,2019-05-12,77.647121505019
"449",449,487,20,2022,"GA",23.2062685845843,7.01621729846989,66.6630846111575,0.950441837339757,0.00551635486876627,2022.38461538462,20,0,11064432,4.40149119267939,2019-05-19,82.8997955872716
"450",450,597,21,2022,"GA",23.3045883650614,6.91789751799272,67.5048283904405,1.21969578572492,0.00532167700369376,2022.40384615385,21,0,11064432,5.39566784811005,2019-05-26,78.58778622932
"451",451,697,22,2022,"GA",23.024842419387,7.19764346366711,69.7291764244314,1.57519552400341,0.00479449223722766,2022.42307692308,22,0,11064432,6.29946480759247,2019-06-02,94.0410976386199
"452",452,808,23,2022,"GA",23.5507363279934,6.67174955506075,69.1242974381962,1.51156492117871,0.00463527333953218,2022.44230769231,23,0,11064432,7.30267943261796,2019-06-09,76.7837391328794
"453",453,808,24,2022,"GA",26.4594757476334,3.76301013542073,65.1845516641346,1.45100299618366,0.00408004074075681,2022.46153846154,24,0,11064432,7.30267943261796,2019-06-16,79.5462718112722
"454",454,952,25,2022,"GA",27.5137492043783,2.70873667867581,67.9851296032494,1.02867919563791,0.00295059580705694,2022.48076923077,25,0,11064432,8.60414705427265,2019-06-23,82.2246775295682
"455",455,1118,26,2022,"GA",26.1839235362537,4.03856234680044,71.3097149416646,0.730502354435884,0.00196578851343958,2022.5,26,0,11064432,10.1044500070135,2019-06-30,71.0337321093961
"456",456,1140,27,2022,"GA",26.2075530194706,4.01493286358358,74.937942159356,0.938498834136851,0.00180352683264717,2022.51923076923,27,0,11064432,10.3032853380996,2019-07-07,90.2176114355325
"457",457,1306,28,2022,"GA",25.2898013923051,4.93268449074907,81.2106378981912,1.51021962081613,0.00244642773649233,2022.53846153846,28,0,11064432,11.8035882908404,2019-07-14,83.876982689344
"458",458,1483,29,2022,"GA",25.796164878679,4.42632100437514,80.9415452427795,2.01552425895753,0.00347362310750942,2022.55769230769,29,0,11064432,13.4033089091243,2019-07-21,88.9745999300984
"459",459,1593,30,2022,"GA",26.4515876485544,3.77089823449972,80.1072620356825,2.77553573457946,0.00360452303380779,2022.57692307692,30,0,11064432,14.397485564555,2019-07-28,103.314159389299
"460",460,1538,31,2022,"GA",25.9251086632316,4.29737721982256,79.862754484707,3.47177721736537,0.00275555642320064,2022.59615384615,31,0,11064432,13.9003972368396,2019-08-04,101.620834659476
"461",461,1560,32,2022,"GA",25.4337458795264,4.78874000352778,80.4142649999554,4.48286500109805,0.0030042813464502,2022.61538461538,32,0,11064432,14.0992325679258,2019-08-11,118.692047682951
"462",462,1449,33,2022,"GA",24.5181852621612,5.70430062089292,81.56240010361,4.70218668243694,0.00571961880495387,2022.63461538462,33,0,11064432,13.0960179429003,2019-08-18,114.429117646527
"463",463,1350,34,2022,"GA",23.596647331707,6.62583855134717,82.0843964473665,4.93978578527049,0.0062699106470174,2022.65384615385,34,0,11064432,12.2012589530127,2019-08-25,108.247712552876
"464",464,1472,35,2022,"GA",25.1049836964807,5.11750218657345,82.1368917365442,4.73617883162889,0.0046817887563802,2022.67307692308,35,0,11064432,13.3038912435812,2019-09-01,107.316474977778
"465",465,1118,36,2022,"GA",24.0116326025382,6.21085328051594,79.1054659154391,4.54606793573031,0.00257738791592134,2022.69230769231,36,0,11064432,10.1044500070135,2019-09-08,115.096926052416
"466",466,874,37,2022,"GA",21.6728057769205,8.54968010613369,72.2104038214895,4.25813186875179,0.0034421107201888,2022.71153846154,37,0,11064432,7.89918542587636,2019-09-15,98.2668453779055
"467",467,664,38,2022,"GA",23.4986695927851,6.72381629026902,65.3094708746091,3.99861785243644,0.00567373604597748,2022.73076923077,38,0,11064432,6.00121181096327,2019-09-22,104.400756732274
"468",468,631,39,2022,"GA",19.3500472388452,10.872438644209,58.9069128456426,3.51059116293625,0.00583837772542986,2022.75,39,0,11064432,5.70295881433408,2019-09-29,115.848124272608
"469",469,520,40,2022,"GA",18.0445302964824,12.1779555865717,55.6907507287278,3.10938258160548,0.00683403058256101,2022.76923076923,40,0,11064432,4.69974418930859,2019-10-06,94.615511158213
"470",470,420,41,2022,"GA",18.0215827029675,12.2009031800866,53.7915533332218,2.73231812858368,0.00713779674064305,2022.78846153846,41,0,11064432,3.79594722982617,2019-10-13,105.300878354077
"471",471,432,42,2022,"GA",14.3238091221132,15.898676760941,58.7601109688652,2.41863460957727,0.00866599689286656,2022.80769230769,42,0,11064432,3.90440286496406,2019-10-20,101.35891204098
"472",472,443,43,2022,"GA",14.851496158695,15.3709897243591,63.6780935892029,1.86111834230878,0.00901745340384396,2022.82692307692,43,0,11064432,4.00382053050712,2019-10-27,97.8275032014157
"473",473,520,44,2022,"GA",15.9209894752519,14.3014964078022,66.1452762396539,1.45994643816746,0.00888911423559745,2022.84615384615,44,0,11064432,4.69974418930859,2019-11-03,103.870781484227
"474",474,520,45,2022,"GA",18.5221623402995,11.7003235427546,68.6343744626145,1.12722228121587,0.00721934935295368,2022.86538461538,45,0,11064432,4.69974418930859,2019-11-10,112.110782709204
"475",475,465,46,2022,"GA",9.73311714675181,20.4893687363023,69.6537340763195,0.873780918885775,0.00420859079496053,2022.88461538462,46,0,11064432,4.20265586159326,2019-11-17,110.919347367789
"476",476,432,47,2022,"GA",7.00720413893445,23.2152817441197,70.3538795295511,0.598591481523723,0.00167142184373616,2022.90384615385,47,0,11064432,3.90440286496406,2019-11-24,110.713253145128
"477",477,609,48,2022,"GA",12.1181363853926,18.1043494976616,74.3539100493331,0.393881589135823,0.00518378771424206,2022.92307692308,48,0,11064432,5.50412348324794,2019-12-01,116.821564024011
"478",478,808,49,2022,"GA",12.9568042287352,17.265681654319,76.0075236646143,0.448720721896955,0.00735998015984915,2022.94230769231,49,0,11064432,7.30267943261796,2019-12-08,128.025107939546
"479",479,918,50,2022,"GA",11.7356264264669,18.4868594565872,73.9341022857729,0.555533365283616,0.00736320370233797,2022.96153846154,50,0,11064432,8.29685608804862,2019-12-15,144.11533055725
"480",480,974,51,2022,"GA",4.97190618295501,25.2505797000991,75.6144070553872,0.633937746331972,0.00494298607767062,2022.98076923077,51,0,11064432,8.80298238535878,2019-12-22,122.15940703758
"481",481,1206,52,2022,"GA",-0.302865636812025,30.5253515198662,72.2566227215215,0.720665363919834,0.0036107291062629,2023,52,0,11064432,10.899791331358,2019-12-29,124.773477943404
"482",482,1527,53,2022,"GA",11.9947201010026,18.2277657820515,70.82024829458,0.738929978963281,0.00304171360385543,2023.01923076923,53,0,11064432,13.8009795712966,NA,100
"483",483,1472,2,2023,"GA",9.59939916084228,20.6230867222119,75.339170008698,0.757586506619438,0.00247269810144795,2023.03846153846,54,0,11064432,13.3038912435812,2019-01-13,115.847510731237
"484",484,1062,3,2023,"GA",9.01555354475343,21.2069323383007,75.2054376475351,0.65718325786408,0.00243705837467903,2023.05769230769,55,0,11064432,9.59832370970331,2019-01-20,120.000714382659
"485",485,918,4,2023,"GA",6.275476955867,23.9470089271871,73.9487497284315,0.567631320136104,0.00297014794794708,2023.07692307692,56,0,11064432,8.29685608804862,2019-01-27,114.385965789993
"486",486,863,5,2023,"GA",9.03716047182844,21.1853254112257,73.7926205808165,0.704737296450197,0.00196717433544412,2023.09615384615,57,0,11064432,7.79976776033329,2019-02-03,104.628459377685
"487",487,775,6,2023,"GA",10.1253067899348,20.0971790931193,73.5658757700252,1.05060556070329,0.00155022267146956,2023.11538461538,58,0,11064432,7.00442643598876,2019-02-10,112.003319075179
"488",488,686,7,2023,"GA",11.0268380743976,19.1956478086565,75.5286597830477,1.51802226808345,0.00140672984086907,2023.13461538462,59,0,11064432,6.20004714204941,2019-02-17,109.29534654258
"489",489,620,8,2023,"GA",14.44414794713,15.7783379359242,74.2356245744765,2.26143684884367,0.00121196159610061,2023.15384615385,60,0,11064432,5.60354114879101,2019-02-24,95.140635600745
"490",490,631,9,2023,"GA",17.0759347061349,13.1465511769193,71.9479165973424,3.02754452579557,0.0011317646792292,2023.17307692308,61,0,11064432,5.70295881433408,2019-03-03,83.6629135304728
"491",491,487,10,2023,"GA",14.3422244561843,15.8802614268698,69.0810115442992,4.26406787318959,0.0010556951018061,2023.19230769231,62,0,11064432,4.40149119267939,2019-03-10,86.1928138868485
"492",492,398,11,2023,"GA",8.69429794173402,21.5281879413201,67.0127500623435,4.41989372919552,0.00102276676591562,2023.21153846154,63,0,11064432,3.59711189874003,2019-03-17,82.4399817115318
"493",493,365,12,2023,"GA",9.45497543459207,20.7675104484621,66.0308813869172,4.58522645559573,0.00101514474489066,2023.23076923077,64,0,11064432,3.29885890211084,2019-03-24,84.0425546773327
"494",494,310,13,2023,"GA",16.3186998657862,13.903786017268,68.1988766173216,4.76820880117555,0.000966550595035817,2023.25,65,0,11064432,2.8017705743955,2019-03-31,82.0807545121153
"495",495,299,14,2023,"GA",18.2086971749754,12.0137887080788,69.5978654481044,4.96358693565793,0.000904580250180639,2023.26923076923,66,0,11064432,2.70235290885244,2019-04-07,87.9958755962875
"496",496,221,15,2023,"GA",12.6117642878925,17.6107215951617,67.5624754457708,4.19522758671516,0.000826612699142622,2023.28846153846,67,0,11064432,1.99739128045615,2019-04-14,90.5680606826424
"497",497,243,16,2023,"GA",17.3956875670069,12.8267983160472,67.1412452212241,3.60226360313894,0.000814441566754925,2023.30769230769,68,0,11064432,2.19622661154228,2019-04-21,72.3854553630544
"498",498,243,17,2023,"GA",15.1461147282977,15.0763711547565,66.46675282975,3.0017765302418,0.000921662012714857,2023.32692307692,69,0,11064432,2.19622661154228,2019-04-28,82.5952839517467
"499",499,232,18,2023,"GA",15.075452147037,15.1470337360171,69.3457803358705,2.53990256689744,0.00105470092515067,2023.34615384615,70,0,11064432,2.09680894599922,2019-05-05,94.6292778470507
"500",500,243,19,2023,"GA",20.4905368365358,9.73194904651833,73.5922192417425,2.09384299608199,0.00366804893489315,2023.36538461538,71,0,11064432,2.19622661154228,2019-05-12,77.647121505019
"501",501,243,20,2023,"GA",21.7405119208202,8.48197396223394,72.0005350308959,1.74761836290106,0.00336237819031601,2023.38461538462,72,0,11064432,2.19622661154228,2019-05-19,82.8997955872716
"502",502,188,21,2023,"GA",19.9116441102501,10.310841772804,70.4220292771711,1.43525628576016,0.00305670744574249,2023.40384615385,73,0,11064432,1.69913828382695,2019-05-26,78.58778622932
"503",503,188,22,2023,"GA",20.3008760444547,9.92160983859947,66.9504959312253,1.18666590203206,0.00275103670116896,2023.42307692308,74,0,11064432,1.69913828382695,2019-06-02,94.0410976386199
"504",504,122,23,2023,"GA",23.717122666589,6.50536321646519,66.7061416040155,0.88310895073868,0.00244536595659543,2023.44230769231,75,0,11064432,1.10263229056855,2019-06-09,76.7837391328794
"505",505,144,24,2023,"GA",22.2301745931324,7.9923112899217,69.3619498474492,0.65355888807013,0.00213969521201829,2023.46153846154,76,0,11064432,1.30146762165469,2019-06-16,79.5462718112722
"506",506,122,25,2023,"GA",22.4389717713115,7.78351411174269,71.8469483043673,0.534649138303133,0.00183402446744477,2023.48076923077,77,0,11064432,1.10263229056855,2019-06-23,82.2246775295682
"507",507,177,26,2023,"GA",25.40697728143,4.81550860162417,75.6839448288859,0.431694004925743,0.00152835372287124,2023.5,78,0,11064432,1.59972061828388,2019-06-30,71.0337321093961
"508",508,155,27,2023,"GA",26.6017656107309,3.62072027232329,73.922345200092,0.34333573243558,0.00122268297829772,2023.51923076923,79,0,11064432,1.40088528719775,2019-07-07,90.2176114355325
"509",509,133,28,2023,"GA",26.0579560334892,4.16452984956495,70.8866298432212,0.26524971759529,0.000917012233724191,2023.53846153846,80,0,11064432,1.20204995611162,2019-07-14,83.876982689344
"510",510,155,29,2023,"GA",27.361823949414,2.86066193364015,69.2863819725009,0.21850250479495,0.000611341489147051,2023.55769230769,81,0,11064432,1.40088528719775,2019-07-21,88.9745999300984
"511",511,210,30,2023,"GA",27.0149435174855,3.20754236556867,69.4380899350806,0.175086552691907,0.000305670744573526,2023.57692307692,82,0,11064432,1.89797361491308,2019-07-28,103.314159389299
"512",512,266,31,2023,"GA",27.0973233328898,3.12516255016436,70.8476244327803,0.166880782453148,0,2023.59615384615,83,0,11064432,2.40409991222324,2019-08-04,101.620834659476
"513",513,398,32,2023,"GA",25.882352370067,4.34013351298709,70.2165683308014,0.158788821226594,0,2023.61538461538,84,0,11064432,3.59711189874003,2019-08-11,118.692047682951
"514",514,409,33,2023,"GA",25.8844108060335,4.33807507702065,72.1025602364685,0.148767041279732,0,2023.63461538462,85,0,11064432,3.6965295642831,2019-08-18,114.429117646527
"515",515,509,34,2023,"GA",27.8599540687105,2.36253181434366,71.0753642867829,0.171124764401169,0,2023.65384615385,86,0,11064432,4.60032652376552,2019-08-25,108.247712552876
"516",516,697,35,2023,"GA",26.2824320527995,3.94005383025469,69.3871435593314,0.190684534014677,0,2023.67307692308,87,0,11064432,6.29946480759247,2019-09-01,107.316474977778
"517",517,564,36,2023,"GA",24.9509719536284,5.27151392942577,71.2122055421371,0.210908763887163,0.00184386774225219,2023.69230769231,88,0,11064432,5.09741485148085,2019-09-08,115.096926052416
"518",518,432,37,2023,"GA",23.6544341938396,6.56805168921454,70.6875555832994,0.223961352223512,0.00255011512728772,2023.71153846154,89,0,11064432,3.90440286496406,2019-09-15,98.2668453779055
"519",519,420,38,2023,"GA",20.7014541430344,9.52103174001977,69.3632996477935,0.237298398854195,0.0031505422590515,2023.73076923077,90,0,11064432,3.79594722982617,2019-09-22,104.400756732274
"520",520,365,39,2023,"GA",21.5026719376856,8.71981394536852,66.9700213663475,0.234716790896317,0.0034548174414086,2023.75,91,0,11064432,3.29885890211084,2019-09-29,115.848124272608
"521",521,299,40,2023,"GA",21.9128826132888,8.30960326976531,65.0475549195844,0.232145933494316,0.00946405993781058,2023.76923076923,92,0,11064432,2.70235290885244,2019-10-06,94.615511158213
"522",522,266,41,2023,"GA",17.1109193526606,13.1115665303936,64.4096554293406,0.207751082085721,0.00748516032029994,2023.78846153846,93,0,11064432,2.40409991222324,2019-10-13,105.300878354077
"523",523,288,42,2023,"GA",14.8363155105632,15.3861703724909,63.5164127541755,0.219641684979776,0.00484909904046949,2023.80769230769,94,0,11064432,2.60293524330937,2019-10-20,101.35891204098
"524",524,288,43,2023,"GA",17.2165619213527,13.0059239617014,63.0320093308056,0.246215265037947,0.00244393872016955,2023.82692307692,95,0,11064432,2.60293524330937,2019-10-27,97.8275032014157
"525",525,288,44,2023,"GA",13.9656849775502,16.256800905504,63.3911885551592,0.273972608460832,0.00115774198125044,2023.84615384615,96,0,11064432,2.60293524330937,2019-11-03,103.870781484227
"526",526,288,45,2023,"GA",16.2627939922346,13.9596918908196,65.1612759272015,0.295012197606228,0.000260316777016641,2023.86538461538,97,0,11064432,2.60293524330937,2019-11-10,112.110782709204
"527",527,299,46,2023,"GA",13.1256710862972,17.0968147967569,66.1858895751075,0.316758391661197,0.000549646695147852,2023.88461538462,98,0,11064432,2.70235290885244,2019-11-17,110.919347367789
"528",528,365,47,2023,"GA",13.0865116000616,17.1359742829925,70.6947466770107,0.363263434479096,0.000905044473358843,2023.90384615385,99,0,11064432,3.29885890211084,2019-11-24,110.713253145128
"529",529,299,48,2023,"GA",7.38220005086188,22.8402858321923,71.2502268502372,0.413173654712136,0.00118499205447666,2023.92307692308,100,0,11064432,2.70235290885244,2019-12-01,116.821564024011
"530",530,354,49,2023,"GA",10.8744767010926,19.3480091819615,70.2696477599231,0.375580332135609,0.00713993212390058,2023.94230769231,101,0,11064432,3.19944123656777,2019-12-08,128.025107939546
"531",531,432,50,2023,"GA",8.05386095646963,22.1686249265845,71.0676984629178,0.339935300255613,0.00628371412712168,2023.96153846154,102,0,11064432,3.90440286496406,2019-12-15,144.11533055725
"532",532,509,51,2023,"GA",5.99254289897643,24.2299429840777,70.8143797243861,0.459850055786207,0.00468828013933227,2023.98076923077,103,0,11064432,4.60032652376552,2019-12-22,122.15940703758
"533",533,686,52,2023,"GA",10.5264246342032,19.696061248851,70.9815271078331,0.766948990102178,0.00288807360964546,2024,104,0,11064432,6.20004714204941,2019-12-29,124.773477943404
"534",534,852,1,2024,"GA",4.49289875781084,25.7295871252433,70.2426334667715,1.67089113198191,0.00188188456042787,2024.01923076923,105,0,11064432,7.70035009479023,2019-01-06,116.426804835583
"535",535,974,53,2023,"GA",3.99600507160948,26.2264808114447,71.6910685589865,1.12685822765153,0.00188188456042787,2024.01923076923,106,0,11064432,8.80298238535878,NA,100
"536",536,775,2,2024,"GA",6.30527308571655,23.9172127973376,69.3478718513989,2.30832308513079,0.000830080287172495,2024.03846153846,107,0,11064432,7.00442643598876,2019-01-13,115.847510731237
"537",537,819,3,2024,"GA",1.15609458213717,29.066391300917,71.0254893737669,3.34538882402244,0.000500727224667318,2024.05769230769,108,0,11064432,7.40209709816103,2019-01-20,120.000714382659
"538",538,830,4,2024,"GA",9.18931911939237,21.0331667636618,70.3717052602909,3.53776824574119,0.000610646937494824,2024.07692307692,109,0,11064432,7.50151476370409,2019-01-27,114.385965789993
"539",539,675,5,2024,"GA",7.63541872892415,22.58706715413,72.2546856081396,3.74797081126515,0.000876660990237494,2024.09615384615,110,0,11064432,6.10062947650634,2019-02-03,104.628459377685
"540",540,730,6,2024,"GA",8.58734881347809,21.635137069576,71.5635299055389,2.98942223437584,0.000576489392074643,2024.11538461538,111,0,11064432,6.59771780422167,2019-02-10,112.003319075179
"541",541,620,7,2024,"GA",11.3298247975053,18.8926610855488,67.1929191564367,2.4398608244939,0.000574747467975761,2024.13461538462,112,0,11064432,5.60354114879101,2019-02-17,109.29534654258
"542",542,620,8,2024,"GA",8.73392620889887,21.4885596741553,70.4203328236459,2.24910329815469,0.000515626477873387,2024.15384615385,113,0,11064432,5.60354114879101,2019-02-24,95.140635600745
"543",543,542,9,2024,"GA",10.5491826385662,19.6733032444879,68.0802283092022,2.07839108109274,0.000433136662076214,2024.17307692308,114,0,11064432,4.89857952039472,2019-03-03,83.6629135304728
"544",544,432,10,2024,"GA",14.8208100639503,15.4016758191038,68.5144095710496,1.60982688205304,0.000478605965344338,2024.19230769231,115,0,11064432,3.90440286496406,2019-03-10,86.1928138868485
"545",545,321,11,2024,"GA",13.4982304068049,16.7242554762493,69.5340693078958,1.26506035807933,0.000411005033451489,2024.21153846154,116,0,11064432,2.90118823993857,2019-03-17,82.4399817115318
"546",546,266,12,2024,"GA",12.2599249666749,17.9625609163793,66.3216104098217,0.970185662976642,0.000367671077708167,2024.23076923077,117,0,11064432,2.40409991222324,2019-03-24,84.0425546773327
"547",547,199,13,2024,"GA",12.8631502027258,17.3593356803284,65.1355668878931,0.743243227095782,0.000342717923495997,2024.25,118,0,11064432,1.79855594937002,2019-03-31,82.0807545121153
"548",548,177,14,2024,"GA",14.7939126412107,15.4285732418434,65.9008372777741,0.600872018885981,0.000213840932200735,2024.26923076923,119,0,11064432,1.59972061828388,2019-04-07,87.9958755962875
"549",549,122,15,2024,"GA",15.338698302803,14.8837875802511,66.8761706004978,0.479999968242645,0.000209830543435034,2024.28846153846,120,0,11064432,1.10263229056855,2019-04-14,90.5680606826424
"550",550,111,16,2024,"GA",20.1034308243509,10.1190550587032,67.9547630653134,0.428761635284652,0.000205263746819817,2024.30769230769,121,0,11064432,1.00321462502549,2019-04-21,72.3854553630544
"551",551,111,17,2024,"GA",15.9265229373326,14.2959629457216,69.8532119556573,0.380952378992591,0.000195433203384783,2024.32692307692,122,0,11064432,1.00321462502549,2019-04-28,82.5952839517467
"552",552,89,18,2024,"GA",20.34548154317,9.87700433988413,72.1291597759543,0.260332343677433,0.000175631574159632,2024.34615384615,123,0,11064432,0.804379293939355,2019-05-05,94.6292778470507
"553",553,55,19,2024,"GA",22.059891354862,8.16259452819215,74.3946864072045,0.214285720747953,0.000361342346402014,2024.36538461538,124,0,11064432,0.497088327715331,2019-05-12,77.647121505019
"554",554,89,20,2024,"GA",19.6388874241977,10.5835984588564,75.1923399996266,0.185329690347821,0.000253884141699345,2024.38461538462,125,0,11064432,0.804379293939355,2019-05-19,82.8997955872716
"555",555,77,21,2024,"GA",22.2031894852595,8.01929639779462,74.345621757354,0.225000002738088,0.000141667962623738,2024.40384615385,126,0,11064432,0.695923658801464,2019-05-26,78.58778622932
"556",556,111,22,2024,"GA",22.6770589391983,7.54542694385586,71.0870991905089,0.27983396929279,4.31055492748976e-05,2024.42307692308,127,0,11064432,1.00321462502549,2019-06-02,94.0410976386199
"557",557,144,23,2024,"GA",23.2539712503389,6.96851463271526,65.0469847463241,0.423076926339308,0,2024.44230769231,128,0,11064432,1.30146762165469,2019-06-09,76.7837391328794
"558",558,122,24,2024,"GA",25.4819020378553,4.74058384519886,60.0896582694868,0.350434715633952,0,2024.46153846154,129,0,11064432,1.10263229056855,2019-06-16,79.5462718112722
"559",559,177,25,2024,"GA",26.9309735521529,3.2915123309012,60.7185064515304,0.284848496451961,0,2024.48076923077,130,0,11064432,1.59972061828388,2019-06-23,82.2246775295682
"560",560,210,26,2024,"GA",28.2832560556172,1.9392298274369,63.1055536434194,0.239521703864183,0,2024.5,131,0,11064432,1.89797361491308,2019-06-30,71.0337321093961
"561",561,243,27,2024,"GA",27.7452462370342,2.47723964601995,66.0725842157543,0.253495810757668,0,2024.51923076923,132,0,11064432,2.19622661154228,2019-07-07,90.2176114355325
"562",562,299,28,2024,"GA",26.4948529463731,3.72763293668105,73.9761715790385,0.25341598759622,0,2024.53846153846,133,0,11064432,2.70235290885244,2019-07-14,83.876982689344
"563",563,332,29,2024,"GA",26.7081865398037,3.51429934325045,78.6824728491037,0.253336174600472,0,2024.55769230769,134,0,11064432,3.00060590548164,2019-07-21,88.9745999300984
"564",564,432,30,2024,"GA",24.4901675581384,5.73231832491573,78.3994728137472,0.240451373349032,0,2024.57692307692,135,0,11064432,3.90440286496406,2019-07-28,103.314159389299
"565",565,575,31,2024,"GA",25.946556398893,4.27592948416111,77.3692897052592,0.246043526665523,0,2024.59615384615,136,0,11064432,5.19683251702392,2019-08-04,101.620834659476
"566",566,675,32,2024,"GA",27.0747398611087,3.14774602194541,72.5958226339196,0.274272242420166,0.000565960675108034,2024.61538461538,137,0,11064432,6.10062947650634,2019-08-11,118.692047682951
"567",567,653,33,2024,"GA",26.7253539371358,3.49713194591833,65.3167244936103,0.303809630702056,0.000889169789202822,2024.63461538462,138,0,11064432,5.90179414542021,2019-08-18,114.429117646527
"568",568,609,34,2024,"GA",24.4642639316537,5.7582219514004,62.5659679518003,0.384486595014404,0.00122491537767779,2024.65384615385,139,0,11064432,5.50412348324794,2019-08-25,108.247712552876
"569",569,520,35,2024,"GA",26.5635892807545,3.65889660229967,62.7724200750707,0.475806350169494,0.00151976631801136,2024.67307692308,140,0,11064432,4.69974418930859,2019-09-01,107.316474977778
"570",570,420,36,2024,"GA",24.3935832350589,5.82890264799527,65.4348513033712,0.543718249697054,0.00464148074280304,2024.69230769231,141,0,11064432,3.79594722982617,2019-09-08,115.096926052416
"571",571,321,37,2024,"GA",21.8812849005859,8.34120098246821,68.8856937173574,0.618181813797676,0.00486010117836683,2024.71153846154,142,0,11064432,2.90118823993857,2019-09-15,98.2668453779055
"572",572,177,38,2024,"GA",22.7711709533412,7.45131492971296,72.0767796600458,0.796453476862875,0.0048159158288281,2024.73076923077,143,0,11064432,1.59972061828388,2019-09-22,104.400756732274
"573",573,2037,1,2022,"MI",-4.97538940588378,32.544061163256,75.2934409673377,0.652454822164436,0.0137402666334502,2022.01923076923,1,0,10083356,20.201607480684,2019-01-06,121.599086521602
"574",574,3489,2,2022,"MI",-6.88407648335784,34.45274824073,73.6117140512193,1.03592215030997,0.0167397970807867,2022.03846153846,2,0,10083356,34.6015751105088,2019-01-13,114.231370404972
"575",575,3166,3,2022,"MI",-5.84526248892518,33.4139342462974,71.2876241962434,0.878102770090359,0.0164893513627804,2022.05769230769,3,0,10083356,31.3982765261883,2019-01-20,127.399206067823
"576",576,2561,4,2022,"MI",-10.103789499072,37.6724612564443,72.1257593688532,1.2117269189816,0.0138113408538453,2022.07692307692,4,0,10083356,25.3982900137613,2019-01-27,119.615613002243
"577",577,2077,5,2022,"MI",-6.50106627768576,34.069738035058,72.7265144052377,1.56450086807015,0.011694320819378,2022.09615384615,5,0,10083356,20.5983008038197,2019-02-03,131.050586429466
"578",578,1583,6,2022,"MI",-6.02851702891881,33.597188786291,73.4688162838308,2.05116681030869,0.013522812576818,2022.11538461538,6,0,10083356,15.6991382630942,2019-02-10,126.129616145952
"579",579,1422,7,2022,"MI",-4.78724047726022,32.3559122346324,71.7260847828703,2.26008664369783,0.0132644991079028,2022.13461538462,7,0,10083356,14.1024476374731,2019-02-17,124.610554009769
"580",580,877,8,2022,"MI",-2.85531775488628,30.4239895122585,68.0223033787635,2.49971985079291,0.0127904505867557,2022.15384615385,8,0,10083356,8.69750110974957,2019-02-24,129.222756807617
"581",581,867,9,2022,"MI",-2.29436439889093,29.8630361562631,65.1725234440777,2.42515923355571,0.0100472501417187,2022.17307692308,9,0,10083356,8.59832777896565,2019-03-03,135.596658761384
"582",582,524,10,2022,"MI",1.52165547975548,26.0470162776167,66.094461864907,2.35370933227521,0.00728487618606344,2022.19230769231,10,0,10083356,5.19668253307728,2019-03-10,127.11122532705
"583",583,272,11,2022,"MI",1.31788878930479,26.2507829680674,66.2674858744005,1.74216981015659,0.00529294677949153,2022.21153846154,11,0,10083356,2.69751459732256,2019-03-17,125.036137261022
"584",584,333,12,2022,"MI",6.5515555187808,21.0171162385914,68.602734017769,1.31925935059916,0.00320944733082913,2022.23076923077,12,0,10083356,3.30247191510446,2019-03-24,113.256689454049
"585",585,323,13,2022,"MI",1.4294918316424,26.1391799257298,69.7395651503788,0.859624797789052,0.00544620263332961,2022.25,13,0,10083356,3.20329858432054,2019-03-31,105.051639611815
"586",586,202,14,2022,"MI",4.13514258180534,23.4335291755669,66.7230906931768,1.5770507042829,0.00801406462954066,2022.26923076923,14,0,10083356,2.00330128183514,2019-04-07,113.123964292502
"587",587,323,15,2022,"MI",8.2090849853746,19.3595867719976,65.5489213917397,2.26827821987591,0.00980080441472064,2022.28846153846,15,0,10083356,3.20329858432054,2019-04-14,111.33861928366
"588",588,313,16,2022,"MI",4.33551934446869,23.2331524129035,64.7925170121731,3.46622925141509,0.00934424345756842,2022.30769230769,16,0,10083356,3.10412525353662,2019-04-21,73.0368331748242
"589",589,393,17,2022,"MI",9.94477301280382,17.6238987445684,62.5573868669055,2.80547657667119,0.00844510498290449,2022.32692307692,17,0,10083356,3.89751189980796,2019-04-28,86.8855282728085
"590",590,514,18,2022,"MI",9.96248451339976,17.6061872439724,62.6813254026955,2.3150362234721,0.00778963538197665,2022.34615384615,18,0,10083356,5.09750920229336,2019-05-05,93.1069671318515
"591",591,615,19,2022,"MI",15.594502131944,11.9741696254282,63.7681554155001,1.63626922032285,0.00746785098135977,2022.36538461538,19,0,10083356,6.09915984321093,2019-05-12,84.6469120211074
"592",592,918,20,2022,"MI",17.4136970694272,10.154974687945,66.0145232903106,1.18822196895965,0.00741085937393594,2022.38461538462,20,0,10083356,9.10411176596363,2019-05-19,70.1994349523386
"593",593,736,21,2022,"MI",16.6290403949986,10.9396313623736,64.9428170597203,1.01286938473121,0.00702798420155616,2022.40384615385,21,0,10083356,7.29915714569633,2019-05-26,77.9865853620809
"594",594,776,22,2022,"MI",20.6236566477931,6.94501510957912,67.5566211868594,1.34824450093483,0.00617400265017585,2022.42307692308,22,0,10083356,7.695850468832,2019-06-02,65.665396874168
"595",595,918,23,2022,"MI",17.2967926720861,10.2718790852862,64.6041244618465,1.35423522193366,0.00444051894362683,2022.44230769231,23,0,10083356,9.10411176596363,2019-06-09,80.6202541403742
"596",596,645,24,2022,"MI",21.9214971037209,5.64717465365128,59.5671478139608,1.36025658755212,0.00308647240065707,2022.46153846154,24,0,10083356,6.39667983556268,2019-06-16,78.0557251427204
"597",597,676,25,2022,"MI",22.43451745849,5.13415429888226,57.7301039195601,1.01817968298314,0.00375645436565629,2022.48076923077,25,0,10083356,6.70411716099283,2019-06-23,75.2729810039869
"598",598,655,26,2022,"MI",22.47559248879,5.09307926858226,56.2803782870686,0.762706899615832,0.00352002514506743,2022.5,26,0,10083356,6.4958531663466,2019-06-30,73.2780256780517
"599",599,585,27,2022,"MI",23.5850720510582,3.98359970631397,57.918668768795,0.996343752474647,0.00342557907638421,2022.51923076923,27,0,10083356,5.80163985085918,2019-07-07,73.5855113737812
"600",600,565,28,2022,"MI",21.5577277424,6.01094401497224,60.6740136793061,1.77291938688148,0.00189146682248779,2022.53846153846,28,0,10083356,5.60329318929134,2019-07-14,77.5231513093431
"601",601,696,29,2022,"MI",23.6649524265317,3.90371933084047,63.6087389678174,2.39730375771139,0.00210885476356614,2022.55769230769,29,0,10083356,6.90246382256066,2019-07-21,77.1338895250165
"602",602,857,30,2022,"MI",23.5089019956086,4.05976976176366,66.2306042572605,3.38459200455362,0.00245784571459475,2022.57692307692,30,0,10083356,8.49915444818174,2019-07-28,78.7449562733778
"603",603,908,31,2022,"MI",22.8141225241076,4.75454923326457,66.2983494701664,4.06522208404773,0.00591023464806756,2022.59615384615,31,0,10083356,9.00493843517972,2019-08-04,72.0386771318826
"604",604,1039,32,2022,"MI",23.6672977469421,3.90137401043008,67.4903830392395,4.99599366849519,0.00645529127405597,2022.61538461538,32,0,10083356,10.304109068449,2019-08-11,62.3313245124545
"605",605,978,33,2022,"MI",19.6120922716955,7.9565794856767,68.9678889780242,5.67597372779313,0.00730712406993596,2022.63461538462,33,0,10083356,9.69915175066714,2019-08-18,62.2016388289923
"606",606,1301,34,2022,"MI",21.8338631120163,5.7348086453559,67.9256337279357,6.52990852650066,0.00417215591052555,2022.65384615385,34,0,10083356,12.9024503349877,2019-08-25,68.7889501322104
"607",607,1139,35,2022,"MI",22.1953914080291,5.37328034934306,68.4437721769674,6.66127875539728,0.00330128183513504,2022.67307692308,35,0,10083356,11.2958423762882,2019-09-01,59.5833275443394
"608",608,968,36,2022,"MI",21.1055279784991,6.46314377887306,68.7913628759233,6.79731426717713,0.00199411121984915,2022.69230769231,36,0,10083356,9.59997841988322,2019-09-08,59.0876745338409
"609",609,998,37,2022,"MI",19.7105657806588,7.85810597671338,68.6662509220924,6.30783573109757,0.006386431924715,2022.71153846154,37,0,10083356,9.89749841223497,2019-09-15,74.3100730291254
"610",610,1250,38,2022,"MI",20.881517863734,6.68715389363818,68.8267962737155,5.87618155311911,0.0102144233196434,2022.73076923077,38,0,10083356,12.3966663479897,2019-09-22,78.9466058626487
"611",611,1150,39,2022,"MI",12.038707493971,15.5299642634012,66.6665830759514,5.10896072539014,0.014448992313009,2022.75,39,0,10083356,11.4049330401505,2019-09-29,72.3838660733693
"612",612,827,40,2022,"MI",13.1937453098787,14.3749264474935,65.3653449568988,4.49576235236695,0.014246579544879,2022.76923076923,40,0,10083356,8.20163445582998,2019-10-06,88.5203813551338
"613",613,867,41,2022,"MI",11.3622379404041,16.2064338169681,64.3110211795806,3.65761048808086,0.0151120652026303,2022.78846153846,41,0,10083356,8.59832777896565,2019-10-13,107.713336803756
"614",614,887,42,2022,"MI",6.04371303523416,21.5249587221381,64.8138470321313,3.04127992530822,0.015578477377307,2022.80769230769,42,0,10083356,8.79667444053349,2019-10-20,118.604085170911
"615",615,988,43,2022,"MI",13.783905058115,13.7847666992572,66.3484811975046,2.3739890053658,0.0152375194660719,2022.82692307692,43,0,10083356,9.79832508145106,2019-10-27,123.848091190608
"616",616,837,44,2022,"MI",10.7243073092199,16.8443644481523,66.3356712507379,1.89583282990183,0.0136959030968129,2022.84615384615,44,0,10083356,8.3008077866139,2019-11-03,135.814113792471
"617",617,666,45,2022,"MI",12.1740642481016,15.3946075092706,68.2556677102762,1.49427948817158,0.0120521381968464,2022.86538461538,45,0,10083356,6.60494383020891,2019-11-10,133.134130394766
"618",618,635,46,2022,"MI",2.68487558766665,24.8837961697056,69.1067181633195,1.19052790690357,0.0100324402576549,2022.88461538462,46,0,10083356,6.29750650477877,2019-11-17,134.742835737873
"619",619,817,47,2022,"MI",-2.13853646641564,29.7072082237878,67.509581111425,0.86965177835701,0.00795485815106266,2022.90384615385,47,0,10083356,8.10246112504607,2019-11-24,128.286640199791
"620",620,766,48,2022,"MI",3.72292459724579,23.8457471601264,71.4605700285684,0.630770811415403,0.00652183657901198,2022.92307692308,48,0,10083356,7.59667713804809,2019-12-01,130.832147784572
"621",621,887,49,2022,"MI",2.25446733036053,25.3142044270117,71.4660433274915,0.494686079428397,0.00587397026677757,2022.94230769231,49,0,10083356,8.79667444053349,2019-12-08,136.899862518711
"622",622,918,50,2022,"MI",0.6705890578844,26.8980826994878,71.7450317722799,0.383081871011902,0.00627046524325167,2022.96153846154,50,0,10083356,9.10411176596363,2019-12-15,134.185308696367
"623",623,948,51,2022,"MI",-2.24644459787349,29.8151163552457,77.1943397084269,0.480912216763848,0.00567119386310139,2022.98076923077,51,0,10083356,9.40163175831539,2019-12-22,106.269490306444
"624",624,857,52,2022,"MI",-6.1500677397656,33.7187394971378,78.9491349252514,0.593635797593665,0.00428289946323425,2023,52,0,10083356,8.49915444818174,2019-12-29,121.361562782976
"625",625,1049,53,2022,"MI",6.6588351352246,20.9098366221476,78.2602264282401,0.630226460046033,0.00363685132873089,2023.01923076923,53,0,10083356,10.403282399233,NA,100
"626",626,938,2,2023,"MI",0.344082881183992,27.2245888761882,80.326894647671,0.668536888417174,0.00299080319422752,2023.03846153846,54,0,10083356,9.30245842753147,2019-01-13,114.231370404972
"627",627,545,3,2023,"MI",0.856335259710931,26.7123364976613,78.0214751881619,0.620539447618756,0.00292012566715551,2023.05769230769,55,0,10083356,5.40494652772351,2019-01-20,127.399206067823
"628",628,514,4,2023,"MI",-1.23075018475971,28.7994219421319,74.9862788663777,0.575226199363403,0.00236538311252721,2023.07692307692,56,0,10083356,5.09750920229336,2019-01-27,119.615613002243
"629",629,454,5,2023,"MI",-7.41413711948918,34.9828088768614,73.6234134453488,0.547084614811828,0.00190792959539792,2023.09615384615,57,0,10083356,4.50246921758986,2019-02-03,131.050586429466
"630",630,393,6,2023,"MI",-0.197347368057783,27.76601912543,70.8100831432688,0.964525875857896,0.0015651865642087,2023.11538461538,58,0,10083356,3.89751189980796,2019-02-10,126.129616145952
"631",631,565,7,2023,"MI",1.83779640090186,25.7308753564703,69.4029997091088,1.40178718037366,0.00143464140312014,2023.13461538462,59,0,10083356,5.60329318929134,2019-02-17,124.610554009769
"632",632,514,8,2023,"MI",-0.150356614778224,27.7190283721504,70.9929366687663,2.08942743299636,0.00119639400480024,2023.15384615385,60,0,10083356,5.09750920229336,2019-02-24,129.222756807617
"633",633,484,9,2023,"MI",0.580980766995479,26.9876909903767,71.0897646416496,2.68709074440496,0.00109583224738535,2023.17307692308,61,0,10083356,4.79998920994161,2019-03-03,135.596658761384
"634",634,514,10,2023,"MI",0.441947641008187,27.126724116364,69.7489459187833,3.57145971202654,0.00105037780410939,2023.19230769231,62,0,10083356,5.09750920229336,2019-03-10,127.11122532705
"635",635,625,11,2023,"MI",-0.186666825783187,27.7553385831554,68.9438271143229,4.24547569086139,0.00111864211346565,2023.21153846154,63,0,10083356,6.19833317399485,2019-03-17,125.036137261022
"636",636,696,12,2023,"MI",2.236014563752,25.3326571936202,66.0670422032375,5.15261757006822,0.00319886884221218,2023.23076923077,64,0,10083356,6.90246382256066,2019-03-24,113.256689454049
"637",637,807,13,2023,"MI",3.33535760051997,24.2333141568522,62.1496760460579,4.94825260585028,0.00316191024760671,2023.25,65,0,10083356,8.00328779426215,2019-03-31,105.051639611815
"638",638,585,14,2023,"MI",7.87513636211389,19.6935353952583,61.8451377598291,4.75702753571717,0.00277153095986428,2023.26923076923,66,0,10083356,5.80163985085918,2019-04-07,113.123964292502
"639",639,424,15,2023,"MI",13.4114697078526,14.1572020495196,61.5593350131499,4.2091386185264,0.000930278900530065,2023.28846153846,67,0,10083356,4.20494922523811,2019-04-14,111.33861928366
"640",640,524,16,2023,"MI",10.4228548883726,17.1458168689996,62.9259763124879,3.75647134870323,0.000963832544111957,2023.30769230769,68,0,10083356,5.19668253307728,2019-04-21,73.0368331748242
"641",641,595,17,2023,"MI",5.92916369035626,21.639508067016,64.1273129969482,3.52122349841771,0.00159285592349742,2023.32692307692,69,0,10083356,5.9008131816431,2019-04-28,86.8855282728085
"642",642,474,18,2023,"MI",7.88148769276459,19.6871840646076,63.4002614208507,3.30814899116606,0.00162988063365675,2023.34615384615,70,0,10083356,4.70081587915769,2019-05-05,93.1069671318515
"643",643,413,19,2023,"MI",15.7410490707854,11.8276226865868,61.3217277680139,2.60091892327536,0.00404737350534613,2023.36538461538,71,0,10083356,4.0958585613758,2019-05-12,84.6469120211074
"644",644,313,20,2023,"MI",14.0117471520128,13.5569246053594,56.0778342262398,2.09314511304298,0.00371009237989763,2023.38461538462,72,0,10083356,3.10412525353662,2019-05-19,70.1994349523386
"645",645,262,21,2023,"MI",14.9455708222624,12.6231009351098,50.4696178980878,1.42949490774895,0.00337281125445312,2023.40384615385,73,0,10083356,2.59834126653864,2019-05-26,77.9865853620809
"646",646,232,22,2023,"MI",21.4757923923952,6.09287936497702,50.3643520694369,1.00031667000506,0.0030355301290086,2023.42307692308,74,0,10083356,2.30082127418689,2019-06-02,65.665396874168
"647",647,192,23,2023,"MI",19.659732123656,7.90893963371623,51.0537371850507,0.845545698269815,0.00269824900356409,2023.44230769231,75,0,10083356,1.90412795105122,2019-06-09,80.6202541403742
"648",648,151,24,2023,"MI",17.0100064877211,10.5586652696511,55.3757139733159,0.71300496276991,0.00236096787811559,2023.46153846154,76,0,10083356,1.49751729483716,2019-06-16,78.0557251427204
"649",649,151,25,2023,"MI",21.5248621588773,6.04380959849495,61.9007226937943,0.516110956620758,0.00202368675267107,2023.48076923077,77,0,10083356,1.49751729483716,2019-06-23,75.2729810039869
"650",650,101,26,2023,"MI",21.5779690727094,5.99070268466285,66.1993400102032,0.359813076537273,0.00168640562722656,2023.5,78,0,10083356,1.00165064091757,2019-06-30,73.2780256780517
"651",651,91,27,2023,"MI",23.5985548450958,3.97011691227644,68.1533521859096,0.297253006245294,0.00134912450178204,2023.51923076923,79,0,10083356,0.90247731013365,2019-07-07,73.5855113737812
"652",652,91,28,2023,"MI",21.1347400470136,6.43393171035861,69.4658478513676,0.240196080333763,0.00101184337633753,2023.53846153846,80,0,10083356,0.90247731013365,2019-07-14,77.5231513093431
"653",653,50,29,2023,"MI",21.4313285383411,6.13734321903116,68.7476135566233,0.212225680864058,0.000674562250889028,2023.55769230769,81,0,10083356,0.495866653919588,2019-07-21,77.1338895250165
"654",654,101,30,2023,"MI",22.7420407791563,4.82663097821592,69.1823462322238,0.18548909928649,0.000337281125444514,2023.57692307692,82,0,10083356,1.00165064091757,2019-07-28,78.7449562733778
"655",655,192,31,2023,"MI",22.0909038470637,5.47776791030849,69.7087613698726,0.182114694721772,0,2023.59615384615,83,0,10083356,1.90412795105122,2019-08-04,72.0386771318826
"656",656,151,32,2023,"MI",20.8974060698908,6.67126568748143,70.3400389295358,0.198568601603966,0,2023.61538461538,84,0,10083356,1.49751729483716,2019-08-11,62.3313245124545
"657",657,222,33,2023,"MI",19.889715810919,7.67895594645319,70.5135467610645,0.207674533564032,0,2023.63461538462,85,0,10083356,2.20164794340297,2019-08-18,62.2016388289923
"658",658,222,34,2023,"MI",22.3907653347961,5.17790642257615,70.7253599517808,0.216919886455881,0,2023.65384615385,86,0,10083356,2.20164794340297,2019-08-25,68.7889501322104
"659",659,363,35,2023,"MI",17.6587743555678,9.90989740180444,71.7065780825398,0.25678814029615,0,2023.67307692308,87,0,10083356,3.59999190745621,2019-09-01,59.5833275443394
"660",660,353,36,2023,"MI",22.741772655613,4.82689910175923,72.2516116002583,0.299357172284511,0,2023.69230769231,88,0,10083356,3.50081857667229,2019-09-08,59.0876745338409
"661",661,403,37,2023,"MI",16.310332178855,11.2583395785172,72.4813733792851,0.30339781908196,0,2023.71153846154,89,0,10083356,3.99668523059188,2019-09-15,74.3100730291254
"662",662,524,38,2023,"MI",17.4812740842078,10.0873976731645,74.5703423048876,0.307463674893917,0,2023.73076923077,90,0,10083356,5.19668253307728,2019-09-22,78.9466058626487
"663",663,615,39,2023,"MI",16.9558035058791,10.6128682514931,73.264460089809,0.324049702285512,0,2023.75,91,0,10083356,6.09915984321093,2019-09-29,72.3838660733693
"664",664,373,40,2023,"MI",19.3878224045437,8.18084935282854,74.0719018904316,0.341061945601082,0.0172696344301032,2023.76923076923,92,0,10083356,3.69916523824013,2019-10-06,88.5203813551338
"665",665,484,41,2023,"MI",9.29824379021142,18.2704279671608,74.7909480690137,0.309682997095659,0.0167011531332622,2023.78846153846,93,0,10083356,4.79998920994161,2019-10-13,107.713336803756
"666",666,565,42,2023,"MI",10.0862597046044,17.4824120527678,72.7296380746269,0.279738920450342,0.0144284007199297,2023.80769230769,94,0,10083356,5.60329318929134,2019-10-20,118.604085170911
"667",667,383,43,2023,"MI",13.0815728017323,14.4870989556399,71.9688579822736,0.251289772310818,0.0113472475866675,2023.82692307692,95,0,10083356,3.79833856902404,2019-10-27,123.848091190608
"668",668,434,44,2023,"MI",5.21325915418105,22.3554126031912,70.2906946071313,0.281358031088933,0.00835356413003734,2023.84615384615,96,0,10083356,4.30412255602202,2019-11-03,135.814113792471
"669",669,313,45,2023,"MI",7.8914332665256,19.6772384908466,68.8292851759187,0.296370557850288,0.0102684938570351,2023.86538461538,97,0,10083356,3.10412525353662,2019-11-10,133.134130394766
"670",670,353,46,2023,"MI",7.10635116566747,20.4623205917047,68.4739796394698,0.311739031640302,0.00818295179151509,2023.88461538462,98,0,10083356,3.50081857667229,2019-11-17,134.742835737873
"671",671,474,47,2023,"MI",3.03804557607815,24.5306261812941,72.1678219746708,0.366024669324988,0.00707289599280197,2023.90384615385,99,0,10083356,4.70081587915769,2019-11-24,128.286640199791
"672",672,655,48,2023,"MI",-1.18481918189343,28.7534909392656,72.7486796543481,0.424997447659177,0.00647565835864779,2023.92307692308,100,0,10083356,6.4958531663466,2019-12-01,130.832147784572
"673",673,655,49,2023,"MI",2.37678590827168,25.1918858491005,73.1481163630524,0.379777258936743,0.00455971524855908,2023.94230769231,101,0,10083356,6.4958531663466,2019-12-08,136.899862518711
"674",674,776,50,2023,"MI",2.8653244769244,24.7033472804478,77.2840999407505,0.33733878826406,0.00407137804650742,2023.96153846154,102,0,10083356,7.695850468832,2019-12-15,134.185308696367
"675",675,958,51,2023,"MI",2.20769870951156,25.3609730478607,77.8203357472838,0.313637223945308,0.00354397108857422,2023.98076923077,103,0,10083356,9.5008050890993,2019-12-22,106.269490306444
"676",676,968,52,2023,"MI",6.52070200075465,21.0479697566176,78.9380723672149,0.426933900266541,0.0030249356163593,2024,104,0,10083356,9.59997841988322,2019-12-29,121.361562782976
"677",677,958,1,2024,"MI",-0.964954484091553,28.5336262414638,81.8060889262509,1.01816359942308,0.00217833095386569,2024.01923076923,105,0,10083356,9.5008050890993,2019-01-06,121.599086521602
"678",678,988,53,2023,"MI",1.40575013875765,26.1629216186146,81.4554587085428,0.671816868207755,0.00217833095386569,2024.01923076923,106,0,10083356,9.79832508145106,NA,100
"679",679,817,2,2024,"MI",-0.30795169654275,27.876623453915,81.5295278667609,1.38057322875046,0.00185892016755726,2024.03846153846,107,0,10083356,8.10246112504607,2019-01-13,114.231370404972
"680",680,645,3,2024,"MI",-12.4598126148188,40.028484372191,82.4452424995777,1.90163050960256,0.00160638757924002,2024.05769230769,108,0,10083356,6.39667983556268,2019-01-20,127.399206067823
"681",681,474,4,2024,"MI",-1.48478029388093,29.0534520512531,82.4045718299097,2.34359383779822,0.00140746741168276,2024.07692307692,109,0,10083356,4.70081587915769,2019-01-27,119.615613002243
"682",682,585,5,2024,"MI",0.825297279827634,26.7433744775446,78.6820297110563,2.94438481954501,0.00124889388765426,2024.09615384615,110,0,10083356,5.80163985085918,2019-02-03,131.050586429466
"683",683,534,6,2024,"MI",3.16918495018931,24.3994868071829,74.7309765284573,2.74534357900174,0.0012974187038516,2024.11538461538,111,0,10083356,5.2958558638612,2019-02-10,126.129616145952
"684",684,464,7,2024,"MI",-1.44662701740899,29.0152987747812,68.4210420707805,2.56542536122392,0.00116971653169065,2024.13461538462,112,0,10083356,4.60164254837378,2019-02-17,124.610554009769
"685",685,484,8,2024,"MI",1.1071085959518,26.4615631614204,66.6353529012983,2.43740256430167,0.00106215359167755,2024.15384615385,113,0,10083356,4.79998920994161,2019-02-24,129.222756807617
"686",686,504,9,2024,"MI",3.9819145563853,23.5867572009869,66.0338136325913,2.31825485419803,0.000970711172780191,2024.17307692308,114,0,10083356,4.99833587150945,2019-03-03,135.596658761384
"687",687,524,10,2024,"MI",8.1562251538094,19.4124466035628,65.2178223232352,2.00331045509852,0.000862167881821077,2024.19230769231,115,0,10083356,5.19668253307728,2019-03-10,127.11122532705
"688",688,222,11,2024,"MI",7.39555519340687,20.1731165639653,64.3634772929513,1.74296805694026,0.000790603954803514,2024.21153846154,116,0,10083356,2.20164794340297,2019-03-17,125.036137261022
"689",689,202,12,2024,"MI",-0.383401999253026,27.9520737566252,64.7183965298067,1.47385666885782,0.000716258055424997,2024.23076923077,117,0,10083356,2.00330128183514,2019-03-24,113.256689454049
"690",690,252,13,2024,"MI",3.92000185626936,23.6486699011028,62.8302960034734,1.25283228546268,0.000630970107950415,2024.25,118,0,10083356,2.49916793575472,2019-03-31,105.051639611815
"691",691,282,14,2024,"MI",5.15776306906142,22.4109086883108,62.645688369075,0.846218229880042,0.000709652437798114,2024.26923076923,119,0,10083356,2.79668792810648,2019-04-07,113.123964292502
"692",692,192,15,2024,"MI",10.3298179897759,17.2388537675963,62.24274755739,0.563942076999642,0.000539563040004432,2024.28846153846,120,0,10083356,1.90412795105122,2019-04-14,111.33861928366
"693",693,141,16,2024,"MI",12.199429206629,15.3692425507432,62.690297952547,0.48113293601691,0.000355474992862561,2024.30769230769,121,0,10083356,1.39834396405324,2019-04-21,73.0368331748242
"694",694,101,17,2024,"MI",8.9010567714748,18.6676149858974,63.5612905180318,0.406652137233553,0.000175911952858129,2024.32692307692,122,0,10083356,1.00165064091757,2019-04-28,86.8855282728085
"695",695,101,18,2024,"MI",16.8507219504875,10.7179498068847,64.5094621259486,0.324518181086213,1.93975764767602e-05,2024.34615384615,123,0,10083356,1.00165064091757,2019-05-05,93.1069671318515
"696",696,61,19,2024,"MI",14.387753539621,13.1809182177512,66.8035395532136,0.251446623872347,0,2024.36538461538,124,0,10083356,0.604957317781897,2019-05-12,84.6469120211074
"697",697,101,20,2024,"MI",16.8419444264355,10.7267273309367,66.3293906905775,0.155280047998214,0,2024.38461538462,125,0,10083356,1.00165064091757,2019-05-19,70.1994349523386
"698",698,91,21,2024,"MI",21.3335478027705,6.23512395460169,65.6927022450639,0.19759554577571,0,2024.40384615385,126,0,10083356,0.90247731013365,2019-05-26,77.9865853620809
"699",699,101,22,2024,"MI",16.5429326315325,11.0257391258397,64.8360717460322,0.251061203925095,0,2024.42307692308,127,0,10083356,1.00165064091757,2019-06-02,65.665396874168
"700",700,71,23,2024,"MI",19.4952930731173,8.07337868425486,64.2298569926684,0.309523806271572,0,2024.44230769231,128,0,10083356,0.704130648565815,2019-06-09,80.6202541403742
"701",701,91,24,2024,"MI",18.7806771199499,8.78799463742229,65.6550317600198,0.293955168080989,0,2024.46153846154,129,0,10083356,0.90247731013365,2019-06-16,78.0557251427204
"702",702,151,25,2024,"MI",25.6180830579094,1.95058869946277,65.7312224370688,0.278752364736302,0,2024.48076923077,130,0,10083356,1.49751729483716,2019-06-23,75.2729810039869
"703",703,232,26,2024,"MI",21.9285186409571,5.64015311641514,67.9287885543574,0.309616456297221,0,2024.5,131,0,10083356,2.30082127418689,2019-06-30,73.2780256780517
"704",704,151,27,2024,"MI",20.5458907479421,7.02278100943014,70.4864151876292,0.342007274518463,0,2024.51923076923,132,0,10083356,1.49751729483716,2019-07-07,73.5855113737812
"705",705,141,28,2024,"MI",22.4087616203882,5.15991013698401,70.2147135211033,0.364263034121526,0,2024.53846153846,133,0,10083356,1.39834396405324,2019-07-14,77.5231513093431
"706",706,151,29,2024,"MI",22.2711481774849,5.29752357988736,71.4376188350828,0.387269418110939,0,2024.55769230769,134,0,10083356,1.49751729483716,2019-07-21,77.1338895250165
"707",707,363,30,2024,"MI",21.4337650027106,6.13490675466159,71.0874464239467,0.32702491145355,0,2024.57692307692,135,0,10083356,3.59999190745621,2019-07-28,78.7449562733778
"708",708,313,31,2024,"MI",24.5433829429776,3.02528881439462,69.4553884551897,0.280277184034652,0,2024.59615384615,136,0,10083356,3.10412525353662,2019-08-04,72.0386771318826
"709",709,272,32,2024,"MI",21.3495567572401,6.21911500013213,69.9014901630725,0.348542061394265,0,2024.61538461538,137,0,10083356,2.69751459732256,2019-08-11,62.3313245124545
"710",710,373,33,2024,"MI",20.8677265506676,6.70094520670459,70.1433849941717,0.424496783906866,0,2024.63461538462,138,0,10083356,3.69916523824013,2019-08-18,62.2016388289923
"711",711,383,34,2024,"MI",18.6056791366335,8.96299262073875,68.6265835841988,0.560924597506186,0,2024.65384615385,139,0,10083356,3.79833856902404,2019-08-25,68.7889501322104
"712",712,494,35,2024,"MI",24.1979075296451,3.37076422772714,68.3314034658564,0.726252336113476,0,2024.67307692308,140,0,10083356,4.89916254072553,2019-09-01,59.5833275443394
"713",713,514,36,2024,"MI",18.0850836778742,9.48358807949803,66.6622691609583,0.822920449485302,0.00830296701897713,2024.69230769231,141,0,10083356,5.09750920229336,2019-09-08,59.0876745338409
"714",714,545,37,2024,"MI",19.4533426107693,8.11532914660295,67.8923153458008,0.931057407501618,0.00939714336762304,2024.71153846154,142,0,10083356,5.40494652772351,2019-09-15,74.3100730291254
"715",715,504,38,2024,"MI",21.544391869635,6.02427988773721,68.6206996936351,0.966371460801094,0.00996385780549451,2024.73076923077,143,0,10083356,4.99833587150945,2019-09-22,78.9466058626487
"716",716,926,1,2022,"MN",-14.7646041643976,45.2551184783934,73.2691445897667,0.652454822164436,0.0168117260044878,2022.01923076923,1,0,5753048,16.0958156441594,2019-01-06,123.291791583554
"717",717,1473,2,2022,"MN",-12.3677490608113,42.858263374807,74.586916914201,1.03592215030997,0.021137548884232,2022.03846153846,2,0,5753048,25.6038190538302,2019-01-13,113.767021522305
"718",718,1599,3,2022,"MN",-10.6607591884037,41.1512735023994,74.930919236737,0.878102770090359,0.0212644381436298,2022.05769230769,3,0,5753048,27.793962435217,2019-01-20,115.822570728288
"719",719,1444,4,2022,"MN",-15.394310214867,45.8848245288628,75.4443521571021,1.2117269189816,0.0178020416308016,2022.07692307692,4,0,5753048,25.0997384343047,2019-01-27,112.105053018084
"720",720,1162,5,2022,"MN",-12.6063824192598,43.0968967332556,74.6083271680968,1.56450086807015,0.0146493360273256,2022.09615384615,5,0,5753048,20.1979889616774,2019-02-03,100.00833005311
"721",721,794,6,2022,"MN",-9.69608216274523,40.186596476741,73.4573905680185,2.05116681030869,0.0122781292050173,2022.11538461538,6,0,5753048,13.8013797208019,2019-02-10,110.612973761862
"722",722,610,7,2022,"MN",-11.2490337659368,41.7395480799326,73.2721281100245,2.26008664369783,0.0100036247452365,2022.13461538462,7,0,5753048,10.6030751003642,2019-02-17,111.777156226172
"723",723,408,8,2022,"MN",-11.0640962086486,41.5546105226444,72.8503402499189,2.49971985079291,0.00809611415259065,2022.15384615385,8,0,5753048,7.09189285401408,2019-02-24,123.018611805117
"724",724,362,9,2022,"MN",-6.33323776881753,36.8237520828133,70.3795693827955,2.42515923355571,0.0065478334267331,2022.17307692308,9,0,5753048,6.29231669890465,2019-03-03,124.246808439077
"725",725,270,10,2022,"MN",-4.96195979198807,35.4524741059838,70.5353037934473,2.35370933227521,0.00527552235499049,2022.19230769231,10,0,5753048,4.69316438868579,2019-03-10,123.946273840969
"726",726,224,11,2022,"MN",-2.05201226747058,32.5425265814663,66.9384698432403,1.74216981015659,0.00421538866585735,2022.21153846154,11,0,5753048,3.89358823357636,2019-03-17,121.879427692529
"727",727,178,12,2022,"MN",4.42197337269475,26.068540941301,65.2314255465469,1.31925935059916,0.00378373342270045,2022.23076923077,12,0,5753048,3.09401207846693,2019-03-24,114.755398902661
"728",728,207,13,2022,"MN",-0.659813974753643,31.1503282887494,64.8316842077737,0.859624797789052,0.0058554468286492,2022.25,13,0,5753048,3.59809269799244,2019-03-31,114.360434119991
"729",729,178,14,2022,"MN",2.89269432290446,27.5978199910913,62.137218411144,1.5770507042829,0.00903051738834788,2022.26923076923,14,0,5753048,3.09401207846693,2019-04-07,115.243347705353
"730",730,178,15,2022,"MN",5.13016579803385,25.3603485159619,62.3702299901167,2.26827821987591,0.0121794568722528,2022.28846153846,15,0,5753048,3.09401207846693,2019-04-14,95.7714809643009
"731",731,201,16,2022,"MN",1.8849331889085,28.6055811250873,64.9403588995986,3.46622925141509,0.0128440900661122,2022.30769230769,16,0,5753048,3.49380015602164,2019-04-21,88.5074113665929
"732",732,276,17,2022,"MN",6.77664236967868,23.7138719443171,63.9994372399542,2.80547657667119,0.0121320617059571,2022.32692307692,17,0,5753048,4.79745693065658,2019-04-28,86.5357591701628
"733",733,362,18,2022,"MN",9.08300129601521,21.4075130179805,64.7923997930677,2.3150362234721,0.0113381057600539,2022.34615384615,18,0,5753048,6.29231669890465,2019-05-05,88.7282070381521
"734",734,454,19,2022,"MN",17.0506558119867,13.4398585020091,64.1461264143853,1.63626922032285,0.0106588716103186,2022.36538461538,19,0,5753048,7.89146900912351,2019-05-12,82.1006211360178
"735",735,570,20,2022,"MN",17.220381203027,13.2701331109688,63.5746134089207,1.18822196895965,0.010811776064908,2022.38461538462,20,0,5753048,9.90779148722555,2019-05-19,78.3711256216118
"736",736,524,21,2022,"MN",11.618836772454,18.8716775415417,62.099403391036,1.01286938473121,0.0100965030478916,2022.40384615385,21,0,5753048,9.10821533211612,2019-05-26,73.0087190882062
"737",737,478,22,2022,"MN",19.0629194390204,11.4275948749754,63.1376695971593,1.34824450093483,0.0096114268471252,2022.42307692308,22,0,5753048,8.30863917700669,2019-06-02,69.665858226525
"738",738,501,23,2022,"MN",16.7192724716393,13.7712418423565,63.1520220243951,1.35423522193366,0.00742800454066551,2022.44230769231,23,0,5753048,8.70842725456141,2019-06-09,66.8638166845469
"739",739,541,24,2022,"MN",21.8755631458873,8.61495116810843,61.1167211885951,1.36025658755212,0.00708424473426955,2022.46153846154,24,0,5753048,9.40371086770004,2019-06-16,66.9717384896642
"740",740,449,25,2022,"MN",24.4509418891008,6.03957242489493,60.9923302509273,1.01817968298314,0.00632812380498128,2022.48076923077,25,0,5753048,7.80455855748118,2019-06-23,66.1305391851285
"741",741,501,26,2022,"MN",22.9710442689085,7.51947004508723,61.9205785024945,0.762706899615832,0.0064423241384393,2022.5,26,0,5753048,8.70842725456141,2019-06-30,68.2398434338961
"742",742,529,27,2022,"MN",23.7839443367153,6.70656997728046,61.9635962671588,0.996343752474647,0.00584687166408716,2022.51923076923,27,0,5753048,9.19512578375845,2019-07-07,71.0741234797926
"743",743,564,28,2022,"MN",23.4340327253208,7.05648158867493,62.6429929154724,1.77291938688148,0.00585057984335723,2022.53846153846,28,0,5753048,9.80349894525476,2019-07-14,74.2244844150055
"744",744,593,29,2022,"MN",25.6249431580217,4.86557115597408,64.1015500058604,2.39730375771139,0.0067698606605287,2022.55769230769,29,0,5753048,10.3075795647803,2019-07-21,70.8209703998579
"745",745,558,30,2022,"MN",22.2757314955086,8.21478281848711,63.8569851367378,3.38459200455362,0.0072355268604283,2022.57692307692,30,0,5753048,9.69920640328396,2019-07-28,76.2195466921366
"746",746,616,31,2022,"MN",23.0428190299595,7.44769528403628,65.0042287543792,4.06522208404773,0.00706842703207064,2022.59615384615,31,0,5753048,10.707367642335,2019-08-04,75.9450413383824
"747",747,547,32,2022,"MN",22.1913038423028,8.29921047169295,68.8466804962254,4.99599366849519,0.00633948010399588,2022.61538461538,32,0,5753048,9.50800340967084,2019-08-11,79.5522105573912
"748",748,627,33,2022,"MN",21.0528036571318,9.43771065686393,70.7998912450829,5.67597372779313,0.00553665929202514,2022.63461538462,33,0,5753048,10.8985706359481,2019-08-18,84.4037798036084
"749",749,616,34,2022,"MN",20.8956748420032,9.59483947199258,70.6167359796198,6.52990852650066,0.00523380533820217,2022.65384615385,34,0,5753048,10.707367642335,2019-08-25,96.2713092646659
"750",750,604,35,2022,"MN",22.1679967792444,8.32251753475135,69.8636054914641,6.66127875539728,0.0044878239616055,2022.67307692308,35,0,5753048,10.4987825583934,2019-09-01,79.5990752520162
"751",751,535,36,2022,"MN",21.5403193968172,8.95019491717857,68.3964725051829,6.79731426717713,0.00500806992513649,2022.69230769231,36,0,5753048,9.29941832572925,2019-09-08,86.1085022789106
"752",752,541,37,2022,"MN",18.7937618781879,11.6967524358078,66.3470877998734,6.30783573109757,0.00803000426904138,2022.71153846154,37,0,5753048,9.40371086770004,2019-09-15,91.560994931689
"753",753,558,38,2022,"MN",19.6345329087,10.8559814052957,64.8496762159854,5.87618155311911,0.0136487070274169,2022.73076923077,38,0,5753048,9.69920640328396,2019-09-22,92.8899165250257
"754",754,501,39,2022,"MN",12.3488829368386,18.1416313771572,62.8394108333183,5.10896072539014,0.0183929168213673,2022.75,39,0,5753048,8.70842725456141,2019-09-29,107.410165585002
"755",755,524,40,2022,"MN",16.1449083944331,14.3456059195627,60.8116905979941,4.49576235236695,0.021246824292097,2022.76923076923,40,0,5753048,9.10821533211612,2019-10-06,112.703853768345
"756",756,489,41,2022,"MN",11.0968083773675,19.3937059366282,58.8582971991526,3.65761048808086,0.0217584371507648,2022.78846153846,41,0,5753048,8.49984217061982,2019-10-13,100.110592081097
"757",757,437,42,2022,"MN",3.3165953997147,27.173918914281,59.1171818648278,3.04127992530822,0.0229644065777538,2022.80769230769,42,0,5753048,7.59597347353959,2019-10-20,109.108044684951
"758",758,575,43,2022,"MN",11.4723145516151,19.0181997623806,59.8935294671439,2.3739890053658,0.0229393763676808,2022.82692307692,43,0,5753048,9.99470193886788,2019-10-27,118.653251161413
"759",759,512,44,2022,"MN",12.4944292777544,17.9960850362414,62.6799388259199,1.89583282990183,0.022098083195783,2022.84615384615,44,0,5753048,8.89963024817453,2019-11-03,132.430319954679
"760",760,558,45,2022,"MN",7.4747501857438,23.015764128252,66.4902549188541,1.49427948817158,0.0197341768514128,2022.86538461538,45,0,5753048,9.69920640328396,2019-11-10,126.78879965156
"761",761,581,46,2022,"MN",-2.2242536651869,32.7147679791827,69.0645987194609,1.19052790690357,0.0173187615793692,2022.88461538462,46,0,5753048,10.0989944808387,2019-11-17,130.718891641754
"762",762,616,47,2022,"MN",-4.39972211555833,34.8902364295541,71.9535999446847,0.86965177835701,0.0140063145657745,2022.90384615385,47,0,5753048,10.707367642335,2019-11-24,113.785636384974
"763",763,633,48,2022,"MN",-1.76166051880889,32.2521748328046,75.5384714978742,0.630770811415403,0.0119015751882017,2022.92307692308,48,0,5753048,11.0028631779189,2019-12-01,130.9208585144
"764",764,713,49,2022,"MN",-7.58468193853598,38.0751962525317,77.9212309998704,0.494686079428397,0.0103995887629189,2022.94230769231,49,0,5753048,12.3934304041962,2019-12-08,132.990002038381
"765",765,673,50,2022,"MN",-0.481814823322707,30.9723291373185,77.9294276331912,0.383081871011902,0.010121765019169,2022.96153846154,50,0,5753048,11.6981467910575,2019-12-15,132.141988214557
"766",766,644,51,2022,"MN",-13.915940172838,44.4064544868338,81.127402291203,0.480912216763848,0.00863994181866725,2022.98076923077,51,0,5753048,11.194066171532,2019-12-22,109.955347289583
"767",767,656,52,2022,"MN",-12.7427793793925,43.2332936933882,82.5596720120152,0.593635797593665,0.00678040579532797,2023,52,0,5753048,11.4026512554736,2019-12-29,107.881974286944
"768",768,685,53,2022,"MN",-7.06413319095627,37.554647504952,81.6928081310101,0.630226460046033,0.00578429613890468,2023.01923076923,53,0,5753048,11.9067318749991,NA,100
"769",769,587,2,2023,"MN",-7.38859799992093,37.8791123139167,85.57651740289,0.668536888417174,0.0047881864824814,2023.03846153846,54,0,5753048,10.2032870228095,2019-01-13,113.767021522305
"770",770,403,3,2023,"MN",-1.39428939533048,31.8848037093262,83.3087366996282,0.620539447618756,0.00435067926891391,2023.05769230769,55,0,5753048,7.00498240237175,2019-01-20,115.822570728288
"771",771,397,4,2023,"MN",-6.19672696875562,36.6872412827514,80.8810854128312,0.575226199363403,0.00411578928827524,2023.07692307692,56,0,5753048,6.90068986040096,2019-01-27,112.105053018084
"772",772,397,5,2023,"MN",-17.5237212417573,48.0142355557531,79.2917384116556,0.547084614811828,0.00346320767704354,2023.09615384615,57,0,5753048,6.90068986040096,2019-02-03,100.00833005311
"773",773,397,6,2023,"MN",-4.49052987998273,34.9810441939785,77.1201547101339,0.964525875857896,0.00308282960035561,2023.11538461538,58,0,5753048,6.90068986040096,2019-02-10,110.612973761862
"774",774,449,7,2023,"MN",-3.68264309376952,34.1731574077653,76.5827992029862,1.40178718037366,0.00279532982632278,2023.13461538462,59,0,5753048,7.80455855748118,2019-02-17,111.777156226172
"775",775,368,8,2023,"MN",-7.82965234249208,38.3201666564878,78.2426998421255,2.08942743299636,0.00234623455253632,2023.15384615385,60,0,5753048,6.39660924087545,2019-02-24,123.018611805117
"776",776,374,9,2023,"MN",-4.55487724634854,35.0453915603443,78.4656574945421,2.68709074440496,0.00212936400553816,2023.17307692308,61,0,5753048,6.50090178284624,2019-03-03,124.246808439077
"777",777,357,10,2023,"MN",-1.05278625606207,31.5433005700578,77.1735639643272,3.57145971202654,0.00198990170080277,2023.19230769231,62,0,5753048,6.20540624726232,2019-03-10,123.946273840969
"778",778,316,11,2023,"MN",-3.04718460254712,33.5376989165429,75.7884558702613,4.24547569086139,0.00201835038864036,2023.21153846154,63,0,5753048,5.49274054379522,2019-03-17,121.879427692529
"779",779,253,12,2023,"MN",-3.3099707631933,33.800485077189,74.3620169857248,5.15261757006822,0.00193566957897795,2023.23076923077,64,0,5753048,4.39766885310187,2019-03-24,114.755398902661
"780",780,224,13,2023,"MN",-2.22959367447078,32.7201079884665,70.2555124613875,4.94825260585028,0.00181306790186117,2023.25,65,0,5753048,3.89358823357636,2019-03-31,114.360434119991
"781",781,253,14,2023,"MN",0.130116648272948,30.3603976657228,68.8444565212217,4.75702753571717,0.00169591261304731,2023.26923076923,66,0,5753048,4.39766885310187,2019-04-07,115.243347705353
"782",782,247,15,2023,"MN",14.0257425919451,16.4647717220507,67.4402283731626,4.2091386185264,0.00158379813042871,2023.28846153846,67,0,5753048,4.29337631113107,2019-04-14,95.7714809643009
"783",783,178,16,2023,"MN",4.04313630525929,26.4473780087365,64.3087868925,3.75647134870323,0.0015295080683028,2023.30769230769,68,0,5753048,3.09401207846693,2019-04-21,88.5074113665929
"784",784,155,17,2023,"MN",5.41064824799556,25.0798660660002,65.0073497813515,3.52122349841771,0.00186092659056555,2023.32692307692,69,0,5753048,2.69422400091221,2019-04-28,86.5357591701628
"785",785,150,18,2023,"MN",9.55538826449638,20.9351260494994,65.6144984799791,3.30814899116606,0.00228221051982647,2023.34615384615,70,0,5753048,2.60731354926988,2019-05-05,88.7282070381521
"786",786,138,19,2023,"MN",17.1684151130404,13.3220992009554,63.0828165919939,2.60091892327536,0.00435245865854285,2023.36538461538,71,0,5753048,2.39872846532829,2019-05-12,82.1006211360178
"787",787,115,20,2023,"MN",15.8712567099408,14.6192576040549,60.3548934136176,2.09314511304298,0.00398975377032773,2023.38461538462,72,0,5753048,1.99894038777358,2019-05-19,78.3711256216118
"788",788,92,21,2023,"MN",17.7482299517568,12.742284362239,58.9986128013929,1.42949490774895,0.0036270488821169,2023.40384615385,73,0,5753048,1.59915231021886,2019-05-26,73.0087190882062
"789",789,92,22,2023,"MN",22.3360983277392,8.15441598625653,54.1641702693201,1.00031667000506,0.00326434399390606,2023.42307692308,74,0,5753048,1.59915231021886,2019-06-02,69.665858226525
"790",790,40,23,2023,"MN",23.4729401586317,7.01757415536402,53.2566039244703,0.845545698269815,0.00290163910569523,2023.44230769231,75,0,5753048,0.695283613138635,2019-06-09,66.8638166845469
"791",791,46,24,2023,"MN",19.8875888183782,10.6029254956176,55.9970485267544,0.71300496276991,0.00253893421748011,2023.46153846154,76,0,5753048,0.799576155109431,2019-06-16,66.9717384896642
"792",792,58,25,2023,"MN",24.3931343469631,6.09737996703268,56.4845787433139,0.516110956620758,0.00217622932926928,2023.48076923077,77,0,5753048,1.00816123905102,2019-06-23,66.1305391851285
"793",793,40,26,2023,"MN",22.9447816429855,7.54573267101024,57.3638286921237,0.359813076537273,0.00181352444105845,2023.5,78,0,5753048,0.695283613138635,2019-06-30,68.2398434338961
"794",794,52,27,2023,"MN",22.9043299667071,7.58618434728865,58.0179228233753,0.297253006245294,0.00145081955284762,2023.51923076923,79,0,5753048,0.903868697080226,2019-07-07,71.0741234797926
"795",795,35,28,2023,"MN",21.8500121527368,8.64050216125899,58.7753999058724,0.240196080333763,0.00108811466463678,2023.53846153846,80,0,5753048,0.608373161496306,2019-07-14,74.2244844150055
"796",796,63,29,2023,"MN",21.4180015869779,9.0725127270178,59.1156315138695,0.212225680864058,0.000725409776421664,2023.55769230769,81,0,5753048,1.09507169069335,2019-07-21,70.8209703998579
"797",797,75,30,2023,"MN",25.4584697047667,5.03204460922902,60.5290854571013,0.18548909928649,0.000362704888210832,2023.57692307692,82,0,5753048,1.30365677463494,2019-07-28,76.2195466921366
"798",798,63,31,2023,"MN",24.4107579361841,6.07975637781164,63.7827835808452,0.182114694721772,0,2023.59615384615,83,0,5753048,1.09507169069335,2019-08-04,75.9450413383824
"799",799,92,32,2023,"MN",22.8741130664796,7.61640124751616,65.9593622744248,0.198568601603966,0,2023.61538461538,84,0,5753048,1.59915231021886,2019-08-11,79.5522105573912
"800",800,115,33,2023,"MN",19.9649595145652,10.5255547994305,65.9876624326124,0.207674533564032,0,2023.63461538462,85,0,5753048,1.99894038777358,2019-08-18,84.4037798036084
"801",801,121,34,2023,"MN",25.4925428650005,4.99797144899525,64.6332675368877,0.216919886455881,0,2023.65384615385,86,0,5753048,2.10323292974437,2019-08-25,96.2713092646659
"802",802,144,35,2023,"MN",21.2074949454535,9.28301936854229,63.9694726767001,0.25678814029615,0,2023.67307692308,87,0,5753048,2.50302100729909,2019-09-01,79.5990752520162
"803",803,190,36,2023,"MN",23.9576517740848,6.532862539911,62.8505728635182,0.299357172284511,0,2023.69230769231,88,0,5753048,3.30259716240852,2019-09-08,86.1085022789106
"804",804,196,37,2023,"MN",17.2522046987443,13.2383096152514,64.8073322725161,0.30339781908196,0,2023.71153846154,89,0,5753048,3.40688970437931,2019-09-15,91.560994931689
"805",805,219,38,2023,"MN",19.2812245991949,11.2092897148008,67.9973764606511,0.307463674893917,0,2023.73076923077,90,0,5753048,3.80667778193403,2019-09-22,92.8899165250257
"806",806,259,39,2023,"MN",18.3563848417756,12.1341294722202,67.7181783607991,0.324049702285512,0,2023.75,91,0,5753048,4.50196139507266,2019-09-29,107.410165585002
"807",807,276,40,2023,"MN",19.9633996823696,10.5271146316261,70.0976879956645,0.341061945601082,0.0284922690919706,2023.76923076923,92,0,5753048,4.79745693065658,2019-10-06,112.703853768345
"808",808,236,41,2023,"MN",9.28451589929303,21.2059984147027,71.2219074020822,0.309682997095659,0.0271561737609323,2023.78846153846,93,0,5753048,4.10217331751795,2019-10-13,100.110592081097
"809",809,282,42,2023,"MN",10.44401733423,20.0464969797657,70.1925155132521,0.279738920450342,0.0229734795896845,2023.80769230769,94,0,5753048,4.90174947262738,2019-10-20,109.108044684951
"810",810,311,43,2023,"MN",11.632093410852,18.8584209031438,72.8134215576865,0.251289772310818,0.0175773058287522,2023.82692307692,95,0,5753048,5.40583009215289,2019-10-27,118.653251161413
"811",811,270,44,2023,"MN",0.462248758247921,30.0282655557478,70.9441948779574,0.281358031088933,0.0126007717286604,2023.84615384615,96,0,5753048,4.69316438868579,2019-11-03,132.430319954679
"812",812,253,45,2023,"MN",5.91953373217359,24.5709805818222,68.4869741467649,0.296370557850288,0.0134200697301104,2023.86538461538,97,0,5753048,4.39766885310187,2019-11-10,126.78879965156
"813",813,351,46,2023,"MN",7.41627362573925,23.0742406882565,65.1840990507285,0.311739031640302,0.0113687319378509,2023.88461538462,98,0,5753048,6.10111370529153,2019-11-17,130.718891641754
"814",814,334,47,2023,"MN",2.08094209735371,28.409572216642,66.047350119783,0.366024669324988,0.0108329569136416,2023.90384615385,99,0,5753048,5.8056181697076,2019-11-24,113.785636384974
"815",815,374,48,2023,"MN",-3.12382621554444,33.6143405295402,66.8841692459889,0.424997447659177,0.0108782414183971,2023.92307692308,100,0,5753048,6.50090178284624,2019-12-01,130.9208585144
"816",816,437,49,2023,"MN",0.699694152222335,29.7908201617734,67.9862214692954,0.379777258936743,0.00870876290853427,2023.94230769231,101,0,5753048,7.59597347353959,2019-12-08,132.990002038381
"817",817,443,50,2023,"MN",-0.502354526670902,30.9928688406667,73.4711077443503,0.33733878826406,0.00799230133139125,2023.96153846154,102,0,5753048,7.70026601551039,2019-12-15,132.141988214557
"818",818,460,51,2023,"MN",0.0369404231651554,30.4535738908306,74.4645471866414,0.313637223945308,0.00696736161828267,2023.98076923077,103,0,5753048,7.99576155109431,2019-12-22,109.955347289583
"819",819,535,52,2023,"MN",4.00981116203149,26.4807031519643,73.7647073644576,0.426933900266541,0.00583157414179181,2024,104,0,5753048,9.29941832572925,2019-12-29,107.881974286944
"820",820,506,1,2024,"MN",-2.3944665783271,32.8849808923229,72.8982372406522,1.01816359942308,0.0044690326975703,2024.01923076923,105,0,5753048,8.79533770620374,2019-01-06,123.291791583554
"821",821,570,53,2023,"MN",-1.71058996937185,32.2011042833676,73.8183428724186,0.671816868207755,0.0044690326975703,2024.01923076923,106,0,5753048,9.90779148722555,NA,100
"822",822,466,2,2024,"MN",-6.40701136754964,36.8975256815454,71.7558936577053,1.38057322875046,0.00369772068602489,2024.03846153846,107,0,5753048,8.1000540930651,2019-01-13,113.767021522305
"823",823,362,3,2024,"MN",-17.9399175027154,48.4304318167111,73.6156178514462,1.90163050960256,0.00311529866983197,2024.05769230769,108,0,5753048,6.29231669890465,2019-01-20,115.822570728288
"824",824,351,4,2024,"MN",-2.67616609504956,33.1666804090453,74.3507181569789,2.34359383779822,0.00267757798380707,2024.07692307692,109,0,5753048,6.10111370529153,2019-01-27,112.105053018084
"825",825,305,5,2024,"MN",1.417684122473,29.0728301915228,74.3046940976317,2.94438481954501,0.00234036996276578,2024.09615384615,110,0,5753048,5.3015375501821,2019-02-03,100.00833005311
"826",826,270,6,2024,"MN",2.16038391845331,28.3301303955424,73.4777149840777,2.74534357900174,0.00235170346829426,2024.11538461538,111,0,5753048,4.69316438868579,2019-02-10,110.612973761862
"827",827,236,7,2024,"MN",-3.63697060592431,34.1274849199201,66.878522825081,2.56542536122392,0.00208430021180396,2024.13461538462,112,0,5753048,4.10217331751795,2019-02-17,111.777156226172
"828",828,190,8,2024,"MN",-0.242858344946311,30.7333726589421,61.3782688715513,2.43740256430167,0.00186635347208087,2024.15384615385,113,0,5753048,3.30259716240852,2019-02-24,123.018611805117
"829",829,161,9,2024,"MN",1.21399891454074,29.276515399455,57.8384077838947,2.31825485419803,0.00169764284782092,2024.17307692308,114,0,5753048,2.79851654288301,2019-03-03,124.246808439077
"830",830,144,10,2024,"MN",2.98237392915025,27.5081403848455,53.1848590910471,2.00331045509852,0.00140149437109257,2024.19230769231,115,0,5753048,2.50302100729909,2019-03-10,123.946273840969
"831",831,144,11,2024,"MN",6.49504296231224,23.9954713516835,54.9009137059654,1.74296805694026,0.00132164079536692,2024.21153846154,116,0,5753048,2.50302100729909,2019-03-17,121.879427692529
"832",832,115,12,2024,"MN",-1.69594663876946,32.1864609527652,58.5715883376592,1.47385666885782,0.00124196217808125,2024.23076923077,117,0,5753048,1.99894038777358,2019-03-24,114.755398902661
"833",833,109,13,2024,"MN",-1.88887975737044,32.3793940713662,61.8806950732589,1.25283228546268,0.00113490265545925,2024.25,118,0,5753048,1.89464784580278,2019-03-31,114.360434119991
"834",834,75,14,2024,"MN",3.56414992735196,26.9263643866438,64.101327639983,0.846218229880042,0.00138617361169627,2024.26923076923,119,0,5753048,1.30365677463494,2019-04-07,115.243347705353
"835",835,63,15,2024,"MN",9.05107423937805,21.4394400746177,63.2699567693345,0.563942076999642,0.00106169475252945,2024.28846153846,120,0,5753048,1.09507169069335,2019-04-14,95.7714809643009
"836",836,63,16,2024,"MN",9.05006713741639,21.4404471765794,62.8282145642983,0.48113293601691,0.000690208307179117,2024.30769230769,121,0,5753048,1.09507169069335,2019-04-21,88.5074113665929
"837",837,81,17,2024,"MN",10.0081635865948,20.482350727401,61.9578593925384,0.406652137233553,0.000328513554649664,2024.32692307692,122,0,5753048,1.40794931660574,2019-04-28,86.5357591701628
"838",838,58,18,2024,"MN",10.6827267142634,19.8077875997324,60.7285012457862,0.324518181086213,3.34097739455028e-05,2024.34615384615,123,0,5753048,1.00816123905102,2019-05-05,88.7282070381521
"839",839,75,19,2024,"MN",14.4867699093327,16.003744404663,62.9372963086594,0.251446623872347,0,2024.36538461538,124,0,5753048,1.30365677463494,2019-05-12,82.1006211360178
"840",840,81,20,2024,"MN",17.5116000217622,12.9789142922336,62.7899291788788,0.155280047998214,0,2024.38461538462,125,0,5753048,1.40794931660574,2019-05-19,78.3711256216118
"841",841,63,21,2024,"MN",17.2839211544646,13.2065931595312,63.3225577312219,0.19759554577571,0,2024.40384615385,126,0,5753048,1.09507169069335,2019-05-26,73.0087190882062
"842",842,92,22,2024,"MN",16.5053767500146,13.9851375639812,64.2815600912927,0.251061203925095,0,2024.42307692308,127,0,5753048,1.59915231021886,2019-06-02,69.665858226525
"843",843,69,23,2024,"MN",19.2952405248913,11.1952737891044,67.5620982944992,0.309523806271572,0,2024.44230769231,128,0,5753048,1.19936423266415,2019-06-09,66.8638166845469
"844",844,109,24,2024,"MN",19.4819220377683,11.0085922762275,69.5931319802184,0.293955168080989,0,2024.46153846154,129,0,5753048,1.89464784580278,2019-06-16,66.9717384896642
"845",845,104,25,2024,"MN",20.7501055942933,9.74040871970241,69.8395207062667,0.278752364736302,0,2024.48076923077,130,0,5753048,1.80773739416045,2019-06-23,66.1305391851285
"846",846,161,26,2024,"MN",21.397536571338,9.09297774265771,73.111412999911,0.309616456297221,0,2024.5,131,0,5753048,2.79851654288301,2019-06-30,68.2398434338961
"847",847,161,27,2024,"MN",19.6014357988428,10.8890785151529,73.6705174420422,0.342007274518463,0,2024.51923076923,132,0,5753048,2.79851654288301,2019-07-07,71.0741234797926
"848",848,201,28,2024,"MN",22.8278904619336,7.66262385206218,72.9187611290441,0.364263034121526,0,2024.53846153846,133,0,5753048,3.49380015602164,2019-07-14,74.2244844150055
"849",849,219,29,2024,"MN",22.1162211869332,8.37429312706256,73.6258936432463,0.387269418110939,0,2024.55769230769,134,0,5753048,3.80667778193403,2019-07-21,70.8209703998579
"850",850,219,30,2024,"MN",22.3444421623263,8.14607215166944,73.1089465731345,0.32702491145355,0,2024.57692307692,135,0,5753048,3.80667778193403,2019-07-28,76.2195466921366
"851",851,253,31,2024,"MN",25.0567891263634,5.43372518763234,72.2742273197562,0.280277184034652,0,2024.59615384615,136,0,5753048,4.39766885310187,2019-08-04,75.9450413383824
"852",852,265,32,2024,"MN",19.3526057095835,11.1379086044123,72.4577141309369,0.348542061394265,0.00051341599500097,2024.61538461538,137,0,5753048,4.60625393704346,2019-08-11,79.5522105573912
"853",853,224,33,2024,"MN",20.6235139444913,9.86700036950442,73.2057340476497,0.424496783906866,0.00101976805655057,2024.63461538462,138,0,5753048,3.89358823357636,2019-08-18,84.4037798036084
"854",854,242,34,2024,"MN",20.7706520722828,9.71986224171292,71.6233519844494,0.560924597506186,0.00159690046254401,2024.65384615385,139,0,5753048,4.20646585948874,2019-08-25,96.2713092646659
"855",855,253,35,2024,"MN",23.350391253891,7.14012306010479,70.5216270945326,0.726252336113476,0.00216991548590445,2024.67307692308,140,0,5753048,4.39766885310187,2019-09-01,79.5990752520162
"856",856,247,36,2024,"MN",18.5460285044682,11.9444858095275,68.4155879851647,0.822920449485302,0.0123064919771312,2024.69230769231,141,0,5753048,4.29337631113107,2019-09-08,86.1085022789106
"857",857,242,37,2024,"MN",21.189314931157,9.30119938283871,66.0615796378823,0.931057407501618,0.0139930948284791,2024.71153846154,142,0,5753048,4.20646585948874,2019-09-15,91.560994931689
"858",858,236,38,2024,"MN",22.9647263907343,7.52578792326143,63.1902053960526,0.966371460801094,0.0150472551955238,2024.73076923077,143,0,5753048,4.10217331751795,2019-09-22,92.8899165250257
"859",859,392,1,2022,"NM",0.549737485804496,31.2084670217811,50.3059588063909,1.60805091859666,0.0163378849223037,2022.01923076923,1,0,2121164,18.4804192415108,2019-01-06,111.848734338216
"860",860,486,2,2022,"NM",3.98028330092868,27.777921206657,52.06819529827,1.73845369866037,0.0215197881917664,2022.03846153846,2,0,2121164,22.9119483453425,2019-01-13,107.34749195861
"861",861,602,3,2022,"NM",4.61192501907628,27.1462794885094,48.2120117744894,1.21820917117927,0.0253505465238268,2022.05769230769,3,0,2121164,28.3806438351773,2019-01-20,111.559495399235
"862",862,624,4,2022,"NM",2.8442951158508,28.9139093917348,45.6001769782206,1.08961137614775,0.0211803519199835,2022.07692307692,4,0,2121164,29.4178102211804,2019-01-27,110.895894980315
"863",863,588,5,2022,"NM",2.43889831664398,29.3193061909416,42.949845279134,1.183289455337,0.0168025668925175,2022.09615384615,5,0,2121164,27.7206288622662,2019-02-03,115.026685900228
"864",864,456,6,2022,"NM",0.21760260594061,31.540601901645,39.0913106830897,1.28576099724764,0.0159824197154644,2022.11538461538,6,1,2121164,21.4976305462472,2019-02-10,110.894744526657
"865",865,384,7,2022,"NM",6.22194151302997,25.5362629945557,36.0615193291027,1.50933900476233,0.0142446945796427,2022.13461538462,7,1,2121164,18.1032678284187,2019-02-17,113.049580478107
"866",866,257,8,2022,"NM",5.06543019103708,26.6927743165486,32.9635527854298,1.78139682778622,0.0121675331720382,2022.15384615385,8,1,2121164,12.1159891455823,2019-02-24,110.315351153497
"867",867,202,9,2022,"NM",6.67989479575103,25.0783097118346,31.5037227900272,1.7614514114996,0.00852597913221231,2022.17307692308,9,1,2121164,9.52307318057444,2019-03-03,103.470568061223
"868",868,165,10,2022,"NM",6.68419485185156,25.0740096557341,30.5973207456494,1.74179001594032,0.00682754060192108,2022.19230769231,10,1,2121164,7.77874789502368,2019-03-10,98.6695437135918
"869",869,119,11,2022,"NM",7.89432074099768,23.863883766588,29.7591948880393,1.31369569687377,0.00598806441494701,2022.21153846154,11,1,2121164,5.61012726974435,2019-03-17,93.6197652140118
"870",870,91,12,2022,"NM",8.07091011596343,23.6872943916222,30.0037045456887,1.00123004223081,0.00533496388460927,2022.23076923077,12,1,2121164,4.29009732392215,2019-03-24,100.308864603113
"871",871,70,13,2022,"NM",13.5326744094441,18.2255300981415,26.3134137031217,1.02014866751767,0.0070653031385912,2022.25,13,1,2121164,3.3000748645555,2019-03-31,96.313883534414
"872",872,47,14,2022,"NM",14.4377334536486,17.320471053937,22.5772133872831,2.29522817742269,0.00995396867003211,2022.26923076923,14,1,2121164,2.21576455191583,2019-04-07,99.9125734765267
"873",873,47,15,2022,"NM",14.101170235706,17.6570342718796,19.5761018454359,3.01118872224233,0.0125536419311912,2022.28846153846,15,1,2121164,2.21576455191583,2019-04-14,92.436982984394
"874",874,55,16,2022,"NM",18.6475553642402,13.1106491433454,15.9709910596117,4.12462605098231,0.0128999926455474,2022.30769230769,16,1,2121164,2.59291596500789,2019-04-21,87.1344171160195
"875",875,57,17,2022,"NM",16.6723972501502,15.0858072574354,14.6984070161762,3.17620485020482,0.0111500100888003,2022.32692307692,17,1,2121164,2.68720381828091,2019-04-28,91.7896229075742
"876",876,51,18,2022,"NM",18.516996598564,13.2412079090216,13.574431500101,2.52401146943106,0.0110766227096695,2022.34615384615,18,1,2121164,2.40434025846186,2019-05-05,98.708167114203
"877",877,64,19,2022,"NM",22.1694360647627,9.58876844282295,13.9892632895254,1.62459053387132,0.0103238913477066,2022.36538461538,19,1,2121164,3.01721130473646,2019-05-12,92.5036365897746
"878",878,91,20,2022,"NM",23.2272165674218,8.53098794016386,13.567213266834,1.09092991530453,0.0106069120539477,2022.38461538462,20,1,2121164,4.29009732392215,2019-05-19,86.317779975913
"879",879,129,21,2022,"NM",19.9724552580617,11.7857492495239,15.3985213968013,1.06654880169396,0.00887987287483036,2022.40384615385,21,1,2121164,6.08156653610942,2019-05-26,85.7012302968771
"880",880,165,22,2022,"NM",23.3236459529514,8.43455855463427,17.2716385091497,1.43727281153094,0.00930448250740316,2022.42307692308,22,1,2121164,7.77874789502368,2019-06-02,89.6047931436518
"881",881,178,23,2022,"NM",25.7035057274988,6.05469878008685,22.7673133328135,1.32481293963387,0.00808298336825126,2022.44230769231,23,1,2121164,8.39161894129827,2019-06-09,87.628815311587
"882",882,227,24,2022,"NM",28.4545356380919,3.3036688694937,32.3835501063538,1.22227349811705,0.00828413078856703,2022.46153846154,24,1,2121164,10.7016713464871,2019-06-16,86.4675590178031
"883",883,246,25,2022,"NM",22.78024167923,8.97796282835568,38.7014703984645,0.898809052235195,0.00511527318648314,2022.48076923077,25,1,2121164,11.5974059525808,2019-06-23,87.0277298785641
"884",884,318,26,2022,"NM",22.0373381844884,9.72086632309725,42.6807265440765,0.657544149315963,0.00504172866093019,2022.5,26,0,2121164,14.9917686704093,2019-06-30,83.7635735634159
"885",885,265,27,2022,"NM",24.9720521087649,6.78615239882069,43.1052535652463,1.00827623719212,0.00423886759031047,2022.51923076923,27,0,2121164,12.4931405586744,2019-07-07,91.4645893367214
"886",886,267,28,2022,"NM",27.0502935411257,4.70791096645995,37.9368936082376,1.66512726585323,0.00628318539569154,2022.53846153846,28,1,2121164,12.5874284119474,2019-07-14,92.8973842991061
"887",887,244,29,2022,"NM",29.2362577101387,2.52194679744692,37.4836430367764,2.27369606298091,0.00666583693355786,2022.55769230769,29,1,2121164,11.5031180993077,2019-07-21,88.8594866849762
"888",888,242,30,2022,"NM",26.6772589206945,5.08094558689112,38.3129684581729,3.24243549125719,0.00701045903727073,2022.57692307692,30,1,2121164,11.4088302460347,2019-07-28,95.1440998497357
"889",889,238,31,2022,"NM",25.5901191785784,6.16808532900719,41.7865822510697,4.04926893835198,0.00640654533705707,2022.59615384615,31,0,2121164,11.2202545394887,2019-08-04,93.7674812877956
"890",890,216,32,2022,"NM",25.6857164722345,6.07248803535115,49.760627976363,5.23506374533823,0.00564328516481202,2022.61538461538,32,0,2121164,10.1830881534855,2019-08-11,90.5718009288361
"891",891,231,33,2022,"NM",24.2933886759933,7.46481583159235,52.0001114109487,5.79024260730303,0.00485928166484691,2022.63461538462,33,0,2121164,10.8902470530331,2019-08-18,91.4651545061059
"892",892,168,34,2022,"NM",20.4454461778387,11.3127583297469,52.4414752325763,6.45395309450367,0.00434651288946383,2022.65384615385,34,0,2121164,7.9201796749332,2019-08-25,87.9245343203112
"893",893,148,35,2022,"NM",22.4310417214515,9.32716278613413,51.5467837447988,6.41724060715636,0.00336859070460055,2022.67307692308,35,0,2121164,6.97730114220305,2019-09-01,83.3616308898888
"894",894,142,36,2022,"NM",23.6479454778047,8.1102590297809,48.5458900050913,6.38088798281789,0.00421419560203737,2022.69230769231,36,0,2121164,6.69443758238401,2019-09-08,87.24138584776
"895",895,144,37,2022,"NM",22.1728526163237,9.58535189126196,44.5728504037238,5.68386886527278,0.00692591426216926,2022.71153846154,37,0,2121164,6.78872543565703,2019-09-15,93.51688088424
"896",896,100,38,2022,"NM",22.604452690511,9.15375181707468,43.1522277008028,5.10713725393124,0.0110019781591617,2022.73076923077,38,0,2121164,4.71439266365071,2019-09-22,87.2804183040335
"897",897,108,39,2022,"NM",20.8493624596026,10.9088420479831,50.6432818391968,5.01310522511938,0.0133554029768561,2022.75,39,0,2121164,5.09154407674277,2019-09-29,93.6569914606013
"898",898,112,40,2022,"NM",17.6642394565225,14.0939650510631,53.9090896951456,4.92192492379287,0.0162899552635565,2022.76923076923,40,0,2121164,5.2801197832888,2019-10-06,94.5684709800753
"899",899,106,41,2022,"NM",14.105239978946,17.6529645286397,55.6742736622227,3.56063470213135,0.0174896110500335,2022.78846153846,41,0,2121164,4.99725622346976,2019-10-13,103.759225245082
"900",900,136,42,2022,"NM",13.004950292725,18.7532542148606,57.3084138654887,2.70821618907172,0.019427226434794,2022.80769230769,42,0,2121164,6.41157402256497,2019-10-20,106.952689178082
"901",901,180,43,2022,"NM",11.3133591873019,20.4448453202837,51.7079770880204,1.91422767316846,0.0200752982796238,2022.82692307692,43,0,2121164,8.48590679457128,2019-10-27,112.244135150813
"902",902,208,44,2022,"NM",10.0946689525526,21.6635355550331,46.9067385875885,1.40028762449266,0.0196539887219156,2022.84615384615,44,0,2121164,9.80593674039348,2019-11-03,114.803864329115
"903",903,248,45,2022,"NM",9.9611521841738,21.7970523234118,43.757001063272,1.08585053588244,0.0180763957902359,2022.86538461538,45,0,2121164,11.6916938058538,2019-11-10,114.402616186671
"904",904,265,46,2022,"NM",3.91818360399751,27.8400209035881,42.5161682192763,0.844253748328506,0.0153500625128467,2022.88461538462,46,0,2121164,12.4931405586744,2019-11-17,124.556882819947
"905",905,329,47,2022,"NM",2.98731113017321,28.7708933774124,45.2043634096188,0.66364124752845,0.0122654353930201,2022.90384615385,47,0,2121164,15.5103518634108,2019-11-24,123.954246460515
"906",906,320,48,2022,"NM",4.58191518590232,27.1762893216833,49.1750881575003,0.515249023459549,0.0104023074123453,2022.92307692308,48,0,2121164,15.0860565236823,2019-12-01,121.986725733701
"907",907,329,49,2022,"NM",8.56322112001006,23.1949833875756,49.1105745395664,0.447011778456956,0.00851686463972925,2022.94230769231,49,0,2121164,15.5103518634108,2019-12-08,122.254531690137
"908",908,280,50,2022,"NM",3.1955094438873,28.5626950636983,49.8286223484679,0.566971794310444,0.00885347227591391,2022.96153846154,50,0,2121164,13.200299458222,2019-12-15,119.59913218703
"909",909,229,51,2022,"NM",0.706663033936518,31.0515414736491,53.0809713064903,0.682230651037039,0.00743538296268777,2022.98076923077,51,0,2121164,10.7959591997601,2019-12-22,104.611494259182
"910",910,191,52,2022,"NM",3.32621784263634,28.4319866649493,51.0222538863693,0.815791478780069,0.00594327768464232,2023,52,0,2121164,9.00448998757286,2019-12-29,106.836661942016
"911",911,180,53,2022,"NM",4.5593445956787,27.1988599119069,49.6337859680749,0.842929494079965,0.00545667378854251,2023.01923076923,53,0,2121164,8.48590679457128,NA,100
"912",912,165,2,2023,"NM",4.64578901497598,27.1124154926097,55.1282544576896,0.87089100245938,0.0049700698924427,2023.03846153846,54,0,2121164,7.77874789502368,2019-01-13,107.34749195861
"913",913,108,3,2023,"NM",3.6367686214252,28.1214358861604,52.1566485576367,0.849338655271321,0.00458411827971182,2023.05769230769,55,0,2121164,5.09154407674277,2019-01-20,111.559495399235
"914",914,142,4,2023,"NM",-1.4869767268891,33.2451812344747,49.2605798208156,0.828277211728437,0.00364343979689139,2023.07692307692,56,0,2121164,6.69443758238401,2019-01-27,110.895894980315
"915",915,112,5,2023,"NM",2.02959910642856,29.7286054011571,47.98173581083,0.664322596464577,0.00286053632188112,2023.09615384615,57,0,2121164,5.2801197832888,2019-02-03,115.026685900228
"916",916,112,6,2023,"NM",3.54689989602297,28.2113046115627,47.0171354730218,0.735249367907072,0.00238375407716392,2023.11538461538,58,0,2121164,5.2801197832888,2019-02-10,110.894744526657
"917",917,102,7,2023,"NM",1.89920006058425,29.8590044470014,46.7219492399251,1.12395249722459,0.00197375906184843,2023.13461538462,59,0,2121164,4.80868051692373,2019-02-17,113.049580478107
"918",918,148,8,2023,"NM",5.40455054653836,26.3536539610473,45.1973332523321,1.73706696632572,0.0017113245369052,2023.15384615385,60,0,2121164,6.97730114220305,2019-02-24,110.315351153497
"919",919,119,9,2023,"NM",5.31487733474435,26.4433271728413,45.1428737739427,2.17781268648242,0.0015453779151447,2023.17307692308,61,0,2121164,5.61012726974435,2019-03-03,103.470568061223
"920",920,129,10,2023,"NM",9.8827793089546,21.875425198631,46.1042065252888,2.78774796594886,0.00164406586823712,2023.19230769231,62,0,2121164,6.08156653610942,2019-03-10,98.6695437135918
"921",921,148,11,2023,"NM",10.0747631501571,21.6834413574286,42.7579868717427,3.52007118003403,0.00159315042746969,2023.21153846154,63,0,2121164,6.97730114220305,2019-03-17,93.6197652140118
"922",922,121,12,2023,"NM",6.79734300516154,24.9608615024241,38.6092661173014,4.60344037524565,0.0016091793625261,2023.23076923077,64,1,2121164,5.70441512301736,2019-03-24,100.308864603113
"923",923,151,13,2023,"NM",7.20082977223414,24.5573747353515,35.3566542152646,4.64869457477093,0.00214803444398138,2023.25,65,1,2121164,7.11873292211258,2019-03-31,96.313883534414
"924",924,159,14,2023,"NM",9.85429762297644,21.9039068846092,27.5197840055012,4.69468568468745,0.00212069096653221,2023.26923076923,66,1,2121164,7.49588433520463,2019-04-07,99.9125734765267
"925",925,125,15,2023,"NM",16.4164492619655,15.3417552456201,22.4133024922402,4.38299084065917,0.00206804691512144,2023.28846153846,67,1,2121164,5.89299082956339,2019-04-14,92.436982984394
"926",926,159,16,2023,"NM",14.5632317373475,17.1949727702381,21.5593305649303,4.10364615337814,0.00152432029458039,2023.30769230769,68,1,2121164,7.49588433520463,2019-04-21,87.1344171160195
"927",927,132,17,2023,"NM",14.7265649094096,17.0316395981761,20.0958985519808,3.54649789079846,0.00181189824706308,2023.32692307692,69,1,2121164,6.22299831601894,2019-04-28,91.7896229075742
"928",928,119,18,2023,"NM",18.3556617321059,13.4025427754797,23.4150634213529,3.0990212268271,0.0022039785702567,2023.34615384615,70,1,2121164,5.61012726974435,2019-05-05,98.708167114203
"929",929,102,19,2023,"NM",18.9218820965899,12.8363224109957,28.7279673976488,2.545404183447,0.00427339517059355,2023.36538461538,71,1,2121164,4.80868051692373,2019-05-12,92.5036365897746
"930",930,100,20,2023,"NM",18.8162053268481,12.9419991807376,28.849297197079,2.12353683257298,0.00391727890637426,2023.38461538462,72,1,2121164,4.71439266365071,2019-05-19,86.317779975913
"931",931,74,21,2023,"NM",20.0028319108385,11.7553725967471,32.041281510817,1.5792269213894,0.00356116264215919,2023.40384615385,73,1,2121164,3.48865057110153,2019-05-26,85.7012302968771
"932",932,70,22,2023,"NM",21.5597415870944,10.1984629204913,30.5715357004012,1.19646862351518,0.00320504637794411,2023.42307692308,74,1,2121164,3.3000748645555,2019-06-02,89.6047931436518
"933",933,66,23,2023,"NM",20.9778821816861,10.7803223258996,23.2513325707232,1.34079806275887,0.00284893011372903,2023.44230769231,75,1,2121164,3.11149915800947,2019-06-09,87.628815311587
"934",934,40,24,2023,"NM",22.9011539052591,8.85705060232656,19.7877652863282,1.50542923123424,0.00249281384950975,2023.46153846154,76,1,2121164,1.88575706546028,2019-06-16,86.4675590178031
"935",935,38,25,2023,"NM",26.6762349715261,5.08196953605957,17.638389534393,1.06521836738016,0.00213669758529467,2023.48076923077,77,1,2121164,1.79146921218727,2019-06-23,87.0277298785641
"936",936,34,26,2023,"NM",28.4469496141188,3.31125489346679,16.9930973249227,0.756582032931957,0.00178058132107959,2023.5,78,1,2121164,1.60289350564124,2019-06-30,83.7635735634159
"937",937,32,27,2023,"NM",27.9403980901857,3.81780641739997,18.979842411782,0.61376762588833,0.00142446505686452,2023.51923076923,79,1,2121164,1.50860565236823,2019-07-07,91.4645893367214
"938",938,25,28,2023,"NM",29.7471689603978,2.01103554718779,21.3074725959143,0.492429467225463,0.00106834879264944,2023.53846153846,80,1,2121164,1.17859816591268,2019-07-14,92.8973842991061
"939",939,34,29,2023,"NM",30.4527008755755,1.30550363201016,23.1269418529972,0.35440300185671,0.000712232528430153,2023.55769230769,81,1,2121164,1.60289350564124,2019-07-21,88.8594866849762
"940",940,25,30,2023,"NM",29.4130787527983,2.34512575478735,24.5365230528917,0.239745834316055,0.000356116264215076,2023.57692307692,82,1,2121164,1.17859816591268,2019-07-28,95.1440998497357
"941",941,34,31,2023,"NM",28.1640241929206,3.59418031466499,27.6087121149498,0.205608060496715,0,2023.59615384615,83,1,2121164,1.60289350564124,2019-08-04,93.7674812877956
"942",942,40,32,2023,"NM",28.0156832115033,3.74252129608232,30.351237679718,0.17329994771375,0,2023.61538461538,84,1,2121164,1.88575706546028,2019-08-11,90.5718009288361
"943",943,55,33,2023,"NM",25.9606897994689,5.79751470811673,35.7488827979542,0.215356802950808,0,2023.63461538462,85,1,2121164,2.59291596500789,2019-08-18,91.4651545061059
"944",944,81,34,2023,"NM",25.3964278671749,6.36177664041078,36.0087498018472,0.281483088481136,0,2023.65384615385,86,1,2121164,3.81865805755708,2019-08-25,87.9245343203112
"945",945,64,35,2023,"NM",24.8549292520111,6.90327525557456,35.6374447173638,0.249662351754641,0,2023.67307692308,87,1,2121164,3.01721130473646,2019-09-01,83.3616308898888
"946",946,72,36,2023,"NM",26.2186659975864,5.53953850999924,39.5351368894849,0.21938361812961,0.00250828511497917,2023.69230769231,88,1,2121164,3.39436271782851,2019-09-08,87.24138584776
"947",947,78,37,2023,"NM",22.5255855762904,9.23261893129522,35.9398663263275,0.207211504598387,0.0037845655881154,2023.71153846154,89,1,2121164,3.67722627764756,2019-09-15,93.51688088424
"948",948,76,38,2023,"NM",20.9280809193536,10.830123588232,36.353920975789,0.195279997876922,0.00505132828652123,2023.73076923077,90,1,2121164,3.58293842437454,2019-09-22,87.2804183040335
"949",949,85,39,2023,"NM",22.3422535286381,9.41595097894748,38.2660787044626,0.240334000930553,0.00604961581038419,2023.75,91,1,2121164,4.00723376410311,2019-09-29,93.6569914606013
"950",950,136,40,2023,"NM",19.4268986031627,12.3313059044229,32.7280163716619,0.288917507230141,0.0140951673654908,2023.76923076923,92,1,2121164,6.41157402256497,2019-10-06,94.5684709800753
"951",951,142,41,2023,"NM",17.8233733235282,13.9348311840574,32.0570190420822,0.264156213246475,0.0137680645635575,2023.78846153846,93,1,2121164,6.69443758238401,2019-10-13,103.759225245082
"952",952,153,42,2023,"NM",17.8465878430996,13.911616664486,34.4212081648059,0.305913269934138,0.0124839401436486,2023.80769230769,94,1,2121164,7.21302077538559,2019-10-20,106.952689178082
"953",953,153,43,2023,"NM",16.8891949659822,14.8690095416034,32.6166488905664,0.240189857782595,0.010695875580091,2023.82692307692,95,1,2121164,7.21302077538559,2019-10-27,112.244135150813
"954",954,202,44,2023,"NM",9.29376325508244,22.4644412525032,38.2313363498796,0.254648086193669,0.008856952347212,2023.84615384615,96,1,2121164,9.52307318057444,2019-11-03,114.803864329115
"955",955,193,45,2023,"NM",13.7394866817865,18.0187178257991,44.5830082244725,0.294390268165229,0.0114855656079817,2023.86538461538,97,0,2121164,9.09877784084588,2019-11-10,114.402616186671
"956",956,238,46,2023,"NM",10.0044858537142,21.7537186538714,46.764778850888,0.336732554428604,0.00974005449123675,2023.88461538462,98,0,2121164,11.2202545394887,2019-11-17,124.556882819947
"957",957,250,47,2023,"NM",8.09107532425463,23.667129183331,52.1245659350197,0.292392996459456,0.00841827470186032,2023.90384615385,99,0,2121164,11.7859816591268,2019-11-24,123.954246460515
"958",958,269,48,2023,"NM",3.59974277015746,28.1584617374282,51.2865729895764,0.279736650872684,0.0073561051989212,2023.92307692308,100,0,2121164,12.6817162652204,2019-12-01,121.986725733701
"959",959,182,49,2023,"NM",5.43562111680244,26.3225833907832,51.2925651493392,0.24676761524728,0.00598268828687489,2023.94230769231,101,0,2121164,8.5801946478443,2019-12-08,122.254531690137
"960",960,178,50,2023,"NM",3.92358349433134,27.8346210132543,53.3841506379038,0.242661953248418,0.00512660417854805,2023.96153846154,102,0,2121164,8.39161894129827,2019-12-15,119.59913218703
"961",961,187,51,2023,"NM",5.26993021120123,26.4882742963844,51.5361051558198,0.28223387225899,0.00433969583451779,2023.98076923077,103,0,2121164,8.81591428102683,2019-12-22,104.611494259182
"962",962,161,52,2023,"NM",2.08472235247429,29.6734821551113,53.8343824344207,0.443765034633091,0.00365101170005927,2024,104,0,2121164,7.59017218847765,2019-12-29,106.836661942016
"963",963,142,1,2024,"NM",2.34058862946994,29.4176158781157,52.4344996134286,0.776381377617534,0.00238007122300489,2024.01923076923,105,0,2121164,6.69443758238401,2019-01-06,111.848734338216
"964",964,178,53,2023,"NM",3.44570433588165,28.312500171704,52.8568713309719,0.592894851874174,0.00238007122300489,2024.01923076923,106,0,2121164,8.39161894129827,NA,100
"965",965,102,2,2024,"NM",-1.45757596604418,33.2157804736298,52.9845602309692,1.13424117664288,0.00205461977519428,2024.03846153846,107,0,2121164,4.80868051692373,2019-01-13,107.34749195861
"966",966,76,3,2024,"NM",2.73683201691637,29.0213724906693,56.6352797796858,1.67266028148516,0.00181035258235117,2024.05769230769,108,0,2121164,3.58293842437454,2019-01-20,111.559495399235
"967",967,78,4,2024,"NM",4.13832098671819,27.6198835208674,57.516242722844,1.97299451047716,0.00161573280715689,2024.07692307692,109,0,2121164,3.67722627764756,2019-01-27,110.895894980315
"968",968,110,5,2024,"NM",6.21947812571335,25.5387263818723,59.252853459985,2.34937279674318,0.00143922361229278,2024.09615384615,110,0,2121164,5.18583193001578,2019-02-03,115.026685900228
"969",969,100,6,2024,"NM",4.47377654113829,27.2844279664473,55.2412030350999,2.24526138360828,0.00167129526267476,2024.11538461538,111,0,2121164,4.71439266365071,2019-02-10,110.894744526657
"970",970,87,7,2024,"NM",3.34488894551641,28.4133155620692,48.1104576312278,2.14742721726892,0.00141667979103987,2024.13461538462,112,0,2121164,4.10152161737612,2019-02-17,113.049580478107
"971",971,100,8,2024,"NM",8.08760056120657,23.6706039463791,43.3612002538344,2.12200553847854,0.00118934807039794,2024.15384615385,113,0,2121164,4.71439266365071,2019-02-24,110.315351153497
"972",972,70,9,2024,"NM",10.1216418511985,21.6365626563871,39.6241995843641,2.096991229704,0.00102267687588742,2024.17307692308,114,1,2121164,3.3000748645555,2019-03-03,103.470568061223
"973",973,110,10,2024,"NM",8.93399260872597,22.8242118988597,41.3409878790228,1.53653120330148,0.000667034526673548,2024.19230769231,115,0,2121164,5.18583193001578,2019-03-10,98.6695437135918
"974",974,85,11,2024,"NM",8.82054844485559,22.93765606273,43.2987554820035,1.14783857402868,0.000673313089209636,2024.21153846154,116,0,2121164,4.00723376410311,2019-03-17,93.6197652140118
"975",975,91,12,2024,"NM",9.12417035007302,22.6340341575126,43.1668819577042,1.28383712912968,0.000710373441969929,2024.23076923077,117,0,2121164,4.29009732392215,2019-03-24,100.308864603113
"976",976,55,13,2024,"NM",8.66741217138143,23.0907923362042,40.3086526507998,1.43822244144352,0.000749278942146884,2024.25,118,0,2121164,2.59291596500789,2019-03-31,96.313883534414
"977",977,55,14,2024,"NM",11.1155668137586,20.642637693827,32.8545237900928,1.26592442401292,0.000729094711719046,2024.26923076923,119,1,2121164,2.59291596500789,2019-04-07,99.9125734765267
"978",978,47,15,2024,"NM",12.2242162548673,19.5339882527184,28.3187350668207,1.1163702289566,0.000697645598726543,2024.28846153846,120,1,2121164,2.21576455191583,2019-04-14,92.436982984394
"979",979,34,16,2024,"NM",16.6646788536932,15.0935256538924,25.0900627913872,0.875696592289888,0.000634998674432192,2024.30769230769,121,1,2121164,1.60289350564124,2019-04-21,87.1344171160195
"980",980,40,17,2024,"NM",16.7855269789032,14.9726775286824,22.7373354087821,0.684172485872639,0.000557353075705652,2024.32692307692,122,1,2121164,1.88575706546028,2019-04-28,91.7896229075742
"981",981,36,18,2024,"NM",17.4184893620631,14.3397151455226,24.2343295071787,0.372600278881264,0.000480907939416586,2024.34615384615,123,1,2121164,1.69718135891426,2019-05-05,98.708167114203
"982",982,32,19,2024,"NM",17.3572476007148,14.4009569068708,22.6704902187983,0.228649343473447,0.000577073254421109,2024.36538461538,124,1,2121164,1.50860565236823,2019-05-12,92.5036365897746
"983",983,45,20,2024,"NM",19.0838179390244,12.6743865685612,19.759210055939,0.196856058626359,0.000515353160332351,2024.38461538462,125,1,2121164,2.12147669864282,2019-05-19,86.317779975913
"984",984,62,21,2024,"NM",21.6085645108353,10.1496399967503,18.5533616420999,0.192589428438954,0.000470515767293134,2024.40384615385,126,1,2121164,2.92292345146344,2019-05-26,85.7012302968771
"985",985,59,22,2024,"NM",23.3805390680737,8.37766543951196,18.0542864501921,0.257181584033086,0.000437057817953408,2024.42307692308,127,1,2121164,2.78149167155392,2019-06-02,89.6047931436518
"986",986,59,23,2024,"NM",26.9497042388038,4.80850026878184,18.9149642454434,0.362922874237925,0.000422160539281321,2024.44230769231,128,1,2121164,2.78149167155392,2019-06-09,87.628815311587
"987",987,53,24,2024,"NM",26.0275448574719,5.73065965011377,25.8838287438029,0.334150125622172,0.000384518686928884,2024.46153846154,129,1,2121164,2.49862811173488,2019-06-16,86.4675590178031
"988",988,74,25,2024,"NM",25.6095606596347,6.14864384795091,32.2025780627881,0.306567107072836,0.000312660122744454,2024.48076923077,130,1,2121164,3.48865057110153,2019-06-23,87.0277298785641
"989",989,62,26,2024,"NM",27.2503146340973,4.50788987348832,34.3338511858569,0.299078430434266,0.000180660651045336,2024.5,131,1,2121164,2.92292345146344,2019-06-30,83.7635735634159
"990",990,64,27,2024,"NM",26.1512665617844,5.6069379458012,35.4892256254769,0.291675108281392,0,2024.51923076923,132,1,2121164,3.01721130473646,2019-07-07,91.4645893367214
"991",991,70,28,2024,"NM",26.6131921768909,5.14501233069478,36.1916457198833,0.291996609717324,0,2024.53846153846,133,1,2121164,3.3000748645555,2019-07-14,92.8973842991061
"992",992,85,29,2024,"NM",27.5579750640221,4.20022944356358,34.3914673413587,0.421212318229034,0,2024.55769230769,134,1,2121164,4.00723376410311,2019-07-21,88.8594866849762
"993",993,127,30,2024,"NM",24.4970431429825,7.26116136460317,34.5252388494226,0.343954713867278,0,2024.57692307692,135,1,2121164,5.9872786828364,2019-07-28,95.1440998497357
"994",994,119,31,2024,"NM",27.9990803089275,3.75912419865812,36.3687593199459,0.274663552263875,0,2024.59615384615,136,1,2121164,5.61012726974435,2019-08-04,93.7674812877956
"995",995,100,32,2024,"NM",27.1228243248403,4.6353801827453,33.4200544934364,0.2246123232784,0.000336369114943618,2024.61538461538,137,1,2121164,4.71439266365071,2019-08-11,90.5718009288361
"996",996,106,33,2024,"NM",27.166653570977,4.5915509366086,34.7932790982831,0.342046725694524,0.000664654191335485,2024.63461538462,138,1,2121164,4.99725622346976,2019-08-18,91.4651545061059
"997",997,100,34,2024,"NM",27.7068149200405,4.05138958754511,38.4996255219368,0.359751827616616,0.00104887463421009,2024.65384615385,139,1,2121164,4.71439266365071,2019-08-25,87.9245343203112
"998",998,117,35,2024,"NM",23.1946668654597,8.56353764212594,37.7663729937434,0.377930327985822,0.00144914741951081,2024.67307692308,140,1,2121164,5.51583941647133,2019-09-01,83.3616308898888
"999",999,87,36,2024,"NM",21.5443735837052,10.2138309238805,39.1029291566164,0.478634743362082,0.00788418735209062,2024.69230769231,141,1,2121164,4.10152161737612,2019-09-08,87.24138584776
"1000",1000,95,37,2024,"NM",23.6061931866165,8.15201132096914,39.1590067396887,0.595219480576714,0.0092526575211264,2024.71153846154,142,1,2121164,4.47867303046818,2019-09-15,93.51688088424
"1001",1001,74,38,2024,"NM",22.290976600678,9.46722790690767,33.5945821216764,0.883850073088499,0.0102395059755425,2024.73076923077,143,1,2121164,3.48865057110153,2019-09-22,87.2804183040335
"1002",1002,6099,1,2022,"NY",-1.15807730905434,27.7051548074796,71.2288628880288,0.687154141373591,0.0229309546033504,2022.01923076923,1,0,19737367,30.9007782041039,2019-01-06,118.41260903991
"1003",1003,7342,2,2022,"NY",-5.46267355158436,32.0097510500096,70.7569491322695,0.996447684985862,0.0275734178052557,2022.03846153846,2,0,19737367,37.1984773855601,2019-01-13,114.717402557397
"1004",1004,7303,3,2022,"NY",-6.90497916937637,33.4520566678016,67.3253131118632,1.25662561674915,0.0280024179516954,2022.05769230769,3,0,19737367,37.0008826405265,2019-01-20,118.516641379071
"1005",1005,6533,4,2022,"NY",-11.0696499897866,37.6167274882118,69.2777703600647,1.59477824806701,0.0232401143813492,2022.07692307692,4,0,19737367,33.0996530590934,2019-01-27,112.863688945773
"1006",1006,4954,5,2022,"NY",-7.12586208620053,33.6729395846258,70.7938266360095,1.85539160331314,0.0189961001383822,2022.09615384615,5,0,19737367,25.0995991511938,2019-02-03,117.951491914992
"1007",1007,3217,6,2022,"NY",-4.84310076418664,31.3901782626119,69.4917082118085,2.17420077937857,0.0164626315151357,2022.11538461538,6,0,19737367,16.2990331993117,2019-02-10,116.844763499952
"1008",1008,2645,7,2022,"NY",-3.53912353258922,30.0862010310144,68.6035839147892,2.39897144805523,0.0151447927848397,2022.13461538462,7,0,19737367,13.4009769388186,2019-02-17,111.654091911658
"1009",1009,1954,8,2022,"NY",-0.538764368630015,27.0858418670552,66.8417490383383,2.65800083899421,0.0130607930970056,2022.15384615385,8,0,19737367,9.90000337937679,2019-02-24,116.642410538449
"1010",1010,1579,9,2022,"NY",-4.93287698152233,31.4799544799476,66.5978470935611,2.11148792285494,0.00986205505526648,2022.17307692308,9,0,19737367,8.00005390789967,2019-03-03,116.359967189791
"1011",1011,1105,10,2022,"NY",0.399728928442701,26.1473485699825,68.5180881916547,1.70704916078039,0.00670141733359537,2022.19230769231,10,0,19737367,5.59851777595259,2019-03-10,117.849533246412
"1012",1012,908,11,2022,"NY",1.43188125999649,25.1151962384287,68.7013879987461,1.02872077573114,0.00517269265618525,2022.21153846154,11,0,19737367,4.60041098693661,2019-03-17,115.554031931878
"1013",1013,868,12,2022,"NY",6.12897152723703,20.4181059711882,68.6686651635686,0.953434070644195,0.00467397703047219,2022.23076923077,12,0,19737367,4.39774970997905,2019-03-24,112.200823071594
"1014",1014,1046,13,2022,"NY",1.13874655214892,25.4083309462763,69.3605684263175,1.31281307380818,0.00672414917349411,2022.25,13,0,19737367,5.29959239244019,2019-03-31,110.97580380775
"1015",1015,987,14,2022,"NY",4.8909260990293,21.6561513993959,67.2058354054708,1.83423574854907,0.0092502544370111,2022.26923076923,14,0,19737367,5.00066700892779,2019-04-07,109.402643363757
"1016",1016,1678,15,2022,"NY",8.33934514638262,18.2077323520426,67.002313381409,1.75083385165971,0.0111925432269326,2022.28846153846,15,0,19737367,8.50164056836963,2019-04-14,110.394789856695
"1017",1017,2526,16,2022,"NY",5.37325666212402,21.1738208363012,67.1715233559567,1.67220011123804,0.0108416858911998,2022.30769230769,16,0,19737367,12.7980596398699,2019-04-21,94.7062027968861
"1018",1018,3099,17,2022,"NY",8.68724388933019,17.859833609095,64.6801841766782,1.3588392697464,0.00951438963464579,2022.32692307692,17,0,19737367,15.7011824322869,2019-04-28,98.4190698092517
"1019",1019,3336,18,2022,"NY",9.13136265787136,17.4157148405539,65.805971322249,1.11125837281798,0.00867586171279414,2022.34615384615,18,0,19737367,16.9019504982605,2019-05-05,91.3133236974958
"1020",1020,3790,19,2022,"NY",11.8030446654713,14.7440328329539,67.4582301676194,1.13421613121984,0.00802271819403941,2022.36538461538,19,0,19737367,19.2021559917288,2019-05-12,86.6816540076245
"1021",1021,3711,20,2022,"NY",15.4809972785366,11.0660802198886,70.2388843726713,1.5344087978821,0.00781254156139468,2022.38461538462,20,0,19737367,18.8018999697376,2019-05-19,78.8190206405541
"1022",1022,3434,21,2022,"NY",16.9517856016245,9.59529189680068,69.9925876459539,1.80759025273174,0.0072430127078247,2022.40384615385,21,0,19737367,17.3984706268065,2019-05-26,75.1353444703244
"1023",1023,3040,22,2022,"NY",19.1053964996544,7.44168099877087,71.6856912466416,2.14677843397599,0.00603271956183415,2022.42307692308,22,0,19737367,15.4022570487745,2019-06-02,71.6967481268568
"1024",1024,2329,23,2022,"NY",16.7731515753868,9.77392592303842,69.4753990604245,1.99260562836997,0.00573239243782279,2022.44230769231,23,0,19737367,11.7999528508539,2019-06-09,80.6224435809276
"1025",1025,1757,24,2022,"NY",18.2949879457695,8.25208955265569,68.2906796140903,1.85283427995812,0.00494819462663551,2022.46153846154,24,0,19737367,8.90189659036081,2019-06-16,75.8597954092327
"1026",1026,1658,25,2022,"NY",17.4073235581592,9.13975394026598,67.091831868782,1.15041268210604,0.00531001255976375,2022.48076923077,25,0,19737367,8.40030992989085,2019-06-23,72.7303474180927
"1027",1027,1441,26,2022,"NY",20.3816001438315,6.16547735459372,65.4981188474013,0.725549784998155,0.00424686838928413,2022.5,26,0,19737367,7.30087250239609,2019-06-30,66.9953190256933
"1028",1028,1559,27,2022,"NY",21.1892082651203,5.35786923330495,64.8679575640753,0.948620248397393,0.00448129682140479,2022.51923076923,27,0,19737367,7.89872326942089,2019-07-07,69.8706819776518
"1029",1029,1540,28,2022,"NY",21.2784794350457,5.26859806337955,64.2416566429986,1.5703061684409,0.00445783877859695,2022.53846153846,28,0,19737367,7.80245916286605,2019-07-14,75.7173594281144
"1030",1030,1974,29,2022,"NY",23.369777608999,3.17729988942626,64.8199912771896,2.20932365670722,0.00512341218900507,2022.55769230769,29,0,19737367,10.0013340178556,2019-07-21,68.0673151695797
"1031",1031,2033,30,2022,"NY",23.5084176705541,3.0386598278711,66.1697848406188,3.27121252044629,0.00522251355343732,2022.57692307692,30,0,19737367,10.300259401368,2019-07-28,70.3513158124165
"1032",1032,1934,31,2022,"NY",22.9508828927869,3.59619460563836,65.5189969597881,3.90730685570636,0.00434786125896798,2022.59615384615,31,0,19737367,9.79867274089801,2019-08-04,65.3108630697228
"1033",1033,2112,32,2022,"NY",24.205904868423,2.34117263000218,66.2578293796861,4.76601623825642,0.00338734813682763,2022.61538461538,32,0,19737367,10.7005154233592,2019-08-11,64.2220669254815
"1034",1034,1895,33,2022,"NY",20.5675639896975,5.9795135087277,68.5007881759158,4.84768199225038,0.00299509723527627,2022.63461538462,33,0,19737367,9.60107799586439,2019-08-18,66.4379166857988
"1035",1035,2072,34,2022,"NY",22.0179618583288,4.52911564009641,70.2496985744646,4.93169429239551,0.00324229332784526,2022.65384615385,34,0,19737367,10.4978541464016,2019-08-25,69.4960987548614
"1036",1036,2053,35,2022,"NY",21.2570729455357,5.29000455288957,74.5795334960315,4.80868695139612,0.00290602760405343,2022.67307692308,35,0,19737367,10.4015900398468,2019-09-01,79.8559242691044
"1037",1037,1875,36,2022,"NY",18.8657648904664,7.68131260795885,77.4559759593811,4.69067764559512,0.00443466783926481,2022.69230769231,36,0,19737367,9.49974735738561,2019-09-08,83.345830423884
"1038",1038,2072,37,2022,"NY",18.6336617870158,7.91341571140946,77.2496576052535,4.07910966415551,0.00717032486315592,2022.71153846154,37,0,19737367,10.4978541464016,2019-09-15,84.1269009205268
"1039",1039,2171,38,2022,"NY",17.5932343195879,8.95384317883734,76.9382451511423,3.58623442116382,0.0110819070581535,2022.73076923077,38,0,19737367,10.9994408068716,2019-09-22,81.9717615643462
"1040",1040,2388,39,2022,"NY",12.3380001778961,14.2090773205291,73.677850687358,3.17932477758155,0.012508422898218,2022.75,39,0,19737367,12.0988782343663,2019-09-29,93.0894964621074
"1041",1041,2783,40,2022,"NY",11.5392065864055,15.0078709120197,71.9578616277328,2.83873625587889,0.014266104153271,2022.76923076923,40,0,19737367,14.1001583443222,2019-10-06,90.9692116069091
"1042",1042,3000,41,2022,"NY",11.4994978468789,15.0475796515463,70.3965166543222,2.23013651420446,0.0141879951194436,2022.78846153846,41,0,19737367,15.199595771817,2019-10-13,106.591488752154
"1043",1043,3237,42,2022,"NY",8.95994902351717,17.587128474908,70.3856738118482,1.78810554348413,0.0150062062482802,2022.80769230769,42,0,19737367,16.4003638377905,2019-10-20,114.092821700743
"1044",1044,2704,43,2022,"NY",12.2578273947356,14.2892501036896,71.0191055474206,1.34687439718474,0.0140156654802707,2022.82692307692,43,0,19737367,13.699902322331,2019-10-27,120.580322891195
"1045",1045,2724,44,2022,"NY",9.94041168744755,16.6066658109777,71.3029989151883,1.0262159524439,0.0135814636943891,2022.84615384615,44,0,19737367,13.8012329608098,2019-11-03,126.7296331458
"1046",1046,2388,45,2022,"NY",11.9179356528267,14.6291418455985,71.1885697774143,0.693488015763964,0.0117677128193779,2022.86538461538,45,0,19737367,12.0988782343663,2019-11-10,137.714429823696
"1047",1047,2408,46,2022,"NY",5.14851989991882,21.3985575985064,71.2831088971543,0.454622320028137,0.0108474955144726,2022.88461538462,46,0,19737367,12.2002088728451,2019-11-17,137.076048556156
"1048",1048,2053,47,2022,"NY",-0.38856711888553,26.9356446173107,70.5518715295329,0.376001361138737,0.00867429108789772,2022.90384615385,47,0,19737367,10.4015900398468,2019-11-24,126.639020306454
"1049",1049,1599,48,2022,"NY",3.5203737826778,23.0267037157474,72.122940577404,0.424181720429606,0.00804367674776478,2022.92307692308,48,0,19737367,8.10138454637845,2019-12-01,128.232721610835
"1050",1050,2072,49,2022,"NY",3.75685137454936,22.7902261238759,74.7789366247227,0.384858251240074,0.00685103202130929,2022.94230769231,49,0,19737367,10.4978541464016,2019-12-08,142.133887819378
"1051",1051,2270,50,2022,"NY",-2.22460616731817,28.7716836657434,75.0317307183518,0.424195019082753,0.00747703581739144,2022.96153846154,50,0,19737367,11.5010274673415,2019-12-15,142.701860027407
"1052",1052,2349,51,2022,"NY",-2.21431405568166,28.7613915541069,78.1205413600738,0.414843351567855,0.00633829899060666,2022.98076923077,51,0,19737367,11.9012834893327,2019-12-22,117.533631112921
"1053",1053,2507,52,2022,"NY",-5.21705982470542,31.7641373231306,79.2594034099395,0.558118622686192,0.00522665122117521,2023,52,0,19737367,12.7017955333151,2019-12-29,123.821429944736
"1054",1054,2842,53,2022,"NY",6.39128581249168,20.1557916859335,78.7371960587487,0.839973549555499,0.0047759916507607,2023.01923076923,53,0,19737367,14.3990837278346,NA,100
"1055",1055,2507,2,2023,"NY",-0.134006068167302,26.6810835665925,79.0012596389433,1.24632030371862,0.0043253320803462,2023.03846153846,54,0,19737367,12.7017955333151,2019-01-13,114.717402557397
"1056",1056,2605,3,2023,"NY",-1.11177960547956,27.6588571039048,77.3889407789532,1.76632930700773,0.0039261569184988,2023.05769230769,55,0,19737367,13.1983156618611,2019-01-20,118.516641379071
"1057",1057,2250,4,2023,"NY",-0.901498317680211,27.4485758161054,73.336516216657,2.59961826558006,0.00315383168045328,2023.07692307692,56,0,19737367,11.3996968288627,2019-01-27,112.863688945773
"1058",1058,2230,5,2023,"NY",-4.15594980027353,30.7030272986988,72.2019667562217,3.56058449320658,0.00253419482615555,2023.09615384615,57,0,19737367,11.298366190384,2019-02-03,117.951491914992
"1059",1059,2408,6,2023,"NY",-1.90498764299593,28.4520651414211,69.4834857348085,5.22149605455353,0.00216986051550509,2023.11538461538,58,0,19737367,12.2002088728451,2019-02-10,116.844763499952
"1060",1060,2270,7,2023,"NY",2.99878282354629,23.5482946748789,69.1979377313629,5.8043261281218,0.00184134658555689,2023.13461538462,59,0,19737367,11.5010274673415,2019-02-17,111.654091911658
"1061",1061,2428,8,2023,"NY",0.0635548462855317,26.4835226521397,72.1916431677283,6.50764246415042,0.0016256980984343,2023.15384615385,60,0,19737367,12.3015395113239,2019-02-24,116.642410538449
"1062",1062,2053,9,2023,"NY",-2.05525179412232,28.6023292925475,73.8096812468495,7.7537122055241,0.0014680951787203,2023.17307692308,61,0,19737367,10.4015900398468,2019-03-03,116.359967189791
"1063",1063,2250,10,2023,"NY",-0.81115609170047,27.3582335901257,73.7425863454085,9.4957243783317,0.00141729475196294,2023.19230769231,62,0,19737367,11.3996968288627,2019-03-10,117.849533246412
"1064",1064,1836,11,2023,"NY",0.0372665115337804,26.5098109868914,72.6114417337243,7.71537349858237,0.00132447588711638,2023.21153846154,63,0,19737367,9.30215261235199,2019-03-17,115.554031931878
"1065",1065,1776,12,2023,"NY",2.11337341669692,24.4337040817283,69.549526781145,6.4514171811648,0.00124265139654476,2023.23076923077,64,0,19737367,8.99816069691565,2019-03-24,112.200823071594
"1066",1066,1678,13,2023,"NY",2.11888557673716,24.4281919216881,65.203545295269,5.2786303278977,0.00114181052281863,2023.25,65,0,19737367,8.50164056836963,2019-03-31,110.97580380775
"1067",1067,1461,14,2023,"NY",7.06552690657583,19.4815505918494,64.2098488050631,4.42481296971786,0.00104992052215812,2023.26923076923,66,0,19737367,7.40220314087487,2019-04-07,109.402643363757
"1068",1068,1303,15,2023,"NY",10.4982179310988,16.0488595673265,64.7753592229438,3.6636178556696,0.000960884667814769,2023.28846153846,67,0,19737367,6.60169109689251,2019-04-14,110.394789856695
"1069",1069,1125,16,2023,"NY",10.6446313954743,15.902446102951,68.2101526131204,3.08975453744343,0.00106949422382427,2023.30769230769,68,0,19737367,5.69984841443137,2019-04-21,94.7062027968861
"1070",1070,1066,17,2023,"NY",8.07258478210624,18.474492716319,69.6414765693142,2.60594495035039,0.00133210946188178,2023.32692307692,69,0,19737367,5.40092303091897,2019-04-28,98.4190698092517
"1071",1071,888,18,2023,"NY",7.91379852613464,18.6332789722906,68.147670350172,2.22449392222337,0.00164897036840492,2023.34615384615,70,0,19737367,4.49908034845783,2019-05-05,91.3133236974958
"1072",1072,849,19,2023,"NY",12.9287877349843,13.6182897634409,66.6928121541469,1.84801905060351,0.00303454624634852,2023.36538461538,71,0,19737367,4.3014856034242,2019-05-12,86.6816540076245
"1073",1073,789,20,2023,"NY",12.4431911697154,14.1038863287098,61.9475020875503,1.55026373312336,0.0027816673924839,2023.38461538462,72,0,19737367,3.99749368798787,2019-05-19,78.8190206405541
"1074",1074,671,21,2023,"NY",13.7893951077707,12.7576823906546,58.7101734602195,1.05909086362451,0.00252878853862227,2023.40384615385,73,0,19737367,3.39964292096306,2019-05-26,75.1353444703244
"1075",1075,454,22,2023,"NY",19.2801884495878,7.26688904883738,62.3162077471869,0.726560648405379,0.00227590968476064,2023.42307692308,74,0,19737367,2.3002054934683,2019-06-02,71.6967481268568
"1076",1076,533,23,2023,"NY",15.0578288594243,11.489248639001,65.6631319407721,0.631699356480531,0.00202303083089902,2023.44230769231,75,0,19737367,2.70046151545948,2019-06-09,80.6224435809276
"1077",1077,296,24,2023,"NY",17.0101102543638,9.5369672440614,70.9668965161087,0.546718987263817,0.0017701519770344,2023.46153846154,76,0,19737367,1.49969344948594,2019-06-16,75.8597954092327
"1078",1078,454,25,2023,"NY",18.3281802893197,8.21889720910549,76.8367596398232,0.498737396775255,0.00151727312317277,2023.48076923077,77,0,19737367,2.3002054934683,2019-06-23,72.7303474180927
"1079",1079,375,26,2023,"NY",20.3227108323174,6.22436666610783,79.4712632118452,0.453643160888466,0.00126439426931114,2023.5,78,0,19737367,1.89994947147712,2019-06-30,66.9953190256933
"1080",1080,375,27,2023,"NY",22.5998547689487,3.94722272947652,80.2075562887862,0.380713462171792,0.00101151541544951,2023.51923076923,79,0,19737367,1.89994947147712,2019-07-07,69.8706819776518
"1081",1081,257,28,2023,"NY",21.6979117349775,4.84916576344767,79.2698352309227,0.314751974531896,0.000758636561587878,2023.53846153846,80,0,19737367,1.30209870445232,2019-07-14,75.7173594281144
"1082",1082,375,29,2023,"NY",21.9877106330385,4.5593668653867,77.3264565153917,0.247319249768356,0.000505757707723259,2023.55769230769,81,0,19737367,1.89994947147712,2019-07-21,68.0673151695797
"1083",1083,296,30,2023,"NY",22.2055746317818,4.34150286664345,76.287909161574,0.186466213481115,0.00025287885386163,2023.57692307692,82,0,19737367,1.49969344948594,2019-07-28,70.3513158124165
"1084",1084,572,31,2023,"NY",19.5705480276439,6.9765294707813,76.5512136331728,0.137794078165623,0,2023.59615384615,83,0,19737367,2.8980562604931,2019-08-04,65.3108630697228
"1085",1085,414,32,2023,"NY",20.335732246763,6.2113452516622,76.9047485074649,0.164452021656363,0,2023.61538461538,84,0,19737367,2.09754421651074,2019-08-11,64.2220669254815
"1086",1086,770,33,2023,"NY",20.3182263747886,6.22885112363659,77.9593893623514,0.189653547469633,0,2023.63461538462,85,0,19737367,3.90122958143303,2019-08-18,66.4379166857988
"1087",1087,691,34,2023,"NY",19.1266699413722,7.42040755705297,78.4774380730779,0.215970046514223,0,2023.65384615385,86,0,19737367,3.50097355944184,2019-08-25,69.4960987548614
"1088",1088,868,35,2023,"NY",18.6460488539549,7.9010286444703,79.2347285698842,0.25970957393136,0,2023.67307692308,87,0,19737367,4.39774970997905,2019-09-01,79.8559242691044
"1089",1089,849,36,2023,"NY",22.6990257386273,3.8480517597979,78.4878468801683,0.306713214042216,0.00304080803816867,2023.69230769231,88,0,19737367,4.3014856034242,2019-09-08,83.345830423884
"1090",1090,908,37,2023,"NY",18.1237755641128,8.42330193431237,77.5964966114102,0.29476941442025,0.00421061356023414,2023.71153846154,89,0,19737367,4.60041098693661,2019-09-15,84.1269009205268
"1091",1091,1224,38,2023,"NY",15.2959708566115,11.2511066418137,78.0068291670875,0.283041977882743,0.00531702087448199,2023.73076923077,90,0,19737367,6.20143507490133,2019-09-22,81.9717615643462
"1092",1092,1500,39,2023,"NY",14.0057710358825,12.5413064625427,76.0108070027926,0.276941481011182,0.0061291995271152,2023.75,91,0,19737367,7.59979788590849,2019-09-29,93.0894964621074
"1093",1093,1757,40,2023,"NY",18.3645415441874,8.18253595423785,75.9157770835703,0.270898721841712,0.0121689286953527,2023.76923076923,92,0,19737367,8.90189659036081,2019-10-06,90.9692116069091
"1094",1094,1796,41,2023,"NY",11.0226579580854,15.5244195403398,76.0637157365136,0.279301419067817,0.0115776458149721,2023.78846153846,93,0,19737367,9.09949133539443,2019-10-13,106.591488752154
"1095",1095,1540,42,2023,"NY",10.5478000243246,15.9992774741007,75.6377160692786,0.287815966659068,0.0102073893612334,2023.80769230769,94,0,19737367,7.80245916286605,2019-10-20,114.092821700743
"1096",1096,1224,43,2023,"NY",12.0108627888017,14.5362147096235,73.8555752205185,0.296971293679935,0.00846974354626122,2023.82692307692,95,0,19737367,6.20143507490133,2019-10-27,120.580322891195
"1097",1097,1145,44,2023,"NY",6.58342316314471,19.9636543352805,73.153846370021,0.342834731884732,0.00677629258218059,2023.84615384615,96,0,19737367,5.80117905291015,2019-11-03,126.7296331458
"1098",1098,967,45,2023,"NY",6.7841260620488,19.7629514363764,71.9230460152709,0.401836263212364,0.00821200541334391,2023.86538461538,97,0,19737367,4.89933637044901,2019-11-10,137.714429823696
"1099",1099,1303,46,2023,"NY",4.46586268639613,22.0812148120291,70.5395920264108,0.466260898877063,0.00689852545824598,2023.88461538462,98,0,19737367,6.60169109689251,2019-11-17,137.076048556156
"1100",1100,1421,47,2023,"NY",2.66475331640198,23.8823241820232,73.0518281473832,0.488873714194017,0.006036259754801,2023.90384615385,99,0,19737367,7.19954186391731,2019-11-24,126.639020306454
"1101",1101,1480,48,2023,"NY",0.621247126064271,25.925830372361,74.5716919183015,0.512194928493218,0.0054532093736091,2023.92307692308,100,0,19737367,7.49846724742971,2019-12-01,128.232721610835
"1102",1102,1717,49,2023,"NY",2.24967230734846,24.2974051910768,75.0557985945374,0.435648967424464,0.00409585258934248,2023.94230769231,101,0,19737367,8.69923531340325,2019-12-08,142.133887819378
"1103",1103,1816,50,2023,"NY",2.58536182467876,23.9617156737465,77.7672241646492,0.419184561785144,0.00373009688332366,2023.96153846154,102,0,19737367,9.20082197387321,2019-12-15,142.701860027407
"1104",1104,2033,51,2023,"NY",1.6339581754997,24.9131193229255,78.5871406835731,0.759371617638635,0.00337052076231939,2023.98076923077,103,0,19737367,10.300259401368,2019-12-22,117.533631112921
"1105",1105,2151,52,2023,"NY",3.91924887769159,22.6278286207336,78.0756914255946,1.31406747881201,0.00300352976501447,2024,104,0,19737367,10.8981101683928,2019-12-29,123.821429944736
"1106",1106,2428,1,2024,"NY",-1.361005624438,27.9080831228632,76.6551660310947,3.08500956898189,0.00251863465750104,2024.01923076923,105,0,19737367,12.3015395113239,2019-01-06,118.41260903991
"1107",1107,2921,53,2023,"NY",1.30502466853913,25.2420528298861,78.3849274784278,1.95448475572764,0.00251863465750104,2024.01923076923,106,0,19737367,14.7993397498258,NA,100
"1108",1108,2290,2,2024,"NY",0.514478533252436,26.0325989651728,76.6675210427963,3.58040775396781,0.00212227009575733,2024.03846153846,107,0,19737367,11.6023581058203,2019-01-13,114.717402557397
"1109",1109,2013,3,2024,"NY",-7.53952933535952,34.0866068337847,77.5744338143623,4.21254461923624,0.00172819228623648,2024.05769230769,108,0,19737367,10.1989287628892,2019-01-20,118.516641379071
"1110",1110,1520,4,2024,"NY",-1.12071441862556,27.6677919170508,76.6047972392061,4.41972652328713,0.00136592219047915,2024.07692307692,109,0,19737367,7.70112852438727,2019-01-27,112.863688945773
"1111",1111,1263,5,2024,"NY",-0.0879118805490312,26.6349893789743,75.259787183313,4.64405976833311,0.001064980770026,2024.09615384615,110,0,19737367,6.39902981993495,2019-02-03,117.951491914992
"1112",1112,1382,6,2024,"NY",0.823009316629172,25.724068181796,72.1093248926567,4.07471504436877,0.0010284820028056,2024.11538461538,111,0,19737367,7.00194711888369,2019-02-10,116.844763499952
"1113",1113,1066,7,2024,"NY",-1.16753063239475,27.71460813082,66.3313266268519,3.60971035334704,0.000868931244406367,2024.13461538462,112,0,19737367,5.40092303091897,2019-02-17,111.654091911658
"1114",1114,1086,8,2024,"NY",-1.68022733307069,28.2273048314959,67.585077051351,2.66519466549221,0.000777741886525364,2024.15384615385,113,0,19737367,5.50225366939775,2019-02-24,116.642410538449
"1115",1115,908,9,2024,"NY",2.07193513068632,24.4751423677389,67.9363695422971,2.04191541201585,0.00072484486626267,2024.17307692308,114,0,19737367,4.60041098693661,2019-03-03,116.359967189791
"1116",1116,651,10,2024,"NY",6.2981793135103,20.2488981849149,68.785258841387,1.97114991602187,0.000571756557832864,2024.19230769231,115,0,19737367,3.29831228248428,2019-03-10,117.849533246412
"1117",1117,533,11,2024,"NY",5.46360329311095,21.0834742053143,69.2736430052898,1.9036020678185,0.000529794793730645,2024.21153846154,116,0,19737367,2.70046151545948,2019-03-17,115.554031931878
"1118",1118,592,12,2024,"NY",0.115358989462728,26.4317185089625,68.8985125130947,1.2245945739526,0.000479691471891714,2024.23076923077,117,0,19737367,2.99938689897188,2019-03-24,112.200823071594
"1119",1119,375,13,2024,"NY",2.42476708427827,24.122310414147,68.9154010482631,0.802969956332517,0.000418757176544779,2024.25,118,0,19737367,1.89994947147712,2019-03-31,110.97580380775
"1120",1120,711,14,2024,"NY",3.57299481679778,22.9740826816274,71.2852201336339,0.635343432929815,0.000484388884524225,2024.26923076923,119,0,19737367,3.60230419792062,2019-04-07,109.402643363757
"1121",1121,632,15,2024,"NY",9.11123084085669,17.4358466575685,71.1234168651065,0.496234824419412,0.000361280574855412,2024.28846153846,120,0,19737367,3.20204817592944,2019-04-14,110.394789856695
"1122",1122,355,16,2024,"NY",8.77828751941701,17.7687899790082,71.9588809179634,0.387108226109579,0.000232031947924115,2024.30769230769,121,0,19737367,1.79861883299834,2019-04-21,94.7062027968861
"1123",1123,533,17,2024,"NY",6.78415767069839,19.7629198277268,71.8182490410242,0.29281768189955,0.000110751373068704,2024.32692307692,122,0,19737367,2.70046151545948,2019-04-28,98.4190698092517
"1124",1124,375,18,2024,"NY",13.9150843227883,12.631993175637,71.98382791624,0.255113225856529,1.15472196275507e-05,2024.34615384615,123,0,19737367,1.89994947147712,2019-05-05,91.3133236974958
"1125",1125,454,19,2024,"NY",12.4452113196737,14.1018661787515,74.2678310905481,0.219545714348228,0,2024.36538461538,124,0,19737367,2.3002054934683,2019-05-12,86.6816540076245
"1126",1126,533,20,2024,"NY",14.6223491051865,11.9247283932388,75.1811655828634,0.197363236982768,0,2024.38461538462,125,0,19737367,2.70046151545948,2019-05-19,78.8190206405541
"1127",1127,493,21,2024,"NY",19.1546802133477,7.39239728507747,73.6158565994877,0.234686441461763,0,2024.40384615385,126,0,19737367,2.49780023850192,2019-05-26,75.1353444703244
"1128",1128,434,22,2024,"NY",16.7100983766049,9.83697912182035,73.3184154296206,0.266874309074822,0,2024.42307692308,127,0,19737367,2.19887485498952,2019-06-02,71.6967481268568
"1129",1129,395,23,2024,"NY",19.1742007550932,7.37287674333204,71.673363859304,0.300785353486603,0,2024.44230769231,128,0,19737367,2.0012801099559,2019-06-09,80.6224435809276
"1130",1130,513,24,2024,"NY",16.8612423130502,9.68583518537507,72.5487577743739,0.342548064924571,0,2024.46153846154,129,0,19737367,2.5991308769807,2019-06-16,75.8597954092327
"1131",1131,474,25,2024,"NY",23.3103424509302,3.23673504749501,73.5036575917815,0.387081376363526,0,2024.48076923077,130,0,19737367,2.40153613194708,2019-06-23,72.7303474180927
"1132",1132,632,26,2024,"NY",20.4299645621466,6.11711293627858,73.5918875263703,0.371509506953502,0,2024.5,131,0,19737367,3.20204817592944,2019-06-30,66.9953190256933
"1133",1133,868,27,2024,"NY",21.6323605677758,4.91471693064942,74.6238045219889,0.3562833867408,0,2024.51923076923,132,0,19737367,4.39774970997905,2019-07-07,69.8706819776518
"1134",1134,908,28,2024,"NY",23.8851998274312,2.66187767099405,73.4554836358102,0.335513960133288,0,2024.53846153846,133,0,19737367,4.60041098693661,2019-07-14,75.7173594281144
"1135",1135,770,29,2024,"NY",22.770913948538,3.7761635498872,73.9956131868103,0.315371044110444,0,2024.55769230769,134,0,19737367,3.90122958143303,2019-07-21,68.0673151695797
"1136",1136,1026,30,2024,"NY",21.5755841127954,4.97149338562978,75.5503689562332,0.333569714272139,0,2024.57692307692,135,0,19737367,5.19826175396141,2019-07-28,70.3513158124165
"1137",1137,1125,31,2024,"NY",23.635297688745,2.91177980968026,76.1495486525142,0.352279020648891,0,2024.59615384615,136,0,19737367,5.69984841443137,2019-08-04,65.3108630697228
"1138",1138,1421,32,2024,"NY",21.2256875880753,5.32138991034994,77.4508880638176,0.311420944249225,0.000395704134695664,2024.61538461538,137,0,19737367,7.19954186391731,2019-08-11,64.2220669254815
"1139",1139,1421,33,2024,"NY",20.3505962417549,6.19648125667037,78.0929109399975,0.41334770391029,0.000748307331126342,2024.63461538462,138,0,19737367,7.19954186391731,2019-08-18,66.4379166857988
"1140",1140,1638,34,2024,"NY",17.9123850290063,8.63469246941896,75.6042764347581,0.525356486231964,0.00114024456705607,2024.65384615385,139,0,19737367,8.29897929141207,2019-08-25,69.4960987548614
"1141",1141,1678,35,2024,"NY",20.7606549976379,5.78642250078735,73.6005369110717,0.656646897818778,0.00151501841712193,2024.67307692308,140,0,19737367,8.50164056836963,2019-09-01,79.8559242691044
"1142",1142,1421,36,2024,"NY",18.1573423124592,8.38973518596605,72.0627730728841,0.692644290594742,0.00752993815914793,2024.69230769231,141,0,19737367,7.19954186391731,2019-09-08,83.345830423884
"1143",1143,1717,37,2024,"NY",17.1520348378992,9.39504266052598,72.6320263810631,0.730240810489352,0.00833031712620332,2024.71153846154,142,0,19737367,8.69923531340325,2019-09-15,84.1269009205268
"1144",1144,1579,38,2024,"NY",19.9099513090097,6.63712618941552,73.8644192349694,0.835055094968649,0.00869332679920265,2024.73076923077,143,0,19737367,8.00005390789967,2019-09-22,81.9717615643462
"1145",1145,1525,1,2022,"OH",1.19692940833758,27.039881351377,69.3679111539091,0.652454822164436,0.0166235144452392,2022.01923076923,1,0,11824034,12.8974595303092,2019-01-06,133.396358967109
"1146",1146,2140,2,2022,"OH",-3.05725579424322,31.2940665539578,67.5362190387007,1.03592215030997,0.0193652465252834,2022.03846153846,2,0,11824034,18.0987300949913,2019-01-13,141.082511330403
"1147",1147,1939,3,2022,"OH",-2.18764800077615,30.4244587604907,63.9569934924625,0.878102770090359,0.0185362852192971,2022.05769230769,3,0,11824034,16.398802642144,2019-01-20,153.316410107887
"1148",1148,1691,4,2022,"OH",-7.43247232424855,35.6692830839632,67.5725573667679,1.2117269189816,0.0141235216339872,2022.07692307692,4,0,11824034,14.3013797152478,2019-01-27,140.332509546938
"1149",1149,1596,5,2022,"OH",-3.68958146270111,31.9263922224157,68.8875187515044,1.56450086807015,0.0100868564259316,2022.09615384615,5,0,11824034,13.4979314166383,2019-02-03,141.47321313857
"1150",1150,958,6,2022,"OH",-4.32894652804273,32.5657572877573,67.6492791065987,2.05116681030869,0.00811017627317377,2022.11538461538,6,0,11824034,8.10214179018768,2019-02-10,144.919669753845
"1151",1151,863,7,2022,"OH",0.249736431852635,27.987074327862,66.8926036521724,2.26008664369783,0.00660355566185504,2022.13461538462,7,0,11824034,7.29869349157825,2019-02-17,134.555615414252
"1152",1152,532,8,2022,"OH",2.16171049750409,26.0751002622105,63.7164057163356,2.49971985079291,0.00617913762201066,2022.15384615385,8,0,11824034,4.49931047221278,2019-02-24,137.20544812746
"1153",1153,461,9,2022,"OH",1.94883245818108,26.2879783015335,61.9093923709959,2.42515923355571,0.00481242977932347,2022.17307692308,9,0,11824034,3.89883858588363,2019-03-03,136.767270123281
"1154",1154,319,10,2022,"OH",6.39730202284384,21.8395087368708,64.3213138650809,2.35370933227521,0.00400528843765728,2022.19230769231,10,0,11824034,2.69789481322533,2019-03-10,123.696596113408
"1155",1155,213,11,2022,"OH",4.81880794131998,23.4180028183946,63.8309450895835,1.74216981015659,0.00351507221083204,2022.21153846154,11,0,11824034,1.80141565898745,2019-03-17,114.633556484282
"1156",1156,319,12,2022,"OH",10.8387762005796,17.398034559135,64.833335638305,1.31925935059916,0.00317883614565609,2022.23076923077,12,0,11824034,2.69789481322533,2019-03-24,113.423594436823
"1157",1157,272,13,2022,"OH",3.9948939529981,24.2419168067165,67.2914626371284,0.859624797789052,0.00473253600815648,2022.25,13,0,11824034,2.30039933917646,2019-03-31,87.5484622566615
"1158",1158,248,14,2022,"OH",6.49095720405954,21.7458535556551,66.0281101330349,1.5770507042829,0.00673362971272465,2022.26923076923,14,0,11824034,2.09742292689618,2019-04-07,85.7443788409784
"1159",1159,355,15,2022,"OH",10.0112300983675,18.2255806613471,65.9164463323478,2.26827821987591,0.00851328178972872,2022.28846153846,15,0,11824034,3.00235943164575,2019-04-14,88.4305750592994
"1160",1160,355,16,2022,"OH",7.79445243874719,20.4423583209674,67.1336185687178,3.46622925141509,0.0084406331488334,2022.30769230769,16,0,11824034,3.00235943164575,2019-04-21,76.3860860088911
"1161",1161,449,17,2022,"OH",13.3829548112378,14.8538559484768,66.8098989452247,2.80547657667119,0.00773230185231198,2022.32692307692,17,0,11824034,3.7973503797435,2019-04-28,81.5437741667996
"1162",1162,485,18,2022,"OH",13.7109848589019,14.5258259008127,67.5950724806204,2.3150362234721,0.0091866842286369,2022.34615384615,18,0,11824034,4.10181499816391,2019-05-05,75.0655360820733
"1163",1163,591,19,2022,"OH",15.3893958836045,12.8474148761101,69.4875604824197,1.63626922032285,0.00879400944437969,2022.36538461538,19,0,11824034,4.9982941524018,2019-05-12,69.2063830507021
"1164",1164,437,20,2022,"OH",18.7190906315781,9.51772012813652,72.4457788338533,1.18822196895965,0.00905418573728728,2022.38461538462,20,0,11824034,3.69586217360336,2019-05-19,68.9870082390986
"1165",1165,650,21,2022,"OH",19.540616582921,8.69619417679364,70.2619298897028,1.01286938473121,0.00667724737598013,2022.40384615385,21,0,11824034,5.49727783259081,2019-05-26,60.6932470202896
"1166",1166,662,22,2022,"OH",20.9715634814879,7.26524727822669,71.8700597851138,1.34824450093483,0.00333969495238821,2022.42307692308,22,0,11824034,5.59876603873094,2019-06-02,61.7837872001842
"1167",1167,875,23,2022,"OH",19.6024775628123,8.63433319690231,69.8566392665893,1.35423522193366,0.00197589080004336,2022.44230769231,23,0,11824034,7.40018169771839,2019-06-09,67.0523429377944
"1168",1168,745,24,2022,"OH",23.5714457119914,4.66536504772319,64.9435291204509,1.36025658755212,0.00118439555682377,2022.46153846154,24,0,11824034,6.30072613120023,2019-06-16,66.9858493072631
"1169",1169,733,25,2022,"OH",22.2402943902879,5.99651636942672,61.6103724009439,1.01817968298314,0.00342708757434221,2022.48076923077,25,0,11824034,6.19923792506009,2019-06-23,60.2720113758727
"1170",1170,709,26,2022,"OH",22.5676513739794,5.66915938573519,61.0049183905155,0.762706899615832,0.00341716428307518,2022.5,26,0,11824034,5.99626151277982,2019-06-30,55.1189705995659
"1171",1171,780,27,2022,"OH",25.5586345562011,2.6781762035135,61.9908328212799,0.996343752474647,0.00396875268344683,2022.51923076923,27,0,11824034,6.59673339910897,2019-07-07,62.9093744742637
"1172",1172,875,28,2022,"OH",23.0683890029323,5.16842175678225,65.9782629318476,1.77291938688148,0.00492361574738367,2022.53846153846,28,0,11824034,7.40018169771839,2019-07-14,69.5168404740831
"1173",1173,922,29,2022,"OH",23.7418688243624,4.49494193535219,71.0894489923861,2.39730375771139,0.00585183815720872,2022.55769230769,29,0,11824034,7.79767717176727,2019-07-21,66.1227895875975
"1174",1174,863,30,2022,"OH",24.5032624500676,3.73354830964703,74.600963234838,3.38459200455362,0.00610553048139069,2022.57692307692,30,0,11824034,7.29869349157825,2019-07-28,68.2545353698284
"1175",1175,1041,31,2022,"OH",23.6208099097339,4.61600084998071,75.869096116995,4.06522208404773,0.00559749743615418,2022.59615384615,31,0,11824034,8.80410188265697,2019-08-04,69.6800070037279
"1176",1176,1348,32,2022,"OH",23.7245784868248,4.51223227288981,76.460660043309,4.99599366849519,0.00482288870278958,2022.61538461538,32,0,11824034,11.4005084897422,2019-08-11,74.9980752685729
"1177",1177,1206,33,2022,"OH",19.9283567151834,8.30845404453123,76.2572318130467,5.67597372779313,0.0040868736789266,2022.63461538462,33,0,11824034,10.1995647170839,2019-08-18,78.0298603672823
"1178",1178,1301,34,2022,"OH",21.6278266922447,6.60898406746986,76.0843989199555,6.52990852650066,0.00352431891405814,2022.65384615385,34,0,11824034,11.0030130156933,2019-08-25,80.9833379153078
"1179",1179,1147,35,2022,"OH",22.6981647117139,5.53864604800069,75.7022001828467,6.66127875539728,0.00269138265333133,2022.67307692308,35,0,11824034,9.70058103689485,2019-09-01,73.5719021367319
"1180",1180,981,36,2022,"OH",21.2584628974466,6.97834786226803,74.6959015809,6.79731426717713,0.00368489580910654,2022.69230769231,36,0,11824034,8.29666085195628,2019-09-08,78.7072259191758
"1181",1181,1029,37,2022,"OH",19.4914845487866,8.74532621092796,72.6348683874986,6.30783573109757,0.00601774318307947,2022.71153846154,37,0,11824034,8.70261367651683,2019-09-15,76.8817988904036
"1182",1182,922,38,2022,"OH",21.3291259533042,6.90768480641036,69.8856963958532,5.87618155311911,0.00931103547232695,2022.73076923077,38,0,11824034,7.79767717176727,2019-09-22,75.2576532261181
"1183",1183,970,39,2022,"OH",13.9525703754724,14.2842403842422,64.7914531099601,5.10896072539014,0.0115422536843179,2022.75,39,0,11824034,8.20362999632782,2019-09-29,86.7086899614292
"1184",1184,686,40,2022,"OH",13.2213856715419,15.0154250881727,60.2032476203511,4.49576235236695,0.0125040517756743,2022.76923076923,40,0,11824034,5.80174245101122,2019-10-06,86.654806602609
"1185",1185,709,41,2022,"OH",12.5650999783799,15.6717107813347,57.8903589573991,3.65761048808086,0.012838455414906,2022.78846153846,41,0,11824034,5.99626151277982,2019-10-13,95.5776908950057
"1186",1186,698,42,2022,"OH",8.32801078588038,19.9087999738342,59.0548098077174,3.04127992530822,0.0131967087825807,2022.80769230769,42,0,11824034,5.90323065715136,2019-10-20,103.64331706976
"1187",1187,627,43,2022,"OH",13.4617347798907,14.7750759798239,60.9391844404808,2.3739890053658,0.0135069525905175,2022.82692307692,43,0,11824034,5.30275877082221,2019-10-27,124.180408366202
"1188",1188,579,44,2022,"OH",12.2379397627758,15.9988709969388,63.4670472527139,1.89583282990183,0.0136925350519121,2022.84615384615,44,0,11824034,4.89680594626166,2019-11-03,135.389491854014
"1189",1189,579,45,2022,"OH",14.187803603539,14.0490071561756,63.5492774325747,1.49427948817158,0.0124433561901688,2022.86538461538,45,0,11824034,4.89680594626166,2019-11-10,140.704541777701
"1190",1190,627,46,2022,"OH",3.96094498124606,24.2758657784685,63.7996449068006,1.19052790690357,0.0110072698821175,2022.88461538462,46,0,11824034,5.30275877082221,2019-11-17,135.708994562456
"1191",1191,638,47,2022,"OH",0.346159879786477,27.8906508799281,63.0881292411211,0.86965177835701,0.00810532739221373,2022.90384615385,47,0,11824034,5.39578962645067,2019-11-24,130.114411563377
"1192",1192,733,48,2022,"OH",5.70121708456458,22.53559367515,67.2586733749717,0.630770811415403,0.00678152650778912,2022.92307692308,48,0,11824034,6.19923792506009,2019-12-01,126.736340358227
"1193",1193,899,49,2022,"OH",4.56099681624541,23.6758139434692,68.7873690378494,0.494686079428397,0.00626371112712744,2022.94230769231,49,0,11824034,7.60315810999867,2019-12-08,138.002532244564
"1194",1194,899,50,2022,"OH",4.52067010651936,23.7161406531952,70.8574260399185,0.383081871011902,0.0068787014651683,2022.96153846154,50,0,11824034,7.60315810999867,2019-12-15,144.626465446296
"1195",1195,1171,51,2022,"OH",-0.938806582283084,29.1756173419977,75.1149181169317,0.480912216763848,0.00585840669943945,2022.98076923077,51,0,11824034,9.90355744917513,2019-12-22,113.639139738095
"1196",1196,993,52,2022,"OH",-7.54852609472633,35.7853368544409,75.5616902969458,0.593635797593665,0.00430851264466931,2023,52,0,11824034,8.39814905809642,2019-12-29,143.778603237439
"1197",1197,958,53,2022,"OH",9.60469844333822,18.6321123163764,75.9385578174112,0.630226460046033,0.00389721759370222,2023.01923076923,53,0,11824034,8.10214179018768,NA,100
"1198",1198,828,2,2023,"OH",1.70335555137215,26.5334552083424,79.1414767204439,0.668536888417174,0.00348592254273512,2023.03846153846,54,0,11824034,7.00268622366952,2019-01-13,141.082511330403
"1199",1199,733,3,2023,"OH",2.41321597745032,25.8235947822643,76.0802396238577,0.620539447618756,0.00319140940675012,2023.05769230769,55,0,11824034,6.19923792506009,2019-01-20,153.316410107887
"1200",1200,485,4,2023,"OH",-0.214757084764776,28.4515678444794,70.7178642824776,0.575226199363403,0.00249139450489851,2023.07692307692,56,0,11824034,4.10181499816391,2019-01-27,140.332509546938
"1201",1201,544,5,2023,"OH",-0.943162194609301,29.1799729543239,68.2330999489652,0.547084614811828,0.00200478674762492,2023.09615384615,57,0,11824034,4.60079867835292,2019-02-03,141.47321313857
"1202",1202,437,6,2023,"OH",3.83954994261263,24.397260817102,65.3299049794139,0.964525875857896,0.00174999496787643,2023.11538461538,58,0,11824034,3.69586217360336,2019-02-10,144.919669753845
"1203",1203,568,7,2023,"OH",5.39556825209177,22.8412425076228,63.9585423086548,1.40178718037366,0.00165197427544608,2023.13461538462,59,0,11824034,4.8037750906332,2019-02-17,134.555615414252
"1204",1204,638,8,2023,"OH",6.12849413074263,22.108316628972,66.4938972323784,2.08942743299636,0.00148654849943766,2023.15384615385,60,0,11824034,5.39578962645067,2019-02-24,137.20544812746
"1205",1205,508,9,2023,"OH",6.33274219357108,21.9040685661435,66.0590879171097,2.68709074440496,0.00135041334736801,2023.17307692308,61,0,11824034,4.29633405993251,2019-03-03,136.767270123281
"1206",1206,473,10,2023,"OH",5.05115479157367,23.1856559681409,64.7817777536291,3.57145971202654,0.00123798696789944,2023.19230769231,62,0,11824034,4.00032679202377,2019-03-10,123.696596113408
"1207",1207,520,11,2023,"OH",2.02542697450605,26.2113837852086,65.2872208592777,4.24547569086139,0.00120427033052621,2023.21153846154,63,0,11824034,4.39782226607265,2019-03-17,114.633556484282
"1208",1208,556,12,2023,"OH",3.69727356125252,24.5395371984621,64.5782271692364,5.15261757006822,0.00117971582287398,2023.23076923077,64,0,11824034,4.70228688449306,2019-03-24,113.423594436823
"1209",1209,603,13,2023,"OH",6.95766249890022,21.2791482608144,62.5385197136677,4.94825260585028,0.00107222289787055,2023.25,65,0,11824034,5.09978235854193,2019-03-31,87.5484622566615
"1210",1210,367,14,2023,"OH",11.3523244769635,16.8844862827511,64.0116348404889,4.75702753571717,0.00101682725201905,2023.26923076923,66,0,11824034,3.10384763778589,2019-04-07,85.7443788409784
"1211",1211,284,15,2023,"OH",12.3698712768686,15.866939482846,62.1943029888752,4.2091386185264,0.000963320414448503,2023.28846153846,67,0,11824034,2.4018875453166,2019-04-14,88.4305750592994
"1212",1212,319,16,2023,"OH",13.2657667662728,14.9710439934418,63.4365222948502,3.75647134870323,0.00108575465868923,2023.30769230769,68,0,11824034,2.69789481322533,2019-04-21,76.3860860088911
"1213",1213,225,17,2023,"OH",8.35843743160692,19.8783733281077,65.9140811264049,3.52122349841771,0.00121802762069188,2023.32692307692,69,0,11824034,1.90290386512759,2019-04-28,81.5437741667996
"1214",1214,142,18,2023,"OH",9.12593400402282,19.1108767556918,67.1501060334948,3.30814899116606,0.00139086767398221,2023.34615384615,70,0,11824034,1.2009437726583,2019-05-05,75.0655360820733
"1215",1215,154,19,2023,"OH",16.5985422981075,11.6382684616071,67.7326376039784,2.60091892327536,0.00300196141065114,2023.36538461538,71,0,11824034,1.30243197879844,2019-05-12,69.2063830507021
"1216",1216,166,20,2023,"OH",16.4280401611176,11.808770598597,64.9652459692136,2.09314511304298,0.00275179795976133,2023.38461538462,72,0,11824034,1.40392018493858,2019-05-19,68.9870082390986
"1217",1217,225,21,2023,"OH",16.5935361820344,11.6432745776802,59.9021424479323,1.42949490774895,0.00250163450887447,2023.40384615385,73,0,11824034,1.90290386512759,2019-05-26,60.6932470202896
"1218",1218,130,22,2023,"OH",20.519294064726,7.71751669498864,57.870787778652,1.00031667000506,0.00225147105798762,2023.42307692308,74,0,11824034,1.09945556651816,2019-06-02,61.7837872001842
"1219",1219,130,23,2023,"OH",19.7741956385855,8.4626151211291,59.56814018296,0.845545698269815,0.00200130760710076,2023.44230769231,75,0,11824034,1.09945556651816,2019-06-09,67.0523429377944
"1220",1220,83,24,2023,"OH",17.774112495459,10.4626982642556,64.1717711698149,0.71300496276991,0.00175114415621095,2023.46153846154,76,0,11824034,0.701960092469288,2019-06-16,66.9858493072631
"1221",1221,95,25,2023,"OH",19.804628585288,8.43218217442662,70.8907435593078,0.516110956620758,0.00150098070532409,2023.48076923077,77,0,11824034,0.803448298609426,2019-06-23,60.2720113758727
"1222",1222,47,26,2023,"OH",21.555505572035,6.68130518767957,75.827434799721,0.359813076537273,0.00125081725443724,2023.5,78,0,11824034,0.397495474048874,2019-06-30,55.1189705995659
"1223",1223,71,27,2023,"OH",23.6703329930522,4.56647776666236,77.0213300512993,0.297253006245294,0.00100065380355038,2023.51923076923,79,0,11824034,0.60047188632915,2019-07-07,62.9093744742637
"1224",1224,95,28,2023,"OH",22.9391272493032,5.29768351041137,76.4965162470424,0.240196080333763,0.000750490352663525,2023.53846153846,80,0,11824034,0.803448298609426,2019-07-14,69.5168404740831
"1225",1225,106,29,2023,"OH",22.8306408126636,5.40616994705101,75.0749133634563,0.212225680864058,0.000500326901773711,2023.55769230769,81,0,11824034,0.896479154237885,2019-07-21,66.1227895875975
"1226",1226,106,30,2023,"OH",23.3457198786462,4.89109088106842,74.008880022713,0.18548909928649,0.000250163450886855,2023.57692307692,82,0,11824034,0.896479154237885,2019-07-28,68.2545353698284
"1227",1227,106,31,2023,"OH",22.5645031181953,5.6723076415193,74.759824091017,0.182114694721772,0,2023.59615384615,83,0,11824034,0.896479154237885,2019-08-04,69.6800070037279
"1228",1228,130,32,2023,"OH",22.1396426758964,6.09716808381822,74.0723044213644,0.198568601603966,0,2023.61538461538,84,0,11824034,1.09945556651816,2019-08-11,74.9980752685729
"1229",1229,236,33,2023,"OH",21.4493339828535,6.78747677686105,72.8887775171068,0.207674533564032,0,2023.63461538462,85,0,11824034,1.99593472075605,2019-08-18,78.0298603672823
"1230",1230,225,34,2023,"OH",24.0099239019764,4.22688685773822,71.9375807697943,0.216919886455881,0,2023.65384615385,86,0,11824034,1.90290386512759,2019-08-25,80.9833379153078
"1231",1231,189,35,2023,"OH",20.036824736475,8.19998602323958,70.8252579219344,0.25678814029615,0,2023.67307692308,87,0,11824034,1.59843924670717,2019-09-01,73.5719021367319
"1232",1232,307,36,2023,"OH",24.4105807188854,3.82623004082923,68.7030840299949,0.299357172284511,0.00211905814541818,2023.69230769231,88,0,11824034,2.5964066070852,2019-09-08,78.7072259191758
"1233",1233,426,37,2023,"OH",18.5868299575019,9.64998080221272,67.7033354693091,0.30339781908196,0.00317732454174494,2023.71153846154,89,0,11824034,3.6028313179749,2019-09-15,76.8817988904036
"1234",1234,437,38,2023,"OH",17.9441380268323,10.2926727328823,69.6655835996485,0.307463674893917,0.0042104074599555,2023.73076923077,90,0,11824034,3.69586217360336,2019-09-22,75.2576532261181
"1235",1235,461,39,2023,"OH",18.093427013905,10.1433837458096,66.7367402665842,0.324049702285512,0.00499295183288137,2023.75,91,0,11824034,3.89883858588363,2019-09-29,86.7086899614292
"1236",1236,378,40,2023,"OH",20.2441507062091,7.99266005350552,67.3667870964084,0.341061945601082,0.0119801382851055,2023.76923076923,92,0,11824034,3.19687849341435,2019-10-06,86.654806602609
"1237",1237,390,41,2023,"OH",11.8133142943668,16.4234964653478,69.0395124191931,0.309682997095659,0.0114263163317199,2023.78846153846,93,0,11824034,3.29836669955448,2019-10-13,95.5776908950057
"1238",1238,331,42,2023,"OH",11.6200592087999,16.6167515509147,67.7324647529968,0.279738920450342,0.0100186144246423,2023.80769230769,94,0,11824034,2.79938301936547,2019-10-20,103.64331706976
"1239",1239,319,43,2023,"OH",13.5552724324735,14.6815383272411,67.5111447317413,0.251289772310818,0.00821229809292245,2023.82692307692,95,0,11824034,2.69789481322533,2019-10-27,124.180408366202
"1240",1240,367,44,2023,"OH",7.41796852834234,20.8188422313723,67.1191051252703,0.281358031088933,0.00646263286560984,2023.84615384615,96,0,11824034,3.10384763778589,2019-11-03,135.389491854014
"1241",1241,272,45,2023,"OH",11.616453342202,16.6203574175126,66.0816873073148,0.296370557850288,0.00776594169527794,2023.86538461538,97,0,11824034,2.30039933917646,2019-11-10,140.704541777701
"1242",1242,402,46,2023,"OH",7.99371216107448,20.2430985986401,65.3183492610822,0.311739031640302,0.00650062638164836,2023.88461538462,98,0,11824034,3.39985490569462,2019-11-17,135.708994562456
"1243",1243,520,47,2023,"OH",5.44427723638326,22.7925335233313,68.4043603536754,0.366024669324988,0.005719053629423,2023.90384615385,99,0,11824034,4.39782226607265,2019-11-24,130.114411563377
"1244",1244,508,48,2023,"OH",1.11976900061435,27.1170417591002,69.8495685326313,0.424997447659177,0.00521437829365071,2023.92307692308,100,0,11824034,4.29633405993251,2019-12-01,126.736340358227
"1245",1245,674,49,2023,"OH",5.39295485818935,22.8438559015252,70.6704532770824,0.379777258936743,0.00392291948410651,2023.94230769231,101,0,11824034,5.70025424487108,2019-12-08,138.002532244564
"1246",1246,745,50,2023,"OH",3.25578462597216,24.9810261337424,72.861619458949,0.33733878826406,0.00356193207680364,2023.96153846154,102,0,11824034,6.30072613120023,2019-12-15,144.626465446296
"1247",1247,650,51,2023,"OH",2.42469817450617,25.8121125852084,74.2245228783499,0.313637223945308,0.00319329808844992,2023.98076923077,103,0,11824034,5.49727783259081,2019-12-22,113.639139738095
"1248",1248,721,52,2023,"OH",7.64155551995478,20.5952552397598,75.1134157289286,0.426933900266541,0.00282185035063992,2024,104,0,11824034,6.09774971891996,2019-12-29,143.778603237439
"1249",1249,816,1,2024,"OH",-0.40401064849429,28.6408214082089,71.9240673527512,1.01816359942308,0.00224973854616382,2024.01923076923,105,0,11824034,6.90119801752938,2019-01-06,133.396358967109
"1250",1250,887,53,2023,"OH",2.23021630449926,26.0065944552153,74.8822409963615,0.671816868207755,0.00224973854616382,2024.01923076923,106,0,11824034,7.50166990385853,NA,100
"1251",1251,603,2,2024,"OH",1.5524413901114,26.6843693696032,71.4707538362688,1.38057322875046,0.00191907183136395,2024.03846153846,107,0,11824034,5.09978235854193,2019-01-13,141.082511330403
"1252",1252,520,3,2024,"OH",-8.41466053190773,36.6514712916223,73.4118243832634,1.90163050960256,0.00160807142052549,2024.05769230769,108,0,11824034,4.39782226607265,2019-01-20,153.316410107887
"1253",1253,485,4,2024,"OH",2.22951179977454,26.0072989599401,72.4696863937148,2.34359383779822,0.00132899958916155,2024.07692307692,109,0,11824034,4.10181499816391,2019-01-27,140.332509546938
"1254",1254,497,5,2024,"OH",2.57119056688324,25.6656201928314,73.6936604272534,2.94438481954501,0.0010941186127852,2024.09615384615,110,0,11824034,4.20330320430405,2019-02-03,141.47321313857
"1255",1255,355,6,2024,"OH",5.38006439445029,22.8567463652643,74.5538937242605,2.74534357900174,0.00112593834384096,2024.11538461538,111,0,11824034,3.00235943164575,2019-02-10,144.919669753845
"1256",1256,402,7,2024,"OH",1.38833981668248,26.8484709430321,69.735957805116,2.56542536122392,0.000965499464124423,2024.13461538462,112,0,11824034,3.39985490569462,2019-02-17,134.555615414252
"1257",1257,390,8,2024,"OH",1.91321385847622,26.3235969012384,70.5812111383574,2.43740256430167,0.000849124659146025,2024.15384615385,113,0,11824034,3.29836669955448,2019-02-24,137.20544812746
"1258",1258,225,9,2024,"OH",5.10072359147564,23.136087168239,70.409545900566,2.31825485419803,0.000759437532888587,2024.17307692308,114,0,11824034,1.90290386512759,2019-03-03,136.767270123281
"1259",1259,166,10,2024,"OH",10.9755026029853,17.2613081567293,68.2221496834351,2.00331045509852,0.000619423849225835,2024.19230769231,115,0,11824034,1.40392018493858,2019-03-10,123.696596113408
"1260",1260,166,11,2024,"OH",8.75593578465822,19.4808749750564,66.0306819569821,1.74296805694026,0.000550853539885092,2024.21153846154,116,0,11824034,1.40392018493858,2019-03-17,114.633556484282
"1261",1261,142,12,2024,"OH",2.88115786580343,25.3556528939112,66.1905038337262,1.47385666885782,0.00048979074202806,2024.23076923077,117,0,11824034,1.2009437726583,2019-03-24,113.423594436823
"1262",1262,83,13,2024,"OH",6.9490065087654,21.2878042509492,65.9550553794715,1.25283228546268,0.000439931868861018,2024.25,118,0,11824034,0.701960092469288,2019-03-31,87.5484622566615
"1263",1263,130,14,2024,"OH",8.89682805121589,19.3399827084987,67.4306023892372,0.846218229880042,0.000293999951156438,2024.26923076923,119,0,11824034,1.09945556651816,2019-04-07,85.7443788409784
"1264",1264,118,15,2024,"OH",12.6354417134193,15.6013690462953,68.1218863429651,0.563942076999642,0.000279147942379764,2024.28846153846,120,0,11824034,0.997967360378023,2019-04-14,88.4305750592994
"1265",1265,95,16,2024,"OH",15.9027196967053,12.3340910630093,67.3267772562919,0.48113293601691,0.00026679402505149,2024.30769230769,121,0,11824034,0.803448298609426,2019-04-21,76.3860860088911
"1266",1266,106,17,2024,"OH",10.5083407562597,17.7284700034549,68.8419598991367,0.406652137233553,0.000247646082671726,2024.32692307692,122,0,11824034,0.896479154237885,2019-04-28,81.5437741667996
"1267",1267,59,18,2024,"OH",19.7014965714735,8.53531418824106,69.5505894064443,0.324518181086213,0.000212411998740577,2024.34615384615,123,0,11824034,0.498983680189012,2019-05-05,75.0655360820733
"1268",1268,59,19,2024,"OH",17.3394986792192,10.8973120804954,73.2144373791928,0.251446623872347,0.000521185739206689,2024.36538461538,124,0,11824034,0.498983680189012,2019-05-12,69.2063830507021
"1269",1269,71,20,2024,"OH",17.1978216900907,11.0389890696239,75.274283033922,0.155280047998214,0.00029277267025214,2024.38461538462,125,0,11824034,0.60047188632915,2019-05-19,68.9870082390986
"1270",1270,35,21,2024,"OH",21.9389291303116,6.29788162940295,73.7280477438373,0.19759554577571,9.46160946433965e-05,2024.40384615385,126,0,11824034,0.296007267908736,2019-05-26,60.6932470202896
"1271",1271,71,22,2024,"OH",17.6199270110566,10.616883748658,71.9270262987833,0.251061203925095,-8.57450410222692e-06,2024.42307692308,127,0,11824034,0.60047188632915,2019-06-02,61.7837872001842
"1272",1272,166,23,2024,"OH",20.6689277827718,7.56788297694283,69.5916974287635,0.309523806271572,0,2024.44230769231,128,0,11824034,1.40392018493858,2019-06-09,67.0523429377944
"1273",1273,71,24,2024,"OH",19.2963630094857,8.94044775022886,67.5876341842589,0.293955168080989,0,2024.46153846154,129,0,11824034,0.60047188632915,2019-06-16,66.9858493072631
"1274",1274,130,25,2024,"OH",25.9276624408274,2.30914831888724,66.6337046493385,0.278752364736302,0,2024.48076923077,130,0,11824034,1.09945556651816,2019-06-23,60.2720113758727
"1275",1275,166,26,2024,"OH",23.8517915412324,4.38501921848224,67.1005504021246,0.309616456297221,0,2024.5,131,0,11824034,1.40392018493858,2019-06-30,55.1189705995659
"1276",1276,142,27,2024,"OH",23.1824173363984,5.05439342331624,68.375519861985,0.342007274518463,0,2024.51923076923,132,0,11824034,1.2009437726583,2019-07-07,62.9093744742637
"1277",1277,189,28,2024,"OH",24.2912634766544,3.94554728306019,68.2859574927804,0.364263034121526,0,2024.53846153846,133,0,11824034,1.59843924670717,2019-07-14,69.5168404740831
"1278",1278,236,29,2024,"OH",23.8712532818717,4.36555747784287,69.4961247758778,0.387269418110939,0,2024.55769230769,134,0,11824034,1.99593472075605,2019-07-21,66.1227895875975
"1279",1279,390,30,2024,"OH",22.648413962043,5.58839679767156,71.0139101181808,0.32702491145355,0,2024.57692307692,135,0,11824034,3.29836669955448,2019-07-28,68.2545353698284
"1280",1280,343,31,2024,"OH",24.5334329186791,3.70337784103554,70.0147515129415,0.280277184034652,0,2024.59615384615,136,0,11824034,2.90087122550561,2019-08-04,69.6800070037279
"1281",1281,426,32,2024,"OH",24.212240129302,4.02457063041261,69.8067388875502,0.348542061394265,0.000140901429879342,2024.61538461538,137,0,11824034,3.6028313179749,2019-08-11,74.9980752685729
"1282",1282,378,33,2024,"OH",21.7433900180685,6.49342074164611,67.7333867811977,0.424496783906866,0.000318023542370208,2024.63461538462,138,0,11824034,3.19687849341435,2019-08-18,78.0298603672823
"1283",1283,426,34,2024,"OH",19.3250501044631,8.91176065525147,62.6614509180482,0.560924597506186,0.000520766394780922,2024.65384615385,139,0,11824034,3.6028313179749,2019-08-25,80.9833379153078
"1284",1284,520,35,2024,"OH",26.867049762844,1.36976099687065,59.1344415743039,0.726252336113476,0.000720308632969527,2024.67307692308,140,0,11824034,4.39782226607265,2019-09-01,73.5719021367319
"1285",1285,426,36,2024,"OH",20.4582013596694,7.77860940004518,55.1684706569052,0.822920449485302,0.00684770990854272,2024.69230769231,141,0,11824034,3.6028313179749,2019-09-08,78.7072259191758
"1286",1286,449,37,2024,"OH",19.9934051649932,8.24340559472136,58.1507771064875,0.931057407501618,0.00774947907830248,2024.71153846154,142,0,11824034,3.7973503797435,2019-09-15,76.8817988904036
"1287",1287,402,38,2024,"OH",23.2224195643227,5.01439119539189,63.9260045661778,0.966371460801094,0.00825001396817566,2024.73076923077,143,0,11824034,3.39985490569462,2019-09-22,75.2576532261181
"1288",1288,413,1,2022,"OR",0.832870382608186,29.0462442351385,88.9447734816414,0.73891817351059,0.0141506606204126,2022.01923076923,1,0,4253653,9.70930162850613,2019-01-06,96.3406767677186
"1289",1289,613,2,2022,"OR",4.35770381543743,25.5214108023092,86.2594821118964,1.39655958067247,0.0214869431051381,2022.03846153846,2,0,4253653,14.4111426108336,2019-01-13,113.59807267548
"1290",1290,774,3,2022,"OR",4.90838447035008,24.9707301473966,84.1212781278813,1.81086837239966,0.026185100978696,2022.05769230769,3,0,4253653,18.1961246016071,2019-01-20,89.2477282091244
"1291",1291,825,4,2022,"OR",3.11211770676253,26.7669969109841,83.3075167166359,2.39836592092768,0.0223518467538372,2022.07692307692,4,0,4253653,19.3950940521006,2019-01-27,98.2441557182825
"1292",1292,706,5,2022,"OR",2.1536218516733,27.7254927660734,80.9919285858636,2.87866861449137,0.0172216680580198,2022.09615384615,5,0,4253653,16.5974986676158,2019-02-03,87.3754314353392
"1293",1293,596,6,2022,"OR",4.81873781388048,25.0603768038662,79.8729794704091,3.51708349375499,0.0131967354491148,2022.11538461538,6,0,4253653,14.0114861273357,2019-02-10,94.9987172604707
"1294",1294,506,7,2022,"OR",5.35488490454464,24.524229713202,80.4472956114101,3.59559981844641,0.0099865535184307,2022.13461538462,7,0,4253653,11.8956576852884,2019-02-17,95.9842913432822
"1295",1295,396,8,2022,"OR",0.840994405597922,29.0381202121487,79.4323115331728,3.67689398247573,0.0087774751098252,2022.15384615385,8,0,4253653,9.3096451450083,2019-02-24,102.332058614105
"1296",1296,306,9,2022,"OR",4.98281486718551,24.8962997505612,79.4074903040851,3.36172839939471,0.00677974124045065,2022.17307692308,9,0,4253653,7.19381670296096,2019-03-03,105.815828739298
"1297",1297,259,10,2022,"OR",3.8164230722388,26.0626915455079,80.2882780641994,3.08635775203286,0.0060599677500727,2022.19230769231,10,0,4253653,6.08888407211402,2019-03-10,95.4436420743313
"1298",1298,187,11,2022,"OR",5.46031644824503,24.4187981695016,82.2285583468092,2.19604402014375,0.00486585686859427,2022.21153846154,11,0,4253653,4.39622131847614,2019-03-17,87.6243080698547
"1299",1299,132,12,2022,"OR",6.74754069381637,23.1315739239303,80.0712777990976,1.62427996297243,0.00452042828442595,2022.23076923077,12,0,4253653,3.1032150483361,2019-03-24,82.8967023551608
"1300",1300,106,13,2022,"OR",8.70199608910141,21.1771185286453,81.4118773586219,1.03752541067337,0.00653626424158246,2022.25,13,0,4253653,2.49197572063354,2019-03-31,111.519948920009
"1301",1301,128,14,2022,"OR",6.38840164657752,23.4907129711691,80.8091914785172,2.5877200917223,0.00999156881547852,2022.26923076923,14,0,4253653,3.00917822868955,2019-04-07,111.211258923471
"1302",1302,115,15,2022,"OR",3.03661795877511,26.8424966589716,80.6453682510072,3.78265211279068,0.0132262003192707,2022.28846153846,15,0,4253653,2.70355856483827,2019-04-14,97.5788454740164
"1303",1303,119,16,2022,"OR",4.07417533252706,25.8049392852196,81.7957287264975,6.17105592727564,0.0135326036232857,2022.30769230769,16,0,4253653,2.79759538448482,2019-04-21,90.41359556272
"1304",1304,157,17,2022,"OR",7.33730771403794,22.5418069037087,83.510087359153,6.0206677478392,0.0129875818894176,2022.32692307692,17,0,4253653,3.69094517112703,2019-04-28,91.0734218195128
"1305",1305,204,18,2022,"OR",8.49368007865776,21.3854345390889,82.9820224885601,5.8764577496972,0.0119375824340475,2022.34615384615,18,0,4253653,4.79587780197397,2019-05-05,91.6508230246176
"1306",1306,234,19,2022,"OR",6.21268117130852,23.6664334464382,80.9884393763157,3.27701014913258,0.011176432743025,2022.36538461538,19,0,4253653,5.50115394932309,2019-05-12,100.131842881759
"1307",1307,319,20,2022,"OR",9.25622242392652,20.6228921938201,80.254370214627,2.1037329414359,0.0101839524756721,2022.38461538462,20,0,4253653,7.49943636681224,2019-05-19,95.4394891038271
"1308",1308,336,21,2022,"OR",11.6613904182922,18.2177241994545,79.5656467989843,1.38999953987011,0.00947985178856855,2022.40384615385,21,0,4253653,7.89909285031007,2019-05-26,85.6815502552046
"1309",1309,353,22,2022,"OR",11.7927367967853,18.0863778209613,79.7592779484094,0.943152770818869,0.0087400954740157,2022.42307692308,22,0,4253653,8.29874933380791,2019-06-02,88.0790651213159
"1310",1310,387,23,2022,"OR",13.1728786695314,16.7062359482153,80.469264667637,0.921437941342667,0.0078110116959078,2022.44230769231,23,0,4253653,9.09806230080357,2019-06-09,84.3518506829302
"1311",1311,366,24,2022,"OR",11.8207233986715,18.0583912190752,76.7489275204238,1.03628316897753,0.00675309747488413,2022.46153846154,24,0,4253653,8.60436899765919,2019-06-16,85.2249257705353
"1312",1312,349,25,2022,"OR",12.6688032974271,17.2103113203196,73.8588588877739,0.886725822749805,0.00603371580458803,2022.48076923077,25,0,4253653,8.20471251416136,2019-06-23,86.904999186171
"1313",1313,425,26,2022,"OR",18.4572148890784,11.4218997286683,70.1848177588268,0.757634196372262,0.00525885241070047,2022.5,26,0,4253653,9.99141208744578,2019-06-30,80.9751820475007
"1314",1314,400,27,2022,"OR",15.8677218130687,14.0113928046779,64.9721253701468,0.90484379235926,0.00507454024419324,2022.51923076923,27,0,4253653,9.40368196465485,2019-07-07,85.2297999663051
"1315",1315,400,28,2022,"OR",18.9043140015516,10.9748006161951,61.8121710512227,1.53196815770712,0.0058350630230847,2022.53846153846,28,0,4253653,9.40368196465485,2019-07-14,80.1568055953376
"1316",1316,425,29,2022,"OR",18.927434067005,10.9516805507417,57.2361751351263,2.27552593556628,0.00614076105095235,2022.55769230769,29,0,4253653,9.99141208744578,2019-07-21,77.8623332619798
"1317",1317,400,30,2022,"OR",22.6101426221001,7.26897199564656,52.0946751154613,3.63737376054742,0.00635923992859784,2022.57692307692,30,0,4253653,9.40368196465485,2019-07-28,83.3182066867246
"1318",1318,404,31,2022,"OR",24.1132867372533,5.76582788049335,51.3250812161638,4.69773944240508,0.00504507537403732,2022.59615384615,31,0,4253653,9.4977187843014,2019-08-04,91.9034864003185
"1319",1319,370,32,2022,"OR",21.3912938569421,8.48782076080458,51.3141649758875,6.38677319239484,0.00450107237238204,2022.61538461538,32,0,4253653,8.69840581730574,2019-08-11,85.2711684537385
"1320",1320,345,33,2022,"OR",21.3653673766048,8.51374724114191,53.7253209099737,7.51113428922771,0.00399013898563579,2022.63461538462,33,0,4253653,8.11067569451481,2019-08-18,93.2590067673332
"1321",1321,345,34,2022,"OR",21.6719979063542,8.20711671139249,54.2921440072281,9.03923370822148,0.00398379150030965,2022.65384615385,34,0,4253653,8.11067569451481,2019-08-25,95.408051231317
"1322",1322,302,35,2022,"OR",20.8731612837642,9.00595333398248,51.9391779836238,8.82700661177935,0.0032800042692716,2022.67307692308,35,0,4253653,7.09977988331441,2019-09-01,96.5645465676192
"1323",1323,268,36,2022,"OR",19.6360080815391,10.2431065362076,53.6224090455783,8.62356662213546,0.00480606512410234,2022.69230769231,36,0,4253653,6.30046691631875,2019-09-08,101.388892534448
"1324",1324,238,37,2022,"OR",19.257847204273,10.6212674134736,54.0625708106283,7.98302846828943,0.00837977772673667,2022.71153846154,37,0,4253653,5.59519076896964,2019-09-15,104.134725233403
"1325",1325,221,38,2022,"OR",16.1110953816653,13.7680192360813,57.6740022801116,7.42243671707417,0.0105910535407253,2022.73076923077,38,0,4253653,5.19553428547181,2019-09-22,107.010462892865
"1326",1326,230,39,2022,"OR",16.9929814648304,12.8861331529163,61.2198296209106,7.06961801718519,0.0138933131906466,2022.75,39,0,4253653,5.40711712967654,2019-09-29,109.150106480184
"1327",1327,289,40,2022,"OR",17.6356450625444,12.2434695552022,60.3422129188547,6.745170237361,0.0153113100669001,2022.76923076923,40,0,4253653,6.79416021946313,2019-10-06,109.713201115424
"1328",1328,234,41,2022,"OR",17.6295083643915,12.2496062533552,65.3838380019435,5.10252229126993,0.0193798130689081,2022.78846153846,41,0,4253653,5.50115394932309,2019-10-13,112.789229941728
"1329",1329,247,42,2022,"OR",16.6262733349923,13.2528412827544,70.783528558091,4.03472405403954,0.0133913133017667,2022.80769230769,42,0,4253653,5.80677361317437,2019-10-20,106.098640005259
"1330",1330,200,43,2022,"OR",7.79736562896234,22.0817489887843,77.4420919398349,3.34283886041358,0.0147521044460687,2022.82692307692,43,0,4253653,4.70184098232743,2019-10-27,108.018335188478
"1331",1331,208,44,2022,"OR",7.51822302251375,22.3608915952329,82.5633532421115,2.81813990229129,0.0129675990652427,2022.84615384615,44,0,4253653,4.88991462162052,2019-11-03,120.252910475057
"1332",1332,204,45,2022,"OR",4.0053756402331,25.8737389775136,81.4294611493368,1.85687896674845,0.0184411688808028,2022.86538461538,45,0,4253653,4.79587780197397,2019-11-10,116.732299141928
"1333",1333,247,46,2022,"OR",2.52766545651643,27.3514491612302,81.0424220126211,1.28228682821717,0.0158599365455214,2022.88461538462,46,0,4253653,5.80677361317437,2019-11-17,120.201664924162
"1334",1334,315,47,2022,"OR",3.09845255274793,26.7806620649987,79.2294987328267,0.928686867630178,0.013469912410188,2022.90384615385,47,0,4253653,7.4053995471657,2019-11-24,117.624029873335
"1335",1335,357,48,2022,"OR",2.38023488689273,27.4988797308539,81.6104432433842,0.669956635635623,0.0119223014508549,2022.92307692308,48,0,4253653,8.39278615345446,2019-12-01,124.479527510925
"1336",1336,459,49,2022,"OR",0.738783388283285,29.1403312294634,85.3976296777142,0.52481092967349,0.00997636619630233,2022.94230769231,49,0,4253653,10.7907250544414,2019-12-08,129.772783233545
"1337",1337,408,50,2022,"OR",2.06469957781771,27.814415039929,87.3509945208444,0.402878543948387,0.0102949942868714,2022.96153846154,50,0,4253653,9.59175560394795,2019-12-15,137.252961017441
"1338",1338,340,51,2022,"OR",-0.37753170524658,30.2566463229932,88.6259767773222,0.549594716741599,0.00841198533746562,2022.98076923077,51,0,4253653,7.99312966995662,2019-12-22,114.110286325484
"1339",1339,268,52,2022,"OR",3.29000303487628,26.5891115828704,88.2928333212218,0.736239916973677,0.00694845896769984,2023,52,0,4253653,6.30046691631875,2019-12-29,122.158127139625
"1340",1340,276,53,2022,"OR",5.37483108529627,24.5042835324504,89.014753776464,0.756019938948295,0.00601067678377463,2023.01923076923,53,0,4253653,6.48854055561185,NA,100
"1341",1341,255,2,2023,"OR",5.33025405451541,24.5488605632313,90.728921798802,0.776255840224789,0.00507289459984943,2023.03846153846,54,0,4253653,5.99484725246747,2019-01-13,113.59807267548
"1342",1342,204,3,2023,"OR",3.63646149165361,26.2426531260931,85.3013129898381,0.702524141952377,0.0046690064594675,2023.05769230769,55,0,4253653,4.79587780197397,2019-01-20,89.2477282091244
"1343",1343,204,4,2023,"OR",2.28948934849358,27.5896252692531,84.22682544525,0.634669632814492,0.00410980083863603,2023.07692307692,56,0,4253653,4.79587780197397,2019-01-27,98.2441557182825
"1344",1344,230,5,2023,"OR",0.888521197278717,28.990593420468,82.024254080694,0.585656332010253,0.00355529705878688,2023.09615384615,57,0,4253653,5.40711712967654,2019-02-03,87.3754314353392
"1345",1345,187,6,2023,"OR",4.37455184799886,25.5045627697478,80.6869632117207,0.539496660719932,0.00324035207698731,2023.11538461538,58,0,4253653,4.39622131847614,2019-02-10,94.9987172604707
"1346",1346,208,7,2023,"OR",1.5697766168657,28.309338000881,80.6471396189651,0.88233990001804,0.00295455850927818,2023.13461538462,59,0,4253653,4.88991462162052,2019-02-17,95.9842913432822
"1347",1347,221,8,2023,"OR",0.569593730611996,29.3095208871347,83.5241174307834,1.46430150429591,0.00238978904328428,2023.15384615385,60,0,4253653,5.19553428547181,2019-02-24,102.332058614105
"1348",1348,204,9,2023,"OR",-0.469757735864434,30.3488723536111,83.3818313630415,1.8676656105992,0.00216856742506578,2023.17307692308,61,0,4253653,4.79587780197397,2019-03-03,105.815828739298
"1349",1349,196,10,2023,"OR",0.625730702318045,29.2533839154286,81.900553117587,2.42892156011163,0.00198676290708245,2023.19230769231,62,0,4253653,4.60780416268088,2019-03-10,95.4436420743313
"1350",1350,149,11,2023,"OR",3.29602135131659,26.5830932664301,83.8856583409022,2.94720362563054,0.00212515375999562,2023.21153846154,63,0,4253653,3.50287153183393,2019-03-17,87.6243080698547
"1351",1351,187,12,2023,"OR",5.3674326145696,24.5116820031771,84.1735147270226,3.65006114265252,0.00197971014560896,2023.23076923077,64,0,4253653,4.39622131847614,2019-03-24,82.8967023551608
"1352",1352,183,13,2023,"OR",3.00492094080497,26.8741936769417,84.4473114918836,3.63125606262454,0.00184766677802193,2023.25,65,0,4253653,4.30218449882959,2019-03-31,111.519948920009
"1353",1353,162,14,2023,"OR",3.38764497321773,26.4914696445289,86.0711994140922,3.61260246735452,0.0016380430342265,2023.26923076923,66,0,4253653,3.80849119568521,2019-04-07,111.211258923471
"1354",1354,132,15,2023,"OR",5.30692663930302,24.5721879784436,85.1066933015844,3.28521756898704,0.00152935214351836,2023.28846153846,67,0,4253653,3.1032150483361,2019-04-14,97.5788454740164
"1355",1355,119,16,2023,"OR",4.24708304998077,25.6320315677659,82.112588511507,3.00122584705673,0.00142183671305581,2023.30769230769,68,0,4253653,2.79759538448482,2019-04-21,90.41359556272
"1356",1356,149,17,2023,"OR",10.5710583358676,19.3080562818791,79.6195248557034,2.32318570103717,0.00209898017852733,2023.32692307692,69,0,4253653,3.50287153183393,2019-04-28,91.0734218195128
"1357",1357,115,18,2023,"OR",11.1219637731458,18.7571508446008,74.4345485590363,1.84164579257388,0.00295095376452506,2023.34615384615,70,0,4253653,2.70355856483827,2019-05-05,91.6508230246176
"1358",1358,106,19,2023,"OR",10.947868397812,18.9312462199346,69.8893765804823,1.42645693470425,0.00736617892611688,2023.36538461538,71,0,4253653,2.49197572063354,2019-05-12,100.131842881759
"1359",1359,89,20,2023,"OR",19.5426668149456,10.3364478028011,67.1106740032578,1.11712655981017,0.00692561128417455,2023.38461538462,72,0,4253653,2.0923192371357,2019-05-19,95.4394891038271
"1360",1360,94,21,2023,"OR",14.4085864063347,15.470528211412,60.2281061483886,0.90100968239627,0.00648504364223742,2023.40384615385,73,0,4253653,2.20986526169389,2019-05-26,85.6815502552046
"1361",1361,72,22,2023,"OR",13.2343987770718,16.6447158406749,59.9221876921517,0.72492849432193,0.0060444760003003,2023.42307692308,74,0,4253653,1.69266275363787,2019-06-02,88.0790651213159
"1362",1362,81,23,2023,"OR",17.056542972348,12.8225716453987,60.4903713444797,0.711834262864954,0.00560390835836317,2023.44230769231,75,0,4253653,1.90424559784261,2019-06-09,84.3518506829302
"1363",1363,81,24,2023,"OR",15.5328125877179,14.3463020300288,59.930810221368,0.698937334809029,0.00516334071642084,2023.46153846154,76,0,4253653,1.90424559784261,2019-06-16,85.2249257705353
"1364",1364,60,25,2023,"OR",13.4582564039871,16.4208582137596,58.3450167978615,0.649092853338193,0.00472277307448371,2023.48076923077,77,0,4253653,1.41055229469823,2019-06-23,86.904999186171
"1365",1365,60,26,2023,"OR",17.9393098551869,11.9398047625597,56.5478193005781,0.602089746714657,0.00428220543254659,2023.5,78,0,4253653,1.41055229469823,2019-06-30,80.9751820475007
"1366",1366,43,27,2023,"OR",21.1559025208697,8.723212096877,52.659896031391,0.429424049400675,0.00384163779060946,2023.51923076923,79,0,4253653,1.0108958112004,2019-07-07,85.2297999663051
"1367",1367,64,28,2023,"OR",18.7104861662691,11.1686284514776,50.7067322411173,0.29035559291132,0.00340107014867234,2023.53846153846,80,0,4253653,1.50458911434478,2019-07-14,80.1568055953376
"1368",1368,89,29,2023,"OR",21.5535383500231,8.32557626772352,51.0768161559184,0.239982658426103,0.00296050250673,2023.55769230769,81,0,4253653,2.0923192371357,2019-07-21,77.8623332619798
"1369",1369,68,30,2023,"OR",19.3808700235509,10.4982445941958,53.4380154819222,0.263143859237277,0.00251993486479288,2023.57692307692,82,0,4253653,1.59862593399132,2019-07-28,83.3182066867246
"1370",1370,68,31,2023,"OR",19.6440222665077,10.235092351239,52.3479148129333,0.205498726462715,0.00207936722285575,2023.59615384615,83,0,4253653,1.59862593399132,2019-08-04,91.9034864003185
"1371",1371,98,32,2023,"OR",19.733067230616,10.1460473871307,50.581369156288,0.210434748228828,0.00144869889314026,2023.61538461538,84,0,4253653,2.30390208134044,2019-08-11,85.2711684537385
"1372",1372,94,33,2023,"OR",25.7641891690398,4.11492544870683,51.6659038063533,0.193701956729591,0.00113868704228318,2023.63461538462,85,0,4253653,2.20986526169389,2019-08-18,93.2590067673332
"1373",1373,132,34,2023,"OR",19.9228860608125,9.95622855693412,55.6071634756288,0.237514742874622,0.00146998814914292,2023.65384615385,86,0,4253653,3.1032150483361,2019-08-25,95.408051231317
"1374",1374,174,35,2023,"OR",18.9226617122503,10.9564529054963,57.6396177445022,0.214136793468886,0.00276325869257789,2023.67307692308,87,0,4253653,4.09060165462486,2019-09-01,96.5645465676192
"1375",1375,179,36,2023,"OR",16.08893786427,13.7901767534767,60.9219147683074,0.220136361591777,0.00198359066570006,2023.69230769231,88,0,4253653,4.20814767918305,2019-09-08,101.388892534448
"1376",1376,204,37,2023,"OR",18.6617827746109,11.2173318431358,66.8285683341443,0.314331150506547,0.00329347535079104,2023.71153846154,89,0,4253653,4.79587780197397,2019-09-15,104.134725233403
"1377",1377,196,38,2023,"OR",15.4234014010775,14.4557132166691,68.8667463457503,0.424286363361615,0.00467760331606676,2023.73076923077,90,0,4253653,4.60780416268088,2019-09-22,107.010462892865
"1378",1378,166,39,2023,"OR",12.2938561058482,17.5852585118984,71.7249103217066,0.354324787838534,0.00584533066744214,2023.75,91,0,4253653,3.90252801533176,2019-09-29,109.150106480184
"1379",1379,298,40,2023,"OR",13.1733365250603,16.7057780926864,78.327990927224,0.290914497309462,0.016358732210117,2023.76923076923,92,0,4253653,7.00574306366786,2019-10-06,109.713201115424
"1380",1380,242,41,2023,"OR",13.8545070741261,16.0246075436206,81.915773207681,0.28764340565323,0.0164368465840414,2023.78846153846,93,0,4253653,5.68922758861618,2019-10-13,112.789229941728
"1381",1381,196,42,2023,"OR",12.9468653985704,16.9322492191762,79.6849709642797,0.284388849555289,0.0153297842731306,2023.80769230769,94,0,4253653,4.60780416268088,2019-10-20,106.098640005259
"1382",1382,183,43,2023,"OR",8.40450454452149,21.4746100732252,82.807469534687,0.265318828221398,0.0135129376890893,2023.82692307692,95,0,4253653,4.30218449882959,2019-10-27,108.018335188478
"1383",1383,166,44,2023,"OR",6.91725198651232,22.9618626312344,83.7547930211714,0.246806807944229,0.0114616992436217,2023.84615384615,96,0,4253653,3.90252801533176,2019-11-03,120.252910475057
"1384",1384,183,45,2023,"OR",8.33229923429871,21.546815383448,83.6318172434539,0.200016175726541,0.0162602146876368,2023.86538461538,97,0,4253653,4.30218449882959,2019-11-10,116.732299141928
"1385",1385,162,46,2023,"OR",7.31903896441865,22.560075653328,83.6556293817258,0.203231413251759,0.0136006831144207,2023.88461538462,98,0,4253653,3.80849119568521,2019-11-17,120.201664924162
"1386",1386,123,47,2023,"OR",5.53633830442285,24.3427763133238,85.3937206531713,0.431069126212379,0.0114034411107865,2023.90384615385,99,0,4253653,2.89163220413137,2019-11-24,117.624029873335
"1387",1387,149,48,2023,"OR",1.36284853348495,28.5162660842617,86.261234864501,0.765345958949211,0.00963566108715604,2023.92307692308,100,0,4253653,3.50287153183393,2019-12-01,124.479527510925
"1388",1388,183,49,2023,"OR",7.49822369706652,22.3808909206802,85.4417182956585,0.67318934835265,0.00723016436070467,2023.94230769231,101,0,4253653,4.30218449882959,2019-12-08,129.772783233545
"1389",1389,191,50,2023,"OR",5.06761523957155,24.8114993781751,88.001671815581,0.590177102900869,0.00631721266504103,2023.96153846154,102,0,4253653,4.49025813812269,2019-12-15,137.252961017441
"1390",1390,153,51,2023,"OR",5.00787578150499,24.8712388362417,88.6433501790861,0.400106928170149,0.00561349414224576,2023.98076923077,103,0,4253653,3.59690835148048,2019-12-22,114.110286325484
"1391",1391,157,52,2023,"OR",4.3103675272574,25.5687470904893,88.525863007903,0.564689524064264,0.00503912883200854,2024,104,0,4253653,3.69094517112703,2019-12-29,122.158127139625
"1392",1392,289,1,2024,"OR",3.64321605239287,26.2358985653538,88.2408687611601,1.65402562904359,0.00354428874335249,2024.01923076923,105,0,4253653,6.79416021946313,2019-01-06,96.3406767677186
"1393",1393,268,53,2023,"OR",5.36225376967309,24.5168608480736,88.1262905090046,0.968716041566986,0.00354428874335249,2024.01923076923,106,0,4253653,6.30046691631875,NA,100
"1394",1394,234,2,2024,"OR",0.587940198887867,29.2911744188588,88.8018165036217,2.30391891491381,0.00313348978418025,2024.03846153846,107,0,4253653,5.50115394932309,2019-01-13,113.59807267548
"1395",1395,234,3,2024,"OR",-3.12659905210551,33.0057136698522,88.8385471300808,3.37530261229091,0.00275199855140447,2024.05769230769,108,0,4253653,5.50115394932309,2019-01-20,89.2477282091244
"1396",1396,162,4,2024,"OR",5.49169105964649,24.3874235581002,87.043121825112,3.91838998897576,0.00243850876722422,2024.07692307692,109,0,4253653,3.80849119568521,2019-01-27,98.2441557182825
"1397",1397,149,5,2024,"OR",8.209057204972,21.6700574127747,88.2367130391582,4.61540603645866,0.00223171415383857,2024.09615384615,110,0,4253653,3.50287153183393,2019-02-03,87.3754314353392
"1398",1398,119,6,2024,"OR",3.62768511080417,26.2514295069425,87.2389701904801,4.30134472058178,0.00200043749731083,2024.11538461538,111,0,4253653,2.79759538448482,2019-02-10,94.9987172604707
"1399",1399,191,7,2024,"OR",3.5590245830025,26.3200900347442,86.3309767370724,4.02055266963861,0.00205529418159584,2024.13461538462,112,0,4253653,4.49025813812269,2019-02-17,95.9842913432822
"1400",1400,170,8,2024,"OR",5.50722844420765,24.371886173539,86.0400080923584,4.85236545610504,0.00218726022458207,2024.15384615385,113,0,4253653,3.99656483497831,2019-02-24,102.332058614105
"1401",1401,140,9,2024,"OR",2.98948274898698,26.8896318687597,84.1195802381264,6.01454610069927,0.00235700809651125,2024.17307692308,114,0,4253653,3.2912886876292,2019-03-03,105.815828739298
"1402",1402,72,10,2024,"OR",1.24018882205973,28.6389257956869,82.1069016085295,4.00854355118391,0.00249886339048313,2024.19230769231,115,0,4253653,1.69266275363787,2019-03-10,95.4436420743313
"1403",1403,81,11,2024,"OR",5.51018795701186,24.3689266607348,82.2882562712206,2.89473645112526,0.00261954352063802,2024.21153846154,116,0,4253653,1.90424559784261,2019-03-17,87.6243080698547
"1404",1404,81,12,2024,"OR",9.63179792060421,20.2473166971425,79.5015795939122,1.88550148336464,0.00264723639307629,2024.23076923077,117,0,4253653,1.90424559784261,2019-03-24,82.8967023551608
"1405",1405,64,13,2024,"OR",6.07116883119649,23.8079457865502,79.513000231406,1.29166666097525,0.00253435669580257,2024.25,118,0,4253653,1.50458911434478,2019-03-31,111.519948920009
"1406",1406,55,14,2024,"OR",6.8133903101837,23.065724307563,78.1084924256219,1.06250000192085,0.00384522632523306,2024.26923076923,119,0,4253653,1.29300627014004,2019-04-07,111.211258923471
"1407",1407,55,15,2024,"OR",8.12574241326275,21.7533722044839,72.7129620769588,0.875000006984919,0.00298805696379806,2024.28846153846,120,0,4253653,1.29300627014004,2019-04-14,97.5788454740164
"1408",1408,38,16,2024,"OR",8.72645883495755,21.1526557827891,74.8195865599703,0.53846154198844,0.00195148242073999,2024.30769230769,121,0,4253653,0.893349786642211,2019-04-21,90.41359556272
"1409",1409,26,17,2024,"OR",8.90704077348338,20.9720738442633,74.8187546456316,0.304347827777069,0.000923425456941934,2024.32692307692,122,0,4253653,0.611239327702565,2019-04-28,91.0734218195128
"1410",1410,38,18,2024,"OR",6.88442145948002,22.9946931582666,73.7924330097142,0.448957179567794,9.18088332869561e-05,2024.34615384615,123,0,4253653,0.893349786642211,2019-05-05,91.6508230246176
"1411",1411,55,19,2024,"OR",10.6126787497778,19.2664358679689,77.4297298108855,0.629629600849335,0,2024.36538461538,124,0,4253653,1.29300627014004,2019-05-12,100.131842881759
"1412",1412,38,20,2024,"OR",13.331568951389,16.5475456663577,75.356921806568,0.512893959036829,0,2024.38461538462,125,0,4253653,0.893349786642211,2019-05-19,95.4394891038271
"1413",1413,51,21,2024,"OR",9.1579662009344,20.7211484168123,72.7011481459969,0.411764686082886,0,2024.40384615385,126,0,4253653,1.19896945049349,2019-05-26,85.6815502552046
"1414",1414,72,22,2024,"OR",11.7777513177854,18.1013632999612,72.0044075153955,0.416393434872585,0,2024.42307692308,127,0,4253653,1.69266275363787,2019-06-02,88.0790651213159
"1415",1415,98,23,2024,"OR",13.9655282058847,15.913586411862,70.7125765615794,0.421052636036913,0,2024.44230769231,128,0,4253653,2.30390208134044,2019-06-09,84.3518506829302
"1416",1416,136,24,2024,"OR",13.7298214599732,16.1492931577735,67.4657954984805,0.327118650469731,0,2024.46153846154,129,0,4253653,3.19725186798265,2019-06-16,85.2249257705353
"1417",1417,136,25,2024,"OR",15.0725439097397,14.806570708007,64.8023475013778,0.526315803838238,0,2024.48076923077,130,0,4253653,3.19725186798265,2019-06-23,86.904999186171
"1418",1418,170,26,2024,"OR",15.8724603254156,14.006654292331,58.7664396468105,0.605031450993322,0,2024.5,131,0,4253653,3.99656483497831,2019-06-30,80.9751820475007
"1419",1419,166,27,2024,"OR",19.2439977237048,10.6351168940418,54.133838978418,0.692307684548508,0,2024.51923076923,132,0,4253653,3.90252801533176,2019-07-07,85.2297999663051
"1420",1420,157,28,2024,"OR",24.1529649835484,5.7261496341983,52.6425300106903,0.529548082571559,0,2024.53846153846,133,0,4253653,3.69094517112703,2019-07-14,80.1568055953376
"1421",1421,111,29,2024,"OR",22.0746284716522,7.80448614609442,52.1691364713024,0.395348833340964,0,2024.55769230769,134,0,4253653,2.60952174519172,2019-07-21,77.8623332619798
"1422",1422,213,30,2024,"OR",18.1243990888746,11.7547155288721,54.4425918676781,0.402612192586868,0,2024.57692307692,135,0,4253653,5.00746064617871,2019-07-28,83.3182066867246
"1423",1423,140,31,2024,"OR",20.2309475664303,9.64816705131633,58.0749661157473,0.409951565001297,0,2024.59615384615,136,0,4253653,3.2912886876292,2019-08-04,91.9034864003185
"1424",1424,179,32,2024,"OR",21.3794918088385,8.49962280890819,62.0990227941057,0.388021320087085,0.000100021392380834,2024.61538461538,137,0,4253653,4.20814767918305,2019-08-11,85.2711684537385
"1425",1425,111,33,2024,"OR",17.537145016964,12.3419696007826,62.8727720486726,0.43129949008106,0.000253944017379679,2024.63461538462,138,0,4253653,2.60952174519172,2019-08-18,93.2590067673332
"1426",1426,187,34,2024,"OR",15.6652048056933,14.2139098120534,62.0797434696639,0.530430064513359,0.000433052405039185,2024.65384615385,139,0,4253653,4.39622131847614,2019-08-25,95.408051231317
"1427",1427,166,35,2024,"OR",18.0305958727391,11.8485187450075,63.037665893193,0.644313829283374,0.000612982185200302,2024.67307692308,140,0,4253653,3.90252801533176,2019-09-01,96.5645465676192
"1428",1428,187,36,2024,"OR",21.9005208891037,7.97859372864298,64.9210217448295,0.69954744319766,0.0115082101550551,2024.69230769231,141,0,4253653,4.39622131847614,2019-09-08,101.388892534448
"1429",1429,170,37,2024,"OR",16.8819917082323,12.9971229095144,65.2866742042172,0.7586207023061,0.0132420195078947,2024.71153846154,142,0,4253653,3.99656483497831,2019-09-15,104.134725233403
"1430",1430,174,38,2024,"OR",13.7197891832229,16.1593254345238,67.6104676566919,0.966755323085108,0.0143035472685705,2024.73076923077,143,0,4253653,4.09060165462486,2019-09-22,107.010462892865
"1431",1431,1766,1,2022,"TN",5.65213612636227,24.871764809812,76.5628288692929,0.784858394448679,0.0112711583987848,2022.01923076923,1,0,7148304,24.7051608325555,2019-01-06,130.868171396863
"1432",1432,2137,2,2022,"TN",0.829246718413527,29.6946542177607,73.3540989381056,1.24925264961152,0.0133581336216255,2022.03846153846,2,0,7148304,29.8952031139135,2019-01-13,133.644028407634
"1433",1433,2409,3,2022,"TN",2.48078379037229,28.0431171458019,66.5110489391965,1.65909169976092,0.0123457256434533,2022.05769230769,3,0,7148304,33.7003014980896,2019-01-20,130.655959800417
"1434",1434,2202,4,2022,"TN",-0.69380615833004,31.2177070945043,65.5521093385439,2.25156291820187,0.0107973397139611,2022.07692307692,4,0,7148304,30.8045097130732,2019-01-27,116.31239553493
"1435",1435,2059,5,2022,"TN",3.38680845419725,27.137092481977,62.4588847216288,2.65508526225722,0.00880008274223741,2022.09615384615,5,0,7148304,28.8040351949218,2019-02-03,126.622909803298
"1436",1436,1558,6,2022,"TN",2.45487033313449,28.0690306030397,61.1588540136163,3.17295308553784,0.0089166138802528,2022.11538461538,6,0,7148304,21.7953797152443,2019-02-10,128.198823378616
"1437",1437,1101,7,2022,"TN",6.75552722877318,23.768373707401,64.4706685633553,3.52813082261963,0.00965091393240503,2022.13461538462,7,0,7148304,15.4022548565366,2019-02-17,123.982491760923
"1438",1438,729,8,2022,"TN",6.49289211031746,24.0310088258568,63.0134430432094,3.94939480805523,0.00898772631941786,2022.15384615385,8,0,7148304,10.1982232428839,2019-02-24,112.388915197227
"1439",1439,443,9,2022,"TN",6.87304070289786,23.6508602332764,64.1751687914372,3.7989878691032,0.0072268424323681,2022.17307692308,9,0,7148304,6.19727420658103,2019-03-03,113.638884671664
"1440",1440,300,10,2022,"TN",12.1638392301663,18.3600617060079,66.2344717946658,3.65745274454991,0.00429878192085842,2022.19230769231,10,0,7148304,4.19679968842959,2019-03-10,92.0623217166803
"1441",1441,157,11,2022,"TN",7.77826461036274,22.7456363258115,62.6960572527626,2.13184044078542,0.00374391837094038,2022.21153846154,11,0,7148304,2.19632517027815,2019-03-17,87.2254212739374
"1442",1442,143,12,2022,"TN",12.7088606287492,17.815040307425,63.9415312013729,1.35908869508092,0.00343918408245275,2022.23076923077,12,0,7148304,2.00047451815144,2019-03-24,84.005146531924
"1443",1443,136,13,2022,"TN",10.3162884768504,20.2076124593238,65.3961369432012,0.965067874903729,0.00473753401272991,2022.25,13,0,7148304,1.90254919208808,2019-03-31,79.9387649648864
"1444",1444,57,14,2022,"TN",10.3833076671959,20.1405932689783,64.7634270374859,1.95434428471081,0.00662371568603312,2022.26923076923,14,0,7148304,0.797391940801622,2019-04-07,87.4654408929671
"1445",1445,50,15,2022,"TN",13.2974593936413,17.226441542533,65.9749442969826,2.38833375576723,0.00835993171713644,2022.28846153846,15,0,7148304,0.699466614738265,2019-04-14,86.2501733420236
"1446",1446,93,16,2022,"TN",12.6559852388664,17.8679156973078,67.1753144446208,2.97178381861608,0.00786247106073459,2022.30769230769,16,0,7148304,1.30100790341317,2019-04-21,66.2806121997093
"1447",1447,93,17,2022,"TN",17.7118974357788,12.8120035003954,68.322075604627,2.310244460093,0.0067349308777765,2022.32692307692,17,0,7148304,1.30100790341317,2019-04-28,76.625556354726
"1448",1448,122,18,2022,"TN",19.65636776215,10.8675331740242,68.1225394213016,1.83761241761229,0.00553851654882052,2022.34615384615,18,0,7148304,1.70669853996137,2019-05-05,81.0069382021478
"1449",1449,186,19,2022,"TN",19.5381453108116,10.9857556253627,69.0080341442763,1.29342017515315,0.00561783606293184,2022.36538461538,19,0,7148304,2.60201580682635,2019-05-12,73.3031443775643
"1450",1450,222,20,2022,"TN",23.0233038491372,7.50059708703697,71.254738068956,0.950441837339757,0.00562422452467979,2022.38461538462,20,0,7148304,3.1056317694379,2019-05-19,74.7783006091245
"1451",1451,279,21,2022,"TN",22.1986915073729,8.32520942880133,68.1155440840918,1.21969578572492,0.00543555506313105,2022.40384615385,21,0,7148304,3.90302371023952,2019-05-26,69.304252263435
"1452",1452,293,22,2022,"TN",22.2551337881826,8.26876714799158,67.1826367706746,1.57519552400341,0.00493511001583965,2022.42307692308,22,0,7148304,4.09887436236623,2019-06-02,86.5787205200541
"1453",1453,429,23,2022,"TN",23.4916089576315,7.03229197854272,63.9458180340751,1.51156492117871,0.00439745334464417,2022.44230769231,23,0,7148304,6.00142355445432,2019-06-09,75.9153344445231
"1454",1454,450,24,2022,"TN",27.2059125775193,3.31798835865487,57.2050905719773,1.45100299618366,0.00390050563042646,2022.46153846154,24,0,7148304,6.29519953264439,2019-06-16,82.6772492950113
"1455",1455,365,25,2022,"TN",27.9886343713475,2.53526656482674,56.9187192767638,1.02867919563791,0.00272824621523277,2022.48076923077,25,0,7148304,5.10610628758934,2019-06-23,79.6838324244425
"1456",1456,543,26,2022,"TN",27.0354659780625,3.48843495811176,58.2678928950304,0.730502354435884,0.00219604538363225,2022.5,26,0,7148304,7.59620743605756,2019-06-30,72.8445684915076
"1457",1457,643,27,2022,"TN",28.774539741567,1.74936119460725,60.5466375684161,0.938498834136851,0.00237310369937633,2022.51923076923,27,0,7148304,8.99514066553409,2019-07-07,85.7790136907079
"1458",1458,615,28,2022,"TN",26.7179094754907,3.80599146068355,66.6068464164411,1.51021962081613,0.00375431710794616,2022.53846153846,28,0,7148304,8.60343936128066,2019-07-14,87.923613316549
"1459",1459,801,29,2022,"TN",27.1392095357188,3.38469140045539,72.2587416476634,2.01552425895753,0.00479437733295431,2022.55769230769,29,0,7148304,11.205455168107,2019-07-21,82.0826079590548
"1460",1460,829,30,2022,"TN",28.1336479339054,2.3902530022688,74.9409455927821,2.77553573457946,0.00513636987645367,2022.57692307692,30,0,7148304,11.5971564723604,2019-07-28,93.3652683779448
"1461",1461,801,31,2022,"TN",25.7322402869094,4.79166064926478,77.035265302751,3.47177721736537,0.0046189044748703,2022.59615384615,31,0,7148304,11.205455168107,2019-08-04,94.1774294713159
"1462",1462,736,32,2022,"TN",25.6787033714594,4.84519756471478,77.6210143086978,4.48286500109805,0.00376700076922674,2022.61538461538,32,0,7148304,10.2961485689473,2019-08-11,94.4035207174104
"1463",1463,701,33,2022,"TN",23.6701624975103,6.85373843866393,75.2200902245091,4.70218668243694,0.0032391366306376,2022.63461538462,33,0,7148304,9.80652193863048,2019-08-18,88.3111031709284
"1464",1464,622,34,2022,"TN",24.7000216696502,5.82387926652398,73.5327047060462,4.93978578527049,0.00278443669995008,2022.65384615385,34,0,7148304,8.70136468734402,2019-08-25,88.3357329455328
"1465",1465,715,35,2022,"TN",26.1141499329436,4.40975100323058,72.4578372941199,4.73617883162889,0.00222085313290163,2022.67307692308,35,0,7148304,10.0023725907572,2019-09-01,82.2513195211436
"1466",1466,586,36,2022,"TN",23.8951670092826,6.62873392689161,70.036978423864,4.54606793573031,0.00306958592322504,2022.69230769231,36,0,7148304,8.19774872473247,2019-09-08,90.610091878285
"1467",1467,558,37,2022,"TN",21.4440912230427,9.07980971313153,65.9175591474773,4.25813186875179,0.00504180199014106,2022.71153846154,37,0,7148304,7.80604742047904,2019-09-15,88.8531871652674
"1468",1468,350,38,2022,"TN",25.1207097593492,5.40319117682501,60.9505804405931,3.99861785243644,0.00709823383747156,2022.73076923077,38,0,7148304,4.89626630316786,2019-09-22,89.7314026045846
"1469",1469,365,39,2022,"TN",18.5219089852368,12.0019919509374,54.6260584035566,3.51059116293625,0.0079661320130388,2022.75,39,0,7148304,5.10610628758934,2019-09-29,94.4111153315468
"1470",1470,264,40,2022,"TN",17.340221377881,13.1836795582932,51.5986057919397,3.10938258160548,0.00802843117285815,2022.76923076923,40,0,7148304,3.69318372581804,2019-10-06,94.5198516411156
"1471",1471,293,41,2022,"TN",16.3654659828815,14.1584349532927,50.7916318590975,2.73231812858368,0.00853997442377007,2022.78846153846,41,0,7148304,4.09887436236623,2019-10-13,87.9999671192738
"1472",1472,200,42,2022,"TN",12.4095993607811,18.1143015753931,55.3420116164034,2.41863460957727,0.00829665330405645,2022.80769230769,42,0,7148304,2.79786645895306,2019-10-20,108.995932193085
"1473",1473,250,43,2022,"TN",15.6165305506793,14.9073703854949,60.8499425242779,1.86111834230878,0.00867170730287911,2022.82692307692,43,0,7148304,3.49733307369133,2019-10-27,108.030732099587
"1474",1474,286,44,2022,"TN",15.5830504565493,14.9408504796249,63.1983956878272,1.45994643816746,0.0080852278619749,2022.84615384615,44,0,7148304,4.00094903630288,2019-11-03,117.588192555361
"1475",1475,243,45,2022,"TN",17.9123133247767,12.6115876113976,64.7522855839228,1.12722228121587,0.00769553169535039,2022.86538461538,45,0,7148304,3.39940774762797,2019-11-10,125.026214942705
"1476",1476,272,46,2022,"TN",6.19457038374181,24.3293305524324,66.3114263148885,0.873780918885775,0.00600855811392464,2022.88461538462,46,0,7148304,3.80509838417616,2019-11-17,128.037896204295
"1477",1477,257,47,2022,"TN",3.77241414462893,26.7514867915453,66.3514669336611,0.598591481523723,0.00445028638961073,2022.90384615385,47,0,7148304,3.59525839975468,2019-11-24,137.624301271444
"1478",1478,343,48,2022,"TN",9.73754305266551,20.7863578835087,72.2500836832152,0.393881589135823,0.00363699324110073,2022.92307692308,48,0,7148304,4.7983409771045,2019-12-01,126.376335514729
"1479",1479,465,49,2022,"TN",10.5027909890433,20.0211099471309,74.3566516170916,0.448720721896955,0.00352013568533179,2022.94230769231,49,0,7148304,6.50503951706587,2019-12-08,136.072148493017
"1480",1480,450,50,2022,"TN",9.72086203263146,20.8030389035428,72.483456141084,0.555533365283616,0.00383060560006028,2022.96153846154,50,0,7148304,6.29519953264439,2019-12-15,145.311641507886
"1481",1481,536,51,2022,"TN",3.36313317961884,27.1607677565554,74.4605982764165,0.633937746331972,0.00319721526486095,2022.98076923077,51,0,7148304,7.4982821099942,2019-12-22,116.752148039461
"1482",1482,493,52,2022,"TN",-2.58120721347722,33.1051081496514,71.4824710850434,0.720665363919834,0.00237217107722335,2023,52,0,7148304,6.8967408213193,2019-12-29,135.170874411532
"1483",1483,608,53,2022,"TN",12.7492670128286,17.7746339233456,70.7547759077982,0.738929978963281,0.00199112498106776,2023.01923076923,53,0,7148304,8.5055140352173,NA,100
"1484",1484,572,2,2023,"TN",7.88544937908987,22.6384515570844,76.2635585705384,0.757586506619438,0.00161007888491218,2023.03846153846,54,0,7148304,8.00189807260575,2019-01-13,133.644028407634
"1485",1485,493,3,2023,"TN",7.81379667991151,22.7101042562627,75.8296246224156,0.65718325786408,0.00159343157948141,2023.05769230769,55,0,7148304,6.8967408213193,2019-01-20,130.655959800417
"1486",1486,386,4,2023,"TN",3.80647676728842,26.7174241688858,73.8162852712074,0.567631320136104,0.00169308225652779,2023.07692307692,56,0,7148304,5.39988226577941,2019-01-27,116.31239553493
"1487",1487,407,5,2023,"TN",3.31499626067574,27.2089046754985,71.120205359934,0.704737296450197,0.00101623172899939,2023.09615384615,57,0,7148304,5.69365824396948,2019-02-03,126.622909803298
"1488",1488,407,6,2023,"TN",8.92887622553778,21.5950247106364,68.9490324406878,1.05060556070329,0.00110786185553011,2023.11538461538,58,0,7148304,5.69365824396948,2019-02-10,128.198823378616
"1489",1489,436,7,2023,"TN",9.77828162431721,20.745619311857,68.5063618375981,1.51802226808345,0.000871955081932714,2023.13461538462,59,0,7148304,6.09934888051767,2019-02-17,123.982491760923
"1490",1490,415,8,2023,"TN",12.3089812785019,18.2149196576723,67.0337022687434,2.26143684884367,0.00111345758844801,2023.15384615385,60,0,7148304,5.8055729023276,2019-02-24,112.388915197227
"1491",1491,336,9,2023,"TN",13.9643536275408,16.5595473086334,66.1212758389707,3.02754452579557,0.000722175964163427,2023.17307692308,61,0,7148304,4.70041565104114,2019-03-03,113.638884671664
"1492",1492,300,10,2023,"TN",11.4921563265178,19.0317446096564,64.5222996847246,4.26406787318959,0.000733880372183381,2023.19230769231,62,0,7148304,4.19679968842959,2019-03-10,92.0623217166803
"1493",1493,243,11,2023,"TN",6.43744954523168,24.0864513909425,63.9806869480168,4.41989372919552,0.000699419983630609,2023.21153846154,63,0,7148304,3.39940774762797,2019-03-17,87.2254212739374
"1494",1494,179,12,2023,"TN",8.18313668289513,22.3407642532791,63.5787361964043,4.58522645559573,0.000673259932239398,2023.23076923077,64,0,7148304,2.50409048076299,2019-03-24,84.005146531924
"1495",1495,272,13,2023,"TN",13.0562956237208,17.4676053124534,65.0049245652286,4.76820880117555,0.000625276522468353,2023.25,65,0,7148304,3.80509838417616,2019-03-31,79.9387649648864
"1496",1496,207,14,2023,"TN",15.1495566647555,15.3743442714187,65.5071205609006,4.96358693565793,0.000584381041059989,2023.26923076923,66,0,7148304,2.89579178501642,2019-04-07,87.4654408929671
"1497",1497,193,15,2023,"TN",14.3797251583084,16.1441757778658,63.4063874714978,4.19522758671516,0.000541060742053866,2023.28846153846,67,0,7148304,2.6999411328897,2019-04-14,86.2501733420236
"1498",1498,229,16,2023,"TN",16.9401178049966,13.5837831311776,63.4692065484937,3.60226360313894,0.000546889630510018,2023.30769230769,68,0,7148304,3.20355709550125,2019-04-21,66.2806121997093
"1499",1499,114,17,2023,"TN",12.149747908758,18.3741530274162,63.5515221015685,3.0017765302418,0.00166603621409124,2023.32692307692,69,0,7148304,1.59478388160324,2019-04-28,76.625556354726
"1500",1500,100,18,2023,"TN",13.7106624334149,16.8132385027593,68.053373544895,2.53990256689744,0.00181157190106445,2023.34615384615,70,0,7148304,1.39893322947653,2019-05-05,81.0069382021478
"1501",1501,114,19,2023,"TN",20.761812717278,9.76208821889625,71.601788365132,2.09384299608199,0.00803573175775654,2023.36538461538,71,0,7148304,1.59478388160324,2019-05-12,73.3031443775643
"1502",1502,164,20,2023,"TN",21.5168005389674,9.00710039720678,70.5452789603753,1.74761836290106,0.00736608744460422,2023.38461538462,72,0,7148304,2.29425049634151,2019-05-19,74.7783006091245
"1503",1503,114,21,2023,"TN",20.083078741287,10.4408221948872,67.8506246300947,1.43525628576016,0.00669644313145983,2023.40384615385,73,0,7148304,1.59478388160324,2019-05-26,69.304252263435
"1504",1504,107,22,2023,"TN",21.793197052191,8.73070388398324,62.300609869934,1.18666590203206,0.00602679881831543,2023.42307692308,74,0,7148304,1.49685855553989,2019-06-02,86.5787205200541
"1505",1505,43,23,2023,"TN",24.3627598517669,6.16114108440731,61.4337415815592,0.88310895073868,0.00535715450517103,2023.44230769231,75,0,7148304,0.601541288674908,2019-06-09,75.9153344445231
"1506",1506,43,24,2023,"TN",22.0550509379082,8.46884999826604,63.5175110870764,0.65355888807013,0.00468751019201871,2023.46153846154,76,0,7148304,0.601541288674908,2019-06-16,82.6772492950113
"1507",1507,64,25,2023,"TN",22.073133755929,8.45076718024519,67.3423877161497,0.534649138303133,0.00401786587887431,2023.48076923077,77,0,7148304,0.89531726686498,2019-06-23,79.6838324244425
"1508",1508,64,26,2023,"TN",25.6208999236838,4.90300101249041,72.6614467878699,0.431694004925743,0.00334822156572991,2023.5,78,0,7148304,0.89531726686498,2019-06-30,72.8445684915076
"1509",1509,64,27,2023,"TN",26.6286825307346,3.89521840543958,74.2483349921579,0.34333573243558,0.00267857725258551,2023.51923076923,79,0,7148304,0.89531726686498,2019-07-07,85.7790136907079
"1510",1510,86,28,2023,"TN",25.0864564457004,5.43744449047386,73.9201178912211,0.26524971759529,0.00200893293944111,2023.53846153846,80,0,7148304,1.20308257734982,2019-07-14,87.923613316549
"1511",1511,79,29,2023,"TN",25.8351003062266,4.68880062994761,73.2244687540572,0.21850250479495,0.0013392886262888,2023.55769230769,81,0,7148304,1.10515725128646,2019-07-21,82.0826079590548
"1512",1512,122,30,2023,"TN",26.4559766414764,4.06792429469783,74.2211154338306,0.175086552691907,0.000669644313144399,2023.57692307692,82,0,7148304,1.70669853996137,2019-07-28,93.3652683779448
"1513",1513,257,31,2023,"TN",25.9934740080159,4.53042692815834,75.319291287318,0.166880782453148,0,2023.59615384615,83,0,7148304,3.59525839975468,2019-08-04,94.1774294713159
"1514",1514,179,32,2023,"TN",24.9613205106727,5.56258042550155,73.4782891453776,0.158788821226594,0,2023.61538461538,84,0,7148304,2.50409048076299,2019-08-11,94.4035207174104
"1515",1515,243,33,2023,"TN",24.6974117662288,5.82648916994539,74.1517302421606,0.148767041279732,0,2023.63461538462,85,0,7148304,3.39940774762797,2019-08-18,88.3111031709284
"1516",1516,329,34,2023,"TN",28.3000086470745,2.22389228909971,70.9791643936174,0.171124764401169,0,2023.65384615385,86,0,7148304,4.60249032497778,2019-08-25,88.3357329455328
"1517",1517,443,35,2023,"TN",24.7014356448378,5.82246529133644,66.9111521974231,0.190684534014677,0,2023.67307692308,87,0,7148304,6.19727420658103,2019-09-01,82.2513195211436
"1518",1518,357,36,2023,"TN",25.7366215145697,4.78727942160456,64.6862528232374,0.210908763887163,0.00162999594250763,2023.69230769231,88,0,7148304,4.99419162923121,2019-09-08,90.610091878285
"1519",1519,329,37,2023,"TN",22.7342200964858,7.78968083968845,62.2453689152129,0.223961352223512,0.00228572853830856,2023.71153846154,89,0,7148304,4.60249032497778,2019-09-15,88.8531871652674
"1520",1520,250,38,2023,"TN",21.1765198183924,9.34738111778182,61.2816039457098,0.237298398854195,0.00291054426024974,2023.73076923077,90,0,7148304,3.49733307369133,2019-09-22,89.7314026045846
"1521",1521,300,39,2023,"TN",23.0099937420168,7.51390719415742,59.3343435119849,0.234716790896317,0.00337373125893408,2023.75,91,0,7148304,4.19679968842959,2019-09-29,94.4111153315468
"1522",1522,179,40,2023,"TN",23.0381822696063,7.48571866656795,60.5406643279664,0.232145933494316,0.00687763884801274,2023.76923076923,92,0,7148304,2.50409048076299,2019-10-06,94.5198516411156
"1523",1523,157,41,2023,"TN",16.5102793512891,14.0136215848851,60.2744352980802,0.207751082085721,0.00655920996477987,2023.78846153846,93,0,7148304,2.19632517027815,2019-10-13,87.9999671192738
"1524",1524,164,42,2023,"TN",14.6071722559389,15.9167286802353,60.741599083593,0.219641684979776,0.00579340675041937,2023.80769230769,94,0,7148304,2.29425049634151,2019-10-20,108.995932193085
"1525",1525,186,43,2023,"TN",18.3156349943346,12.2082659418396,60.6981803653182,0.246215265037947,0.00481419678563949,2023.82692307692,95,0,7148304,2.60201580682635,2019-10-27,108.030732099587
"1526",1526,214,44,2023,"TN",11.3982098604899,19.1256910756843,59.1877168229753,0.273972608460832,0.00385554765114853,2023.84615384615,96,0,7148304,2.99371711107977,2019-11-03,117.588192555361
"1527",1527,207,45,2023,"TN",16.0590478258018,14.4648531103724,60.308221983577,0.295012197606228,0.00471054398634248,2023.86538461538,97,0,7148304,2.89579178501642,2019-11-10,125.026214942705
"1528",1528,279,46,2023,"TN",13.3738791539724,17.1500217822018,61.8804576100723,0.316758391661197,0.00395093984387687,2023.88461538462,98,0,7148304,3.90302371023952,2019-11-17,128.037896204295
"1529",1529,214,47,2023,"TN",10.2990400232,20.2248609129742,66.0839353506141,0.363263434479096,0.00344462370029643,2023.90384615385,99,0,7148304,2.99371711107977,2019-11-24,137.624301271444
"1530",1530,257,48,2023,"TN",6.03031183429245,24.4935891018818,68.0374528046214,0.413173654712136,0.00309389246948422,2023.92307692308,100,0,7148304,3.59525839975468,2019-12-01,126.376335514729
"1531",1531,257,49,2023,"TN",9.01967401709014,21.5042269190841,68.7121172691873,0.375580332135609,0.002330153331969,2023.94230769231,101,0,7148304,3.59525839975468,2019-12-08,136.072148493017
"1532",1532,257,50,2023,"TN",7.19636891231762,23.3275320238566,69.183930862587,0.339935300255613,0.00210284538779682,2023.96153846154,102,0,7148304,3.59525839975468,2019-12-15,145.311641507886
"1533",1533,272,51,2023,"TN",5.36327244167221,25.160628494502,69.4159036781459,0.459850055786207,0.00188668847637545,2023.98076923077,103,0,7148304,3.80509838417616,2019-12-22,116.752148039461
"1534",1534,443,52,2023,"TN",8.38325438825466,22.1406465479196,70.4772356483854,0.766948990102178,0.00168031280385873,2024,104,0,7148304,6.19727420658103,2019-12-29,135.170874411532
"1535",1535,472,1,2024,"TN",2.26071395703005,28.2631869791442,70.3455491253168,1.67089113198191,0.00127674865385187,2024.01923076923,105,0,7148304,6.60296484312922,2019-01-06,130.868171396863
"1536",1536,536,53,2023,"TN",4.27563291720273,26.2482680189715,70.2794830991542,1.12685822765153,0.00127674865385187,2024.01923076923,106,0,7148304,7.4982821099942,NA,100
"1537",1537,500,2,2024,"TN",5.07617992085769,25.4477210153165,71.6406641768314,2.30832308513079,0.00111385278049102,2024.03846153846,107,0,7148304,6.99466614738265,2019-01-13,133.644028407634
"1538",1538,250,3,2024,"TN",-7.05108411997353,37.5749850561477,73.947537491389,3.34538882402244,0.000962956008205099,2024.05769230769,108,0,7148304,3.49733307369133,2019-01-20,130.655959800417
"1539",1539,329,4,2024,"TN",5.64234631373639,24.8815546224378,72.4292962271006,3.53776824574119,0.000829103227714074,2024.07692307692,109,0,7148304,4.60249032497778,2019-01-27,116.31239553493
"1540",1540,293,5,2024,"TN",5.53238288273589,24.9915180534383,74.9659538195213,3.74797081126515,0.000717339329737932,2024.09615384615,110,0,7148304,4.09887436236623,2019-02-03,126.622909803298
"1541",1541,250,6,2024,"TN",9.93363038440901,20.5902705517652,73.2619093083156,2.98942223437584,0.000749972405926836,2024.11538461538,111,0,7148304,3.49733307369133,2019-02-10,128.198823378616
"1542",1542,407,7,2024,"TN",7.80346278944776,22.7204381467265,67.7087146336029,2.4398608244939,0.000674720139377537,2024.13461538462,112,0,7148304,5.69365824396948,2019-02-17,123.982491760923
"1543",1543,357,8,2024,"TN",7.11894809731226,23.404952838862,69.979394297973,2.24910329815469,0.000615047984534271,2024.15384615385,113,0,7148304,4.99419162923121,2019-02-24,112.388915197227
"1544",1544,393,9,2024,"TN",10.2598383296668,20.2640626065074,68.1885520675556,2.07839108109274,0.00056025947016136,2024.17307692308,114,0,7148304,5.49780759184276,2019-03-03,113.638884671664
"1545",1545,293,10,2024,"TN",14.2413083254573,16.282592610717,66.9559774415229,1.60982688205304,0.000524347615242542,2024.19230769231,115,0,7148304,4.09887436236623,2019-03-10,92.0623217166803
"1546",1546,272,11,2024,"TN",12.1415501050477,18.3823508311266,65.6131848982174,1.26506035807933,0.000455455095778503,2024.21153846154,116,0,7148304,3.80509838417616,2019-03-17,87.2254212739374
"1547",1547,172,12,2024,"TN",9.71293666681207,20.8109642693622,63.3208493484521,0.970185662976642,0.00038851009744413,2024.23076923077,117,0,7148304,2.40616515469963,2019-03-24,84.005146531924
"1548",1548,143,13,2024,"TN",11.9104998717138,18.6134010644605,63.3520571477726,0.743243227095782,0.000331687191534818,2024.25,118,0,7148304,2.00047451815144,2019-03-31,79.9387649648864
"1549",1549,114,14,2024,"TN",13.3896679069471,17.1342330292271,65.166538664895,0.600872018885981,0.000197590997703193,2024.26923076923,119,0,7148304,1.59478388160324,2019-04-07,87.4654408929671
"1550",1550,100,15,2024,"TN",14.6670171388357,15.8568837973385,66.5148015798453,0.479999968242645,0.000185949906990225,2024.28846153846,120,0,7148304,1.39893322947653,2019-04-14,86.2501733420236
"1551",1551,50,16,2024,"TN",19.209288943452,11.3146119927222,68.2656635770818,0.428761635284652,0.000181479058244789,2024.30769230769,121,0,7148304,0.699466614738265,2019-04-21,66.2806121997093
"1552",1552,71,17,2024,"TN",15.0804945384101,15.4434063977641,71.3185856864202,0.380952378992591,0.000175529151254567,2024.32692307692,122,0,7148304,0.993242592928336,2019-04-28,76.625556354726
"1553",1553,50,18,2024,"TN",20.8222682504606,9.7016326857136,73.110500175022,0.260332343677433,0.000159450885807238,2024.34615384615,123,0,7148304,0.699466614738265,2019-05-05,81.0069382021478
"1554",1554,14,19,2024,"TN",20.4431591662552,10.080741769919,77.314104265052,0.214285720747953,0.000342389941096163,2024.36538461538,124,0,7148304,0.195850652126714,2019-05-12,73.3031443775643
"1555",1555,21,20,2024,"TN",18.9586352011425,11.5652657350317,80.242003398439,0.185329690347821,0.000225127183848892,2024.38461538462,125,0,7148304,0.293775978190071,2019-05-19,74.7783006091245
"1556",1556,14,21,2024,"TN",22.2133773429287,8.31052359324548,79.4658412489534,0.225000002738088,0.000108940783079722,2024.40384615385,126,0,7148304,0.195850652126714,2019-05-26,69.304252263435
"1557",1557,43,22,2024,"TN",21.0382865961069,9.48561434006728,77.8884064610704,0.27983396929279,2.3542091975215e-05,2024.42307692308,127,0,7148304,0.601541288674908,2019-06-02,86.5787205200541
"1558",1558,57,23,2024,"TN",22.5889535274316,7.9349474087426,75.2734909021542,0.423076926339308,0,2024.44230769231,128,0,7148304,0.797391940801622,2019-06-09,75.9153344445231
"1559",1559,57,24,2024,"TN",22.4365301374852,8.08737079868904,72.4167263099484,0.350434715633952,0,2024.46153846154,129,0,7148304,0.797391940801622,2019-06-16,82.6772492950113
"1560",1560,93,25,2024,"TN",26.6445278858961,3.87937305027807,70.7250569008541,0.284848496451961,0,2024.48076923077,130,0,7148304,1.30100790341317,2019-06-23,79.6838324244425
"1561",1561,136,26,2024,"TN",26.9944625930941,3.52943834308011,70.0009720739632,0.239521703864183,0,2024.5,131,0,7148304,1.90254919208808,2019-06-30,72.8445684915076
"1562",1562,100,27,2024,"TN",26.5968328083001,3.92706812787412,69.8189297366288,0.253495810757668,0,2024.51923076923,132,0,7148304,1.39893322947653,2019-07-07,85.7790136907079
"1563",1563,172,28,2024,"TN",26.2383948889614,4.2855060472128,73.6202052480361,0.25341598759622,0,2024.53846153846,133,0,7148304,2.40616515469963,2019-07-14,87.923613316549
"1564",1564,186,29,2024,"TN",26.2857454345305,4.23815550164369,76.8221640463775,0.253336174600472,0,2024.55769230769,134,0,7148304,2.60201580682635,2019-07-21,82.0826079590548
"1565",1565,186,30,2024,"TN",24.2090762983537,6.31482463782055,77.0739398519537,0.240451373349032,0,2024.57692307692,135,0,7148304,2.60201580682635,2019-07-28,93.3652683779448
"1566",1566,264,31,2024,"TN",26.5128109188915,4.01109001728274,76.003515177997,0.246043526665523,0,2024.59615384615,136,0,7148304,3.69318372581804,2019-08-04,94.1774294713159
"1567",1567,300,32,2024,"TN",26.0488919296396,4.4750090065346,72.5862176882417,0.274272242420166,0.000334322727884984,2024.61538461538,137,0,7148304,4.19679968842959,2019-08-11,94.4035207174104
"1568",1568,350,33,2024,"TN",25.1989293243198,5.32497161185444,65.3233582856458,0.303809630702056,0.000600501435269159,2024.63461538462,138,0,7148304,4.89626630316786,2019-08-18,88.3111031709284
"1569",1569,286,34,2024,"TN",23.3346838850522,7.18921705112206,63.0852941780401,0.384486595014404,0.000893628344408977,2024.65384615385,139,0,7148304,4.00094903630288,2019-08-25,88.3357329455328
"1570",1570,279,35,2024,"TN",27.8223174051286,2.70158353104563,61.1460862051272,0.475806350169494,0.00117154749243688,2024.67307692308,140,0,7148304,3.90302371023952,2019-09-01,82.2513195211436
"1571",1571,193,36,2024,"TN",23.8769253150763,6.64697562109795,62.5808718235689,0.543718249697054,0.00499477189624359,2024.69230769231,141,0,7148304,2.6999411328897,2019-09-08,90.610091878285
"1572",1572,214,37,2024,"TN",21.2569367682666,9.26696416790764,67.7076720151608,0.618181813797676,0.00548846694952233,2024.71153846154,142,0,7148304,2.99371711107977,2019-09-15,88.8531871652674
"1573",1573,193,38,2024,"TN",23.6249317369971,6.89896919917713,72.3421103311867,0.796453476862875,0.00569220816503037,2024.73076923077,143,0,7148304,2.6999411328897,2019-09-22,89.7314026045846
"1574",1574,324,1,2022,"UT",-6.5292817385165,34.7171493911076,70.3194562095871,0.600030708902375,0.0120077454585656,2022.01923076923,1,0,3443222,9.40979117814651,2019-01-06,106.077371754659
"1575",1575,709,2,2022,"UT",-2.7425944588897,30.9304621114808,71.304480459777,1.11332075291546,0.0171378242045774,2022.03846153846,2,0,3443222,20.5911788435367,2019-01-13,114.17038775931
"1576",1576,919,3,2022,"UT",-2.50047118831892,30.68833884091,67.687414580244,1.74943342931727,0.019824939160666,2022.05769230769,3,0,3443222,26.6901175701131,2019-01-20,112.509146994553
"1577",1577,995,4,2022,"UT",-4.17593100245229,32.3637986550434,65.502665510583,2.93338949151216,0.0201625105787544,2022.07692307692,4,0,3443222,28.8973525378265,2019-01-27,110.429752491045
"1578",1578,764,5,2022,"UT",-6.20848206094469,34.3963497135358,64.8609750683765,3.44372294802273,0.0262671610098526,2022.09615384615,5,0,3443222,22.1885199385924,2019-02-03,112.713794406685
"1579",1579,578,6,2022,"UT",-3.26028567442199,31.4481533270131,62.1999003797728,4.10622466247064,0.0262849737832762,2022.11538461538,6,0,3443222,16.7866027807675,2019-02-10,111.564744681048
"1580",1580,465,7,2022,"UT",-0.30765251670579,28.4955201692969,60.9991929930567,4.47137487354723,0.0218062229698424,2022.13461538462,7,0,3443222,13.5047928945621,2019-02-17,90.2138425692042
"1581",1581,251,8,2022,"UT",-3.57208058858599,31.7599482411771,62.1125544806534,4.89277169201893,0.00964193808396127,2022.15384615385,8,0,3443222,7.28968390652708,2019-02-24,106.736196269312
"1582",1582,210,9,2022,"UT",-3.18475395156897,31.3726216041601,63.645597946597,4.0976387149388,0.00379983244375954,2022.17307692308,9,0,3443222,6.09893872657644,2019-03-03,114.577081263695
"1583",1583,158,10,2022,"UT",-3.50016201696777,31.6880296695589,63.1475456427226,3.49157435726095,0.00376052817196605,2022.19230769231,10,0,3443222,4.58872532761466,2019-03-10,95.5585886533391
"1584",1584,121,11,2022,"UT",-2.17667279742751,30.3645404500186,61.0627224572374,2.57222282786438,0.00443276675160647,2022.21153846154,11,0,3443222,3.51415040912262,2019-03-17,92.179928766626
"1585",1585,83,12,2022,"UT",1.52866737658863,26.6592002760025,58.8630293094006,1.96527891679722,0.00404553254674448,2022.23076923077,12,0,3443222,2.41053292526593,2019-03-24,99.6735668380859
"1586",1586,65,13,2022,"UT",7.69707260617803,20.4907950464131,52.8655166916764,1.01949010968746,0.00545187037025203,2022.25,13,0,3443222,1.88776674870223,2019-03-31,112.824561794766
"1587",1587,45,14,2022,"UT",3.76443243202801,24.4234352205631,51.2485218434858,1.26077868316761,0.0040419506303495,2022.26923076923,14,0,3443222,1.30691544140924,2019-04-07,109.55395970449
"1588",1588,48,15,2022,"UT",2.13438141895127,26.0534862336398,51.2809195464525,1.81834381050397,0.00613330576225793,2022.28846153846,15,0,3443222,1.39404313750319,2019-04-14,100.225317520267
"1589",1589,41,16,2022,"UT",6.99737125084622,21.1904964017449,51.5030879327038,2.74095872288609,0.00273280859226231,2022.30769230769,16,0,3443222,1.19074517995064,2019-04-21,80.3166550172896
"1590",1590,55,17,2022,"UT",7.06723925433748,21.1206283982536,52.4904107274362,2.3639128597984,0.00594878866364119,2022.32692307692,17,0,3443222,1.59734109505574,2019-04-28,83.2436161123508
"1591",1591,86,18,2022,"UT",6.6761062269161,21.511761425675,50.0368442100945,2.05591188478867,0.00574849177117632,2022.34615384615,18,0,3443222,2.49766062135988,2019-05-05,103.632892061818
"1592",1592,96,19,2022,"UT",8.41979025897869,19.7680773936124,46.4385634839621,1.33047824369186,0.00778263304931639,2022.36538461538,19,0,3443222,2.78808627500637,2019-05-12,96.9418816459717
"1593",1593,103,20,2022,"UT",14.3061749179013,13.8816927346898,46.2932407328713,0.934945294125312,0.00456123169906944,2022.38461538462,20,0,3443222,2.99138423255892,2019-05-19,107.063018797991
"1594",1594,148,21,2022,"UT",10.0856826668662,18.102184985725,45.2896919338358,1.12342164545909,0.0039013846139846,2022.40384615385,21,0,3443222,4.29829967396816,2019-05-26,92.1585034311793
"1595",1595,196,22,2022,"UT",11.3574435426572,16.8304241099339,44.0342905875138,1.35257817625866,0.00184730077429414,2022.42307692308,22,0,3443222,5.69234281147135,2019-06-02,84.3373231544004
"1596",1596,210,23,2022,"UT",17.3098534859837,10.8780141666074,41.9995050591385,1.3729696816256,0.00383216649986551,2022.44230769231,23,0,3443222,6.09893872657644,2019-06-09,92.3713572030195
"1597",1597,282,24,2022,"UT",18.0633371345483,10.1245305180428,38.7895695005479,1.39371777379266,0.00206715299410453,2022.46153846154,24,1,3443222,8.19000343283123,2019-06-16,79.8826417651718
"1598",1598,258,25,2022,"UT",19.1853395925782,9.00252806001289,31.6946703996116,0.966774920736397,0.00723750409742191,2022.48076923077,25,1,3443222,7.49298186407963,2019-06-23,84.4723010749059
"1599",1599,286,26,2022,"UT",22.4696643360013,5.71820331658986,27.1523415252786,0.669078527208628,0.00522669368012478,2022.5,26,1,3443222,8.30617369428982,2019-06-30,73.1135039180441
"1600",1600,396,27,2022,"UT",24.5272683884323,3.66059926415881,27.2870361031718,0.979546697665833,0.00763461277450789,2022.51923076923,27,1,3443222,11.5008558844013,2019-07-07,88.1288328660061
"1601",1601,303,28,2022,"UT",26.4656448589569,1.7222227936342,27.6812160736236,1.56674663965067,0.00570531515733421,2022.53846153846,28,1,3443222,8.79989730548887,2019-07-14,97.984452949312
"1602",1602,189,29,2022,"UT",25.4151384735523,2.77272917903877,30.3127346677673,2.3896697119828,0.00570860664807553,2022.55769230769,29,1,3443222,5.4890448539188,2019-07-21,98.0827172903329
"1603",1603,293,30,2022,"UT",25.6160035509725,2.5718641016186,38.6244506311119,3.98927959560501,0.00556649169489118,2022.57692307692,30,1,3443222,8.50947165184237,2019-07-28,101.560332791314
"1604",1604,269,31,2022,"UT",23.9153943029929,4.27247334959819,43.985665208778,4.61987245998148,0.00232059778118671,2022.59615384615,31,0,3443222,7.81245008309078,2019-08-04,69.9145565116768
"1605",1605,224,32,2022,"UT",21.7327609561609,6.45510669643024,47.394550905822,5.43292732960074,0.00575158964481522,2022.61538461538,32,0,3443222,6.50553464168154,2019-08-11,55.5842402530072
"1606",1606,220,33,2022,"UT",22.7671270360738,5.42074061651728,47.6433045868364,6.03887251946605,0.00578779604296981,2022.63461538462,33,0,3443222,6.38936438022294,2019-08-18,61.7672660127358
"1607",1607,158,34,2022,"UT",21.5284476446207,6.65942000797038,41.6624468583525,6.77084163194375,0.00666914109323572,2022.65384615385,34,0,3443222,4.58872532761466,2019-08-25,57.9397353175648
"1608",1608,158,35,2022,"UT",23.0255551221837,5.1623125304074,36.7852161221764,7.46762362990244,0.00397737932668876,2022.67307692308,35,1,3443222,4.58872532761466,2019-09-01,52.6189166206833
"1609",1609,131,36,2022,"UT",25.3710073365431,2.81686031604806,37.9768038725009,8.30166914493607,0.00232330842062075,2022.69230769231,36,1,3443222,3.80457606276912,2019-09-08,54.880107496899
"1610",1610,134,37,2022,"UT",18.3563748058031,9.83149284678801,39.8609874722689,8.12959317049707,0.00143373464350152,2022.71153846154,37,1,3443222,3.89170375886306,2019-09-15,54.9606757366826
"1611",1611,158,38,2022,"UT",16.3797526613131,11.808114991278,45.8109501970226,7.96376818563104,0.00897453993188161,2022.73076923077,38,0,3443222,4.58872532761466,2019-09-22,64.8427735444508
"1612",1612,107,39,2022,"UT",15.9269263060073,12.2609413465839,50.6440732948436,6.82468308972362,0.0127243223546628,2022.75,39,0,3443222,3.10755449401752,2019-09-29,59.0592387753364
"1613",1613,141,40,2022,"UT",12.9948473316731,15.1930203209181,49.0217297102062,5.94245906455737,0.0127843436564164,2022.76923076923,40,0,3443222,4.09500171641561,2019-10-06,105.3689970509
"1614",1614,90,41,2022,"UT",13.6193067100947,14.5685609424965,50.514843550451,4.3648815988721,0.0142907815218807,2022.78846153846,41,0,3443222,2.61383088281848,2019-10-13,127.378122730694
"1615",1615,93,42,2022,"UT",11.9023446659016,16.2855229866895,54.2885618540544,3.37151539833902,0.0116430676461368,2022.80769230769,42,0,3443222,2.70095857891243,2019-10-20,125.511655814575
"1616",1616,86,43,2022,"UT",3.73002791701958,24.4578397355715,58.3393498148512,2.62290526830413,0.0186078620547847,2022.82692307692,43,0,3443222,2.49766062135988,2019-10-27,134.097483151608
"1617",1617,127,44,2022,"UT",2.00613520622451,26.1817324463666,64.4024862947217,2.09320271140792,0.008857014350706,2022.84615384615,44,0,3443222,3.68840580131052,2019-11-03,139.803268151386
"1618",1618,121,45,2022,"UT",1.92808835668701,26.2597792959041,68.6883708080685,1.4724568944841,0.00713420937327497,2022.86538461538,45,0,3443222,3.51415040912262,2019-11-10,130.483184075459
"1619",1619,179,46,2022,"UT",-5.04580586174378,33.2336735143349,68.8582815159467,1.05921280586318,0.00941017841235136,2022.88461538462,46,0,3443222,5.1986192002723,2019-11-17,146.59256275591
"1620",1620,213,47,2022,"UT",-3.99585178452425,32.1837194371154,70.419614570215,0.815913576528442,0.00938103903843549,2022.90384615385,47,0,3443222,6.1860664226704,2019-11-24,144.165548494635
"1621",1621,224,48,2022,"UT",-3.68774205877064,31.8756097113618,72.0671261512569,0.624031681036036,0.0126003106005557,2022.92307692308,48,0,3443222,6.50553464168154,2019-12-01,131.790816039636
"1622",1622,196,49,2022,"UT",-4.87808185543347,33.0659495080246,73.1738431503296,0.547305094648786,0.00478040625902133,2022.94230769231,49,0,3443222,5.69234281147135,2019-12-08,147.563862567225
"1623",1623,200,50,2022,"UT",-4.97881017402061,33.1666778266117,74.9990838805867,0.47750126638819,0.00642508673562144,2022.96153846154,50,0,3443222,5.80851307292995,2019-12-15,156.616694979735
"1624",1624,196,51,2022,"UT",-9.00211078844679,37.1899784410379,78.7511456240153,0.505477475614093,0.00537190650694803,2022.98076923077,51,0,3443222,5.69234281147135,2019-12-22,130.963920072374
"1625",1625,182,52,2022,"UT",-2.19901721483191,30.386884867423,79.6005232122735,0.655233433055168,0.00469947431020517,2023,52,0,3443222,5.28574689636625,2019-12-29,95.7981023006376
"1626",1626,213,53,2022,"UT",-1.69889030438349,29.8867579569746,78.4209286055681,0.65374632989503,0.00411044268033447,2023.01923076923,53,0,3443222,6.1860664226704,NA,100
"1627",1627,176,2,2023,"UT",-2.41010603947276,30.5979736920639,82.8008813786436,0.652261896437791,0.00352141105046376,2023.03846153846,54,0,3443222,5.11149150417835,2019-01-13,114.17038775931
"1628",1628,148,3,2023,"UT",-3.79057103646969,31.9784386890608,80.4671952369603,0.538708200155781,0.00350088763760608,2023.05769230769,55,0,3443222,4.29829967396816,2019-01-20,112.509146994553
"1629",1629,72,4,2023,"UT",-7.7899376996345,35.9778053522256,76.9350542705219,0.451348654667205,0.00435715927310717,2023.07692307692,56,0,3443222,2.09106470625478,2019-01-27,110.429752491045
"1630",1630,93,5,2023,"UT",-9.47720191480514,37.6650695673963,73.4866319668864,0.783000088314597,0.00317048005230758,2023.09615384615,57,0,3443222,2.70095857891243,2019-02-03,112.713794406685
"1631",1631,93,6,2023,"UT",-5.14000955640524,33.3278772089964,68.9379690390196,1.31112012325081,0.00302846190767444,2023.11538461538,58,0,3443222,2.70095857891243,2019-02-10,111.564744681048
"1632",1632,148,7,2023,"UT",-6.58216978177457,34.7700374343657,67.0535195093727,1.80522145364012,0.00278189052772856,2023.13461538462,59,0,3443222,4.29829967396816,2019-02-17,90.2138425692042
"1633",1633,141,8,2023,"UT",-5.12066146429067,33.3085291168818,68.3497635626878,2.56804441272323,0.00165126345808275,2023.15384615385,60,0,3443222,4.09500171641561,2019-02-24,106.736196269312
"1634",1634,100,9,2023,"UT",-4.5258973889377,32.7137650415288,69.8058654889561,3.50453951966338,0.00136887291418714,2023.17307692308,61,0,3443222,2.90425653646497,2019-03-03,114.577081263695
"1635",1635,131,10,2023,"UT",-3.94635124614544,32.1342188987366,72.0451376204432,5.10757967928066,0.00126886968078153,2023.19230769231,62,0,3443222,3.80457606276912,2019-03-10,95.5585886533391
"1636",1636,103,11,2023,"UT",-0.688483672327494,28.8763513249186,71.9586321258062,5.55840736383525,0.00123527711350975,2023.21153846154,63,0,3443222,2.99138423255892,2019-03-17,92.179928766626
"1637",1637,96,12,2023,"UT",-2.07019082976422,30.2580584823553,71.5576256122514,6.08109451875386,0.00141079101686345,2023.23076923077,64,0,3443222,2.78808627500637,2019-03-24,99.6735668380859
"1638",1638,100,13,2023,"UT",-4.17089564800748,32.3587633005986,68.4928131301686,5.11148090856154,0.000894220587577546,2023.25,65,0,3443222,2.90425653646497,2019-03-31,112.824561794766
"1639",1639,76,14,2023,"UT",-2.62915093394452,30.8170185865356,64.9857058457941,4.37542453035727,0.00145929210102241,2023.26923076923,66,0,3443222,2.20723496771338,2019-04-07,109.55395970449
"1640",1640,96,15,2023,"UT",4.41619991838094,23.7716677342102,63.1064086454784,4.689020064753,0.000914163149127939,2023.28846153846,67,0,3443222,2.78808627500637,2019-04-14,100.225317520267
"1641",1641,72,16,2023,"UT",2.38978270512447,25.7980849474667,59.2856493907904,5.04147197271308,0.00161457301717207,2023.30769230769,68,0,3443222,2.09106470625478,2019-04-21,80.3166550172896
"1642",1642,62,17,2023,"UT",4.66424670086563,23.5236209517255,58.422569570379,3.89361647514809,0.000726257751218655,2023.32692307692,69,0,3443222,1.80063905260828,2019-04-28,83.2436161123508
"1643",1643,38,18,2023,"UT",10.1678745319931,18.019993120598,58.9455586512092,3.11229658157032,0.000726451368321086,2023.34615384615,70,0,3443222,1.10361748385669,2019-05-05,103.632892061818
"1644",1644,55,19,2023,"UT",8.43533230699762,19.7525353455935,55.8047717070999,2.43797558570807,0.000670570493835001,2023.36538461538,71,0,3443222,1.59734109505574,2019-05-12,96.9418816459717
"1645",1645,45,20,2023,"UT",13.0872271845147,15.1006404680764,54.7885142370013,1.95364628987402,0.000614689619348255,2023.38461538462,72,0,3443222,1.30691544140924,2019-05-19,107.063018797991
"1646",1646,59,21,2023,"UT",16.3406630061727,11.8472046464184,54.3823105490684,1.38851891311189,0.00055880874486217,2023.40384615385,73,0,3443222,1.71351135651433,2019-05-26,92.1585034311793
"1647",1647,65,22,2023,"UT",15.3428661289004,12.8450015236908,53.4387139442104,1.00491440893131,0.000502927870376086,2023.42307692308,74,0,3443222,1.88776674870223,2019-06-02,84.3373231544004
"1648",1648,62,23,2023,"UT",15.8801598231128,12.3077078294783,53.6205466939065,0.867387841371358,0.000447046995890001,2023.44230769231,75,0,3443222,1.80063905260828,2019-06-09,92.3713572030195
"1649",1649,28,24,2023,"UT",15.3845040949792,12.8033635576119,50.7706354272119,0.747517355815398,0.000391166121403255,2023.46153846154,76,0,3443222,0.813191830210193,2019-06-16,79.8826417651718
"1650",1650,24,25,2023,"UT",16.3080019254078,11.8798657271833,46.6626344458816,0.529926423678655,0.00033528524691717,2023.48076923077,77,0,3443222,0.697021568751594,2019-06-23,84.4723010749059
"1651",1651,17,26,2023,"UT",18.4715265549905,9.71634109760064,40.5455090831849,0.360521959471856,0.000279404372431085,2023.5,78,0,3443222,0.493723611199046,2019-06-30,73.1135039180441
"1652",1652,34,27,2023,"UT",22.2127920824222,5.97507557016895,34.2590177819266,0.243452579106699,0.000223523497945,2023.51923076923,79,1,3443222,0.987447222398091,2019-07-07,88.1288328660061
"1653",1653,31,28,2023,"UT",23.9142217100897,4.2736459425014,31.2679821016608,0.153716709461726,0.000167642623458915,2023.53846153846,80,1,3443222,0.900319526304142,2019-07-14,97.984452949312
"1654",1654,31,29,2023,"UT",25.0806989936041,3.10716865898698,30.6471896611884,0.176467894689002,0.00011176174897217,2023.55769230769,81,1,3443222,0.900319526304142,2019-07-21,98.0827172903329
"1655",1655,38,30,2023,"UT",27.0017502962288,1.18611735636227,35.4781996490751,0.209788023198686,5.58808744860849e-05,2023.57692307692,82,1,3443222,1.10361748385669,2019-07-28,101.560332791314
"1656",1656,28,31,2023,"UT",23.4460713338524,4.74179631873871,39.2664315208837,0.243557603351722,0,2023.59615384615,83,1,3443222,0.813191830210193,2019-08-04,69.9145565116768
"1657",1657,45,32,2023,"UT",20.5832228025645,7.60464485002658,43.9603636824802,0.284793543813686,0,2023.61538461538,84,0,3443222,1.30691544140924,2019-08-11,55.5842402530072
"1658",1658,45,33,2023,"UT",23.6409763207024,4.5468913318887,48.2180346226453,0.294303666581732,0,2023.63461538462,85,0,3443222,1.30691544140924,2019-08-18,61.7672660127358
"1659",1659,52,34,2023,"UT",20.6871050014687,7.50076265112241,46.6862800975405,0.303955628306625,0,2023.65384615385,86,0,3443222,1.51021339896179,2019-08-25,57.9397353175648
"1660",1660,62,35,2023,"UT",22.652692831728,5.53517482086313,47.0988089014938,0.299431669581482,0,2023.67307692308,87,0,3443222,1.80063905260828,2019-09-01,52.6189166206833
"1661",1661,72,36,2023,"UT",17.9652051574959,10.2226624950952,46.4073728636931,0.294938993274114,0.0014729798169954,2023.69230769231,88,0,3443222,2.09106470625478,2019-09-08,54.880107496899
"1662",1662,65,37,2023,"UT",17.9148828558835,10.2729847967077,44.6433509938439,0.293607592809,0.0023646203299721,2023.71153846154,89,0,3443222,1.88776674870223,2019-09-15,54.9606757366826
"1663",1663,103,38,2023,"UT",16.3544539573415,11.8334136952496,47.3825456610794,0.292278927309071,0.0032665787632315,2023.73076923077,90,0,3443222,2.99138423255892,2019-09-22,64.8427735444508
"1664",1664,100,39,2023,"UT",14.6409596130612,13.5469080395299,51.8060059615255,0.301389848157367,0.00399272138980099,2023.75,91,0,3443222,2.90425653646497,2019-09-29,59.0592387753364
"1665",1665,83,40,2023,"UT",10.6873144784524,17.5005531741387,55.6050890605829,0.310630150159628,0.0107129618723371,2023.76923076923,92,0,3443222,2.41053292526593,2019-10-06,105.3689970509
"1666",1666,83,41,2023,"UT",10.4176629544182,17.7702046981729,57.7691477248647,0.2789671183251,0.0105428930190573,2023.78846153846,93,0,3443222,2.41053292526593,2019-10-13,127.378122730694
"1667",1667,100,42,2023,"UT",11.2003819489611,16.98748570363,59.110250566905,0.248797869813624,0.00960277888114823,2023.80769230769,94,0,3443222,2.90425653646497,2019-10-20,125.511655814575
"1668",1668,90,43,2023,"UT",9.64773106762449,18.5401365849666,56.3855213587746,0.236842321092687,0.00823988586209092,2023.82692307692,95,0,3443222,2.61383088281848,2019-10-27,134.097483151608
"1669",1669,55,44,2023,"UT",2.87338146506236,25.3144861875288,54.9036814981975,0.267580832500968,0.00680148036536644,2023.84615384615,96,0,3443222,1.59734109505574,2019-11-03,139.803268151386
"1670",1670,103,45,2023,"UT",5.44335590442852,22.7445117481626,59.4810438166884,0.308554100166101,0.00909666947076431,2023.86538461538,97,0,3443222,2.99138423255892,2019-11-10,130.483184075459
"1671",1671,117,46,2023,"UT",4.67572373827374,23.5121439143174,65.1503971270977,0.352264687755368,0.00758294586884259,2023.88461538462,98,0,3443222,3.39798014766402,2019-11-17,146.59256275591
"1672",1672,155,47,2023,"UT",0.204244921468787,27.9836227311223,72.1727668332695,0.385131167083063,0.00643875334825868,2023.90384615385,99,0,3443222,4.50159763152071,2019-11-24,144.165548494635
"1673",1673,103,48,2023,"UT",-6.51600018476656,34.7038678373577,76.3301366191753,0.419635067860171,0.00558163131213442,2023.92307692308,100,0,3443222,2.99138423255892,2019-12-01,131.790816039636
"1674",1674,196,49,2023,"UT",-1.79059163716029,29.9784592897514,77.2446097311587,0.401693289194669,0.00409504686523376,2023.94230769231,101,0,3443222,5.69234281147135,2019-12-08,147.563862567225
"1675",1675,141,50,2023,"UT",-4.97671869908018,33.1645863516713,76.6341918954744,0.384199357783329,0.00367131910935496,2023.96153846154,102,0,3443222,4.09500171641561,2019-12-15,156.616694979735
"1676",1676,138,51,2023,"UT",-2.49390972022324,30.6817773728144,75.5251021054318,0.31224269489858,0.00332343752200017,2023.98076923077,103,0,3443222,4.00787402032166,2019-12-22,130.963920072374
"1677",1677,169,52,2023,"UT",-5.97400018546614,34.1618678380573,76.2937329832392,0.547705728997422,0.00301019650341112,2024,104,0,3443222,4.90819354662581,2019-12-29,95.7981023006376
"1678",1678,158,1,2024,"UT",-4.30946326415727,32.4973309167484,77.9588131245324,1.20363031500593,0.00236813806868106,2024.01923076923,105,0,3443222,4.58872532761466,2019-01-06,106.077371754659
"1679",1679,152,53,2023,"UT",-3.17403499819744,31.3619026507886,77.2812236504377,0.818323510941652,0.00236813806868106,2024.01923076923,106,0,3443222,4.41446993542676,NA,100
"1680",1680,96,2,2024,"UT",-7.55720031206056,35.7450679646517,78.9825693131956,1.6534786820556,0.00205981422080244,2024.03846153846,107,0,3443222,2.78808627500637,2019-01-13,114.17038775931
"1681",1681,93,3,2024,"UT",-3.8015101548899,31.989377807481,79.9504901451813,2.33410095297979,0.00174322990865855,2024.05769230769,108,0,3443222,2.70095857891243,2019-01-20,112.509146994553
"1682",1682,90,4,2024,"UT",-0.914393719386556,29.1022613719777,80.2815179387036,2.99166227503025,0.00144341568785611,2024.07692307692,109,0,3443222,2.61383088281848,2019-01-27,110.429752491045
"1683",1683,86,5,2024,"UT",0.52571135678876,27.6621562958024,79.5047817072678,3.97231755560851,0.00118540211400184,2024.09615384615,110,0,3443222,2.49766062135988,2019-02-03,112.713794406685
"1684",1684,45,6,2024,"UT",-2.58756386100517,30.7754315135963,79.2683866205086,3.43934296876479,0.00122132342303459,2024.11538461538,111,0,3443222,1.30691544140924,2019-02-10,111.564744681048
"1685",1685,34,7,2024,"UT",-3.80489793592043,31.9927655885115,75.7121948299091,3.00956432606752,0.00105809293805387,2024.13461538462,112,0,3443222,0.987447222398091,2019-02-17,90.2138425692042
"1686",1686,103,8,2024,"UT",-1.11364794238091,29.301515594972,72.2141173217722,2.65076012277555,0.000948806229928536,2024.15384615385,113,0,3443222,2.99138423255892,2019-02-24,106.736196269312
"1687",1687,55,9,2024,"UT",-0.0636853647196092,28.2515530173107,69.7824984591383,2.35089804189597,0.000871777408982997,2024.17307692308,114,0,3443222,1.59734109505574,2019-03-03,114.577081263695
"1688",1688,69,10,2024,"UT",-3.35850571739516,31.5463733699863,66.2637602889407,2.00397672194208,0.000707033955844278,2024.19230769231,115,0,3443222,2.00393701016083,2019-03-10,95.5585886533391
"1689",1689,62,11,2024,"UT",0.408646465509176,27.7792211870819,66.3545390669984,1.72215020000902,0.000651002052275516,2024.21153846154,116,0,3443222,1.80063905260828,2019-03-17,92.179928766626
"1690",1690,41,12,2024,"UT",4.89544108099946,23.2924265715917,67.8023061835146,1.64667083715328,0.00059686150721061,2024.23076923077,117,0,3443222,1.19074517995064,2019-03-24,99.6735668380859
"1691",1691,62,13,2024,"UT",0.977874317996914,27.2099933345942,65.7866883425772,1.57526430387635,0.000545102484669599,2024.25,118,0,3443222,1.80063905260828,2019-03-31,112.824561794766
"1692",1692,48,14,2024,"UT",3.85832818129611,24.329539471295,64.1743029960118,1.22544301772926,0.000410872565785664,2024.26923076923,119,0,3443222,1.39404313750319,2019-04-07,109.55395970449
"1693",1693,45,15,2024,"UT",4.69697054136564,23.4908971112255,62.5544947262284,0.959294450533707,0.000373028088538062,2024.28846153846,120,0,3443222,1.30691544140924,2019-04-14,100.225317520267
"1694",1694,24,16,2024,"UT",6.18776839304561,22.0000992595455,60.3009615473492,0.669789556923009,0.00033768843092115,2024.30769230769,121,0,3443222,0.697021568751594,2019-04-21,80.3166550172896
"1695",1695,31,17,2024,"UT",9.179592371419,19.0082752811721,60.4600937189892,0.454824958463838,0.000304660342383089,2024.32692307692,122,0,3443222,0.900319526304142,2019-04-28,83.2436161123508
"1696",1696,28,18,2024,"UT",6.35308920580083,21.8347784467903,60.5153386487962,0.355067399287746,0.000273750572372042,2024.34615384615,123,0,3443222,0.813191830210193,2019-05-05,103.632892061818
"1697",1697,24,19,2024,"UT",4.75417922949207,23.433688423099,58.0400610780006,0.26811272513043,0.00031204664749248,2024.36538461538,124,0,3443222,0.697021568751594,2019-05-12,96.9418816459717
"1698",1698,24,20,2024,"UT",12.416467656231,15.7713999963601,54.0085557637452,0.210311254545011,0.000280898702381396,2024.38461538462,125,0,3443222,0.697021568751594,2019-05-19,107.063018797991
"1699",1699,31,21,2024,"UT",9.62266433843681,18.5652033141543,51.032127404862,0.271424442348461,0.000258564761414513,2024.40384615385,126,0,3443222,0.900319526304142,2019-05-26,92.1585034311793
"1700",1700,21,22,2024,"UT",13.5417191527846,14.6461484998065,45.9452088000514,0.282414102574552,0.0002484898887116,2024.42307692308,127,0,3443222,0.609893872657644,2019-06-02,84.3373231544004
"1701",1701,59,23,2024,"UT",18.7589036931783,9.4289639594128,42.4201345183011,0.293595399263866,0.000224638360257369,2024.44230769231,128,0,3443222,1.71351135651433,2019-06-09,92.3713572030195
"1702",1702,45,24,2024,"UT",22.6387279728273,5.54913967976381,38.2699455120261,0.371650776951327,0.000231074159463234,2024.46153846154,129,1,3443222,1.30691544140924,2019-06-16,79.8826417651718
"1703",1703,45,25,2024,"UT",17.3603941317045,10.8274735208867,34.6389752103511,0.459730739395827,0.000210656440206013,2024.48076923077,130,1,3443222,1.30691544140924,2019-06-23,84.4723010749059
"1704",1704,34,26,2024,"UT",23.5025997912383,4.68526786135283,30.020816485029,0.424525056346747,0.000133631040073394,2024.5,131,1,3443222,0.987447222398091,2019-06-30,73.1135039180441
"1705",1705,93,27,2024,"UT",21.2421001656259,6.9457674869652,28.8192648544744,0.390977557686438,0,2024.51923076923,132,1,3443222,2.70095857891243,2019-07-07,88.1288328660061
"1706",1706,65,28,2024,"UT",25.2233778007025,2.96448985188865,28.6523122249688,0.401060431341844,0,2024.53846153846,133,1,3443222,1.88776674870223,2019-07-14,97.984452949312
"1707",1707,69,29,2024,"UT",25.8192928099813,2.36857484260985,28.1781147560515,0.411290549160512,0,2024.55769230769,134,1,3443222,2.00393701016083,2019-07-21,98.0827172903329
"1708",1708,76,30,2024,"UT",25.4128270876685,2.77504056492264,29.4258575818963,0.380147114532638,0,2024.57692307692,135,1,3443222,2.20723496771338,2019-07-28,101.560332791314
"1709",1709,90,31,2024,"UT",24.43876582991,3.74910182268112,33.701866580391,0.350348508897038,0,2024.59615384615,136,1,3443222,2.61383088281848,2019-08-04,69.9145565116768
"1710",1710,103,32,2024,"UT",26.1191830995062,2.06868455308491,36.1094623028506,0.345104294199393,0.000130347842376874,2024.61538461538,137,1,3443222,2.99138423255892,2019-08-11,55.5842402530072
"1711",1711,103,33,2024,"UT",21.6693766912215,6.51849096136966,36.3421021777716,0.431615817525562,0.000291627534331882,2024.63461538462,138,1,3443222,2.99138423255892,2019-08-18,61.7672660127358
"1712",1712,72,34,2024,"UT",22.288554902489,5.89931275010215,36.8607205411772,0.455006611600387,0.000485218230385587,2024.65384615385,139,1,3443222,2.09106470625478,2019-08-25,57.9397353175648
"1713",1713,121,35,2024,"UT",18.6878456664318,9.50002198615933,36.0750474202213,0.479174453715604,0.000692186462905657,2024.67307692308,140,1,3443222,3.51415040912262,2019-09-01,52.6189166206833
"1714",1714,131,36,2024,"UT",20.9499093149865,7.23795833760464,34.7884043167481,0.57097951188927,0.00591963778411808,2024.69230769231,141,1,3443222,3.80457606276912,2019-09-08,54.880107496899
"1715",1715,103,37,2024,"UT",18.9911367965627,9.19673085602844,36.7600496179548,0.674934425369464,0.00709443392165214,2024.71153846154,142,1,3443222,2.99138423255892,2019-09-15,54.9606757366826
"1716",1716,93,38,2024,"UT",15.6818008046034,12.5060668479877,36.5045440193472,0.71222922572939,0.0079917717658976,2024.73076923077,143,1,3443222,2.70095857891243,2019-09-22,64.8427735444508
