system:index,ALAND,AWATER,CBSAFP,CLASSFP,COUNTYFP,COUNTYNS,CSAFP,FUNCSTAT,GEOID,INTPTLAT,INTPTLON,LSAD,METDIVFP,MTFCC,NAME,NAMELSAD,STATEFP,date,mean,system:time_start,.geo
0_00000000000000000021,1857233047,225282636,41860,H1,013,01675903,488,A,06013,+37.9194790,-121.9515431,06,36084,G4020,Contra Costa,Contra Costa County,06,2022-01-01,68.84213655577601,1640995200000,"{""type"":""MultiPoint"",""coordinates"":[]}"
0_00000000000000000023,1909598013,216923745,41860,H1,001,01675839,488,A,06001,+37.6471385,-121.9124880,06,36084,G4020,Alameda,Alameda County,06,2022-01-01,68.7056406248092,1640995200000,"{""type"":""MultiPoint"",""coordinates"":[]}"
0_0000000000000000001f,121375681,479216672,41860,H6,075,00277302,488,C,06075,+37.7272391,-123.0322294,06,41884,G4020,San Francisco,San Francisco County,06,2022-01-01,71.61914789430733,1640995200000,"{""type"":""MultiPoint"",""coordinates"":[]}"
1_00000000000000000021,1857233047,225282636,41860,H1,013,01675903,488,A,06013,+37.9194790,-121.9515431,06,36084,G4020,Contra Costa,Contra Costa County,06,2022-01-02,77.55016747528074,1641081600000,"{""type"":""MultiPoint"",""coordinates"":[]}"
1_00000000000000000023,1909598013,216923745,41860,H1,001,01675839,488,A,06001,+37.6471385,-121.9124880,06,36084,G4020,Alameda,Alameda County,06,2022-01-02,71.4343020689595,1641081600000,"{""type"":""MultiPoint"",""coordinates"":[]}"
1_0000000000000000001f,121375681,479216672,41860,H6,075,00277302,488,C,06075,+37.7272391,-123.0322294,06,41884,G4020,San Francisco,San Francisco County,06,2022-01-02,75.20769725034792,1641081600000,"{""type"":""MultiPoint"",""coordinates"":[]}"
2_00000000000000000021,1857233047,225282636,41860,H1,013,01675903,488,A,06013,+37.9194790,-121.9515431,06,36084,G4020,Contra Costa,Contra Costa County,06,2022-01-03,86.22190235211013,1641168000000,"{""type"":""MultiPoint"",""coordinates"":[]}"
2_00000000000000000023,1909598013,216923745,41860,H1,001,01675839,488,A,06001,+37.6471385,-121.9124880,06,36084,G4020,Alameda,Alameda County,06,2022-01-03,85.93932219497793,1641168000000,"{""type"":""MultiPoint"",""coordinates"":[]}"
2_0000000000000000001f,121375681,479216672,41860,H6,075,00277302,488,C,06075,+37.7272391,-123.0322294,06,41884,G4020,San Francisco,San Francisco County,06,2022-01-03,86.16399506963424,1641168000000,"{""type"":""MultiPoint"",""coordinates"":[]}"
3_00000000000000000021,1857233047,225282636,41860,H1,013,01675903,488,A,06013,+37.9194790,-121.9515431,06,36084,G4020,Contra Costa,Contra Costa County,06,2022-01-04,88.88557572683861,1641254400000,"{""type"":""MultiPoint"",""coordinates"":[]}"
3_00000000000000000023,1909598013,216923745,41860,H1,001,01675839,488,A,06001,+37.6471385,-121.9124880,06,36084,G4020,Alameda,Alameda County,06,2022-01-04,90.43515001689948,1641254400000,"{""type"":""MultiPoint"",""coordinates"":[]}"
3_0000000000000000001f,121375681,479216672,41860,H6,075,00277302,488,C,06075,+37.7272391,-123.0322294,06,41884,G4020,San Francisco,San Francisco County,06,2022-01-04,93.11419219807664,1641254400000,"{""type"":""MultiPoint"",""coordinates"":[]}"
4_00000000000000000021,1857233047,225282636,41860,H1,013,01675903,488,A,06013,+37.9194790,-121.9515431,06,36084,G4020,Contra Costa,Contra Costa County,06,2022-01-05,95.09381423496689,1641340800000,"{""type"":""MultiPoint"",""coordinates"":[]}"
4_00000000000000000023,1909598013,216923745,41860,H1,001,01675839,488,A,06001,+37.6471385,-121.9124880,06,36084,G4020,Alameda,Alameda County,06,2022-01-05,94.39612985362722,1641340800000,"{""type"":""MultiPoint"",""coordinates"":[]}"
4_0000000000000000001f,121375681,479216672,41860,H6,075,00277302,488,C,06075,+37.7272391,-123.0322294,06,41884,G4020,San Francisco,San Francisco County,06,2022-01-05,97.37445392229328,1641340800000,"{""type"":""MultiPoint"",""coordinates"":[]}"
5_00000000000000000021,1857233047,225282636,41860,H1,013,01675903,488,A,06013,+37.9194790,-121.9515431,06,36084,G4020,Contra Costa,Contra Costa County,06,2022-01-06,96.76155237675968,1641427200000,"{""type"":""MultiPoint"",""coordinates"":[]}"
5_00000000000000000023,1909598013,216923745,41860,H1,001,01675839,488,A,06001,+37.6471385,-121.9124880,06,36084,G4020,Alameda,Alameda County,06,2022-01-06,95.57257477015122,1641427200000,"{""type"":""MultiPoint"",""coordinates"":[]}"
5_0000000000000000001f,121375681,479216672,41860,H6,075,00277302,488,C,06075,+37.7272391,-123.0322294,06,41884,G4020,San Francisco,San Francisco County,06,2022-01-06,98.0463380348785,1641427200000,"{""type"":""MultiPoint"",""coordinates"":[]}"
6_00000000000000000021,1857233047,225282636,41860,H1,013,01675903,488,A,06013,+37.9194790,-121.9515431,06,36084,G4020,Contra Costa,Contra Costa County,06,2022-01-07,88.954728097636,1641513600000,"{""type"":""MultiPoint"",""coordinates"":[]}"
6_00000000000000000023,1909598013,216923745,41860,H1,001,01675839,488,A,06001,+37.6471385,-121.9124880,06,36084,G4020,Alameda,Alameda County,06,2022-01-07,89.89981189965395,1641513600000,"{""type"":""MultiPoint"",""coordinates"":[]}"
6_0000000000000000001f,121375681,479216672,41860,H6,075,00277302,488,C,06075,+37.7272391,-123.0322294,06,41884,G4020,San Francisco,San Francisco County,06,2022-01-07,91.26215906656323,1641513600000,"{""type"":""MultiPoint"",""coordinates"":[]}"
7_00000000000000000021,1857233047,225282636,41860,H1,013,01675903,488,A,06013,+37.9194790,-121.9515431,06,36084,G4020,Contra Costa,Contra Costa County,06,2022-01-08,90.0543526967093,1641600000000,"{""type"":""MultiPoint"",""coordinates"":[]}"
7_00000000000000000023,1909598013,216923745,41860,H1,001,01675839,488,A,06001,+37.6471385,-121.9124880,06,36084,G4020,Alameda,Alameda County,06,2022-01-08,90.79712349843793,1641600000000,"{""type"":""MultiPoint"",""coordinates"":[]}"
7_0000000000000000001f,121375681,479216672,41860,H6,075,00277302,488,C,06075,+37.7272391,-123.0322294,06,41884,G4020,San Francisco,San Francisco County,06,2022-01-08,89.69910995286317,1641600000000,"{""type"":""MultiPoint"",""coordinates"":[]}"
8_00000000000000000021,1857233047,225282636,41860,H1,013,01675903,488,A,06013,+37.9194790,-121.9515431,06,36084,G4020,Contra Costa,Contra Costa County,06,2022-01-09,86.70145984763833,1641686400000,"{""type"":""MultiPoint"",""coordinates"":[]}"
8_00000000000000000023,1909598013,216923745,41860,H1,001,01675839,488,A,06001,+37.6471385,-121.9124880,06,36084,G4020,Alameda,Alameda County,06,2022-01-09,84.45346116766126,1641686400000,"{""type"":""MultiPoint"",""coordinates"":[]}"
8_0000000000000000001f,121375681,479216672,41860,H6,075,00277302,488,C,06075,+37.7272391,-123.0322294,06,41884,G4020,San Francisco,San Francisco County,06,2022-01-09,87.08088116264109,1641686400000,"{""type"":""MultiPoint"",""coordinates"":[]}"
9_00000000000000000021,1857233047,225282636,41860,H1,013,01675903,488,A,06013,+37.9194790,-121.9515431,06,36084,G4020,Contra Costa,Contra Costa County,06,2022-01-10,82.24810883189184,1641772800000,"{""type"":""MultiPoint"",""coordinates"":[]}"
9_00000000000000000023,1909598013,216923745,41860,H1,001,01675839,488,A,06001,+37.6471385,-121.9124880,06,36084,G4020,Alameda,Alameda County,06,2022-01-10,78.93530086973043,1641772800000,"{""type"":""MultiPoint"",""coordinates"":[]}"
9_0000000000000000001f,121375681,479216672,41860,H6,075,00277302,488,C,06075,+37.7272391,-123.0322294,06,41884,G4020,San Francisco,San Francisco County,06,2022-01-10,84.0851776770871,1641772800000,"{""type"":""MultiPoint"",""coordinates"":[]}"
10_00000000000000000021,1857233047,225282636,41860,H1,013,01675903,488,A,06013,+37.9194790,-121.9515431,06,36084,G4020,Contra Costa,Contra Costa County,06,2022-01-11,75.02950049745286,1641859200000,"{""type"":""MultiPoint"",""coordinates"":[]}"
10_00000000000000000023,1909598013,216923745,41860,H1,001,01675839,488,A,06001,+37.6471385,-121.9124880,06,36084,G4020,Alameda,Alameda County,06,2022-01-11,67.06901939848078,1641859200000,"{""type"":""MultiPoint"",""coordinates"":[]}"
10_0000000000000000001f,121375681,479216672,41860,H6,075,00277302,488,C,06075,+37.7272391,-123.0322294,06,41884,G4020,San Francisco,San Francisco County,06,2022-01-11,81.99457372122959,1641859200000,"{""type"":""MultiPoint"",""coordinates"":[]}"
11_00000000000000000021,1857233047,225282636,41860,H1,013,01675903,488,A,06013,+37.9194790,-121.9515431,06,36084,G4020,Contra Costa,Contra Costa County,06,2022-01-12,82.98710976259454,1641945600000,"{""type"":""MultiPoint"",""coordinates"":[]}"
11_00000000000000000023,1909598013,216923745,41860,H1,001,01675839,488,A,06001,+37.6471385,-121.9124880,06,36084,G4020,Alameda,Alameda County,06,2022-01-12,74.3589776159886,1641945600000,"{""type"":""MultiPoint"",""coordinates"":[]}"
11_0000000000000000001f,121375681,479216672,41860,H6,075,00277302,488,C,06075,+37.7272391,-123.0322294,06,41884,G4020,San Francisco,San Francisco County,06,2022-01-12,85.2713906701083,1641945600000,"{""type"":""MultiPoint"",""coordinates"":[]}"
12_00000000000000000021,1857233047,225282636,41860,H1,013,01675903,488,A,06013,+37.9194790,-121.9515431,06,36084,G4020,Contra Costa,Contra Costa County,06,2022-01-13,86.84862473150606,1642032000000,"{""type"":""MultiPoint"",""coordinates"":[]}"
12_00000000000000000023,1909598013,216923745,41860,H1,001,01675839,488,A,06001,+37.6471385,-121.9124880,06,36084,G4020,Alameda,Alameda County,06,2022-01-13,76.1287507497458,1642032000000,"{""type"":""MultiPoint"",""coordinates"":[]}"
12_0000000000000000001f,121375681,479216672,41860,H6,075,00277302,488,C,06075,+37.7272391,-123.0322294,06,41884,G4020,San Francisco,San Francisco County,06,2022-01-13,88.49844731405314,1642032000000,"{""type"":""MultiPoint"",""coordinates"":[]}"
13_00000000000000000021,1857233047,225282636,41860,H1,013,01675903,488,A,06013,+37.9194790,-121.9515431,06,36084,G4020,Contra Costa,Contra Costa County,06,2022-01-14,80.20133384079998,1642118400000,"{""type"":""MultiPoint"",""coordinates"":[]}"
13_00000000000000000023,1909598013,216923745,41860,H1,001,01675839,488,A,06001,+37.6471385,-121.9124880,06,36084,G4020,Alameda,Alameda County,06,2022-01-14,80.50283967318953,1642118400000,"{""type"":""MultiPoint"",""coordinates"":[]}"
13_0000000000000000001f,121375681,479216672,41860,H6,075,00277302,488,C,06075,+37.7272391,-123.0322294,06,41884,G4020,San Francisco,San Francisco County,06,2022-01-14,85.37932716818855,1642118400000,"{""type"":""MultiPoint"",""coordinates"":[]}"
14_00000000000000000021,1857233047,225282636,41860,H1,013,01675903,488,A,06013,+37.9194790,-121.9515431,06,36084,G4020,Contra Costa,Contra Costa County,06,2022-01-15,79.27020693507397,1642204800000,"{""type"":""MultiPoint"",""coordinates"":[]}"
14_00000000000000000023,1909598013,216923745,41860,H1,001,01675839,488,A,06001,+37.6471385,-121.9124880,06,36084,G4020,Alameda,Alameda County,06,2022-01-15,75.32226758169114,1642204800000,"{""type"":""MultiPoint"",""coordinates"":[]}"
14_0000000000000000001f,121375681,479216672,41860,H6,075,00277302,488,C,06075,+37.7272391,-123.0322294,06,41884,G4020,San Francisco,San Francisco County,06,2022-01-15,76.27832978683132,1642204800000,"{""type"":""MultiPoint"",""coordinates"":[]}"
15_00000000000000000021,1857233047,225282636,41860,H1,013,01675903,488,A,06013,+37.9194790,-121.9515431,06,36084,G4020,Contra Costa,Contra Costa County,06,2022-01-16,77.79115772624225,1642291200000,"{""type"":""MultiPoint"",""coordinates"":[]}"
15_00000000000000000023,1909598013,216923745,41860,H1,001,01675839,488,A,06001,+37.6471385,-121.9124880,06,36084,G4020,Alameda,Alameda County,06,2022-01-16,69.78685088900392,1642291200000,"{""type"":""MultiPoint"",""coordinates"":[]}"
15_0000000000000000001f,121375681,479216672,41860,H6,075,00277302,488,C,06075,+37.7272391,-123.0322294,06,41884,G4020,San Francisco,San Francisco County,06,2022-01-16,81.12956148246158,1642291200000,"{""type"":""MultiPoint"",""coordinates"":[]}"
16_00000000000000000021,1857233047,225282636,41860,H1,013,01675903,488,A,06013,+37.9194790,-121.9515431,06,36084,G4020,Contra Costa,Contra Costa County,06,2022-01-17,78.93368689176371,1642377600000,"{""type"":""MultiPoint"",""coordinates"":[]}"
16_00000000000000000023,1909598013,216923745,41860,H1,001,01675839,488,A,06001,+37.6471385,-121.9124880,06,36084,G4020,Alameda,Alameda County,06,2022-01-17,71.12158799279067,1642377600000,"{""type"":""MultiPoint"",""coordinates"":[]}"
16_0000000000000000001f,121375681,479216672,41860,H6,075,00277302,488,C,06075,+37.7272391,-123.0322294,06,41884,G4020,San Francisco,San Francisco County,06,2022-01-17,82.70275921322217,1642377600000,"{""type"":""MultiPoint"",""coordinates"":[]}"
17_00000000000000000021,1857233047,225282636,41860,H1,013,01675903,488,A,06013,+37.9194790,-121.9515431,06,36084,G4020,Contra Costa,Contra Costa County,06,2022-01-18,86.5222226225892,1642464000000,"{""type"":""MultiPoint"",""coordinates"":[]}"
17_00000000000000000023,1909598013,216923745,41860,H1,001,01675839,488,A,06001,+37.6471385,-121.9124880,06,36084,G4020,Alameda,Alameda County,06,2022-01-18,79.52733505666437,1642464000000,"{""type"":""MultiPoint"",""coordinates"":[]}"
17_0000000000000000001f,121375681,479216672,41860,H6,075,00277302,488,C,06075,+37.7272391,-123.0322294,06,41884,G4020,San Francisco,San Francisco County,06,2022-01-18,89.89627673949876,1642464000000,"{""type"":""MultiPoint"",""coordinates"":[]}"
18_00000000000000000021,1857233047,225282636,41860,H1,013,01675903,488,A,06013,+37.9194790,-121.9515431,06,36084,G4020,Contra Costa,Contra Costa County,06,2022-01-19,89.91399540070935,1642550400000,"{""type"":""MultiPoint"",""coordinates"":[]}"
18_00000000000000000023,1909598013,216923745,41860,H1,001,01675839,488,A,06001,+37.6471385,-121.9124880,06,36084,G4020,Alameda,Alameda County,06,2022-01-19,85.62360288666126,1642550400000,"{""type"":""MultiPoint"",""coordinates"":[]}"
18_0000000000000000001f,121375681,479216672,41860,H6,075,00277302,488,C,06075,+37.7272391,-123.0322294,06,41884,G4020,San Francisco,San Francisco County,06,2022-01-19,94.02350027451531,1642550400000,"{""type"":""MultiPoint"",""coordinates"":[]}"
19_00000000000000000021,1857233047,225282636,41860,H1,013,01675903,488,A,06013,+37.9194790,-121.9515431,06,36084,G4020,Contra Costa,Contra Costa County,06,2022-01-20,88.17333609320123,1642636800000,"{""type"":""MultiPoint"",""coordinates"":[]}"
19_00000000000000000023,1909598013,216923745,41860,H1,001,01675839,488,A,06001,+37.6471385,-121.9124880,06,36084,G4020,Alameda,Alameda County,06,2022-01-20,78.15972369224012,1642636800000,"{""type"":""MultiPoint"",""coordinates"":[]}"
19_0000000000000000001f,121375681,479216672,41860,H6,075,00277302,488,C,06075,+37.7272391,-123.0322294,06,41884,G4020,San Francisco,San Francisco County,06,2022-01-20,92.51513775586182,1642636800000,"{""type"":""MultiPoint"",""coordinates"":[]}"
20_00000000000000000021,1857233047,225282636,41860,H1,013,01675903,488,A,06013,+37.9194790,-121.9515431,06,36084,G4020,Contra Costa,Contra Costa County,06,2022-01-21,71.0675588883534,1642723200000,"{""type"":""MultiPoint"",""coordinates"":[]}"
20_00000000000000000023,1909598013,216923745,41860,H1,001,01675839,488,A,06001,+37.6471385,-121.9124880,06,36084,G4020,Alameda,Alameda County,06,2022-01-21,69.19992927935088,1642723200000,"{""type"":""MultiPoint"",""coordinates"":[]}"
20_0000000000000000001f,121375681,479216672,41860,H6,075,00277302,488,C,06075,+37.7272391,-123.0322294,06,41884,G4020,San Francisco,San Francisco County,06,2022-01-21,75.46908699556259,1642723200000,"{""type"":""MultiPoint"",""coordinates"":[]}"
21_00000000000000000021,1857233047,225282636,41860,H1,013,01675903,488,A,06013,+37.9194790,-121.9515431,06,36084,G4020,Contra Costa,Contra Costa County,06,2022-01-22,41.10816086025278,1642809600000,"{""type"":""MultiPoint"",""coordinates"":[]}"
21_00000000000000000023,1909598013,216923745,41860,H1,001,01675839,488,A,06001,+37.6471385,-121.9124880,06,36084,G4020,Alameda,Alameda County,06,2022-01-22,48.32112874071201,1642809600000,"{""type"":""MultiPoint"",""coordinates"":[]}"
21_0000000000000000001f,121375681,479216672,41860,H6,075,00277302,488,C,06075,+37.7272391,-123.0322294,06,41884,G4020,San Francisco,San Francisco County,06,2022-01-22,43.124079195294044,1642809600000,"{""type"":""MultiPoint"",""coordinates"":[]}"
22_00000000000000000021,1857233047,225282636,41860,H1,013,01675903,488,A,06013,+37.9194790,-121.9515431,06,36084,G4020,Contra Costa,Contra Costa County,06,2022-01-23,71.7414399387324,1642896000000,"{""type"":""MultiPoint"",""coordinates"":[]}"
22_00000000000000000023,1909598013,216923745,41860,H1,001,01675839,488,A,06001,+37.6471385,-121.9124880,06,36084,G4020,Alameda,Alameda County,06,2022-01-23,64.17244540787323,1642896000000,"{""type"":""MultiPoint"",""coordinates"":[]}"
22_0000000000000000001f,121375681,479216672,41860,H6,075,00277302,488,C,06075,+37.7272391,-123.0322294,06,41884,G4020,San Francisco,San Francisco County,06,2022-01-23,73.17864483845723,1642896000000,"{""type"":""MultiPoint"",""coordinates"":[]}"
23_00000000000000000021,1857233047,225282636,41860,H1,013,01675903,488,A,06013,+37.9194790,-121.9515431,06,36084,G4020,Contra Costa,Contra Costa County,06,2022-01-24,78.95309811874667,1642982400000,"{""type"":""MultiPoint"",""coordinates"":[]}"
23_00000000000000000023,1909598013,216923745,41860,H1,001,01675839,488,A,06001,+37.6471385,-121.9124880,06,36084,G4020,Alameda,Alameda County,06,2022-01-24,67.94941247329508,1642982400000,"{""type"":""MultiPoint"",""coordinates"":[]}"
23_0000000000000000001f,121375681,479216672,41860,H6,075,00277302,488,C,06075,+37.7272391,-123.0322294,06,41884,G4020,San Francisco,San Francisco County,06,2022-01-24,84.94101915673902,1642982400000,"{""type"":""MultiPoint"",""coordinates"":[]}"
24_00000000000000000021,1857233047,225282636,41860,H1,013,01675903,488,A,06013,+37.9194790,-121.9515431,06,36084,G4020,Contra Costa,Contra Costa County,06,2022-01-25,83.33797537404743,1643068800000,"{""type"":""MultiPoint"",""coordinates"":[]}"
24_00000000000000000023,1909598013,216923745,41860,H1,001,01675839,488,A,06001,+37.6471385,-121.9124880,06,36084,G4020,Alameda,Alameda County,06,2022-01-25,81.05816950027857,1643068800000,"{""type"":""MultiPoint"",""coordinates"":[]}"
24_0000000000000000001f,121375681,479216672,41860,H6,075,00277302,488,C,06075,+37.7272391,-123.0322294,06,41884,G4020,San Francisco,San Francisco County,06,2022-01-25,91.75816982571499,1643068800000,"{""type"":""MultiPoint"",""coordinates"":[]}"
25_00000000000000000021,1857233047,225282636,41860,H1,013,01675903,488,A,06013,+37.9194790,-121.9515431,06,36084,G4020,Contra Costa,Contra Costa County,06,2022-01-26,81.91829938214882,1643155200000,"{""type"":""MultiPoint"",""coordinates"":[]}"
25_00000000000000000023,1909598013,216923745,41860,H1,001,01675839,488,A,06001,+37.6471385,-121.9124880,06,36084,G4020,Alameda,Alameda County,06,2022-01-26,73.06647408380312,1643155200000,"{""type"":""MultiPoint"",""coordinates"":[]}"
25_0000000000000000001f,121375681,479216672,41860,H6,075,00277302,488,C,06075,+37.7272391,-123.0322294,06,41884,G4020,San Francisco,San Francisco County,06,2022-01-26,88.01461878995842,1643155200000,"{""type"":""MultiPoint"",""coordinates"":[]}"
26_00000000000000000021,1857233047,225282636,41860,H1,013,01675903,488,A,06013,+37.9194790,-121.9515431,06,36084,G4020,Contra Costa,Contra Costa County,06,2022-01-27,73.30611810277676,1643241600000,"{""type"":""MultiPoint"",""coordinates"":[]}"
26_00000000000000000023,1909598013,216923745,41860,H1,001,01675839,488,A,06001,+37.6471385,-121.9124880,06,36084,G4020,Alameda,Alameda County,06,2022-01-27,67.41374513027561,1643241600000,"{""type"":""MultiPoint"",""coordinates"":[]}"
26_0000000000000000001f,121375681,479216672,41860,H6,075,00277302,488,C,06075,+37.7272391,-123.0322294,06,41884,G4020,San Francisco,San Francisco County,06,2022-01-27,77.52012541693907,1643241600000,"{""type"":""MultiPoint"",""coordinates"":[]}"
27_00000000000000000021,1857233047,225282636,41860,H1,013,01675903,488,A,06013,+37.9194790,-121.9515431,06,36084,G4020,Contra Costa,Contra Costa County,06,2022-01-28,72.65148342344098,1643328000000,"{""type"":""MultiPoint"",""coordinates"":[]}"
27_00000000000000000023,1909598013,216923745,41860,H1,001,01675839,488,A,06001,+37.6471385,-121.9124880,06,36084,G4020,Alameda,Alameda County,06,2022-01-28,67.23265865040268,1643328000000,"{""type"":""MultiPoint"",""coordinates"":[]}"
27_0000000000000000001f,121375681,479216672,41860,H6,075,00277302,488,C,06075,+37.7272391,-123.0322294,06,41884,G4020,San Francisco,San Francisco County,06,2022-01-28,73.03783786377613,1643328000000,"{""type"":""MultiPoint"",""coordinates"":[]}"
28_00000000000000000021,1857233047,225282636,41860,H1,013,01675903,488,A,06013,+37.9194790,-121.9515431,06,36084,G4020,Contra Costa,Contra Costa County,06,2022-01-29,75.5720768706252,1643414400000,"{""type"":""MultiPoint"",""coordinates"":[]}"
28_00000000000000000023,1909598013,216923745,41860,H1,001,01675839,488,A,06001,+37.6471385,-121.9124880,06,36084,G4020,Alameda,Alameda County,06,2022-01-29,66.36094464929934,1643414400000,"{""type"":""MultiPoint"",""coordinates"":[]}"
28_0000000000000000001f,121375681,479216672,41860,H6,075,00277302,488,C,06075,+37.7272391,-123.0322294,06,41884,G4020,San Francisco,San Francisco County,06,2022-01-29,79.16205712628025,1643414400000,"{""type"":""MultiPoint"",""coordinates"":[]}"
29_00000000000000000021,1857233047,225282636,41860,H1,013,01675903,488,A,06013,+37.9194790,-121.9515431,06,36084,G4020,Contra Costa,Contra Costa County,06,2022-01-30,81.58444814525384,1643500800000,"{""type"":""MultiPoint"",""coordinates"":[]}"
29_00000000000000000023,1909598013,216923745,41860,H1,001,01675839,488,A,06001,+37.6471385,-121.9124880,06,36084,G4020,Alameda,Alameda County,06,2022-01-30,68.49137522988909,1643500800000,"{""type"":""MultiPoint"",""coordinates"":[]}"
29_0000000000000000001f,121375681,479216672,41860,H6,075,00277302,488,C,06075,+37.7272391,-123.0322294,06,41884,G4020,San Francisco,San Francisco County,06,2022-01-30,86.75900870269587,1643500800000,"{""type"":""MultiPoint"",""coordinates"":[]}"
30_00000000000000000021,1857233047,225282636,41860,H1,013,01675903,488,A,06013,+37.9194790,-121.9515431,06,36084,G4020,Contra Costa,Contra Costa County,06,2022-01-31,84.64307363906781,1643587200000,"{""type"":""MultiPoint"",""coordinates"":[]}"
30_00000000000000000023,1909598013,216923745,41860,H1,001,01675839,488,A,06001,+37.6471385,-121.9124880,06,36084,G4020,Alameda,Alameda County,06,2022-01-31,80.17832501479269,1643587200000,"{""type"":""MultiPoint"",""coordinates"":[]}"
30_0000000000000000001f,121375681,479216672,41860,H6,075,00277302,488,C,06075,+37.7272391,-123.0322294,06,41884,G4020,San Francisco,San Francisco County,06,2022-01-31,86.78912589634747,1643587200000,"{""type"":""MultiPoint"",""coordinates"":[]}"
31_00000000000000000021,1857233047,225282636,41860,H1,013,01675903,488,A,06013,+37.9194790,-121.9515431,06,36084,G4020,Contra Costa,Contra Costa County,06,2022-02-01,60.40147169867825,1643673600000,"{""type"":""MultiPoint"",""coordinates"":[]}"
31_00000000000000000023,1909598013,216923745,41860,H1,001,01675839,488,A,06001,+37.6471385,-121.9124880,06,36084,G4020,Alameda,Alameda County,06,2022-02-01,63.04001021952244,1643673600000,"{""type"":""MultiPoint"",""coordinates"":[]}"
31_0000000000000000001f,121375681,479216672,41860,H6,075,00277302,488,C,06075,+37.7272391,-123.0322294,06,41884,G4020,San Francisco,San Francisco County,06,2022-02-01,64.84005884925092,1643673600000,"{""type"":""MultiPoint"",""coordinates"":[]}"
32_00000000000000000021,1857233047,225282636,41860,H1,013,01675903,488,A,06013,+37.9194790,-121.9515431,06,36084,G4020,Contra Costa,Contra Costa County,06,2022-02-02,31.52147966956241,1643760000000,"{""type"":""MultiPoint"",""coordinates"":[]}"
32_00000000000000000023,1909598013,216923745,41860,H1,001,01675839,488,A,06001,+37.6471385,-121.9124880,06,36084,G4020,Alameda,Alameda County,06,2022-02-02,35.419881278433884,1643760000000,"{""type"":""MultiPoint"",""coordinates"":[]}"
32_0000000000000000001f,121375681,479216672,41860,H6,075,00277302,488,C,06075,+37.7272391,-123.0322294,06,41884,G4020,San Francisco,San Francisco County,06,2022-02-02,40.672322217850464,1643760000000,"{""type"":""MultiPoint"",""coordinates"":[]}"
33_00000000000000000021,1857233047,225282636,41860,H1,013,01675903,488,A,06013,+37.9194790,-121.9515431,06,36084,G4020,Contra Costa,Contra Costa County,06,2022-02-03,46.97068864287736,1643846400000,"{""type"":""MultiPoint"",""coordinates"":[]}"
33_00000000000000000023,1909598013,216923745,41860,H1,001,01675839,488,A,06001,+37.6471385,-121.9124880,06,36084,G4020,Alameda,Alameda County,06,2022-02-03,43.15511178857982,1643846400000,"{""type"":""MultiPoint"",""coordinates"":[]}"
33_0000000000000000001f,121375681,479216672,41860,H6,075,00277302,488,C,06075,+37.7272391,-123.0322294,06,41884,G4020,San Francisco,San Francisco County,06,2022-02-03,64.36315745970641,1643846400000,"{""type"":""MultiPoint"",""coordinates"":[]}"
34_00000000000000000021,1857233047,225282636,41860,H1,013,01675903,488,A,06013,+37.9194790,-121.9515431,06,36084,G4020,Contra Costa,Contra Costa County,06,2022-02-04,66.70890121992787,1643932800000,"{""type"":""MultiPoint"",""coordinates"":[]}"
34_00000000000000000023,1909598013,216923745,41860,H1,001,01675839,488,A,06001,+37.6471385,-121.9124880,06,36084,G4020,Alameda,Alameda County,06,2022-02-04,56.20739628540033,1643932800000,"{""type"":""MultiPoint"",""coordinates"":[]}"
34_0000000000000000001f,121375681,479216672,41860,H6,075,00277302,488,C,06075,+37.7272391,-123.0322294,06,41884,G4020,San Francisco,San Francisco County,06,2022-02-04,77.44063140358625,1643932800000,"{""type"":""MultiPoint"",""coordinates"":[]}"
35_00000000000000000021,1857233047,225282636,41860,H1,013,01675903,488,A,06013,+37.9194790,-121.9515431,06,36084,G4020,Contra Costa,Contra Costa County,06,2022-02-05,69.5436090409883,1644019200000,"{""type"":""MultiPoint"",""coordinates"":[]}"
35_00000000000000000023,1909598013,216923745,41860,H1,001,01675839,488,A,06001,+37.6471385,-121.9124880,06,36084,G4020,Alameda,Alameda County,06,2022-02-05,61.22539887087809,1644019200000,"{""type"":""MultiPoint"",""coordinates"":[]}"
35_0000000000000000001f,121375681,479216672,41860,H6,075,00277302,488,C,06075,+37.7272391,-123.0322294,06,41884,G4020,San Francisco,San Francisco County,06,2022-02-05,78.23256046717493,1644019200000,"{""type"":""MultiPoint"",""coordinates"":[]}"
36_00000000000000000021,1857233047,225282636,41860,H1,013,01675903,488,A,06013,+37.9194790,-121.9515431,06,36084,G4020,Contra Costa,Contra Costa County,06,2022-02-06,71.40834897608961,1644105600000,"{""type"":""MultiPoint"",""coordinates"":[]}"
36_00000000000000000023,1909598013,216923745,41860,H1,001,01675839,488,A,06001,+37.6471385,-121.9124880,06,36084,G4020,Alameda,Alameda County,06,2022-02-06,59.796837061864906,1644105600000,"{""type"":""MultiPoint"",""coordinates"":[]}"
36_0000000000000000001f,121375681,479216672,41860,H6,075,00277302,488,C,06075,+37.7272391,-123.0322294,06,41884,G4020,San Francisco,San Francisco County,06,2022-02-06,78.93910139618794,1644105600000,"{""type"":""MultiPoint"",""coordinates"":[]}"
37_00000000000000000021,1857233047,225282636,41860,H1,013,01675903,488,A,06013,+37.9194790,-121.9515431,06,36084,G4020,Contra Costa,Contra Costa County,06,2022-02-07,71.04218744465288,1644192000000,"{""type"":""MultiPoint"",""coordinates"":[]}"
37_00000000000000000023,1909598013,216923745,41860,H1,001,01675839,488,A,06001,+37.6471385,-121.9124880,06,36084,G4020,Alameda,Alameda County,06,2022-02-07,57.949544264425576,1644192000000,"{""type"":""MultiPoint"",""coordinates"":[]}"
37_0000000000000000001f,121375681,479216672,41860,H6,075,00277302,488,C,06075,+37.7272391,-123.0322294,06,41884,G4020,San Francisco,San Francisco County,06,2022-02-07,81.06894244500123,1644192000000,"{""type"":""MultiPoint"",""coordinates"":[]}"
38_00000000000000000021,1857233047,225282636,41860,H1,013,01675903,488,A,06013,+37.9194790,-121.9515431,06,36084,G4020,Contra Costa,Contra Costa County,06,2022-02-08,67.01422071709707,1644278400000,"{""type"":""MultiPoint"",""coordinates"":[]}"
38_00000000000000000023,1909598013,216923745,41860,H1,001,01675839,488,A,06001,+37.6471385,-121.9124880,06,36084,G4020,Alameda,Alameda County,06,2022-02-08,55.13618322200158,1644278400000,"{""type"":""MultiPoint"",""coordinates"":[]}"
38_0000000000000000001f,121375681,479216672,41860,H6,075,00277302,488,C,06075,+37.7272391,-123.0322294,06,41884,G4020,San Francisco,San Francisco County,06,2022-02-08,78.24936181780197,1644278400000,"{""type"":""MultiPoint"",""coordinates"":[]}"
39_00000000000000000021,1857233047,225282636,41860,H1,013,01675903,488,A,06013,+37.9194790,-121.9515431,06,36084,G4020,Contra Costa,Contra Costa County,06,2022-02-09,55.67724514450256,1644364800000,"{""type"":""MultiPoint"",""coordinates"":[]}"
39_00000000000000000023,1909598013,216923745,41860,H1,001,01675839,488,A,06001,+37.6471385,-121.9124880,06,36084,G4020,Alameda,Alameda County,06,2022-02-09,51.13390161422858,1644364800000,"{""type"":""MultiPoint"",""coordinates"":[]}"
39_0000000000000000001f,121375681,479216672,41860,H6,075,00277302,488,C,06075,+37.7272391,-123.0322294,06,41884,G4020,San Francisco,San Francisco County,06,2022-02-09,60.5242015919037,1644364800000,"{""type"":""MultiPoint"",""coordinates"":[]}"
40_00000000000000000021,1857233047,225282636,41860,H1,013,01675903,488,A,06013,+37.9194790,-121.9515431,06,36084,G4020,Contra Costa,Contra Costa County,06,2022-02-10,55.479634838592304,1644451200000,"{""type"":""MultiPoint"",""coordinates"":[]}"
40_00000000000000000023,1909598013,216923745,41860,H1,001,01675839,488,A,06001,+37.6471385,-121.9124880,06,36084,G4020,Alameda,Alameda County,06,2022-02-10,50.04859204694094,1644451200000,"{""type"":""MultiPoint"",""coordinates"":[]}"
40_0000000000000000001f,121375681,479216672,41860,H6,075,00277302,488,C,06075,+37.7272391,-123.0322294,06,41884,G4020,San Francisco,San Francisco County,06,2022-02-10,57.701357464844385,1644451200000,"{""type"":""MultiPoint"",""coordinates"":[]}"
41_00000000000000000021,1857233047,225282636,41860,H1,013,01675903,488,A,06013,+37.9194790,-121.9515431,06,36084,G4020,Contra Costa,Contra Costa County,06,2022-02-11,64.4686405143723,1644537600000,"{""type"":""MultiPoint"",""coordinates"":[]}"
41_00000000000000000023,1909598013,216923745,41860,H1,001,01675839,488,A,06001,+37.6471385,-121.9124880,06,36084,G4020,Alameda,Alameda County,06,2022-02-11,52.80523766137204,1644537600000,"{""type"":""MultiPoint"",""coordinates"":[]}"
41_0000000000000000001f,121375681,479216672,41860,H6,075,00277302,488,C,06075,+37.7272391,-123.0322294,06,41884,G4020,San Francisco,San Francisco County,06,2022-02-11,68.8863569451009,1644537600000,"{""type"":""MultiPoint"",""coordinates"":[]}"
42_00000000000000000021,1857233047,225282636,41860,H1,013,01675903,488,A,06013,+37.9194790,-121.9515431,06,36084,G4020,Contra Costa,Contra Costa County,06,2022-02-12,68.04408570498246,1644624000000,"{""type"":""MultiPoint"",""coordinates"":[]}"
42_00000000000000000023,1909598013,216923745,41860,H1,001,01675839,488,A,06001,+37.6471385,-121.9124880,06,36084,G4020,Alameda,Alameda County,06,2022-02-12,56.459376302817425,1644624000000,"{""type"":""MultiPoint"",""coordinates"":[]}"
42_0000000000000000001f,121375681,479216672,41860,H6,075,00277302,488,C,06075,+37.7272391,-123.0322294,06,41884,G4020,San Francisco,San Francisco County,06,2022-02-12,74.19005515439677,1644624000000,"{""type"":""MultiPoint"",""coordinates"":[]}"
43_00000000000000000021,1857233047,225282636,41860,H1,013,01675903,488,A,06013,+37.9194790,-121.9515431,06,36084,G4020,Contra Costa,Contra Costa County,06,2022-02-13,68.25041979537438,1644710400000,"{""type"":""MultiPoint"",""coordinates"":[]}"
43_00000000000000000023,1909598013,216923745,41860,H1,001,01675839,488,A,06001,+37.6471385,-121.9124880,06,36084,G4020,Alameda,Alameda County,06,2022-02-13,53.6660895422351,1644710400000,"{""type"":""MultiPoint"",""coordinates"":[]}"
43_0000000000000000001f,121375681,479216672,41860,H6,075,00277302,488,C,06075,+37.7272391,-123.0322294,06,41884,G4020,San Francisco,San Francisco County,06,2022-02-13,73.0753589492415,1644710400000,"{""type"":""MultiPoint"",""coordinates"":[]}"
44_00000000000000000021,1857233047,225282636,41860,H1,013,01675903,488,A,06013,+37.9194790,-121.9515431,06,36084,G4020,Contra Costa,Contra Costa County,06,2022-02-14,81.3468345625985,1644796800000,"{""type"":""MultiPoint"",""coordinates"":[]}"
44_00000000000000000023,1909598013,216923745,41860,H1,001,01675839,488,A,06001,+37.6471385,-121.9124880,06,36084,G4020,Alameda,Alameda County,06,2022-02-14,74.91662762239118,1644796800000,"{""type"":""MultiPoint"",""coordinates"":[]}"
44_0000000000000000001f,121375681,479216672,41860,H6,075,00277302,488,C,06075,+37.7272391,-123.0322294,06,41884,G4020,San Francisco,San Francisco County,06,2022-02-14,86.33134569418456,1644796800000,"{""type"":""MultiPoint"",""coordinates"":[]}"
45_00000000000000000021,1857233047,225282636,41860,H1,013,01675903,488,A,06013,+37.9194790,-121.9515431,06,36084,G4020,Contra Costa,Contra Costa County,06,2022-02-15,59.13413517920183,1644883200000,"{""type"":""MultiPoint"",""coordinates"":[]}"
45_00000000000000000023,1909598013,216923745,41860,H1,001,01675839,488,A,06001,+37.6471385,-121.9124880,06,36084,G4020,Alameda,Alameda County,06,2022-02-15,64.61344736316096,1644883200000,"{""type"":""MultiPoint"",""coordinates"":[]}"
45_0000000000000000001f,121375681,479216672,41860,H6,075,00277302,488,C,06075,+37.7272391,-123.0322294,06,41884,G4020,San Francisco,San Francisco County,06,2022-02-15,63.753005948629536,1644883200000,"{""type"":""MultiPoint"",""coordinates"":[]}"
46_00000000000000000021,1857233047,225282636,41860,H1,013,01675903,488,A,06013,+37.9194790,-121.9515431,06,36084,G4020,Contra Costa,Contra Costa County,06,2022-02-16,37.20204364454587,1644969600000,"{""type"":""MultiPoint"",""coordinates"":[]}"
46_00000000000000000023,1909598013,216923745,41860,H1,001,01675839,488,A,06001,+37.6471385,-121.9124880,06,36084,G4020,Alameda,Alameda County,06,2022-02-16,40.47292747778442,1644969600000,"{""type"":""MultiPoint"",""coordinates"":[]}"
46_0000000000000000001f,121375681,479216672,41860,H6,075,00277302,488,C,06075,+37.7272391,-123.0322294,06,41884,G4020,San Francisco,San Francisco County,06,2022-02-16,53.889321349604224,1644969600000,"{""type"":""MultiPoint"",""coordinates"":[]}"
47_00000000000000000021,1857233047,225282636,41860,H1,013,01675903,488,A,06013,+37.9194790,-121.9515431,06,36084,G4020,Contra Costa,Contra Costa County,06,2022-02-17,38.38705298099195,1645056000000,"{""type"":""MultiPoint"",""coordinates"":[]}"
47_00000000000000000023,1909598013,216923745,41860,H1,001,01675839,488,A,06001,+37.6471385,-121.9124880,06,36084,G4020,Alameda,Alameda County,06,2022-02-17,40.67514581065591,1645056000000,"{""type"":""MultiPoint"",""coordinates"":[]}"
47_0000000000000000001f,121375681,479216672,41860,H6,075,00277302,488,C,06075,+37.7272391,-123.0322294,06,41884,G4020,San Francisco,San Francisco County,06,2022-02-17,42.794125147638646,1645056000000,"{""type"":""MultiPoint"",""coordinates"":[]}"
48_00000000000000000021,1857233047,225282636,41860,H1,013,01675903,488,A,06013,+37.9194790,-121.9515431,06,36084,G4020,Contra Costa,Contra Costa County,06,2022-02-18,63.163559501640776,1645142400000,"{""type"":""MultiPoint"",""coordinates"":[]}"
48_00000000000000000023,1909598013,216923745,41860,H1,001,01675839,488,A,06001,+37.6471385,-121.9124880,06,36084,G4020,Alameda,Alameda County,06,2022-02-18,53.874040310461126,1645142400000,"{""type"":""MultiPoint"",""coordinates"":[]}"
48_0000000000000000001f,121375681,479216672,41860,H6,075,00277302,488,C,06075,+37.7272391,-123.0322294,06,41884,G4020,San Francisco,San Francisco County,06,2022-02-18,69.66421126738358,1645142400000,"{""type"":""MultiPoint"",""coordinates"":[]}"
49_00000000000000000021,1857233047,225282636,41860,H1,013,01675903,488,A,06013,+37.9194790,-121.9515431,06,36084,G4020,Contra Costa,Contra Costa County,06,2022-02-19,63.97200779662185,1645228800000,"{""type"":""MultiPoint"",""coordinates"":[]}"
49_00000000000000000023,1909598013,216923745,41860,H1,001,01675839,488,A,06001,+37.6471385,-121.9124880,06,36084,G4020,Alameda,Alameda County,06,2022-02-19,55.41238964832477,1645228800000,"{""type"":""MultiPoint"",""coordinates"":[]}"
49_0000000000000000001f,121375681,479216672,41860,H6,075,00277302,488,C,06075,+37.7272391,-123.0322294,06,41884,G4020,San Francisco,San Francisco County,06,2022-02-19,72.8791677337866,1645228800000,"{""type"":""MultiPoint"",""coordinates"":[]}"
50_00000000000000000021,1857233047,225282636,41860,H1,013,01675903,488,A,06013,+37.9194790,-121.9515431,06,36084,G4020,Contra Costa,Contra Costa County,06,2022-02-20,73.33885652671951,1645315200000,"{""type"":""MultiPoint"",""coordinates"":[]}"
50_00000000000000000023,1909598013,216923745,41860,H1,001,01675839,488,A,06001,+37.6471385,-121.9124880,06,36084,G4020,Alameda,Alameda County,06,2022-02-20,66.95559781156796,1645315200000,"{""type"":""MultiPoint"",""coordinates"":[]}"
50_0000000000000000001f,121375681,479216672,41860,H6,075,00277302,488,C,06075,+37.7272391,-123.0322294,06,41884,G4020,San Francisco,San Francisco County,06,2022-02-20,82.05166262469862,1645315200000,"{""type"":""MultiPoint"",""coordinates"":[]}"
51_00000000000000000021,1857233047,225282636,41860,H1,013,01675903,488,A,06013,+37.9194790,-121.9515431,06,36084,G4020,Contra Costa,Contra Costa County,06,2022-02-21,60.718085452674956,1645401600000,"{""type"":""MultiPoint"",""coordinates"":[]}"
51_00000000000000000023,1909598013,216923745,41860,H1,001,01675839,488,A,06001,+37.6471385,-121.9124880,06,36084,G4020,Alameda,Alameda County,06,2022-02-21,65.86726690017659,1645401600000,"{""type"":""MultiPoint"",""coordinates"":[]}"
51_0000000000000000001f,121375681,479216672,41860,H6,075,00277302,488,C,06075,+37.7272391,-123.0322294,06,41884,G4020,San Francisco,San Francisco County,06,2022-02-21,62.845379901862316,1645401600000,"{""type"":""MultiPoint"",""coordinates"":[]}"
52_00000000000000000021,1857233047,225282636,41860,H1,013,01675903,488,A,06013,+37.9194790,-121.9515431,06,36084,G4020,Contra Costa,Contra Costa County,06,2022-02-22,61.14055144673899,1645488000000,"{""type"":""MultiPoint"",""coordinates"":[]}"
52_00000000000000000023,1909598013,216923745,41860,H1,001,01675839,488,A,06001,+37.6471385,-121.9124880,06,36084,G4020,Alameda,Alameda County,06,2022-02-22,65.23110241201587,1645488000000,"{""type"":""MultiPoint"",""coordinates"":[]}"
52_0000000000000000001f,121375681,479216672,41860,H6,075,00277302,488,C,06075,+37.7272391,-123.0322294,06,41884,G4020,San Francisco,San Francisco County,06,2022-02-22,65.21039165693938,1645488000000,"{""type"":""MultiPoint"",""coordinates"":[]}"
53_00000000000000000021,1857233047,225282636,41860,H1,013,01675903,488,A,06013,+37.9194790,-121.9515431,06,36084,G4020,Contra Costa,Contra Costa County,06,2022-02-23,51.397531672520174,1645574400000,"{""type"":""MultiPoint"",""coordinates"":[]}"
53_00000000000000000023,1909598013,216923745,41860,H1,001,01675839,488,A,06001,+37.6471385,-121.9124880,06,36084,G4020,Alameda,Alameda County,06,2022-02-23,54.49483421416663,1645574400000,"{""type"":""MultiPoint"",""coordinates"":[]}"
53_0000000000000000001f,121375681,479216672,41860,H6,075,00277302,488,C,06075,+37.7272391,-123.0322294,06,41884,G4020,San Francisco,San Francisco County,06,2022-02-23,53.36662051040169,1645574400000,"{""type"":""MultiPoint"",""coordinates"":[]}"
54_00000000000000000021,1857233047,225282636,41860,H1,013,01675903,488,A,06013,+37.9194790,-121.9515431,06,36084,G4020,Contra Costa,Contra Costa County,06,2022-02-24,56.06447634190651,1645660800000,"{""type"":""MultiPoint"",""coordinates"":[]}"
54_00000000000000000023,1909598013,216923745,41860,H1,001,01675839,488,A,06001,+37.6471385,-121.9124880,06,36084,G4020,Alameda,Alameda County,06,2022-02-24,50.79683725425109,1645660800000,"{""type"":""MultiPoint"",""coordinates"":[]}"
54_0000000000000000001f,121375681,479216672,41860,H6,075,00277302,488,C,06075,+37.7272391,-123.0322294,06,41884,G4020,San Francisco,San Francisco County,06,2022-02-24,67.81000335971075,1645660800000,"{""type"":""MultiPoint"",""coordinates"":[]}"
55_00000000000000000021,1857233047,225282636,41860,H1,013,01675903,488,A,06013,+37.9194790,-121.9515431,06,36084,G4020,Contra Costa,Contra Costa County,06,2022-02-25,62.70115914755072,1645747200000,"{""type"":""MultiPoint"",""coordinates"":[]}"
55_00000000000000000023,1909598013,216923745,41860,H1,001,01675839,488,A,06001,+37.6471385,-121.9124880,06,36084,G4020,Alameda,Alameda County,06,2022-02-25,57.170914023610536,1645747200000,"{""type"":""MultiPoint"",""coordinates"":[]}"
55_0000000000000000001f,121375681,479216672,41860,H6,075,00277302,488,C,06075,+37.7272391,-123.0322294,06,41884,G4020,San Francisco,San Francisco County,06,2022-02-25,70.20655539221109,1645747200000,"{""type"":""MultiPoint"",""coordinates"":[]}"
56_00000000000000000021,1857233047,225282636,41860,H1,013,01675903,488,A,06013,+37.9194790,-121.9515431,06,36084,G4020,Contra Costa,Contra Costa County,06,2022-02-26,61.72741551428889,1645833600000,"{""type"":""MultiPoint"",""coordinates"":[]}"
56_00000000000000000023,1909598013,216923745,41860,H1,001,01675839,488,A,06001,+37.6471385,-121.9124880,06,36084,G4020,Alameda,Alameda County,06,2022-02-26,51.384705562990135,1645833600000,"{""type"":""MultiPoint"",""coordinates"":[]}"
56_0000000000000000001f,121375681,479216672,41860,H6,075,00277302,488,C,06075,+37.7272391,-123.0322294,06,41884,G4020,San Francisco,San Francisco County,06,2022-02-26,69.48803715427373,1645833600000,"{""type"":""MultiPoint"",""coordinates"":[]}"
57_00000000000000000021,1857233047,225282636,41860,H1,013,01675903,488,A,06013,+37.9194790,-121.9515431,06,36084,G4020,Contra Costa,Contra Costa County,06,2022-02-27,52.670781720472775,1645920000000,"{""type"":""MultiPoint"",""coordinates"":[]}"
57_00000000000000000023,1909598013,216923745,41860,H1,001,01675839,488,A,06001,+37.6471385,-121.9124880,06,36084,G4020,Alameda,Alameda County,06,2022-02-27,46.755162708507186,1645920000000,"{""type"":""MultiPoint"",""coordinates"":[]}"
57_0000000000000000001f,121375681,479216672,41860,H6,075,00277302,488,C,06075,+37.7272391,-123.0322294,06,41884,G4020,San Francisco,San Francisco County,06,2022-02-27,61.9897519305424,1645920000000,"{""type"":""MultiPoint"",""coordinates"":[]}"
58_00000000000000000021,1857233047,225282636,41860,H1,013,01675903,488,A,06013,+37.9194790,-121.9515431,06,36084,G4020,Contra Costa,Contra Costa County,06,2022-02-28,56.54230903683215,1646006400000,"{""type"":""MultiPoint"",""coordinates"":[]}"
58_00000000000000000023,1909598013,216923745,41860,H1,001,01675839,488,A,06001,+37.6471385,-121.9124880,06,36084,G4020,Alameda,Alameda County,06,2022-02-28,48.838471100448984,1646006400000,"{""type"":""MultiPoint"",""coordinates"":[]}"
58_0000000000000000001f,121375681,479216672,41860,H6,075,00277302,488,C,06075,+37.7272391,-123.0322294,06,41884,G4020,San Francisco,San Francisco County,06,2022-02-28,63.51851292344301,1646006400000,"{""type"":""MultiPoint"",""coordinates"":[]}"
59_00000000000000000021,1857233047,225282636,41860,H1,013,01675903,488,A,06013,+37.9194790,-121.9515431,06,36084,G4020,Contra Costa,Contra Costa County,06,2022-03-01,62.66043041037292,1646092800000,"{""type"":""MultiPoint"",""coordinates"":[]}"
59_00000000000000000023,1909598013,216923745,41860,H1,001,01675839,488,A,06001,+37.6471385,-121.9124880,06,36084,G4020,Alameda,Alameda County,06,2022-03-01,55.41042850299438,1646092800000,"{""type"":""MultiPoint"",""coordinates"":[]}"
59_0000000000000000001f,121375681,479216672,41860,H6,075,00277302,488,C,06075,+37.7272391,-123.0322294,06,41884,G4020,San Francisco,San Francisco County,06,2022-03-01,74.22259601320982,1646092800000,"{""type"":""MultiPoint"",""coordinates"":[]}"
60_00000000000000000021,1857233047,225282636,41860,H1,013,01675903,488,A,06013,+37.9194790,-121.9515431,06,36084,G4020,Contra Costa,Contra Costa County,06,2022-03-02,66.95388801054882,1646179200000,"{""type"":""MultiPoint"",""coordinates"":[]}"
60_00000000000000000023,1909598013,216923745,41860,H1,001,01675839,488,A,06001,+37.6471385,-121.9124880,06,36084,G4020,Alameda,Alameda County,06,2022-03-02,59.259490657796384,1646179200000,"{""type"":""MultiPoint"",""coordinates"":[]}"
60_0000000000000000001f,121375681,479216672,41860,H6,075,00277302,488,C,06075,+37.7272391,-123.0322294,06,41884,G4020,San Francisco,San Francisco County,06,2022-03-02,81.93992613345908,1646179200000,"{""type"":""MultiPoint"",""coordinates"":[]}"
61_00000000000000000021,1857233047,225282636,41860,H1,013,01675903,488,A,06013,+37.9194790,-121.9515431,06,36084,G4020,Contra Costa,Contra Costa County,06,2022-03-03,73.17359865617432,1646265600000,"{""type"":""MultiPoint"",""coordinates"":[]}"
61_00000000000000000023,1909598013,216923745,41860,H1,001,01675839,488,A,06001,+37.6471385,-121.9124880,06,36084,G4020,Alameda,Alameda County,06,2022-03-03,67.1048166981288,1646265600000,"{""type"":""MultiPoint"",""coordinates"":[]}"
61_0000000000000000001f,121375681,479216672,41860,H6,075,00277302,488,C,06075,+37.7272391,-123.0322294,06,41884,G4020,San Francisco,San Francisco County,06,2022-03-03,86.46320327296552,1646265600000,"{""type"":""MultiPoint"",""coordinates"":[]}"
62_00000000000000000021,1857233047,225282636,41860,H1,013,01675903,488,A,06013,+37.9194790,-121.9515431,06,36084,G4020,Contra Costa,Contra Costa County,06,2022-03-04,79.67751772887355,1646352000000,"{""type"":""MultiPoint"",""coordinates"":[]}"
62_00000000000000000023,1909598013,216923745,41860,H1,001,01675839,488,A,06001,+37.6471385,-121.9124880,06,36084,G4020,Alameda,Alameda County,06,2022-03-04,81.12994380565088,1646352000000,"{""type"":""MultiPoint"",""coordinates"":[]}"
62_0000000000000000001f,121375681,479216672,41860,H6,075,00277302,488,C,06075,+37.7272391,-123.0322294,06,41884,G4020,San Francisco,San Francisco County,06,2022-03-04,84.60936628364176,1646352000000,"{""type"":""MultiPoint"",""coordinates"":[]}"
63_00000000000000000021,1857233047,225282636,41860,H1,013,01675903,488,A,06013,+37.9194790,-121.9515431,06,36084,G4020,Contra Costa,Contra Costa County,06,2022-03-05,63.56537960113872,1646438400000,"{""type"":""MultiPoint"",""coordinates"":[]}"
63_00000000000000000023,1909598013,216923745,41860,H1,001,01675839,488,A,06001,+37.6471385,-121.9124880,06,36084,G4020,Alameda,Alameda County,06,2022-03-05,67.76261676678001,1646438400000,"{""type"":""MultiPoint"",""coordinates"":[]}"
63_0000000000000000001f,121375681,479216672,41860,H6,075,00277302,488,C,06075,+37.7272391,-123.0322294,06,41884,G4020,San Francisco,San Francisco County,06,2022-03-05,66.8492198993098,1646438400000,"{""type"":""MultiPoint"",""coordinates"":[]}"
64_00000000000000000021,1857233047,225282636,41860,H1,013,01675903,488,A,06013,+37.9194790,-121.9515431,06,36084,G4020,Contra Costa,Contra Costa County,06,2022-03-06,65.05833223134168,1646524800000,"{""type"":""MultiPoint"",""coordinates"":[]}"
64_00000000000000000023,1909598013,216923745,41860,H1,001,01675839,488,A,06001,+37.6471385,-121.9124880,06,36084,G4020,Alameda,Alameda County,06,2022-03-06,65.20301261841593,1646524800000,"{""type"":""MultiPoint"",""coordinates"":[]}"
64_0000000000000000001f,121375681,479216672,41860,H6,075,00277302,488,C,06075,+37.7272391,-123.0322294,06,41884,G4020,San Francisco,San Francisco County,06,2022-03-06,76.91939039790547,1646524800000,"{""type"":""MultiPoint"",""coordinates"":[]}"
65_00000000000000000021,1857233047,225282636,41860,H1,013,01675903,488,A,06013,+37.9194790,-121.9515431,06,36084,G4020,Contra Costa,Contra Costa County,06,2022-03-07,52.59240956915884,1646611200000,"{""type"":""MultiPoint"",""coordinates"":[]}"
65_00000000000000000023,1909598013,216923745,41860,H1,001,01675839,488,A,06001,+37.6471385,-121.9124880,06,36084,G4020,Alameda,Alameda County,06,2022-03-07,54.40407985509669,1646611200000,"{""type"":""MultiPoint"",""coordinates"":[]}"
65_0000000000000000001f,121375681,479216672,41860,H6,075,00277302,488,C,06075,+37.7272391,-123.0322294,06,41884,G4020,San Francisco,San Francisco County,06,2022-03-07,63.369499767046804,1646611200000,"{""type"":""MultiPoint"",""coordinates"":[]}"
66_00000000000000000021,1857233047,225282636,41860,H1,013,01675903,488,A,06013,+37.9194790,-121.9515431,06,36084,G4020,Contra Costa,Contra Costa County,06,2022-03-08,30.93960860754722,1646697600000,"{""type"":""MultiPoint"",""coordinates"":[]}"
66_00000000000000000023,1909598013,216923745,41860,H1,001,01675839,488,A,06001,+37.6471385,-121.9124880,06,36084,G4020,Alameda,Alameda County,06,2022-03-08,29.946018280688033,1646697600000,"{""type"":""MultiPoint"",""coordinates"":[]}"
66_0000000000000000001f,121375681,479216672,41860,H6,075,00277302,488,C,06075,+37.7272391,-123.0322294,06,41884,G4020,San Francisco,San Francisco County,06,2022-03-08,48.16733798212856,1646697600000,"{""type"":""MultiPoint"",""coordinates"":[]}"
67_00000000000000000021,1857233047,225282636,41860,H1,013,01675903,488,A,06013,+37.9194790,-121.9515431,06,36084,G4020,Contra Costa,Contra Costa County,06,2022-03-09,57.39367357601717,1646784000000,"{""type"":""MultiPoint"",""coordinates"":[]}"
67_00000000000000000023,1909598013,216923745,41860,H1,001,01675839,488,A,06001,+37.6471385,-121.9124880,06,36084,G4020,Alameda,Alameda County,06,2022-03-09,53.17299342904472,1646784000000,"{""type"":""MultiPoint"",""coordinates"":[]}"
67_0000000000000000001f,121375681,479216672,41860,H6,075,00277302,488,C,06075,+37.7272391,-123.0322294,06,41884,G4020,San Francisco,San Francisco County,06,2022-03-09,65.46512108101678,1646784000000,"{""type"":""MultiPoint"",""coordinates"":[]}"
68_00000000000000000021,1857233047,225282636,41860,H1,013,01675903,488,A,06013,+37.9194790,-121.9515431,06,36084,G4020,Contra Costa,Contra Costa County,06,2022-03-10,43.69982660525355,1646870400000,"{""type"":""MultiPoint"",""coordinates"":[]}"
68_00000000000000000023,1909598013,216923745,41860,H1,001,01675839,488,A,06001,+37.6471385,-121.9124880,06,36084,G4020,Alameda,Alameda County,06,2022-03-10,49.76734727480812,1646870400000,"{""type"":""MultiPoint"",""coordinates"":[]}"
68_0000000000000000001f,121375681,479216672,41860,H6,075,00277302,488,C,06075,+37.7272391,-123.0322294,06,41884,G4020,San Francisco,San Francisco County,06,2022-03-10,51.83904375995485,1646870400000,"{""type"":""MultiPoint"",""coordinates"":[]}"
69_00000000000000000021,1857233047,225282636,41860,H1,013,01675903,488,A,06013,+37.9194790,-121.9515431,06,36084,G4020,Contra Costa,Contra Costa County,06,2022-03-11,26.9772097729685,1646956800000,"{""type"":""MultiPoint"",""coordinates"":[]}"
69_00000000000000000023,1909598013,216923745,41860,H1,001,01675839,488,A,06001,+37.6471385,-121.9124880,06,36084,G4020,Alameda,Alameda County,06,2022-03-11,24.174581994494687,1646956800000,"{""type"":""MultiPoint"",""coordinates"":[]}"
69_0000000000000000001f,121375681,479216672,41860,H6,075,00277302,488,C,06075,+37.7272391,-123.0322294,06,41884,G4020,San Francisco,San Francisco County,06,2022-03-11,52.595249936950715,1646956800000,"{""type"":""MultiPoint"",""coordinates"":[]}"
70_00000000000000000021,1857233047,225282636,41860,H1,013,01675903,488,A,06013,+37.9194790,-121.9515431,06,36084,G4020,Contra Costa,Contra Costa County,06,2022-03-12,50.71328964858039,1647043200000,"{""type"":""MultiPoint"",""coordinates"":[]}"
70_00000000000000000023,1909598013,216923745,41860,H1,001,01675839,488,A,06001,+37.6471385,-121.9124880,06,36084,G4020,Alameda,Alameda County,06,2022-03-12,42.115926350829845,1647043200000,"{""type"":""MultiPoint"",""coordinates"":[]}"
70_0000000000000000001f,121375681,479216672,41860,H6,075,00277302,488,C,06075,+37.7272391,-123.0322294,06,41884,G4020,San Francisco,San Francisco County,06,2022-03-12,71.45810069292925,1647043200000,"{""type"":""MultiPoint"",""coordinates"":[]}"
71_00000000000000000021,1857233047,225282636,41860,H1,013,01675903,488,A,06013,+37.9194790,-121.9515431,06,36084,G4020,Contra Costa,Contra Costa County,06,2022-03-13,63.72471321767003,1647129600000,"{""type"":""MultiPoint"",""coordinates"":[]}"
71_00000000000000000023,1909598013,216923745,41860,H1,001,01675839,488,A,06001,+37.6471385,-121.9124880,06,36084,G4020,Alameda,Alameda County,06,2022-03-13,64.63219802223043,1647129600000,"{""type"":""MultiPoint"",""coordinates"":[]}"
71_0000000000000000001f,121375681,479216672,41860,H6,075,00277302,488,C,06075,+37.7272391,-123.0322294,06,41884,G4020,San Francisco,San Francisco County,06,2022-03-13,73.57558862292673,1647129600000,"{""type"":""MultiPoint"",""coordinates"":[]}"
72_00000000000000000021,1857233047,225282636,41860,H1,013,01675903,488,A,06013,+37.9194790,-121.9515431,06,36084,G4020,Contra Costa,Contra Costa County,06,2022-03-14,57.00054405506138,1647216000000,"{""type"":""MultiPoint"",""coordinates"":[]}"
72_00000000000000000023,1909598013,216923745,41860,H1,001,01675839,488,A,06001,+37.6471385,-121.9124880,06,36084,G4020,Alameda,Alameda County,06,2022-03-14,52.47902023017345,1647216000000,"{""type"":""MultiPoint"",""coordinates"":[]}"
72_0000000000000000001f,121375681,479216672,41860,H6,075,00277302,488,C,06075,+37.7272391,-123.0322294,06,41884,G4020,San Francisco,San Francisco County,06,2022-03-14,68.61914441385824,1647216000000,"{""type"":""MultiPoint"",""coordinates"":[]}"
73_00000000000000000021,1857233047,225282636,41860,H1,013,01675903,488,A,06013,+37.9194790,-121.9515431,06,36084,G4020,Contra Costa,Contra Costa County,06,2022-03-15,66.85400853446761,1647302400000,"{""type"":""MultiPoint"",""coordinates"":[]}"
73_00000000000000000023,1909598013,216923745,41860,H1,001,01675839,488,A,06001,+37.6471385,-121.9124880,06,36084,G4020,Alameda,Alameda County,06,2022-03-15,66.25595340301582,1647302400000,"{""type"":""MultiPoint"",""coordinates"":[]}"
73_0000000000000000001f,121375681,479216672,41860,H6,075,00277302,488,C,06075,+37.7272391,-123.0322294,06,41884,G4020,San Francisco,San Francisco County,06,2022-03-15,80.91969073818066,1647302400000,"{""type"":""MultiPoint"",""coordinates"":[]}"
74_00000000000000000021,1857233047,225282636,41860,H1,013,01675903,488,A,06013,+37.9194790,-121.9515431,06,36084,G4020,Contra Costa,Contra Costa County,06,2022-03-16,70.88538862213153,1647388800000,"{""type"":""MultiPoint"",""coordinates"":[]}"
74_00000000000000000023,1909598013,216923745,41860,H1,001,01675839,488,A,06001,+37.6471385,-121.9124880,06,36084,G4020,Alameda,Alameda County,06,2022-03-16,74.43730247842537,1647388800000,"{""type"":""MultiPoint"",""coordinates"":[]}"
74_0000000000000000001f,121375681,479216672,41860,H6,075,00277302,488,C,06075,+37.7272391,-123.0322294,06,41884,G4020,San Francisco,San Francisco County,06,2022-03-16,76.92127902697561,1647388800000,"{""type"":""MultiPoint"",""coordinates"":[]}"
75_00000000000000000021,1857233047,225282636,41860,H1,013,01675903,488,A,06013,+37.9194790,-121.9515431,06,36084,G4020,Contra Costa,Contra Costa County,06,2022-03-17,61.752666955386964,1647475200000,"{""type"":""MultiPoint"",""coordinates"":[]}"
75_00000000000000000023,1909598013,216923745,41860,H1,001,01675839,488,A,06001,+37.6471385,-121.9124880,06,36084,G4020,Alameda,Alameda County,06,2022-03-17,62.33420563632569,1647475200000,"{""type"":""MultiPoint"",""coordinates"":[]}"
75_0000000000000000001f,121375681,479216672,41860,H6,075,00277302,488,C,06075,+37.7272391,-123.0322294,06,41884,G4020,San Francisco,San Francisco County,06,2022-03-17,74.07688227998126,1647475200000,"{""type"":""MultiPoint"",""coordinates"":[]}"
76_00000000000000000021,1857233047,225282636,41860,H1,013,01675903,488,A,06013,+37.9194790,-121.9515431,06,36084,G4020,Contra Costa,Contra Costa County,06,2022-03-18,66.68627882506622,1647561600000,"{""type"":""MultiPoint"",""coordinates"":[]}"
76_00000000000000000023,1909598013,216923745,41860,H1,001,01675839,488,A,06001,+37.6471385,-121.9124880,06,36084,G4020,Alameda,Alameda County,06,2022-03-18,63.15871356003021,1647561600000,"{""type"":""MultiPoint"",""coordinates"":[]}"
76_0000000000000000001f,121375681,479216672,41860,H6,075,00277302,488,C,06075,+37.7272391,-123.0322294,06,41884,G4020,San Francisco,San Francisco County,06,2022-03-18,77.6928362369565,1647561600000,"{""type"":""MultiPoint"",""coordinates"":[]}"
77_00000000000000000021,1857233047,225282636,41860,H1,013,01675903,488,A,06013,+37.9194790,-121.9515431,06,36084,G4020,Contra Costa,Contra Costa County,06,2022-03-19,72.72325974055012,1647648000000,"{""type"":""MultiPoint"",""coordinates"":[]}"
77_00000000000000000023,1909598013,216923745,41860,H1,001,01675839,488,A,06001,+37.6471385,-121.9124880,06,36084,G4020,Alameda,Alameda County,06,2022-03-19,74.47048256563026,1647648000000,"{""type"":""MultiPoint"",""coordinates"":[]}"
77_0000000000000000001f,121375681,479216672,41860,H6,075,00277302,488,C,06075,+37.7272391,-123.0322294,06,41884,G4020,San Francisco,San Francisco County,06,2022-03-19,83.00810972968293,1647648000000,"{""type"":""MultiPoint"",""coordinates"":[]}"
78_00000000000000000021,1857233047,225282636,41860,H1,013,01675903,488,A,06013,+37.9194790,-121.9515431,06,36084,G4020,Contra Costa,Contra Costa County,06,2022-03-20,53.76637946780325,1647734400000,"{""type"":""MultiPoint"",""coordinates"":[]}"
78_00000000000000000023,1909598013,216923745,41860,H1,001,01675839,488,A,06001,+37.6471385,-121.9124880,06,36084,G4020,Alameda,Alameda County,06,2022-03-20,60.243901887025864,1647734400000,"{""type"":""MultiPoint"",""coordinates"":[]}"
78_0000000000000000001f,121375681,479216672,41860,H6,075,00277302,488,C,06075,+37.7272391,-123.0322294,06,41884,G4020,San Francisco,San Francisco County,06,2022-03-20,61.64992454863514,1647734400000,"{""type"":""MultiPoint"",""coordinates"":[]}"
79_00000000000000000021,1857233047,225282636,41860,H1,013,01675903,488,A,06013,+37.9194790,-121.9515431,06,36084,G4020,Contra Costa,Contra Costa County,06,2022-03-21,53.330470243813146,1647820800000,"{""type"":""MultiPoint"",""coordinates"":[]}"
79_00000000000000000023,1909598013,216923745,41860,H1,001,01675839,488,A,06001,+37.6471385,-121.9124880,06,36084,G4020,Alameda,Alameda County,06,2022-03-21,56.48795524879982,1647820800000,"{""type"":""MultiPoint"",""coordinates"":[]}"
79_0000000000000000001f,121375681,479216672,41860,H6,075,00277302,488,C,06075,+37.7272391,-123.0322294,06,41884,G4020,San Francisco,San Francisco County,06,2022-03-21,62.454767352173555,1647820800000,"{""type"":""MultiPoint"",""coordinates"":[]}"
80_00000000000000000021,1857233047,225282636,41860,H1,013,01675903,488,A,06013,+37.9194790,-121.9515431,06,36084,G4020,Contra Costa,Contra Costa County,06,2022-03-22,49.39547096821888,1647907200000,"{""type"":""MultiPoint"",""coordinates"":[]}"
80_00000000000000000023,1909598013,216923745,41860,H1,001,01675839,488,A,06001,+37.6471385,-121.9124880,06,36084,G4020,Alameda,Alameda County,06,2022-03-22,52.438482190827266,1647907200000,"{""type"":""MultiPoint"",""coordinates"":[]}"
80_0000000000000000001f,121375681,479216672,41860,H6,075,00277302,488,C,06075,+37.7272391,-123.0322294,06,41884,G4020,San Francisco,San Francisco County,06,2022-03-22,59.29283449813079,1647907200000,"{""type"":""MultiPoint"",""coordinates"":[]}"
81_00000000000000000021,1857233047,225282636,41860,H1,013,01675903,488,A,06013,+37.9194790,-121.9515431,06,36084,G4020,Contra Costa,Contra Costa County,06,2022-03-23,63.157177023831366,1647993600000,"{""type"":""MultiPoint"",""coordinates"":[]}"
81_00000000000000000023,1909598013,216923745,41860,H1,001,01675839,488,A,06001,+37.6471385,-121.9124880,06,36084,G4020,Alameda,Alameda County,06,2022-03-23,62.747805952000355,1647993600000,"{""type"":""MultiPoint"",""coordinates"":[]}"
81_0000000000000000001f,121375681,479216672,41860,H6,075,00277302,488,C,06075,+37.7272391,-123.0322294,06,41884,G4020,San Francisco,San Francisco County,06,2022-03-23,78.85708622351845,1647993600000,"{""type"":""MultiPoint"",""coordinates"":[]}"
82_00000000000000000021,1857233047,225282636,41860,H1,013,01675903,488,A,06013,+37.9194790,-121.9515431,06,36084,G4020,Contra Costa,Contra Costa County,06,2022-03-24,66.17104016533287,1648080000000,"{""type"":""MultiPoint"",""coordinates"":[]}"
82_00000000000000000023,1909598013,216923745,41860,H1,001,01675839,488,A,06001,+37.6471385,-121.9124880,06,36084,G4020,Alameda,Alameda County,06,2022-03-24,62.88691920957747,1648080000000,"{""type"":""MultiPoint"",""coordinates"":[]}"
82_0000000000000000001f,121375681,479216672,41860,H6,075,00277302,488,C,06075,+37.7272391,-123.0322294,06,41884,G4020,San Francisco,San Francisco County,06,2022-03-24,81.13878266675387,1648080000000,"{""type"":""MultiPoint"",""coordinates"":[]}"
83_00000000000000000021,1857233047,225282636,41860,H1,013,01675903,488,A,06013,+37.9194790,-121.9515431,06,36084,G4020,Contra Costa,Contra Costa County,06,2022-03-25,66.3342552345839,1648166400000,"{""type"":""MultiPoint"",""coordinates"":[]}"
83_00000000000000000023,1909598013,216923745,41860,H1,001,01675839,488,A,06001,+37.6471385,-121.9124880,06,36084,G4020,Alameda,Alameda County,06,2022-03-25,64.08033101924725,1648166400000,"{""type"":""MultiPoint"",""coordinates"":[]}"
83_0000000000000000001f,121375681,479216672,41860,H6,075,00277302,488,C,06075,+37.7272391,-123.0322294,06,41884,G4020,San Francisco,San Francisco County,06,2022-03-25,78.58826941543374,1648166400000,"{""type"":""MultiPoint"",""coordinates"":[]}"
84_00000000000000000021,1857233047,225282636,41860,H1,013,01675903,488,A,06013,+37.9194790,-121.9515431,06,36084,G4020,Contra Costa,Contra Costa County,06,2022-03-26,63.9137077817002,1648252800000,"{""type"":""MultiPoint"",""coordinates"":[]}"
84_00000000000000000023,1909598013,216923745,41860,H1,001,01675839,488,A,06001,+37.6471385,-121.9124880,06,36084,G4020,Alameda,Alameda County,06,2022-03-26,62.95751866821079,1648252800000,"{""type"":""MultiPoint"",""coordinates"":[]}"
84_0000000000000000001f,121375681,479216672,41860,H6,075,00277302,488,C,06075,+37.7272391,-123.0322294,06,41884,G4020,San Francisco,San Francisco County,06,2022-03-26,76.45347067197295,1648252800000,"{""type"":""MultiPoint"",""coordinates"":[]}"
85_00000000000000000021,1857233047,225282636,41860,H1,013,01675903,488,A,06013,+37.9194790,-121.9515431,06,36084,G4020,Contra Costa,Contra Costa County,06,2022-03-27,69.60953009775768,1648339200000,"{""type"":""MultiPoint"",""coordinates"":[]}"
85_00000000000000000023,1909598013,216923745,41860,H1,001,01675839,488,A,06001,+37.6471385,-121.9124880,06,36084,G4020,Alameda,Alameda County,06,2022-03-27,68.48290760414795,1648339200000,"{""type"":""MultiPoint"",""coordinates"":[]}"
85_0000000000000000001f,121375681,479216672,41860,H6,075,00277302,488,C,06075,+37.7272391,-123.0322294,06,41884,G4020,San Francisco,San Francisco County,06,2022-03-27,80.303991265818,1648339200000,"{""type"":""MultiPoint"",""coordinates"":[]}"
86_00000000000000000021,1857233047,225282636,41860,H1,013,01675903,488,A,06013,+37.9194790,-121.9515431,06,36084,G4020,Contra Costa,Contra Costa County,06,2022-03-28,78.95034427771124,1648425600000,"{""type"":""MultiPoint"",""coordinates"":[]}"
86_00000000000000000023,1909598013,216923745,41860,H1,001,01675839,488,A,06001,+37.6471385,-121.9124880,06,36084,G4020,Alameda,Alameda County,06,2022-03-28,79.11497845606854,1648425600000,"{""type"":""MultiPoint"",""coordinates"":[]}"
86_0000000000000000001f,121375681,479216672,41860,H6,075,00277302,488,C,06075,+37.7272391,-123.0322294,06,41884,G4020,San Francisco,San Francisco County,06,2022-03-28,83.39510047976772,1648425600000,"{""type"":""MultiPoint"",""coordinates"":[]}"
87_00000000000000000021,1857233047,225282636,41860,H1,013,01675903,488,A,06013,+37.9194790,-121.9515431,06,36084,G4020,Contra Costa,Contra Costa County,06,2022-03-29,79.10023454871626,1648512000000,"{""type"":""MultiPoint"",""coordinates"":[]}"
87_00000000000000000023,1909598013,216923745,41860,H1,001,01675839,488,A,06001,+37.6471385,-121.9124880,06,36084,G4020,Alameda,Alameda County,06,2022-03-29,78.91104433125456,1648512000000,"{""type"":""MultiPoint"",""coordinates"":[]}"
87_0000000000000000001f,121375681,479216672,41860,H6,075,00277302,488,C,06075,+37.7272391,-123.0322294,06,41884,G4020,San Francisco,San Francisco County,06,2022-03-29,83.25743335636298,1648512000000,"{""type"":""MultiPoint"",""coordinates"":[]}"
88_00000000000000000021,1857233047,225282636,41860,H1,013,01675903,488,A,06013,+37.9194790,-121.9515431,06,36084,G4020,Contra Costa,Contra Costa County,06,2022-03-30,76.75158347193002,1648598400000,"{""type"":""MultiPoint"",""coordinates"":[]}"
88_00000000000000000023,1909598013,216923745,41860,H1,001,01675839,488,A,06001,+37.6471385,-121.9124880,06,36084,G4020,Alameda,Alameda County,06,2022-03-30,77.74258215117483,1648598400000,"{""type"":""MultiPoint"",""coordinates"":[]}"
88_0000000000000000001f,121375681,479216672,41860,H6,075,00277302,488,C,06075,+37.7272391,-123.0322294,06,41884,G4020,San Francisco,San Francisco County,06,2022-03-30,81.89106846762463,1648598400000,"{""type"":""MultiPoint"",""coordinates"":[]}"
89_00000000000000000021,1857233047,225282636,41860,H1,013,01675903,488,A,06013,+37.9194790,-121.9515431,06,36084,G4020,Contra Costa,Contra Costa County,06,2022-03-31,74.3520264542723,1648684800000,"{""type"":""MultiPoint"",""coordinates"":[]}"
89_00000000000000000023,1909598013,216923745,41860,H1,001,01675839,488,A,06001,+37.6471385,-121.9124880,06,36084,G4020,Alameda,Alameda County,06,2022-03-31,75.61516059322201,1648684800000,"{""type"":""MultiPoint"",""coordinates"":[]}"
89_0000000000000000001f,121375681,479216672,41860,H6,075,00277302,488,C,06075,+37.7272391,-123.0322294,06,41884,G4020,San Francisco,San Francisco County,06,2022-03-31,80.12500342989591,1648684800000,"{""type"":""MultiPoint"",""coordinates"":[]}"
90_00000000000000000021,1857233047,225282636,41860,H1,013,01675903,488,A,06013,+37.9194790,-121.9515431,06,36084,G4020,Contra Costa,Contra Costa County,06,2022-04-01,67.66761649319747,1648771200000,"{""type"":""MultiPoint"",""coordinates"":[]}"
90_00000000000000000023,1909598013,216923745,41860,H1,001,01675839,488,A,06001,+37.6471385,-121.9124880,06,36084,G4020,Alameda,Alameda County,06,2022-04-01,65.75738344799906,1648771200000,"{""type"":""MultiPoint"",""coordinates"":[]}"
90_0000000000000000001f,121375681,479216672,41860,H6,075,00277302,488,C,06075,+37.7272391,-123.0322294,06,41884,G4020,San Francisco,San Francisco County,06,2022-04-01,78.20145528739849,1648771200000,"{""type"":""MultiPoint"",""coordinates"":[]}"
91_00000000000000000021,1857233047,225282636,41860,H1,013,01675903,488,A,06013,+37.9194790,-121.9515431,06,36084,G4020,Contra Costa,Contra Costa County,06,2022-04-02,63.810678812267795,1648857600000,"{""type"":""MultiPoint"",""coordinates"":[]}"
91_00000000000000000023,1909598013,216923745,41860,H1,001,01675839,488,A,06001,+37.6471385,-121.9124880,06,36084,G4020,Alameda,Alameda County,06,2022-04-02,63.651370156508406,1648857600000,"{""type"":""MultiPoint"",""coordinates"":[]}"
91_0000000000000000001f,121375681,479216672,41860,H6,075,00277302,488,C,06075,+37.7272391,-123.0322294,06,41884,G4020,San Francisco,San Francisco County,06,2022-04-02,72.09663699995818,1648857600000,"{""type"":""MultiPoint"",""coordinates"":[]}"
92_00000000000000000021,1857233047,225282636,41860,H1,013,01675903,488,A,06013,+37.9194790,-121.9515431,06,36084,G4020,Contra Costa,Contra Costa County,06,2022-04-03,56.64823838100416,1648944000000,"{""type"":""MultiPoint"",""coordinates"":[]}"
92_00000000000000000023,1909598013,216923745,41860,H1,001,01675839,488,A,06001,+37.6471385,-121.9124880,06,36084,G4020,Alameda,Alameda County,06,2022-04-03,53.79666128831949,1648944000000,"{""type"":""MultiPoint"",""coordinates"":[]}"
92_0000000000000000001f,121375681,479216672,41860,H6,075,00277302,488,C,06075,+37.7272391,-123.0322294,06,41884,G4020,San Francisco,San Francisco County,06,2022-04-03,66.89594548568436,1648944000000,"{""type"":""MultiPoint"",""coordinates"":[]}"
93_00000000000000000021,1857233047,225282636,41860,H1,013,01675903,488,A,06013,+37.9194790,-121.9515431,06,36084,G4020,Contra Costa,Contra Costa County,06,2022-04-04,55.621826465460884,1649030400000,"{""type"":""MultiPoint"",""coordinates"":[]}"
93_00000000000000000023,1909598013,216923745,41860,H1,001,01675839,488,A,06001,+37.6471385,-121.9124880,06,36084,G4020,Alameda,Alameda County,06,2022-04-04,60.8070071369794,1649030400000,"{""type"":""MultiPoint"",""coordinates"":[]}"
93_0000000000000000001f,121375681,479216672,41860,H6,075,00277302,488,C,06075,+37.7272391,-123.0322294,06,41884,G4020,San Francisco,San Francisco County,06,2022-04-04,65.24588625200472,1649030400000,"{""type"":""MultiPoint"",""coordinates"":[]}"
94_00000000000000000021,1857233047,225282636,41860,H1,013,01675903,488,A,06013,+37.9194790,-121.9515431,06,36084,G4020,Contra Costa,Contra Costa County,06,2022-04-05,58.03127394035893,1649116800000,"{""type"":""MultiPoint"",""coordinates"":[]}"
94_00000000000000000023,1909598013,216923745,41860,H1,001,01675839,488,A,06001,+37.6471385,-121.9124880,06,36084,G4020,Alameda,Alameda County,06,2022-04-05,63.24524654099619,1649116800000,"{""type"":""MultiPoint"",""coordinates"":[]}"
94_0000000000000000001f,121375681,479216672,41860,H6,075,00277302,488,C,06075,+37.7272391,-123.0322294,06,41884,G4020,San Francisco,San Francisco County,06,2022-04-05,67.02442013951445,1649116800000,"{""type"":""MultiPoint"",""coordinates"":[]}"
95_00000000000000000021,1857233047,225282636,41860,H1,013,01675903,488,A,06013,+37.9194790,-121.9515431,06,36084,G4020,Contra Costa,Contra Costa County,06,2022-04-06,35.731967238295866,1649203200000,"{""type"":""MultiPoint"",""coordinates"":[]}"
95_00000000000000000023,1909598013,216923745,41860,H1,001,01675839,488,A,06001,+37.6471385,-121.9124880,06,36084,G4020,Alameda,Alameda County,06,2022-04-06,34.98357434893758,1649203200000,"{""type"":""MultiPoint"",""coordinates"":[]}"
95_0000000000000000001f,121375681,479216672,41860,H6,075,00277302,488,C,06075,+37.7272391,-123.0322294,06,41884,G4020,San Francisco,San Francisco County,06,2022-04-06,51.68405373848703,1649203200000,"{""type"":""MultiPoint"",""coordinates"":[]}"
96_00000000000000000021,1857233047,225282636,41860,H1,013,01675903,488,A,06013,+37.9194790,-121.9515431,06,36084,G4020,Contra Costa,Contra Costa County,06,2022-04-07,38.93057802646327,1649289600000,"{""type"":""MultiPoint"",""coordinates"":[]}"
96_00000000000000000023,1909598013,216923745,41860,H1,001,01675839,488,A,06001,+37.6471385,-121.9124880,06,36084,G4020,Alameda,Alameda County,06,2022-04-07,30.310700582242625,1649289600000,"{""type"":""MultiPoint"",""coordinates"":[]}"
96_0000000000000000001f,121375681,479216672,41860,H6,075,00277302,488,C,06075,+37.7272391,-123.0322294,06,41884,G4020,San Francisco,San Francisco County,06,2022-04-07,47.57567609399559,1649289600000,"{""type"":""MultiPoint"",""coordinates"":[]}"
97_00000000000000000021,1857233047,225282636,41860,H1,013,01675903,488,A,06013,+37.9194790,-121.9515431,06,36084,G4020,Contra Costa,Contra Costa County,06,2022-04-08,47.4781659518108,1649376000000,"{""type"":""MultiPoint"",""coordinates"":[]}"
97_00000000000000000023,1909598013,216923745,41860,H1,001,01675839,488,A,06001,+37.6471385,-121.9124880,06,36084,G4020,Alameda,Alameda County,06,2022-04-08,41.54216311075916,1649376000000,"{""type"":""MultiPoint"",""coordinates"":[]}"
97_0000000000000000001f,121375681,479216672,41860,H6,075,00277302,488,C,06075,+37.7272391,-123.0322294,06,41884,G4020,San Francisco,San Francisco County,06,2022-04-08,56.41816169047571,1649376000000,"{""type"":""MultiPoint"",""coordinates"":[]}"
98_00000000000000000021,1857233047,225282636,41860,H1,013,01675903,488,A,06013,+37.9194790,-121.9515431,06,36084,G4020,Contra Costa,Contra Costa County,06,2022-04-09,40.43027410804278,1649462400000,"{""type"":""MultiPoint"",""coordinates"":[]}"
98_00000000000000000023,1909598013,216923745,41860,H1,001,01675839,488,A,06001,+37.6471385,-121.9124880,06,36084,G4020,Alameda,Alameda County,06,2022-04-09,43.423651219612736,1649462400000,"{""type"":""MultiPoint"",""coordinates"":[]}"
98_0000000000000000001f,121375681,479216672,41860,H6,075,00277302,488,C,06075,+37.7272391,-123.0322294,06,41884,G4020,San Francisco,San Francisco County,06,2022-04-09,50.89707319880246,1649462400000,"{""type"":""MultiPoint"",""coordinates"":[]}"
99_00000000000000000021,1857233047,225282636,41860,H1,013,01675903,488,A,06013,+37.9194790,-121.9515431,06,36084,G4020,Contra Costa,Contra Costa County,06,2022-04-10,22.317167997581375,1649548800000,"{""type"":""MultiPoint"",""coordinates"":[]}"
99_00000000000000000023,1909598013,216923745,41860,H1,001,01675839,488,A,06001,+37.6471385,-121.9124880,06,36084,G4020,Alameda,Alameda County,06,2022-04-10,28.284172119673823,1649548800000,"{""type"":""MultiPoint"",""coordinates"":[]}"
99_0000000000000000001f,121375681,479216672,41860,H6,075,00277302,488,C,06075,+37.7272391,-123.0322294,06,41884,G4020,San Francisco,San Francisco County,06,2022-04-10,40.56255131798477,1649548800000,"{""type"":""MultiPoint"",""coordinates"":[]}"
100_00000000000000000021,1857233047,225282636,41860,H1,013,01675903,488,A,06013,+37.9194790,-121.9515431,06,36084,G4020,Contra Costa,Contra Costa County,06,2022-04-11,54.875075983091406,1649635200000,"{""type"":""MultiPoint"",""coordinates"":[]}"
100_00000000000000000023,1909598013,216923745,41860,H1,001,01675839,488,A,06001,+37.6471385,-121.9124880,06,36084,G4020,Alameda,Alameda County,06,2022-04-11,63.31602054014288,1649635200000,"{""type"":""MultiPoint"",""coordinates"":[]}"
100_0000000000000000001f,121375681,479216672,41860,H6,075,00277302,488,C,06075,+37.7272391,-123.0322294,06,41884,G4020,San Francisco,San Francisco County,06,2022-04-11,62.706740215823025,1649635200000,"{""type"":""MultiPoint"",""coordinates"":[]}"
101_00000000000000000021,1857233047,225282636,41860,H1,013,01675903,488,A,06013,+37.9194790,-121.9515431,06,36084,G4020,Contra Costa,Contra Costa County,06,2022-04-12,40.549498659067005,1649721600000,"{""type"":""MultiPoint"",""coordinates"":[]}"
101_00000000000000000023,1909598013,216923745,41860,H1,001,01675839,488,A,06001,+37.6471385,-121.9124880,06,36084,G4020,Alameda,Alameda County,06,2022-04-12,46.16835515342226,1649721600000,"{""type"":""MultiPoint"",""coordinates"":[]}"
101_0000000000000000001f,121375681,479216672,41860,H6,075,00277302,488,C,06075,+37.7272391,-123.0322294,06,41884,G4020,San Francisco,San Francisco County,06,2022-04-12,50.218305317673675,1649721600000,"{""type"":""MultiPoint"",""coordinates"":[]}"
102_00000000000000000021,1857233047,225282636,41860,H1,013,01675903,488,A,06013,+37.9194790,-121.9515431,06,36084,G4020,Contra Costa,Contra Costa County,06,2022-04-13,57.954566609731984,1649808000000,"{""type"":""MultiPoint"",""coordinates"":[]}"
102_00000000000000000023,1909598013,216923745,41860,H1,001,01675839,488,A,06001,+37.6471385,-121.9124880,06,36084,G4020,Alameda,Alameda County,06,2022-04-13,60.92561473187339,1649808000000,"{""type"":""MultiPoint"",""coordinates"":[]}"
102_0000000000000000001f,121375681,479216672,41860,H6,075,00277302,488,C,06075,+37.7272391,-123.0322294,06,41884,G4020,San Francisco,San Francisco County,06,2022-04-13,66.80093614001726,1649808000000,"{""type"":""MultiPoint"",""coordinates"":[]}"
103_00000000000000000021,1857233047,225282636,41860,H1,013,01675903,488,A,06013,+37.9194790,-121.9515431,06,36084,G4020,Contra Costa,Contra Costa County,06,2022-04-14,68.16583429035504,1649894400000,"{""type"":""MultiPoint"",""coordinates"":[]}"
103_00000000000000000023,1909598013,216923745,41860,H1,001,01675839,488,A,06001,+37.6471385,-121.9124880,06,36084,G4020,Alameda,Alameda County,06,2022-04-14,68.33413745588037,1649894400000,"{""type"":""MultiPoint"",""coordinates"":[]}"
103_0000000000000000001f,121375681,479216672,41860,H6,075,00277302,488,C,06075,+37.7272391,-123.0322294,06,41884,G4020,San Francisco,San Francisco County,06,2022-04-14,77.73443712539571,1649894400000,"{""type"":""MultiPoint"",""coordinates"":[]}"
104_00000000000000000021,1857233047,225282636,41860,H1,013,01675903,488,A,06013,+37.9194790,-121.9515431,06,36084,G4020,Contra Costa,Contra Costa County,06,2022-04-15,71.42038892696321,1649980800000,"{""type"":""MultiPoint"",""coordinates"":[]}"
104_00000000000000000023,1909598013,216923745,41860,H1,001,01675839,488,A,06001,+37.6471385,-121.9124880,06,36084,G4020,Alameda,Alameda County,06,2022-04-15,73.15247052193484,1649980800000,"{""type"":""MultiPoint"",""coordinates"":[]}"
104_0000000000000000001f,121375681,479216672,41860,H6,075,00277302,488,C,06075,+37.7272391,-123.0322294,06,41884,G4020,San Francisco,San Francisco County,06,2022-04-15,75.74025921888571,1649980800000,"{""type"":""MultiPoint"",""coordinates"":[]}"
105_00000000000000000021,1857233047,225282636,41860,H1,013,01675903,488,A,06013,+37.9194790,-121.9515431,06,36084,G4020,Contra Costa,Contra Costa County,06,2022-04-16,66.0773234885469,1650067200000,"{""type"":""MultiPoint"",""coordinates"":[]}"
105_00000000000000000023,1909598013,216923745,41860,H1,001,01675839,488,A,06001,+37.6471385,-121.9124880,06,36084,G4020,Alameda,Alameda County,06,2022-04-16,71.07081102842635,1650067200000,"{""type"":""MultiPoint"",""coordinates"":[]}"
105_0000000000000000001f,121375681,479216672,41860,H6,075,00277302,488,C,06075,+37.7272391,-123.0322294,06,41884,G4020,San Francisco,San Francisco County,06,2022-04-16,76.0395099574608,1650067200000,"{""type"":""MultiPoint"",""coordinates"":[]}"
106_00000000000000000021,1857233047,225282636,41860,H1,013,01675903,488,A,06013,+37.9194790,-121.9515431,06,36084,G4020,Contra Costa,Contra Costa County,06,2022-04-17,64.39132563412166,1650153600000,"{""type"":""MultiPoint"",""coordinates"":[]}"
106_00000000000000000023,1909598013,216923745,41860,H1,001,01675839,488,A,06001,+37.6471385,-121.9124880,06,36084,G4020,Alameda,Alameda County,06,2022-04-17,64.89034762307969,1650153600000,"{""type"":""MultiPoint"",""coordinates"":[]}"
106_0000000000000000001f,121375681,479216672,41860,H6,075,00277302,488,C,06075,+37.7272391,-123.0322294,06,41884,G4020,San Francisco,San Francisco County,06,2022-04-17,71.98972178297515,1650153600000,"{""type"":""MultiPoint"",""coordinates"":[]}"
107_00000000000000000021,1857233047,225282636,41860,H1,013,01675903,488,A,06013,+37.9194790,-121.9515431,06,36084,G4020,Contra Costa,Contra Costa County,06,2022-04-18,64.73107388714978,1650240000000,"{""type"":""MultiPoint"",""coordinates"":[]}"
107_00000000000000000023,1909598013,216923745,41860,H1,001,01675839,488,A,06001,+37.6471385,-121.9124880,06,36084,G4020,Alameda,Alameda County,06,2022-04-18,64.52530594305885,1650240000000,"{""type"":""MultiPoint"",""coordinates"":[]}"
107_0000000000000000001f,121375681,479216672,41860,H6,075,00277302,488,C,06075,+37.7272391,-123.0322294,06,41884,G4020,San Francisco,San Francisco County,06,2022-04-18,73.55187308450238,1650240000000,"{""type"":""MultiPoint"",""coordinates"":[]}"
108_00000000000000000021,1857233047,225282636,41860,H1,013,01675903,488,A,06013,+37.9194790,-121.9515431,06,36084,G4020,Contra Costa,Contra Costa County,06,2022-04-19,69.84409280864925,1650326400000,"{""type"":""MultiPoint"",""coordinates"":[]}"
108_00000000000000000023,1909598013,216923745,41860,H1,001,01675839,488,A,06001,+37.6471385,-121.9124880,06,36084,G4020,Alameda,Alameda County,06,2022-04-19,71.8219698171155,1650326400000,"{""type"":""MultiPoint"",""coordinates"":[]}"
108_0000000000000000001f,121375681,479216672,41860,H6,075,00277302,488,C,06075,+37.7272391,-123.0322294,06,41884,G4020,San Francisco,San Francisco County,06,2022-04-19,79.76289933889075,1650326400000,"{""type"":""MultiPoint"",""coordinates"":[]}"
109_00000000000000000021,1857233047,225282636,41860,H1,013,01675903,488,A,06013,+37.9194790,-121.9515431,06,36084,G4020,Contra Costa,Contra Costa County,06,2022-04-20,64.0156170091208,1650412800000,"{""type"":""MultiPoint"",""coordinates"":[]}"
109_00000000000000000023,1909598013,216923745,41860,H1,001,01675839,488,A,06001,+37.6471385,-121.9124880,06,36084,G4020,Alameda,Alameda County,06,2022-04-20,63.46418108442817,1650412800000,"{""type"":""MultiPoint"",""coordinates"":[]}"
109_0000000000000000001f,121375681,479216672,41860,H6,075,00277302,488,C,06075,+37.7272391,-123.0322294,06,41884,G4020,San Francisco,San Francisco County,06,2022-04-20,75.61875503872686,1650412800000,"{""type"":""MultiPoint"",""coordinates"":[]}"
110_00000000000000000021,1857233047,225282636,41860,H1,013,01675903,488,A,06013,+37.9194790,-121.9515431,06,36084,G4020,Contra Costa,Contra Costa County,06,2022-04-21,73.67695306431084,1650499200000,"{""type"":""MultiPoint"",""coordinates"":[]}"
110_00000000000000000023,1909598013,216923745,41860,H1,001,01675839,488,A,06001,+37.6471385,-121.9124880,06,36084,G4020,Alameda,Alameda County,06,2022-04-21,76.88254686809374,1650499200000,"{""type"":""MultiPoint"",""coordinates"":[]}"
110_0000000000000000001f,121375681,479216672,41860,H6,075,00277302,488,C,06075,+37.7272391,-123.0322294,06,41884,G4020,San Francisco,San Francisco County,06,2022-04-21,81.1389294411506,1650499200000,"{""type"":""MultiPoint"",""coordinates"":[]}"
111_00000000000000000021,1857233047,225282636,41860,H1,013,01675903,488,A,06013,+37.9194790,-121.9515431,06,36084,G4020,Contra Costa,Contra Costa County,06,2022-04-22,71.93860955160626,1650585600000,"{""type"":""MultiPoint"",""coordinates"":[]}"
111_00000000000000000023,1909598013,216923745,41860,H1,001,01675839,488,A,06001,+37.6471385,-121.9124880,06,36084,G4020,Alameda,Alameda County,06,2022-04-22,75.38483449200062,1650585600000,"{""type"":""MultiPoint"",""coordinates"":[]}"
111_0000000000000000001f,121375681,479216672,41860,H6,075,00277302,488,C,06075,+37.7272391,-123.0322294,06,41884,G4020,San Francisco,San Francisco County,06,2022-04-22,78.31081654911983,1650585600000,"{""type"":""MultiPoint"",""coordinates"":[]}"
112_00000000000000000021,1857233047,225282636,41860,H1,013,01675903,488,A,06013,+37.9194790,-121.9515431,06,36084,G4020,Contra Costa,Contra Costa County,06,2022-04-23,63.511633791409345,1650672000000,"{""type"":""MultiPoint"",""coordinates"":[]}"
112_00000000000000000023,1909598013,216923745,41860,H1,001,01675839,488,A,06001,+37.6471385,-121.9124880,06,36084,G4020,Alameda,Alameda County,06,2022-04-23,67.89941534212527,1650672000000,"{""type"":""MultiPoint"",""coordinates"":[]}"
112_0000000000000000001f,121375681,479216672,41860,H6,075,00277302,488,C,06075,+37.7272391,-123.0322294,06,41884,G4020,San Francisco,San Francisco County,06,2022-04-23,75.07860287646795,1650672000000,"{""type"":""MultiPoint"",""coordinates"":[]}"
113_00000000000000000021,1857233047,225282636,41860,H1,013,01675903,488,A,06013,+37.9194790,-121.9515431,06,36084,G4020,Contra Costa,Contra Costa County,06,2022-04-24,61.300339640537004,1650758400000,"{""type"":""MultiPoint"",""coordinates"":[]}"
113_00000000000000000023,1909598013,216923745,41860,H1,001,01675839,488,A,06001,+37.6471385,-121.9124880,06,36084,G4020,Alameda,Alameda County,06,2022-04-24,62.609687154270645,1650758400000,"{""type"":""MultiPoint"",""coordinates"":[]}"
113_0000000000000000001f,121375681,479216672,41860,H6,075,00277302,488,C,06075,+37.7272391,-123.0322294,06,41884,G4020,San Francisco,San Francisco County,06,2022-04-24,76.10618644117746,1650758400000,"{""type"":""MultiPoint"",""coordinates"":[]}"
114_00000000000000000021,1857233047,225282636,41860,H1,013,01675903,488,A,06013,+37.9194790,-121.9515431,06,36084,G4020,Contra Costa,Contra Costa County,06,2022-04-25,61.55571336530048,1650844800000,"{""type"":""MultiPoint"",""coordinates"":[]}"
114_00000000000000000023,1909598013,216923745,41860,H1,001,01675839,488,A,06001,+37.6471385,-121.9124880,06,36084,G4020,Alameda,Alameda County,06,2022-04-25,62.355429167820986,1650844800000,"{""type"":""MultiPoint"",""coordinates"":[]}"
114_0000000000000000001f,121375681,479216672,41860,H6,075,00277302,488,C,06075,+37.7272391,-123.0322294,06,41884,G4020,San Francisco,San Francisco County,06,2022-04-25,75.37842825229438,1650844800000,"{""type"":""MultiPoint"",""coordinates"":[]}"
115_00000000000000000021,1857233047,225282636,41860,H1,013,01675903,488,A,06013,+37.9194790,-121.9515431,06,36084,G4020,Contra Costa,Contra Costa County,06,2022-04-26,58.47792885340714,1650931200000,"{""type"":""MultiPoint"",""coordinates"":[]}"
115_00000000000000000023,1909598013,216923745,41860,H1,001,01675839,488,A,06001,+37.6471385,-121.9124880,06,36084,G4020,Alameda,Alameda County,06,2022-04-26,63.04290667817958,1650931200000,"{""type"":""MultiPoint"",""coordinates"":[]}"
115_0000000000000000001f,121375681,479216672,41860,H6,075,00277302,488,C,06075,+37.7272391,-123.0322294,06,41884,G4020,San Francisco,San Francisco County,06,2022-04-26,68.97531460446136,1650931200000,"{""type"":""MultiPoint"",""coordinates"":[]}"
116_00000000000000000021,1857233047,225282636,41860,H1,013,01675903,488,A,06013,+37.9194790,-121.9515431,06,36084,G4020,Contra Costa,Contra Costa County,06,2022-04-27,55.9752535760688,1651017600000,"{""type"":""MultiPoint"",""coordinates"":[]}"
116_00000000000000000023,1909598013,216923745,41860,H1,001,01675839,488,A,06001,+37.6471385,-121.9124880,06,36084,G4020,Alameda,Alameda County,06,2022-04-27,61.10151119408503,1651017600000,"{""type"":""MultiPoint"",""coordinates"":[]}"
116_0000000000000000001f,121375681,479216672,41860,H6,075,00277302,488,C,06075,+37.7272391,-123.0322294,06,41884,G4020,San Francisco,San Francisco County,06,2022-04-27,63.205646450102215,1651017600000,"{""type"":""MultiPoint"",""coordinates"":[]}"
117_00000000000000000021,1857233047,225282636,41860,H1,013,01675903,488,A,06013,+37.9194790,-121.9515431,06,36084,G4020,Contra Costa,Contra Costa County,06,2022-04-28,55.122006183055646,1651104000000,"{""type"":""MultiPoint"",""coordinates"":[]}"
117_00000000000000000023,1909598013,216923745,41860,H1,001,01675839,488,A,06001,+37.6471385,-121.9124880,06,36084,G4020,Alameda,Alameda County,06,2022-04-28,61.449210483926514,1651104000000,"{""type"":""MultiPoint"",""coordinates"":[]}"
117_0000000000000000001f,121375681,479216672,41860,H6,075,00277302,488,C,06075,+37.7272391,-123.0322294,06,41884,G4020,San Francisco,San Francisco County,06,2022-04-28,64.19116759045095,1651104000000,"{""type"":""MultiPoint"",""coordinates"":[]}"
118_00000000000000000021,1857233047,225282636,41860,H1,013,01675903,488,A,06013,+37.9194790,-121.9515431,06,36084,G4020,Contra Costa,Contra Costa County,06,2022-04-29,50.227778635285176,1651190400000,"{""type"":""MultiPoint"",""coordinates"":[]}"
118_00000000000000000023,1909598013,216923745,41860,H1,001,01675839,488,A,06001,+37.6471385,-121.9124880,06,36084,G4020,Alameda,Alameda County,06,2022-04-29,56.39802681741343,1651190400000,"{""type"":""MultiPoint"",""coordinates"":[]}"
118_0000000000000000001f,121375681,479216672,41860,H6,075,00277302,488,C,06075,+37.7272391,-123.0322294,06,41884,G4020,San Francisco,San Francisco County,06,2022-04-29,60.83538019952116,1651190400000,"{""type"":""MultiPoint"",""coordinates"":[]}"
119_00000000000000000021,1857233047,225282636,41860,H1,013,01675903,488,A,06013,+37.9194790,-121.9515431,06,36084,G4020,Contra Costa,Contra Costa County,06,2022-04-30,53.9338731863683,1651276800000,"{""type"":""MultiPoint"",""coordinates"":[]}"
119_00000000000000000023,1909598013,216923745,41860,H1,001,01675839,488,A,06001,+37.6471385,-121.9124880,06,36084,G4020,Alameda,Alameda County,06,2022-04-30,60.48278467768746,1651276800000,"{""type"":""MultiPoint"",""coordinates"":[]}"
119_0000000000000000001f,121375681,479216672,41860,H6,075,00277302,488,C,06075,+37.7272391,-123.0322294,06,41884,G4020,San Francisco,San Francisco County,06,2022-04-30,64.29729351220226,1651276800000,"{""type"":""MultiPoint"",""coordinates"":[]}"
120_00000000000000000021,1857233047,225282636,41860,H1,013,01675903,488,A,06013,+37.9194790,-121.9515431,06,36084,G4020,Contra Costa,Contra Costa County,06,2022-05-01,53.111496870982435,1651363200000,"{""type"":""MultiPoint"",""coordinates"":[]}"
120_00000000000000000023,1909598013,216923745,41860,H1,001,01675839,488,A,06001,+37.6471385,-121.9124880,06,36084,G4020,Alameda,Alameda County,06,2022-05-01,59.49471913346987,1651363200000,"{""type"":""MultiPoint"",""coordinates"":[]}"
120_0000000000000000001f,121375681,479216672,41860,H6,075,00277302,488,C,06075,+37.7272391,-123.0322294,06,41884,G4020,San Francisco,San Francisco County,06,2022-05-01,63.76810437326017,1651363200000,"{""type"":""MultiPoint"",""coordinates"":[]}"
121_00000000000000000021,1857233047,225282636,41860,H1,013,01675903,488,A,06013,+37.9194790,-121.9515431,06,36084,G4020,Contra Costa,Contra Costa County,06,2022-05-02,54.569574987972274,1651449600000,"{""type"":""MultiPoint"",""coordinates"":[]}"
121_00000000000000000023,1909598013,216923745,41860,H1,001,01675839,488,A,06001,+37.6471385,-121.9124880,06,36084,G4020,Alameda,Alameda County,06,2022-05-02,60.33803152946579,1651449600000,"{""type"":""MultiPoint"",""coordinates"":[]}"
121_0000000000000000001f,121375681,479216672,41860,H6,075,00277302,488,C,06075,+37.7272391,-123.0322294,06,41884,G4020,San Francisco,San Francisco County,06,2022-05-02,66.746161676297,1651449600000,"{""type"":""MultiPoint"",""coordinates"":[]}"
122_00000000000000000021,1857233047,225282636,41860,H1,013,01675903,488,A,06013,+37.9194790,-121.9515431,06,36084,G4020,Contra Costa,Contra Costa County,06,2022-05-03,33.24930406474779,1651536000000,"{""type"":""MultiPoint"",""coordinates"":[]}"
122_00000000000000000023,1909598013,216923745,41860,H1,001,01675839,488,A,06001,+37.6471385,-121.9124880,06,36084,G4020,Alameda,Alameda County,06,2022-05-03,38.65736889378024,1651536000000,"{""type"":""MultiPoint"",""coordinates"":[]}"
122_0000000000000000001f,121375681,479216672,41860,H6,075,00277302,488,C,06075,+37.7272391,-123.0322294,06,41884,G4020,San Francisco,San Francisco County,06,2022-05-03,43.766863336444096,1651536000000,"{""type"":""MultiPoint"",""coordinates"":[]}"
123_00000000000000000021,1857233047,225282636,41860,H1,013,01675903,488,A,06013,+37.9194790,-121.9515431,06,36084,G4020,Contra Costa,Contra Costa County,06,2022-05-04,44.35898271156889,1651622400000,"{""type"":""MultiPoint"",""coordinates"":[]}"
123_00000000000000000023,1909598013,216923745,41860,H1,001,01675839,488,A,06001,+37.6471385,-121.9124880,06,36084,G4020,Alameda,Alameda County,06,2022-05-04,43.68299205443743,1651622400000,"{""type"":""MultiPoint"",""coordinates"":[]}"
123_0000000000000000001f,121375681,479216672,41860,H6,075,00277302,488,C,06075,+37.7272391,-123.0322294,06,41884,G4020,San Francisco,San Francisco County,06,2022-05-04,66.08647011331455,1651622400000,"{""type"":""MultiPoint"",""coordinates"":[]}"
124_00000000000000000021,1857233047,225282636,41860,H1,013,01675903,488,A,06013,+37.9194790,-121.9515431,06,36084,G4020,Contra Costa,Contra Costa County,06,2022-05-05,54.53697173202518,1651708800000,"{""type"":""MultiPoint"",""coordinates"":[]}"
124_00000000000000000023,1909598013,216923745,41860,H1,001,01675839,488,A,06001,+37.6471385,-121.9124880,06,36084,G4020,Alameda,Alameda County,06,2022-05-05,54.14133499831041,1651708800000,"{""type"":""MultiPoint"",""coordinates"":[]}"
124_0000000000000000001f,121375681,479216672,41860,H6,075,00277302,488,C,06075,+37.7272391,-123.0322294,06,41884,G4020,San Francisco,San Francisco County,06,2022-05-05,73.3713721166718,1651708800000,"{""type"":""MultiPoint"",""coordinates"":[]}"
125_00000000000000000021,1857233047,225282636,41860,H1,013,01675903,488,A,06013,+37.9194790,-121.9515431,06,36084,G4020,Contra Costa,Contra Costa County,06,2022-05-06,70.27939506165052,1651795200000,"{""type"":""MultiPoint"",""coordinates"":[]}"
125_00000000000000000023,1909598013,216923745,41860,H1,001,01675839,488,A,06001,+37.6471385,-121.9124880,06,36084,G4020,Alameda,Alameda County,06,2022-05-06,69.27199149423895,1651795200000,"{""type"":""MultiPoint"",""coordinates"":[]}"
125_0000000000000000001f,121375681,479216672,41860,H6,075,00277302,488,C,06075,+37.7272391,-123.0322294,06,41884,G4020,San Francisco,San Francisco County,06,2022-05-06,80.48736393948896,1651795200000,"{""type"":""MultiPoint"",""coordinates"":[]}"
126_00000000000000000021,1857233047,225282636,41860,H1,013,01675903,488,A,06013,+37.9194790,-121.9515431,06,36084,G4020,Contra Costa,Contra Costa County,06,2022-05-07,61.70000382688294,1651881600000,"{""type"":""MultiPoint"",""coordinates"":[]}"
126_00000000000000000023,1909598013,216923745,41860,H1,001,01675839,488,A,06001,+37.6471385,-121.9124880,06,36084,G4020,Alameda,Alameda County,06,2022-05-07,64.61757510238039,1651881600000,"{""type"":""MultiPoint"",""coordinates"":[]}"
126_0000000000000000001f,121375681,479216672,41860,H6,075,00277302,488,C,06075,+37.7272391,-123.0322294,06,41884,G4020,San Francisco,San Francisco County,06,2022-05-07,71.51922810162901,1651881600000,"{""type"":""MultiPoint"",""coordinates"":[]}"
127_00000000000000000021,1857233047,225282636,41860,H1,013,01675903,488,A,06013,+37.9194790,-121.9515431,06,36084,G4020,Contra Costa,Contra Costa County,06,2022-05-08,51.02187603812539,1651968000000,"{""type"":""MultiPoint"",""coordinates"":[]}"
127_00000000000000000023,1909598013,216923745,41860,H1,001,01675839,488,A,06001,+37.6471385,-121.9124880,06,36084,G4020,Alameda,Alameda County,06,2022-05-08,57.99600024815044,1651968000000,"{""type"":""MultiPoint"",""coordinates"":[]}"
127_0000000000000000001f,121375681,479216672,41860,H6,075,00277302,488,C,06075,+37.7272391,-123.0322294,06,41884,G4020,San Francisco,San Francisco County,06,2022-05-08,60.262551023954195,1651968000000,"{""type"":""MultiPoint"",""coordinates"":[]}"
128_00000000000000000021,1857233047,225282636,41860,H1,013,01675903,488,A,06013,+37.9194790,-121.9515431,06,36084,G4020,Contra Costa,Contra Costa County,06,2022-05-09,51.922944252677944,1652054400000,"{""type"":""MultiPoint"",""coordinates"":[]}"
128_00000000000000000023,1909598013,216923745,41860,H1,001,01675839,488,A,06001,+37.6471385,-121.9124880,06,36084,G4020,Alameda,Alameda County,06,2022-05-09,56.15582379024652,1652054400000,"{""type"":""MultiPoint"",""coordinates"":[]}"
128_0000000000000000001f,121375681,479216672,41860,H6,075,00277302,488,C,06075,+37.7272391,-123.0322294,06,41884,G4020,San Francisco,San Francisco County,06,2022-05-09,60.67598318729342,1652054400000,"{""type"":""MultiPoint"",""coordinates"":[]}"
129_00000000000000000021,1857233047,225282636,41860,H1,013,01675903,488,A,06013,+37.9194790,-121.9515431,06,36084,G4020,Contra Costa,Contra Costa County,06,2022-05-10,55.9827710183952,1652140800000,"{""type"":""MultiPoint"",""coordinates"":[]}"
129_00000000000000000023,1909598013,216923745,41860,H1,001,01675839,488,A,06001,+37.6471385,-121.9124880,06,36084,G4020,Alameda,Alameda County,06,2022-05-10,61.45272784219422,1652140800000,"{""type"":""MultiPoint"",""coordinates"":[]}"
129_0000000000000000001f,121375681,479216672,41860,H6,075,00277302,488,C,06075,+37.7272391,-123.0322294,06,41884,G4020,San Francisco,San Francisco County,06,2022-05-10,62.55913005068302,1652140800000,"{""type"":""MultiPoint"",""coordinates"":[]}"
130_00000000000000000021,1857233047,225282636,41860,H1,013,01675903,488,A,06013,+37.9194790,-121.9515431,06,36084,G4020,Contra Costa,Contra Costa County,06,2022-05-11,49.79132477062,1652227200000,"{""type"":""MultiPoint"",""coordinates"":[]}"
130_00000000000000000023,1909598013,216923745,41860,H1,001,01675839,488,A,06001,+37.6471385,-121.9124880,06,36084,G4020,Alameda,Alameda County,06,2022-05-11,55.87293889338943,1652227200000,"{""type"":""MultiPoint"",""coordinates"":[]}"
130_0000000000000000001f,121375681,479216672,41860,H6,075,00277302,488,C,06075,+37.7272391,-123.0322294,06,41884,G4020,San Francisco,San Francisco County,06,2022-05-11,60.93791399754433,1652227200000,"{""type"":""MultiPoint"",""coordinates"":[]}"
131_00000000000000000021,1857233047,225282636,41860,H1,013,01675903,488,A,06013,+37.9194790,-121.9515431,06,36084,G4020,Contra Costa,Contra Costa County,06,2022-05-12,50.961859862010705,1652313600000,"{""type"":""MultiPoint"",""coordinates"":[]}"
131_00000000000000000023,1909598013,216923745,41860,H1,001,01675839,488,A,06001,+37.6471385,-121.9124880,06,36084,G4020,Alameda,Alameda County,06,2022-05-12,56.248925171336126,1652313600000,"{""type"":""MultiPoint"",""coordinates"":[]}"
131_0000000000000000001f,121375681,479216672,41860,H6,075,00277302,488,C,06075,+37.7272391,-123.0322294,06,41884,G4020,San Francisco,San Francisco County,06,2022-05-12,61.44792488122554,1652313600000,"{""type"":""MultiPoint"",""coordinates"":[]}"
132_00000000000000000021,1857233047,225282636,41860,H1,013,01675903,488,A,06013,+37.9194790,-121.9515431,06,36084,G4020,Contra Costa,Contra Costa County,06,2022-05-13,55.40566843871061,1652400000000,"{""type"":""MultiPoint"",""coordinates"":[]}"
132_00000000000000000023,1909598013,216923745,41860,H1,001,01675839,488,A,06001,+37.6471385,-121.9124880,06,36084,G4020,Alameda,Alameda County,06,2022-05-13,60.1114130381171,1652400000000,"{""type"":""MultiPoint"",""coordinates"":[]}"
132_0000000000000000001f,121375681,479216672,41860,H6,075,00277302,488,C,06075,+37.7272391,-123.0322294,06,41884,G4020,San Francisco,San Francisco County,06,2022-05-13,65.61698927176161,1652400000000,"{""type"":""MultiPoint"",""coordinates"":[]}"
133_00000000000000000021,1857233047,225282636,41860,H1,013,01675903,488,A,06013,+37.9194790,-121.9515431,06,36084,G4020,Contra Costa,Contra Costa County,06,2022-05-14,54.476913261398174,1652486400000,"{""type"":""MultiPoint"",""coordinates"":[]}"
133_00000000000000000023,1909598013,216923745,41860,H1,001,01675839,488,A,06001,+37.6471385,-121.9124880,06,36084,G4020,Alameda,Alameda County,06,2022-05-14,59.03007325532351,1652486400000,"{""type"":""MultiPoint"",""coordinates"":[]}"
133_0000000000000000001f,121375681,479216672,41860,H6,075,00277302,488,C,06075,+37.7272391,-123.0322294,06,41884,G4020,San Francisco,San Francisco County,06,2022-05-14,66.3826949900681,1652486400000,"{""type"":""MultiPoint"",""coordinates"":[]}"
134_00000000000000000021,1857233047,225282636,41860,H1,013,01675903,488,A,06013,+37.9194790,-121.9515431,06,36084,G4020,Contra Costa,Contra Costa County,06,2022-05-15,56.952893771711516,1652572800000,"{""type"":""MultiPoint"",""coordinates"":[]}"
134_00000000000000000023,1909598013,216923745,41860,H1,001,01675839,488,A,06001,+37.6471385,-121.9124880,06,36084,G4020,Alameda,Alameda County,06,2022-05-15,61.11660139811478,1652572800000,"{""type"":""MultiPoint"",""coordinates"":[]}"
134_0000000000000000001f,121375681,479216672,41860,H6,075,00277302,488,C,06075,+37.7272391,-123.0322294,06,41884,G4020,San Francisco,San Francisco County,06,2022-05-15,72.42598655985293,1652572800000,"{""type"":""MultiPoint"",""coordinates"":[]}"
135_00000000000000000021,1857233047,225282636,41860,H1,013,01675903,488,A,06013,+37.9194790,-121.9515431,06,36084,G4020,Contra Costa,Contra Costa County,06,2022-05-16,60.535296436916695,1652659200000,"{""type"":""MultiPoint"",""coordinates"":[]}"
135_00000000000000000023,1909598013,216923745,41860,H1,001,01675839,488,A,06001,+37.6471385,-121.9124880,06,36084,G4020,Alameda,Alameda County,06,2022-05-16,64.24756330782405,1652659200000,"{""type"":""MultiPoint"",""coordinates"":[]}"
135_0000000000000000001f,121375681,479216672,41860,H6,075,00277302,488,C,06075,+37.7272391,-123.0322294,06,41884,G4020,San Francisco,San Francisco County,06,2022-05-16,71.76576334047394,1652659200000,"{""type"":""MultiPoint"",""coordinates"":[]}"
136_00000000000000000021,1857233047,225282636,41860,H1,013,01675903,488,A,06013,+37.9194790,-121.9515431,06,36084,G4020,Contra Costa,Contra Costa County,06,2022-05-17,57.78492173683563,1652745600000,"{""type"":""MultiPoint"",""coordinates"":[]}"
136_00000000000000000023,1909598013,216923745,41860,H1,001,01675839,488,A,06001,+37.6471385,-121.9124880,06,36084,G4020,Alameda,Alameda County,06,2022-05-17,61.047472137841424,1652745600000,"{""type"":""MultiPoint"",""coordinates"":[]}"
136_0000000000000000001f,121375681,479216672,41860,H6,075,00277302,488,C,06075,+37.7272391,-123.0322294,06,41884,G4020,San Francisco,San Francisco County,06,2022-05-17,66.53255731053822,1652745600000,"{""type"":""MultiPoint"",""coordinates"":[]}"
137_00000000000000000021,1857233047,225282636,41860,H1,013,01675903,488,A,06013,+37.9194790,-121.9515431,06,36084,G4020,Contra Costa,Contra Costa County,06,2022-05-18,45.25731641627665,1652832000000,"{""type"":""MultiPoint"",""coordinates"":[]}"
137_00000000000000000023,1909598013,216923745,41860,H1,001,01675839,488,A,06001,+37.6471385,-121.9124880,06,36084,G4020,Alameda,Alameda County,06,2022-05-18,47.79770045973709,1652832000000,"{""type"":""MultiPoint"",""coordinates"":[]}"
137_0000000000000000001f,121375681,479216672,41860,H6,075,00277302,488,C,06075,+37.7272391,-123.0322294,06,41884,G4020,San Francisco,San Francisco County,06,2022-05-18,56.8331928511523,1652832000000,"{""type"":""MultiPoint"",""coordinates"":[]}"
138_00000000000000000021,1857233047,225282636,41860,H1,013,01675903,488,A,06013,+37.9194790,-121.9515431,06,36084,G4020,Contra Costa,Contra Costa County,06,2022-05-19,42.084930186954544,1652918400000,"{""type"":""MultiPoint"",""coordinates"":[]}"
138_00000000000000000023,1909598013,216923745,41860,H1,001,01675839,488,A,06001,+37.6471385,-121.9124880,06,36084,G4020,Alameda,Alameda County,06,2022-05-19,47.652784876094195,1652918400000,"{""type"":""MultiPoint"",""coordinates"":[]}"
138_0000000000000000001f,121375681,479216672,41860,H6,075,00277302,488,C,06075,+37.7272391,-123.0322294,06,41884,G4020,San Francisco,San Francisco County,06,2022-05-19,49.70323066660103,1652918400000,"{""type"":""MultiPoint"",""coordinates"":[]}"
139_00000000000000000021,1857233047,225282636,41860,H1,013,01675903,488,A,06013,+37.9194790,-121.9515431,06,36084,G4020,Contra Costa,Contra Costa County,06,2022-05-20,25.698979918033892,1653004800000,"{""type"":""MultiPoint"",""coordinates"":[]}"
139_00000000000000000023,1909598013,216923745,41860,H1,001,01675839,488,A,06001,+37.6471385,-121.9124880,06,36084,G4020,Alameda,Alameda County,06,2022-05-20,31.60438364335415,1653004800000,"{""type"":""MultiPoint"",""coordinates"":[]}"
139_0000000000000000001f,121375681,479216672,41860,H6,075,00277302,488,C,06075,+37.7272391,-123.0322294,06,41884,G4020,San Francisco,San Francisco County,06,2022-05-20,35.855097707951614,1653004800000,"{""type"":""MultiPoint"",""coordinates"":[]}"
140_00000000000000000021,1857233047,225282636,41860,H1,013,01675903,488,A,06013,+37.9194790,-121.9515431,06,36084,G4020,Contra Costa,Contra Costa County,06,2022-05-21,30.35650802309597,1653091200000,"{""type"":""MultiPoint"",""coordinates"":[]}"
140_00000000000000000023,1909598013,216923745,41860,H1,001,01675839,488,A,06001,+37.6471385,-121.9124880,06,36084,G4020,Alameda,Alameda County,06,2022-05-21,34.149191052075444,1653091200000,"{""type"":""MultiPoint"",""coordinates"":[]}"
140_0000000000000000001f,121375681,479216672,41860,H6,075,00277302,488,C,06075,+37.7272391,-123.0322294,06,41884,G4020,San Francisco,San Francisco County,06,2022-05-21,50.6704384952216,1653091200000,"{""type"":""MultiPoint"",""coordinates"":[]}"
141_00000000000000000021,1857233047,225282636,41860,H1,013,01675903,488,A,06013,+37.9194790,-121.9515431,06,36084,G4020,Contra Costa,Contra Costa County,06,2022-05-22,42.42464388862605,1653177600000,"{""type"":""MultiPoint"",""coordinates"":[]}"
141_00000000000000000023,1909598013,216923745,41860,H1,001,01675839,488,A,06001,+37.6471385,-121.9124880,06,36084,G4020,Alameda,Alameda County,06,2022-05-22,45.000538088801065,1653177600000,"{""type"":""MultiPoint"",""coordinates"":[]}"
141_0000000000000000001f,121375681,479216672,41860,H6,075,00277302,488,C,06075,+37.7272391,-123.0322294,06,41884,G4020,San Francisco,San Francisco County,06,2022-05-22,58.64813766094815,1653177600000,"{""type"":""MultiPoint"",""coordinates"":[]}"
142_00000000000000000021,1857233047,225282636,41860,H1,013,01675903,488,A,06013,+37.9194790,-121.9515431,06,36084,G4020,Contra Costa,Contra Costa County,06,2022-05-23,40.48594174014531,1653264000000,"{""type"":""MultiPoint"",""coordinates"":[]}"
142_00000000000000000023,1909598013,216923745,41860,H1,001,01675839,488,A,06001,+37.6471385,-121.9124880,06,36084,G4020,Alameda,Alameda County,06,2022-05-23,44.53281957345789,1653264000000,"{""type"":""MultiPoint"",""coordinates"":[]}"
142_0000000000000000001f,121375681,479216672,41860,H6,075,00277302,488,C,06075,+37.7272391,-123.0322294,06,41884,G4020,San Francisco,San Francisco County,06,2022-05-23,50.19948844939702,1653264000000,"{""type"":""MultiPoint"",""coordinates"":[]}"
143_00000000000000000021,1857233047,225282636,41860,H1,013,01675903,488,A,06013,+37.9194790,-121.9515431,06,36084,G4020,Contra Costa,Contra Costa County,06,2022-05-24,38.79999696603606,1653350400000,"{""type"":""MultiPoint"",""coordinates"":[]}"
143_00000000000000000023,1909598013,216923745,41860,H1,001,01675839,488,A,06001,+37.6471385,-121.9124880,06,36084,G4020,Alameda,Alameda County,06,2022-05-24,39.65171543242816,1653350400000,"{""type"":""MultiPoint"",""coordinates"":[]}"
143_0000000000000000001f,121375681,479216672,41860,H6,075,00277302,488,C,06075,+37.7272391,-123.0322294,06,41884,G4020,San Francisco,San Francisco County,06,2022-05-24,55.64308368084714,1653350400000,"{""type"":""MultiPoint"",""coordinates"":[]}"
144_00000000000000000021,1857233047,225282636,41860,H1,013,01675903,488,A,06013,+37.9194790,-121.9515431,06,36084,G4020,Contra Costa,Contra Costa County,06,2022-05-25,34.099856759333505,1653436800000,"{""type"":""MultiPoint"",""coordinates"":[]}"
144_00000000000000000023,1909598013,216923745,41860,H1,001,01675839,488,A,06001,+37.6471385,-121.9124880,06,36084,G4020,Alameda,Alameda County,06,2022-05-25,31.68714011768844,1653436800000,"{""type"":""MultiPoint"",""coordinates"":[]}"
144_0000000000000000001f,121375681,479216672,41860,H6,075,00277302,488,C,06075,+37.7272391,-123.0322294,06,41884,G4020,San Francisco,San Francisco County,06,2022-05-25,49.235490101256865,1653436800000,"{""type"":""MultiPoint"",""coordinates"":[]}"
145_00000000000000000021,1857233047,225282636,41860,H1,013,01675903,488,A,06013,+37.9194790,-121.9515431,06,36084,G4020,Contra Costa,Contra Costa County,06,2022-05-26,54.40337382837566,1653523200000,"{""type"":""MultiPoint"",""coordinates"":[]}"
145_00000000000000000023,1909598013,216923745,41860,H1,001,01675839,488,A,06001,+37.6471385,-121.9124880,06,36084,G4020,Alameda,Alameda County,06,2022-05-26,49.79924427420102,1653523200000,"{""type"":""MultiPoint"",""coordinates"":[]}"
145_0000000000000000001f,121375681,479216672,41860,H6,075,00277302,488,C,06075,+37.7272391,-123.0322294,06,41884,G4020,San Francisco,San Francisco County,06,2022-05-26,75.08784946660057,1653523200000,"{""type"":""MultiPoint"",""coordinates"":[]}"
146_00000000000000000021,1857233047,225282636,41860,H1,013,01675903,488,A,06013,+37.9194790,-121.9515431,06,36084,G4020,Contra Costa,Contra Costa County,06,2022-05-27,69.22045643021002,1653609600000,"{""type"":""MultiPoint"",""coordinates"":[]}"
146_00000000000000000023,1909598013,216923745,41860,H1,001,01675839,488,A,06001,+37.6471385,-121.9124880,06,36084,G4020,Alameda,Alameda County,06,2022-05-27,66.20248027443073,1653609600000,"{""type"":""MultiPoint"",""coordinates"":[]}"
146_0000000000000000001f,121375681,479216672,41860,H6,075,00277302,488,C,06075,+37.7272391,-123.0322294,06,41884,G4020,San Francisco,San Francisco County,06,2022-05-27,81.62292466722636,1653609600000,"{""type"":""MultiPoint"",""coordinates"":[]}"
147_00000000000000000021,1857233047,225282636,41860,H1,013,01675903,488,A,06013,+37.9194790,-121.9515431,06,36084,G4020,Contra Costa,Contra Costa County,06,2022-05-28,66.45554040357271,1653696000000,"{""type"":""MultiPoint"",""coordinates"":[]}"
147_00000000000000000023,1909598013,216923745,41860,H1,001,01675839,488,A,06001,+37.6471385,-121.9124880,06,36084,G4020,Alameda,Alameda County,06,2022-05-28,65.77786771972411,1653696000000,"{""type"":""MultiPoint"",""coordinates"":[]}"
147_0000000000000000001f,121375681,479216672,41860,H6,075,00277302,488,C,06075,+37.7272391,-123.0322294,06,41884,G4020,San Francisco,San Francisco County,06,2022-05-28,78.12250214069125,1653696000000,"{""type"":""MultiPoint"",""coordinates"":[]}"
148_00000000000000000021,1857233047,225282636,41860,H1,013,01675903,488,A,06013,+37.9194790,-121.9515431,06,36084,G4020,Contra Costa,Contra Costa County,06,2022-05-29,51.9455641959465,1653782400000,"{""type"":""MultiPoint"",""coordinates"":[]}"
148_00000000000000000023,1909598013,216923745,41860,H1,001,01675839,488,A,06001,+37.6471385,-121.9124880,06,36084,G4020,Alameda,Alameda County,06,2022-05-29,55.37306223909492,1653782400000,"{""type"":""MultiPoint"",""coordinates"":[]}"
148_0000000000000000001f,121375681,479216672,41860,H6,075,00277302,488,C,06075,+37.7272391,-123.0322294,06,41884,G4020,San Francisco,San Francisco County,06,2022-05-29,61.86619305313277,1653782400000,"{""type"":""MultiPoint"",""coordinates"":[]}"
149_00000000000000000021,1857233047,225282636,41860,H1,013,01675903,488,A,06013,+37.9194790,-121.9515431,06,36084,G4020,Contra Costa,Contra Costa County,06,2022-05-30,40.52059957357014,1653868800000,"{""type"":""MultiPoint"",""coordinates"":[]}"
149_00000000000000000023,1909598013,216923745,41860,H1,001,01675839,488,A,06001,+37.6471385,-121.9124880,06,36084,G4020,Alameda,Alameda County,06,2022-05-30,46.39410684881316,1653868800000,"{""type"":""MultiPoint"",""coordinates"":[]}"
149_0000000000000000001f,121375681,479216672,41860,H6,075,00277302,488,C,06075,+37.7272391,-123.0322294,06,41884,G4020,San Francisco,San Francisco County,06,2022-05-30,51.187691176547446,1653868800000,"{""type"":""MultiPoint"",""coordinates"":[]}"
150_00000000000000000021,1857233047,225282636,41860,H1,013,01675903,488,A,06013,+37.9194790,-121.9515431,06,36084,G4020,Contra Costa,Contra Costa County,06,2022-05-31,39.32637646532667,1653955200000,"{""type"":""MultiPoint"",""coordinates"":[]}"
150_00000000000000000023,1909598013,216923745,41860,H1,001,01675839,488,A,06001,+37.6471385,-121.9124880,06,36084,G4020,Alameda,Alameda County,06,2022-05-31,44.07070266886662,1653955200000,"{""type"":""MultiPoint"",""coordinates"":[]}"
150_0000000000000000001f,121375681,479216672,41860,H6,075,00277302,488,C,06075,+37.7272391,-123.0322294,06,41884,G4020,San Francisco,San Francisco County,06,2022-05-31,55.182803438480406,1653955200000,"{""type"":""MultiPoint"",""coordinates"":[]}"
151_00000000000000000021,1857233047,225282636,41860,H1,013,01675903,488,A,06013,+37.9194790,-121.9515431,06,36084,G4020,Contra Costa,Contra Costa County,06,2022-06-01,41.61928617087269,1654041600000,"{""type"":""MultiPoint"",""coordinates"":[]}"
151_00000000000000000023,1909598013,216923745,41860,H1,001,01675839,488,A,06001,+37.6471385,-121.9124880,06,36084,G4020,Alameda,Alameda County,06,2022-06-01,41.808009961618644,1654041600000,"{""type"":""MultiPoint"",""coordinates"":[]}"
151_0000000000000000001f,121375681,479216672,41860,H6,075,00277302,488,C,06075,+37.7272391,-123.0322294,06,41884,G4020,San Francisco,San Francisco County,06,2022-06-01,61.28400391186288,1654041600000,"{""type"":""MultiPoint"",""coordinates"":[]}"
152_00000000000000000021,1857233047,225282636,41860,H1,013,01675903,488,A,06013,+37.9194790,-121.9515431,06,36084,G4020,Contra Costa,Contra Costa County,06,2022-06-02,44.275188847035054,1654128000000,"{""type"":""MultiPoint"",""coordinates"":[]}"
152_00000000000000000023,1909598013,216923745,41860,H1,001,01675839,488,A,06001,+37.6471385,-121.9124880,06,36084,G4020,Alameda,Alameda County,06,2022-06-02,44.556285564203584,1654128000000,"{""type"":""MultiPoint"",""coordinates"":[]}"
152_0000000000000000001f,121375681,479216672,41860,H6,075,00277302,488,C,06075,+37.7272391,-123.0322294,06,41884,G4020,San Francisco,San Francisco County,06,2022-06-02,62.74002715461361,1654128000000,"{""type"":""MultiPoint"",""coordinates"":[]}"
153_00000000000000000021,1857233047,225282636,41860,H1,013,01675903,488,A,06013,+37.9194790,-121.9515431,06,36084,G4020,Contra Costa,Contra Costa County,06,2022-06-03,61.412149537641724,1654214400000,"{""type"":""MultiPoint"",""coordinates"":[]}"
153_00000000000000000023,1909598013,216923745,41860,H1,001,01675839,488,A,06001,+37.6471385,-121.9124880,06,36084,G4020,Alameda,Alameda County,06,2022-06-03,63.977809098953436,1654214400000,"{""type"":""MultiPoint"",""coordinates"":[]}"
153_0000000000000000001f,121375681,479216672,41860,H6,075,00277302,488,C,06075,+37.7272391,-123.0322294,06,41884,G4020,San Francisco,San Francisco County,06,2022-06-03,76.48729301959116,1654214400000,"{""type"":""MultiPoint"",""coordinates"":[]}"
154_00000000000000000021,1857233047,225282636,41860,H1,013,01675903,488,A,06013,+37.9194790,-121.9515431,06,36084,G4020,Contra Costa,Contra Costa County,06,2022-06-04,61.99882959818987,1654300800000,"{""type"":""MultiPoint"",""coordinates"":[]}"
154_00000000000000000023,1909598013,216923745,41860,H1,001,01675839,488,A,06001,+37.6471385,-121.9124880,06,36084,G4020,Alameda,Alameda County,06,2022-06-04,63.359236463919984,1654300800000,"{""type"":""MultiPoint"",""coordinates"":[]}"
154_0000000000000000001f,121375681,479216672,41860,H6,075,00277302,488,C,06075,+37.7272391,-123.0322294,06,41884,G4020,San Francisco,San Francisco County,06,2022-06-04,73.4749660785312,1654300800000,"{""type"":""MultiPoint"",""coordinates"":[]}"
155_00000000000000000021,1857233047,225282636,41860,H1,013,01675903,488,A,06013,+37.9194790,-121.9515431,06,36084,G4020,Contra Costa,Contra Costa County,06,2022-06-05,64.9296144150994,1654387200000,"{""type"":""MultiPoint"",""coordinates"":[]}"
155_00000000000000000023,1909598013,216923745,41860,H1,001,01675839,488,A,06001,+37.6471385,-121.9124880,06,36084,G4020,Alameda,Alameda County,06,2022-06-05,62.67828884424944,1654387200000,"{""type"":""MultiPoint"",""coordinates"":[]}"
155_0000000000000000001f,121375681,479216672,41860,H6,075,00277302,488,C,06075,+37.7272391,-123.0322294,06,41884,G4020,San Francisco,San Francisco County,06,2022-06-05,79.82734331126117,1654387200000,"{""type"":""MultiPoint"",""coordinates"":[]}"
156_00000000000000000021,1857233047,225282636,41860,H1,013,01675903,488,A,06013,+37.9194790,-121.9515431,06,36084,G4020,Contra Costa,Contra Costa County,06,2022-06-06,58.02721470893082,1654473600000,"{""type"":""MultiPoint"",""coordinates"":[]}"
156_00000000000000000023,1909598013,216923745,41860,H1,001,01675839,488,A,06001,+37.6471385,-121.9124880,06,36084,G4020,Alameda,Alameda County,06,2022-06-06,61.44529666108159,1654473600000,"{""type"":""MultiPoint"",""coordinates"":[]}"
156_0000000000000000001f,121375681,479216672,41860,H6,075,00277302,488,C,06075,+37.7272391,-123.0322294,06,41884,G4020,San Francisco,San Francisco County,06,2022-06-06,71.29558174580563,1654473600000,"{""type"":""MultiPoint"",""coordinates"":[]}"
157_00000000000000000021,1857233047,225282636,41860,H1,013,01675903,488,A,06013,+37.9194790,-121.9515431,06,36084,G4020,Contra Costa,Contra Costa County,06,2022-06-07,52.06234584203544,1654560000000,"{""type"":""MultiPoint"",""coordinates"":[]}"
157_00000000000000000023,1909598013,216923745,41860,H1,001,01675839,488,A,06001,+37.6471385,-121.9124880,06,36084,G4020,Alameda,Alameda County,06,2022-06-07,53.62940334765012,1654560000000,"{""type"":""MultiPoint"",""coordinates"":[]}"
157_0000000000000000001f,121375681,479216672,41860,H6,075,00277302,488,C,06075,+37.7272391,-123.0322294,06,41884,G4020,San Francisco,San Francisco County,06,2022-06-07,68.02422308904204,1654560000000,"{""type"":""MultiPoint"",""coordinates"":[]}"
158_00000000000000000021,1857233047,225282636,41860,H1,013,01675903,488,A,06013,+37.9194790,-121.9515431,06,36084,G4020,Contra Costa,Contra Costa County,06,2022-06-08,47.415790663703376,1654646400000,"{""type"":""MultiPoint"",""coordinates"":[]}"
158_00000000000000000023,1909598013,216923745,41860,H1,001,01675839,488,A,06001,+37.6471385,-121.9124880,06,36084,G4020,Alameda,Alameda County,06,2022-06-08,50.05781523253264,1654646400000,"{""type"":""MultiPoint"",""coordinates"":[]}"
158_0000000000000000001f,121375681,479216672,41860,H6,075,00277302,488,C,06075,+37.7272391,-123.0322294,06,41884,G4020,San Francisco,San Francisco County,06,2022-06-08,61.04376625154269,1654646400000,"{""type"":""MultiPoint"",""coordinates"":[]}"
159_00000000000000000021,1857233047,225282636,41860,H1,013,01675903,488,A,06013,+37.9194790,-121.9515431,06,36084,G4020,Contra Costa,Contra Costa County,06,2022-06-09,51.773940118666474,1654732800000,"{""type"":""MultiPoint"",""coordinates"":[]}"
159_00000000000000000023,1909598013,216923745,41860,H1,001,01675839,488,A,06001,+37.6471385,-121.9124880,06,36084,G4020,Alameda,Alameda County,06,2022-06-09,53.863909479244676,1654732800000,"{""type"":""MultiPoint"",""coordinates"":[]}"
159_0000000000000000001f,121375681,479216672,41860,H6,075,00277302,488,C,06075,+37.7272391,-123.0322294,06,41884,G4020,San Francisco,San Francisco County,06,2022-06-09,60.28862403241117,1654732800000,"{""type"":""MultiPoint"",""coordinates"":[]}"
160_00000000000000000021,1857233047,225282636,41860,H1,013,01675903,488,A,06013,+37.9194790,-121.9515431,06,36084,G4020,Contra Costa,Contra Costa County,06,2022-06-10,39.824143021040236,1654819200000,"{""type"":""MultiPoint"",""coordinates"":[]}"
160_00000000000000000023,1909598013,216923745,41860,H1,001,01675839,488,A,06001,+37.6471385,-121.9124880,06,36084,G4020,Alameda,Alameda County,06,2022-06-10,42.24766161719567,1654819200000,"{""type"":""MultiPoint"",""coordinates"":[]}"
160_0000000000000000001f,121375681,479216672,41860,H6,075,00277302,488,C,06075,+37.7272391,-123.0322294,06,41884,G4020,San Francisco,San Francisco County,06,2022-06-10,52.06752425557844,1654819200000,"{""type"":""MultiPoint"",""coordinates"":[]}"
161_00000000000000000021,1857233047,225282636,41860,H1,013,01675903,488,A,06013,+37.9194790,-121.9515431,06,36084,G4020,Contra Costa,Contra Costa County,06,2022-06-11,46.422445756098206,1654905600000,"{""type"":""MultiPoint"",""coordinates"":[]}"
161_00000000000000000023,1909598013,216923745,41860,H1,001,01675839,488,A,06001,+37.6471385,-121.9124880,06,36084,G4020,Alameda,Alameda County,06,2022-06-11,48.99755019823629,1654905600000,"{""type"":""MultiPoint"",""coordinates"":[]}"
161_0000000000000000001f,121375681,479216672,41860,H6,075,00277302,488,C,06075,+37.7272391,-123.0322294,06,41884,G4020,San Francisco,San Francisco County,06,2022-06-11,64.26258420854276,1654905600000,"{""type"":""MultiPoint"",""coordinates"":[]}"
162_00000000000000000021,1857233047,225282636,41860,H1,013,01675903,488,A,06013,+37.9194790,-121.9515431,06,36084,G4020,Contra Costa,Contra Costa County,06,2022-06-12,68.34301840618666,1654992000000,"{""type"":""MultiPoint"",""coordinates"":[]}"
162_00000000000000000023,1909598013,216923745,41860,H1,001,01675839,488,A,06001,+37.6471385,-121.9124880,06,36084,G4020,Alameda,Alameda County,06,2022-06-12,70.24750916618068,1654992000000,"{""type"":""MultiPoint"",""coordinates"":[]}"
162_0000000000000000001f,121375681,479216672,41860,H6,075,00277302,488,C,06075,+37.7272391,-123.0322294,06,41884,G4020,San Francisco,San Francisco County,06,2022-06-12,81.36479953382145,1654992000000,"{""type"":""MultiPoint"",""coordinates"":[]}"
163_00000000000000000021,1857233047,225282636,41860,H1,013,01675903,488,A,06013,+37.9194790,-121.9515431,06,36084,G4020,Contra Costa,Contra Costa County,06,2022-06-13,47.94534388046688,1655078400000,"{""type"":""MultiPoint"",""coordinates"":[]}"
163_00000000000000000023,1909598013,216923745,41860,H1,001,01675839,488,A,06001,+37.6471385,-121.9124880,06,36084,G4020,Alameda,Alameda County,06,2022-06-13,54.43839455700409,1655078400000,"{""type"":""MultiPoint"",""coordinates"":[]}"
163_0000000000000000001f,121375681,479216672,41860,H6,075,00277302,488,C,06075,+37.7272391,-123.0322294,06,41884,G4020,San Francisco,San Francisco County,06,2022-06-13,56.90472972402677,1655078400000,"{""type"":""MultiPoint"",""coordinates"":[]}"
164_00000000000000000021,1857233047,225282636,41860,H1,013,01675903,488,A,06013,+37.9194790,-121.9515431,06,36084,G4020,Contra Costa,Contra Costa County,06,2022-06-14,34.48080844743774,1655164800000,"{""type"":""MultiPoint"",""coordinates"":[]}"
164_00000000000000000023,1909598013,216923745,41860,H1,001,01675839,488,A,06001,+37.6471385,-121.9124880,06,36084,G4020,Alameda,Alameda County,06,2022-06-14,39.04438611505527,1655164800000,"{""type"":""MultiPoint"",""coordinates"":[]}"
164_0000000000000000001f,121375681,479216672,41860,H6,075,00277302,488,C,06075,+37.7272391,-123.0322294,06,41884,G4020,San Francisco,San Francisco County,06,2022-06-14,51.025809706404736,1655164800000,"{""type"":""MultiPoint"",""coordinates"":[]}"
165_00000000000000000021,1857233047,225282636,41860,H1,013,01675903,488,A,06013,+37.9194790,-121.9515431,06,36084,G4020,Contra Costa,Contra Costa County,06,2022-06-15,39.78212406061015,1655251200000,"{""type"":""MultiPoint"",""coordinates"":[]}"
165_00000000000000000023,1909598013,216923745,41860,H1,001,01675839,488,A,06001,+37.6471385,-121.9124880,06,36084,G4020,Alameda,Alameda County,06,2022-06-15,41.18361355479363,1655251200000,"{""type"":""MultiPoint"",""coordinates"":[]}"
165_0000000000000000001f,121375681,479216672,41860,H6,075,00277302,488,C,06075,+37.7272391,-123.0322294,06,41884,G4020,San Francisco,San Francisco County,06,2022-06-15,57.505029639804334,1655251200000,"{""type"":""MultiPoint"",""coordinates"":[]}"
166_00000000000000000021,1857233047,225282636,41860,H1,013,01675903,488,A,06013,+37.9194790,-121.9515431,06,36084,G4020,Contra Costa,Contra Costa County,06,2022-06-16,45.41599372223534,1655337600000,"{""type"":""MultiPoint"",""coordinates"":[]}"
166_00000000000000000023,1909598013,216923745,41860,H1,001,01675839,488,A,06001,+37.6471385,-121.9124880,06,36084,G4020,Alameda,Alameda County,06,2022-06-16,48.03920493882646,1655337600000,"{""type"":""MultiPoint"",""coordinates"":[]}"
166_0000000000000000001f,121375681,479216672,41860,H6,075,00277302,488,C,06075,+37.7272391,-123.0322294,06,41884,G4020,San Francisco,San Francisco County,06,2022-06-16,61.445177910865496,1655337600000,"{""type"":""MultiPoint"",""coordinates"":[]}"
167_00000000000000000021,1857233047,225282636,41860,H1,013,01675903,488,A,06013,+37.9194790,-121.9515431,06,36084,G4020,Contra Costa,Contra Costa County,06,2022-06-17,54.07680193290585,1655424000000,"{""type"":""MultiPoint"",""coordinates"":[]}"
167_00000000000000000023,1909598013,216923745,41860,H1,001,01675839,488,A,06001,+37.6471385,-121.9124880,06,36084,G4020,Alameda,Alameda County,06,2022-06-17,57.55859191562711,1655424000000,"{""type"":""MultiPoint"",""coordinates"":[]}"
167_0000000000000000001f,121375681,479216672,41860,H6,075,00277302,488,C,06075,+37.7272391,-123.0322294,06,41884,G4020,San Francisco,San Francisco County,06,2022-06-17,67.01059908545507,1655424000000,"{""type"":""MultiPoint"",""coordinates"":[]}"
168_00000000000000000021,1857233047,225282636,41860,H1,013,01675903,488,A,06013,+37.9194790,-121.9515431,06,36084,G4020,Contra Costa,Contra Costa County,06,2022-06-18,56.40962253202215,1655510400000,"{""type"":""MultiPoint"",""coordinates"":[]}"
168_00000000000000000023,1909598013,216923745,41860,H1,001,01675839,488,A,06001,+37.6471385,-121.9124880,06,36084,G4020,Alameda,Alameda County,06,2022-06-18,57.61401342904035,1655510400000,"{""type"":""MultiPoint"",""coordinates"":[]}"
168_0000000000000000001f,121375681,479216672,41860,H6,075,00277302,488,C,06075,+37.7272391,-123.0322294,06,41884,G4020,San Francisco,San Francisco County,06,2022-06-18,66.70751717682265,1655510400000,"{""type"":""MultiPoint"",""coordinates"":[]}"
169_00000000000000000021,1857233047,225282636,41860,H1,013,01675903,488,A,06013,+37.9194790,-121.9515431,06,36084,G4020,Contra Costa,Contra Costa County,06,2022-06-19,48.291926993569476,1655596800000,"{""type"":""MultiPoint"",""coordinates"":[]}"
169_00000000000000000023,1909598013,216923745,41860,H1,001,01675839,488,A,06001,+37.6471385,-121.9124880,06,36084,G4020,Alameda,Alameda County,06,2022-06-19,51.60727191305547,1655596800000,"{""type"":""MultiPoint"",""coordinates"":[]}"
169_0000000000000000001f,121375681,479216672,41860,H6,075,00277302,488,C,06075,+37.7272391,-123.0322294,06,41884,G4020,San Francisco,San Francisco County,06,2022-06-19,61.503745443674674,1655596800000,"{""type"":""MultiPoint"",""coordinates"":[]}"
170_00000000000000000021,1857233047,225282636,41860,H1,013,01675903,488,A,06013,+37.9194790,-121.9515431,06,36084,G4020,Contra Costa,Contra Costa County,06,2022-06-20,42.42314381581187,1655683200000,"{""type"":""MultiPoint"",""coordinates"":[]}"
170_00000000000000000023,1909598013,216923745,41860,H1,001,01675839,488,A,06001,+37.6471385,-121.9124880,06,36084,G4020,Alameda,Alameda County,06,2022-06-20,44.86058763047039,1655683200000,"{""type"":""MultiPoint"",""coordinates"":[]}"
170_0000000000000000001f,121375681,479216672,41860,H6,075,00277302,488,C,06075,+37.7272391,-123.0322294,06,41884,G4020,San Francisco,San Francisco County,06,2022-06-20,59.697468139239376,1655683200000,"{""type"":""MultiPoint"",""coordinates"":[]}"
171_00000000000000000021,1857233047,225282636,41860,H1,013,01675903,488,A,06013,+37.9194790,-121.9515431,06,36084,G4020,Contra Costa,Contra Costa County,06,2022-06-21,29.500759049442305,1655769600000,"{""type"":""MultiPoint"",""coordinates"":[]}"
171_00000000000000000023,1909598013,216923745,41860,H1,001,01675839,488,A,06001,+37.6471385,-121.9124880,06,36084,G4020,Alameda,Alameda County,06,2022-06-21,30.024813056843136,1655769600000,"{""type"":""MultiPoint"",""coordinates"":[]}"
171_0000000000000000001f,121375681,479216672,41860,H6,075,00277302,488,C,06075,+37.7272391,-123.0322294,06,41884,G4020,San Francisco,San Francisco County,06,2022-06-21,42.20362108500382,1655769600000,"{""type"":""MultiPoint"",""coordinates"":[]}"
172_00000000000000000021,1857233047,225282636,41860,H1,013,01675903,488,A,06013,+37.9194790,-121.9515431,06,36084,G4020,Contra Costa,Contra Costa County,06,2022-06-22,26.706302729876892,1655856000000,"{""type"":""MultiPoint"",""coordinates"":[]}"
172_00000000000000000023,1909598013,216923745,41860,H1,001,01675839,488,A,06001,+37.6471385,-121.9124880,06,36084,G4020,Alameda,Alameda County,06,2022-06-22,27.014860363591406,1655856000000,"{""type"":""MultiPoint"",""coordinates"":[]}"
172_0000000000000000001f,121375681,479216672,41860,H6,075,00277302,488,C,06075,+37.7272391,-123.0322294,06,41884,G4020,San Francisco,San Francisco County,06,2022-06-22,40.65829588319994,1655856000000,"{""type"":""MultiPoint"",""coordinates"":[]}"
173_00000000000000000021,1857233047,225282636,41860,H1,013,01675903,488,A,06013,+37.9194790,-121.9515431,06,36084,G4020,Contra Costa,Contra Costa County,06,2022-06-23,44.00988201043533,1655942400000,"{""type"":""MultiPoint"",""coordinates"":[]}"
173_00000000000000000023,1909598013,216923745,41860,H1,001,01675839,488,A,06001,+37.6471385,-121.9124880,06,36084,G4020,Alameda,Alameda County,06,2022-06-23,42.13203110359714,1655942400000,"{""type"":""MultiPoint"",""coordinates"":[]}"
173_0000000000000000001f,121375681,479216672,41860,H6,075,00277302,488,C,06075,+37.7272391,-123.0322294,06,41884,G4020,San Francisco,San Francisco County,06,2022-06-23,64.45250654232218,1655942400000,"{""type"":""MultiPoint"",""coordinates"":[]}"
174_00000000000000000021,1857233047,225282636,41860,H1,013,01675903,488,A,06013,+37.9194790,-121.9515431,06,36084,G4020,Contra Costa,Contra Costa County,06,2022-06-24,45.72832143466058,1656028800000,"{""type"":""MultiPoint"",""coordinates"":[]}"
174_00000000000000000023,1909598013,216923745,41860,H1,001,01675839,488,A,06001,+37.6471385,-121.9124880,06,36084,G4020,Alameda,Alameda County,06,2022-06-24,42.32194020994748,1656028800000,"{""type"":""MultiPoint"",""coordinates"":[]}"
174_0000000000000000001f,121375681,479216672,41860,H6,075,00277302,488,C,06075,+37.7272391,-123.0322294,06,41884,G4020,San Francisco,San Francisco County,06,2022-06-24,69.65419285939082,1656028800000,"{""type"":""MultiPoint"",""coordinates"":[]}"
175_00000000000000000021,1857233047,225282636,41860,H1,013,01675903,488,A,06013,+37.9194790,-121.9515431,06,36084,G4020,Contra Costa,Contra Costa County,06,2022-06-25,50.69487110657811,1656115200000,"{""type"":""MultiPoint"",""coordinates"":[]}"
175_00000000000000000023,1909598013,216923745,41860,H1,001,01675839,488,A,06001,+37.6471385,-121.9124880,06,36084,G4020,Alameda,Alameda County,06,2022-06-25,45.43207722392308,1656115200000,"{""type"":""MultiPoint"",""coordinates"":[]}"
175_0000000000000000001f,121375681,479216672,41860,H6,075,00277302,488,C,06075,+37.7272391,-123.0322294,06,41884,G4020,San Francisco,San Francisco County,06,2022-06-25,71.92109163905481,1656115200000,"{""type"":""MultiPoint"",""coordinates"":[]}"
176_00000000000000000021,1857233047,225282636,41860,H1,013,01675903,488,A,06013,+37.9194790,-121.9515431,06,36084,G4020,Contra Costa,Contra Costa County,06,2022-06-26,54.61642488029817,1656201600000,"{""type"":""MultiPoint"",""coordinates"":[]}"
176_00000000000000000023,1909598013,216923745,41860,H1,001,01675839,488,A,06001,+37.6471385,-121.9124880,06,36084,G4020,Alameda,Alameda County,06,2022-06-26,48.55977979642551,1656201600000,"{""type"":""MultiPoint"",""coordinates"":[]}"
176_0000000000000000001f,121375681,479216672,41860,H6,075,00277302,488,C,06075,+37.7272391,-123.0322294,06,41884,G4020,San Francisco,San Francisco County,06,2022-06-26,76.1916190275172,1656201600000,"{""type"":""MultiPoint"",""coordinates"":[]}"
177_00000000000000000021,1857233047,225282636,41860,H1,013,01675903,488,A,06013,+37.9194790,-121.9515431,06,36084,G4020,Contra Costa,Contra Costa County,06,2022-06-27,56.03033292820264,1656288000000,"{""type"":""MultiPoint"",""coordinates"":[]}"
177_00000000000000000023,1909598013,216923745,41860,H1,001,01675839,488,A,06001,+37.6471385,-121.9124880,06,36084,G4020,Alameda,Alameda County,06,2022-06-27,51.7429110503635,1656288000000,"{""type"":""MultiPoint"",""coordinates"":[]}"
177_0000000000000000001f,121375681,479216672,41860,H6,075,00277302,488,C,06075,+37.7272391,-123.0322294,06,41884,G4020,San Francisco,San Francisco County,06,2022-06-27,75.17705888047892,1656288000000,"{""type"":""MultiPoint"",""coordinates"":[]}"
178_00000000000000000021,1857233047,225282636,41860,H1,013,01675903,488,A,06013,+37.9194790,-121.9515431,06,36084,G4020,Contra Costa,Contra Costa County,06,2022-06-28,48.221466105803906,1656374400000,"{""type"":""MultiPoint"",""coordinates"":[]}"
178_00000000000000000023,1909598013,216923745,41860,H1,001,01675839,488,A,06001,+37.6471385,-121.9124880,06,36084,G4020,Alameda,Alameda County,06,2022-06-28,44.610725353159694,1656374400000,"{""type"":""MultiPoint"",""coordinates"":[]}"
178_0000000000000000001f,121375681,479216672,41860,H6,075,00277302,488,C,06075,+37.7272391,-123.0322294,06,41884,G4020,San Francisco,San Francisco County,06,2022-06-28,67.57326837289024,1656374400000,"{""type"":""MultiPoint"",""coordinates"":[]}"
179_00000000000000000021,1857233047,225282636,41860,H1,013,01675903,488,A,06013,+37.9194790,-121.9515431,06,36084,G4020,Contra Costa,Contra Costa County,06,2022-06-29,56.60422502130785,1656460800000,"{""type"":""MultiPoint"",""coordinates"":[]}"
179_00000000000000000023,1909598013,216923745,41860,H1,001,01675839,488,A,06001,+37.6471385,-121.9124880,06,36084,G4020,Alameda,Alameda County,06,2022-06-29,51.61477404147545,1656460800000,"{""type"":""MultiPoint"",""coordinates"":[]}"
179_0000000000000000001f,121375681,479216672,41860,H6,075,00277302,488,C,06075,+37.7272391,-123.0322294,06,41884,G4020,San Francisco,San Francisco County,06,2022-06-29,73.72640725886421,1656460800000,"{""type"":""MultiPoint"",""coordinates"":[]}"
180_00000000000000000021,1857233047,225282636,41860,H1,013,01675903,488,A,06013,+37.9194790,-121.9515431,06,36084,G4020,Contra Costa,Contra Costa County,06,2022-06-30,65.35534187276455,1656547200000,"{""type"":""MultiPoint"",""coordinates"":[]}"
180_00000000000000000023,1909598013,216923745,41860,H1,001,01675839,488,A,06001,+37.6471385,-121.9124880,06,36084,G4020,Alameda,Alameda County,06,2022-06-30,61.707098419514075,1656547200000,"{""type"":""MultiPoint"",""coordinates"":[]}"
180_0000000000000000001f,121375681,479216672,41860,H6,075,00277302,488,C,06075,+37.7272391,-123.0322294,06,41884,G4020,San Francisco,San Francisco County,06,2022-06-30,77.64379968789515,1656547200000,"{""type"":""MultiPoint"",""coordinates"":[]}"
181_00000000000000000021,1857233047,225282636,41860,H1,013,01675903,488,A,06013,+37.9194790,-121.9515431,06,36084,G4020,Contra Costa,Contra Costa County,06,2022-07-01,64.21063794177928,1656633600000,"{""type"":""MultiPoint"",""coordinates"":[]}"
181_00000000000000000023,1909598013,216923745,41860,H1,001,01675839,488,A,06001,+37.6471385,-121.9124880,06,36084,G4020,Alameda,Alameda County,06,2022-07-01,60.67546047140225,1656633600000,"{""type"":""MultiPoint"",""coordinates"":[]}"
181_0000000000000000001f,121375681,479216672,41860,H6,075,00277302,488,C,06075,+37.7272391,-123.0322294,06,41884,G4020,San Francisco,San Francisco County,06,2022-07-01,77.40433666167294,1656633600000,"{""type"":""MultiPoint"",""coordinates"":[]}"
182_00000000000000000021,1857233047,225282636,41860,H1,013,01675903,488,A,06013,+37.9194790,-121.9515431,06,36084,G4020,Contra Costa,Contra Costa County,06,2022-07-02,66.38963233455243,1656720000000,"{""type"":""MultiPoint"",""coordinates"":[]}"
182_00000000000000000023,1909598013,216923745,41860,H1,001,01675839,488,A,06001,+37.6471385,-121.9124880,06,36084,G4020,Alameda,Alameda County,06,2022-07-02,65.54428927862062,1656720000000,"{""type"":""MultiPoint"",""coordinates"":[]}"
182_0000000000000000001f,121375681,479216672,41860,H6,075,00277302,488,C,06075,+37.7272391,-123.0322294,06,41884,G4020,San Francisco,San Francisco County,06,2022-07-02,78.85052157488077,1656720000000,"{""type"":""MultiPoint"",""coordinates"":[]}"
183_00000000000000000021,1857233047,225282636,41860,H1,013,01675903,488,A,06013,+37.9194790,-121.9515431,06,36084,G4020,Contra Costa,Contra Costa County,06,2022-07-03,68.33486460079571,1656806400000,"{""type"":""MultiPoint"",""coordinates"":[]}"
183_00000000000000000023,1909598013,216923745,41860,H1,001,01675839,488,A,06001,+37.6471385,-121.9124880,06,36084,G4020,Alameda,Alameda County,06,2022-07-03,69.61057663888275,1656806400000,"{""type"":""MultiPoint"",""coordinates"":[]}"
183_0000000000000000001f,121375681,479216672,41860,H6,075,00277302,488,C,06075,+37.7272391,-123.0322294,06,41884,G4020,San Francisco,San Francisco County,06,2022-07-03,76.59391542908196,1656806400000,"{""type"":""MultiPoint"",""coordinates"":[]}"
184_00000000000000000021,1857233047,225282636,41860,H1,013,01675903,488,A,06013,+37.9194790,-121.9515431,06,36084,G4020,Contra Costa,Contra Costa County,06,2022-07-04,67.43742906550703,1656892800000,"{""type"":""MultiPoint"",""coordinates"":[]}"
184_00000000000000000023,1909598013,216923745,41860,H1,001,01675839,488,A,06001,+37.6471385,-121.9124880,06,36084,G4020,Alameda,Alameda County,06,2022-07-04,67.53994475916893,1656892800000,"{""type"":""MultiPoint"",""coordinates"":[]}"
184_0000000000000000001f,121375681,479216672,41860,H6,075,00277302,488,C,06075,+37.7272391,-123.0322294,06,41884,G4020,San Francisco,San Francisco County,06,2022-07-04,77.9081528660444,1656892800000,"{""type"":""MultiPoint"",""coordinates"":[]}"
185_00000000000000000021,1857233047,225282636,41860,H1,013,01675903,488,A,06013,+37.9194790,-121.9515431,06,36084,G4020,Contra Costa,Contra Costa County,06,2022-07-05,72.36499343186115,1656979200000,"{""type"":""MultiPoint"",""coordinates"":[]}"
185_00000000000000000023,1909598013,216923745,41860,H1,001,01675839,488,A,06001,+37.6471385,-121.9124880,06,36084,G4020,Alameda,Alameda County,06,2022-07-05,72.40784283150107,1656979200000,"{""type"":""MultiPoint"",""coordinates"":[]}"
185_0000000000000000001f,121375681,479216672,41860,H6,075,00277302,488,C,06075,+37.7272391,-123.0322294,06,41884,G4020,San Francisco,San Francisco County,06,2022-07-05,82.63320194432914,1656979200000,"{""type"":""MultiPoint"",""coordinates"":[]}"
186_00000000000000000021,1857233047,225282636,41860,H1,013,01675903,488,A,06013,+37.9194790,-121.9515431,06,36084,G4020,Contra Costa,Contra Costa County,06,2022-07-06,67.88003456036215,1657065600000,"{""type"":""MultiPoint"",""coordinates"":[]}"
186_00000000000000000023,1909598013,216923745,41860,H1,001,01675839,488,A,06001,+37.6471385,-121.9124880,06,36084,G4020,Alameda,Alameda County,06,2022-07-06,69.13750748950088,1657065600000,"{""type"":""MultiPoint"",""coordinates"":[]}"
186_0000000000000000001f,121375681,479216672,41860,H6,075,00277302,488,C,06075,+37.7272391,-123.0322294,06,41884,G4020,San Francisco,San Francisco County,06,2022-07-06,77.99733903996301,1657065600000,"{""type"":""MultiPoint"",""coordinates"":[]}"
187_00000000000000000021,1857233047,225282636,41860,H1,013,01675903,488,A,06013,+37.9194790,-121.9515431,06,36084,G4020,Contra Costa,Contra Costa County,06,2022-07-07,62.944319095975814,1657152000000,"{""type"":""MultiPoint"",""coordinates"":[]}"
187_00000000000000000023,1909598013,216923745,41860,H1,001,01675839,488,A,06001,+37.6471385,-121.9124880,06,36084,G4020,Alameda,Alameda County,06,2022-07-07,63.66918468931915,1657152000000,"{""type"":""MultiPoint"",""coordinates"":[]}"
187_0000000000000000001f,121375681,479216672,41860,H6,075,00277302,488,C,06075,+37.7272391,-123.0322294,06,41884,G4020,San Francisco,San Francisco County,06,2022-07-07,74.34060114421897,1657152000000,"{""type"":""MultiPoint"",""coordinates"":[]}"
188_00000000000000000021,1857233047,225282636,41860,H1,013,01675903,488,A,06013,+37.9194790,-121.9515431,06,36084,G4020,Contra Costa,Contra Costa County,06,2022-07-08,56.16416451496442,1657238400000,"{""type"":""MultiPoint"",""coordinates"":[]}"
188_00000000000000000023,1909598013,216923745,41860,H1,001,01675839,488,A,06001,+37.6471385,-121.9124880,06,36084,G4020,Alameda,Alameda County,06,2022-07-08,56.662061512723255,1657238400000,"{""type"":""MultiPoint"",""coordinates"":[]}"
188_0000000000000000001f,121375681,479216672,41860,H6,075,00277302,488,C,06075,+37.7272391,-123.0322294,06,41884,G4020,San Francisco,San Francisco County,06,2022-07-08,67.58016790152818,1657238400000,"{""type"":""MultiPoint"",""coordinates"":[]}"
189_00000000000000000021,1857233047,225282636,41860,H1,013,01675903,488,A,06013,+37.9194790,-121.9515431,06,36084,G4020,Contra Costa,Contra Costa County,06,2022-07-09,59.33803860790711,1657324800000,"{""type"":""MultiPoint"",""coordinates"":[]}"
189_00000000000000000023,1909598013,216923745,41860,H1,001,01675839,488,A,06001,+37.6471385,-121.9124880,06,36084,G4020,Alameda,Alameda County,06,2022-07-09,60.992093612276605,1657324800000,"{""type"":""MultiPoint"",""coordinates"":[]}"
189_0000000000000000001f,121375681,479216672,41860,H6,075,00277302,488,C,06075,+37.7272391,-123.0322294,06,41884,G4020,San Francisco,San Francisco County,06,2022-07-09,73.0007955499874,1657324800000,"{""type"":""MultiPoint"",""coordinates"":[]}"
190_00000000000000000021,1857233047,225282636,41860,H1,013,01675903,488,A,06013,+37.9194790,-121.9515431,06,36084,G4020,Contra Costa,Contra Costa County,06,2022-07-10,58.36631271878927,1657411200000,"{""type"":""MultiPoint"",""coordinates"":[]}"
190_00000000000000000023,1909598013,216923745,41860,H1,001,01675839,488,A,06001,+37.6471385,-121.9124880,06,36084,G4020,Alameda,Alameda County,06,2022-07-10,56.78448804114599,1657411200000,"{""type"":""MultiPoint"",""coordinates"":[]}"
190_0000000000000000001f,121375681,479216672,41860,H6,075,00277302,488,C,06075,+37.7272391,-123.0322294,06,41884,G4020,San Francisco,San Francisco County,06,2022-07-10,71.84090798324826,1657411200000,"{""type"":""MultiPoint"",""coordinates"":[]}"
191_00000000000000000021,1857233047,225282636,41860,H1,013,01675903,488,A,06013,+37.9194790,-121.9515431,06,36084,G4020,Contra Costa,Contra Costa County,06,2022-07-11,50.02515587775661,1657497600000,"{""type"":""MultiPoint"",""coordinates"":[]}"
191_00000000000000000023,1909598013,216923745,41860,H1,001,01675839,488,A,06001,+37.6471385,-121.9124880,06,36084,G4020,Alameda,Alameda County,06,2022-07-11,47.49140379919803,1657497600000,"{""type"":""MultiPoint"",""coordinates"":[]}"
191_0000000000000000001f,121375681,479216672,41860,H6,075,00277302,488,C,06075,+37.7272391,-123.0322294,06,41884,G4020,San Francisco,San Francisco County,06,2022-07-11,70.61812471983829,1657497600000,"{""type"":""MultiPoint"",""coordinates"":[]}"
192_00000000000000000021,1857233047,225282636,41860,H1,013,01675903,488,A,06013,+37.9194790,-121.9515431,06,36084,G4020,Contra Costa,Contra Costa County,06,2022-07-12,58.373019395536375,1657584000000,"{""type"":""MultiPoint"",""coordinates"":[]}"
192_00000000000000000023,1909598013,216923745,41860,H1,001,01675839,488,A,06001,+37.6471385,-121.9124880,06,36084,G4020,Alameda,Alameda County,06,2022-07-12,54.03878307227824,1657584000000,"{""type"":""MultiPoint"",""coordinates"":[]}"
192_0000000000000000001f,121375681,479216672,41860,H6,075,00277302,488,C,06075,+37.7272391,-123.0322294,06,41884,G4020,San Francisco,San Francisco County,06,2022-07-12,76.94406947187015,1657584000000,"{""type"":""MultiPoint"",""coordinates"":[]}"
193_00000000000000000021,1857233047,225282636,41860,H1,013,01675903,488,A,06013,+37.9194790,-121.9515431,06,36084,G4020,Contra Costa,Contra Costa County,06,2022-07-13,64.92590731062923,1657670400000,"{""type"":""MultiPoint"",""coordinates"":[]}"
193_00000000000000000023,1909598013,216923745,41860,H1,001,01675839,488,A,06001,+37.6471385,-121.9124880,06,36084,G4020,Alameda,Alameda County,06,2022-07-13,60.26348996338016,1657670400000,"{""type"":""MultiPoint"",""coordinates"":[]}"
193_0000000000000000001f,121375681,479216672,41860,H6,075,00277302,488,C,06075,+37.7272391,-123.0322294,06,41884,G4020,San Francisco,San Francisco County,06,2022-07-13,77.19613914056133,1657670400000,"{""type"":""MultiPoint"",""coordinates"":[]}"
194_00000000000000000021,1857233047,225282636,41860,H1,013,01675903,488,A,06013,+37.9194790,-121.9515431,06,36084,G4020,Contra Costa,Contra Costa County,06,2022-07-14,63.23227329491502,1657756800000,"{""type"":""MultiPoint"",""coordinates"":[]}"
194_00000000000000000023,1909598013,216923745,41860,H1,001,01675839,488,A,06001,+37.6471385,-121.9124880,06,36084,G4020,Alameda,Alameda County,06,2022-07-14,59.72841181243583,1657756800000,"{""type"":""MultiPoint"",""coordinates"":[]}"
194_0000000000000000001f,121375681,479216672,41860,H6,075,00277302,488,C,06075,+37.7272391,-123.0322294,06,41884,G4020,San Francisco,San Francisco County,06,2022-07-14,74.75747471346041,1657756800000,"{""type"":""MultiPoint"",""coordinates"":[]}"
195_00000000000000000021,1857233047,225282636,41860,H1,013,01675903,488,A,06013,+37.9194790,-121.9515431,06,36084,G4020,Contra Costa,Contra Costa County,06,2022-07-15,57.797165959036015,1657843200000,"{""type"":""MultiPoint"",""coordinates"":[]}"
195_00000000000000000023,1909598013,216923745,41860,H1,001,01675839,488,A,06001,+37.6471385,-121.9124880,06,36084,G4020,Alameda,Alameda County,06,2022-07-15,55.62096357578876,1657843200000,"{""type"":""MultiPoint"",""coordinates"":[]}"
195_0000000000000000001f,121375681,479216672,41860,H6,075,00277302,488,C,06075,+37.7272391,-123.0322294,06,41884,G4020,San Francisco,San Francisco County,06,2022-07-15,71.15432727034151,1657843200000,"{""type"":""MultiPoint"",""coordinates"":[]}"
196_00000000000000000021,1857233047,225282636,41860,H1,013,01675903,488,A,06013,+37.9194790,-121.9515431,06,36084,G4020,Contra Costa,Contra Costa County,06,2022-07-16,53.60920428829758,1657929600000,"{""type"":""MultiPoint"",""coordinates"":[]}"
196_00000000000000000023,1909598013,216923745,41860,H1,001,01675839,488,A,06001,+37.6471385,-121.9124880,06,36084,G4020,Alameda,Alameda County,06,2022-07-16,47.89334298938085,1657929600000,"{""type"":""MultiPoint"",""coordinates"":[]}"
196_0000000000000000001f,121375681,479216672,41860,H6,075,00277302,488,C,06075,+37.7272391,-123.0322294,06,41884,G4020,San Francisco,San Francisco County,06,2022-07-16,72.21950072135017,1657929600000,"{""type"":""MultiPoint"",""coordinates"":[]}"
197_00000000000000000021,1857233047,225282636,41860,H1,013,01675903,488,A,06013,+37.9194790,-121.9515431,06,36084,G4020,Contra Costa,Contra Costa County,06,2022-07-17,52.829207017165935,1658016000000,"{""type"":""MultiPoint"",""coordinates"":[]}"
197_00000000000000000023,1909598013,216923745,41860,H1,001,01675839,488,A,06001,+37.6471385,-121.9124880,06,36084,G4020,Alameda,Alameda County,06,2022-07-17,48.02364695268654,1658016000000,"{""type"":""MultiPoint"",""coordinates"":[]}"
197_0000000000000000001f,121375681,479216672,41860,H6,075,00277302,488,C,06075,+37.7272391,-123.0322294,06,41884,G4020,San Francisco,San Francisco County,06,2022-07-17,71.89438519450144,1658016000000,"{""type"":""MultiPoint"",""coordinates"":[]}"
198_00000000000000000021,1857233047,225282636,41860,H1,013,01675903,488,A,06013,+37.9194790,-121.9515431,06,36084,G4020,Contra Costa,Contra Costa County,06,2022-07-18,50.82907926746056,1658102400000,"{""type"":""MultiPoint"",""coordinates"":[]}"
198_00000000000000000023,1909598013,216923745,41860,H1,001,01675839,488,A,06001,+37.6471385,-121.9124880,06,36084,G4020,Alameda,Alameda County,06,2022-07-18,44.06025544087803,1658102400000,"{""type"":""MultiPoint"",""coordinates"":[]}"
198_0000000000000000001f,121375681,479216672,41860,H6,075,00277302,488,C,06075,+37.7272391,-123.0322294,06,41884,G4020,San Francisco,San Francisco County,06,2022-07-18,72.2653832451964,1658102400000,"{""type"":""MultiPoint"",""coordinates"":[]}"
199_00000000000000000021,1857233047,225282636,41860,H1,013,01675903,488,A,06013,+37.9194790,-121.9515431,06,36084,G4020,Contra Costa,Contra Costa County,06,2022-07-19,51.6064367380182,1658188800000,"{""type"":""MultiPoint"",""coordinates"":[]}"
199_00000000000000000023,1909598013,216923745,41860,H1,001,01675839,488,A,06001,+37.6471385,-121.9124880,06,36084,G4020,Alameda,Alameda County,06,2022-07-19,46.296989357383715,1658188800000,"{""type"":""MultiPoint"",""coordinates"":[]}"
199_0000000000000000001f,121375681,479216672,41860,H6,075,00277302,488,C,06075,+37.7272391,-123.0322294,06,41884,G4020,San Francisco,San Francisco County,06,2022-07-19,74.06778091556104,1658188800000,"{""type"":""MultiPoint"",""coordinates"":[]}"
200_00000000000000000021,1857233047,225282636,41860,H1,013,01675903,488,A,06013,+37.9194790,-121.9515431,06,36084,G4020,Contra Costa,Contra Costa County,06,2022-07-20,54.79343161705215,1658275200000,"{""type"":""MultiPoint"",""coordinates"":[]}"
200_00000000000000000023,1909598013,216923745,41860,H1,001,01675839,488,A,06001,+37.6471385,-121.9124880,06,36084,G4020,Alameda,Alameda County,06,2022-07-20,48.62284208377352,1658275200000,"{""type"":""MultiPoint"",""coordinates"":[]}"
200_0000000000000000001f,121375681,479216672,41860,H6,075,00277302,488,C,06075,+37.7272391,-123.0322294,06,41884,G4020,San Francisco,San Francisco County,06,2022-07-20,76.29657602120031,1658275200000,"{""type"":""MultiPoint"",""coordinates"":[]}"
201_00000000000000000021,1857233047,225282636,41860,H1,013,01675903,488,A,06013,+37.9194790,-121.9515431,06,36084,G4020,Contra Costa,Contra Costa County,06,2022-07-21,57.51940570660225,1658361600000,"{""type"":""MultiPoint"",""coordinates"":[]}"
201_00000000000000000023,1909598013,216923745,41860,H1,001,01675839,488,A,06001,+37.6471385,-121.9124880,06,36084,G4020,Alameda,Alameda County,06,2022-07-21,49.963343443472176,1658361600000,"{""type"":""MultiPoint"",""coordinates"":[]}"
201_0000000000000000001f,121375681,479216672,41860,H6,075,00277302,488,C,06075,+37.7272391,-123.0322294,06,41884,G4020,San Francisco,San Francisco County,06,2022-07-21,77.9214807459262,1658361600000,"{""type"":""MultiPoint"",""coordinates"":[]}"
202_00000000000000000021,1857233047,225282636,41860,H1,013,01675903,488,A,06013,+37.9194790,-121.9515431,06,36084,G4020,Contra Costa,Contra Costa County,06,2022-07-22,52.114015506223,1658448000000,"{""type"":""MultiPoint"",""coordinates"":[]}"
202_00000000000000000023,1909598013,216923745,41860,H1,001,01675839,488,A,06001,+37.6471385,-121.9124880,06,36084,G4020,Alameda,Alameda County,06,2022-07-22,46.09861632941734,1658448000000,"{""type"":""MultiPoint"",""coordinates"":[]}"
202_0000000000000000001f,121375681,479216672,41860,H6,075,00277302,488,C,06075,+37.7272391,-123.0322294,06,41884,G4020,San Francisco,San Francisco County,06,2022-07-22,72.0299611122677,1658448000000,"{""type"":""MultiPoint"",""coordinates"":[]}"
203_00000000000000000021,1857233047,225282636,41860,H1,013,01675903,488,A,06013,+37.9194790,-121.9515431,06,36084,G4020,Contra Costa,Contra Costa County,06,2022-07-23,55.63209831021559,1658534400000,"{""type"":""MultiPoint"",""coordinates"":[]}"
203_00000000000000000023,1909598013,216923745,41860,H1,001,01675839,488,A,06001,+37.6471385,-121.9124880,06,36084,G4020,Alameda,Alameda County,06,2022-07-23,49.08074400877071,1658534400000,"{""type"":""MultiPoint"",""coordinates"":[]}"
203_0000000000000000001f,121375681,479216672,41860,H6,075,00277302,488,C,06075,+37.7272391,-123.0322294,06,41884,G4020,San Francisco,San Francisco County,06,2022-07-23,75.63709283760355,1658534400000,"{""type"":""MultiPoint"",""coordinates"":[]}"
204_00000000000000000021,1857233047,225282636,41860,H1,013,01675903,488,A,06013,+37.9194790,-121.9515431,06,36084,G4020,Contra Costa,Contra Costa County,06,2022-07-24,60.80675851302979,1658620800000,"{""type"":""MultiPoint"",""coordinates"":[]}"
204_00000000000000000023,1909598013,216923745,41860,H1,001,01675839,488,A,06001,+37.6471385,-121.9124880,06,36084,G4020,Alameda,Alameda County,06,2022-07-24,53.26938778950573,1658620800000,"{""type"":""MultiPoint"",""coordinates"":[]}"
204_0000000000000000001f,121375681,479216672,41860,H6,075,00277302,488,C,06075,+37.7272391,-123.0322294,06,41884,G4020,San Francisco,San Francisco County,06,2022-07-24,77.8101728962543,1658620800000,"{""type"":""MultiPoint"",""coordinates"":[]}"
205_00000000000000000021,1857233047,225282636,41860,H1,013,01675903,488,A,06013,+37.9194790,-121.9515431,06,36084,G4020,Contra Costa,Contra Costa County,06,2022-07-25,63.20274429414584,1658707200000,"{""type"":""MultiPoint"",""coordinates"":[]}"
205_00000000000000000023,1909598013,216923745,41860,H1,001,01675839,488,A,06001,+37.6471385,-121.9124880,06,36084,G4020,Alameda,Alameda County,06,2022-07-25,57.30503765606815,1658707200000,"{""type"":""MultiPoint"",""coordinates"":[]}"
205_0000000000000000001f,121375681,479216672,41860,H6,075,00277302,488,C,06075,+37.7272391,-123.0322294,06,41884,G4020,San Francisco,San Francisco County,06,2022-07-25,77.26148202857924,1658707200000,"{""type"":""MultiPoint"",""coordinates"":[]}"
206_00000000000000000021,1857233047,225282636,41860,H1,013,01675903,488,A,06013,+37.9194790,-121.9515431,06,36084,G4020,Contra Costa,Contra Costa County,06,2022-07-26,61.08315313068928,1658793600000,"{""type"":""MultiPoint"",""coordinates"":[]}"
206_00000000000000000023,1909598013,216923745,41860,H1,001,01675839,488,A,06001,+37.6471385,-121.9124880,06,36084,G4020,Alameda,Alameda County,06,2022-07-26,57.17525732461196,1658793600000,"{""type"":""MultiPoint"",""coordinates"":[]}"
206_0000000000000000001f,121375681,479216672,41860,H6,075,00277302,488,C,06075,+37.7272391,-123.0322294,06,41884,G4020,San Francisco,San Francisco County,06,2022-07-26,73.92935706875019,1658793600000,"{""type"":""MultiPoint"",""coordinates"":[]}"
207_00000000000000000021,1857233047,225282636,41860,H1,013,01675903,488,A,06013,+37.9194790,-121.9515431,06,36084,G4020,Contra Costa,Contra Costa County,06,2022-07-27,60.444649788671185,1658880000000,"{""type"":""MultiPoint"",""coordinates"":[]}"
207_00000000000000000023,1909598013,216923745,41860,H1,001,01675839,488,A,06001,+37.6471385,-121.9124880,06,36084,G4020,Alameda,Alameda County,06,2022-07-27,57.26871448097434,1658880000000,"{""type"":""MultiPoint"",""coordinates"":[]}"
207_0000000000000000001f,121375681,479216672,41860,H6,075,00277302,488,C,06075,+37.7272391,-123.0322294,06,41884,G4020,San Francisco,San Francisco County,06,2022-07-27,74.46498122448925,1658880000000,"{""type"":""MultiPoint"",""coordinates"":[]}"
208_00000000000000000021,1857233047,225282636,41860,H1,013,01675903,488,A,06013,+37.9194790,-121.9515431,06,36084,G4020,Contra Costa,Contra Costa County,06,2022-07-28,63.15132173559148,1658966400000,"{""type"":""MultiPoint"",""coordinates"":[]}"
208_00000000000000000023,1909598013,216923745,41860,H1,001,01675839,488,A,06001,+37.6471385,-121.9124880,06,36084,G4020,Alameda,Alameda County,06,2022-07-28,57.65007518662334,1658966400000,"{""type"":""MultiPoint"",""coordinates"":[]}"
208_0000000000000000001f,121375681,479216672,41860,H6,075,00277302,488,C,06075,+37.7272391,-123.0322294,06,41884,G4020,San Francisco,San Francisco County,06,2022-07-28,79.16584622096163,1658966400000,"{""type"":""MultiPoint"",""coordinates"":[]}"
209_00000000000000000021,1857233047,225282636,41860,H1,013,01675903,488,A,06013,+37.9194790,-121.9515431,06,36084,G4020,Contra Costa,Contra Costa County,06,2022-07-29,69.21875484469165,1659052800000,"{""type"":""MultiPoint"",""coordinates"":[]}"
209_00000000000000000023,1909598013,216923745,41860,H1,001,01675839,488,A,06001,+37.6471385,-121.9124880,06,36084,G4020,Alameda,Alameda County,06,2022-07-29,63.504920134808884,1659052800000,"{""type"":""MultiPoint"",""coordinates"":[]}"
209_0000000000000000001f,121375681,479216672,41860,H6,075,00277302,488,C,06075,+37.7272391,-123.0322294,06,41884,G4020,San Francisco,San Francisco County,06,2022-07-29,83.12102953486867,1659052800000,"{""type"":""MultiPoint"",""coordinates"":[]}"
210_00000000000000000021,1857233047,225282636,41860,H1,013,01675903,488,A,06013,+37.9194790,-121.9515431,06,36084,G4020,Contra Costa,Contra Costa County,06,2022-07-30,70.7659753964356,1659139200000,"{""type"":""MultiPoint"",""coordinates"":[]}"
210_00000000000000000023,1909598013,216923745,41860,H1,001,01675839,488,A,06001,+37.6471385,-121.9124880,06,36084,G4020,Alameda,Alameda County,06,2022-07-30,66.51461798726308,1659139200000,"{""type"":""MultiPoint"",""coordinates"":[]}"
210_0000000000000000001f,121375681,479216672,41860,H6,075,00277302,488,C,06075,+37.7272391,-123.0322294,06,41884,G4020,San Francisco,San Francisco County,06,2022-07-30,82.30958997517571,1659139200000,"{""type"":""MultiPoint"",""coordinates"":[]}"
211_00000000000000000021,1857233047,225282636,41860,H1,013,01675903,488,A,06013,+37.9194790,-121.9515431,06,36084,G4020,Contra Costa,Contra Costa County,06,2022-07-31,71.13940437068352,1659225600000,"{""type"":""MultiPoint"",""coordinates"":[]}"
211_00000000000000000023,1909598013,216923745,41860,H1,001,01675839,488,A,06001,+37.6471385,-121.9124880,06,36084,G4020,Alameda,Alameda County,06,2022-07-31,66.76467968246446,1659225600000,"{""type"":""MultiPoint"",""coordinates"":[]}"
211_0000000000000000001f,121375681,479216672,41860,H6,075,00277302,488,C,06075,+37.7272391,-123.0322294,06,41884,G4020,San Francisco,San Francisco County,06,2022-07-31,81.95276708684783,1659225600000,"{""type"":""MultiPoint"",""coordinates"":[]}"
212_00000000000000000021,1857233047,225282636,41860,H1,013,01675903,488,A,06013,+37.9194790,-121.9515431,06,36084,G4020,Contra Costa,Contra Costa County,06,2022-08-01,68.13378679636705,1659312000000,"{""type"":""MultiPoint"",""coordinates"":[]}"
212_00000000000000000023,1909598013,216923745,41860,H1,001,01675839,488,A,06001,+37.6471385,-121.9124880,06,36084,G4020,Alameda,Alameda County,06,2022-08-01,64.50655766584133,1659312000000,"{""type"":""MultiPoint"",""coordinates"":[]}"
212_0000000000000000001f,121375681,479216672,41860,H6,075,00277302,488,C,06075,+37.7272391,-123.0322294,06,41884,G4020,San Francisco,San Francisco County,06,2022-08-01,76.99153157009002,1659312000000,"{""type"":""MultiPoint"",""coordinates"":[]}"
213_00000000000000000021,1857233047,225282636,41860,H1,013,01675903,488,A,06013,+37.9194790,-121.9515431,06,36084,G4020,Contra Costa,Contra Costa County,06,2022-08-02,54.3126533793956,1659398400000,"{""type"":""MultiPoint"",""coordinates"":[]}"
213_00000000000000000023,1909598013,216923745,41860,H1,001,01675839,488,A,06001,+37.6471385,-121.9124880,06,36084,G4020,Alameda,Alameda County,06,2022-08-02,53.826663410748225,1659398400000,"{""type"":""MultiPoint"",""coordinates"":[]}"
213_0000000000000000001f,121375681,479216672,41860,H6,075,00277302,488,C,06075,+37.7272391,-123.0322294,06,41884,G4020,San Francisco,San Francisco County,06,2022-08-02,69.1362443654407,1659398400000,"{""type"":""MultiPoint"",""coordinates"":[]}"
214_00000000000000000021,1857233047,225282636,41860,H1,013,01675903,488,A,06013,+37.9194790,-121.9515431,06,36084,G4020,Contra Costa,Contra Costa County,06,2022-08-03,59.134961179031336,1659484800000,"{""type"":""MultiPoint"",""coordinates"":[]}"
214_00000000000000000023,1909598013,216923745,41860,H1,001,01675839,488,A,06001,+37.6471385,-121.9124880,06,36084,G4020,Alameda,Alameda County,06,2022-08-03,54.83519193991948,1659484800000,"{""type"":""MultiPoint"",""coordinates"":[]}"
214_0000000000000000001f,121375681,479216672,41860,H6,075,00277302,488,C,06075,+37.7272391,-123.0322294,06,41884,G4020,San Francisco,San Francisco County,06,2022-08-03,76.8636975399143,1659484800000,"{""type"":""MultiPoint"",""coordinates"":[]}"
215_00000000000000000021,1857233047,225282636,41860,H1,013,01675903,488,A,06013,+37.9194790,-121.9515431,06,36084,G4020,Contra Costa,Contra Costa County,06,2022-08-04,57.43074715095583,1659571200000,"{""type"":""MultiPoint"",""coordinates"":[]}"
215_00000000000000000023,1909598013,216923745,41860,H1,001,01675839,488,A,06001,+37.6471385,-121.9124880,06,36084,G4020,Alameda,Alameda County,06,2022-08-04,52.39313551544741,1659571200000,"{""type"":""MultiPoint"",""coordinates"":[]}"
215_0000000000000000001f,121375681,479216672,41860,H6,075,00277302,488,C,06075,+37.7272391,-123.0322294,06,41884,G4020,San Francisco,San Francisco County,06,2022-08-04,74.39428408572124,1659571200000,"{""type"":""MultiPoint"",""coordinates"":[]}"
216_00000000000000000021,1857233047,225282636,41860,H1,013,01675903,488,A,06013,+37.9194790,-121.9515431,06,36084,G4020,Contra Costa,Contra Costa County,06,2022-08-05,61.45798440376709,1659657600000,"{""type"":""MultiPoint"",""coordinates"":[]}"
216_00000000000000000023,1909598013,216923745,41860,H1,001,01675839,488,A,06001,+37.6471385,-121.9124880,06,36084,G4020,Alameda,Alameda County,06,2022-08-05,56.466637760638235,1659657600000,"{""type"":""MultiPoint"",""coordinates"":[]}"
216_0000000000000000001f,121375681,479216672,41860,H6,075,00277302,488,C,06075,+37.7272391,-123.0322294,06,41884,G4020,San Francisco,San Francisco County,06,2022-08-05,76.55501663610859,1659657600000,"{""type"":""MultiPoint"",""coordinates"":[]}"
217_00000000000000000021,1857233047,225282636,41860,H1,013,01675903,488,A,06013,+37.9194790,-121.9515431,06,36084,G4020,Contra Costa,Contra Costa County,06,2022-08-06,66.32696101015951,1659744000000,"{""type"":""MultiPoint"",""coordinates"":[]}"
217_00000000000000000023,1909598013,216923745,41860,H1,001,01675839,488,A,06001,+37.6471385,-121.9124880,06,36084,G4020,Alameda,Alameda County,06,2022-08-06,66.38115230079629,1659744000000,"{""type"":""MultiPoint"",""coordinates"":[]}"
217_0000000000000000001f,121375681,479216672,41860,H6,075,00277302,488,C,06075,+37.7272391,-123.0322294,06,41884,G4020,San Francisco,San Francisco County,06,2022-08-06,74.91017155316064,1659744000000,"{""type"":""MultiPoint"",""coordinates"":[]}"
218_00000000000000000021,1857233047,225282636,41860,H1,013,01675903,488,A,06013,+37.9194790,-121.9515431,06,36084,G4020,Contra Costa,Contra Costa County,06,2022-08-07,63.74875461686094,1659830400000,"{""type"":""MultiPoint"",""coordinates"":[]}"
218_00000000000000000023,1909598013,216923745,41860,H1,001,01675839,488,A,06001,+37.6471385,-121.9124880,06,36084,G4020,Alameda,Alameda County,06,2022-08-07,64.02050541921255,1659830400000,"{""type"":""MultiPoint"",""coordinates"":[]}"
218_0000000000000000001f,121375681,479216672,41860,H6,075,00277302,488,C,06075,+37.7272391,-123.0322294,06,41884,G4020,San Francisco,San Francisco County,06,2022-08-07,73.73539429444432,1659830400000,"{""type"":""MultiPoint"",""coordinates"":[]}"
219_00000000000000000021,1857233047,225282636,41860,H1,013,01675903,488,A,06013,+37.9194790,-121.9515431,06,36084,G4020,Contra Costa,Contra Costa County,06,2022-08-08,63.00967630206415,1659916800000,"{""type"":""MultiPoint"",""coordinates"":[]}"
219_00000000000000000023,1909598013,216923745,41860,H1,001,01675839,488,A,06001,+37.6471385,-121.9124880,06,36084,G4020,Alameda,Alameda County,06,2022-08-08,62.06168643215147,1659916800000,"{""type"":""MultiPoint"",""coordinates"":[]}"
219_0000000000000000001f,121375681,479216672,41860,H6,075,00277302,488,C,06075,+37.7272391,-123.0322294,06,41884,G4020,San Francisco,San Francisco County,06,2022-08-08,74.80858397518764,1659916800000,"{""type"":""MultiPoint"",""coordinates"":[]}"
220_00000000000000000021,1857233047,225282636,41860,H1,013,01675903,488,A,06013,+37.9194790,-121.9515431,06,36084,G4020,Contra Costa,Contra Costa County,06,2022-08-09,61.88344940418646,1660003200000,"{""type"":""MultiPoint"",""coordinates"":[]}"
220_00000000000000000023,1909598013,216923745,41860,H1,001,01675839,488,A,06001,+37.6471385,-121.9124880,06,36084,G4020,Alameda,Alameda County,06,2022-08-09,61.55705852675793,1660003200000,"{""type"":""MultiPoint"",""coordinates"":[]}"
220_0000000000000000001f,121375681,479216672,41860,H6,075,00277302,488,C,06075,+37.7272391,-123.0322294,06,41884,G4020,San Francisco,San Francisco County,06,2022-08-09,74.55488636000854,1660003200000,"{""type"":""MultiPoint"",""coordinates"":[]}"
221_00000000000000000021,1857233047,225282636,41860,H1,013,01675903,488,A,06013,+37.9194790,-121.9515431,06,36084,G4020,Contra Costa,Contra Costa County,06,2022-08-10,63.7834306538531,1660089600000,"{""type"":""MultiPoint"",""coordinates"":[]}"
221_00000000000000000023,1909598013,216923745,41860,H1,001,01675839,488,A,06001,+37.6471385,-121.9124880,06,36084,G4020,Alameda,Alameda County,06,2022-08-10,64.08590881074134,1660089600000,"{""type"":""MultiPoint"",""coordinates"":[]}"
221_0000000000000000001f,121375681,479216672,41860,H6,075,00277302,488,C,06075,+37.7272391,-123.0322294,06,41884,G4020,San Francisco,San Francisco County,06,2022-08-10,74.17270729298572,1660089600000,"{""type"":""MultiPoint"",""coordinates"":[]}"
222_00000000000000000021,1857233047,225282636,41860,H1,013,01675903,488,A,06013,+37.9194790,-121.9515431,06,36084,G4020,Contra Costa,Contra Costa County,06,2022-08-11,61.881501348953954,1660176000000,"{""type"":""MultiPoint"",""coordinates"":[]}"
222_00000000000000000023,1909598013,216923745,41860,H1,001,01675839,488,A,06001,+37.6471385,-121.9124880,06,36084,G4020,Alameda,Alameda County,06,2022-08-11,61.36844926298123,1660176000000,"{""type"":""MultiPoint"",""coordinates"":[]}"
222_0000000000000000001f,121375681,479216672,41860,H6,075,00277302,488,C,06075,+37.7272391,-123.0322294,06,41884,G4020,San Francisco,San Francisco County,06,2022-08-11,73.80392429489243,1660176000000,"{""type"":""MultiPoint"",""coordinates"":[]}"
223_00000000000000000021,1857233047,225282636,41860,H1,013,01675903,488,A,06013,+37.9194790,-121.9515431,06,36084,G4020,Contra Costa,Contra Costa County,06,2022-08-12,59.042069032877485,1660262400000,"{""type"":""MultiPoint"",""coordinates"":[]}"
223_00000000000000000023,1909598013,216923745,41860,H1,001,01675839,488,A,06001,+37.6471385,-121.9124880,06,36084,G4020,Alameda,Alameda County,06,2022-08-12,59.217818540047794,1660262400000,"{""type"":""MultiPoint"",""coordinates"":[]}"
223_0000000000000000001f,121375681,479216672,41860,H6,075,00277302,488,C,06075,+37.7272391,-123.0322294,06,41884,G4020,San Francisco,San Francisco County,06,2022-08-12,69.95225868077205,1660262400000,"{""type"":""MultiPoint"",""coordinates"":[]}"
224_00000000000000000021,1857233047,225282636,41860,H1,013,01675903,488,A,06013,+37.9194790,-121.9515431,06,36084,G4020,Contra Costa,Contra Costa County,06,2022-08-13,54.65825099628285,1660348800000,"{""type"":""MultiPoint"",""coordinates"":[]}"
224_00000000000000000023,1909598013,216923745,41860,H1,001,01675839,488,A,06001,+37.6471385,-121.9124880,06,36084,G4020,Alameda,Alameda County,06,2022-08-13,53.45704401492609,1660348800000,"{""type"":""MultiPoint"",""coordinates"":[]}"
224_0000000000000000001f,121375681,479216672,41860,H6,075,00277302,488,C,06075,+37.7272391,-123.0322294,06,41884,G4020,San Francisco,San Francisco County,06,2022-08-13,67.37429759380755,1660348800000,"{""type"":""MultiPoint"",""coordinates"":[]}"
225_00000000000000000021,1857233047,225282636,41860,H1,013,01675903,488,A,06013,+37.9194790,-121.9515431,06,36084,G4020,Contra Costa,Contra Costa County,06,2022-08-14,53.912803798474414,1660435200000,"{""type"":""MultiPoint"",""coordinates"":[]}"
225_00000000000000000023,1909598013,216923745,41860,H1,001,01675839,488,A,06001,+37.6471385,-121.9124880,06,36084,G4020,Alameda,Alameda County,06,2022-08-14,51.516385391791054,1660435200000,"{""type"":""MultiPoint"",""coordinates"":[]}"
225_0000000000000000001f,121375681,479216672,41860,H6,075,00277302,488,C,06075,+37.7272391,-123.0322294,06,41884,G4020,San Francisco,San Francisco County,06,2022-08-14,69.35285256463713,1660435200000,"{""type"":""MultiPoint"",""coordinates"":[]}"
226_00000000000000000021,1857233047,225282636,41860,H1,013,01675903,488,A,06013,+37.9194790,-121.9515431,06,36084,G4020,Contra Costa,Contra Costa County,06,2022-08-15,53.045037857511296,1660521600000,"{""type"":""MultiPoint"",""coordinates"":[]}"
226_00000000000000000023,1909598013,216923745,41860,H1,001,01675839,488,A,06001,+37.6471385,-121.9124880,06,36084,G4020,Alameda,Alameda County,06,2022-08-15,51.04491049180322,1660521600000,"{""type"":""MultiPoint"",""coordinates"":[]}"
226_0000000000000000001f,121375681,479216672,41860,H6,075,00277302,488,C,06075,+37.7272391,-123.0322294,06,41884,G4020,San Francisco,San Francisco County,06,2022-08-15,68.42895857684768,1660521600000,"{""type"":""MultiPoint"",""coordinates"":[]}"
227_00000000000000000021,1857233047,225282636,41860,H1,013,01675903,488,A,06013,+37.9194790,-121.9515431,06,36084,G4020,Contra Costa,Contra Costa County,06,2022-08-16,49.77464230571071,1660608000000,"{""type"":""MultiPoint"",""coordinates"":[]}"
227_00000000000000000023,1909598013,216923745,41860,H1,001,01675839,488,A,06001,+37.6471385,-121.9124880,06,36084,G4020,Alameda,Alameda County,06,2022-08-16,45.94420572204521,1660608000000,"{""type"":""MultiPoint"",""coordinates"":[]}"
227_0000000000000000001f,121375681,479216672,41860,H6,075,00277302,488,C,06075,+37.7272391,-123.0322294,06,41884,G4020,San Francisco,San Francisco County,06,2022-08-16,67.54713114455686,1660608000000,"{""type"":""MultiPoint"",""coordinates"":[]}"
228_00000000000000000021,1857233047,225282636,41860,H1,013,01675903,488,A,06013,+37.9194790,-121.9515431,06,36084,G4020,Contra Costa,Contra Costa County,06,2022-08-17,46.69590864051467,1660694400000,"{""type"":""MultiPoint"",""coordinates"":[]}"
228_00000000000000000023,1909598013,216923745,41860,H1,001,01675839,488,A,06001,+37.6471385,-121.9124880,06,36084,G4020,Alameda,Alameda County,06,2022-08-17,43.70960731229458,1660694400000,"{""type"":""MultiPoint"",""coordinates"":[]}"
228_0000000000000000001f,121375681,479216672,41860,H6,075,00277302,488,C,06075,+37.7272391,-123.0322294,06,41884,G4020,San Francisco,San Francisco County,06,2022-08-17,67.19369411827884,1660694400000,"{""type"":""MultiPoint"",""coordinates"":[]}"
229_00000000000000000021,1857233047,225282636,41860,H1,013,01675903,488,A,06013,+37.9194790,-121.9515431,06,36084,G4020,Contra Costa,Contra Costa County,06,2022-08-18,54.38487367095427,1660780800000,"{""type"":""MultiPoint"",""coordinates"":[]}"
229_00000000000000000023,1909598013,216923745,41860,H1,001,01675839,488,A,06001,+37.6471385,-121.9124880,06,36084,G4020,Alameda,Alameda County,06,2022-08-18,49.86473074409052,1660780800000,"{""type"":""MultiPoint"",""coordinates"":[]}"
229_0000000000000000001f,121375681,479216672,41860,H6,075,00277302,488,C,06075,+37.7272391,-123.0322294,06,41884,G4020,San Francisco,San Francisco County,06,2022-08-18,77.52631239239398,1660780800000,"{""type"":""MultiPoint"",""coordinates"":[]}"
230_00000000000000000021,1857233047,225282636,41860,H1,013,01675903,488,A,06013,+37.9194790,-121.9515431,06,36084,G4020,Contra Costa,Contra Costa County,06,2022-08-19,59.13008858034596,1660867200000,"{""type"":""MultiPoint"",""coordinates"":[]}"
230_00000000000000000023,1909598013,216923745,41860,H1,001,01675839,488,A,06001,+37.6471385,-121.9124880,06,36084,G4020,Alameda,Alameda County,06,2022-08-19,53.457213807895016,1660867200000,"{""type"":""MultiPoint"",""coordinates"":[]}"
230_0000000000000000001f,121375681,479216672,41860,H6,075,00277302,488,C,06075,+37.7272391,-123.0322294,06,41884,G4020,San Francisco,San Francisco County,06,2022-08-19,77.41401431709556,1660867200000,"{""type"":""MultiPoint"",""coordinates"":[]}"
231_00000000000000000021,1857233047,225282636,41860,H1,013,01675903,488,A,06013,+37.9194790,-121.9515431,06,36084,G4020,Contra Costa,Contra Costa County,06,2022-08-20,58.05415715519532,1660953600000,"{""type"":""MultiPoint"",""coordinates"":[]}"
231_00000000000000000023,1909598013,216923745,41860,H1,001,01675839,488,A,06001,+37.6471385,-121.9124880,06,36084,G4020,Alameda,Alameda County,06,2022-08-20,50.73379148101531,1660953600000,"{""type"":""MultiPoint"",""coordinates"":[]}"
231_0000000000000000001f,121375681,479216672,41860,H6,075,00277302,488,C,06075,+37.7272391,-123.0322294,06,41884,G4020,San Francisco,San Francisco County,06,2022-08-20,74.00690673417373,1660953600000,"{""type"":""MultiPoint"",""coordinates"":[]}"
232_00000000000000000021,1857233047,225282636,41860,H1,013,01675903,488,A,06013,+37.9194790,-121.9515431,06,36084,G4020,Contra Costa,Contra Costa County,06,2022-08-21,59.614329402623596,1661040000000,"{""type"":""MultiPoint"",""coordinates"":[]}"
232_00000000000000000023,1909598013,216923745,41860,H1,001,01675839,488,A,06001,+37.6471385,-121.9124880,06,36084,G4020,Alameda,Alameda County,06,2022-08-21,52.39523329092246,1661040000000,"{""type"":""MultiPoint"",""coordinates"":[]}"
232_0000000000000000001f,121375681,479216672,41860,H6,075,00277302,488,C,06075,+37.7272391,-123.0322294,06,41884,G4020,San Francisco,San Francisco County,06,2022-08-21,77.62920954891757,1661040000000,"{""type"":""MultiPoint"",""coordinates"":[]}"
233_00000000000000000021,1857233047,225282636,41860,H1,013,01675903,488,A,06013,+37.9194790,-121.9515431,06,36084,G4020,Contra Costa,Contra Costa County,06,2022-08-22,61.53794680147036,1661126400000,"{""type"":""MultiPoint"",""coordinates"":[]}"
233_00000000000000000023,1909598013,216923745,41860,H1,001,01675839,488,A,06001,+37.6471385,-121.9124880,06,36084,G4020,Alameda,Alameda County,06,2022-08-22,57.18569803385401,1661126400000,"{""type"":""MultiPoint"",""coordinates"":[]}"
233_0000000000000000001f,121375681,479216672,41860,H6,075,00277302,488,C,06075,+37.7272391,-123.0322294,06,41884,G4020,San Francisco,San Francisco County,06,2022-08-22,72.46439753726796,1661126400000,"{""type"":""MultiPoint"",""coordinates"":[]}"
234_00000000000000000021,1857233047,225282636,41860,H1,013,01675903,488,A,06013,+37.9194790,-121.9515431,06,36084,G4020,Contra Costa,Contra Costa County,06,2022-08-23,62.867355025140675,1661212800000,"{""type"":""MultiPoint"",""coordinates"":[]}"
234_00000000000000000023,1909598013,216923745,41860,H1,001,01675839,488,A,06001,+37.6471385,-121.9124880,06,36084,G4020,Alameda,Alameda County,06,2022-08-23,61.435677032285504,1661212800000,"{""type"":""MultiPoint"",""coordinates"":[]}"
234_0000000000000000001f,121375681,479216672,41860,H6,075,00277302,488,C,06075,+37.7272391,-123.0322294,06,41884,G4020,San Francisco,San Francisco County,06,2022-08-23,75.11412608960191,1661212800000,"{""type"":""MultiPoint"",""coordinates"":[]}"
235_00000000000000000021,1857233047,225282636,41860,H1,013,01675903,488,A,06013,+37.9194790,-121.9515431,06,36084,G4020,Contra Costa,Contra Costa County,06,2022-08-24,62.437052667753676,1661299200000,"{""type"":""MultiPoint"",""coordinates"":[]}"
235_00000000000000000023,1909598013,216923745,41860,H1,001,01675839,488,A,06001,+37.6471385,-121.9124880,06,36084,G4020,Alameda,Alameda County,06,2022-08-24,58.50039327976107,1661299200000,"{""type"":""MultiPoint"",""coordinates"":[]}"
235_0000000000000000001f,121375681,479216672,41860,H6,075,00277302,488,C,06075,+37.7272391,-123.0322294,06,41884,G4020,San Francisco,San Francisco County,06,2022-08-24,77.4076361182952,1661299200000,"{""type"":""MultiPoint"",""coordinates"":[]}"
236_00000000000000000021,1857233047,225282636,41860,H1,013,01675903,488,A,06013,+37.9194790,-121.9515431,06,36084,G4020,Contra Costa,Contra Costa County,06,2022-08-25,67.1401634983962,1661385600000,"{""type"":""MultiPoint"",""coordinates"":[]}"
236_00000000000000000023,1909598013,216923745,41860,H1,001,01675839,488,A,06001,+37.6471385,-121.9124880,06,36084,G4020,Alameda,Alameda County,06,2022-08-25,59.067700054393015,1661385600000,"{""type"":""MultiPoint"",""coordinates"":[]}"
236_0000000000000000001f,121375681,479216672,41860,H6,075,00277302,488,C,06075,+37.7272391,-123.0322294,06,41884,G4020,San Francisco,San Francisco County,06,2022-08-25,82.77987836417219,1661385600000,"{""type"":""MultiPoint"",""coordinates"":[]}"
237_00000000000000000021,1857233047,225282636,41860,H1,013,01675903,488,A,06013,+37.9194790,-121.9515431,06,36084,G4020,Contra Costa,Contra Costa County,06,2022-08-26,69.2249948063923,1661472000000,"{""type"":""MultiPoint"",""coordinates"":[]}"
237_00000000000000000023,1909598013,216923745,41860,H1,001,01675839,488,A,06001,+37.6471385,-121.9124880,06,36084,G4020,Alameda,Alameda County,06,2022-08-26,61.816962960101904,1661472000000,"{""type"":""MultiPoint"",""coordinates"":[]}"
237_0000000000000000001f,121375681,479216672,41860,H6,075,00277302,488,C,06075,+37.7272391,-123.0322294,06,41884,G4020,San Francisco,San Francisco County,06,2022-08-26,82.04788989465574,1661472000000,"{""type"":""MultiPoint"",""coordinates"":[]}"
238_00000000000000000021,1857233047,225282636,41860,H1,013,01675903,488,A,06013,+37.9194790,-121.9515431,06,36084,G4020,Contra Costa,Contra Costa County,06,2022-08-27,68.37391222243244,1661558400000,"{""type"":""MultiPoint"",""coordinates"":[]}"
238_00000000000000000023,1909598013,216923745,41860,H1,001,01675839,488,A,06001,+37.6471385,-121.9124880,06,36084,G4020,Alameda,Alameda County,06,2022-08-27,60.170308858780174,1661558400000,"{""type"":""MultiPoint"",""coordinates"":[]}"
238_0000000000000000001f,121375681,479216672,41860,H6,075,00277302,488,C,06075,+37.7272391,-123.0322294,06,41884,G4020,San Francisco,San Francisco County,06,2022-08-27,84.55368881944354,1661558400000,"{""type"":""MultiPoint"",""coordinates"":[]}"
239_00000000000000000021,1857233047,225282636,41860,H1,013,01675903,488,A,06013,+37.9194790,-121.9515431,06,36084,G4020,Contra Costa,Contra Costa County,06,2022-08-28,68.48386404877157,1661644800000,"{""type"":""MultiPoint"",""coordinates"":[]}"
239_00000000000000000023,1909598013,216923745,41860,H1,001,01675839,488,A,06001,+37.6471385,-121.9124880,06,36084,G4020,Alameda,Alameda County,06,2022-08-28,62.234856661425276,1661644800000,"{""type"":""MultiPoint"",""coordinates"":[]}"
239_0000000000000000001f,121375681,479216672,41860,H6,075,00277302,488,C,06075,+37.7272391,-123.0322294,06,41884,G4020,San Francisco,San Francisco County,06,2022-08-28,81.28748961991064,1661644800000,"{""type"":""MultiPoint"",""coordinates"":[]}"
240_00000000000000000021,1857233047,225282636,41860,H1,013,01675903,488,A,06013,+37.9194790,-121.9515431,06,36084,G4020,Contra Costa,Contra Costa County,06,2022-08-29,64.01195317879525,1661731200000,"{""type"":""MultiPoint"",""coordinates"":[]}"
240_00000000000000000023,1909598013,216923745,41860,H1,001,01675839,488,A,06001,+37.6471385,-121.9124880,06,36084,G4020,Alameda,Alameda County,06,2022-08-29,58.725969920645944,1661731200000,"{""type"":""MultiPoint"",""coordinates"":[]}"
240_0000000000000000001f,121375681,479216672,41860,H6,075,00277302,488,C,06075,+37.7272391,-123.0322294,06,41884,G4020,San Francisco,San Francisco County,06,2022-08-29,76.63501425082387,1661731200000,"{""type"":""MultiPoint"",""coordinates"":[]}"
241_00000000000000000021,1857233047,225282636,41860,H1,013,01675903,488,A,06013,+37.9194790,-121.9515431,06,36084,G4020,Contra Costa,Contra Costa County,06,2022-08-30,61.9318739064458,1661817600000,"{""type"":""MultiPoint"",""coordinates"":[]}"
241_00000000000000000023,1909598013,216923745,41860,H1,001,01675839,488,A,06001,+37.6471385,-121.9124880,06,36084,G4020,Alameda,Alameda County,06,2022-08-30,60.681806074703815,1661817600000,"{""type"":""MultiPoint"",""coordinates"":[]}"
241_0000000000000000001f,121375681,479216672,41860,H6,075,00277302,488,C,06075,+37.7272391,-123.0322294,06,41884,G4020,San Francisco,San Francisco County,06,2022-08-30,74.36193620411208,1661817600000,"{""type"":""MultiPoint"",""coordinates"":[]}"
242_00000000000000000021,1857233047,225282636,41860,H1,013,01675903,488,A,06013,+37.9194790,-121.9515431,06,36084,G4020,Contra Costa,Contra Costa County,06,2022-08-31,58.8406980729147,1661904000000,"{""type"":""MultiPoint"",""coordinates"":[]}"
242_00000000000000000023,1909598013,216923745,41860,H1,001,01675839,488,A,06001,+37.6471385,-121.9124880,06,36084,G4020,Alameda,Alameda County,06,2022-08-31,58.116729036988446,1661904000000,"{""type"":""MultiPoint"",""coordinates"":[]}"
242_0000000000000000001f,121375681,479216672,41860,H6,075,00277302,488,C,06075,+37.7272391,-123.0322294,06,41884,G4020,San Francisco,San Francisco County,06,2022-08-31,71.26093999928095,1661904000000,"{""type"":""MultiPoint"",""coordinates"":[]}"
243_00000000000000000021,1857233047,225282636,41860,H1,013,01675903,488,A,06013,+37.9194790,-121.9515431,06,36084,G4020,Contra Costa,Contra Costa County,06,2022-09-01,53.13596139896898,1661990400000,"{""type"":""MultiPoint"",""coordinates"":[]}"
243_00000000000000000023,1909598013,216923745,41860,H1,001,01675839,488,A,06001,+37.6471385,-121.9124880,06,36084,G4020,Alameda,Alameda County,06,2022-09-01,46.2864965101393,1661990400000,"{""type"":""MultiPoint"",""coordinates"":[]}"
243_0000000000000000001f,121375681,479216672,41860,H6,075,00277302,488,C,06075,+37.7272391,-123.0322294,06,41884,G4020,San Francisco,San Francisco County,06,2022-09-01,70.98333176079772,1661990400000,"{""type"":""MultiPoint"",""coordinates"":[]}"
244_00000000000000000021,1857233047,225282636,41860,H1,013,01675903,488,A,06013,+37.9194790,-121.9515431,06,36084,G4020,Contra Costa,Contra Costa County,06,2022-09-02,51.45760735564158,1662076800000,"{""type"":""MultiPoint"",""coordinates"":[]}"
244_00000000000000000023,1909598013,216923745,41860,H1,001,01675839,488,A,06001,+37.6471385,-121.9124880,06,36084,G4020,Alameda,Alameda County,06,2022-09-02,46.38260619841352,1662076800000,"{""type"":""MultiPoint"",""coordinates"":[]}"
244_0000000000000000001f,121375681,479216672,41860,H6,075,00277302,488,C,06075,+37.7272391,-123.0322294,06,41884,G4020,San Francisco,San Francisco County,06,2022-09-02,71.84719648367232,1662076800000,"{""type"":""MultiPoint"",""coordinates"":[]}"
245_00000000000000000021,1857233047,225282636,41860,H1,013,01675903,488,A,06013,+37.9194790,-121.9515431,06,36084,G4020,Contra Costa,Contra Costa County,06,2022-09-03,49.96994103166431,1662163200000,"{""type"":""MultiPoint"",""coordinates"":[]}"
245_00000000000000000023,1909598013,216923745,41860,H1,001,01675839,488,A,06001,+37.6471385,-121.9124880,06,36084,G4020,Alameda,Alameda County,06,2022-09-03,45.056464574110684,1662163200000,"{""type"":""MultiPoint"",""coordinates"":[]}"
245_0000000000000000001f,121375681,479216672,41860,H6,075,00277302,488,C,06075,+37.7272391,-123.0322294,06,41884,G4020,San Francisco,San Francisco County,06,2022-09-03,66.22790267282107,1662163200000,"{""type"":""MultiPoint"",""coordinates"":[]}"
246_00000000000000000021,1857233047,225282636,41860,H1,013,01675903,488,A,06013,+37.9194790,-121.9515431,06,36084,G4020,Contra Costa,Contra Costa County,06,2022-09-04,45.97774591444957,1662249600000,"{""type"":""MultiPoint"",""coordinates"":[]}"
246_00000000000000000023,1909598013,216923745,41860,H1,001,01675839,488,A,06001,+37.6471385,-121.9124880,06,36084,G4020,Alameda,Alameda County,06,2022-09-04,40.331041468019585,1662249600000,"{""type"":""MultiPoint"",""coordinates"":[]}"
246_0000000000000000001f,121375681,479216672,41860,H6,075,00277302,488,C,06075,+37.7272391,-123.0322294,06,41884,G4020,San Francisco,San Francisco County,06,2022-09-04,60.873042919612175,1662249600000,"{""type"":""MultiPoint"",""coordinates"":[]}"
247_00000000000000000021,1857233047,225282636,41860,H1,013,01675903,488,A,06013,+37.9194790,-121.9515431,06,36084,G4020,Contra Costa,Contra Costa County,06,2022-09-05,38.3809103331091,1662336000000,"{""type"":""MultiPoint"",""coordinates"":[]}"
247_00000000000000000023,1909598013,216923745,41860,H1,001,01675839,488,A,06001,+37.6471385,-121.9124880,06,36084,G4020,Alameda,Alameda County,06,2022-09-05,30.295616053165606,1662336000000,"{""type"":""MultiPoint"",""coordinates"":[]}"
247_0000000000000000001f,121375681,479216672,41860,H6,075,00277302,488,C,06075,+37.7272391,-123.0322294,06,41884,G4020,San Francisco,San Francisco County,06,2022-09-05,55.63803484240609,1662336000000,"{""type"":""MultiPoint"",""coordinates"":[]}"
248_00000000000000000021,1857233047,225282636,41860,H1,013,01675903,488,A,06013,+37.9194790,-121.9515431,06,36084,G4020,Contra Costa,Contra Costa County,06,2022-09-06,31.840162644423646,1662422400000,"{""type"":""MultiPoint"",""coordinates"":[]}"
248_00000000000000000023,1909598013,216923745,41860,H1,001,01675839,488,A,06001,+37.6471385,-121.9124880,06,36084,G4020,Alameda,Alameda County,06,2022-09-06,25.557665297762508,1662422400000,"{""type"":""MultiPoint"",""coordinates"":[]}"
248_0000000000000000001f,121375681,479216672,41860,H6,075,00277302,488,C,06075,+37.7272391,-123.0322294,06,41884,G4020,San Francisco,San Francisco County,06,2022-09-06,48.56586528523792,1662422400000,"{""type"":""MultiPoint"",""coordinates"":[]}"
249_00000000000000000021,1857233047,225282636,41860,H1,013,01675903,488,A,06013,+37.9194790,-121.9515431,06,36084,G4020,Contra Costa,Contra Costa County,06,2022-09-07,39.5735988748047,1662508800000,"{""type"":""MultiPoint"",""coordinates"":[]}"
249_00000000000000000023,1909598013,216923745,41860,H1,001,01675839,488,A,06001,+37.6471385,-121.9124880,06,36084,G4020,Alameda,Alameda County,06,2022-09-07,35.00867082023765,1662508800000,"{""type"":""MultiPoint"",""coordinates"":[]}"
249_0000000000000000001f,121375681,479216672,41860,H6,075,00277302,488,C,06075,+37.7272391,-123.0322294,06,41884,G4020,San Francisco,San Francisco County,06,2022-09-07,56.37200687622738,1662508800000,"{""type"":""MultiPoint"",""coordinates"":[]}"
250_00000000000000000021,1857233047,225282636,41860,H1,013,01675903,488,A,06013,+37.9194790,-121.9515431,06,36084,G4020,Contra Costa,Contra Costa County,06,2022-09-08,38.158092583708054,1662595200000,"{""type"":""MultiPoint"",""coordinates"":[]}"
250_00000000000000000023,1909598013,216923745,41860,H1,001,01675839,488,A,06001,+37.6471385,-121.9124880,06,36084,G4020,Alameda,Alameda County,06,2022-09-08,30.945460015247832,1662595200000,"{""type"":""MultiPoint"",""coordinates"":[]}"
250_0000000000000000001f,121375681,479216672,41860,H6,075,00277302,488,C,06075,+37.7272391,-123.0322294,06,41884,G4020,San Francisco,San Francisco County,06,2022-09-08,60.77036235991561,1662595200000,"{""type"":""MultiPoint"",""coordinates"":[]}"
251_00000000000000000021,1857233047,225282636,41860,H1,013,01675903,488,A,06013,+37.9194790,-121.9515431,06,36084,G4020,Contra Costa,Contra Costa County,06,2022-09-09,42.380093249398314,1662681600000,"{""type"":""MultiPoint"",""coordinates"":[]}"
251_00000000000000000023,1909598013,216923745,41860,H1,001,01675839,488,A,06001,+37.6471385,-121.9124880,06,36084,G4020,Alameda,Alameda County,06,2022-09-09,36.03723450686758,1662681600000,"{""type"":""MultiPoint"",""coordinates"":[]}"
251_0000000000000000001f,121375681,479216672,41860,H6,075,00277302,488,C,06075,+37.7272391,-123.0322294,06,41884,G4020,San Francisco,San Francisco County,06,2022-09-09,62.32627343910267,1662681600000,"{""type"":""MultiPoint"",""coordinates"":[]}"
252_00000000000000000021,1857233047,225282636,41860,H1,013,01675903,488,A,06013,+37.9194790,-121.9515431,06,36084,G4020,Contra Costa,Contra Costa County,06,2022-09-10,60.83883236994329,1662768000000,"{""type"":""MultiPoint"",""coordinates"":[]}"
252_00000000000000000023,1909598013,216923745,41860,H1,001,01675839,488,A,06001,+37.6471385,-121.9124880,06,36084,G4020,Alameda,Alameda County,06,2022-09-10,53.226816646253674,1662768000000,"{""type"":""MultiPoint"",""coordinates"":[]}"
252_0000000000000000001f,121375681,479216672,41860,H6,075,00277302,488,C,06075,+37.7272391,-123.0322294,06,41884,G4020,San Francisco,San Francisco County,06,2022-09-10,78.44998852412354,1662768000000,"{""type"":""MultiPoint"",""coordinates"":[]}"
253_00000000000000000021,1857233047,225282636,41860,H1,013,01675903,488,A,06013,+37.9194790,-121.9515431,06,36084,G4020,Contra Costa,Contra Costa County,06,2022-09-11,60.064722798002954,1662854400000,"{""type"":""MultiPoint"",""coordinates"":[]}"
253_00000000000000000023,1909598013,216923745,41860,H1,001,01675839,488,A,06001,+37.6471385,-121.9124880,06,36084,G4020,Alameda,Alameda County,06,2022-09-11,59.860744947192906,1662854400000,"{""type"":""MultiPoint"",""coordinates"":[]}"
253_0000000000000000001f,121375681,479216672,41860,H6,075,00277302,488,C,06075,+37.7272391,-123.0322294,06,41884,G4020,San Francisco,San Francisco County,06,2022-09-11,74.64599943696831,1662854400000,"{""type"":""MultiPoint"",""coordinates"":[]}"
254_00000000000000000021,1857233047,225282636,41860,H1,013,01675903,488,A,06013,+37.9194790,-121.9515431,06,36084,G4020,Contra Costa,Contra Costa County,06,2022-09-12,58.37710793581815,1662940800000,"{""type"":""MultiPoint"",""coordinates"":[]}"
254_00000000000000000023,1909598013,216923745,41860,H1,001,01675839,488,A,06001,+37.6471385,-121.9124880,06,36084,G4020,Alameda,Alameda County,06,2022-09-12,53.77563124159398,1662940800000,"{""type"":""MultiPoint"",""coordinates"":[]}"
254_0000000000000000001f,121375681,479216672,41860,H6,075,00277302,488,C,06075,+37.7272391,-123.0322294,06,41884,G4020,San Francisco,San Francisco County,06,2022-09-12,75.42574144709623,1662940800000,"{""type"":""MultiPoint"",""coordinates"":[]}"
255_00000000000000000021,1857233047,225282636,41860,H1,013,01675903,488,A,06013,+37.9194790,-121.9515431,06,36084,G4020,Contra Costa,Contra Costa County,06,2022-09-13,64.56469960512233,1663027200000,"{""type"":""MultiPoint"",""coordinates"":[]}"
255_00000000000000000023,1909598013,216923745,41860,H1,001,01675839,488,A,06001,+37.6471385,-121.9124880,06,36084,G4020,Alameda,Alameda County,06,2022-09-13,63.47257534443529,1663027200000,"{""type"":""MultiPoint"",""coordinates"":[]}"
255_0000000000000000001f,121375681,479216672,41860,H6,075,00277302,488,C,06075,+37.7272391,-123.0322294,06,41884,G4020,San Francisco,San Francisco County,06,2022-09-13,75.77563650280301,1663027200000,"{""type"":""MultiPoint"",""coordinates"":[]}"
256_00000000000000000021,1857233047,225282636,41860,H1,013,01675903,488,A,06013,+37.9194790,-121.9515431,06,36084,G4020,Contra Costa,Contra Costa County,06,2022-09-14,67.35807144012493,1663113600000,"{""type"":""MultiPoint"",""coordinates"":[]}"
256_00000000000000000023,1909598013,216923745,41860,H1,001,01675839,488,A,06001,+37.6471385,-121.9124880,06,36084,G4020,Alameda,Alameda County,06,2022-09-14,68.81250444071826,1663113600000,"{""type"":""MultiPoint"",""coordinates"":[]}"
256_0000000000000000001f,121375681,479216672,41860,H6,075,00277302,488,C,06075,+37.7272391,-123.0322294,06,41884,G4020,San Francisco,San Francisco County,06,2022-09-14,78.43890646162625,1663113600000,"{""type"":""MultiPoint"",""coordinates"":[]}"
257_00000000000000000021,1857233047,225282636,41860,H1,013,01675903,488,A,06013,+37.9194790,-121.9515431,06,36084,G4020,Contra Costa,Contra Costa County,06,2022-09-15,69.26798766644123,1663200000000,"{""type"":""MultiPoint"",""coordinates"":[]}"
257_00000000000000000023,1909598013,216923745,41860,H1,001,01675839,488,A,06001,+37.6471385,-121.9124880,06,36084,G4020,Alameda,Alameda County,06,2022-09-15,70.63053750367264,1663200000000,"{""type"":""MultiPoint"",""coordinates"":[]}"
257_0000000000000000001f,121375681,479216672,41860,H6,075,00277302,488,C,06075,+37.7272391,-123.0322294,06,41884,G4020,San Francisco,San Francisco County,06,2022-09-15,78.99501696754356,1663200000000,"{""type"":""MultiPoint"",""coordinates"":[]}"
258_00000000000000000021,1857233047,225282636,41860,H1,013,01675903,488,A,06013,+37.9194790,-121.9515431,06,36084,G4020,Contra Costa,Contra Costa County,06,2022-09-16,68.50080413787451,1663286400000,"{""type"":""MultiPoint"",""coordinates"":[]}"
258_00000000000000000023,1909598013,216923745,41860,H1,001,01675839,488,A,06001,+37.6471385,-121.9124880,06,36084,G4020,Alameda,Alameda County,06,2022-09-16,68.91008132707967,1663286400000,"{""type"":""MultiPoint"",""coordinates"":[]}"
258_0000000000000000001f,121375681,479216672,41860,H6,075,00277302,488,C,06075,+37.7272391,-123.0322294,06,41884,G4020,San Francisco,San Francisco County,06,2022-09-16,75.7489642981716,1663286400000,"{""type"":""MultiPoint"",""coordinates"":[]}"
259_00000000000000000021,1857233047,225282636,41860,H1,013,01675903,488,A,06013,+37.9194790,-121.9515431,06,36084,G4020,Contra Costa,Contra Costa County,06,2022-09-17,66.39083563004978,1663372800000,"{""type"":""MultiPoint"",""coordinates"":[]}"
259_00000000000000000023,1909598013,216923745,41860,H1,001,01675839,488,A,06001,+37.6471385,-121.9124880,06,36084,G4020,Alameda,Alameda County,06,2022-09-17,69.00002478346524,1663372800000,"{""type"":""MultiPoint"",""coordinates"":[]}"
259_0000000000000000001f,121375681,479216672,41860,H6,075,00277302,488,C,06075,+37.7272391,-123.0322294,06,41884,G4020,San Francisco,San Francisco County,06,2022-09-17,73.78908975820656,1663372800000,"{""type"":""MultiPoint"",""coordinates"":[]}"
260_00000000000000000021,1857233047,225282636,41860,H1,013,01675903,488,A,06013,+37.9194790,-121.9515431,06,36084,G4020,Contra Costa,Contra Costa County,06,2022-09-18,76.16319149834906,1663459200000,"{""type"":""MultiPoint"",""coordinates"":[]}"
260_00000000000000000023,1909598013,216923745,41860,H1,001,01675839,488,A,06001,+37.6471385,-121.9124880,06,36084,G4020,Alameda,Alameda County,06,2022-09-18,76.25654199311637,1663459200000,"{""type"":""MultiPoint"",""coordinates"":[]}"
260_0000000000000000001f,121375681,479216672,41860,H6,075,00277302,488,C,06075,+37.7272391,-123.0322294,06,41884,G4020,San Francisco,San Francisco County,06,2022-09-18,82.73167052831101,1663459200000,"{""type"":""MultiPoint"",""coordinates"":[]}"
261_00000000000000000021,1857233047,225282636,41860,H1,013,01675903,488,A,06013,+37.9194790,-121.9515431,06,36084,G4020,Contra Costa,Contra Costa County,06,2022-09-19,79.94925111990054,1663545600000,"{""type"":""MultiPoint"",""coordinates"":[]}"
261_00000000000000000023,1909598013,216923745,41860,H1,001,01675839,488,A,06001,+37.6471385,-121.9124880,06,36084,G4020,Alameda,Alameda County,06,2022-09-19,80.21580271697744,1663545600000,"{""type"":""MultiPoint"",""coordinates"":[]}"
261_0000000000000000001f,121375681,479216672,41860,H6,075,00277302,488,C,06075,+37.7272391,-123.0322294,06,41884,G4020,San Francisco,San Francisco County,06,2022-09-19,84.94792499432656,1663545600000,"{""type"":""MultiPoint"",""coordinates"":[]}"
262_00000000000000000021,1857233047,225282636,41860,H1,013,01675903,488,A,06013,+37.9194790,-121.9515431,06,36084,G4020,Contra Costa,Contra Costa County,06,2022-09-20,76.41031367843188,1663632000000,"{""type"":""MultiPoint"",""coordinates"":[]}"
262_00000000000000000023,1909598013,216923745,41860,H1,001,01675839,488,A,06001,+37.6471385,-121.9124880,06,36084,G4020,Alameda,Alameda County,06,2022-09-20,73.89390949978873,1663632000000,"{""type"":""MultiPoint"",""coordinates"":[]}"
262_0000000000000000001f,121375681,479216672,41860,H6,075,00277302,488,C,06075,+37.7272391,-123.0322294,06,41884,G4020,San Francisco,San Francisco County,06,2022-09-20,81.64493381921353,1663632000000,"{""type"":""MultiPoint"",""coordinates"":[]}"
263_00000000000000000021,1857233047,225282636,41860,H1,013,01675903,488,A,06013,+37.9194790,-121.9515431,06,36084,G4020,Contra Costa,Contra Costa County,06,2022-09-21,72.64356979909618,1663718400000,"{""type"":""MultiPoint"",""coordinates"":[]}"
263_00000000000000000023,1909598013,216923745,41860,H1,001,01675839,488,A,06001,+37.6471385,-121.9124880,06,36084,G4020,Alameda,Alameda County,06,2022-09-21,74.06241700616955,1663718400000,"{""type"":""MultiPoint"",""coordinates"":[]}"
263_0000000000000000001f,121375681,479216672,41860,H6,075,00277302,488,C,06075,+37.7272391,-123.0322294,06,41884,G4020,San Francisco,San Francisco County,06,2022-09-21,80.86590499695996,1663718400000,"{""type"":""MultiPoint"",""coordinates"":[]}"
264_00000000000000000021,1857233047,225282636,41860,H1,013,01675903,488,A,06013,+37.9194790,-121.9515431,06,36084,G4020,Contra Costa,Contra Costa County,06,2022-09-22,72.54940409718508,1663804800000,"{""type"":""MultiPoint"",""coordinates"":[]}"
264_00000000000000000023,1909598013,216923745,41860,H1,001,01675839,488,A,06001,+37.6471385,-121.9124880,06,36084,G4020,Alameda,Alameda County,06,2022-09-22,73.31136052638261,1663804800000,"{""type"":""MultiPoint"",""coordinates"":[]}"
264_0000000000000000001f,121375681,479216672,41860,H6,075,00277302,488,C,06075,+37.7272391,-123.0322294,06,41884,G4020,San Francisco,San Francisco County,06,2022-09-22,81.54870387780447,1663804800000,"{""type"":""MultiPoint"",""coordinates"":[]}"
265_00000000000000000021,1857233047,225282636,41860,H1,013,01675903,488,A,06013,+37.9194790,-121.9515431,06,36084,G4020,Contra Costa,Contra Costa County,06,2022-09-23,65.77429949396179,1663891200000,"{""type"":""MultiPoint"",""coordinates"":[]}"
265_00000000000000000023,1909598013,216923745,41860,H1,001,01675839,488,A,06001,+37.6471385,-121.9124880,06,36084,G4020,Alameda,Alameda County,06,2022-09-23,63.671144685989404,1663891200000,"{""type"":""MultiPoint"",""coordinates"":[]}"
265_0000000000000000001f,121375681,479216672,41860,H6,075,00277302,488,C,06075,+37.7272391,-123.0322294,06,41884,G4020,San Francisco,San Francisco County,06,2022-09-23,75.38988530706484,1663891200000,"{""type"":""MultiPoint"",""coordinates"":[]}"
266_00000000000000000021,1857233047,225282636,41860,H1,013,01675903,488,A,06013,+37.9194790,-121.9515431,06,36084,G4020,Contra Costa,Contra Costa County,06,2022-09-24,59.789153461128706,1663977600000,"{""type"":""MultiPoint"",""coordinates"":[]}"
266_00000000000000000023,1909598013,216923745,41860,H1,001,01675839,488,A,06001,+37.6471385,-121.9124880,06,36084,G4020,Alameda,Alameda County,06,2022-09-24,52.87746619170647,1663977600000,"{""type"":""MultiPoint"",""coordinates"":[]}"
266_0000000000000000001f,121375681,479216672,41860,H6,075,00277302,488,C,06075,+37.7272391,-123.0322294,06,41884,G4020,San Francisco,San Francisco County,06,2022-09-24,75.25832216769086,1663977600000,"{""type"":""MultiPoint"",""coordinates"":[]}"
267_00000000000000000021,1857233047,225282636,41860,H1,013,01675903,488,A,06013,+37.9194790,-121.9515431,06,36084,G4020,Contra Costa,Contra Costa County,06,2022-09-25,66.46023058831692,1664064000000,"{""type"":""MultiPoint"",""coordinates"":[]}"
267_00000000000000000023,1909598013,216923745,41860,H1,001,01675839,488,A,06001,+37.6471385,-121.9124880,06,36084,G4020,Alameda,Alameda County,06,2022-09-25,63.925940597465235,1664064000000,"{""type"":""MultiPoint"",""coordinates"":[]}"
267_0000000000000000001f,121375681,479216672,41860,H6,075,00277302,488,C,06075,+37.7272391,-123.0322294,06,41884,G4020,San Francisco,San Francisco County,06,2022-09-25,82.19938042345223,1664064000000,"{""type"":""MultiPoint"",""coordinates"":[]}"
268_00000000000000000021,1857233047,225282636,41860,H1,013,01675903,488,A,06013,+37.9194790,-121.9515431,06,36084,G4020,Contra Costa,Contra Costa County,06,2022-09-26,70.3737449360953,1664150400000,"{""type"":""MultiPoint"",""coordinates"":[]}"
268_00000000000000000023,1909598013,216923745,41860,H1,001,01675839,488,A,06001,+37.6471385,-121.9124880,06,36084,G4020,Alameda,Alameda County,06,2022-09-26,69.6848709506453,1664150400000,"{""type"":""MultiPoint"",""coordinates"":[]}"
268_0000000000000000001f,121375681,479216672,41860,H6,075,00277302,488,C,06075,+37.7272391,-123.0322294,06,41884,G4020,San Francisco,San Francisco County,06,2022-09-26,82.06936232700264,1664150400000,"{""type"":""MultiPoint"",""coordinates"":[]}"
269_00000000000000000021,1857233047,225282636,41860,H1,013,01675903,488,A,06013,+37.9194790,-121.9515431,06,36084,G4020,Contra Costa,Contra Costa County,06,2022-09-27,70.51716827078974,1664236800000,"{""type"":""MultiPoint"",""coordinates"":[]}"
269_00000000000000000023,1909598013,216923745,41860,H1,001,01675839,488,A,06001,+37.6471385,-121.9124880,06,36084,G4020,Alameda,Alameda County,06,2022-09-27,68.59960263731094,1664236800000,"{""type"":""MultiPoint"",""coordinates"":[]}"
269_0000000000000000001f,121375681,479216672,41860,H6,075,00277302,488,C,06075,+37.7272391,-123.0322294,06,41884,G4020,San Francisco,San Francisco County,06,2022-09-27,79.74014438418705,1664236800000,"{""type"":""MultiPoint"",""coordinates"":[]}"
270_00000000000000000021,1857233047,225282636,41860,H1,013,01675903,488,A,06013,+37.9194790,-121.9515431,06,36084,G4020,Contra Costa,Contra Costa County,06,2022-09-28,65.97618568201132,1664323200000,"{""type"":""MultiPoint"",""coordinates"":[]}"
270_00000000000000000023,1909598013,216923745,41860,H1,001,01675839,488,A,06001,+37.6471385,-121.9124880,06,36084,G4020,Alameda,Alameda County,06,2022-09-28,65.23652841117391,1664323200000,"{""type"":""MultiPoint"",""coordinates"":[]}"
270_0000000000000000001f,121375681,479216672,41860,H6,075,00277302,488,C,06075,+37.7272391,-123.0322294,06,41884,G4020,San Francisco,San Francisco County,06,2022-09-28,77.12089071851122,1664323200000,"{""type"":""MultiPoint"",""coordinates"":[]}"
271_00000000000000000021,1857233047,225282636,41860,H1,013,01675903,488,A,06013,+37.9194790,-121.9515431,06,36084,G4020,Contra Costa,Contra Costa County,06,2022-09-29,70.62920166797429,1664409600000,"{""type"":""MultiPoint"",""coordinates"":[]}"
271_00000000000000000023,1909598013,216923745,41860,H1,001,01675839,488,A,06001,+37.6471385,-121.9124880,06,36084,G4020,Alameda,Alameda County,06,2022-09-29,69.41096737160517,1664409600000,"{""type"":""MultiPoint"",""coordinates"":[]}"
271_0000000000000000001f,121375681,479216672,41860,H6,075,00277302,488,C,06075,+37.7272391,-123.0322294,06,41884,G4020,San Francisco,San Francisco County,06,2022-09-29,77.30695224472946,1664409600000,"{""type"":""MultiPoint"",""coordinates"":[]}"
272_00000000000000000021,1857233047,225282636,41860,H1,013,01675903,488,A,06013,+37.9194790,-121.9515431,06,36084,G4020,Contra Costa,Contra Costa County,06,2022-09-30,56.987175629236184,1664496000000,"{""type"":""MultiPoint"",""coordinates"":[]}"
272_00000000000000000023,1909598013,216923745,41860,H1,001,01675839,488,A,06001,+37.6471385,-121.9124880,06,36084,G4020,Alameda,Alameda County,06,2022-09-30,54.985929045627884,1664496000000,"{""type"":""MultiPoint"",""coordinates"":[]}"
272_0000000000000000001f,121375681,479216672,41860,H6,075,00277302,488,C,06075,+37.7272391,-123.0322294,06,41884,G4020,San Francisco,San Francisco County,06,2022-09-30,69.18021056002418,1664496000000,"{""type"":""MultiPoint"",""coordinates"":[]}"
273_00000000000000000021,1857233047,225282636,41860,H1,013,01675903,488,A,06013,+37.9194790,-121.9515431,06,36084,G4020,Contra Costa,Contra Costa County,06,2022-10-01,64.01090297834375,1664582400000,"{""type"":""MultiPoint"",""coordinates"":[]}"
273_00000000000000000023,1909598013,216923745,41860,H1,001,01675839,488,A,06001,+37.6471385,-121.9124880,06,36084,G4020,Alameda,Alameda County,06,2022-10-01,64.06475719926627,1664582400000,"{""type"":""MultiPoint"",""coordinates"":[]}"
273_0000000000000000001f,121375681,479216672,41860,H6,075,00277302,488,C,06075,+37.7272391,-123.0322294,06,41884,G4020,San Francisco,San Francisco County,06,2022-10-01,79.60373829582669,1664582400000,"{""type"":""MultiPoint"",""coordinates"":[]}"
274_00000000000000000021,1857233047,225282636,41860,H1,013,01675903,488,A,06013,+37.9194790,-121.9515431,06,36084,G4020,Contra Costa,Contra Costa County,06,2022-10-02,71.65893118611065,1664668800000,"{""type"":""MultiPoint"",""coordinates"":[]}"
274_00000000000000000023,1909598013,216923745,41860,H1,001,01675839,488,A,06001,+37.6471385,-121.9124880,06,36084,G4020,Alameda,Alameda County,06,2022-10-02,71.8153741355774,1664668800000,"{""type"":""MultiPoint"",""coordinates"":[]}"
274_0000000000000000001f,121375681,479216672,41860,H6,075,00277302,488,C,06075,+37.7272391,-123.0322294,06,41884,G4020,San Francisco,San Francisco County,06,2022-10-02,75.52087175614268,1664668800000,"{""type"":""MultiPoint"",""coordinates"":[]}"
275_00000000000000000021,1857233047,225282636,41860,H1,013,01675903,488,A,06013,+37.9194790,-121.9515431,06,36084,G4020,Contra Costa,Contra Costa County,06,2022-10-03,68.44713463885374,1664755200000,"{""type"":""MultiPoint"",""coordinates"":[]}"
275_00000000000000000023,1909598013,216923745,41860,H1,001,01675839,488,A,06001,+37.6471385,-121.9124880,06,36084,G4020,Alameda,Alameda County,06,2022-10-03,69.56418412617701,1664755200000,"{""type"":""MultiPoint"",""coordinates"":[]}"
275_0000000000000000001f,121375681,479216672,41860,H6,075,00277302,488,C,06075,+37.7272391,-123.0322294,06,41884,G4020,San Francisco,San Francisco County,06,2022-10-03,77.29754009930004,1664755200000,"{""type"":""MultiPoint"",""coordinates"":[]}"
276_00000000000000000021,1857233047,225282636,41860,H1,013,01675903,488,A,06013,+37.9194790,-121.9515431,06,36084,G4020,Contra Costa,Contra Costa County,06,2022-10-04,72.8710909760213,1664841600000,"{""type"":""MultiPoint"",""coordinates"":[]}"
276_00000000000000000023,1909598013,216923745,41860,H1,001,01675839,488,A,06001,+37.6471385,-121.9124880,06,36084,G4020,Alameda,Alameda County,06,2022-10-04,71.12015291906016,1664841600000,"{""type"":""MultiPoint"",""coordinates"":[]}"
276_0000000000000000001f,121375681,479216672,41860,H6,075,00277302,488,C,06075,+37.7272391,-123.0322294,06,41884,G4020,San Francisco,San Francisco County,06,2022-10-04,81.04785229381868,1664841600000,"{""type"":""MultiPoint"",""coordinates"":[]}"
277_00000000000000000021,1857233047,225282636,41860,H1,013,01675903,488,A,06013,+37.9194790,-121.9515431,06,36084,G4020,Contra Costa,Contra Costa County,06,2022-10-05,68.490834740233,1664928000000,"{""type"":""MultiPoint"",""coordinates"":[]}"
277_00000000000000000023,1909598013,216923745,41860,H1,001,01675839,488,A,06001,+37.6471385,-121.9124880,06,36084,G4020,Alameda,Alameda County,06,2022-10-05,64.63582838016943,1664928000000,"{""type"":""MultiPoint"",""coordinates"":[]}"
277_0000000000000000001f,121375681,479216672,41860,H6,075,00277302,488,C,06075,+37.7272391,-123.0322294,06,41884,G4020,San Francisco,San Francisco County,06,2022-10-05,78.24402813453091,1664928000000,"{""type"":""MultiPoint"",""coordinates"":[]}"
278_00000000000000000021,1857233047,225282636,41860,H1,013,01675903,488,A,06013,+37.9194790,-121.9515431,06,36084,G4020,Contra Costa,Contra Costa County,06,2022-10-06,67.10324840028277,1665014400000,"{""type"":""MultiPoint"",""coordinates"":[]}"
278_00000000000000000023,1909598013,216923745,41860,H1,001,01675839,488,A,06001,+37.6471385,-121.9124880,06,36084,G4020,Alameda,Alameda County,06,2022-10-06,61.026153467550365,1665014400000,"{""type"":""MultiPoint"",""coordinates"":[]}"
278_0000000000000000001f,121375681,479216672,41860,H6,075,00277302,488,C,06075,+37.7272391,-123.0322294,06,41884,G4020,San Francisco,San Francisco County,06,2022-10-06,79.94011068043226,1665014400000,"{""type"":""MultiPoint"",""coordinates"":[]}"
279_00000000000000000021,1857233047,225282636,41860,H1,013,01675903,488,A,06013,+37.9194790,-121.9515431,06,36084,G4020,Contra Costa,Contra Costa County,06,2022-10-07,66.74723656896155,1665100800000,"{""type"":""MultiPoint"",""coordinates"":[]}"
279_00000000000000000023,1909598013,216923745,41860,H1,001,01675839,488,A,06001,+37.6471385,-121.9124880,06,36084,G4020,Alameda,Alameda County,06,2022-10-07,63.13874484406935,1665100800000,"{""type"":""MultiPoint"",""coordinates"":[]}"
279_0000000000000000001f,121375681,479216672,41860,H6,075,00277302,488,C,06075,+37.7272391,-123.0322294,06,41884,G4020,San Francisco,San Francisco County,06,2022-10-07,80.79770837916887,1665100800000,"{""type"":""MultiPoint"",""coordinates"":[]}"
280_00000000000000000021,1857233047,225282636,41860,H1,013,01675903,488,A,06013,+37.9194790,-121.9515431,06,36084,G4020,Contra Costa,Contra Costa County,06,2022-10-08,68.10639568483127,1665187200000,"{""type"":""MultiPoint"",""coordinates"":[]}"
280_00000000000000000023,1909598013,216923745,41860,H1,001,01675839,488,A,06001,+37.6471385,-121.9124880,06,36084,G4020,Alameda,Alameda County,06,2022-10-08,62.23957560010063,1665187200000,"{""type"":""MultiPoint"",""coordinates"":[]}"
280_0000000000000000001f,121375681,479216672,41860,H6,075,00277302,488,C,06075,+37.7272391,-123.0322294,06,41884,G4020,San Francisco,San Francisco County,06,2022-10-08,83.56095236767679,1665187200000,"{""type"":""MultiPoint"",""coordinates"":[]}"
281_00000000000000000021,1857233047,225282636,41860,H1,013,01675903,488,A,06013,+37.9194790,-121.9515431,06,36084,G4020,Contra Costa,Contra Costa County,06,2022-10-09,70.55652939516862,1665273600000,"{""type"":""MultiPoint"",""coordinates"":[]}"
281_00000000000000000023,1909598013,216923745,41860,H1,001,01675839,488,A,06001,+37.6471385,-121.9124880,06,36084,G4020,Alameda,Alameda County,06,2022-10-09,65.91196679165591,1665273600000,"{""type"":""MultiPoint"",""coordinates"":[]}"
281_0000000000000000001f,121375681,479216672,41860,H6,075,00277302,488,C,06075,+37.7272391,-123.0322294,06,41884,G4020,San Francisco,San Francisco County,06,2022-10-09,83.98149828801886,1665273600000,"{""type"":""MultiPoint"",""coordinates"":[]}"
282_00000000000000000021,1857233047,225282636,41860,H1,013,01675903,488,A,06013,+37.9194790,-121.9515431,06,36084,G4020,Contra Costa,Contra Costa County,06,2022-10-10,70.38888951124777,1665360000000,"{""type"":""MultiPoint"",""coordinates"":[]}"
282_00000000000000000023,1909598013,216923745,41860,H1,001,01675839,488,A,06001,+37.6471385,-121.9124880,06,36084,G4020,Alameda,Alameda County,06,2022-10-10,66.04359855476665,1665360000000,"{""type"":""MultiPoint"",""coordinates"":[]}"
282_0000000000000000001f,121375681,479216672,41860,H6,075,00277302,488,C,06075,+37.7272391,-123.0322294,06,41884,G4020,San Francisco,San Francisco County,06,2022-10-10,82.34098348191054,1665360000000,"{""type"":""MultiPoint"",""coordinates"":[]}"
283_00000000000000000021,1857233047,225282636,41860,H1,013,01675903,488,A,06013,+37.9194790,-121.9515431,06,36084,G4020,Contra Costa,Contra Costa County,06,2022-10-11,69.63276777943224,1665446400000,"{""type"":""MultiPoint"",""coordinates"":[]}"
283_00000000000000000023,1909598013,216923745,41860,H1,001,01675839,488,A,06001,+37.6471385,-121.9124880,06,36084,G4020,Alameda,Alameda County,06,2022-10-11,62.37505705251191,1665446400000,"{""type"":""MultiPoint"",""coordinates"":[]}"
283_0000000000000000001f,121375681,479216672,41860,H6,075,00277302,488,C,06075,+37.7272391,-123.0322294,06,41884,G4020,San Francisco,San Francisco County,06,2022-10-11,83.7252976549093,1665446400000,"{""type"":""MultiPoint"",""coordinates"":[]}"
284_00000000000000000021,1857233047,225282636,41860,H1,013,01675903,488,A,06013,+37.9194790,-121.9515431,06,36084,G4020,Contra Costa,Contra Costa County,06,2022-10-12,70.8337930192689,1665532800000,"{""type"":""MultiPoint"",""coordinates"":[]}"
284_00000000000000000023,1909598013,216923745,41860,H1,001,01675839,488,A,06001,+37.6471385,-121.9124880,06,36084,G4020,Alameda,Alameda County,06,2022-10-12,68.17527056272588,1665532800000,"{""type"":""MultiPoint"",""coordinates"":[]}"
284_0000000000000000001f,121375681,479216672,41860,H6,075,00277302,488,C,06075,+37.7272391,-123.0322294,06,41884,G4020,San Francisco,San Francisco County,06,2022-10-12,82.49470918000746,1665532800000,"{""type"":""MultiPoint"",""coordinates"":[]}"
285_00000000000000000021,1857233047,225282636,41860,H1,013,01675903,488,A,06013,+37.9194790,-121.9515431,06,36084,G4020,Contra Costa,Contra Costa County,06,2022-10-13,74.39108584236062,1665619200000,"{""type"":""MultiPoint"",""coordinates"":[]}"
285_00000000000000000023,1909598013,216923745,41860,H1,001,01675839,488,A,06001,+37.6471385,-121.9124880,06,36084,G4020,Alameda,Alameda County,06,2022-10-13,72.52013896336304,1665619200000,"{""type"":""MultiPoint"",""coordinates"":[]}"
285_0000000000000000001f,121375681,479216672,41860,H6,075,00277302,488,C,06075,+37.7272391,-123.0322294,06,41884,G4020,San Francisco,San Francisco County,06,2022-10-13,82.678337621916,1665619200000,"{""type"":""MultiPoint"",""coordinates"":[]}"
286_00000000000000000021,1857233047,225282636,41860,H1,013,01675903,488,A,06013,+37.9194790,-121.9515431,06,36084,G4020,Contra Costa,Contra Costa County,06,2022-10-14,75.3023547692473,1665705600000,"{""type"":""MultiPoint"",""coordinates"":[]}"
286_00000000000000000023,1909598013,216923745,41860,H1,001,01675839,488,A,06001,+37.6471385,-121.9124880,06,36084,G4020,Alameda,Alameda County,06,2022-10-14,72.05336583882212,1665705600000,"{""type"":""MultiPoint"",""coordinates"":[]}"
286_0000000000000000001f,121375681,479216672,41860,H6,075,00277302,488,C,06075,+37.7272391,-123.0322294,06,41884,G4020,San Francisco,San Francisco County,06,2022-10-14,83.84734081144681,1665705600000,"{""type"":""MultiPoint"",""coordinates"":[]}"
287_00000000000000000021,1857233047,225282636,41860,H1,013,01675903,488,A,06013,+37.9194790,-121.9515431,06,36084,G4020,Contra Costa,Contra Costa County,06,2022-10-15,76.08984902263498,1665792000000,"{""type"":""MultiPoint"",""coordinates"":[]}"
287_00000000000000000023,1909598013,216923745,41860,H1,001,01675839,488,A,06001,+37.6471385,-121.9124880,06,36084,G4020,Alameda,Alameda County,06,2022-10-15,72.96437443251848,1665792000000,"{""type"":""MultiPoint"",""coordinates"":[]}"
287_0000000000000000001f,121375681,479216672,41860,H6,075,00277302,488,C,06075,+37.7272391,-123.0322294,06,41884,G4020,San Francisco,San Francisco County,06,2022-10-15,83.41804815885436,1665792000000,"{""type"":""MultiPoint"",""coordinates"":[]}"
288_00000000000000000021,1857233047,225282636,41860,H1,013,01675903,488,A,06013,+37.9194790,-121.9515431,06,36084,G4020,Contra Costa,Contra Costa County,06,2022-10-16,74.3232012542594,1665878400000,"{""type"":""MultiPoint"",""coordinates"":[]}"
288_00000000000000000023,1909598013,216923745,41860,H1,001,01675839,488,A,06001,+37.6471385,-121.9124880,06,36084,G4020,Alameda,Alameda County,06,2022-10-16,75.12109399984439,1665878400000,"{""type"":""MultiPoint"",""coordinates"":[]}"
288_0000000000000000001f,121375681,479216672,41860,H6,075,00277302,488,C,06075,+37.7272391,-123.0322294,06,41884,G4020,San Francisco,San Francisco County,06,2022-10-16,79.61547726642658,1665878400000,"{""type"":""MultiPoint"",""coordinates"":[]}"
289_00000000000000000021,1857233047,225282636,41860,H1,013,01675903,488,A,06013,+37.9194790,-121.9515431,06,36084,G4020,Contra Costa,Contra Costa County,06,2022-10-17,73.93706931201773,1665964800000,"{""type"":""MultiPoint"",""coordinates"":[]}"
289_00000000000000000023,1909598013,216923745,41860,H1,001,01675839,488,A,06001,+37.6471385,-121.9124880,06,36084,G4020,Alameda,Alameda County,06,2022-10-17,71.64608433424127,1665964800000,"{""type"":""MultiPoint"",""coordinates"":[]}"
289_0000000000000000001f,121375681,479216672,41860,H6,075,00277302,488,C,06075,+37.7272391,-123.0322294,06,41884,G4020,San Francisco,San Francisco County,06,2022-10-17,78.16223801180284,1665964800000,"{""type"":""MultiPoint"",""coordinates"":[]}"
290_00000000000000000021,1857233047,225282636,41860,H1,013,01675903,488,A,06013,+37.9194790,-121.9515431,06,36084,G4020,Contra Costa,Contra Costa County,06,2022-10-18,69.23154794716599,1666051200000,"{""type"":""MultiPoint"",""coordinates"":[]}"
290_00000000000000000023,1909598013,216923745,41860,H1,001,01675839,488,A,06001,+37.6471385,-121.9124880,06,36084,G4020,Alameda,Alameda County,06,2022-10-18,64.5804087963379,1666051200000,"{""type"":""MultiPoint"",""coordinates"":[]}"
290_0000000000000000001f,121375681,479216672,41860,H6,075,00277302,488,C,06075,+37.7272391,-123.0322294,06,41884,G4020,San Francisco,San Francisco County,06,2022-10-18,73.89218093749218,1666051200000,"{""type"":""MultiPoint"",""coordinates"":[]}"
291_00000000000000000021,1857233047,225282636,41860,H1,013,01675903,488,A,06013,+37.9194790,-121.9515431,06,36084,G4020,Contra Costa,Contra Costa County,06,2022-10-19,50.08739040644024,1666137600000,"{""type"":""MultiPoint"",""coordinates"":[]}"
291_00000000000000000023,1909598013,216923745,41860,H1,001,01675839,488,A,06001,+37.6471385,-121.9124880,06,36084,G4020,Alameda,Alameda County,06,2022-10-19,40.88146590926612,1666137600000,"{""type"":""MultiPoint"",""coordinates"":[]}"
291_0000000000000000001f,121375681,479216672,41860,H6,075,00277302,488,C,06075,+37.7272391,-123.0322294,06,41884,G4020,San Francisco,San Francisco County,06,2022-10-19,55.55271006851452,1666137600000,"{""type"":""MultiPoint"",""coordinates"":[]}"
292_00000000000000000021,1857233047,225282636,41860,H1,013,01675903,488,A,06013,+37.9194790,-121.9515431,06,36084,G4020,Contra Costa,Contra Costa County,06,2022-10-20,52.13419314178415,1666224000000,"{""type"":""MultiPoint"",""coordinates"":[]}"
292_00000000000000000023,1909598013,216923745,41860,H1,001,01675839,488,A,06001,+37.6471385,-121.9124880,06,36084,G4020,Alameda,Alameda County,06,2022-10-20,41.02360711369975,1666224000000,"{""type"":""MultiPoint"",""coordinates"":[]}"
292_0000000000000000001f,121375681,479216672,41860,H6,075,00277302,488,C,06075,+37.7272391,-123.0322294,06,41884,G4020,San Francisco,San Francisco County,06,2022-10-20,66.36593525749254,1666224000000,"{""type"":""MultiPoint"",""coordinates"":[]}"
293_00000000000000000021,1857233047,225282636,41860,H1,013,01675903,488,A,06013,+37.9194790,-121.9515431,06,36084,G4020,Contra Costa,Contra Costa County,06,2022-10-21,70.21226686336128,1666310400000,"{""type"":""MultiPoint"",""coordinates"":[]}"
293_00000000000000000023,1909598013,216923745,41860,H1,001,01675839,488,A,06001,+37.6471385,-121.9124880,06,36084,G4020,Alameda,Alameda County,06,2022-10-21,64.63669865046633,1666310400000,"{""type"":""MultiPoint"",""coordinates"":[]}"
293_0000000000000000001f,121375681,479216672,41860,H6,075,00277302,488,C,06075,+37.7272391,-123.0322294,06,41884,G4020,San Francisco,San Francisco County,06,2022-10-21,83.93062708724253,1666310400000,"{""type"":""MultiPoint"",""coordinates"":[]}"
294_00000000000000000021,1857233047,225282636,41860,H1,013,01675903,488,A,06013,+37.9194790,-121.9515431,06,36084,G4020,Contra Costa,Contra Costa County,06,2022-10-22,66.36019143647368,1666396800000,"{""type"":""MultiPoint"",""coordinates"":[]}"
294_00000000000000000023,1909598013,216923745,41860,H1,001,01675839,488,A,06001,+37.6471385,-121.9124880,06,36084,G4020,Alameda,Alameda County,06,2022-10-22,68.34580829914007,1666396800000,"{""type"":""MultiPoint"",""coordinates"":[]}"
294_0000000000000000001f,121375681,479216672,41860,H6,075,00277302,488,C,06075,+37.7272391,-123.0322294,06,41884,G4020,San Francisco,San Francisco County,06,2022-10-22,72.31667601101887,1666396800000,"{""type"":""MultiPoint"",""coordinates"":[]}"
295_00000000000000000021,1857233047,225282636,41860,H1,013,01675903,488,A,06013,+37.9194790,-121.9515431,06,36084,G4020,Contra Costa,Contra Costa County,06,2022-10-23,42.892004776901615,1666483200000,"{""type"":""MultiPoint"",""coordinates"":[]}"
295_00000000000000000023,1909598013,216923745,41860,H1,001,01675839,488,A,06001,+37.6471385,-121.9124880,06,36084,G4020,Alameda,Alameda County,06,2022-10-23,48.447709999779676,1666483200000,"{""type"":""MultiPoint"",""coordinates"":[]}"
295_0000000000000000001f,121375681,479216672,41860,H6,075,00277302,488,C,06075,+37.7272391,-123.0322294,06,41884,G4020,San Francisco,San Francisco County,06,2022-10-23,48.963694950818585,1666483200000,"{""type"":""MultiPoint"",""coordinates"":[]}"
296_00000000000000000021,1857233047,225282636,41860,H1,013,01675903,488,A,06013,+37.9194790,-121.9515431,06,36084,G4020,Contra Costa,Contra Costa County,06,2022-10-24,29.80266353833935,1666569600000,"{""type"":""MultiPoint"",""coordinates"":[]}"
296_00000000000000000023,1909598013,216923745,41860,H1,001,01675839,488,A,06001,+37.6471385,-121.9124880,06,36084,G4020,Alameda,Alameda County,06,2022-10-24,31.73849273742812,1666569600000,"{""type"":""MultiPoint"",""coordinates"":[]}"
296_0000000000000000001f,121375681,479216672,41860,H6,075,00277302,488,C,06075,+37.7272391,-123.0322294,06,41884,G4020,San Francisco,San Francisco County,06,2022-10-24,43.40828018124171,1666569600000,"{""type"":""MultiPoint"",""coordinates"":[]}"
297_00000000000000000021,1857233047,225282636,41860,H1,013,01675903,488,A,06013,+37.9194790,-121.9515431,06,36084,G4020,Contra Costa,Contra Costa County,06,2022-10-25,65.61642143419922,1666656000000,"{""type"":""MultiPoint"",""coordinates"":[]}"
297_00000000000000000023,1909598013,216923745,41860,H1,001,01675839,488,A,06001,+37.6471385,-121.9124880,06,36084,G4020,Alameda,Alameda County,06,2022-10-25,64.33924957225464,1666656000000,"{""type"":""MultiPoint"",""coordinates"":[]}"
297_0000000000000000001f,121375681,479216672,41860,H6,075,00277302,488,C,06075,+37.7272391,-123.0322294,06,41884,G4020,San Francisco,San Francisco County,06,2022-10-25,75.84263217694335,1666656000000,"{""type"":""MultiPoint"",""coordinates"":[]}"
298_00000000000000000021,1857233047,225282636,41860,H1,013,01675903,488,A,06013,+37.9194790,-121.9515431,06,36084,G4020,Contra Costa,Contra Costa County,06,2022-10-26,60.128681866024074,1666742400000,"{""type"":""MultiPoint"",""coordinates"":[]}"
298_00000000000000000023,1909598013,216923745,41860,H1,001,01675839,488,A,06001,+37.6471385,-121.9124880,06,36084,G4020,Alameda,Alameda County,06,2022-10-26,65.94639876179122,1666742400000,"{""type"":""MultiPoint"",""coordinates"":[]}"
298_0000000000000000001f,121375681,479216672,41860,H6,075,00277302,488,C,06075,+37.7272391,-123.0322294,06,41884,G4020,San Francisco,San Francisco County,06,2022-10-26,61.838462170017706,1666742400000,"{""type"":""MultiPoint"",""coordinates"":[]}"
299_00000000000000000021,1857233047,225282636,41860,H1,013,01675903,488,A,06013,+37.9194790,-121.9515431,06,36084,G4020,Contra Costa,Contra Costa County,06,2022-10-27,54.80565982171731,1666828800000,"{""type"":""MultiPoint"",""coordinates"":[]}"
299_00000000000000000023,1909598013,216923745,41860,H1,001,01675839,488,A,06001,+37.6471385,-121.9124880,06,36084,G4020,Alameda,Alameda County,06,2022-10-27,54.17114517259271,1666828800000,"{""type"":""MultiPoint"",""coordinates"":[]}"
299_0000000000000000001f,121375681,479216672,41860,H6,075,00277302,488,C,06075,+37.7272391,-123.0322294,06,41884,G4020,San Francisco,San Francisco County,06,2022-10-27,61.746707300101505,1666828800000,"{""type"":""MultiPoint"",""coordinates"":[]}"
300_00000000000000000021,1857233047,225282636,41860,H1,013,01675903,488,A,06013,+37.9194790,-121.9515431,06,36084,G4020,Contra Costa,Contra Costa County,06,2022-10-28,57.215780128513465,1666915200000,"{""type"":""MultiPoint"",""coordinates"":[]}"
300_00000000000000000023,1909598013,216923745,41860,H1,001,01675839,488,A,06001,+37.6471385,-121.9124880,06,36084,G4020,Alameda,Alameda County,06,2022-10-28,54.29564392187588,1666915200000,"{""type"":""MultiPoint"",""coordinates"":[]}"
300_0000000000000000001f,121375681,479216672,41860,H6,075,00277302,488,C,06075,+37.7272391,-123.0322294,06,41884,G4020,San Francisco,San Francisco County,06,2022-10-28,69.17872540304883,1666915200000,"{""type"":""MultiPoint"",""coordinates"":[]}"
301_00000000000000000021,1857233047,225282636,41860,H1,013,01675903,488,A,06013,+37.9194790,-121.9515431,06,36084,G4020,Contra Costa,Contra Costa County,06,2022-10-29,62.282707535630514,1667001600000,"{""type"":""MultiPoint"",""coordinates"":[]}"
301_00000000000000000023,1909598013,216923745,41860,H1,001,01675839,488,A,06001,+37.6471385,-121.9124880,06,36084,G4020,Alameda,Alameda County,06,2022-10-29,60.316728123712444,1667001600000,"{""type"":""MultiPoint"",""coordinates"":[]}"
301_0000000000000000001f,121375681,479216672,41860,H6,075,00277302,488,C,06075,+37.7272391,-123.0322294,06,41884,G4020,San Francisco,San Francisco County,06,2022-10-29,73.49172520249347,1667001600000,"{""type"":""MultiPoint"",""coordinates"":[]}"
302_00000000000000000021,1857233047,225282636,41860,H1,013,01675903,488,A,06013,+37.9194790,-121.9515431,06,36084,G4020,Contra Costa,Contra Costa County,06,2022-10-30,70.88779791425956,1667088000000,"{""type"":""MultiPoint"",""coordinates"":[]}"
302_00000000000000000023,1909598013,216923745,41860,H1,001,01675839,488,A,06001,+37.6471385,-121.9124880,06,36084,G4020,Alameda,Alameda County,06,2022-10-30,69.52786508942317,1667088000000,"{""type"":""MultiPoint"",""coordinates"":[]}"
302_0000000000000000001f,121375681,479216672,41860,H6,075,00277302,488,C,06075,+37.7272391,-123.0322294,06,41884,G4020,San Francisco,San Francisco County,06,2022-10-30,81.33205258307977,1667088000000,"{""type"":""MultiPoint"",""coordinates"":[]}"
303_00000000000000000021,1857233047,225282636,41860,H1,013,01675903,488,A,06013,+37.9194790,-121.9515431,06,36084,G4020,Contra Costa,Contra Costa County,06,2022-10-31,74.91225538508544,1667174400000,"{""type"":""MultiPoint"",""coordinates"":[]}"
303_00000000000000000023,1909598013,216923745,41860,H1,001,01675839,488,A,06001,+37.6471385,-121.9124880,06,36084,G4020,Alameda,Alameda County,06,2022-10-31,72.2129369072868,1667174400000,"{""type"":""MultiPoint"",""coordinates"":[]}"
303_0000000000000000001f,121375681,479216672,41860,H6,075,00277302,488,C,06075,+37.7272391,-123.0322294,06,41884,G4020,San Francisco,San Francisco County,06,2022-10-31,83.56792543495636,1667174400000,"{""type"":""MultiPoint"",""coordinates"":[]}"
304_00000000000000000021,1857233047,225282636,41860,H1,013,01675903,488,A,06013,+37.9194790,-121.9515431,06,36084,G4020,Contra Costa,Contra Costa County,06,2022-11-01,81.1786048574008,1667260800000,"{""type"":""MultiPoint"",""coordinates"":[]}"
304_00000000000000000023,1909598013,216923745,41860,H1,001,01675839,488,A,06001,+37.6471385,-121.9124880,06,36084,G4020,Alameda,Alameda County,06,2022-11-01,81.86664878994915,1667260800000,"{""type"":""MultiPoint"",""coordinates"":[]}"
304_0000000000000000001f,121375681,479216672,41860,H6,075,00277302,488,C,06075,+37.7272391,-123.0322294,06,41884,G4020,San Francisco,San Francisco County,06,2022-11-01,85.32301316153686,1667260800000,"{""type"":""MultiPoint"",""coordinates"":[]}"
305_00000000000000000021,1857233047,225282636,41860,H1,013,01675903,488,A,06013,+37.9194790,-121.9515431,06,36084,G4020,Contra Costa,Contra Costa County,06,2022-11-02,72.23427126630123,1667347200000,"{""type"":""MultiPoint"",""coordinates"":[]}"
305_00000000000000000023,1909598013,216923745,41860,H1,001,01675839,488,A,06001,+37.6471385,-121.9124880,06,36084,G4020,Alameda,Alameda County,06,2022-11-02,78.11253720393509,1667347200000,"{""type"":""MultiPoint"",""coordinates"":[]}"
305_0000000000000000001f,121375681,479216672,41860,H6,075,00277302,488,C,06075,+37.7272391,-123.0322294,06,41884,G4020,San Francisco,San Francisco County,06,2022-11-02,73.87262952618015,1667347200000,"{""type"":""MultiPoint"",""coordinates"":[]}"
306_00000000000000000021,1857233047,225282636,41860,H1,013,01675903,488,A,06013,+37.9194790,-121.9515431,06,36084,G4020,Contra Costa,Contra Costa County,06,2022-11-03,63.76722672439736,1667433600000,"{""type"":""MultiPoint"",""coordinates"":[]}"
306_00000000000000000023,1909598013,216923745,41860,H1,001,01675839,488,A,06001,+37.6471385,-121.9124880,06,36084,G4020,Alameda,Alameda County,06,2022-11-03,70.61511965760796,1667433600000,"{""type"":""MultiPoint"",""coordinates"":[]}"
306_0000000000000000001f,121375681,479216672,41860,H6,075,00277302,488,C,06075,+37.7272391,-123.0322294,06,41884,G4020,San Francisco,San Francisco County,06,2022-11-03,67.00916821284008,1667433600000,"{""type"":""MultiPoint"",""coordinates"":[]}"
307_00000000000000000021,1857233047,225282636,41860,H1,013,01675903,488,A,06013,+37.9194790,-121.9515431,06,36084,G4020,Contra Costa,Contra Costa County,06,2022-11-04,66.73382643601532,1667520000000,"{""type"":""MultiPoint"",""coordinates"":[]}"
307_00000000000000000023,1909598013,216923745,41860,H1,001,01675839,488,A,06001,+37.6471385,-121.9124880,06,36084,G4020,Alameda,Alameda County,06,2022-11-04,66.15995478629472,1667520000000,"{""type"":""MultiPoint"",""coordinates"":[]}"
307_0000000000000000001f,121375681,479216672,41860,H6,075,00277302,488,C,06075,+37.7272391,-123.0322294,06,41884,G4020,San Francisco,San Francisco County,06,2022-11-04,74.19896997202889,1667520000000,"{""type"":""MultiPoint"",""coordinates"":[]}"
308_00000000000000000021,1857233047,225282636,41860,H1,013,01675903,488,A,06013,+37.9194790,-121.9515431,06,36084,G4020,Contra Costa,Contra Costa County,06,2022-11-05,87.3082942054189,1667606400000,"{""type"":""MultiPoint"",""coordinates"":[]}"
308_00000000000000000023,1909598013,216923745,41860,H1,001,01675839,488,A,06001,+37.6471385,-121.9124880,06,36084,G4020,Alameda,Alameda County,06,2022-11-05,88.32674091080207,1667606400000,"{""type"":""MultiPoint"",""coordinates"":[]}"
308_0000000000000000001f,121375681,479216672,41860,H6,075,00277302,488,C,06075,+37.7272391,-123.0322294,06,41884,G4020,San Francisco,San Francisco County,06,2022-11-05,92.72968066400655,1667606400000,"{""type"":""MultiPoint"",""coordinates"":[]}"
309_00000000000000000021,1857233047,225282636,41860,H1,013,01675903,488,A,06013,+37.9194790,-121.9515431,06,36084,G4020,Contra Costa,Contra Costa County,06,2022-11-06,72.04260389002617,1667692800000,"{""type"":""MultiPoint"",""coordinates"":[]}"
309_00000000000000000023,1909598013,216923745,41860,H1,001,01675839,488,A,06001,+37.6471385,-121.9124880,06,36084,G4020,Alameda,Alameda County,06,2022-11-06,75.03893748599798,1667692800000,"{""type"":""MultiPoint"",""coordinates"":[]}"
309_0000000000000000001f,121375681,479216672,41860,H6,075,00277302,488,C,06075,+37.7272391,-123.0322294,06,41884,G4020,San Francisco,San Francisco County,06,2022-11-06,78.5359927449711,1667692800000,"{""type"":""MultiPoint"",""coordinates"":[]}"
310_00000000000000000021,1857233047,225282636,41860,H1,013,01675903,488,A,06013,+37.9194790,-121.9515431,06,36084,G4020,Contra Costa,Contra Costa County,06,2022-11-07,69.94134909273227,1667779200000,"{""type"":""MultiPoint"",""coordinates"":[]}"
310_00000000000000000023,1909598013,216923745,41860,H1,001,01675839,488,A,06001,+37.6471385,-121.9124880,06,36084,G4020,Alameda,Alameda County,06,2022-11-07,72.47113409369197,1667779200000,"{""type"":""MultiPoint"",""coordinates"":[]}"
310_0000000000000000001f,121375681,479216672,41860,H6,075,00277302,488,C,06075,+37.7272391,-123.0322294,06,41884,G4020,San Francisco,San Francisco County,06,2022-11-07,76.86090933785859,1667779200000,"{""type"":""MultiPoint"",""coordinates"":[]}"
311_00000000000000000021,1857233047,225282636,41860,H1,013,01675903,488,A,06013,+37.9194790,-121.9515431,06,36084,G4020,Contra Costa,Contra Costa County,06,2022-11-08,79.54668862124576,1667865600000,"{""type"":""MultiPoint"",""coordinates"":[]}"
311_00000000000000000023,1909598013,216923745,41860,H1,001,01675839,488,A,06001,+37.6471385,-121.9124880,06,36084,G4020,Alameda,Alameda County,06,2022-11-08,81.44202845160706,1667865600000,"{""type"":""MultiPoint"",""coordinates"":[]}"
311_0000000000000000001f,121375681,479216672,41860,H6,075,00277302,488,C,06075,+37.7272391,-123.0322294,06,41884,G4020,San Francisco,San Francisco County,06,2022-11-08,83.54030350463019,1667865600000,"{""type"":""MultiPoint"",""coordinates"":[]}"
312_00000000000000000021,1857233047,225282636,41860,H1,013,01675903,488,A,06013,+37.9194790,-121.9515431,06,36084,G4020,Contra Costa,Contra Costa County,06,2022-11-09,77.35899496727927,1667952000000,"{""type"":""MultiPoint"",""coordinates"":[]}"
312_00000000000000000023,1909598013,216923745,41860,H1,001,01675839,488,A,06001,+37.6471385,-121.9124880,06,36084,G4020,Alameda,Alameda County,06,2022-11-09,80.7626692299245,1667952000000,"{""type"":""MultiPoint"",""coordinates"":[]}"
312_0000000000000000001f,121375681,479216672,41860,H6,075,00277302,488,C,06075,+37.7272391,-123.0322294,06,41884,G4020,San Francisco,San Francisco County,06,2022-11-09,78.16325900513388,1667952000000,"{""type"":""MultiPoint"",""coordinates"":[]}"
313_00000000000000000021,1857233047,225282636,41860,H1,013,01675903,488,A,06013,+37.9194790,-121.9515431,06,36084,G4020,Contra Costa,Contra Costa County,06,2022-11-10,77.13755986184738,1668038400000,"{""type"":""MultiPoint"",""coordinates"":[]}"
313_00000000000000000023,1909598013,216923745,41860,H1,001,01675839,488,A,06001,+37.6471385,-121.9124880,06,36084,G4020,Alameda,Alameda County,06,2022-11-10,78.2332929893978,1668038400000,"{""type"":""MultiPoint"",""coordinates"":[]}"
313_0000000000000000001f,121375681,479216672,41860,H6,075,00277302,488,C,06075,+37.7272391,-123.0322294,06,41884,G4020,San Francisco,San Francisco County,06,2022-11-10,82.9891223894152,1668038400000,"{""type"":""MultiPoint"",""coordinates"":[]}"
314_00000000000000000021,1857233047,225282636,41860,H1,013,01675903,488,A,06013,+37.9194790,-121.9515431,06,36084,G4020,Contra Costa,Contra Costa County,06,2022-11-11,79.34076199558537,1668124800000,"{""type"":""MultiPoint"",""coordinates"":[]}"
314_00000000000000000023,1909598013,216923745,41860,H1,001,01675839,488,A,06001,+37.6471385,-121.9124880,06,36084,G4020,Alameda,Alameda County,06,2022-11-11,72.3122580991265,1668124800000,"{""type"":""MultiPoint"",""coordinates"":[]}"
314_0000000000000000001f,121375681,479216672,41860,H6,075,00277302,488,C,06075,+37.7272391,-123.0322294,06,41884,G4020,San Francisco,San Francisco County,06,2022-11-11,84.20836582951817,1668124800000,"{""type"":""MultiPoint"",""coordinates"":[]}"
315_00000000000000000021,1857233047,225282636,41860,H1,013,01675903,488,A,06013,+37.9194790,-121.9515431,06,36084,G4020,Contra Costa,Contra Costa County,06,2022-11-12,76.5339910784873,1668211200000,"{""type"":""MultiPoint"",""coordinates"":[]}"
315_00000000000000000023,1909598013,216923745,41860,H1,001,01675839,488,A,06001,+37.6471385,-121.9124880,06,36084,G4020,Alameda,Alameda County,06,2022-11-12,74.9102293196694,1668211200000,"{""type"":""MultiPoint"",""coordinates"":[]}"
315_0000000000000000001f,121375681,479216672,41860,H6,075,00277302,488,C,06075,+37.7272391,-123.0322294,06,41884,G4020,San Francisco,San Francisco County,06,2022-11-12,80.73543935585879,1668211200000,"{""type"":""MultiPoint"",""coordinates"":[]}"
316_00000000000000000021,1857233047,225282636,41860,H1,013,01675903,488,A,06013,+37.9194790,-121.9515431,06,36084,G4020,Contra Costa,Contra Costa County,06,2022-11-13,66.00073525351478,1668297600000,"{""type"":""MultiPoint"",""coordinates"":[]}"
316_00000000000000000023,1909598013,216923745,41860,H1,001,01675839,488,A,06001,+37.6471385,-121.9124880,06,36084,G4020,Alameda,Alameda County,06,2022-11-13,70.29686772355721,1668297600000,"{""type"":""MultiPoint"",""coordinates"":[]}"
316_0000000000000000001f,121375681,479216672,41860,H6,075,00277302,488,C,06075,+37.7272391,-123.0322294,06,41884,G4020,San Francisco,San Francisco County,06,2022-11-13,73.9080433930605,1668297600000,"{""type"":""MultiPoint"",""coordinates"":[]}"
317_00000000000000000021,1857233047,225282636,41860,H1,013,01675903,488,A,06013,+37.9194790,-121.9515431,06,36084,G4020,Contra Costa,Contra Costa County,06,2022-11-14,72.20075058304191,1668384000000,"{""type"":""MultiPoint"",""coordinates"":[]}"
317_00000000000000000023,1909598013,216923745,41860,H1,001,01675839,488,A,06001,+37.6471385,-121.9124880,06,36084,G4020,Alameda,Alameda County,06,2022-11-14,65.59360194917133,1668384000000,"{""type"":""MultiPoint"",""coordinates"":[]}"
317_0000000000000000001f,121375681,479216672,41860,H6,075,00277302,488,C,06075,+37.7272391,-123.0322294,06,41884,G4020,San Francisco,San Francisco County,06,2022-11-14,79.64909279971614,1668384000000,"{""type"":""MultiPoint"",""coordinates"":[]}"
318_00000000000000000021,1857233047,225282636,41860,H1,013,01675903,488,A,06013,+37.9194790,-121.9515431,06,36084,G4020,Contra Costa,Contra Costa County,06,2022-11-15,59.7354361007151,1668470400000,"{""type"":""MultiPoint"",""coordinates"":[]}"
318_00000000000000000023,1909598013,216923745,41860,H1,001,01675839,488,A,06001,+37.6471385,-121.9124880,06,36084,G4020,Alameda,Alameda County,06,2022-11-15,61.74114395398088,1668470400000,"{""type"":""MultiPoint"",""coordinates"":[]}"
318_0000000000000000001f,121375681,479216672,41860,H6,075,00277302,488,C,06075,+37.7272391,-123.0322294,06,41884,G4020,San Francisco,San Francisco County,06,2022-11-15,66.45147181098022,1668470400000,"{""type"":""MultiPoint"",""coordinates"":[]}"
319_00000000000000000021,1857233047,225282636,41860,H1,013,01675903,488,A,06013,+37.9194790,-121.9515431,06,36084,G4020,Contra Costa,Contra Costa County,06,2022-11-16,44.92566134912347,1668556800000,"{""type"":""MultiPoint"",""coordinates"":[]}"
319_00000000000000000023,1909598013,216923745,41860,H1,001,01675839,488,A,06001,+37.6471385,-121.9124880,06,36084,G4020,Alameda,Alameda County,06,2022-11-16,46.414632471578585,1668556800000,"{""type"":""MultiPoint"",""coordinates"":[]}"
319_0000000000000000001f,121375681,479216672,41860,H6,075,00277302,488,C,06075,+37.7272391,-123.0322294,06,41884,G4020,San Francisco,San Francisco County,06,2022-11-16,56.234457402156195,1668556800000,"{""type"":""MultiPoint"",""coordinates"":[]}"
320_00000000000000000021,1857233047,225282636,41860,H1,013,01675903,488,A,06013,+37.9194790,-121.9515431,06,36084,G4020,Contra Costa,Contra Costa County,06,2022-11-17,60.19794205014815,1668643200000,"{""type"":""MultiPoint"",""coordinates"":[]}"
320_00000000000000000023,1909598013,216923745,41860,H1,001,01675839,488,A,06001,+37.6471385,-121.9124880,06,36084,G4020,Alameda,Alameda County,06,2022-11-17,50.38499566843536,1668643200000,"{""type"":""MultiPoint"",""coordinates"":[]}"
320_0000000000000000001f,121375681,479216672,41860,H6,075,00277302,488,C,06075,+37.7272391,-123.0322294,06,41884,G4020,San Francisco,San Francisco County,06,2022-11-17,67.45872232253511,1668643200000,"{""type"":""MultiPoint"",""coordinates"":[]}"
321_00000000000000000021,1857233047,225282636,41860,H1,013,01675903,488,A,06013,+37.9194790,-121.9515431,06,36084,G4020,Contra Costa,Contra Costa County,06,2022-11-18,70.17520528997012,1668729600000,"{""type"":""MultiPoint"",""coordinates"":[]}"
321_00000000000000000023,1909598013,216923745,41860,H1,001,01675839,488,A,06001,+37.6471385,-121.9124880,06,36084,G4020,Alameda,Alameda County,06,2022-11-18,65.75644095977303,1668729600000,"{""type"":""MultiPoint"",""coordinates"":[]}"
321_0000000000000000001f,121375681,479216672,41860,H6,075,00277302,488,C,06075,+37.7272391,-123.0322294,06,41884,G4020,San Francisco,San Francisco County,06,2022-11-18,81.96580052969139,1668729600000,"{""type"":""MultiPoint"",""coordinates"":[]}"
322_00000000000000000021,1857233047,225282636,41860,H1,013,01675903,488,A,06013,+37.9194790,-121.9515431,06,36084,G4020,Contra Costa,Contra Costa County,06,2022-11-19,40.92466498106389,1668816000000,"{""type"":""MultiPoint"",""coordinates"":[]}"
322_00000000000000000023,1909598013,216923745,41860,H1,001,01675839,488,A,06001,+37.6471385,-121.9124880,06,36084,G4020,Alameda,Alameda County,06,2022-11-19,47.681292898449925,1668816000000,"{""type"":""MultiPoint"",""coordinates"":[]}"
322_0000000000000000001f,121375681,479216672,41860,H6,075,00277302,488,C,06075,+37.7272391,-123.0322294,06,41884,G4020,San Francisco,San Francisco County,06,2022-11-19,49.759248850708886,1668816000000,"{""type"":""MultiPoint"",""coordinates"":[]}"
323_00000000000000000021,1857233047,225282636,41860,H1,013,01675903,488,A,06013,+37.9194790,-121.9515431,06,36084,G4020,Contra Costa,Contra Costa County,06,2022-11-20,57.11160280453712,1668902400000,"{""type"":""MultiPoint"",""coordinates"":[]}"
323_00000000000000000023,1909598013,216923745,41860,H1,001,01675839,488,A,06001,+37.6471385,-121.9124880,06,36084,G4020,Alameda,Alameda County,06,2022-11-20,56.60716099557108,1668902400000,"{""type"":""MultiPoint"",""coordinates"":[]}"
323_0000000000000000001f,121375681,479216672,41860,H6,075,00277302,488,C,06075,+37.7272391,-123.0322294,06,41884,G4020,San Francisco,San Francisco County,06,2022-11-20,60.251797765591945,1668902400000,"{""type"":""MultiPoint"",""coordinates"":[]}"
324_00000000000000000021,1857233047,225282636,41860,H1,013,01675903,488,A,06013,+37.9194790,-121.9515431,06,36084,G4020,Contra Costa,Contra Costa County,06,2022-11-21,57.731000183306364,1668988800000,"{""type"":""MultiPoint"",""coordinates"":[]}"
324_00000000000000000023,1909598013,216923745,41860,H1,001,01675839,488,A,06001,+37.6471385,-121.9124880,06,36084,G4020,Alameda,Alameda County,06,2022-11-21,52.84816946925339,1668988800000,"{""type"":""MultiPoint"",""coordinates"":[]}"
324_0000000000000000001f,121375681,479216672,41860,H6,075,00277302,488,C,06075,+37.7272391,-123.0322294,06,41884,G4020,San Francisco,San Francisco County,06,2022-11-21,60.60134018261356,1668988800000,"{""type"":""MultiPoint"",""coordinates"":[]}"
325_00000000000000000021,1857233047,225282636,41860,H1,013,01675903,488,A,06013,+37.9194790,-121.9515431,06,36084,G4020,Contra Costa,Contra Costa County,06,2022-11-22,58.19604026187732,1669075200000,"{""type"":""MultiPoint"",""coordinates"":[]}"
325_00000000000000000023,1909598013,216923745,41860,H1,001,01675839,488,A,06001,+37.6471385,-121.9124880,06,36084,G4020,Alameda,Alameda County,06,2022-11-22,47.94056306099532,1669075200000,"{""type"":""MultiPoint"",""coordinates"":[]}"
325_0000000000000000001f,121375681,479216672,41860,H6,075,00277302,488,C,06075,+37.7272391,-123.0322294,06,41884,G4020,San Francisco,San Francisco County,06,2022-11-22,57.61808845897944,1669075200000,"{""type"":""MultiPoint"",""coordinates"":[]}"
326_00000000000000000021,1857233047,225282636,41860,H1,013,01675903,488,A,06013,+37.9194790,-121.9515431,06,36084,G4020,Contra Costa,Contra Costa County,06,2022-11-23,65.6998687767894,1669161600000,"{""type"":""MultiPoint"",""coordinates"":[]}"
326_00000000000000000023,1909598013,216923745,41860,H1,001,01675839,488,A,06001,+37.6471385,-121.9124880,06,36084,G4020,Alameda,Alameda County,06,2022-11-23,57.90274645025952,1669161600000,"{""type"":""MultiPoint"",""coordinates"":[]}"
326_0000000000000000001f,121375681,479216672,41860,H6,075,00277302,488,C,06075,+37.7272391,-123.0322294,06,41884,G4020,San Francisco,San Francisco County,06,2022-11-23,77.48026329319896,1669161600000,"{""type"":""MultiPoint"",""coordinates"":[]}"
327_00000000000000000021,1857233047,225282636,41860,H1,013,01675903,488,A,06013,+37.9194790,-121.9515431,06,36084,G4020,Contra Costa,Contra Costa County,06,2022-11-24,59.238816496108115,1669248000000,"{""type"":""MultiPoint"",""coordinates"":[]}"
327_00000000000000000023,1909598013,216923745,41860,H1,001,01675839,488,A,06001,+37.6471385,-121.9124880,06,36084,G4020,Alameda,Alameda County,06,2022-11-24,54.137641483339,1669248000000,"{""type"":""MultiPoint"",""coordinates"":[]}"
327_0000000000000000001f,121375681,479216672,41860,H6,075,00277302,488,C,06075,+37.7272391,-123.0322294,06,41884,G4020,San Francisco,San Francisco County,06,2022-11-24,62.728068033593594,1669248000000,"{""type"":""MultiPoint"",""coordinates"":[]}"
328_00000000000000000021,1857233047,225282636,41860,H1,013,01675903,488,A,06013,+37.9194790,-121.9515431,06,36084,G4020,Contra Costa,Contra Costa County,06,2022-11-25,59.17270516570656,1669334400000,"{""type"":""MultiPoint"",""coordinates"":[]}"
328_00000000000000000023,1909598013,216923745,41860,H1,001,01675839,488,A,06001,+37.6471385,-121.9124880,06,36084,G4020,Alameda,Alameda County,06,2022-11-25,51.94548287059472,1669334400000,"{""type"":""MultiPoint"",""coordinates"":[]}"
328_0000000000000000001f,121375681,479216672,41860,H6,075,00277302,488,C,06075,+37.7272391,-123.0322294,06,41884,G4020,San Francisco,San Francisco County,06,2022-11-25,61.757430689792415,1669334400000,"{""type"":""MultiPoint"",""coordinates"":[]}"
329_00000000000000000021,1857233047,225282636,41860,H1,013,01675903,488,A,06013,+37.9194790,-121.9515431,06,36084,G4020,Contra Costa,Contra Costa County,06,2022-11-26,59.32855160240565,1669420800000,"{""type"":""MultiPoint"",""coordinates"":[]}"
329_00000000000000000023,1909598013,216923745,41860,H1,001,01675839,488,A,06001,+37.6471385,-121.9124880,06,36084,G4020,Alameda,Alameda County,06,2022-11-26,52.561852983794594,1669420800000,"{""type"":""MultiPoint"",""coordinates"":[]}"
329_0000000000000000001f,121375681,479216672,41860,H6,075,00277302,488,C,06075,+37.7272391,-123.0322294,06,41884,G4020,San Francisco,San Francisco County,06,2022-11-26,69.82334218447889,1669420800000,"{""type"":""MultiPoint"",""coordinates"":[]}"
330_00000000000000000021,1857233047,225282636,41860,H1,013,01675903,488,A,06013,+37.9194790,-121.9515431,06,36084,G4020,Contra Costa,Contra Costa County,06,2022-11-27,61.883144039621705,1669507200000,"{""type"":""MultiPoint"",""coordinates"":[]}"
330_00000000000000000023,1909598013,216923745,41860,H1,001,01675839,488,A,06001,+37.6471385,-121.9124880,06,36084,G4020,Alameda,Alameda County,06,2022-11-27,51.86037815059948,1669507200000,"{""type"":""MultiPoint"",""coordinates"":[]}"
330_0000000000000000001f,121375681,479216672,41860,H6,075,00277302,488,C,06075,+37.7272391,-123.0322294,06,41884,G4020,San Francisco,San Francisco County,06,2022-11-27,81.09718414673245,1669507200000,"{""type"":""MultiPoint"",""coordinates"":[]}"
331_00000000000000000021,1857233047,225282636,41860,H1,013,01675903,488,A,06013,+37.9194790,-121.9515431,06,36084,G4020,Contra Costa,Contra Costa County,06,2022-11-28,73.57290953634657,1669593600000,"{""type"":""MultiPoint"",""coordinates"":[]}"
331_00000000000000000023,1909598013,216923745,41860,H1,001,01675839,488,A,06001,+37.6471385,-121.9124880,06,36084,G4020,Alameda,Alameda County,06,2022-11-28,75.81787542951639,1669593600000,"{""type"":""MultiPoint"",""coordinates"":[]}"
331_0000000000000000001f,121375681,479216672,41860,H6,075,00277302,488,C,06075,+37.7272391,-123.0322294,06,41884,G4020,San Francisco,San Francisco County,06,2022-11-28,79.72995782613445,1669593600000,"{""type"":""MultiPoint"",""coordinates"":[]}"
332_00000000000000000021,1857233047,225282636,41860,H1,013,01675903,488,A,06013,+37.9194790,-121.9515431,06,36084,G4020,Contra Costa,Contra Costa County,06,2022-11-29,62.634946602529425,1669680000000,"{""type"":""MultiPoint"",""coordinates"":[]}"
332_00000000000000000023,1909598013,216923745,41860,H1,001,01675839,488,A,06001,+37.6471385,-121.9124880,06,36084,G4020,Alameda,Alameda County,06,2022-11-29,67.8207453012966,1669680000000,"{""type"":""MultiPoint"",""coordinates"":[]}"
332_0000000000000000001f,121375681,479216672,41860,H6,075,00277302,488,C,06075,+37.7272391,-123.0322294,06,41884,G4020,San Francisco,San Francisco County,06,2022-11-29,65.98971623808379,1669680000000,"{""type"":""MultiPoint"",""coordinates"":[]}"
333_00000000000000000021,1857233047,225282636,41860,H1,013,01675903,488,A,06013,+37.9194790,-121.9515431,06,36084,G4020,Contra Costa,Contra Costa County,06,2022-11-30,66.2385536748151,1669766400000,"{""type"":""MultiPoint"",""coordinates"":[]}"
333_00000000000000000023,1909598013,216923745,41860,H1,001,01675839,488,A,06001,+37.6471385,-121.9124880,06,36084,G4020,Alameda,Alameda County,06,2022-11-30,62.94243068910217,1669766400000,"{""type"":""MultiPoint"",""coordinates"":[]}"
333_0000000000000000001f,121375681,479216672,41860,H6,075,00277302,488,C,06075,+37.7272391,-123.0322294,06,41884,G4020,San Francisco,San Francisco County,06,2022-11-30,72.19573861191691,1669766400000,"{""type"":""MultiPoint"",""coordinates"":[]}"
334_00000000000000000021,1857233047,225282636,41860,H1,013,01675903,488,A,06013,+37.9194790,-121.9515431,06,36084,G4020,Contra Costa,Contra Costa County,06,2022-12-01,80.83783542587523,1669852800000,"{""type"":""MultiPoint"",""coordinates"":[]}"
334_00000000000000000023,1909598013,216923745,41860,H1,001,01675839,488,A,06001,+37.6471385,-121.9124880,06,36084,G4020,Alameda,Alameda County,06,2022-12-01,82.89874791314149,1669852800000,"{""type"":""MultiPoint"",""coordinates"":[]}"
334_0000000000000000001f,121375681,479216672,41860,H6,075,00277302,488,C,06075,+37.7272391,-123.0322294,06,41884,G4020,San Francisco,San Francisco County,06,2022-12-01,82.66177598204241,1669852800000,"{""type"":""MultiPoint"",""coordinates"":[]}"
335_00000000000000000021,1857233047,225282636,41860,H1,013,01675903,488,A,06013,+37.9194790,-121.9515431,06,36084,G4020,Contra Costa,Contra Costa County,06,2022-12-02,81.63078160216875,1669939200000,"{""type"":""MultiPoint"",""coordinates"":[]}"
335_00000000000000000023,1909598013,216923745,41860,H1,001,01675839,488,A,06001,+37.6471385,-121.9124880,06,36084,G4020,Alameda,Alameda County,06,2022-12-02,78.86770003144251,1669939200000,"{""type"":""MultiPoint"",""coordinates"":[]}"
335_0000000000000000001f,121375681,479216672,41860,H6,075,00277302,488,C,06075,+37.7272391,-123.0322294,06,41884,G4020,San Francisco,San Francisco County,06,2022-12-02,77.60521319815915,1669939200000,"{""type"":""MultiPoint"",""coordinates"":[]}"
336_00000000000000000021,1857233047,225282636,41860,H1,013,01675903,488,A,06013,+37.9194790,-121.9515431,06,36084,G4020,Contra Costa,Contra Costa County,06,2022-12-03,88.03775377996806,1670025600000,"{""type"":""MultiPoint"",""coordinates"":[]}"
336_00000000000000000023,1909598013,216923745,41860,H1,001,01675839,488,A,06001,+37.6471385,-121.9124880,06,36084,G4020,Alameda,Alameda County,06,2022-12-03,87.40292489406986,1670025600000,"{""type"":""MultiPoint"",""coordinates"":[]}"
336_0000000000000000001f,121375681,479216672,41860,H6,075,00277302,488,C,06075,+37.7272391,-123.0322294,06,41884,G4020,San Francisco,San Francisco County,06,2022-12-03,86.05409235794679,1670025600000,"{""type"":""MultiPoint"",""coordinates"":[]}"
337_00000000000000000021,1857233047,225282636,41860,H1,013,01675903,488,A,06013,+37.9194790,-121.9515431,06,36084,G4020,Contra Costa,Contra Costa County,06,2022-12-04,89.11148994041046,1670112000000,"{""type"":""MultiPoint"",""coordinates"":[]}"
337_00000000000000000023,1909598013,216923745,41860,H1,001,01675839,488,A,06001,+37.6471385,-121.9124880,06,36084,G4020,Alameda,Alameda County,06,2022-12-04,90.76090239249706,1670112000000,"{""type"":""MultiPoint"",""coordinates"":[]}"
337_0000000000000000001f,121375681,479216672,41860,H6,075,00277302,488,C,06075,+37.7272391,-123.0322294,06,41884,G4020,San Francisco,San Francisco County,06,2022-12-04,89.6257644885197,1670112000000,"{""type"":""MultiPoint"",""coordinates"":[]}"
338_00000000000000000021,1857233047,225282636,41860,H1,013,01675903,488,A,06013,+37.9194790,-121.9515431,06,36084,G4020,Contra Costa,Contra Costa County,06,2022-12-05,84.0908052343313,1670198400000,"{""type"":""MultiPoint"",""coordinates"":[]}"
338_00000000000000000023,1909598013,216923745,41860,H1,001,01675839,488,A,06001,+37.6471385,-121.9124880,06,36084,G4020,Alameda,Alameda County,06,2022-12-05,85.86641762465011,1670198400000,"{""type"":""MultiPoint"",""coordinates"":[]}"
338_0000000000000000001f,121375681,479216672,41860,H6,075,00277302,488,C,06075,+37.7272391,-123.0322294,06,41884,G4020,San Francisco,San Francisco County,06,2022-12-05,85.48756024047476,1670198400000,"{""type"":""MultiPoint"",""coordinates"":[]}"
339_00000000000000000021,1857233047,225282636,41860,H1,013,01675903,488,A,06013,+37.9194790,-121.9515431,06,36084,G4020,Contra Costa,Contra Costa County,06,2022-12-06,85.00121432351398,1670284800000,"{""type"":""MultiPoint"",""coordinates"":[]}"
339_00000000000000000023,1909598013,216923745,41860,H1,001,01675839,488,A,06001,+37.6471385,-121.9124880,06,36084,G4020,Alameda,Alameda County,06,2022-12-06,86.14409333031332,1670284800000,"{""type"":""MultiPoint"",""coordinates"":[]}"
339_0000000000000000001f,121375681,479216672,41860,H6,075,00277302,488,C,06075,+37.7272391,-123.0322294,06,41884,G4020,San Francisco,San Francisco County,06,2022-12-06,85.79730157552123,1670284800000,"{""type"":""MultiPoint"",""coordinates"":[]}"
340_00000000000000000021,1857233047,225282636,41860,H1,013,01675903,488,A,06013,+37.9194790,-121.9515431,06,36084,G4020,Contra Costa,Contra Costa County,06,2022-12-07,82.01030475245686,1670371200000,"{""type"":""MultiPoint"",""coordinates"":[]}"
340_00000000000000000023,1909598013,216923745,41860,H1,001,01675839,488,A,06001,+37.6471385,-121.9124880,06,36084,G4020,Alameda,Alameda County,06,2022-12-07,81.72735273890363,1670371200000,"{""type"":""MultiPoint"",""coordinates"":[]}"
340_0000000000000000001f,121375681,479216672,41860,H6,075,00277302,488,C,06075,+37.7272391,-123.0322294,06,41884,G4020,San Francisco,San Francisco County,06,2022-12-07,85.7750953771203,1670371200000,"{""type"":""MultiPoint"",""coordinates"":[]}"
341_00000000000000000021,1857233047,225282636,41860,H1,013,01675903,488,A,06013,+37.9194790,-121.9515431,06,36084,G4020,Contra Costa,Contra Costa County,06,2022-12-08,86.46766608515448,1670457600000,"{""type"":""MultiPoint"",""coordinates"":[]}"
341_00000000000000000023,1909598013,216923745,41860,H1,001,01675839,488,A,06001,+37.6471385,-121.9124880,06,36084,G4020,Alameda,Alameda County,06,2022-12-08,83.93355149056012,1670457600000,"{""type"":""MultiPoint"",""coordinates"":[]}"
341_0000000000000000001f,121375681,479216672,41860,H6,075,00277302,488,C,06075,+37.7272391,-123.0322294,06,41884,G4020,San Francisco,San Francisco County,06,2022-12-08,91.55694949120307,1670457600000,"{""type"":""MultiPoint"",""coordinates"":[]}"
342_00000000000000000021,1857233047,225282636,41860,H1,013,01675903,488,A,06013,+37.9194790,-121.9515431,06,36084,G4020,Contra Costa,Contra Costa County,06,2022-12-09,82.28689011857458,1670544000000,"{""type"":""MultiPoint"",""coordinates"":[]}"
342_00000000000000000023,1909598013,216923745,41860,H1,001,01675839,488,A,06001,+37.6471385,-121.9124880,06,36084,G4020,Alameda,Alameda County,06,2022-12-09,83.10868050537806,1670544000000,"{""type"":""MultiPoint"",""coordinates"":[]}"
342_0000000000000000001f,121375681,479216672,41860,H6,075,00277302,488,C,06075,+37.7272391,-123.0322294,06,41884,G4020,San Francisco,San Francisco County,06,2022-12-09,85.20256591840938,1670544000000,"{""type"":""MultiPoint"",""coordinates"":[]}"
343_00000000000000000021,1857233047,225282636,41860,H1,013,01675903,488,A,06013,+37.9194790,-121.9515431,06,36084,G4020,Contra Costa,Contra Costa County,06,2022-12-10,84.50834470758579,1670630400000,"{""type"":""MultiPoint"",""coordinates"":[]}"
343_00000000000000000023,1909598013,216923745,41860,H1,001,01675839,488,A,06001,+37.6471385,-121.9124880,06,36084,G4020,Alameda,Alameda County,06,2022-12-10,87.32183893191831,1670630400000,"{""type"":""MultiPoint"",""coordinates"":[]}"
343_0000000000000000001f,121375681,479216672,41860,H6,075,00277302,488,C,06075,+37.7272391,-123.0322294,06,41884,G4020,San Francisco,San Francisco County,06,2022-12-10,87.36146835363878,1670630400000,"{""type"":""MultiPoint"",""coordinates"":[]}"
344_00000000000000000021,1857233047,225282636,41860,H1,013,01675903,488,A,06013,+37.9194790,-121.9515431,06,36084,G4020,Contra Costa,Contra Costa County,06,2022-12-11,84.89169016922294,1670716800000,"{""type"":""MultiPoint"",""coordinates"":[]}"
344_00000000000000000023,1909598013,216923745,41860,H1,001,01675839,488,A,06001,+37.6471385,-121.9124880,06,36084,G4020,Alameda,Alameda County,06,2022-12-11,87.10877391895912,1670716800000,"{""type"":""MultiPoint"",""coordinates"":[]}"
344_0000000000000000001f,121375681,479216672,41860,H6,075,00277302,488,C,06075,+37.7272391,-123.0322294,06,41884,G4020,San Francisco,San Francisco County,06,2022-12-11,82.88575278306824,1670716800000,"{""type"":""MultiPoint"",""coordinates"":[]}"
345_00000000000000000021,1857233047,225282636,41860,H1,013,01675903,488,A,06013,+37.9194790,-121.9515431,06,36084,G4020,Contra Costa,Contra Costa County,06,2022-12-12,81.61856837459162,1670803200000,"{""type"":""MultiPoint"",""coordinates"":[]}"
345_00000000000000000023,1909598013,216923745,41860,H1,001,01675839,488,A,06001,+37.6471385,-121.9124880,06,36084,G4020,Alameda,Alameda County,06,2022-12-12,84.06288488065435,1670803200000,"{""type"":""MultiPoint"",""coordinates"":[]}"
345_0000000000000000001f,121375681,479216672,41860,H6,075,00277302,488,C,06075,+37.7272391,-123.0322294,06,41884,G4020,San Francisco,San Francisco County,06,2022-12-12,81.56396482265762,1670803200000,"{""type"":""MultiPoint"",""coordinates"":[]}"
346_00000000000000000021,1857233047,225282636,41860,H1,013,01675903,488,A,06013,+37.9194790,-121.9515431,06,36084,G4020,Contra Costa,Contra Costa County,06,2022-12-13,82.67059594188122,1670889600000,"{""type"":""MultiPoint"",""coordinates"":[]}"
346_00000000000000000023,1909598013,216923745,41860,H1,001,01675839,488,A,06001,+37.6471385,-121.9124880,06,36084,G4020,Alameda,Alameda County,06,2022-12-13,80.26253189930303,1670889600000,"{""type"":""MultiPoint"",""coordinates"":[]}"
346_0000000000000000001f,121375681,479216672,41860,H6,075,00277302,488,C,06075,+37.7272391,-123.0322294,06,41884,G4020,San Francisco,San Francisco County,06,2022-12-13,83.88885810618628,1670889600000,"{""type"":""MultiPoint"",""coordinates"":[]}"
347_00000000000000000021,1857233047,225282636,41860,H1,013,01675903,488,A,06013,+37.9194790,-121.9515431,06,36084,G4020,Contra Costa,Contra Costa County,06,2022-12-14,85.94596698823057,1670976000000,"{""type"":""MultiPoint"",""coordinates"":[]}"
347_00000000000000000023,1909598013,216923745,41860,H1,001,01675839,488,A,06001,+37.6471385,-121.9124880,06,36084,G4020,Alameda,Alameda County,06,2022-12-14,79.85606924207049,1670976000000,"{""type"":""MultiPoint"",""coordinates"":[]}"
347_0000000000000000001f,121375681,479216672,41860,H6,075,00277302,488,C,06075,+37.7272391,-123.0322294,06,41884,G4020,San Francisco,San Francisco County,06,2022-12-14,90.37875400619177,1670976000000,"{""type"":""MultiPoint"",""coordinates"":[]}"
348_00000000000000000021,1857233047,225282636,41860,H1,013,01675903,488,A,06013,+37.9194790,-121.9515431,06,36084,G4020,Contra Costa,Contra Costa County,06,2022-12-15,85.1219449462222,1671062400000,"{""type"":""MultiPoint"",""coordinates"":[]}"
348_00000000000000000023,1909598013,216923745,41860,H1,001,01675839,488,A,06001,+37.6471385,-121.9124880,06,36084,G4020,Alameda,Alameda County,06,2022-12-15,80.58313204266693,1671062400000,"{""type"":""MultiPoint"",""coordinates"":[]}"
348_0000000000000000001f,121375681,479216672,41860,H6,075,00277302,488,C,06075,+37.7272391,-123.0322294,06,41884,G4020,San Francisco,San Francisco County,06,2022-12-15,86.05821462934976,1671062400000,"{""type"":""MultiPoint"",""coordinates"":[]}"
349_00000000000000000021,1857233047,225282636,41860,H1,013,01675903,488,A,06013,+37.9194790,-121.9515431,06,36084,G4020,Contra Costa,Contra Costa County,06,2022-12-16,84.09070837134537,1671148800000,"{""type"":""MultiPoint"",""coordinates"":[]}"
349_00000000000000000023,1909598013,216923745,41860,H1,001,01675839,488,A,06001,+37.6471385,-121.9124880,06,36084,G4020,Alameda,Alameda County,06,2022-12-16,79.14246195918771,1671148800000,"{""type"":""MultiPoint"",""coordinates"":[]}"
349_0000000000000000001f,121375681,479216672,41860,H6,075,00277302,488,C,06075,+37.7272391,-123.0322294,06,41884,G4020,San Francisco,San Francisco County,06,2022-12-16,85.54873732338213,1671148800000,"{""type"":""MultiPoint"",""coordinates"":[]}"
350_00000000000000000021,1857233047,225282636,41860,H1,013,01675903,488,A,06013,+37.9194790,-121.9515431,06,36084,G4020,Contra Costa,Contra Costa County,06,2022-12-17,85.50465292854258,1671235200000,"{""type"":""MultiPoint"",""coordinates"":[]}"
350_00000000000000000023,1909598013,216923745,41860,H1,001,01675839,488,A,06001,+37.6471385,-121.9124880,06,36084,G4020,Alameda,Alameda County,06,2022-12-17,81.16009679051258,1671235200000,"{""type"":""MultiPoint"",""coordinates"":[]}"
350_0000000000000000001f,121375681,479216672,41860,H6,075,00277302,488,C,06075,+37.7272391,-123.0322294,06,41884,G4020,San Francisco,San Francisco County,06,2022-12-17,84.4677977725014,1671235200000,"{""type"":""MultiPoint"",""coordinates"":[]}"
351_00000000000000000021,1857233047,225282636,41860,H1,013,01675903,488,A,06013,+37.9194790,-121.9515431,06,36084,G4020,Contra Costa,Contra Costa County,06,2022-12-18,86.564162474116,1671321600000,"{""type"":""MultiPoint"",""coordinates"":[]}"
351_00000000000000000023,1909598013,216923745,41860,H1,001,01675839,488,A,06001,+37.6471385,-121.9124880,06,36084,G4020,Alameda,Alameda County,06,2022-12-18,78.41464755916971,1671321600000,"{""type"":""MultiPoint"",""coordinates"":[]}"
351_0000000000000000001f,121375681,479216672,41860,H6,075,00277302,488,C,06075,+37.7272391,-123.0322294,06,41884,G4020,San Francisco,San Francisco County,06,2022-12-18,87.71365528253564,1671321600000,"{""type"":""MultiPoint"",""coordinates"":[]}"
352_00000000000000000021,1857233047,225282636,41860,H1,013,01675903,488,A,06013,+37.9194790,-121.9515431,06,36084,G4020,Contra Costa,Contra Costa County,06,2022-12-19,89.39784946406286,1671408000000,"{""type"":""MultiPoint"",""coordinates"":[]}"
352_00000000000000000023,1909598013,216923745,41860,H1,001,01675839,488,A,06001,+37.6471385,-121.9124880,06,36084,G4020,Alameda,Alameda County,06,2022-12-19,81.63273565705411,1671408000000,"{""type"":""MultiPoint"",""coordinates"":[]}"
352_0000000000000000001f,121375681,479216672,41860,H6,075,00277302,488,C,06075,+37.7272391,-123.0322294,06,41884,G4020,San Francisco,San Francisco County,06,2022-12-19,89.68297887297612,1671408000000,"{""type"":""MultiPoint"",""coordinates"":[]}"
353_00000000000000000021,1857233047,225282636,41860,H1,013,01675903,488,A,06013,+37.9194790,-121.9515431,06,36084,G4020,Contra Costa,Contra Costa County,06,2022-12-20,85.65806655860833,1671494400000,"{""type"":""MultiPoint"",""coordinates"":[]}"
353_00000000000000000023,1909598013,216923745,41860,H1,001,01675839,488,A,06001,+37.6471385,-121.9124880,06,36084,G4020,Alameda,Alameda County,06,2022-12-20,81.18692229727134,1671494400000,"{""type"":""MultiPoint"",""coordinates"":[]}"
353_0000000000000000001f,121375681,479216672,41860,H6,075,00277302,488,C,06075,+37.7272391,-123.0322294,06,41884,G4020,San Francisco,San Francisco County,06,2022-12-20,86.31654914395978,1671494400000,"{""type"":""MultiPoint"",""coordinates"":[]}"
354_00000000000000000021,1857233047,225282636,41860,H1,013,01675903,488,A,06013,+37.9194790,-121.9515431,06,36084,G4020,Contra Costa,Contra Costa County,06,2022-12-21,77.2013203420993,1671580800000,"{""type"":""MultiPoint"",""coordinates"":[]}"
354_00000000000000000023,1909598013,216923745,41860,H1,001,01675839,488,A,06001,+37.6471385,-121.9124880,06,36084,G4020,Alameda,Alameda County,06,2022-12-21,73.96363706593645,1671580800000,"{""type"":""MultiPoint"",""coordinates"":[]}"
354_0000000000000000001f,121375681,479216672,41860,H6,075,00277302,488,C,06075,+37.7272391,-123.0322294,06,41884,G4020,San Francisco,San Francisco County,06,2022-12-21,78.77747920816759,1671580800000,"{""type"":""MultiPoint"",""coordinates"":[]}"
355_00000000000000000021,1857233047,225282636,41860,H1,013,01675903,488,A,06013,+37.9194790,-121.9515431,06,36084,G4020,Contra Costa,Contra Costa County,06,2022-12-22,76.74823840985752,1671667200000,"{""type"":""MultiPoint"",""coordinates"":[]}"
355_00000000000000000023,1909598013,216923745,41860,H1,001,01675839,488,A,06001,+37.6471385,-121.9124880,06,36084,G4020,Alameda,Alameda County,06,2022-12-22,76.14625191097383,1671667200000,"{""type"":""MultiPoint"",""coordinates"":[]}"
355_0000000000000000001f,121375681,479216672,41860,H6,075,00277302,488,C,06075,+37.7272391,-123.0322294,06,41884,G4020,San Francisco,San Francisco County,06,2022-12-22,80.97340851564245,1671667200000,"{""type"":""MultiPoint"",""coordinates"":[]}"
356_00000000000000000021,1857233047,225282636,41860,H1,013,01675903,488,A,06013,+37.9194790,-121.9515431,06,36084,G4020,Contra Costa,Contra Costa County,06,2022-12-23,85.33101176869813,1671753600000,"{""type"":""MultiPoint"",""coordinates"":[]}"
356_00000000000000000023,1909598013,216923745,41860,H1,001,01675839,488,A,06001,+37.6471385,-121.9124880,06,36084,G4020,Alameda,Alameda County,06,2022-12-23,86.71040304031692,1671753600000,"{""type"":""MultiPoint"",""coordinates"":[]}"
356_0000000000000000001f,121375681,479216672,41860,H6,075,00277302,488,C,06075,+37.7272391,-123.0322294,06,41884,G4020,San Francisco,San Francisco County,06,2022-12-23,85.63912239156605,1671753600000,"{""type"":""MultiPoint"",""coordinates"":[]}"
357_00000000000000000021,1857233047,225282636,41860,H1,013,01675903,488,A,06013,+37.9194790,-121.9515431,06,36084,G4020,Contra Costa,Contra Costa County,06,2022-12-24,87.41266831049157,1671840000000,"{""type"":""MultiPoint"",""coordinates"":[]}"
357_00000000000000000023,1909598013,216923745,41860,H1,001,01675839,488,A,06001,+37.6471385,-121.9124880,06,36084,G4020,Alameda,Alameda County,06,2022-12-24,85.34538560012864,1671840000000,"{""type"":""MultiPoint"",""coordinates"":[]}"
357_0000000000000000001f,121375681,479216672,41860,H6,075,00277302,488,C,06075,+37.7272391,-123.0322294,06,41884,G4020,San Francisco,San Francisco County,06,2022-12-24,89.95974113252866,1671840000000,"{""type"":""MultiPoint"",""coordinates"":[]}"
358_00000000000000000021,1857233047,225282636,41860,H1,013,01675903,488,A,06013,+37.9194790,-121.9515431,06,36084,G4020,Contra Costa,Contra Costa County,06,2022-12-25,90.04418772601902,1671926400000,"{""type"":""MultiPoint"",""coordinates"":[]}"
358_00000000000000000023,1909598013,216923745,41860,H1,001,01675839,488,A,06001,+37.6471385,-121.9124880,06,36084,G4020,Alameda,Alameda County,06,2022-12-25,84.59389078090695,1671926400000,"{""type"":""MultiPoint"",""coordinates"":[]}"
358_0000000000000000001f,121375681,479216672,41860,H6,075,00277302,488,C,06075,+37.7272391,-123.0322294,06,41884,G4020,San Francisco,San Francisco County,06,2022-12-25,90.79028402188034,1671926400000,"{""type"":""MultiPoint"",""coordinates"":[]}"
359_00000000000000000021,1857233047,225282636,41860,H1,013,01675903,488,A,06013,+37.9194790,-121.9515431,06,36084,G4020,Contra Costa,Contra Costa County,06,2022-12-26,90.92627910648186,1672012800000,"{""type"":""MultiPoint"",""coordinates"":[]}"
359_00000000000000000023,1909598013,216923745,41860,H1,001,01675839,488,A,06001,+37.6471385,-121.9124880,06,36084,G4020,Alameda,Alameda County,06,2022-12-26,80.86390281679505,1672012800000,"{""type"":""MultiPoint"",""coordinates"":[]}"
359_0000000000000000001f,121375681,479216672,41860,H6,075,00277302,488,C,06075,+37.7272391,-123.0322294,06,41884,G4020,San Francisco,San Francisco County,06,2022-12-26,93.00076878133895,1672012800000,"{""type"":""MultiPoint"",""coordinates"":[]}"
360_00000000000000000021,1857233047,225282636,41860,H1,013,01675903,488,A,06013,+37.9194790,-121.9515431,06,36084,G4020,Contra Costa,Contra Costa County,06,2022-12-27,89.32584997145734,1672099200000,"{""type"":""MultiPoint"",""coordinates"":[]}"
360_00000000000000000023,1909598013,216923745,41860,H1,001,01675839,488,A,06001,+37.6471385,-121.9124880,06,36084,G4020,Alameda,Alameda County,06,2022-12-27,89.0213238830572,1672099200000,"{""type"":""MultiPoint"",""coordinates"":[]}"
360_0000000000000000001f,121375681,479216672,41860,H6,075,00277302,488,C,06075,+37.7272391,-123.0322294,06,41884,G4020,San Francisco,San Francisco County,06,2022-12-27,92.28973214279118,1672099200000,"{""type"":""MultiPoint"",""coordinates"":[]}"
361_00000000000000000021,1857233047,225282636,41860,H1,013,01675903,488,A,06013,+37.9194790,-121.9515431,06,36084,G4020,Contra Costa,Contra Costa County,06,2022-12-28,85.72964761223871,1672185600000,"{""type"":""MultiPoint"",""coordinates"":[]}"
361_00000000000000000023,1909598013,216923745,41860,H1,001,01675839,488,A,06001,+37.6471385,-121.9124880,06,36084,G4020,Alameda,Alameda County,06,2022-12-28,88.00119874249731,1672185600000,"{""type"":""MultiPoint"",""coordinates"":[]}"
361_0000000000000000001f,121375681,479216672,41860,H6,075,00277302,488,C,06075,+37.7272391,-123.0322294,06,41884,G4020,San Francisco,San Francisco County,06,2022-12-28,86.46121418172773,1672185600000,"{""type"":""MultiPoint"",""coordinates"":[]}"
362_00000000000000000021,1857233047,225282636,41860,H1,013,01675903,488,A,06013,+37.9194790,-121.9515431,06,36084,G4020,Contra Costa,Contra Costa County,06,2022-12-29,85.90498838970859,1672272000000,"{""type"":""MultiPoint"",""coordinates"":[]}"
362_00000000000000000023,1909598013,216923745,41860,H1,001,01675839,488,A,06001,+37.6471385,-121.9124880,06,36084,G4020,Alameda,Alameda County,06,2022-12-29,85.56565726687124,1672272000000,"{""type"":""MultiPoint"",""coordinates"":[]}"
362_0000000000000000001f,121375681,479216672,41860,H6,075,00277302,488,C,06075,+37.7272391,-123.0322294,06,41884,G4020,San Francisco,San Francisco County,06,2022-12-29,85.3277639837159,1672272000000,"{""type"":""MultiPoint"",""coordinates"":[]}"
363_00000000000000000021,1857233047,225282636,41860,H1,013,01675903,488,A,06013,+37.9194790,-121.9515431,06,36084,G4020,Contra Costa,Contra Costa County,06,2022-12-30,93.95198410464312,1672358400000,"{""type"":""MultiPoint"",""coordinates"":[]}"
363_00000000000000000023,1909598013,216923745,41860,H1,001,01675839,488,A,06001,+37.6471385,-121.9124880,06,36084,G4020,Alameda,Alameda County,06,2022-12-30,94.71349963503764,1672358400000,"{""type"":""MultiPoint"",""coordinates"":[]}"
363_0000000000000000001f,121375681,479216672,41860,H6,075,00277302,488,C,06075,+37.7272391,-123.0322294,06,41884,G4020,San Francisco,San Francisco County,06,2022-12-30,94.65140354257971,1672358400000,"{""type"":""MultiPoint"",""coordinates"":[]}"
364_00000000000000000021,1857233047,225282636,41860,H1,013,01675903,488,A,06013,+37.9194790,-121.9515431,06,36084,G4020,Contra Costa,Contra Costa County,06,2022-12-31,95.48020070097152,1672444800000,"{""type"":""MultiPoint"",""coordinates"":[]}"
364_00000000000000000023,1909598013,216923745,41860,H1,001,01675839,488,A,06001,+37.6471385,-121.9124880,06,36084,G4020,Alameda,Alameda County,06,2022-12-31,96.50854243824698,1672444800000,"{""type"":""MultiPoint"",""coordinates"":[]}"
364_0000000000000000001f,121375681,479216672,41860,H6,075,00277302,488,C,06075,+37.7272391,-123.0322294,06,41884,G4020,San Francisco,San Francisco County,06,2022-12-31,96.28476756250518,1672444800000,"{""type"":""MultiPoint"",""coordinates"":[]}"
365_00000000000000000021,1857233047,225282636,41860,H1,013,01675903,488,A,06013,+37.9194790,-121.9515431,06,36084,G4020,Contra Costa,Contra Costa County,06,2023-01-01,70.82968301669865,1672531200000,"{""type"":""MultiPoint"",""coordinates"":[]}"
365_00000000000000000023,1909598013,216923745,41860,H1,001,01675839,488,A,06001,+37.6471385,-121.9124880,06,36084,G4020,Alameda,Alameda County,06,2023-01-01,77.81985806870001,1672531200000,"{""type"":""MultiPoint"",""coordinates"":[]}"
365_0000000000000000001f,121375681,479216672,41860,H6,075,00277302,488,C,06075,+37.7272391,-123.0322294,06,41884,G4020,San Francisco,San Francisco County,06,2023-01-01,78.38340973705562,1672531200000,"{""type"":""MultiPoint"",""coordinates"":[]}"
366_00000000000000000021,1857233047,225282636,41860,H1,013,01675903,488,A,06013,+37.9194790,-121.9515431,06,36084,G4020,Contra Costa,Contra Costa County,06,2023-01-02,64.29527004961079,1672617600000,"{""type"":""MultiPoint"",""coordinates"":[]}"
366_00000000000000000023,1909598013,216923745,41860,H1,001,01675839,488,A,06001,+37.6471385,-121.9124880,06,36084,G4020,Alameda,Alameda County,06,2023-01-02,64.41396548503029,1672617600000,"{""type"":""MultiPoint"",""coordinates"":[]}"
366_0000000000000000001f,121375681,479216672,41860,H6,075,00277302,488,C,06075,+37.7272391,-123.0322294,06,41884,G4020,San Francisco,San Francisco County,06,2023-01-02,76.4188573188395,1672617600000,"{""type"":""MultiPoint"",""coordinates"":[]}"
367_00000000000000000021,1857233047,225282636,41860,H1,013,01675903,488,A,06013,+37.9194790,-121.9515431,06,36084,G4020,Contra Costa,Contra Costa County,06,2023-01-03,85.09739001809369,1672704000000,"{""type"":""MultiPoint"",""coordinates"":[]}"
367_00000000000000000023,1909598013,216923745,41860,H1,001,01675839,488,A,06001,+37.6471385,-121.9124880,06,36084,G4020,Alameda,Alameda County,06,2023-01-03,84.53446976454931,1672704000000,"{""type"":""MultiPoint"",""coordinates"":[]}"
367_0000000000000000001f,121375681,479216672,41860,H6,075,00277302,488,C,06075,+37.7272391,-123.0322294,06,41884,G4020,San Francisco,San Francisco County,06,2023-01-03,85.35657033002794,1672704000000,"{""type"":""MultiPoint"",""coordinates"":[]}"
368_00000000000000000021,1857233047,225282636,41860,H1,013,01675903,488,A,06013,+37.9194790,-121.9515431,06,36084,G4020,Contra Costa,Contra Costa County,06,2023-01-04,84.26242698635342,1672790400000,"{""type"":""MultiPoint"",""coordinates"":[]}"
368_00000000000000000023,1909598013,216923745,41860,H1,001,01675839,488,A,06001,+37.6471385,-121.9124880,06,36084,G4020,Alameda,Alameda County,06,2023-01-04,82.89078251056432,1672790400000,"{""type"":""MultiPoint"",""coordinates"":[]}"
368_0000000000000000001f,121375681,479216672,41860,H6,075,00277302,488,C,06075,+37.7272391,-123.0322294,06,41884,G4020,San Francisco,San Francisco County,06,2023-01-04,84.7415616630191,1672790400000,"{""type"":""MultiPoint"",""coordinates"":[]}"
369_00000000000000000021,1857233047,225282636,41860,H1,013,01675903,488,A,06013,+37.9194790,-121.9515431,06,36084,G4020,Contra Costa,Contra Costa County,06,2023-01-05,86.7346583255405,1672876800000,"{""type"":""MultiPoint"",""coordinates"":[]}"
369_00000000000000000023,1909598013,216923745,41860,H1,001,01675839,488,A,06001,+37.6471385,-121.9124880,06,36084,G4020,Alameda,Alameda County,06,2023-01-05,88.18151219262693,1672876800000,"{""type"":""MultiPoint"",""coordinates"":[]}"
369_0000000000000000001f,121375681,479216672,41860,H6,075,00277302,488,C,06075,+37.7272391,-123.0322294,06,41884,G4020,San Francisco,San Francisco County,06,2023-01-05,86.1498341751023,1672876800000,"{""type"":""MultiPoint"",""coordinates"":[]}"
370_00000000000000000021,1857233047,225282636,41860,H1,013,01675903,488,A,06013,+37.9194790,-121.9515431,06,36084,G4020,Contra Costa,Contra Costa County,06,2023-01-06,85.88859395613797,1672963200000,"{""type"":""MultiPoint"",""coordinates"":[]}"
370_00000000000000000023,1909598013,216923745,41860,H1,001,01675839,488,A,06001,+37.6471385,-121.9124880,06,36084,G4020,Alameda,Alameda County,06,2023-01-06,85.62143315314128,1672963200000,"{""type"":""MultiPoint"",""coordinates"":[]}"
370_0000000000000000001f,121375681,479216672,41860,H6,075,00277302,488,C,06075,+37.7272391,-123.0322294,06,41884,G4020,San Francisco,San Francisco County,06,2023-01-06,85.77937703150808,1672963200000,"{""type"":""MultiPoint"",""coordinates"":[]}"
371_00000000000000000021,1857233047,225282636,41860,H1,013,01675903,488,A,06013,+37.9194790,-121.9515431,06,36084,G4020,Contra Costa,Contra Costa County,06,2023-01-07,74.91715126551023,1673049600000,"{""type"":""MultiPoint"",""coordinates"":[]}"
371_00000000000000000023,1909598013,216923745,41860,H1,001,01675839,488,A,06001,+37.6471385,-121.9124880,06,36084,G4020,Alameda,Alameda County,06,2023-01-07,71.57123977028765,1673049600000,"{""type"":""MultiPoint"",""coordinates"":[]}"
371_0000000000000000001f,121375681,479216672,41860,H6,075,00277302,488,C,06075,+37.7272391,-123.0322294,06,41884,G4020,San Francisco,San Francisco County,06,2023-01-07,76.4865407750493,1673049600000,"{""type"":""MultiPoint"",""coordinates"":[]}"
372_00000000000000000021,1857233047,225282636,41860,H1,013,01675903,488,A,06013,+37.9194790,-121.9515431,06,36084,G4020,Contra Costa,Contra Costa County,06,2023-01-08,78.12210192300621,1673136000000,"{""type"":""MultiPoint"",""coordinates"":[]}"
372_00000000000000000023,1909598013,216923745,41860,H1,001,01675839,488,A,06001,+37.6471385,-121.9124880,06,36084,G4020,Alameda,Alameda County,06,2023-01-08,78.93247031315084,1673136000000,"{""type"":""MultiPoint"",""coordinates"":[]}"
372_0000000000000000001f,121375681,479216672,41860,H6,075,00277302,488,C,06075,+37.7272391,-123.0322294,06,41884,G4020,San Francisco,San Francisco County,06,2023-01-08,82.33030438965737,1673136000000,"{""type"":""MultiPoint"",""coordinates"":[]}"
373_00000000000000000021,1857233047,225282636,41860,H1,013,01675903,488,A,06013,+37.9194790,-121.9515431,06,36084,G4020,Contra Costa,Contra Costa County,06,2023-01-09,82.613601726134,1673222400000,"{""type"":""MultiPoint"",""coordinates"":[]}"
373_00000000000000000023,1909598013,216923745,41860,H1,001,01675839,488,A,06001,+37.6471385,-121.9124880,06,36084,G4020,Alameda,Alameda County,06,2023-01-09,84.94002845324478,1673222400000,"{""type"":""MultiPoint"",""coordinates"":[]}"
373_0000000000000000001f,121375681,479216672,41860,H6,075,00277302,488,C,06075,+37.7272391,-123.0322294,06,41884,G4020,San Francisco,San Francisco County,06,2023-01-09,84.83501708533434,1673222400000,"{""type"":""MultiPoint"",""coordinates"":[]}"
374_00000000000000000021,1857233047,225282636,41860,H1,013,01675903,488,A,06013,+37.9194790,-121.9515431,06,36084,G4020,Contra Costa,Contra Costa County,06,2023-01-10,85.10608870830553,1673308800000,"{""type"":""MultiPoint"",""coordinates"":[]}"
374_00000000000000000023,1909598013,216923745,41860,H1,001,01675839,488,A,06001,+37.6471385,-121.9124880,06,36084,G4020,Alameda,Alameda County,06,2023-01-10,88.39072440130226,1673308800000,"{""type"":""MultiPoint"",""coordinates"":[]}"
374_0000000000000000001f,121375681,479216672,41860,H6,075,00277302,488,C,06075,+37.7272391,-123.0322294,06,41884,G4020,San Francisco,San Francisco County,06,2023-01-10,85.49653226714828,1673308800000,"{""type"":""MultiPoint"",""coordinates"":[]}"
375_00000000000000000021,1857233047,225282636,41860,H1,013,01675903,488,A,06013,+37.9194790,-121.9515431,06,36084,G4020,Contra Costa,Contra Costa County,06,2023-01-11,87.95288691836848,1673395200000,"{""type"":""MultiPoint"",""coordinates"":[]}"
375_00000000000000000023,1909598013,216923745,41860,H1,001,01675839,488,A,06001,+37.6471385,-121.9124880,06,36084,G4020,Alameda,Alameda County,06,2023-01-11,88.59061371534393,1673395200000,"{""type"":""MultiPoint"",""coordinates"":[]}"
375_0000000000000000001f,121375681,479216672,41860,H6,075,00277302,488,C,06075,+37.7272391,-123.0322294,06,41884,G4020,San Francisco,San Francisco County,06,2023-01-11,88.35043967757943,1673395200000,"{""type"":""MultiPoint"",""coordinates"":[]}"
376_00000000000000000021,1857233047,225282636,41860,H1,013,01675903,488,A,06013,+37.9194790,-121.9515431,06,36084,G4020,Contra Costa,Contra Costa County,06,2023-01-12,83.19514576174456,1673481600000,"{""type"":""MultiPoint"",""coordinates"":[]}"
376_00000000000000000023,1909598013,216923745,41860,H1,001,01675839,488,A,06001,+37.6471385,-121.9124880,06,36084,G4020,Alameda,Alameda County,06,2023-01-12,82.23476052584455,1673481600000,"{""type"":""MultiPoint"",""coordinates"":[]}"
376_0000000000000000001f,121375681,479216672,41860,H6,075,00277302,488,C,06075,+37.7272391,-123.0322294,06,41884,G4020,San Francisco,San Francisco County,06,2023-01-12,83.39382577073721,1673481600000,"{""type"":""MultiPoint"",""coordinates"":[]}"
377_00000000000000000021,1857233047,225282636,41860,H1,013,01675903,488,A,06013,+37.9194790,-121.9515431,06,36084,G4020,Contra Costa,Contra Costa County,06,2023-01-13,79.80197008552722,1673568000000,"{""type"":""MultiPoint"",""coordinates"":[]}"
377_00000000000000000023,1909598013,216923745,41860,H1,001,01675839,488,A,06001,+37.6471385,-121.9124880,06,36084,G4020,Alameda,Alameda County,06,2023-01-13,73.7748151868881,1673568000000,"{""type"":""MultiPoint"",""coordinates"":[]}"
377_0000000000000000001f,121375681,479216672,41860,H6,075,00277302,488,C,06075,+37.7272391,-123.0322294,06,41884,G4020,San Francisco,San Francisco County,06,2023-01-13,76.89903705716344,1673568000000,"{""type"":""MultiPoint"",""coordinates"":[]}"
378_00000000000000000021,1857233047,225282636,41860,H1,013,01675903,488,A,06013,+37.9194790,-121.9515431,06,36084,G4020,Contra Costa,Contra Costa County,06,2023-01-14,90.09430290561583,1673654400000,"{""type"":""MultiPoint"",""coordinates"":[]}"
378_00000000000000000023,1909598013,216923745,41860,H1,001,01675839,488,A,06001,+37.6471385,-121.9124880,06,36084,G4020,Alameda,Alameda County,06,2023-01-14,91.89983423982815,1673654400000,"{""type"":""MultiPoint"",""coordinates"":[]}"
378_0000000000000000001f,121375681,479216672,41860,H6,075,00277302,488,C,06075,+37.7272391,-123.0322294,06,41884,G4020,San Francisco,San Francisco County,06,2023-01-14,90.08660659952102,1673654400000,"{""type"":""MultiPoint"",""coordinates"":[]}"
379_00000000000000000021,1857233047,225282636,41860,H1,013,01675903,488,A,06013,+37.9194790,-121.9515431,06,36084,G4020,Contra Costa,Contra Costa County,06,2023-01-15,89.96883998931898,1673740800000,"{""type"":""MultiPoint"",""coordinates"":[]}"
379_00000000000000000023,1909598013,216923745,41860,H1,001,01675839,488,A,06001,+37.6471385,-121.9124880,06,36084,G4020,Alameda,Alameda County,06,2023-01-15,91.25762662608338,1673740800000,"{""type"":""MultiPoint"",""coordinates"":[]}"
379_0000000000000000001f,121375681,479216672,41860,H6,075,00277302,488,C,06075,+37.7272391,-123.0322294,06,41884,G4020,San Francisco,San Francisco County,06,2023-01-15,89.1531787738575,1673740800000,"{""type"":""MultiPoint"",""coordinates"":[]}"
380_00000000000000000021,1857233047,225282636,41860,H1,013,01675903,488,A,06013,+37.9194790,-121.9515431,06,36084,G4020,Contra Costa,Contra Costa County,06,2023-01-16,82.34687523234763,1673827200000,"{""type"":""MultiPoint"",""coordinates"":[]}"
380_00000000000000000023,1909598013,216923745,41860,H1,001,01675839,488,A,06001,+37.6471385,-121.9124880,06,36084,G4020,Alameda,Alameda County,06,2023-01-16,84.64611423666459,1673827200000,"{""type"":""MultiPoint"",""coordinates"":[]}"
380_0000000000000000001f,121375681,479216672,41860,H6,075,00277302,488,C,06075,+37.7272391,-123.0322294,06,41884,G4020,San Francisco,San Francisco County,06,2023-01-16,80.17404117995956,1673827200000,"{""type"":""MultiPoint"",""coordinates"":[]}"
381_00000000000000000021,1857233047,225282636,41860,H1,013,01675903,488,A,06013,+37.9194790,-121.9515431,06,36084,G4020,Contra Costa,Contra Costa County,06,2023-01-17,79.48707654487656,1673913600000,"{""type"":""MultiPoint"",""coordinates"":[]}"
381_00000000000000000023,1909598013,216923745,41860,H1,001,01675839,488,A,06001,+37.6471385,-121.9124880,06,36084,G4020,Alameda,Alameda County,06,2023-01-17,81.07141479562152,1673913600000,"{""type"":""MultiPoint"",""coordinates"":[]}"
381_0000000000000000001f,121375681,479216672,41860,H6,075,00277302,488,C,06075,+37.7272391,-123.0322294,06,41884,G4020,San Francisco,San Francisco County,06,2023-01-17,77.66115649781804,1673913600000,"{""type"":""MultiPoint"",""coordinates"":[]}"
382_00000000000000000021,1857233047,225282636,41860,H1,013,01675903,488,A,06013,+37.9194790,-121.9515431,06,36084,G4020,Contra Costa,Contra Costa County,06,2023-01-18,82.35731517922906,1674000000000,"{""type"":""MultiPoint"",""coordinates"":[]}"
382_00000000000000000023,1909598013,216923745,41860,H1,001,01675839,488,A,06001,+37.6471385,-121.9124880,06,36084,G4020,Alameda,Alameda County,06,2023-01-18,80.44407677558837,1674000000000,"{""type"":""MultiPoint"",""coordinates"":[]}"
382_0000000000000000001f,121375681,479216672,41860,H6,075,00277302,488,C,06075,+37.7272391,-123.0322294,06,41884,G4020,San Francisco,San Francisco County,06,2023-01-18,84.08413920505056,1674000000000,"{""type"":""MultiPoint"",""coordinates"":[]}"
383_00000000000000000021,1857233047,225282636,41860,H1,013,01675903,488,A,06013,+37.9194790,-121.9515431,06,36084,G4020,Contra Costa,Contra Costa County,06,2023-01-19,79.9560979629865,1674086400000,"{""type"":""MultiPoint"",""coordinates"":[]}"
383_00000000000000000023,1909598013,216923745,41860,H1,001,01675839,488,A,06001,+37.6471385,-121.9124880,06,36084,G4020,Alameda,Alameda County,06,2023-01-19,82.08225398938785,1674086400000,"{""type"":""MultiPoint"",""coordinates"":[]}"
383_0000000000000000001f,121375681,479216672,41860,H6,075,00277302,488,C,06075,+37.7272391,-123.0322294,06,41884,G4020,San Francisco,San Francisco County,06,2023-01-19,80.85132966724265,1674086400000,"{""type"":""MultiPoint"",""coordinates"":[]}"
384_00000000000000000021,1857233047,225282636,41860,H1,013,01675903,488,A,06013,+37.9194790,-121.9515431,06,36084,G4020,Contra Costa,Contra Costa County,06,2023-01-20,58.317108891239165,1674172800000,"{""type"":""MultiPoint"",""coordinates"":[]}"
384_00000000000000000023,1909598013,216923745,41860,H1,001,01675839,488,A,06001,+37.6471385,-121.9124880,06,36084,G4020,Alameda,Alameda County,06,2023-01-20,61.548657483099454,1674172800000,"{""type"":""MultiPoint"",""coordinates"":[]}"
384_0000000000000000001f,121375681,479216672,41860,H6,075,00277302,488,C,06075,+37.7272391,-123.0322294,06,41884,G4020,San Francisco,San Francisco County,06,2023-01-20,61.27592256297078,1674172800000,"{""type"":""MultiPoint"",""coordinates"":[]}"
385_00000000000000000021,1857233047,225282636,41860,H1,013,01675903,488,A,06013,+37.9194790,-121.9515431,06,36084,G4020,Contra Costa,Contra Costa County,06,2023-01-21,67.57615767526501,1674259200000,"{""type"":""MultiPoint"",""coordinates"":[]}"
385_00000000000000000023,1909598013,216923745,41860,H1,001,01675839,488,A,06001,+37.6471385,-121.9124880,06,36084,G4020,Alameda,Alameda County,06,2023-01-21,61.81296118744743,1674259200000,"{""type"":""MultiPoint"",""coordinates"":[]}"
385_0000000000000000001f,121375681,479216672,41860,H6,075,00277302,488,C,06075,+37.7272391,-123.0322294,06,41884,G4020,San Francisco,San Francisco County,06,2023-01-21,65.42422568551657,1674259200000,"{""type"":""MultiPoint"",""coordinates"":[]}"
386_00000000000000000021,1857233047,225282636,41860,H1,013,01675903,488,A,06013,+37.9194790,-121.9515431,06,36084,G4020,Contra Costa,Contra Costa County,06,2023-01-22,75.00156342255521,1674345600000,"{""type"":""MultiPoint"",""coordinates"":[]}"
386_00000000000000000023,1909598013,216923745,41860,H1,001,01675839,488,A,06001,+37.6471385,-121.9124880,06,36084,G4020,Alameda,Alameda County,06,2023-01-22,73.9962650741851,1674345600000,"{""type"":""MultiPoint"",""coordinates"":[]}"
386_0000000000000000001f,121375681,479216672,41860,H6,075,00277302,488,C,06075,+37.7272391,-123.0322294,06,41884,G4020,San Francisco,San Francisco County,06,2023-01-22,76.99044941611866,1674345600000,"{""type"":""MultiPoint"",""coordinates"":[]}"
387_00000000000000000021,1857233047,225282636,41860,H1,013,01675903,488,A,06013,+37.9194790,-121.9515431,06,36084,G4020,Contra Costa,Contra Costa County,06,2023-01-23,42.7031040836235,1674432000000,"{""type"":""MultiPoint"",""coordinates"":[]}"
387_00000000000000000023,1909598013,216923745,41860,H1,001,01675839,488,A,06001,+37.6471385,-121.9124880,06,36084,G4020,Alameda,Alameda County,06,2023-01-23,47.14657180166259,1674432000000,"{""type"":""MultiPoint"",""coordinates"":[]}"
387_0000000000000000001f,121375681,479216672,41860,H6,075,00277302,488,C,06075,+37.7272391,-123.0322294,06,41884,G4020,San Francisco,San Francisco County,06,2023-01-23,46.69979313225815,1674432000000,"{""type"":""MultiPoint"",""coordinates"":[]}"
388_00000000000000000021,1857233047,225282636,41860,H1,013,01675903,488,A,06013,+37.9194790,-121.9515431,06,36084,G4020,Contra Costa,Contra Costa County,06,2023-01-24,59.13163321663558,1674518400000,"{""type"":""MultiPoint"",""coordinates"":[]}"
388_00000000000000000023,1909598013,216923745,41860,H1,001,01675839,488,A,06001,+37.6471385,-121.9124880,06,36084,G4020,Alameda,Alameda County,06,2023-01-24,58.44578762300552,1674518400000,"{""type"":""MultiPoint"",""coordinates"":[]}"
388_0000000000000000001f,121375681,479216672,41860,H6,075,00277302,488,C,06075,+37.7272391,-123.0322294,06,41884,G4020,San Francisco,San Francisco County,06,2023-01-24,57.76301863304108,1674518400000,"{""type"":""MultiPoint"",""coordinates"":[]}"
389_00000000000000000021,1857233047,225282636,41860,H1,013,01675903,488,A,06013,+37.9194790,-121.9515431,06,36084,G4020,Contra Costa,Contra Costa County,06,2023-01-25,67.53592396541057,1674604800000,"{""type"":""MultiPoint"",""coordinates"":[]}"
389_00000000000000000023,1909598013,216923745,41860,H1,001,01675839,488,A,06001,+37.6471385,-121.9124880,06,36084,G4020,Alameda,Alameda County,06,2023-01-25,60.87808339120169,1674604800000,"{""type"":""MultiPoint"",""coordinates"":[]}"
389_0000000000000000001f,121375681,479216672,41860,H6,075,00277302,488,C,06075,+37.7272391,-123.0322294,06,41884,G4020,San Francisco,San Francisco County,06,2023-01-25,73.30482009580867,1674604800000,"{""type"":""MultiPoint"",""coordinates"":[]}"
390_00000000000000000021,1857233047,225282636,41860,H1,013,01675903,488,A,06013,+37.9194790,-121.9515431,06,36084,G4020,Contra Costa,Contra Costa County,06,2023-01-26,63.661493162537596,1674691200000,"{""type"":""MultiPoint"",""coordinates"":[]}"
390_00000000000000000023,1909598013,216923745,41860,H1,001,01675839,488,A,06001,+37.6471385,-121.9124880,06,36084,G4020,Alameda,Alameda County,06,2023-01-26,64.36973841832724,1674691200000,"{""type"":""MultiPoint"",""coordinates"":[]}"
390_0000000000000000001f,121375681,479216672,41860,H6,075,00277302,488,C,06075,+37.7272391,-123.0322294,06,41884,G4020,San Francisco,San Francisco County,06,2023-01-26,61.988885910181935,1674691200000,"{""type"":""MultiPoint"",""coordinates"":[]}"
391_00000000000000000021,1857233047,225282636,41860,H1,013,01675903,488,A,06013,+37.9194790,-121.9515431,06,36084,G4020,Contra Costa,Contra Costa County,06,2023-01-27,76.26750056047742,1674777600000,"{""type"":""MultiPoint"",""coordinates"":[]}"
391_00000000000000000023,1909598013,216923745,41860,H1,001,01675839,488,A,06001,+37.6471385,-121.9124880,06,36084,G4020,Alameda,Alameda County,06,2023-01-27,66.53363810051998,1674777600000,"{""type"":""MultiPoint"",""coordinates"":[]}"
391_0000000000000000001f,121375681,479216672,41860,H6,075,00277302,488,C,06075,+37.7272391,-123.0322294,06,41884,G4020,San Francisco,San Francisco County,06,2023-01-27,80.7112518609123,1674777600000,"{""type"":""MultiPoint"",""coordinates"":[]}"
392_00000000000000000021,1857233047,225282636,41860,H1,013,01675903,488,A,06013,+37.9194790,-121.9515431,06,36084,G4020,Contra Costa,Contra Costa County,06,2023-01-28,87.82178200961786,1674864000000,"{""type"":""MultiPoint"",""coordinates"":[]}"
392_00000000000000000023,1909598013,216923745,41860,H1,001,01675839,488,A,06001,+37.6471385,-121.9124880,06,36084,G4020,Alameda,Alameda County,06,2023-01-28,82.89740669805533,1674864000000,"{""type"":""MultiPoint"",""coordinates"":[]}"
392_0000000000000000001f,121375681,479216672,41860,H6,075,00277302,488,C,06075,+37.7272391,-123.0322294,06,41884,G4020,San Francisco,San Francisco County,06,2023-01-28,92.39167224441094,1674864000000,"{""type"":""MultiPoint"",""coordinates"":[]}"
393_00000000000000000021,1857233047,225282636,41860,H1,013,01675903,488,A,06013,+37.9194790,-121.9515431,06,36084,G4020,Contra Costa,Contra Costa County,06,2023-01-29,83.75257316548714,1674950400000,"{""type"":""MultiPoint"",""coordinates"":[]}"
393_00000000000000000023,1909598013,216923745,41860,H1,001,01675839,488,A,06001,+37.6471385,-121.9124880,06,36084,G4020,Alameda,Alameda County,06,2023-01-29,84.40344794311876,1674950400000,"{""type"":""MultiPoint"",""coordinates"":[]}"
393_0000000000000000001f,121375681,479216672,41860,H6,075,00277302,488,C,06075,+37.7272391,-123.0322294,06,41884,G4020,San Francisco,San Francisco County,06,2023-01-29,81.2710795051737,1674950400000,"{""type"":""MultiPoint"",""coordinates"":[]}"
394_00000000000000000021,1857233047,225282636,41860,H1,013,01675903,488,A,06013,+37.9194790,-121.9515431,06,36084,G4020,Contra Costa,Contra Costa County,06,2023-01-30,52.39382430160554,1675036800000,"{""type"":""MultiPoint"",""coordinates"":[]}"
394_00000000000000000023,1909598013,216923745,41860,H1,001,01675839,488,A,06001,+37.6471385,-121.9124880,06,36084,G4020,Alameda,Alameda County,06,2023-01-30,61.662154912656554,1675036800000,"{""type"":""MultiPoint"",""coordinates"":[]}"
394_0000000000000000001f,121375681,479216672,41860,H6,075,00277302,488,C,06075,+37.7272391,-123.0322294,06,41884,G4020,San Francisco,San Francisco County,06,2023-01-30,52.091066330665775,1675036800000,"{""type"":""MultiPoint"",""coordinates"":[]}"
395_00000000000000000021,1857233047,225282636,41860,H1,013,01675903,488,A,06013,+37.9194790,-121.9515431,06,36084,G4020,Contra Costa,Contra Costa County,06,2023-01-31,45.99454781278361,1675123200000,"{""type"":""MultiPoint"",""coordinates"":[]}"
395_00000000000000000023,1909598013,216923745,41860,H1,001,01675839,488,A,06001,+37.6471385,-121.9124880,06,36084,G4020,Alameda,Alameda County,06,2023-01-31,47.41746099191393,1675123200000,"{""type"":""MultiPoint"",""coordinates"":[]}"
395_0000000000000000001f,121375681,479216672,41860,H6,075,00277302,488,C,06075,+37.7272391,-123.0322294,06,41884,G4020,San Francisco,San Francisco County,06,2023-01-31,48.832598413834205,1675123200000,"{""type"":""MultiPoint"",""coordinates"":[]}"
396_00000000000000000021,1857233047,225282636,41860,H1,013,01675903,488,A,06013,+37.9194790,-121.9515431,06,36084,G4020,Contra Costa,Contra Costa County,06,2023-02-01,67.0386942564542,1675209600000,"{""type"":""MultiPoint"",""coordinates"":[]}"
396_00000000000000000023,1909598013,216923745,41860,H1,001,01675839,488,A,06001,+37.6471385,-121.9124880,06,36084,G4020,Alameda,Alameda County,06,2023-02-01,59.729429724815034,1675209600000,"{""type"":""MultiPoint"",""coordinates"":[]}"
396_0000000000000000001f,121375681,479216672,41860,H6,075,00277302,488,C,06075,+37.7272391,-123.0322294,06,41884,G4020,San Francisco,San Francisco County,06,2023-02-01,70.25146900556447,1675209600000,"{""type"":""MultiPoint"",""coordinates"":[]}"
397_00000000000000000021,1857233047,225282636,41860,H1,013,01675903,488,A,06013,+37.9194790,-121.9515431,06,36084,G4020,Contra Costa,Contra Costa County,06,2023-02-02,76.07161625616301,1675296000000,"{""type"":""MultiPoint"",""coordinates"":[]}"
397_00000000000000000023,1909598013,216923745,41860,H1,001,01675839,488,A,06001,+37.6471385,-121.9124880,06,36084,G4020,Alameda,Alameda County,06,2023-02-02,69.72885562937503,1675296000000,"{""type"":""MultiPoint"",""coordinates"":[]}"
397_0000000000000000001f,121375681,479216672,41860,H6,075,00277302,488,C,06075,+37.7272391,-123.0322294,06,41884,G4020,San Francisco,San Francisco County,06,2023-02-02,77.99978908859569,1675296000000,"{""type"":""MultiPoint"",""coordinates"":[]}"
398_00000000000000000021,1857233047,225282636,41860,H1,013,01675903,488,A,06013,+37.9194790,-121.9515431,06,36084,G4020,Contra Costa,Contra Costa County,06,2023-02-03,79.2261225481991,1675382400000,"{""type"":""MultiPoint"",""coordinates"":[]}"
398_00000000000000000023,1909598013,216923745,41860,H1,001,01675839,488,A,06001,+37.6471385,-121.9124880,06,36084,G4020,Alameda,Alameda County,06,2023-02-03,72.2116001719038,1675382400000,"{""type"":""MultiPoint"",""coordinates"":[]}"
398_0000000000000000001f,121375681,479216672,41860,H6,075,00277302,488,C,06075,+37.7272391,-123.0322294,06,41884,G4020,San Francisco,San Francisco County,06,2023-02-03,79.10916715387278,1675382400000,"{""type"":""MultiPoint"",""coordinates"":[]}"
399_00000000000000000021,1857233047,225282636,41860,H1,013,01675903,488,A,06013,+37.9194790,-121.9515431,06,36084,G4020,Contra Costa,Contra Costa County,06,2023-02-04,91.8349185829473,1675468800000,"{""type"":""MultiPoint"",""coordinates"":[]}"
399_00000000000000000023,1909598013,216923745,41860,H1,001,01675839,488,A,06001,+37.6471385,-121.9124880,06,36084,G4020,Alameda,Alameda County,06,2023-02-04,91.25438537092909,1675468800000,"{""type"":""MultiPoint"",""coordinates"":[]}"
399_0000000000000000001f,121375681,479216672,41860,H6,075,00277302,488,C,06075,+37.7272391,-123.0322294,06,41884,G4020,San Francisco,San Francisco County,06,2023-02-04,92.57588584416699,1675468800000,"{""type"":""MultiPoint"",""coordinates"":[]}"
400_00000000000000000021,1857233047,225282636,41860,H1,013,01675903,488,A,06013,+37.9194790,-121.9515431,06,36084,G4020,Contra Costa,Contra Costa County,06,2023-02-05,85.64086627548483,1675555200000,"{""type"":""MultiPoint"",""coordinates"":[]}"
400_00000000000000000023,1909598013,216923745,41860,H1,001,01675839,488,A,06001,+37.6471385,-121.9124880,06,36084,G4020,Alameda,Alameda County,06,2023-02-05,89.59367521694718,1675555200000,"{""type"":""MultiPoint"",""coordinates"":[]}"
400_0000000000000000001f,121375681,479216672,41860,H6,075,00277302,488,C,06075,+37.7272391,-123.0322294,06,41884,G4020,San Francisco,San Francisco County,06,2023-02-05,86.49183233892307,1675555200000,"{""type"":""MultiPoint"",""coordinates"":[]}"
401_00000000000000000021,1857233047,225282636,41860,H1,013,01675903,488,A,06013,+37.9194790,-121.9515431,06,36084,G4020,Contra Costa,Contra Costa County,06,2023-02-06,76.40797569901903,1675641600000,"{""type"":""MultiPoint"",""coordinates"":[]}"
401_00000000000000000023,1909598013,216923745,41860,H1,001,01675839,488,A,06001,+37.6471385,-121.9124880,06,36084,G4020,Alameda,Alameda County,06,2023-02-06,80.43714134032764,1675641600000,"{""type"":""MultiPoint"",""coordinates"":[]}"
401_0000000000000000001f,121375681,479216672,41860,H6,075,00277302,488,C,06075,+37.7272391,-123.0322294,06,41884,G4020,San Francisco,San Francisco County,06,2023-02-06,77.29434500986576,1675641600000,"{""type"":""MultiPoint"",""coordinates"":[]}"
402_00000000000000000021,1857233047,225282636,41860,H1,013,01675903,488,A,06013,+37.9194790,-121.9515431,06,36084,G4020,Contra Costa,Contra Costa County,06,2023-02-07,72.77042595066054,1675728000000,"{""type"":""MultiPoint"",""coordinates"":[]}"
402_00000000000000000023,1909598013,216923745,41860,H1,001,01675839,488,A,06001,+37.6471385,-121.9124880,06,36084,G4020,Alameda,Alameda County,06,2023-02-07,66.70177361372426,1675728000000,"{""type"":""MultiPoint"",""coordinates"":[]}"
402_0000000000000000001f,121375681,479216672,41860,H6,075,00277302,488,C,06075,+37.7272391,-123.0322294,06,41884,G4020,San Francisco,San Francisco County,06,2023-02-07,84.12147694632361,1675728000000,"{""type"":""MultiPoint"",""coordinates"":[]}"
403_00000000000000000021,1857233047,225282636,41860,H1,013,01675903,488,A,06013,+37.9194790,-121.9515431,06,36084,G4020,Contra Costa,Contra Costa County,06,2023-02-08,80.49109631401886,1675814400000,"{""type"":""MultiPoint"",""coordinates"":[]}"
403_00000000000000000023,1909598013,216923745,41860,H1,001,01675839,488,A,06001,+37.6471385,-121.9124880,06,36084,G4020,Alameda,Alameda County,06,2023-02-08,72.41333207555593,1675814400000,"{""type"":""MultiPoint"",""coordinates"":[]}"
403_0000000000000000001f,121375681,479216672,41860,H6,075,00277302,488,C,06075,+37.7272391,-123.0322294,06,41884,G4020,San Francisco,San Francisco County,06,2023-02-08,89.01405915903621,1675814400000,"{""type"":""MultiPoint"",""coordinates"":[]}"
404_00000000000000000021,1857233047,225282636,41860,H1,013,01675903,488,A,06013,+37.9194790,-121.9515431,06,36084,G4020,Contra Costa,Contra Costa County,06,2023-02-09,77.15999068206378,1675900800000,"{""type"":""MultiPoint"",""coordinates"":[]}"
404_00000000000000000023,1909598013,216923745,41860,H1,001,01675839,488,A,06001,+37.6471385,-121.9124880,06,36084,G4020,Alameda,Alameda County,06,2023-02-09,68.22741031909565,1675900800000,"{""type"":""MultiPoint"",""coordinates"":[]}"
404_0000000000000000001f,121375681,479216672,41860,H6,075,00277302,488,C,06075,+37.7272391,-123.0322294,06,41884,G4020,San Francisco,San Francisco County,06,2023-02-09,86.97663863532654,1675900800000,"{""type"":""MultiPoint"",""coordinates"":[]}"
405_00000000000000000021,1857233047,225282636,41860,H1,013,01675903,488,A,06013,+37.9194790,-121.9515431,06,36084,G4020,Contra Costa,Contra Costa County,06,2023-02-10,84.8580950546452,1675987200000,"{""type"":""MultiPoint"",""coordinates"":[]}"
405_00000000000000000023,1909598013,216923745,41860,H1,001,01675839,488,A,06001,+37.6471385,-121.9124880,06,36084,G4020,Alameda,Alameda County,06,2023-02-10,81.67194095599511,1675987200000,"{""type"":""MultiPoint"",""coordinates"":[]}"
405_0000000000000000001f,121375681,479216672,41860,H6,075,00277302,488,C,06075,+37.7272391,-123.0322294,06,41884,G4020,San Francisco,San Francisco County,06,2023-02-10,86.62248787090584,1675987200000,"{""type"":""MultiPoint"",""coordinates"":[]}"
406_00000000000000000021,1857233047,225282636,41860,H1,013,01675903,488,A,06013,+37.9194790,-121.9515431,06,36084,G4020,Contra Costa,Contra Costa County,06,2023-02-11,80.27269666249082,1676073600000,"{""type"":""MultiPoint"",""coordinates"":[]}"
406_00000000000000000023,1909598013,216923745,41860,H1,001,01675839,488,A,06001,+37.6471385,-121.9124880,06,36084,G4020,Alameda,Alameda County,06,2023-02-11,83.79243147576145,1676073600000,"{""type"":""MultiPoint"",""coordinates"":[]}"
406_0000000000000000001f,121375681,479216672,41860,H6,075,00277302,488,C,06075,+37.7272391,-123.0322294,06,41884,G4020,San Francisco,San Francisco County,06,2023-02-11,80.00450308917407,1676073600000,"{""type"":""MultiPoint"",""coordinates"":[]}"
407_00000000000000000021,1857233047,225282636,41860,H1,013,01675903,488,A,06013,+37.9194790,-121.9515431,06,36084,G4020,Contra Costa,Contra Costa County,06,2023-02-12,73.46005785269593,1676160000000,"{""type"":""MultiPoint"",""coordinates"":[]}"
407_00000000000000000023,1909598013,216923745,41860,H1,001,01675839,488,A,06001,+37.6471385,-121.9124880,06,36084,G4020,Alameda,Alameda County,06,2023-02-12,71.09150031612678,1676160000000,"{""type"":""MultiPoint"",""coordinates"":[]}"
407_0000000000000000001f,121375681,479216672,41860,H6,075,00277302,488,C,06075,+37.7272391,-123.0322294,06,41884,G4020,San Francisco,San Francisco County,06,2023-02-12,83.45228189627635,1676160000000,"{""type"":""MultiPoint"",""coordinates"":[]}"
408_00000000000000000021,1857233047,225282636,41860,H1,013,01675903,488,A,06013,+37.9194790,-121.9515431,06,36084,G4020,Contra Costa,Contra Costa County,06,2023-02-13,75.23436939852448,1676246400000,"{""type"":""MultiPoint"",""coordinates"":[]}"
408_00000000000000000023,1909598013,216923745,41860,H1,001,01675839,488,A,06001,+37.6471385,-121.9124880,06,36084,G4020,Alameda,Alameda County,06,2023-02-13,70.17051171370707,1676246400000,"{""type"":""MultiPoint"",""coordinates"":[]}"
408_0000000000000000001f,121375681,479216672,41860,H6,075,00277302,488,C,06075,+37.7272391,-123.0322294,06,41884,G4020,San Francisco,San Francisco County,06,2023-02-13,86.22694180110248,1676246400000,"{""type"":""MultiPoint"",""coordinates"":[]}"
409_00000000000000000021,1857233047,225282636,41860,H1,013,01675903,488,A,06013,+37.9194790,-121.9515431,06,36084,G4020,Contra Costa,Contra Costa County,06,2023-02-14,62.23717640463092,1676332800000,"{""type"":""MultiPoint"",""coordinates"":[]}"
409_00000000000000000023,1909598013,216923745,41860,H1,001,01675839,488,A,06001,+37.6471385,-121.9124880,06,36084,G4020,Alameda,Alameda County,06,2023-02-14,68.26478434399972,1676332800000,"{""type"":""MultiPoint"",""coordinates"":[]}"
409_0000000000000000001f,121375681,479216672,41860,H6,075,00277302,488,C,06075,+37.7272391,-123.0322294,06,41884,G4020,San Francisco,San Francisco County,06,2023-02-14,63.448907152892765,1676332800000,"{""type"":""MultiPoint"",""coordinates"":[]}"
410_00000000000000000021,1857233047,225282636,41860,H1,013,01675903,488,A,06013,+37.9194790,-121.9515431,06,36084,G4020,Contra Costa,Contra Costa County,06,2023-02-15,49.60268464612577,1676419200000,"{""type"":""MultiPoint"",""coordinates"":[]}"
410_00000000000000000023,1909598013,216923745,41860,H1,001,01675839,488,A,06001,+37.6471385,-121.9124880,06,36084,G4020,Alameda,Alameda County,06,2023-02-15,55.73983088200719,1676419200000,"{""type"":""MultiPoint"",""coordinates"":[]}"
410_0000000000000000001f,121375681,479216672,41860,H6,075,00277302,488,C,06075,+37.7272391,-123.0322294,06,41884,G4020,San Francisco,San Francisco County,06,2023-02-15,55.490629430612294,1676419200000,"{""type"":""MultiPoint"",""coordinates"":[]}"
411_00000000000000000021,1857233047,225282636,41860,H1,013,01675903,488,A,06013,+37.9194790,-121.9515431,06,36084,G4020,Contra Costa,Contra Costa County,06,2023-02-16,65.79400244057948,1676505600000,"{""type"":""MultiPoint"",""coordinates"":[]}"
411_00000000000000000023,1909598013,216923745,41860,H1,001,01675839,488,A,06001,+37.6471385,-121.9124880,06,36084,G4020,Alameda,Alameda County,06,2023-02-16,60.54924766332258,1676505600000,"{""type"":""MultiPoint"",""coordinates"":[]}"
411_0000000000000000001f,121375681,479216672,41860,H6,075,00277302,488,C,06075,+37.7272391,-123.0322294,06,41884,G4020,San Francisco,San Francisco County,06,2023-02-16,69.99239906552116,1676505600000,"{""type"":""MultiPoint"",""coordinates"":[]}"
412_00000000000000000021,1857233047,225282636,41860,H1,013,01675903,488,A,06013,+37.9194790,-121.9515431,06,36084,G4020,Contra Costa,Contra Costa County,06,2023-02-17,64.53533948500493,1676592000000,"{""type"":""MultiPoint"",""coordinates"":[]}"
412_00000000000000000023,1909598013,216923745,41860,H1,001,01675839,488,A,06001,+37.6471385,-121.9124880,06,36084,G4020,Alameda,Alameda County,06,2023-02-17,61.09122676162128,1676592000000,"{""type"":""MultiPoint"",""coordinates"":[]}"
412_0000000000000000001f,121375681,479216672,41860,H6,075,00277302,488,C,06075,+37.7272391,-123.0322294,06,41884,G4020,San Francisco,San Francisco County,06,2023-02-17,69.55328366494686,1676592000000,"{""type"":""MultiPoint"",""coordinates"":[]}"
413_00000000000000000021,1857233047,225282636,41860,H1,013,01675903,488,A,06013,+37.9194790,-121.9515431,06,36084,G4020,Contra Costa,Contra Costa County,06,2023-02-18,63.9611777204004,1676678400000,"{""type"":""MultiPoint"",""coordinates"":[]}"
413_00000000000000000023,1909598013,216923745,41860,H1,001,01675839,488,A,06001,+37.6471385,-121.9124880,06,36084,G4020,Alameda,Alameda County,06,2023-02-18,53.81716399373479,1676678400000,"{""type"":""MultiPoint"",""coordinates"":[]}"
413_0000000000000000001f,121375681,479216672,41860,H6,075,00277302,488,C,06075,+37.7272391,-123.0322294,06,41884,G4020,San Francisco,San Francisco County,06,2023-02-18,68.8491145636644,1676678400000,"{""type"":""MultiPoint"",""coordinates"":[]}"
414_00000000000000000021,1857233047,225282636,41860,H1,013,01675903,488,A,06013,+37.9194790,-121.9515431,06,36084,G4020,Contra Costa,Contra Costa County,06,2023-02-19,57.007581976789595,1676764800000,"{""type"":""MultiPoint"",""coordinates"":[]}"
414_00000000000000000023,1909598013,216923745,41860,H1,001,01675839,488,A,06001,+37.6471385,-121.9124880,06,36084,G4020,Alameda,Alameda County,06,2023-02-19,50.63662790939009,1676764800000,"{""type"":""MultiPoint"",""coordinates"":[]}"
414_0000000000000000001f,121375681,479216672,41860,H6,075,00277302,488,C,06075,+37.7272391,-123.0322294,06,41884,G4020,San Francisco,San Francisco County,06,2023-02-19,69.88865196341561,1676764800000,"{""type"":""MultiPoint"",""coordinates"":[]}"
415_00000000000000000021,1857233047,225282636,41860,H1,013,01675903,488,A,06013,+37.9194790,-121.9515431,06,36084,G4020,Contra Costa,Contra Costa County,06,2023-02-20,69.47934282129819,1676851200000,"{""type"":""MultiPoint"",""coordinates"":[]}"
415_00000000000000000023,1909598013,216923745,41860,H1,001,01675839,488,A,06001,+37.6471385,-121.9124880,06,36084,G4020,Alameda,Alameda County,06,2023-02-20,59.81638487399781,1676851200000,"{""type"":""MultiPoint"",""coordinates"":[]}"
415_0000000000000000001f,121375681,479216672,41860,H6,075,00277302,488,C,06075,+37.7272391,-123.0322294,06,41884,G4020,San Francisco,San Francisco County,06,2023-02-20,81.4698321086373,1676851200000,"{""type"":""MultiPoint"",""coordinates"":[]}"
416_00000000000000000021,1857233047,225282636,41860,H1,013,01675903,488,A,06013,+37.9194790,-121.9515431,06,36084,G4020,Contra Costa,Contra Costa County,06,2023-02-21,75.07995265662254,1676937600000,"{""type"":""MultiPoint"",""coordinates"":[]}"
416_00000000000000000023,1909598013,216923745,41860,H1,001,01675839,488,A,06001,+37.6471385,-121.9124880,06,36084,G4020,Alameda,Alameda County,06,2023-02-21,74.19701364961143,1676937600000,"{""type"":""MultiPoint"",""coordinates"":[]}"
416_0000000000000000001f,121375681,479216672,41860,H6,075,00277302,488,C,06075,+37.7272391,-123.0322294,06,41884,G4020,San Francisco,San Francisco County,06,2023-02-21,80.82310956935844,1676937600000,"{""type"":""MultiPoint"",""coordinates"":[]}"
417_00000000000000000021,1857233047,225282636,41860,H1,013,01675903,488,A,06013,+37.9194790,-121.9515431,06,36084,G4020,Contra Costa,Contra Costa County,06,2023-02-22,57.54935922506912,1677024000000,"{""type"":""MultiPoint"",""coordinates"":[]}"
417_00000000000000000023,1909598013,216923745,41860,H1,001,01675839,488,A,06001,+37.6471385,-121.9124880,06,36084,G4020,Alameda,Alameda County,06,2023-02-22,64.57382403544081,1677024000000,"{""type"":""MultiPoint"",""coordinates"":[]}"
417_0000000000000000001f,121375681,479216672,41860,H6,075,00277302,488,C,06075,+37.7272391,-123.0322294,06,41884,G4020,San Francisco,San Francisco County,06,2023-02-22,64.68937611409379,1677024000000,"{""type"":""MultiPoint"",""coordinates"":[]}"
418_00000000000000000021,1857233047,225282636,41860,H1,013,01675903,488,A,06013,+37.9194790,-121.9515431,06,36084,G4020,Contra Costa,Contra Costa County,06,2023-02-23,71.38828174648523,1677110400000,"{""type"":""MultiPoint"",""coordinates"":[]}"
418_00000000000000000023,1909598013,216923745,41860,H1,001,01675839,488,A,06001,+37.6471385,-121.9124880,06,36084,G4020,Alameda,Alameda County,06,2023-02-23,75.16257294422873,1677110400000,"{""type"":""MultiPoint"",""coordinates"":[]}"
418_0000000000000000001f,121375681,479216672,41860,H6,075,00277302,488,C,06075,+37.7272391,-123.0322294,06,41884,G4020,San Francisco,San Francisco County,06,2023-02-23,74.21605920691144,1677110400000,"{""type"":""MultiPoint"",""coordinates"":[]}"
419_00000000000000000021,1857233047,225282636,41860,H1,013,01675903,488,A,06013,+37.9194790,-121.9515431,06,36084,G4020,Contra Costa,Contra Costa County,06,2023-02-24,85.30243108562424,1677196800000,"{""type"":""MultiPoint"",""coordinates"":[]}"
419_00000000000000000023,1909598013,216923745,41860,H1,001,01675839,488,A,06001,+37.6471385,-121.9124880,06,36084,G4020,Alameda,Alameda County,06,2023-02-24,87.92368352901804,1677196800000,"{""type"":""MultiPoint"",""coordinates"":[]}"
419_0000000000000000001f,121375681,479216672,41860,H6,075,00277302,488,C,06075,+37.7272391,-123.0322294,06,41884,G4020,San Francisco,San Francisco County,06,2023-02-24,85.836742928049,1677196800000,"{""type"":""MultiPoint"",""coordinates"":[]}"
420_00000000000000000021,1857233047,225282636,41860,H1,013,01675903,488,A,06013,+37.9194790,-121.9515431,06,36084,G4020,Contra Costa,Contra Costa County,06,2023-02-25,87.97490055361223,1677283200000,"{""type"":""MultiPoint"",""coordinates"":[]}"
420_00000000000000000023,1909598013,216923745,41860,H1,001,01675839,488,A,06001,+37.6471385,-121.9124880,06,36084,G4020,Alameda,Alameda County,06,2023-02-25,86.71719775671802,1677283200000,"{""type"":""MultiPoint"",""coordinates"":[]}"
420_0000000000000000001f,121375681,479216672,41860,H6,075,00277302,488,C,06075,+37.7272391,-123.0322294,06,41884,G4020,San Francisco,San Francisco County,06,2023-02-25,83.75774110069028,1677283200000,"{""type"":""MultiPoint"",""coordinates"":[]}"
421_00000000000000000021,1857233047,225282636,41860,H1,013,01675903,488,A,06013,+37.9194790,-121.9515431,06,36084,G4020,Contra Costa,Contra Costa County,06,2023-02-26,82.51393754740273,1677369600000,"{""type"":""MultiPoint"",""coordinates"":[]}"
421_00000000000000000023,1909598013,216923745,41860,H1,001,01675839,488,A,06001,+37.6471385,-121.9124880,06,36084,G4020,Alameda,Alameda County,06,2023-02-26,83.30845404839023,1677369600000,"{""type"":""MultiPoint"",""coordinates"":[]}"
421_0000000000000000001f,121375681,479216672,41860,H6,075,00277302,488,C,06075,+37.7272391,-123.0322294,06,41884,G4020,San Francisco,San Francisco County,06,2023-02-26,81.98366253247092,1677369600000,"{""type"":""MultiPoint"",""coordinates"":[]}"
422_00000000000000000021,1857233047,225282636,41860,H1,013,01675903,488,A,06013,+37.9194790,-121.9515431,06,36084,G4020,Contra Costa,Contra Costa County,06,2023-02-27,87.45614596595505,1677456000000,"{""type"":""MultiPoint"",""coordinates"":[]}"
422_00000000000000000023,1909598013,216923745,41860,H1,001,01675839,488,A,06001,+37.6471385,-121.9124880,06,36084,G4020,Alameda,Alameda County,06,2023-02-27,90.07448398859837,1677456000000,"{""type"":""MultiPoint"",""coordinates"":[]}"
422_0000000000000000001f,121375681,479216672,41860,H6,075,00277302,488,C,06075,+37.7272391,-123.0322294,06,41884,G4020,San Francisco,San Francisco County,06,2023-02-27,81.608408363409,1677456000000,"{""type"":""MultiPoint"",""coordinates"":[]}"
423_00000000000000000021,1857233047,225282636,41860,H1,013,01675903,488,A,06013,+37.9194790,-121.9515431,06,36084,G4020,Contra Costa,Contra Costa County,06,2023-02-28,85.90990124874304,1677542400000,"{""type"":""MultiPoint"",""coordinates"":[]}"
423_00000000000000000023,1909598013,216923745,41860,H1,001,01675839,488,A,06001,+37.6471385,-121.9124880,06,36084,G4020,Alameda,Alameda County,06,2023-02-28,89.20474282675723,1677542400000,"{""type"":""MultiPoint"",""coordinates"":[]}"
423_0000000000000000001f,121375681,479216672,41860,H6,075,00277302,488,C,06075,+37.7272391,-123.0322294,06,41884,G4020,San Francisco,San Francisco County,06,2023-02-28,81.96637703248771,1677542400000,"{""type"":""MultiPoint"",""coordinates"":[]}"
424_00000000000000000021,1857233047,225282636,41860,H1,013,01675903,488,A,06013,+37.9194790,-121.9515431,06,36084,G4020,Contra Costa,Contra Costa County,06,2023-03-01,70.16774279642073,1677628800000,"{""type"":""MultiPoint"",""coordinates"":[]}"
424_00000000000000000023,1909598013,216923745,41860,H1,001,01675839,488,A,06001,+37.6471385,-121.9124880,06,36084,G4020,Alameda,Alameda County,06,2023-03-01,74.82569610775711,1677628800000,"{""type"":""MultiPoint"",""coordinates"":[]}"
424_0000000000000000001f,121375681,479216672,41860,H6,075,00277302,488,C,06075,+37.7272391,-123.0322294,06,41884,G4020,San Francisco,San Francisco County,06,2023-03-01,70.28988266025989,1677628800000,"{""type"":""MultiPoint"",""coordinates"":[]}"
425_00000000000000000021,1857233047,225282636,41860,H1,013,01675903,488,A,06013,+37.9194790,-121.9515431,06,36084,G4020,Contra Costa,Contra Costa County,06,2023-03-02,49.06549294946974,1677715200000,"{""type"":""MultiPoint"",""coordinates"":[]}"
425_00000000000000000023,1909598013,216923745,41860,H1,001,01675839,488,A,06001,+37.6471385,-121.9124880,06,36084,G4020,Alameda,Alameda County,06,2023-03-02,49.775173002732366,1677715200000,"{""type"":""MultiPoint"",""coordinates"":[]}"
425_0000000000000000001f,121375681,479216672,41860,H6,075,00277302,488,C,06075,+37.7272391,-123.0322294,06,41884,G4020,San Francisco,San Francisco County,06,2023-03-02,65.22888218088283,1677715200000,"{""type"":""MultiPoint"",""coordinates"":[]}"
426_00000000000000000021,1857233047,225282636,41860,H1,013,01675903,488,A,06013,+37.9194790,-121.9515431,06,36084,G4020,Contra Costa,Contra Costa County,06,2023-03-03,81.8376299917446,1677801600000,"{""type"":""MultiPoint"",""coordinates"":[]}"
426_00000000000000000023,1909598013,216923745,41860,H1,001,01675839,488,A,06001,+37.6471385,-121.9124880,06,36084,G4020,Alameda,Alameda County,06,2023-03-03,83.92845377522198,1677801600000,"{""type"":""MultiPoint"",""coordinates"":[]}"
426_0000000000000000001f,121375681,479216672,41860,H6,075,00277302,488,C,06075,+37.7272391,-123.0322294,06,41884,G4020,San Francisco,San Francisco County,06,2023-03-03,82.65500713769026,1677801600000,"{""type"":""MultiPoint"",""coordinates"":[]}"
427_00000000000000000021,1857233047,225282636,41860,H1,013,01675903,488,A,06013,+37.9194790,-121.9515431,06,36084,G4020,Contra Costa,Contra Costa County,06,2023-03-04,74.67733558876954,1677888000000,"{""type"":""MultiPoint"",""coordinates"":[]}"
427_00000000000000000023,1909598013,216923745,41860,H1,001,01675839,488,A,06001,+37.6471385,-121.9124880,06,36084,G4020,Alameda,Alameda County,06,2023-03-04,80.02752944476038,1677888000000,"{""type"":""MultiPoint"",""coordinates"":[]}"
427_0000000000000000001f,121375681,479216672,41860,H6,075,00277302,488,C,06075,+37.7272391,-123.0322294,06,41884,G4020,San Francisco,San Francisco County,06,2023-03-04,76.24774215536576,1677888000000,"{""type"":""MultiPoint"",""coordinates"":[]}"
428_00000000000000000021,1857233047,225282636,41860,H1,013,01675903,488,A,06013,+37.9194790,-121.9515431,06,36084,G4020,Contra Costa,Contra Costa County,06,2023-03-05,74.09659236576374,1677974400000,"{""type"":""MultiPoint"",""coordinates"":[]}"
428_00000000000000000023,1909598013,216923745,41860,H1,001,01675839,488,A,06001,+37.6471385,-121.9124880,06,36084,G4020,Alameda,Alameda County,06,2023-03-05,78.64423961064256,1677974400000,"{""type"":""MultiPoint"",""coordinates"":[]}"
428_0000000000000000001f,121375681,479216672,41860,H6,075,00277302,488,C,06075,+37.7272391,-123.0322294,06,41884,G4020,San Francisco,San Francisco County,06,2023-03-05,71.32658416386448,1677974400000,"{""type"":""MultiPoint"",""coordinates"":[]}"
429_00000000000000000021,1857233047,225282636,41860,H1,013,01675903,488,A,06013,+37.9194790,-121.9515431,06,36084,G4020,Contra Costa,Contra Costa County,06,2023-03-06,79.35918769133396,1678060800000,"{""type"":""MultiPoint"",""coordinates"":[]}"
429_00000000000000000023,1909598013,216923745,41860,H1,001,01675839,488,A,06001,+37.6471385,-121.9124880,06,36084,G4020,Alameda,Alameda County,06,2023-03-06,80.32903972593694,1678060800000,"{""type"":""MultiPoint"",""coordinates"":[]}"
429_0000000000000000001f,121375681,479216672,41860,H6,075,00277302,488,C,06075,+37.7272391,-123.0322294,06,41884,G4020,San Francisco,San Francisco County,06,2023-03-06,80.94143677257335,1678060800000,"{""type"":""MultiPoint"",""coordinates"":[]}"
430_00000000000000000021,1857233047,225282636,41860,H1,013,01675903,488,A,06013,+37.9194790,-121.9515431,06,36084,G4020,Contra Costa,Contra Costa County,06,2023-03-07,77.9529499758869,1678147200000,"{""type"":""MultiPoint"",""coordinates"":[]}"
430_00000000000000000023,1909598013,216923745,41860,H1,001,01675839,488,A,06001,+37.6471385,-121.9124880,06,36084,G4020,Alameda,Alameda County,06,2023-03-07,78.5475760628956,1678147200000,"{""type"":""MultiPoint"",""coordinates"":[]}"
430_0000000000000000001f,121375681,479216672,41860,H6,075,00277302,488,C,06075,+37.7272391,-123.0322294,06,41884,G4020,San Francisco,San Francisco County,06,2023-03-07,77.98255255249747,1678147200000,"{""type"":""MultiPoint"",""coordinates"":[]}"
431_00000000000000000021,1857233047,225282636,41860,H1,013,01675903,488,A,06013,+37.9194790,-121.9515431,06,36084,G4020,Contra Costa,Contra Costa County,06,2023-03-08,72.89481349818632,1678233600000,"{""type"":""MultiPoint"",""coordinates"":[]}"
431_00000000000000000023,1909598013,216923745,41860,H1,001,01675839,488,A,06001,+37.6471385,-121.9124880,06,36084,G4020,Alameda,Alameda County,06,2023-03-08,76.27674516101854,1678233600000,"{""type"":""MultiPoint"",""coordinates"":[]}"
431_0000000000000000001f,121375681,479216672,41860,H6,075,00277302,488,C,06075,+37.7272391,-123.0322294,06,41884,G4020,San Francisco,San Francisco County,06,2023-03-08,73.45688973867584,1678233600000,"{""type"":""MultiPoint"",""coordinates"":[]}"
432_00000000000000000021,1857233047,225282636,41860,H1,013,01675903,488,A,06013,+37.9194790,-121.9515431,06,36084,G4020,Contra Costa,Contra Costa County,06,2023-03-09,78.89330054016645,1678320000000,"{""type"":""MultiPoint"",""coordinates"":[]}"
432_00000000000000000023,1909598013,216923745,41860,H1,001,01675839,488,A,06001,+37.6471385,-121.9124880,06,36084,G4020,Alameda,Alameda County,06,2023-03-09,79.94056231367568,1678320000000,"{""type"":""MultiPoint"",""coordinates"":[]}"
432_0000000000000000001f,121375681,479216672,41860,H6,075,00277302,488,C,06075,+37.7272391,-123.0322294,06,41884,G4020,San Francisco,San Francisco County,06,2023-03-09,80.07276275224882,1678320000000,"{""type"":""MultiPoint"",""coordinates"":[]}"
433_00000000000000000021,1857233047,225282636,41860,H1,013,01675903,488,A,06013,+37.9194790,-121.9515431,06,36084,G4020,Contra Costa,Contra Costa County,06,2023-03-10,85.84045231764357,1678406400000,"{""type"":""MultiPoint"",""coordinates"":[]}"
433_00000000000000000023,1909598013,216923745,41860,H1,001,01675839,488,A,06001,+37.6471385,-121.9124880,06,36084,G4020,Alameda,Alameda County,06,2023-03-10,89.78478773291907,1678406400000,"{""type"":""MultiPoint"",""coordinates"":[]}"
433_0000000000000000001f,121375681,479216672,41860,H6,075,00277302,488,C,06075,+37.7272391,-123.0322294,06,41884,G4020,San Francisco,San Francisco County,06,2023-03-10,87.31098376720252,1678406400000,"{""type"":""MultiPoint"",""coordinates"":[]}"
434_00000000000000000021,1857233047,225282636,41860,H1,013,01675903,488,A,06013,+37.9194790,-121.9515431,06,36084,G4020,Contra Costa,Contra Costa County,06,2023-03-11,86.39960226267505,1678492800000,"{""type"":""MultiPoint"",""coordinates"":[]}"
434_00000000000000000023,1909598013,216923745,41860,H1,001,01675839,488,A,06001,+37.6471385,-121.9124880,06,36084,G4020,Alameda,Alameda County,06,2023-03-11,90.04329327812273,1678492800000,"{""type"":""MultiPoint"",""coordinates"":[]}"
434_0000000000000000001f,121375681,479216672,41860,H6,075,00277302,488,C,06075,+37.7272391,-123.0322294,06,41884,G4020,San Francisco,San Francisco County,06,2023-03-11,86.84757297171183,1678492800000,"{""type"":""MultiPoint"",""coordinates"":[]}"
435_00000000000000000021,1857233047,225282636,41860,H1,013,01675903,488,A,06013,+37.9194790,-121.9515431,06,36084,G4020,Contra Costa,Contra Costa County,06,2023-03-12,91.96467747747063,1678579200000,"{""type"":""MultiPoint"",""coordinates"":[]}"
435_00000000000000000023,1909598013,216923745,41860,H1,001,01675839,488,A,06001,+37.6471385,-121.9124880,06,36084,G4020,Alameda,Alameda County,06,2023-03-12,92.82287026985128,1678579200000,"{""type"":""MultiPoint"",""coordinates"":[]}"
435_0000000000000000001f,121375681,479216672,41860,H6,075,00277302,488,C,06075,+37.7272391,-123.0322294,06,41884,G4020,San Francisco,San Francisco County,06,2023-03-12,94.45048799523205,1678579200000,"{""type"":""MultiPoint"",""coordinates"":[]}"
436_00000000000000000021,1857233047,225282636,41860,H1,013,01675903,488,A,06013,+37.9194790,-121.9515431,06,36084,G4020,Contra Costa,Contra Costa County,06,2023-03-13,86.83136355383,1678665600000,"{""type"":""MultiPoint"",""coordinates"":[]}"
436_00000000000000000023,1909598013,216923745,41860,H1,001,01675839,488,A,06001,+37.6471385,-121.9124880,06,36084,G4020,Alameda,Alameda County,06,2023-03-13,87.44355299662584,1678665600000,"{""type"":""MultiPoint"",""coordinates"":[]}"
436_0000000000000000001f,121375681,479216672,41860,H6,075,00277302,488,C,06075,+37.7272391,-123.0322294,06,41884,G4020,San Francisco,San Francisco County,06,2023-03-13,92.54146336667714,1678665600000,"{""type"":""MultiPoint"",""coordinates"":[]}"
437_00000000000000000021,1857233047,225282636,41860,H1,013,01675903,488,A,06013,+37.9194790,-121.9515431,06,36084,G4020,Contra Costa,Contra Costa County,06,2023-03-14,87.66125158099754,1678752000000,"{""type"":""MultiPoint"",""coordinates"":[]}"
437_00000000000000000023,1909598013,216923745,41860,H1,001,01675839,488,A,06001,+37.6471385,-121.9124880,06,36084,G4020,Alameda,Alameda County,06,2023-03-14,88.53284295925413,1678752000000,"{""type"":""MultiPoint"",""coordinates"":[]}"
437_0000000000000000001f,121375681,479216672,41860,H6,075,00277302,488,C,06075,+37.7272391,-123.0322294,06,41884,G4020,San Francisco,San Francisco County,06,2023-03-14,91.98965320041748,1678752000000,"{""type"":""MultiPoint"",""coordinates"":[]}"
438_00000000000000000021,1857233047,225282636,41860,H1,013,01675903,488,A,06013,+37.9194790,-121.9515431,06,36084,G4020,Contra Costa,Contra Costa County,06,2023-03-15,77.8642979546961,1678838400000,"{""type"":""MultiPoint"",""coordinates"":[]}"
438_00000000000000000023,1909598013,216923745,41860,H1,001,01675839,488,A,06001,+37.6471385,-121.9124880,06,36084,G4020,Alameda,Alameda County,06,2023-03-15,81.09678428319697,1678838400000,"{""type"":""MultiPoint"",""coordinates"":[]}"
438_0000000000000000001f,121375681,479216672,41860,H6,075,00277302,488,C,06075,+37.7272391,-123.0322294,06,41884,G4020,San Francisco,San Francisco County,06,2023-03-15,77.66446511704807,1678838400000,"{""type"":""MultiPoint"",""coordinates"":[]}"
439_00000000000000000021,1857233047,225282636,41860,H1,013,01675903,488,A,06013,+37.9194790,-121.9515431,06,36084,G4020,Contra Costa,Contra Costa County,06,2023-03-16,76.40129929764578,1678924800000,"{""type"":""MultiPoint"",""coordinates"":[]}"
439_00000000000000000023,1909598013,216923745,41860,H1,001,01675839,488,A,06001,+37.6471385,-121.9124880,06,36084,G4020,Alameda,Alameda County,06,2023-03-16,76.27708147159669,1678924800000,"{""type"":""MultiPoint"",""coordinates"":[]}"
439_0000000000000000001f,121375681,479216672,41860,H6,075,00277302,488,C,06075,+37.7272391,-123.0322294,06,41884,G4020,San Francisco,San Francisco County,06,2023-03-16,83.37151685685598,1678924800000,"{""type"":""MultiPoint"",""coordinates"":[]}"
440_00000000000000000021,1857233047,225282636,41860,H1,013,01675903,488,A,06013,+37.9194790,-121.9515431,06,36084,G4020,Contra Costa,Contra Costa County,06,2023-03-17,78.89244404264143,1679011200000,"{""type"":""MultiPoint"",""coordinates"":[]}"
440_00000000000000000023,1909598013,216923745,41860,H1,001,01675839,488,A,06001,+37.6471385,-121.9124880,06,36084,G4020,Alameda,Alameda County,06,2023-03-17,76.60226969443852,1679011200000,"{""type"":""MultiPoint"",""coordinates"":[]}"
440_0000000000000000001f,121375681,479216672,41860,H6,075,00277302,488,C,06075,+37.7272391,-123.0322294,06,41884,G4020,San Francisco,San Francisco County,06,2023-03-17,82.9645579670563,1679011200000,"{""type"":""MultiPoint"",""coordinates"":[]}"
441_00000000000000000021,1857233047,225282636,41860,H1,013,01675903,488,A,06013,+37.9194790,-121.9515431,06,36084,G4020,Contra Costa,Contra Costa County,06,2023-03-18,76.4110946862958,1679097600000,"{""type"":""MultiPoint"",""coordinates"":[]}"
441_00000000000000000023,1909598013,216923745,41860,H1,001,01675839,488,A,06001,+37.6471385,-121.9124880,06,36084,G4020,Alameda,Alameda County,06,2023-03-18,71.31501353814451,1679097600000,"{""type"":""MultiPoint"",""coordinates"":[]}"
441_0000000000000000001f,121375681,479216672,41860,H6,075,00277302,488,C,06075,+37.7272391,-123.0322294,06,41884,G4020,San Francisco,San Francisco County,06,2023-03-18,83.25695676550271,1679097600000,"{""type"":""MultiPoint"",""coordinates"":[]}"
442_00000000000000000021,1857233047,225282636,41860,H1,013,01675903,488,A,06013,+37.9194790,-121.9515431,06,36084,G4020,Contra Costa,Contra Costa County,06,2023-03-19,80.44997598110992,1679184000000,"{""type"":""MultiPoint"",""coordinates"":[]}"
442_00000000000000000023,1909598013,216923745,41860,H1,001,01675839,488,A,06001,+37.6471385,-121.9124880,06,36084,G4020,Alameda,Alameda County,06,2023-03-19,77.90694652543934,1679184000000,"{""type"":""MultiPoint"",""coordinates"":[]}"
442_0000000000000000001f,121375681,479216672,41860,H6,075,00277302,488,C,06075,+37.7272391,-123.0322294,06,41884,G4020,San Francisco,San Francisco County,06,2023-03-19,81.37145354009573,1679184000000,"{""type"":""MultiPoint"",""coordinates"":[]}"
443_00000000000000000021,1857233047,225282636,41860,H1,013,01675903,488,A,06013,+37.9194790,-121.9515431,06,36084,G4020,Contra Costa,Contra Costa County,06,2023-03-20,78.72553519837132,1679270400000,"{""type"":""MultiPoint"",""coordinates"":[]}"
443_00000000000000000023,1909598013,216923745,41860,H1,001,01675839,488,A,06001,+37.6471385,-121.9124880,06,36084,G4020,Alameda,Alameda County,06,2023-03-20,81.07129068395372,1679270400000,"{""type"":""MultiPoint"",""coordinates"":[]}"
443_0000000000000000001f,121375681,479216672,41860,H6,075,00277302,488,C,06075,+37.7272391,-123.0322294,06,41884,G4020,San Francisco,San Francisco County,06,2023-03-20,77.99093057334049,1679270400000,"{""type"":""MultiPoint"",""coordinates"":[]}"
444_00000000000000000021,1857233047,225282636,41860,H1,013,01675903,488,A,06013,+37.9194790,-121.9515431,06,36084,G4020,Contra Costa,Contra Costa County,06,2023-03-21,77.01725379065128,1679356800000,"{""type"":""MultiPoint"",""coordinates"":[]}"
444_00000000000000000023,1909598013,216923745,41860,H1,001,01675839,488,A,06001,+37.6471385,-121.9124880,06,36084,G4020,Alameda,Alameda County,06,2023-03-21,79.51097699441294,1679356800000,"{""type"":""MultiPoint"",""coordinates"":[]}"
444_0000000000000000001f,121375681,479216672,41860,H6,075,00277302,488,C,06075,+37.7272391,-123.0322294,06,41884,G4020,San Francisco,San Francisco County,06,2023-03-21,77.84848771125512,1679356800000,"{""type"":""MultiPoint"",""coordinates"":[]}"
445_00000000000000000021,1857233047,225282636,41860,H1,013,01675903,488,A,06013,+37.9194790,-121.9515431,06,36084,G4020,Contra Costa,Contra Costa County,06,2023-03-22,82.87954186752549,1679443200000,"{""type"":""MultiPoint"",""coordinates"":[]}"
445_00000000000000000023,1909598013,216923745,41860,H1,001,01675839,488,A,06001,+37.6471385,-121.9124880,06,36084,G4020,Alameda,Alameda County,06,2023-03-22,85.18670976903357,1679443200000,"{""type"":""MultiPoint"",""coordinates"":[]}"
445_0000000000000000001f,121375681,479216672,41860,H6,075,00277302,488,C,06075,+37.7272391,-123.0322294,06,41884,G4020,San Francisco,San Francisco County,06,2023-03-22,83.49486036053274,1679443200000,"{""type"":""MultiPoint"",""coordinates"":[]}"
446_00000000000000000021,1857233047,225282636,41860,H1,013,01675903,488,A,06013,+37.9194790,-121.9515431,06,36084,G4020,Contra Costa,Contra Costa County,06,2023-03-23,76.68130969714284,1679529600000,"{""type"":""MultiPoint"",""coordinates"":[]}"
446_00000000000000000023,1909598013,216923745,41860,H1,001,01675839,488,A,06001,+37.6471385,-121.9124880,06,36084,G4020,Alameda,Alameda County,06,2023-03-23,80.93335207524485,1679529600000,"{""type"":""MultiPoint"",""coordinates"":[]}"
446_0000000000000000001f,121375681,479216672,41860,H6,075,00277302,488,C,06075,+37.7272391,-123.0322294,06,41884,G4020,San Francisco,San Francisco County,06,2023-03-23,78.34966087449959,1679529600000,"{""type"":""MultiPoint"",""coordinates"":[]}"
447_00000000000000000021,1857233047,225282636,41860,H1,013,01675903,488,A,06013,+37.9194790,-121.9515431,06,36084,G4020,Contra Costa,Contra Costa County,06,2023-03-24,63.18173322672768,1679616000000,"{""type"":""MultiPoint"",""coordinates"":[]}"
447_00000000000000000023,1909598013,216923745,41860,H1,001,01675839,488,A,06001,+37.6471385,-121.9124880,06,36084,G4020,Alameda,Alameda County,06,2023-03-24,67.27242909219464,1679616000000,"{""type"":""MultiPoint"",""coordinates"":[]}"
447_0000000000000000001f,121375681,479216672,41860,H6,075,00277302,488,C,06075,+37.7272391,-123.0322294,06,41884,G4020,San Francisco,San Francisco County,06,2023-03-24,66.12954354063415,1679616000000,"{""type"":""MultiPoint"",""coordinates"":[]}"
448_00000000000000000021,1857233047,225282636,41860,H1,013,01675903,488,A,06013,+37.9194790,-121.9515431,06,36084,G4020,Contra Costa,Contra Costa County,06,2023-03-25,60.10564825663002,1679702400000,"{""type"":""MultiPoint"",""coordinates"":[]}"
448_00000000000000000023,1909598013,216923745,41860,H1,001,01675839,488,A,06001,+37.6471385,-121.9124880,06,36084,G4020,Alameda,Alameda County,06,2023-03-25,65.05299995393078,1679702400000,"{""type"":""MultiPoint"",""coordinates"":[]}"
448_0000000000000000001f,121375681,479216672,41860,H6,075,00277302,488,C,06075,+37.7272391,-123.0322294,06,41884,G4020,San Francisco,San Francisco County,06,2023-03-25,64.88542530201433,1679702400000,"{""type"":""MultiPoint"",""coordinates"":[]}"
449_00000000000000000021,1857233047,225282636,41860,H1,013,01675903,488,A,06013,+37.9194790,-121.9515431,06,36084,G4020,Contra Costa,Contra Costa County,06,2023-03-26,59.50333752841869,1679788800000,"{""type"":""MultiPoint"",""coordinates"":[]}"
449_00000000000000000023,1909598013,216923745,41860,H1,001,01675839,488,A,06001,+37.6471385,-121.9124880,06,36084,G4020,Alameda,Alameda County,06,2023-03-26,64.17442298813474,1679788800000,"{""type"":""MultiPoint"",""coordinates"":[]}"
449_0000000000000000001f,121375681,479216672,41860,H6,075,00277302,488,C,06075,+37.7272391,-123.0322294,06,41884,G4020,San Francisco,San Francisco County,06,2023-03-26,63.99367680243978,1679788800000,"{""type"":""MultiPoint"",""coordinates"":[]}"
450_00000000000000000021,1857233047,225282636,41860,H1,013,01675903,488,A,06013,+37.9194790,-121.9515431,06,36084,G4020,Contra Costa,Contra Costa County,06,2023-03-27,65.70729483374322,1679875200000,"{""type"":""MultiPoint"",""coordinates"":[]}"
450_00000000000000000023,1909598013,216923745,41860,H1,001,01675839,488,A,06001,+37.6471385,-121.9124880,06,36084,G4020,Alameda,Alameda County,06,2023-03-27,62.38386267178194,1679875200000,"{""type"":""MultiPoint"",""coordinates"":[]}"
450_0000000000000000001f,121375681,479216672,41860,H6,075,00277302,488,C,06075,+37.7272391,-123.0322294,06,41884,G4020,San Francisco,San Francisco County,06,2023-03-27,70.35298154899569,1679875200000,"{""type"":""MultiPoint"",""coordinates"":[]}"
451_00000000000000000021,1857233047,225282636,41860,H1,013,01675903,488,A,06013,+37.9194790,-121.9515431,06,36084,G4020,Contra Costa,Contra Costa County,06,2023-03-28,76.1524794382505,1679961600000,"{""type"":""MultiPoint"",""coordinates"":[]}"
451_00000000000000000023,1909598013,216923745,41860,H1,001,01675839,488,A,06001,+37.6471385,-121.9124880,06,36084,G4020,Alameda,Alameda County,06,2023-03-28,75.341575244391,1679961600000,"{""type"":""MultiPoint"",""coordinates"":[]}"
451_0000000000000000001f,121375681,479216672,41860,H6,075,00277302,488,C,06075,+37.7272391,-123.0322294,06,41884,G4020,San Francisco,San Francisco County,06,2023-03-28,78.64367816896987,1679961600000,"{""type"":""MultiPoint"",""coordinates"":[]}"
452_00000000000000000021,1857233047,225282636,41860,H1,013,01675903,488,A,06013,+37.9194790,-121.9515431,06,36084,G4020,Contra Costa,Contra Costa County,06,2023-03-29,84.32626437202985,1680048000000,"{""type"":""MultiPoint"",""coordinates"":[]}"
452_00000000000000000023,1909598013,216923745,41860,H1,001,01675839,488,A,06001,+37.6471385,-121.9124880,06,36084,G4020,Alameda,Alameda County,06,2023-03-29,87.29194431536183,1680048000000,"{""type"":""MultiPoint"",""coordinates"":[]}"
452_0000000000000000001f,121375681,479216672,41860,H6,075,00277302,488,C,06075,+37.7272391,-123.0322294,06,41884,G4020,San Francisco,San Francisco County,06,2023-03-29,82.72141042876163,1680048000000,"{""type"":""MultiPoint"",""coordinates"":[]}"
453_00000000000000000021,1857233047,225282636,41860,H1,013,01675903,488,A,06013,+37.9194790,-121.9515431,06,36084,G4020,Contra Costa,Contra Costa County,06,2023-03-30,80.85484774125952,1680134400000,"{""type"":""MultiPoint"",""coordinates"":[]}"
453_00000000000000000023,1909598013,216923745,41860,H1,001,01675839,488,A,06001,+37.6471385,-121.9124880,06,36084,G4020,Alameda,Alameda County,06,2023-03-30,81.1803709487834,1680134400000,"{""type"":""MultiPoint"",""coordinates"":[]}"
453_0000000000000000001f,121375681,479216672,41860,H6,075,00277302,488,C,06075,+37.7272391,-123.0322294,06,41884,G4020,San Francisco,San Francisco County,06,2023-03-30,82.61977704175727,1680134400000,"{""type"":""MultiPoint"",""coordinates"":[]}"
454_00000000000000000021,1857233047,225282636,41860,H1,013,01675903,488,A,06013,+37.9194790,-121.9515431,06,36084,G4020,Contra Costa,Contra Costa County,06,2023-03-31,76.10209954754292,1680220800000,"{""type"":""MultiPoint"",""coordinates"":[]}"
454_00000000000000000023,1909598013,216923745,41860,H1,001,01675839,488,A,06001,+37.6471385,-121.9124880,06,36084,G4020,Alameda,Alameda County,06,2023-03-31,75.99560307637836,1680220800000,"{""type"":""MultiPoint"",""coordinates"":[]}"
454_0000000000000000001f,121375681,479216672,41860,H6,075,00277302,488,C,06075,+37.7272391,-123.0322294,06,41884,G4020,San Francisco,San Francisco County,06,2023-03-31,77.36712593794574,1680220800000,"{""type"":""MultiPoint"",""coordinates"":[]}"
455_00000000000000000021,1857233047,225282636,41860,H1,013,01675903,488,A,06013,+37.9194790,-121.9515431,06,36084,G4020,Contra Costa,Contra Costa County,06,2023-04-01,75.90650623701897,1680307200000,"{""type"":""MultiPoint"",""coordinates"":[]}"
455_00000000000000000023,1909598013,216923745,41860,H1,001,01675839,488,A,06001,+37.6471385,-121.9124880,06,36084,G4020,Alameda,Alameda County,06,2023-04-01,74.46367673962787,1680307200000,"{""type"":""MultiPoint"",""coordinates"":[]}"
455_0000000000000000001f,121375681,479216672,41860,H6,075,00277302,488,C,06075,+37.7272391,-123.0322294,06,41884,G4020,San Francisco,San Francisco County,06,2023-04-01,79.80958646838285,1680307200000,"{""type"":""MultiPoint"",""coordinates"":[]}"
456_00000000000000000021,1857233047,225282636,41860,H1,013,01675903,488,A,06013,+37.9194790,-121.9515431,06,36084,G4020,Contra Costa,Contra Costa County,06,2023-04-02,74.9239922767323,1680393600000,"{""type"":""MultiPoint"",""coordinates"":[]}"
456_00000000000000000023,1909598013,216923745,41860,H1,001,01675839,488,A,06001,+37.6471385,-121.9124880,06,36084,G4020,Alameda,Alameda County,06,2023-04-02,77.01088983744964,1680393600000,"{""type"":""MultiPoint"",""coordinates"":[]}"
456_0000000000000000001f,121375681,479216672,41860,H6,075,00277302,488,C,06075,+37.7272391,-123.0322294,06,41884,G4020,San Francisco,San Francisco County,06,2023-04-02,77.83177042981437,1680393600000,"{""type"":""MultiPoint"",""coordinates"":[]}"
457_00000000000000000021,1857233047,225282636,41860,H1,013,01675903,488,A,06013,+37.9194790,-121.9515431,06,36084,G4020,Contra Costa,Contra Costa County,06,2023-04-03,58.275749270018906,1680480000000,"{""type"":""MultiPoint"",""coordinates"":[]}"
457_00000000000000000023,1909598013,216923745,41860,H1,001,01675839,488,A,06001,+37.6471385,-121.9124880,06,36084,G4020,Alameda,Alameda County,06,2023-04-03,63.25201302492274,1680480000000,"{""type"":""MultiPoint"",""coordinates"":[]}"
457_0000000000000000001f,121375681,479216672,41860,H6,075,00277302,488,C,06075,+37.7272391,-123.0322294,06,41884,G4020,San Francisco,San Francisco County,06,2023-04-03,64.03343042848722,1680480000000,"{""type"":""MultiPoint"",""coordinates"":[]}"
458_00000000000000000021,1857233047,225282636,41860,H1,013,01675903,488,A,06013,+37.9194790,-121.9515431,06,36084,G4020,Contra Costa,Contra Costa County,06,2023-04-04,61.33018776195262,1680566400000,"{""type"":""MultiPoint"",""coordinates"":[]}"
458_00000000000000000023,1909598013,216923745,41860,H1,001,01675839,488,A,06001,+37.6471385,-121.9124880,06,36084,G4020,Alameda,Alameda County,06,2023-04-04,66.09450585178124,1680566400000,"{""type"":""MultiPoint"",""coordinates"":[]}"
458_0000000000000000001f,121375681,479216672,41860,H6,075,00277302,488,C,06075,+37.7272391,-123.0322294,06,41884,G4020,San Francisco,San Francisco County,06,2023-04-04,66.08139685020271,1680566400000,"{""type"":""MultiPoint"",""coordinates"":[]}"
459_00000000000000000021,1857233047,225282636,41860,H1,013,01675903,488,A,06013,+37.9194790,-121.9515431,06,36084,G4020,Contra Costa,Contra Costa County,06,2023-04-05,70.93964226813054,1680652800000,"{""type"":""MultiPoint"",""coordinates"":[]}"
459_00000000000000000023,1909598013,216923745,41860,H1,001,01675839,488,A,06001,+37.6471385,-121.9124880,06,36084,G4020,Alameda,Alameda County,06,2023-04-05,72.59265067977682,1680652800000,"{""type"":""MultiPoint"",""coordinates"":[]}"
459_0000000000000000001f,121375681,479216672,41860,H6,075,00277302,488,C,06075,+37.7272391,-123.0322294,06,41884,G4020,San Francisco,San Francisco County,06,2023-04-05,75.03497658450003,1680652800000,"{""type"":""MultiPoint"",""coordinates"":[]}"
460_00000000000000000021,1857233047,225282636,41860,H1,013,01675903,488,A,06013,+37.9194790,-121.9515431,06,36084,G4020,Contra Costa,Contra Costa County,06,2023-04-06,74.81666139084187,1680739200000,"{""type"":""MultiPoint"",""coordinates"":[]}"
460_00000000000000000023,1909598013,216923745,41860,H1,001,01675839,488,A,06001,+37.6471385,-121.9124880,06,36084,G4020,Alameda,Alameda County,06,2023-04-06,74.58774132974061,1680739200000,"{""type"":""MultiPoint"",""coordinates"":[]}"
460_0000000000000000001f,121375681,479216672,41860,H6,075,00277302,488,C,06075,+37.7272391,-123.0322294,06,41884,G4020,San Francisco,San Francisco County,06,2023-04-06,78.96522645899151,1680739200000,"{""type"":""MultiPoint"",""coordinates"":[]}"
461_00000000000000000021,1857233047,225282636,41860,H1,013,01675903,488,A,06013,+37.9194790,-121.9515431,06,36084,G4020,Contra Costa,Contra Costa County,06,2023-04-07,77.88290650827894,1680825600000,"{""type"":""MultiPoint"",""coordinates"":[]}"
461_00000000000000000023,1909598013,216923745,41860,H1,001,01675839,488,A,06001,+37.6471385,-121.9124880,06,36084,G4020,Alameda,Alameda County,06,2023-04-07,80.18342389737231,1680825600000,"{""type"":""MultiPoint"",""coordinates"":[]}"
461_0000000000000000001f,121375681,479216672,41860,H6,075,00277302,488,C,06075,+37.7272391,-123.0322294,06,41884,G4020,San Francisco,San Francisco County,06,2023-04-07,83.47652616025395,1680825600000,"{""type"":""MultiPoint"",""coordinates"":[]}"
462_00000000000000000021,1857233047,225282636,41860,H1,013,01675903,488,A,06013,+37.9194790,-121.9515431,06,36084,G4020,Contra Costa,Contra Costa County,06,2023-04-08,80.28657347912832,1680912000000,"{""type"":""MultiPoint"",""coordinates"":[]}"
462_00000000000000000023,1909598013,216923745,41860,H1,001,01675839,488,A,06001,+37.6471385,-121.9124880,06,36084,G4020,Alameda,Alameda County,06,2023-04-08,82.08817479392413,1680912000000,"{""type"":""MultiPoint"",""coordinates"":[]}"
462_0000000000000000001f,121375681,479216672,41860,H6,075,00277302,488,C,06075,+37.7272391,-123.0322294,06,41884,G4020,San Francisco,San Francisco County,06,2023-04-08,83.11497795746142,1680912000000,"{""type"":""MultiPoint"",""coordinates"":[]}"
463_00000000000000000021,1857233047,225282636,41860,H1,013,01675903,488,A,06013,+37.9194790,-121.9515431,06,36084,G4020,Contra Costa,Contra Costa County,06,2023-04-09,67.72567835748582,1680998400000,"{""type"":""MultiPoint"",""coordinates"":[]}"
463_00000000000000000023,1909598013,216923745,41860,H1,001,01675839,488,A,06001,+37.6471385,-121.9124880,06,36084,G4020,Alameda,Alameda County,06,2023-04-09,63.528578590760155,1680998400000,"{""type"":""MultiPoint"",""coordinates"":[]}"
463_0000000000000000001f,121375681,479216672,41860,H6,075,00277302,488,C,06075,+37.7272391,-123.0322294,06,41884,G4020,San Francisco,San Francisco County,06,2023-04-09,71.10004782680437,1680998400000,"{""type"":""MultiPoint"",""coordinates"":[]}"
464_00000000000000000021,1857233047,225282636,41860,H1,013,01675903,488,A,06013,+37.9194790,-121.9515431,06,36084,G4020,Contra Costa,Contra Costa County,06,2023-04-10,71.67120291815644,1681084800000,"{""type"":""MultiPoint"",""coordinates"":[]}"
464_00000000000000000023,1909598013,216923745,41860,H1,001,01675839,488,A,06001,+37.6471385,-121.9124880,06,36084,G4020,Alameda,Alameda County,06,2023-04-10,65.0290408146455,1681084800000,"{""type"":""MultiPoint"",""coordinates"":[]}"
464_0000000000000000001f,121375681,479216672,41860,H6,075,00277302,488,C,06075,+37.7272391,-123.0322294,06,41884,G4020,San Francisco,San Francisco County,06,2023-04-10,80.836160108964,1681084800000,"{""type"":""MultiPoint"",""coordinates"":[]}"
465_00000000000000000021,1857233047,225282636,41860,H1,013,01675903,488,A,06013,+37.9194790,-121.9515431,06,36084,G4020,Contra Costa,Contra Costa County,06,2023-04-11,78.83514225817409,1681171200000,"{""type"":""MultiPoint"",""coordinates"":[]}"
465_00000000000000000023,1909598013,216923745,41860,H1,001,01675839,488,A,06001,+37.6471385,-121.9124880,06,36084,G4020,Alameda,Alameda County,06,2023-04-11,82.34358884877659,1681171200000,"{""type"":""MultiPoint"",""coordinates"":[]}"
465_0000000000000000001f,121375681,479216672,41860,H6,075,00277302,488,C,06075,+37.7272391,-123.0322294,06,41884,G4020,San Francisco,San Francisco County,06,2023-04-11,84.45257908289337,1681171200000,"{""type"":""MultiPoint"",""coordinates"":[]}"
466_00000000000000000021,1857233047,225282636,41860,H1,013,01675903,488,A,06013,+37.9194790,-121.9515431,06,36084,G4020,Contra Costa,Contra Costa County,06,2023-04-12,63.51701999855392,1681257600000,"{""type"":""MultiPoint"",""coordinates"":[]}"
466_00000000000000000023,1909598013,216923745,41860,H1,001,01675839,488,A,06001,+37.6471385,-121.9124880,06,36084,G4020,Alameda,Alameda County,06,2023-04-12,68.61027995156395,1681257600000,"{""type"":""MultiPoint"",""coordinates"":[]}"
466_0000000000000000001f,121375681,479216672,41860,H6,075,00277302,488,C,06075,+37.7272391,-123.0322294,06,41884,G4020,San Francisco,San Francisco County,06,2023-04-12,67.00745749388962,1681257600000,"{""type"":""MultiPoint"",""coordinates"":[]}"
467_00000000000000000021,1857233047,225282636,41860,H1,013,01675903,488,A,06013,+37.9194790,-121.9515431,06,36084,G4020,Contra Costa,Contra Costa County,06,2023-04-13,51.56467619347595,1681344000000,"{""type"":""MultiPoint"",""coordinates"":[]}"
467_00000000000000000023,1909598013,216923745,41860,H1,001,01675839,488,A,06001,+37.6471385,-121.9124880,06,36084,G4020,Alameda,Alameda County,06,2023-04-13,57.530113327829824,1681344000000,"{""type"":""MultiPoint"",""coordinates"":[]}"
467_0000000000000000001f,121375681,479216672,41860,H6,075,00277302,488,C,06075,+37.7272391,-123.0322294,06,41884,G4020,San Francisco,San Francisco County,06,2023-04-13,59.416596168332696,1681344000000,"{""type"":""MultiPoint"",""coordinates"":[]}"
468_00000000000000000021,1857233047,225282636,41860,H1,013,01675903,488,A,06013,+37.9194790,-121.9515431,06,36084,G4020,Contra Costa,Contra Costa County,06,2023-04-14,68.29763370920665,1681430400000,"{""type"":""MultiPoint"",""coordinates"":[]}"
468_00000000000000000023,1909598013,216923745,41860,H1,001,01675839,488,A,06001,+37.6471385,-121.9124880,06,36084,G4020,Alameda,Alameda County,06,2023-04-14,72.02248443146838,1681430400000,"{""type"":""MultiPoint"",""coordinates"":[]}"
468_0000000000000000001f,121375681,479216672,41860,H6,075,00277302,488,C,06075,+37.7272391,-123.0322294,06,41884,G4020,San Francisco,San Francisco County,06,2023-04-14,73.26868951457976,1681430400000,"{""type"":""MultiPoint"",""coordinates"":[]}"
469_00000000000000000021,1857233047,225282636,41860,H1,013,01675903,488,A,06013,+37.9194790,-121.9515431,06,36084,G4020,Contra Costa,Contra Costa County,06,2023-04-15,75.5791064005461,1681516800000,"{""type"":""MultiPoint"",""coordinates"":[]}"
469_00000000000000000023,1909598013,216923745,41860,H1,001,01675839,488,A,06001,+37.6471385,-121.9124880,06,36084,G4020,Alameda,Alameda County,06,2023-04-15,76.56651787971975,1681516800000,"{""type"":""MultiPoint"",""coordinates"":[]}"
469_0000000000000000001f,121375681,479216672,41860,H6,075,00277302,488,C,06075,+37.7272391,-123.0322294,06,41884,G4020,San Francisco,San Francisco County,06,2023-04-15,81.02229177360104,1681516800000,"{""type"":""MultiPoint"",""coordinates"":[]}"
470_00000000000000000021,1857233047,225282636,41860,H1,013,01675903,488,A,06013,+37.9194790,-121.9515431,06,36084,G4020,Contra Costa,Contra Costa County,06,2023-04-16,71.5333138592312,1681603200000,"{""type"":""MultiPoint"",""coordinates"":[]}"
470_00000000000000000023,1909598013,216923745,41860,H1,001,01675839,488,A,06001,+37.6471385,-121.9124880,06,36084,G4020,Alameda,Alameda County,06,2023-04-16,74.895816173473,1681603200000,"{""type"":""MultiPoint"",""coordinates"":[]}"
470_0000000000000000001f,121375681,479216672,41860,H6,075,00277302,488,C,06075,+37.7272391,-123.0322294,06,41884,G4020,San Francisco,San Francisco County,06,2023-04-16,75.77184827738671,1681603200000,"{""type"":""MultiPoint"",""coordinates"":[]}"
471_00000000000000000021,1857233047,225282636,41860,H1,013,01675903,488,A,06013,+37.9194790,-121.9515431,06,36084,G4020,Contra Costa,Contra Costa County,06,2023-04-17,71.28448213996825,1681689600000,"{""type"":""MultiPoint"",""coordinates"":[]}"
471_00000000000000000023,1909598013,216923745,41860,H1,001,01675839,488,A,06001,+37.6471385,-121.9124880,06,36084,G4020,Alameda,Alameda County,06,2023-04-17,74.0681739100776,1681689600000,"{""type"":""MultiPoint"",""coordinates"":[]}"
471_0000000000000000001f,121375681,479216672,41860,H6,075,00277302,488,C,06075,+37.7272391,-123.0322294,06,41884,G4020,San Francisco,San Francisco County,06,2023-04-17,76.08046075592213,1681689600000,"{""type"":""MultiPoint"",""coordinates"":[]}"
472_00000000000000000021,1857233047,225282636,41860,H1,013,01675903,488,A,06013,+37.9194790,-121.9515431,06,36084,G4020,Contra Costa,Contra Costa County,06,2023-04-18,63.400232172865515,1681776000000,"{""type"":""MultiPoint"",""coordinates"":[]}"
472_00000000000000000023,1909598013,216923745,41860,H1,001,01675839,488,A,06001,+37.6471385,-121.9124880,06,36084,G4020,Alameda,Alameda County,06,2023-04-18,66.14804174477798,1681776000000,"{""type"":""MultiPoint"",""coordinates"":[]}"
472_0000000000000000001f,121375681,479216672,41860,H6,075,00277302,488,C,06075,+37.7272391,-123.0322294,06,41884,G4020,San Francisco,San Francisco County,06,2023-04-18,69.28070999469548,1681776000000,"{""type"":""MultiPoint"",""coordinates"":[]}"
473_00000000000000000021,1857233047,225282636,41860,H1,013,01675903,488,A,06013,+37.9194790,-121.9515431,06,36084,G4020,Contra Costa,Contra Costa County,06,2023-04-19,62.54950461504154,1681862400000,"{""type"":""MultiPoint"",""coordinates"":[]}"
473_00000000000000000023,1909598013,216923745,41860,H1,001,01675839,488,A,06001,+37.6471385,-121.9124880,06,36084,G4020,Alameda,Alameda County,06,2023-04-19,65.01448991758062,1681862400000,"{""type"":""MultiPoint"",""coordinates"":[]}"
473_0000000000000000001f,121375681,479216672,41860,H6,075,00277302,488,C,06075,+37.7272391,-123.0322294,06,41884,G4020,San Francisco,San Francisco County,06,2023-04-19,66.95853663195776,1681862400000,"{""type"":""MultiPoint"",""coordinates"":[]}"
474_00000000000000000021,1857233047,225282636,41860,H1,013,01675903,488,A,06013,+37.9194790,-121.9515431,06,36084,G4020,Contra Costa,Contra Costa County,06,2023-04-20,58.61589843426789,1681948800000,"{""type"":""MultiPoint"",""coordinates"":[]}"
474_00000000000000000023,1909598013,216923745,41860,H1,001,01675839,488,A,06001,+37.6471385,-121.9124880,06,36084,G4020,Alameda,Alameda County,06,2023-04-20,59.06029580989037,1681948800000,"{""type"":""MultiPoint"",""coordinates"":[]}"
474_0000000000000000001f,121375681,479216672,41860,H6,075,00277302,488,C,06075,+37.7272391,-123.0322294,06,41884,G4020,San Francisco,San Francisco County,06,2023-04-20,63.04027726455249,1681948800000,"{""type"":""MultiPoint"",""coordinates"":[]}"
475_00000000000000000021,1857233047,225282636,41860,H1,013,01675903,488,A,06013,+37.9194790,-121.9515431,06,36084,G4020,Contra Costa,Contra Costa County,06,2023-04-21,61.47650754095153,1682035200000,"{""type"":""MultiPoint"",""coordinates"":[]}"
475_00000000000000000023,1909598013,216923745,41860,H1,001,01675839,488,A,06001,+37.6471385,-121.9124880,06,36084,G4020,Alameda,Alameda County,06,2023-04-21,60.47349101994973,1682035200000,"{""type"":""MultiPoint"",""coordinates"":[]}"
475_0000000000000000001f,121375681,479216672,41860,H6,075,00277302,488,C,06075,+37.7272391,-123.0322294,06,41884,G4020,San Francisco,San Francisco County,06,2023-04-21,65.73969476178229,1682035200000,"{""type"":""MultiPoint"",""coordinates"":[]}"
476_00000000000000000021,1857233047,225282636,41860,H1,013,01675903,488,A,06013,+37.9194790,-121.9515431,06,36084,G4020,Contra Costa,Contra Costa County,06,2023-04-22,66.53939267857162,1682121600000,"{""type"":""MultiPoint"",""coordinates"":[]}"
476_00000000000000000023,1909598013,216923745,41860,H1,001,01675839,488,A,06001,+37.6471385,-121.9124880,06,36084,G4020,Alameda,Alameda County,06,2023-04-22,68.37030779810371,1682121600000,"{""type"":""MultiPoint"",""coordinates"":[]}"
476_0000000000000000001f,121375681,479216672,41860,H6,075,00277302,488,C,06075,+37.7272391,-123.0322294,06,41884,G4020,San Francisco,San Francisco County,06,2023-04-22,72.30391274739061,1682121600000,"{""type"":""MultiPoint"",""coordinates"":[]}"
477_00000000000000000021,1857233047,225282636,41860,H1,013,01675903,488,A,06013,+37.9194790,-121.9515431,06,36084,G4020,Contra Costa,Contra Costa County,06,2023-04-23,67.98455362620457,1682208000000,"{""type"":""MultiPoint"",""coordinates"":[]}"
477_00000000000000000023,1909598013,216923745,41860,H1,001,01675839,488,A,06001,+37.6471385,-121.9124880,06,36084,G4020,Alameda,Alameda County,06,2023-04-23,74.40505839739127,1682208000000,"{""type"":""MultiPoint"",""coordinates"":[]}"
477_0000000000000000001f,121375681,479216672,41860,H6,075,00277302,488,C,06075,+37.7272391,-123.0322294,06,41884,G4020,San Francisco,San Francisco County,06,2023-04-23,73.29362515881074,1682208000000,"{""type"":""MultiPoint"",""coordinates"":[]}"
478_00000000000000000021,1857233047,225282636,41860,H1,013,01675903,488,A,06013,+37.9194790,-121.9515431,06,36084,G4020,Contra Costa,Contra Costa County,06,2023-04-24,60.46896209529768,1682294400000,"{""type"":""MultiPoint"",""coordinates"":[]}"
478_00000000000000000023,1909598013,216923745,41860,H1,001,01675839,488,A,06001,+37.6471385,-121.9124880,06,36084,G4020,Alameda,Alameda County,06,2023-04-24,65.41431810941002,1682294400000,"{""type"":""MultiPoint"",""coordinates"":[]}"
478_0000000000000000001f,121375681,479216672,41860,H6,075,00277302,488,C,06075,+37.7272391,-123.0322294,06,41884,G4020,San Francisco,San Francisco County,06,2023-04-24,65.30073222262061,1682294400000,"{""type"":""MultiPoint"",""coordinates"":[]}"
479_00000000000000000021,1857233047,225282636,41860,H1,013,01675903,488,A,06013,+37.9194790,-121.9515431,06,36084,G4020,Contra Costa,Contra Costa County,06,2023-04-25,56.72054649206256,1682380800000,"{""type"":""MultiPoint"",""coordinates"":[]}"
479_00000000000000000023,1909598013,216923745,41860,H1,001,01675839,488,A,06001,+37.6471385,-121.9124880,06,36084,G4020,Alameda,Alameda County,06,2023-04-25,59.98448313278346,1682380800000,"{""type"":""MultiPoint"",""coordinates"":[]}"
479_0000000000000000001f,121375681,479216672,41860,H6,075,00277302,488,C,06075,+37.7272391,-123.0322294,06,41884,G4020,San Francisco,San Francisco County,06,2023-04-25,67.98540944970024,1682380800000,"{""type"":""MultiPoint"",""coordinates"":[]}"
480_00000000000000000021,1857233047,225282636,41860,H1,013,01675903,488,A,06013,+37.9194790,-121.9515431,06,36084,G4020,Contra Costa,Contra Costa County,06,2023-04-26,57.85174144103323,1682467200000,"{""type"":""MultiPoint"",""coordinates"":[]}"
480_00000000000000000023,1909598013,216923745,41860,H1,001,01675839,488,A,06001,+37.6471385,-121.9124880,06,36084,G4020,Alameda,Alameda County,06,2023-04-26,54.37185696341483,1682467200000,"{""type"":""MultiPoint"",""coordinates"":[]}"
480_0000000000000000001f,121375681,479216672,41860,H6,075,00277302,488,C,06075,+37.7272391,-123.0322294,06,41884,G4020,San Francisco,San Francisco County,06,2023-04-26,71.46341330174799,1682467200000,"{""type"":""MultiPoint"",""coordinates"":[]}"
481_00000000000000000021,1857233047,225282636,41860,H1,013,01675903,488,A,06013,+37.9194790,-121.9515431,06,36084,G4020,Contra Costa,Contra Costa County,06,2023-04-27,56.8986737959092,1682553600000,"{""type"":""MultiPoint"",""coordinates"":[]}"
481_00000000000000000023,1909598013,216923745,41860,H1,001,01675839,488,A,06001,+37.6471385,-121.9124880,06,36084,G4020,Alameda,Alameda County,06,2023-04-27,53.40372023629748,1682553600000,"{""type"":""MultiPoint"",""coordinates"":[]}"
481_0000000000000000001f,121375681,479216672,41860,H6,075,00277302,488,C,06075,+37.7272391,-123.0322294,06,41884,G4020,San Francisco,San Francisco County,06,2023-04-27,68.60089441850222,1682553600000,"{""type"":""MultiPoint"",""coordinates"":[]}"
482_00000000000000000021,1857233047,225282636,41860,H1,013,01675903,488,A,06013,+37.9194790,-121.9515431,06,36084,G4020,Contra Costa,Contra Costa County,06,2023-04-28,56.87484159633698,1682640000000,"{""type"":""MultiPoint"",""coordinates"":[]}"
482_00000000000000000023,1909598013,216923745,41860,H1,001,01675839,488,A,06001,+37.6471385,-121.9124880,06,36084,G4020,Alameda,Alameda County,06,2023-04-28,57.93044110057485,1682640000000,"{""type"":""MultiPoint"",""coordinates"":[]}"
482_0000000000000000001f,121375681,479216672,41860,H6,075,00277302,488,C,06075,+37.7272391,-123.0322294,06,41884,G4020,San Francisco,San Francisco County,06,2023-04-28,70.98596061105832,1682640000000,"{""type"":""MultiPoint"",""coordinates"":[]}"
483_00000000000000000021,1857233047,225282636,41860,H1,013,01675903,488,A,06013,+37.9194790,-121.9515431,06,36084,G4020,Contra Costa,Contra Costa County,06,2023-04-29,63.77072057651789,1682726400000,"{""type"":""MultiPoint"",""coordinates"":[]}"
483_00000000000000000023,1909598013,216923745,41860,H1,001,01675839,488,A,06001,+37.6471385,-121.9124880,06,36084,G4020,Alameda,Alameda County,06,2023-04-29,64.96977273348138,1682726400000,"{""type"":""MultiPoint"",""coordinates"":[]}"
483_0000000000000000001f,121375681,479216672,41860,H6,075,00277302,488,C,06075,+37.7272391,-123.0322294,06,41884,G4020,San Francisco,San Francisco County,06,2023-04-29,79.0177456882341,1682726400000,"{""type"":""MultiPoint"",""coordinates"":[]}"
484_00000000000000000021,1857233047,225282636,41860,H1,013,01675903,488,A,06013,+37.9194790,-121.9515431,06,36084,G4020,Contra Costa,Contra Costa County,06,2023-04-30,67.76097021368035,1682812800000,"{""type"":""MultiPoint"",""coordinates"":[]}"
484_00000000000000000023,1909598013,216923745,41860,H1,001,01675839,488,A,06001,+37.6471385,-121.9124880,06,36084,G4020,Alameda,Alameda County,06,2023-04-30,69.53065024887829,1682812800000,"{""type"":""MultiPoint"",""coordinates"":[]}"
484_0000000000000000001f,121375681,479216672,41860,H6,075,00277302,488,C,06075,+37.7272391,-123.0322294,06,41884,G4020,San Francisco,San Francisco County,06,2023-04-30,76.62796670124244,1682812800000,"{""type"":""MultiPoint"",""coordinates"":[]}"
485_00000000000000000021,1857233047,225282636,41860,H1,013,01675903,488,A,06013,+37.9194790,-121.9515431,06,36084,G4020,Contra Costa,Contra Costa County,06,2023-05-01,66.83613267596861,1682899200000,"{""type"":""MultiPoint"",""coordinates"":[]}"
485_00000000000000000023,1909598013,216923745,41860,H1,001,01675839,488,A,06001,+37.6471385,-121.9124880,06,36084,G4020,Alameda,Alameda County,06,2023-05-01,70.55594460679221,1682899200000,"{""type"":""MultiPoint"",""coordinates"":[]}"
485_0000000000000000001f,121375681,479216672,41860,H6,075,00277302,488,C,06075,+37.7272391,-123.0322294,06,41884,G4020,San Francisco,San Francisco County,06,2023-05-01,72.29549348665537,1682899200000,"{""type"":""MultiPoint"",""coordinates"":[]}"
486_00000000000000000021,1857233047,225282636,41860,H1,013,01675903,488,A,06013,+37.9194790,-121.9515431,06,36084,G4020,Contra Costa,Contra Costa County,06,2023-05-02,73.35932354279906,1682985600000,"{""type"":""MultiPoint"",""coordinates"":[]}"
486_00000000000000000023,1909598013,216923745,41860,H1,001,01675839,488,A,06001,+37.6471385,-121.9124880,06,36084,G4020,Alameda,Alameda County,06,2023-05-02,78.21257432015939,1682985600000,"{""type"":""MultiPoint"",""coordinates"":[]}"
486_0000000000000000001f,121375681,479216672,41860,H6,075,00277302,488,C,06075,+37.7272391,-123.0322294,06,41884,G4020,San Francisco,San Francisco County,06,2023-05-02,74.90221106505528,1682985600000,"{""type"":""MultiPoint"",""coordinates"":[]}"
487_00000000000000000021,1857233047,225282636,41860,H1,013,01675903,488,A,06013,+37.9194790,-121.9515431,06,36084,G4020,Contra Costa,Contra Costa County,06,2023-05-03,73.84767666092237,1683072000000,"{""type"":""MultiPoint"",""coordinates"":[]}"
487_00000000000000000023,1909598013,216923745,41860,H1,001,01675839,488,A,06001,+37.6471385,-121.9124880,06,36084,G4020,Alameda,Alameda County,06,2023-05-03,76.33637647028618,1683072000000,"{""type"":""MultiPoint"",""coordinates"":[]}"
487_0000000000000000001f,121375681,479216672,41860,H6,075,00277302,488,C,06075,+37.7272391,-123.0322294,06,41884,G4020,San Francisco,San Francisco County,06,2023-05-03,76.4987931051247,1683072000000,"{""type"":""MultiPoint"",""coordinates"":[]}"
488_00000000000000000021,1857233047,225282636,41860,H1,013,01675903,488,A,06013,+37.9194790,-121.9515431,06,36084,G4020,Contra Costa,Contra Costa County,06,2023-05-04,79.04527474991745,1683158400000,"{""type"":""MultiPoint"",""coordinates"":[]}"
488_00000000000000000023,1909598013,216923745,41860,H1,001,01675839,488,A,06001,+37.6471385,-121.9124880,06,36084,G4020,Alameda,Alameda County,06,2023-05-04,78.82319546487128,1683158400000,"{""type"":""MultiPoint"",""coordinates"":[]}"
488_0000000000000000001f,121375681,479216672,41860,H6,075,00277302,488,C,06075,+37.7272391,-123.0322294,06,41884,G4020,San Francisco,San Francisco County,06,2023-05-04,82.6322983842961,1683158400000,"{""type"":""MultiPoint"",""coordinates"":[]}"
489_00000000000000000021,1857233047,225282636,41860,H1,013,01675903,488,A,06013,+37.9194790,-121.9515431,06,36084,G4020,Contra Costa,Contra Costa County,06,2023-05-05,76.7439096340364,1683244800000,"{""type"":""MultiPoint"",""coordinates"":[]}"
489_00000000000000000023,1909598013,216923745,41860,H1,001,01675839,488,A,06001,+37.6471385,-121.9124880,06,36084,G4020,Alameda,Alameda County,06,2023-05-05,78.49727534638151,1683244800000,"{""type"":""MultiPoint"",""coordinates"":[]}"
489_0000000000000000001f,121375681,479216672,41860,H6,075,00277302,488,C,06075,+37.7272391,-123.0322294,06,41884,G4020,San Francisco,San Francisco County,06,2023-05-05,80.70118193930767,1683244800000,"{""type"":""MultiPoint"",""coordinates"":[]}"
490_00000000000000000021,1857233047,225282636,41860,H1,013,01675903,488,A,06013,+37.9194790,-121.9515431,06,36084,G4020,Contra Costa,Contra Costa County,06,2023-05-06,79.38110043375254,1683331200000,"{""type"":""MultiPoint"",""coordinates"":[]}"
490_00000000000000000023,1909598013,216923745,41860,H1,001,01675839,488,A,06001,+37.6471385,-121.9124880,06,36084,G4020,Alameda,Alameda County,06,2023-05-06,81.2234318043429,1683331200000,"{""type"":""MultiPoint"",""coordinates"":[]}"
490_0000000000000000001f,121375681,479216672,41860,H6,075,00277302,488,C,06075,+37.7272391,-123.0322294,06,41884,G4020,San Francisco,San Francisco County,06,2023-05-06,84.98924492663114,1683331200000,"{""type"":""MultiPoint"",""coordinates"":[]}"
491_00000000000000000021,1857233047,225282636,41860,H1,013,01675903,488,A,06013,+37.9194790,-121.9515431,06,36084,G4020,Contra Costa,Contra Costa County,06,2023-05-07,72.34822195804769,1683417600000,"{""type"":""MultiPoint"",""coordinates"":[]}"
491_00000000000000000023,1909598013,216923745,41860,H1,001,01675839,488,A,06001,+37.6471385,-121.9124880,06,36084,G4020,Alameda,Alameda County,06,2023-05-07,74.28758675793287,1683417600000,"{""type"":""MultiPoint"",""coordinates"":[]}"
491_0000000000000000001f,121375681,479216672,41860,H6,075,00277302,488,C,06075,+37.7272391,-123.0322294,06,41884,G4020,San Francisco,San Francisco County,06,2023-05-07,79.6025286874397,1683417600000,"{""type"":""MultiPoint"",""coordinates"":[]}"
492_00000000000000000021,1857233047,225282636,41860,H1,013,01675903,488,A,06013,+37.9194790,-121.9515431,06,36084,G4020,Contra Costa,Contra Costa County,06,2023-05-08,74.04091716480603,1683504000000,"{""type"":""MultiPoint"",""coordinates"":[]}"
492_00000000000000000023,1909598013,216923745,41860,H1,001,01675839,488,A,06001,+37.6471385,-121.9124880,06,36084,G4020,Alameda,Alameda County,06,2023-05-08,76.19076209797804,1683504000000,"{""type"":""MultiPoint"",""coordinates"":[]}"
492_0000000000000000001f,121375681,479216672,41860,H6,075,00277302,488,C,06075,+37.7272391,-123.0322294,06,41884,G4020,San Francisco,San Francisco County,06,2023-05-08,77.57944905805871,1683504000000,"{""type"":""MultiPoint"",""coordinates"":[]}"
493_00000000000000000021,1857233047,225282636,41860,H1,013,01675903,488,A,06013,+37.9194790,-121.9515431,06,36084,G4020,Contra Costa,Contra Costa County,06,2023-05-09,70.96717830150446,1683590400000,"{""type"":""MultiPoint"",""coordinates"":[]}"
493_00000000000000000023,1909598013,216923745,41860,H1,001,01675839,488,A,06001,+37.6471385,-121.9124880,06,36084,G4020,Alameda,Alameda County,06,2023-05-09,72.92195370971625,1683590400000,"{""type"":""MultiPoint"",""coordinates"":[]}"
493_0000000000000000001f,121375681,479216672,41860,H6,075,00277302,488,C,06075,+37.7272391,-123.0322294,06,41884,G4020,San Francisco,San Francisco County,06,2023-05-09,77.88845457261422,1683590400000,"{""type"":""MultiPoint"",""coordinates"":[]}"
494_00000000000000000021,1857233047,225282636,41860,H1,013,01675903,488,A,06013,+37.9194790,-121.9515431,06,36084,G4020,Contra Costa,Contra Costa County,06,2023-05-10,71.79697800778413,1683676800000,"{""type"":""MultiPoint"",""coordinates"":[]}"
494_00000000000000000023,1909598013,216923745,41860,H1,001,01675839,488,A,06001,+37.6471385,-121.9124880,06,36084,G4020,Alameda,Alameda County,06,2023-05-10,76.65295713723171,1683676800000,"{""type"":""MultiPoint"",""coordinates"":[]}"
494_0000000000000000001f,121375681,479216672,41860,H6,075,00277302,488,C,06075,+37.7272391,-123.0322294,06,41884,G4020,San Francisco,San Francisco County,06,2023-05-10,76.76630430837618,1683676800000,"{""type"":""MultiPoint"",""coordinates"":[]}"
495_00000000000000000021,1857233047,225282636,41860,H1,013,01675903,488,A,06013,+37.9194790,-121.9515431,06,36084,G4020,Contra Costa,Contra Costa County,06,2023-05-11,73.73708230385185,1683763200000,"{""type"":""MultiPoint"",""coordinates"":[]}"
495_00000000000000000023,1909598013,216923745,41860,H1,001,01675839,488,A,06001,+37.6471385,-121.9124880,06,36084,G4020,Alameda,Alameda County,06,2023-05-11,75.02185426180029,1683763200000,"{""type"":""MultiPoint"",""coordinates"":[]}"
495_0000000000000000001f,121375681,479216672,41860,H6,075,00277302,488,C,06075,+37.7272391,-123.0322294,06,41884,G4020,San Francisco,San Francisco County,06,2023-05-11,78.27419930617128,1683763200000,"{""type"":""MultiPoint"",""coordinates"":[]}"
496_00000000000000000021,1857233047,225282636,41860,H1,013,01675903,488,A,06013,+37.9194790,-121.9515431,06,36084,G4020,Contra Costa,Contra Costa County,06,2023-05-12,71.59828708236202,1683849600000,"{""type"":""MultiPoint"",""coordinates"":[]}"
496_00000000000000000023,1909598013,216923745,41860,H1,001,01675839,488,A,06001,+37.6471385,-121.9124880,06,36084,G4020,Alameda,Alameda County,06,2023-05-12,73.12387712364622,1683849600000,"{""type"":""MultiPoint"",""coordinates"":[]}"
496_0000000000000000001f,121375681,479216672,41860,H6,075,00277302,488,C,06075,+37.7272391,-123.0322294,06,41884,G4020,San Francisco,San Francisco County,06,2023-05-12,78.34518696616945,1683849600000,"{""type"":""MultiPoint"",""coordinates"":[]}"
497_00000000000000000021,1857233047,225282636,41860,H1,013,01675903,488,A,06013,+37.9194790,-121.9515431,06,36084,G4020,Contra Costa,Contra Costa County,06,2023-05-13,66.70401448871208,1683936000000,"{""type"":""MultiPoint"",""coordinates"":[]}"
497_00000000000000000023,1909598013,216923745,41860,H1,001,01675839,488,A,06001,+37.6471385,-121.9124880,06,36084,G4020,Alameda,Alameda County,06,2023-05-13,66.45682988582747,1683936000000,"{""type"":""MultiPoint"",""coordinates"":[]}"
497_0000000000000000001f,121375681,479216672,41860,H6,075,00277302,488,C,06075,+37.7272391,-123.0322294,06,41884,G4020,San Francisco,San Francisco County,06,2023-05-13,75.55295476916048,1683936000000,"{""type"":""MultiPoint"",""coordinates"":[]}"
498_00000000000000000021,1857233047,225282636,41860,H1,013,01675903,488,A,06013,+37.9194790,-121.9515431,06,36084,G4020,Contra Costa,Contra Costa County,06,2023-05-14,63.977255393037204,1684022400000,"{""type"":""MultiPoint"",""coordinates"":[]}"
498_00000000000000000023,1909598013,216923745,41860,H1,001,01675839,488,A,06001,+37.6471385,-121.9124880,06,36084,G4020,Alameda,Alameda County,06,2023-05-14,63.81287602389262,1684022400000,"{""type"":""MultiPoint"",""coordinates"":[]}"
498_0000000000000000001f,121375681,479216672,41860,H6,075,00277302,488,C,06075,+37.7272391,-123.0322294,06,41884,G4020,San Francisco,San Francisco County,06,2023-05-14,74.62610077212915,1684022400000,"{""type"":""MultiPoint"",""coordinates"":[]}"
499_00000000000000000021,1857233047,225282636,41860,H1,013,01675903,488,A,06013,+37.9194790,-121.9515431,06,36084,G4020,Contra Costa,Contra Costa County,06,2023-05-15,70.53675460345879,1684108800000,"{""type"":""MultiPoint"",""coordinates"":[]}"
499_00000000000000000023,1909598013,216923745,41860,H1,001,01675839,488,A,06001,+37.6471385,-121.9124880,06,36084,G4020,Alameda,Alameda County,06,2023-05-15,68.8633900769294,1684108800000,"{""type"":""MultiPoint"",""coordinates"":[]}"
499_0000000000000000001f,121375681,479216672,41860,H6,075,00277302,488,C,06075,+37.7272391,-123.0322294,06,41884,G4020,San Francisco,San Francisco County,06,2023-05-15,77.02001001967778,1684108800000,"{""type"":""MultiPoint"",""coordinates"":[]}"
500_00000000000000000021,1857233047,225282636,41860,H1,013,01675903,488,A,06013,+37.9194790,-121.9515431,06,36084,G4020,Contra Costa,Contra Costa County,06,2023-05-16,64.60730508839004,1684195200000,"{""type"":""MultiPoint"",""coordinates"":[]}"
500_00000000000000000023,1909598013,216923745,41860,H1,001,01675839,488,A,06001,+37.6471385,-121.9124880,06,36084,G4020,Alameda,Alameda County,06,2023-05-16,64.07403732726355,1684195200000,"{""type"":""MultiPoint"",""coordinates"":[]}"
500_0000000000000000001f,121375681,479216672,41860,H6,075,00277302,488,C,06075,+37.7272391,-123.0322294,06,41884,G4020,San Francisco,San Francisco County,06,2023-05-16,75.04025529976933,1684195200000,"{""type"":""MultiPoint"",""coordinates"":[]}"
501_00000000000000000021,1857233047,225282636,41860,H1,013,01675903,488,A,06013,+37.9194790,-121.9515431,06,36084,G4020,Contra Costa,Contra Costa County,06,2023-05-17,65.88118321902233,1684281600000,"{""type"":""MultiPoint"",""coordinates"":[]}"
501_00000000000000000023,1909598013,216923745,41860,H1,001,01675839,488,A,06001,+37.6471385,-121.9124880,06,36084,G4020,Alameda,Alameda County,06,2023-05-17,62.83189379489587,1684281600000,"{""type"":""MultiPoint"",""coordinates"":[]}"
501_0000000000000000001f,121375681,479216672,41860,H6,075,00277302,488,C,06075,+37.7272391,-123.0322294,06,41884,G4020,San Francisco,San Francisco County,06,2023-05-17,78.08665376058875,1684281600000,"{""type"":""MultiPoint"",""coordinates"":[]}"
502_00000000000000000021,1857233047,225282636,41860,H1,013,01675903,488,A,06013,+37.9194790,-121.9515431,06,36084,G4020,Contra Costa,Contra Costa County,06,2023-05-18,69.73505761003047,1684368000000,"{""type"":""MultiPoint"",""coordinates"":[]}"
502_00000000000000000023,1909598013,216923745,41860,H1,001,01675839,488,A,06001,+37.6471385,-121.9124880,06,36084,G4020,Alameda,Alameda County,06,2023-05-18,67.93918551475825,1684368000000,"{""type"":""MultiPoint"",""coordinates"":[]}"
502_0000000000000000001f,121375681,479216672,41860,H6,075,00277302,488,C,06075,+37.7272391,-123.0322294,06,41884,G4020,San Francisco,San Francisco County,06,2023-05-18,78.4730845820216,1684368000000,"{""type"":""MultiPoint"",""coordinates"":[]}"
503_00000000000000000021,1857233047,225282636,41860,H1,013,01675903,488,A,06013,+37.9194790,-121.9515431,06,36084,G4020,Contra Costa,Contra Costa County,06,2023-05-19,67.01554128246681,1684454400000,"{""type"":""MultiPoint"",""coordinates"":[]}"
503_00000000000000000023,1909598013,216923745,41860,H1,001,01675839,488,A,06001,+37.6471385,-121.9124880,06,36084,G4020,Alameda,Alameda County,06,2023-05-19,67.29967168245653,1684454400000,"{""type"":""MultiPoint"",""coordinates"":[]}"
503_0000000000000000001f,121375681,479216672,41860,H6,075,00277302,488,C,06075,+37.7272391,-123.0322294,06,41884,G4020,San Francisco,San Francisco County,06,2023-05-19,75.18372543086191,1684454400000,"{""type"":""MultiPoint"",""coordinates"":[]}"
504_00000000000000000021,1857233047,225282636,41860,H1,013,01675903,488,A,06013,+37.9194790,-121.9515431,06,36084,G4020,Contra Costa,Contra Costa County,06,2023-05-20,71.68341906462808,1684540800000,"{""type"":""MultiPoint"",""coordinates"":[]}"
504_00000000000000000023,1909598013,216923745,41860,H1,001,01675839,488,A,06001,+37.6471385,-121.9124880,06,36084,G4020,Alameda,Alameda County,06,2023-05-20,71.48933524915606,1684540800000,"{""type"":""MultiPoint"",""coordinates"":[]}"
504_0000000000000000001f,121375681,479216672,41860,H6,075,00277302,488,C,06075,+37.7272391,-123.0322294,06,41884,G4020,San Francisco,San Francisco County,06,2023-05-20,79.84742974408292,1684540800000,"{""type"":""MultiPoint"",""coordinates"":[]}"
505_00000000000000000021,1857233047,225282636,41860,H1,013,01675903,488,A,06013,+37.9194790,-121.9515431,06,36084,G4020,Contra Costa,Contra Costa County,06,2023-05-21,72.711310380595,1684627200000,"{""type"":""MultiPoint"",""coordinates"":[]}"
505_00000000000000000023,1909598013,216923745,41860,H1,001,01675839,488,A,06001,+37.6471385,-121.9124880,06,36084,G4020,Alameda,Alameda County,06,2023-05-21,69.2797195928517,1684627200000,"{""type"":""MultiPoint"",""coordinates"":[]}"
505_0000000000000000001f,121375681,479216672,41860,H6,075,00277302,488,C,06075,+37.7272391,-123.0322294,06,41884,G4020,San Francisco,San Francisco County,06,2023-05-21,80.79864250845559,1684627200000,"{""type"":""MultiPoint"",""coordinates"":[]}"
506_00000000000000000021,1857233047,225282636,41860,H1,013,01675903,488,A,06013,+37.9194790,-121.9515431,06,36084,G4020,Contra Costa,Contra Costa County,06,2023-05-22,66.57710305109197,1684713600000,"{""type"":""MultiPoint"",""coordinates"":[]}"
506_00000000000000000023,1909598013,216923745,41860,H1,001,01675839,488,A,06001,+37.6471385,-121.9124880,06,36084,G4020,Alameda,Alameda County,06,2023-05-22,61.62750885331034,1684713600000,"{""type"":""MultiPoint"",""coordinates"":[]}"
506_0000000000000000001f,121375681,479216672,41860,H6,075,00277302,488,C,06075,+37.7272391,-123.0322294,06,41884,G4020,San Francisco,San Francisco County,06,2023-05-22,75.36633515085752,1684713600000,"{""type"":""MultiPoint"",""coordinates"":[]}"
507_00000000000000000021,1857233047,225282636,41860,H1,013,01675903,488,A,06013,+37.9194790,-121.9515431,06,36084,G4020,Contra Costa,Contra Costa County,06,2023-05-23,65.8349647061498,1684800000000,"{""type"":""MultiPoint"",""coordinates"":[]}"
507_00000000000000000023,1909598013,216923745,41860,H1,001,01675839,488,A,06001,+37.6471385,-121.9124880,06,36084,G4020,Alameda,Alameda County,06,2023-05-23,64.77017428030504,1684800000000,"{""type"":""MultiPoint"",""coordinates"":[]}"
507_0000000000000000001f,121375681,479216672,41860,H6,075,00277302,488,C,06075,+37.7272391,-123.0322294,06,41884,G4020,San Francisco,San Francisco County,06,2023-05-23,73.69298198291686,1684800000000,"{""type"":""MultiPoint"",""coordinates"":[]}"
508_00000000000000000021,1857233047,225282636,41860,H1,013,01675903,488,A,06013,+37.9194790,-121.9515431,06,36084,G4020,Contra Costa,Contra Costa County,06,2023-05-24,65.88994809720998,1684886400000,"{""type"":""MultiPoint"",""coordinates"":[]}"
508_00000000000000000023,1909598013,216923745,41860,H1,001,01675839,488,A,06001,+37.6471385,-121.9124880,06,36084,G4020,Alameda,Alameda County,06,2023-05-24,64.53183948124887,1684886400000,"{""type"":""MultiPoint"",""coordinates"":[]}"
508_0000000000000000001f,121375681,479216672,41860,H6,075,00277302,488,C,06075,+37.7272391,-123.0322294,06,41884,G4020,San Francisco,San Francisco County,06,2023-05-24,72.89646346173669,1684886400000,"{""type"":""MultiPoint"",""coordinates"":[]}"
509_00000000000000000021,1857233047,225282636,41860,H1,013,01675903,488,A,06013,+37.9194790,-121.9515431,06,36084,G4020,Contra Costa,Contra Costa County,06,2023-05-25,67.84635407134806,1684972800000,"{""type"":""MultiPoint"",""coordinates"":[]}"
509_00000000000000000023,1909598013,216923745,41860,H1,001,01675839,488,A,06001,+37.6471385,-121.9124880,06,36084,G4020,Alameda,Alameda County,06,2023-05-25,66.12522486873665,1684972800000,"{""type"":""MultiPoint"",""coordinates"":[]}"
509_0000000000000000001f,121375681,479216672,41860,H6,075,00277302,488,C,06075,+37.7272391,-123.0322294,06,41884,G4020,San Francisco,San Francisco County,06,2023-05-25,75.05509090814165,1684972800000,"{""type"":""MultiPoint"",""coordinates"":[]}"
510_00000000000000000021,1857233047,225282636,41860,H1,013,01675903,488,A,06013,+37.9194790,-121.9515431,06,36084,G4020,Contra Costa,Contra Costa County,06,2023-05-26,69.38477853270768,1685059200000,"{""type"":""MultiPoint"",""coordinates"":[]}"
510_00000000000000000023,1909598013,216923745,41860,H1,001,01675839,488,A,06001,+37.6471385,-121.9124880,06,36084,G4020,Alameda,Alameda County,06,2023-05-26,68.42554152633282,1685059200000,"{""type"":""MultiPoint"",""coordinates"":[]}"
510_0000000000000000001f,121375681,479216672,41860,H6,075,00277302,488,C,06075,+37.7272391,-123.0322294,06,41884,G4020,San Francisco,San Francisco County,06,2023-05-26,74.75060469439963,1685059200000,"{""type"":""MultiPoint"",""coordinates"":[]}"
511_00000000000000000021,1857233047,225282636,41860,H1,013,01675903,488,A,06013,+37.9194790,-121.9515431,06,36084,G4020,Contra Costa,Contra Costa County,06,2023-05-27,70.74401818622083,1685145600000,"{""type"":""MultiPoint"",""coordinates"":[]}"
511_00000000000000000023,1909598013,216923745,41860,H1,001,01675839,488,A,06001,+37.6471385,-121.9124880,06,36084,G4020,Alameda,Alameda County,06,2023-05-27,69.79051223130718,1685145600000,"{""type"":""MultiPoint"",""coordinates"":[]}"
511_0000000000000000001f,121375681,479216672,41860,H6,075,00277302,488,C,06075,+37.7272391,-123.0322294,06,41884,G4020,San Francisco,San Francisco County,06,2023-05-27,78.15104816801161,1685145600000,"{""type"":""MultiPoint"",""coordinates"":[]}"
512_00000000000000000021,1857233047,225282636,41860,H1,013,01675903,488,A,06013,+37.9194790,-121.9515431,06,36084,G4020,Contra Costa,Contra Costa County,06,2023-05-28,74.40748891769803,1685232000000,"{""type"":""MultiPoint"",""coordinates"":[]}"
512_00000000000000000023,1909598013,216923745,41860,H1,001,01675839,488,A,06001,+37.6471385,-121.9124880,06,36084,G4020,Alameda,Alameda County,06,2023-05-28,74.83628453954746,1685232000000,"{""type"":""MultiPoint"",""coordinates"":[]}"
512_0000000000000000001f,121375681,479216672,41860,H6,075,00277302,488,C,06075,+37.7272391,-123.0322294,06,41884,G4020,San Francisco,San Francisco County,06,2023-05-28,80.62886706738088,1685232000000,"{""type"":""MultiPoint"",""coordinates"":[]}"
513_00000000000000000021,1857233047,225282636,41860,H1,013,01675903,488,A,06013,+37.9194790,-121.9515431,06,36084,G4020,Contra Costa,Contra Costa County,06,2023-05-29,70.10073620620263,1685318400000,"{""type"":""MultiPoint"",""coordinates"":[]}"
513_00000000000000000023,1909598013,216923745,41860,H1,001,01675839,488,A,06001,+37.6471385,-121.9124880,06,36084,G4020,Alameda,Alameda County,06,2023-05-29,68.73801307007639,1685318400000,"{""type"":""MultiPoint"",""coordinates"":[]}"
513_0000000000000000001f,121375681,479216672,41860,H6,075,00277302,488,C,06075,+37.7272391,-123.0322294,06,41884,G4020,San Francisco,San Francisco County,06,2023-05-29,76.53167111498925,1685318400000,"{""type"":""MultiPoint"",""coordinates"":[]}"
514_00000000000000000021,1857233047,225282636,41860,H1,013,01675903,488,A,06013,+37.9194790,-121.9515431,06,36084,G4020,Contra Costa,Contra Costa County,06,2023-05-30,68.24104805550138,1685404800000,"{""type"":""MultiPoint"",""coordinates"":[]}"
514_00000000000000000023,1909598013,216923745,41860,H1,001,01675839,488,A,06001,+37.6471385,-121.9124880,06,36084,G4020,Alameda,Alameda County,06,2023-05-30,67.18150505223778,1685404800000,"{""type"":""MultiPoint"",""coordinates"":[]}"
514_0000000000000000001f,121375681,479216672,41860,H6,075,00277302,488,C,06075,+37.7272391,-123.0322294,06,41884,G4020,San Francisco,San Francisco County,06,2023-05-30,75.60440372084162,1685404800000,"{""type"":""MultiPoint"",""coordinates"":[]}"
515_00000000000000000021,1857233047,225282636,41860,H1,013,01675903,488,A,06013,+37.9194790,-121.9515431,06,36084,G4020,Contra Costa,Contra Costa County,06,2023-05-31,69.13564465974666,1685491200000,"{""type"":""MultiPoint"",""coordinates"":[]}"
515_00000000000000000023,1909598013,216923745,41860,H1,001,01675839,488,A,06001,+37.6471385,-121.9124880,06,36084,G4020,Alameda,Alameda County,06,2023-05-31,67.5371087623024,1685491200000,"{""type"":""MultiPoint"",""coordinates"":[]}"
515_0000000000000000001f,121375681,479216672,41860,H6,075,00277302,488,C,06075,+37.7272391,-123.0322294,06,41884,G4020,San Francisco,San Francisco County,06,2023-05-31,76.29613190148261,1685491200000,"{""type"":""MultiPoint"",""coordinates"":[]}"
516_00000000000000000021,1857233047,225282636,41860,H1,013,01675903,488,A,06013,+37.9194790,-121.9515431,06,36084,G4020,Contra Costa,Contra Costa County,06,2023-06-01,64.78768233543761,1685577600000,"{""type"":""MultiPoint"",""coordinates"":[]}"
516_00000000000000000023,1909598013,216923745,41860,H1,001,01675839,488,A,06001,+37.6471385,-121.9124880,06,36084,G4020,Alameda,Alameda County,06,2023-06-01,64.19665683971529,1685577600000,"{""type"":""MultiPoint"",""coordinates"":[]}"
516_0000000000000000001f,121375681,479216672,41860,H6,075,00277302,488,C,06075,+37.7272391,-123.0322294,06,41884,G4020,San Francisco,San Francisco County,06,2023-06-01,71.41481699051239,1685577600000,"{""type"":""MultiPoint"",""coordinates"":[]}"
517_00000000000000000021,1857233047,225282636,41860,H1,013,01675903,488,A,06013,+37.9194790,-121.9515431,06,36084,G4020,Contra Costa,Contra Costa County,06,2023-06-02,61.57862836624811,1685664000000,"{""type"":""MultiPoint"",""coordinates"":[]}"
517_00000000000000000023,1909598013,216923745,41860,H1,001,01675839,488,A,06001,+37.6471385,-121.9124880,06,36084,G4020,Alameda,Alameda County,06,2023-06-02,61.951016512743486,1685664000000,"{""type"":""MultiPoint"",""coordinates"":[]}"
517_0000000000000000001f,121375681,479216672,41860,H6,075,00277302,488,C,06075,+37.7272391,-123.0322294,06,41884,G4020,San Francisco,San Francisco County,06,2023-06-02,68.26831348829283,1685664000000,"{""type"":""MultiPoint"",""coordinates"":[]}"
518_00000000000000000021,1857233047,225282636,41860,H1,013,01675903,488,A,06013,+37.9194790,-121.9515431,06,36084,G4020,Contra Costa,Contra Costa County,06,2023-06-03,60.248714929420856,1685750400000,"{""type"":""MultiPoint"",""coordinates"":[]}"
518_00000000000000000023,1909598013,216923745,41860,H1,001,01675839,488,A,06001,+37.6471385,-121.9124880,06,36084,G4020,Alameda,Alameda County,06,2023-06-03,59.28936958611826,1685750400000,"{""type"":""MultiPoint"",""coordinates"":[]}"
518_0000000000000000001f,121375681,479216672,41860,H6,075,00277302,488,C,06075,+37.7272391,-123.0322294,06,41884,G4020,San Francisco,San Francisco County,06,2023-06-03,68.58796817315928,1685750400000,"{""type"":""MultiPoint"",""coordinates"":[]}"
519_00000000000000000021,1857233047,225282636,41860,H1,013,01675903,488,A,06013,+37.9194790,-121.9515431,06,36084,G4020,Contra Costa,Contra Costa County,06,2023-06-04,58.817324950631615,1685836800000,"{""type"":""MultiPoint"",""coordinates"":[]}"
519_00000000000000000023,1909598013,216923745,41860,H1,001,01675839,488,A,06001,+37.6471385,-121.9124880,06,36084,G4020,Alameda,Alameda County,06,2023-06-04,56.519499650301675,1685836800000,"{""type"":""MultiPoint"",""coordinates"":[]}"
519_0000000000000000001f,121375681,479216672,41860,H6,075,00277302,488,C,06075,+37.7272391,-123.0322294,06,41884,G4020,San Francisco,San Francisco County,06,2023-06-04,70.30773184449487,1685836800000,"{""type"":""MultiPoint"",""coordinates"":[]}"
520_00000000000000000021,1857233047,225282636,41860,H1,013,01675903,488,A,06013,+37.9194790,-121.9515431,06,36084,G4020,Contra Costa,Contra Costa County,06,2023-06-05,64.00833592748553,1685923200000,"{""type"":""MultiPoint"",""coordinates"":[]}"
520_00000000000000000023,1909598013,216923745,41860,H1,001,01675839,488,A,06001,+37.6471385,-121.9124880,06,36084,G4020,Alameda,Alameda County,06,2023-06-05,60.5811801099106,1685923200000,"{""type"":""MultiPoint"",""coordinates"":[]}"
520_0000000000000000001f,121375681,479216672,41860,H6,075,00277302,488,C,06075,+37.7272391,-123.0322294,06,41884,G4020,San Francisco,San Francisco County,06,2023-06-05,75.64960477249254,1685923200000,"{""type"":""MultiPoint"",""coordinates"":[]}"
521_00000000000000000021,1857233047,225282636,41860,H1,013,01675903,488,A,06013,+37.9194790,-121.9515431,06,36084,G4020,Contra Costa,Contra Costa County,06,2023-06-06,67.07225436724347,1686009600000,"{""type"":""MultiPoint"",""coordinates"":[]}"
521_00000000000000000023,1909598013,216923745,41860,H1,001,01675839,488,A,06001,+37.6471385,-121.9124880,06,36084,G4020,Alameda,Alameda County,06,2023-06-06,65.1980021700545,1686009600000,"{""type"":""MultiPoint"",""coordinates"":[]}"
521_0000000000000000001f,121375681,479216672,41860,H6,075,00277302,488,C,06075,+37.7272391,-123.0322294,06,41884,G4020,San Francisco,San Francisco County,06,2023-06-06,75.96886487254909,1686009600000,"{""type"":""MultiPoint"",""coordinates"":[]}"
522_00000000000000000021,1857233047,225282636,41860,H1,013,01675903,488,A,06013,+37.9194790,-121.9515431,06,36084,G4020,Contra Costa,Contra Costa County,06,2023-06-07,70.48898101079541,1686096000000,"{""type"":""MultiPoint"",""coordinates"":[]}"
522_00000000000000000023,1909598013,216923745,41860,H1,001,01675839,488,A,06001,+37.6471385,-121.9124880,06,36084,G4020,Alameda,Alameda County,06,2023-06-07,69.69188742998539,1686096000000,"{""type"":""MultiPoint"",""coordinates"":[]}"
522_0000000000000000001f,121375681,479216672,41860,H6,075,00277302,488,C,06075,+37.7272391,-123.0322294,06,41884,G4020,San Francisco,San Francisco County,06,2023-06-07,78.21074329418317,1686096000000,"{""type"":""MultiPoint"",""coordinates"":[]}"
523_00000000000000000021,1857233047,225282636,41860,H1,013,01675903,488,A,06013,+37.9194790,-121.9515431,06,36084,G4020,Contra Costa,Contra Costa County,06,2023-06-08,67.18189347325202,1686182400000,"{""type"":""MultiPoint"",""coordinates"":[]}"
523_00000000000000000023,1909598013,216923745,41860,H1,001,01675839,488,A,06001,+37.6471385,-121.9124880,06,36084,G4020,Alameda,Alameda County,06,2023-06-08,68.2771382519526,1686182400000,"{""type"":""MultiPoint"",""coordinates"":[]}"
523_0000000000000000001f,121375681,479216672,41860,H6,075,00277302,488,C,06075,+37.7272391,-123.0322294,06,41884,G4020,San Francisco,San Francisco County,06,2023-06-08,75.49114422708584,1686182400000,"{""type"":""MultiPoint"",""coordinates"":[]}"
524_00000000000000000021,1857233047,225282636,41860,H1,013,01675903,488,A,06013,+37.9194790,-121.9515431,06,36084,G4020,Contra Costa,Contra Costa County,06,2023-06-09,67.05001912579264,1686268800000,"{""type"":""MultiPoint"",""coordinates"":[]}"
524_00000000000000000023,1909598013,216923745,41860,H1,001,01675839,488,A,06001,+37.6471385,-121.9124880,06,36084,G4020,Alameda,Alameda County,06,2023-06-09,67.7024616555208,1686268800000,"{""type"":""MultiPoint"",""coordinates"":[]}"
524_0000000000000000001f,121375681,479216672,41860,H6,075,00277302,488,C,06075,+37.7272391,-123.0322294,06,41884,G4020,San Francisco,San Francisco County,06,2023-06-09,74.94241308487335,1686268800000,"{""type"":""MultiPoint"",""coordinates"":[]}"
525_00000000000000000021,1857233047,225282636,41860,H1,013,01675903,488,A,06013,+37.9194790,-121.9515431,06,36084,G4020,Contra Costa,Contra Costa County,06,2023-06-10,67.76427197234788,1686355200000,"{""type"":""MultiPoint"",""coordinates"":[]}"
525_00000000000000000023,1909598013,216923745,41860,H1,001,01675839,488,A,06001,+37.6471385,-121.9124880,06,36084,G4020,Alameda,Alameda County,06,2023-06-10,66.3445870488046,1686355200000,"{""type"":""MultiPoint"",""coordinates"":[]}"
525_0000000000000000001f,121375681,479216672,41860,H6,075,00277302,488,C,06075,+37.7272391,-123.0322294,06,41884,G4020,San Francisco,San Francisco County,06,2023-06-10,75.65221259498598,1686355200000,"{""type"":""MultiPoint"",""coordinates"":[]}"
526_00000000000000000021,1857233047,225282636,41860,H1,013,01675903,488,A,06013,+37.9194790,-121.9515431,06,36084,G4020,Contra Costa,Contra Costa County,06,2023-06-11,68.17413156288724,1686441600000,"{""type"":""MultiPoint"",""coordinates"":[]}"
526_00000000000000000023,1909598013,216923745,41860,H1,001,01675839,488,A,06001,+37.6471385,-121.9124880,06,36084,G4020,Alameda,Alameda County,06,2023-06-11,66.3113695162719,1686441600000,"{""type"":""MultiPoint"",""coordinates"":[]}"
526_0000000000000000001f,121375681,479216672,41860,H6,075,00277302,488,C,06075,+37.7272391,-123.0322294,06,41884,G4020,San Francisco,San Francisco County,06,2023-06-11,77.96007323781049,1686441600000,"{""type"":""MultiPoint"",""coordinates"":[]}"
527_00000000000000000021,1857233047,225282636,41860,H1,013,01675903,488,A,06013,+37.9194790,-121.9515431,06,36084,G4020,Contra Costa,Contra Costa County,06,2023-06-12,68.72658368257112,1686528000000,"{""type"":""MultiPoint"",""coordinates"":[]}"
527_00000000000000000023,1909598013,216923745,41860,H1,001,01675839,488,A,06001,+37.6471385,-121.9124880,06,36084,G4020,Alameda,Alameda County,06,2023-06-12,66.78755985218903,1686528000000,"{""type"":""MultiPoint"",""coordinates"":[]}"
527_0000000000000000001f,121375681,479216672,41860,H6,075,00277302,488,C,06075,+37.7272391,-123.0322294,06,41884,G4020,San Francisco,San Francisco County,06,2023-06-12,77.13911955172601,1686528000000,"{""type"":""MultiPoint"",""coordinates"":[]}"
528_00000000000000000021,1857233047,225282636,41860,H1,013,01675903,488,A,06013,+37.9194790,-121.9515431,06,36084,G4020,Contra Costa,Contra Costa County,06,2023-06-13,70.06042660909556,1686614400000,"{""type"":""MultiPoint"",""coordinates"":[]}"
528_00000000000000000023,1909598013,216923745,41860,H1,001,01675839,488,A,06001,+37.6471385,-121.9124880,06,36084,G4020,Alameda,Alameda County,06,2023-06-13,68.5143172781358,1686614400000,"{""type"":""MultiPoint"",""coordinates"":[]}"
528_0000000000000000001f,121375681,479216672,41860,H6,075,00277302,488,C,06075,+37.7272391,-123.0322294,06,41884,G4020,San Francisco,San Francisco County,06,2023-06-13,78.69847011648261,1686614400000,"{""type"":""MultiPoint"",""coordinates"":[]}"
529_00000000000000000021,1857233047,225282636,41860,H1,013,01675903,488,A,06013,+37.9194790,-121.9515431,06,36084,G4020,Contra Costa,Contra Costa County,06,2023-06-14,67.746780709321,1686700800000,"{""type"":""MultiPoint"",""coordinates"":[]}"
529_00000000000000000023,1909598013,216923745,41860,H1,001,01675839,488,A,06001,+37.6471385,-121.9124880,06,36084,G4020,Alameda,Alameda County,06,2023-06-14,65.75203937516088,1686700800000,"{""type"":""MultiPoint"",""coordinates"":[]}"
529_0000000000000000001f,121375681,479216672,41860,H6,075,00277302,488,C,06075,+37.7272391,-123.0322294,06,41884,G4020,San Francisco,San Francisco County,06,2023-06-14,77.44974765931146,1686700800000,"{""type"":""MultiPoint"",""coordinates"":[]}"
530_00000000000000000021,1857233047,225282636,41860,H1,013,01675903,488,A,06013,+37.9194790,-121.9515431,06,36084,G4020,Contra Costa,Contra Costa County,06,2023-06-15,65.85820531643633,1686787200000,"{""type"":""MultiPoint"",""coordinates"":[]}"
530_00000000000000000023,1909598013,216923745,41860,H1,001,01675839,488,A,06001,+37.6471385,-121.9124880,06,36084,G4020,Alameda,Alameda County,06,2023-06-15,62.673136691501924,1686787200000,"{""type"":""MultiPoint"",""coordinates"":[]}"
530_0000000000000000001f,121375681,479216672,41860,H6,075,00277302,488,C,06075,+37.7272391,-123.0322294,06,41884,G4020,San Francisco,San Francisco County,06,2023-06-15,73.72451876487577,1686787200000,"{""type"":""MultiPoint"",""coordinates"":[]}"
531_00000000000000000021,1857233047,225282636,41860,H1,013,01675903,488,A,06013,+37.9194790,-121.9515431,06,36084,G4020,Contra Costa,Contra Costa County,06,2023-06-16,63.84954244498146,1686873600000,"{""type"":""MultiPoint"",""coordinates"":[]}"
531_00000000000000000023,1909598013,216923745,41860,H1,001,01675839,488,A,06001,+37.6471385,-121.9124880,06,36084,G4020,Alameda,Alameda County,06,2023-06-16,61.59695801410844,1686873600000,"{""type"":""MultiPoint"",""coordinates"":[]}"
531_0000000000000000001f,121375681,479216672,41860,H6,075,00277302,488,C,06075,+37.7272391,-123.0322294,06,41884,G4020,San Francisco,San Francisco County,06,2023-06-16,74.43985141680854,1686873600000,"{""type"":""MultiPoint"",""coordinates"":[]}"
532_00000000000000000021,1857233047,225282636,41860,H1,013,01675903,488,A,06013,+37.9194790,-121.9515431,06,36084,G4020,Contra Costa,Contra Costa County,06,2023-06-17,66.8440403927918,1686960000000,"{""type"":""MultiPoint"",""coordinates"":[]}"
532_00000000000000000023,1909598013,216923745,41860,H1,001,01675839,488,A,06001,+37.6471385,-121.9124880,06,36084,G4020,Alameda,Alameda County,06,2023-06-17,61.71646171416232,1686960000000,"{""type"":""MultiPoint"",""coordinates"":[]}"
532_0000000000000000001f,121375681,479216672,41860,H6,075,00277302,488,C,06075,+37.7272391,-123.0322294,06,41884,G4020,San Francisco,San Francisco County,06,2023-06-17,77.80449775747611,1686960000000,"{""type"":""MultiPoint"",""coordinates"":[]}"
533_00000000000000000021,1857233047,225282636,41860,H1,013,01675903,488,A,06013,+37.9194790,-121.9515431,06,36084,G4020,Contra Costa,Contra Costa County,06,2023-06-18,56.94292929577602,1687046400000,"{""type"":""MultiPoint"",""coordinates"":[]}"
533_00000000000000000023,1909598013,216923745,41860,H1,001,01675839,488,A,06001,+37.6471385,-121.9124880,06,36084,G4020,Alameda,Alameda County,06,2023-06-18,57.01365431041272,1687046400000,"{""type"":""MultiPoint"",""coordinates"":[]}"
533_0000000000000000001f,121375681,479216672,41860,H6,075,00277302,488,C,06075,+37.7272391,-123.0322294,06,41884,G4020,San Francisco,San Francisco County,06,2023-06-18,66.44476970680688,1687046400000,"{""type"":""MultiPoint"",""coordinates"":[]}"
534_00000000000000000021,1857233047,225282636,41860,H1,013,01675903,488,A,06013,+37.9194790,-121.9515431,06,36084,G4020,Contra Costa,Contra Costa County,06,2023-06-19,53.99468876704663,1687132800000,"{""type"":""MultiPoint"",""coordinates"":[]}"
534_00000000000000000023,1909598013,216923745,41860,H1,001,01675839,488,A,06001,+37.6471385,-121.9124880,06,36084,G4020,Alameda,Alameda County,06,2023-06-19,57.95495479573625,1687132800000,"{""type"":""MultiPoint"",""coordinates"":[]}"
534_0000000000000000001f,121375681,479216672,41860,H6,075,00277302,488,C,06075,+37.7272391,-123.0322294,06,41884,G4020,San Francisco,San Francisco County,06,2023-06-19,61.71831339148894,1687132800000,"{""type"":""MultiPoint"",""coordinates"":[]}"
535_00000000000000000021,1857233047,225282636,41860,H1,013,01675903,488,A,06013,+37.9194790,-121.9515431,06,36084,G4020,Contra Costa,Contra Costa County,06,2023-06-20,50.59806736612848,1687219200000,"{""type"":""MultiPoint"",""coordinates"":[]}"
535_00000000000000000023,1909598013,216923745,41860,H1,001,01675839,488,A,06001,+37.6471385,-121.9124880,06,36084,G4020,Alameda,Alameda County,06,2023-06-20,53.705324236877374,1687219200000,"{""type"":""MultiPoint"",""coordinates"":[]}"
535_0000000000000000001f,121375681,479216672,41860,H6,075,00277302,488,C,06075,+37.7272391,-123.0322294,06,41884,G4020,San Francisco,San Francisco County,06,2023-06-20,57.61184506524459,1687219200000,"{""type"":""MultiPoint"",""coordinates"":[]}"
536_00000000000000000021,1857233047,225282636,41860,H1,013,01675903,488,A,06013,+37.9194790,-121.9515431,06,36084,G4020,Contra Costa,Contra Costa County,06,2023-06-21,53.34226268883503,1687305600000,"{""type"":""MultiPoint"",""coordinates"":[]}"
536_00000000000000000023,1909598013,216923745,41860,H1,001,01675839,488,A,06001,+37.6471385,-121.9124880,06,36084,G4020,Alameda,Alameda County,06,2023-06-21,55.63745942818089,1687305600000,"{""type"":""MultiPoint"",""coordinates"":[]}"
536_0000000000000000001f,121375681,479216672,41860,H6,075,00277302,488,C,06075,+37.7272391,-123.0322294,06,41884,G4020,San Francisco,San Francisco County,06,2023-06-21,65.53259080579953,1687305600000,"{""type"":""MultiPoint"",""coordinates"":[]}"
537_00000000000000000021,1857233047,225282636,41860,H1,013,01675903,488,A,06013,+37.9194790,-121.9515431,06,36084,G4020,Contra Costa,Contra Costa County,06,2023-06-22,61.1402774989076,1687392000000,"{""type"":""MultiPoint"",""coordinates"":[]}"
537_00000000000000000023,1909598013,216923745,41860,H1,001,01675839,488,A,06001,+37.6471385,-121.9124880,06,36084,G4020,Alameda,Alameda County,06,2023-06-22,61.99355616628787,1687392000000,"{""type"":""MultiPoint"",""coordinates"":[]}"
537_0000000000000000001f,121375681,479216672,41860,H6,075,00277302,488,C,06075,+37.7272391,-123.0322294,06,41884,G4020,San Francisco,San Francisco County,06,2023-06-22,72.40307377308723,1687392000000,"{""type"":""MultiPoint"",""coordinates"":[]}"
538_00000000000000000021,1857233047,225282636,41860,H1,013,01675903,488,A,06013,+37.9194790,-121.9515431,06,36084,G4020,Contra Costa,Contra Costa County,06,2023-06-23,65.1043202753215,1687478400000,"{""type"":""MultiPoint"",""coordinates"":[]}"
538_00000000000000000023,1909598013,216923745,41860,H1,001,01675839,488,A,06001,+37.6471385,-121.9124880,06,36084,G4020,Alameda,Alameda County,06,2023-06-23,64.23805366369665,1687478400000,"{""type"":""MultiPoint"",""coordinates"":[]}"
538_0000000000000000001f,121375681,479216672,41860,H6,075,00277302,488,C,06075,+37.7272391,-123.0322294,06,41884,G4020,San Francisco,San Francisco County,06,2023-06-23,73.98494572147597,1687478400000,"{""type"":""MultiPoint"",""coordinates"":[]}"
539_00000000000000000021,1857233047,225282636,41860,H1,013,01675903,488,A,06013,+37.9194790,-121.9515431,06,36084,G4020,Contra Costa,Contra Costa County,06,2023-06-24,66.1347793936881,1687564800000,"{""type"":""MultiPoint"",""coordinates"":[]}"
539_00000000000000000023,1909598013,216923745,41860,H1,001,01675839,488,A,06001,+37.6471385,-121.9124880,06,36084,G4020,Alameda,Alameda County,06,2023-06-24,66.76479681047118,1687564800000,"{""type"":""MultiPoint"",""coordinates"":[]}"
539_0000000000000000001f,121375681,479216672,41860,H6,075,00277302,488,C,06075,+37.7272391,-123.0322294,06,41884,G4020,San Francisco,San Francisco County,06,2023-06-24,75.08388097039146,1687564800000,"{""type"":""MultiPoint"",""coordinates"":[]}"
540_00000000000000000021,1857233047,225282636,41860,H1,013,01675903,488,A,06013,+37.9194790,-121.9515431,06,36084,G4020,Contra Costa,Contra Costa County,06,2023-06-25,67.40682042036966,1687651200000,"{""type"":""MultiPoint"",""coordinates"":[]}"
540_00000000000000000023,1909598013,216923745,41860,H1,001,01675839,488,A,06001,+37.6471385,-121.9124880,06,36084,G4020,Alameda,Alameda County,06,2023-06-25,67.42038694487157,1687651200000,"{""type"":""MultiPoint"",""coordinates"":[]}"
540_0000000000000000001f,121375681,479216672,41860,H6,075,00277302,488,C,06075,+37.7272391,-123.0322294,06,41884,G4020,San Francisco,San Francisco County,06,2023-06-25,75.10903082180987,1687651200000,"{""type"":""MultiPoint"",""coordinates"":[]}"
541_00000000000000000021,1857233047,225282636,41860,H1,013,01675903,488,A,06013,+37.9194790,-121.9515431,06,36084,G4020,Contra Costa,Contra Costa County,06,2023-06-26,69.64271061552385,1687737600000,"{""type"":""MultiPoint"",""coordinates"":[]}"
541_00000000000000000023,1909598013,216923745,41860,H1,001,01675839,488,A,06001,+37.6471385,-121.9124880,06,36084,G4020,Alameda,Alameda County,06,2023-06-26,68.40600156286794,1687737600000,"{""type"":""MultiPoint"",""coordinates"":[]}"
541_0000000000000000001f,121375681,479216672,41860,H6,075,00277302,488,C,06075,+37.7272391,-123.0322294,06,41884,G4020,San Francisco,San Francisco County,06,2023-06-26,77.13706421635972,1687737600000,"{""type"":""MultiPoint"",""coordinates"":[]}"
542_00000000000000000021,1857233047,225282636,41860,H1,013,01675903,488,A,06013,+37.9194790,-121.9515431,06,36084,G4020,Contra Costa,Contra Costa County,06,2023-06-27,67.88036962094296,1687824000000,"{""type"":""MultiPoint"",""coordinates"":[]}"
542_00000000000000000023,1909598013,216923745,41860,H1,001,01675839,488,A,06001,+37.6471385,-121.9124880,06,36084,G4020,Alameda,Alameda County,06,2023-06-27,66.50499242664803,1687824000000,"{""type"":""MultiPoint"",""coordinates"":[]}"
542_0000000000000000001f,121375681,479216672,41860,H6,075,00277302,488,C,06075,+37.7272391,-123.0322294,06,41884,G4020,San Francisco,San Francisco County,06,2023-06-27,78.41624701144676,1687824000000,"{""type"":""MultiPoint"",""coordinates"":[]}"
543_00000000000000000021,1857233047,225282636,41860,H1,013,01675903,488,A,06013,+37.9194790,-121.9515431,06,36084,G4020,Contra Costa,Contra Costa County,06,2023-06-28,67.65529675002327,1687910400000,"{""type"":""MultiPoint"",""coordinates"":[]}"
543_00000000000000000023,1909598013,216923745,41860,H1,001,01675839,488,A,06001,+37.6471385,-121.9124880,06,36084,G4020,Alameda,Alameda County,06,2023-06-28,66.5662044911874,1687910400000,"{""type"":""MultiPoint"",""coordinates"":[]}"
543_0000000000000000001f,121375681,479216672,41860,H6,075,00277302,488,C,06075,+37.7272391,-123.0322294,06,41884,G4020,San Francisco,San Francisco County,06,2023-06-28,77.45122928670315,1687910400000,"{""type"":""MultiPoint"",""coordinates"":[]}"
544_00000000000000000021,1857233047,225282636,41860,H1,013,01675903,488,A,06013,+37.9194790,-121.9515431,06,36084,G4020,Contra Costa,Contra Costa County,06,2023-06-29,65.06153700227685,1687996800000,"{""type"":""MultiPoint"",""coordinates"":[]}"
544_00000000000000000023,1909598013,216923745,41860,H1,001,01675839,488,A,06001,+37.6471385,-121.9124880,06,36084,G4020,Alameda,Alameda County,06,2023-06-29,61.23344979785192,1687996800000,"{""type"":""MultiPoint"",""coordinates"":[]}"
544_0000000000000000001f,121375681,479216672,41860,H6,075,00277302,488,C,06075,+37.7272391,-123.0322294,06,41884,G4020,San Francisco,San Francisco County,06,2023-06-29,77.6879069367263,1687996800000,"{""type"":""MultiPoint"",""coordinates"":[]}"
545_00000000000000000021,1857233047,225282636,41860,H1,013,01675903,488,A,06013,+37.9194790,-121.9515431,06,36084,G4020,Contra Costa,Contra Costa County,06,2023-06-30,58.446498603014426,1688083200000,"{""type"":""MultiPoint"",""coordinates"":[]}"
545_00000000000000000023,1909598013,216923745,41860,H1,001,01675839,488,A,06001,+37.6471385,-121.9124880,06,36084,G4020,Alameda,Alameda County,06,2023-06-30,53.78446290439578,1688083200000,"{""type"":""MultiPoint"",""coordinates"":[]}"
545_0000000000000000001f,121375681,479216672,41860,H6,075,00277302,488,C,06075,+37.7272391,-123.0322294,06,41884,G4020,San Francisco,San Francisco County,06,2023-06-30,72.72531902406222,1688083200000,"{""type"":""MultiPoint"",""coordinates"":[]}"
546_00000000000000000021,1857233047,225282636,41860,H1,013,01675903,488,A,06013,+37.9194790,-121.9515431,06,36084,G4020,Contra Costa,Contra Costa County,06,2023-07-01,52.21726056113537,1688169600000,"{""type"":""MultiPoint"",""coordinates"":[]}"
546_00000000000000000023,1909598013,216923745,41860,H1,001,01675839,488,A,06001,+37.6471385,-121.9124880,06,36084,G4020,Alameda,Alameda County,06,2023-07-01,45.92834824620293,1688169600000,"{""type"":""MultiPoint"",""coordinates"":[]}"
546_0000000000000000001f,121375681,479216672,41860,H6,075,00277302,488,C,06075,+37.7272391,-123.0322294,06,41884,G4020,San Francisco,San Francisco County,06,2023-07-01,68.85067891827757,1688169600000,"{""type"":""MultiPoint"",""coordinates"":[]}"
547_00000000000000000021,1857233047,225282636,41860,H1,013,01675903,488,A,06013,+37.9194790,-121.9515431,06,36084,G4020,Contra Costa,Contra Costa County,06,2023-07-02,47.14304303035071,1688256000000,"{""type"":""MultiPoint"",""coordinates"":[]}"
547_00000000000000000023,1909598013,216923745,41860,H1,001,01675839,488,A,06001,+37.6471385,-121.9124880,06,36084,G4020,Alameda,Alameda County,06,2023-07-02,40.97752657399777,1688256000000,"{""type"":""MultiPoint"",""coordinates"":[]}"
547_0000000000000000001f,121375681,479216672,41860,H6,075,00277302,488,C,06075,+37.7272391,-123.0322294,06,41884,G4020,San Francisco,San Francisco County,06,2023-07-02,65.10398007170208,1688256000000,"{""type"":""MultiPoint"",""coordinates"":[]}"
548_00000000000000000021,1857233047,225282636,41860,H1,013,01675903,488,A,06013,+37.9194790,-121.9515431,06,36084,G4020,Contra Costa,Contra Costa County,06,2023-07-03,50.22252120889954,1688342400000,"{""type"":""MultiPoint"",""coordinates"":[]}"
548_00000000000000000023,1909598013,216923745,41860,H1,001,01675839,488,A,06001,+37.6471385,-121.9124880,06,36084,G4020,Alameda,Alameda County,06,2023-07-03,43.64255515646936,1688342400000,"{""type"":""MultiPoint"",""coordinates"":[]}"
548_0000000000000000001f,121375681,479216672,41860,H6,075,00277302,488,C,06075,+37.7272391,-123.0322294,06,41884,G4020,San Francisco,San Francisco County,06,2023-07-03,72.10420246317179,1688342400000,"{""type"":""MultiPoint"",""coordinates"":[]}"
549_00000000000000000021,1857233047,225282636,41860,H1,013,01675903,488,A,06013,+37.9194790,-121.9515431,06,36084,G4020,Contra Costa,Contra Costa County,06,2023-07-04,59.54477956113032,1688428800000,"{""type"":""MultiPoint"",""coordinates"":[]}"
549_00000000000000000023,1909598013,216923745,41860,H1,001,01675839,488,A,06001,+37.6471385,-121.9124880,06,36084,G4020,Alameda,Alameda County,06,2023-07-04,52.65768989568511,1688428800000,"{""type"":""MultiPoint"",""coordinates"":[]}"
549_0000000000000000001f,121375681,479216672,41860,H6,075,00277302,488,C,06075,+37.7272391,-123.0322294,06,41884,G4020,San Francisco,San Francisco County,06,2023-07-04,74.13984586201154,1688428800000,"{""type"":""MultiPoint"",""coordinates"":[]}"
550_00000000000000000021,1857233047,225282636,41860,H1,013,01675903,488,A,06013,+37.9194790,-121.9515431,06,36084,G4020,Contra Costa,Contra Costa County,06,2023-07-05,64.69554453175658,1688515200000,"{""type"":""MultiPoint"",""coordinates"":[]}"
550_00000000000000000023,1909598013,216923745,41860,H1,001,01675839,488,A,06001,+37.6471385,-121.9124880,06,36084,G4020,Alameda,Alameda County,06,2023-07-05,57.520672259471866,1688515200000,"{""type"":""MultiPoint"",""coordinates"":[]}"
550_0000000000000000001f,121375681,479216672,41860,H6,075,00277302,488,C,06075,+37.7272391,-123.0322294,06,41884,G4020,San Francisco,San Francisco County,06,2023-07-05,76.55294186728253,1688515200000,"{""type"":""MultiPoint"",""coordinates"":[]}"
551_00000000000000000021,1857233047,225282636,41860,H1,013,01675903,488,A,06013,+37.9194790,-121.9515431,06,36084,G4020,Contra Costa,Contra Costa County,06,2023-07-06,70.29597542422938,1688601600000,"{""type"":""MultiPoint"",""coordinates"":[]}"
551_00000000000000000023,1909598013,216923745,41860,H1,001,01675839,488,A,06001,+37.6471385,-121.9124880,06,36084,G4020,Alameda,Alameda County,06,2023-07-06,64.16995616179568,1688601600000,"{""type"":""MultiPoint"",""coordinates"":[]}"
551_0000000000000000001f,121375681,479216672,41860,H6,075,00277302,488,C,06075,+37.7272391,-123.0322294,06,41884,G4020,San Francisco,San Francisco County,06,2023-07-06,79.3067907893365,1688601600000,"{""type"":""MultiPoint"",""coordinates"":[]}"
552_00000000000000000021,1857233047,225282636,41860,H1,013,01675903,488,A,06013,+37.9194790,-121.9515431,06,36084,G4020,Contra Costa,Contra Costa County,06,2023-07-07,69.69934016695707,1688688000000,"{""type"":""MultiPoint"",""coordinates"":[]}"
552_00000000000000000023,1909598013,216923745,41860,H1,001,01675839,488,A,06001,+37.6471385,-121.9124880,06,36084,G4020,Alameda,Alameda County,06,2023-07-07,66.78012439970875,1688688000000,"{""type"":""MultiPoint"",""coordinates"":[]}"
552_0000000000000000001f,121375681,479216672,41860,H6,075,00277302,488,C,06075,+37.7272391,-123.0322294,06,41884,G4020,San Francisco,San Francisco County,06,2023-07-07,78.10206189030507,1688688000000,"{""type"":""MultiPoint"",""coordinates"":[]}"
553_00000000000000000021,1857233047,225282636,41860,H1,013,01675903,488,A,06013,+37.9194790,-121.9515431,06,36084,G4020,Contra Costa,Contra Costa County,06,2023-07-08,64.39445311373564,1688774400000,"{""type"":""MultiPoint"",""coordinates"":[]}"
553_00000000000000000023,1909598013,216923745,41860,H1,001,01675839,488,A,06001,+37.6471385,-121.9124880,06,36084,G4020,Alameda,Alameda County,06,2023-07-08,63.68770748903057,1688774400000,"{""type"":""MultiPoint"",""coordinates"":[]}"
553_0000000000000000001f,121375681,479216672,41860,H6,075,00277302,488,C,06075,+37.7272391,-123.0322294,06,41884,G4020,San Francisco,San Francisco County,06,2023-07-08,72.58030502567398,1688774400000,"{""type"":""MultiPoint"",""coordinates"":[]}"
554_00000000000000000021,1857233047,225282636,41860,H1,013,01675903,488,A,06013,+37.9194790,-121.9515431,06,36084,G4020,Contra Costa,Contra Costa County,06,2023-07-09,66.34879486081205,1688860800000,"{""type"":""MultiPoint"",""coordinates"":[]}"
554_00000000000000000023,1909598013,216923745,41860,H1,001,01675839,488,A,06001,+37.6471385,-121.9124880,06,36084,G4020,Alameda,Alameda County,06,2023-07-09,65.70977657882257,1688860800000,"{""type"":""MultiPoint"",""coordinates"":[]}"
554_0000000000000000001f,121375681,479216672,41860,H6,075,00277302,488,C,06075,+37.7272391,-123.0322294,06,41884,G4020,San Francisco,San Francisco County,06,2023-07-09,73.77437067107526,1688860800000,"{""type"":""MultiPoint"",""coordinates"":[]}"
555_00000000000000000021,1857233047,225282636,41860,H1,013,01675903,488,A,06013,+37.9194790,-121.9515431,06,36084,G4020,Contra Costa,Contra Costa County,06,2023-07-10,68.05783350974568,1688947200000,"{""type"":""MultiPoint"",""coordinates"":[]}"
555_00000000000000000023,1909598013,216923745,41860,H1,001,01675839,488,A,06001,+37.6471385,-121.9124880,06,36084,G4020,Alameda,Alameda County,06,2023-07-10,65.76506800710278,1688947200000,"{""type"":""MultiPoint"",""coordinates"":[]}"
555_0000000000000000001f,121375681,479216672,41860,H6,075,00277302,488,C,06075,+37.7272391,-123.0322294,06,41884,G4020,San Francisco,San Francisco County,06,2023-07-10,77.02582704284691,1688947200000,"{""type"":""MultiPoint"",""coordinates"":[]}"
556_00000000000000000021,1857233047,225282636,41860,H1,013,01675903,488,A,06013,+37.9194790,-121.9515431,06,36084,G4020,Contra Costa,Contra Costa County,06,2023-07-11,59.03251355337983,1689033600000,"{""type"":""MultiPoint"",""coordinates"":[]}"
556_00000000000000000023,1909598013,216923745,41860,H1,001,01675839,488,A,06001,+37.6471385,-121.9124880,06,36084,G4020,Alameda,Alameda County,06,2023-07-11,54.50451152208379,1689033600000,"{""type"":""MultiPoint"",""coordinates"":[]}"
556_0000000000000000001f,121375681,479216672,41860,H6,075,00277302,488,C,06075,+37.7272391,-123.0322294,06,41884,G4020,San Francisco,San Francisco County,06,2023-07-11,72.15902012292266,1689033600000,"{""type"":""MultiPoint"",""coordinates"":[]}"
557_00000000000000000021,1857233047,225282636,41860,H1,013,01675903,488,A,06013,+37.9194790,-121.9515431,06,36084,G4020,Contra Costa,Contra Costa County,06,2023-07-12,60.285879678908884,1689120000000,"{""type"":""MultiPoint"",""coordinates"":[]}"
557_00000000000000000023,1909598013,216923745,41860,H1,001,01675839,488,A,06001,+37.6471385,-121.9124880,06,36084,G4020,Alameda,Alameda County,06,2023-07-12,54.94836538311958,1689120000000,"{""type"":""MultiPoint"",""coordinates"":[]}"
557_0000000000000000001f,121375681,479216672,41860,H6,075,00277302,488,C,06075,+37.7272391,-123.0322294,06,41884,G4020,San Francisco,San Francisco County,06,2023-07-12,76.04993845786579,1689120000000,"{""type"":""MultiPoint"",""coordinates"":[]}"
558_00000000000000000021,1857233047,225282636,41860,H1,013,01675903,488,A,06013,+37.9194790,-121.9515431,06,36084,G4020,Contra Costa,Contra Costa County,06,2023-07-13,58.94922452785358,1689206400000,"{""type"":""MultiPoint"",""coordinates"":[]}"
558_00000000000000000023,1909598013,216923745,41860,H1,001,01675839,488,A,06001,+37.6471385,-121.9124880,06,36084,G4020,Alameda,Alameda County,06,2023-07-13,55.453306152702766,1689206400000,"{""type"":""MultiPoint"",""coordinates"":[]}"
558_0000000000000000001f,121375681,479216672,41860,H6,075,00277302,488,C,06075,+37.7272391,-123.0322294,06,41884,G4020,San Francisco,San Francisco County,06,2023-07-13,70.83168727578906,1689206400000,"{""type"":""MultiPoint"",""coordinates"":[]}"
559_00000000000000000021,1857233047,225282636,41860,H1,013,01675903,488,A,06013,+37.9194790,-121.9515431,06,36084,G4020,Contra Costa,Contra Costa County,06,2023-07-14,59.603489726106474,1689292800000,"{""type"":""MultiPoint"",""coordinates"":[]}"
559_00000000000000000023,1909598013,216923745,41860,H1,001,01675839,488,A,06001,+37.6471385,-121.9124880,06,36084,G4020,Alameda,Alameda County,06,2023-07-14,55.65709322053905,1689292800000,"{""type"":""MultiPoint"",""coordinates"":[]}"
559_0000000000000000001f,121375681,479216672,41860,H6,075,00277302,488,C,06075,+37.7272391,-123.0322294,06,41884,G4020,San Francisco,San Francisco County,06,2023-07-14,74.70108486384648,1689292800000,"{""type"":""MultiPoint"",""coordinates"":[]}"
560_00000000000000000021,1857233047,225282636,41860,H1,013,01675903,488,A,06013,+37.9194790,-121.9515431,06,36084,G4020,Contra Costa,Contra Costa County,06,2023-07-15,60.29002441001771,1689379200000,"{""type"":""MultiPoint"",""coordinates"":[]}"
560_00000000000000000023,1909598013,216923745,41860,H1,001,01675839,488,A,06001,+37.6471385,-121.9124880,06,36084,G4020,Alameda,Alameda County,06,2023-07-15,55.09371120278379,1689379200000,"{""type"":""MultiPoint"",""coordinates"":[]}"
560_0000000000000000001f,121375681,479216672,41860,H6,075,00277302,488,C,06075,+37.7272391,-123.0322294,06,41884,G4020,San Francisco,San Francisco County,06,2023-07-15,74.40022156406997,1689379200000,"{""type"":""MultiPoint"",""coordinates"":[]}"
561_00000000000000000021,1857233047,225282636,41860,H1,013,01675903,488,A,06013,+37.9194790,-121.9515431,06,36084,G4020,Contra Costa,Contra Costa County,06,2023-07-16,57.05602654113608,1689465600000,"{""type"":""MultiPoint"",""coordinates"":[]}"
561_00000000000000000023,1909598013,216923745,41860,H1,001,01675839,488,A,06001,+37.6471385,-121.9124880,06,36084,G4020,Alameda,Alameda County,06,2023-07-16,49.653359786606465,1689465600000,"{""type"":""MultiPoint"",""coordinates"":[]}"
561_0000000000000000001f,121375681,479216672,41860,H6,075,00277302,488,C,06075,+37.7272391,-123.0322294,06,41884,G4020,San Francisco,San Francisco County,06,2023-07-16,69.63382145528406,1689465600000,"{""type"":""MultiPoint"",""coordinates"":[]}"
562_00000000000000000021,1857233047,225282636,41860,H1,013,01675903,488,A,06013,+37.9194790,-121.9515431,06,36084,G4020,Contra Costa,Contra Costa County,06,2023-07-17,54.04127773899175,1689552000000,"{""type"":""MultiPoint"",""coordinates"":[]}"
562_00000000000000000023,1909598013,216923745,41860,H1,001,01675839,488,A,06001,+37.6471385,-121.9124880,06,36084,G4020,Alameda,Alameda County,06,2023-07-17,47.1519000202409,1689552000000,"{""type"":""MultiPoint"",""coordinates"":[]}"
562_0000000000000000001f,121375681,479216672,41860,H6,075,00277302,488,C,06075,+37.7272391,-123.0322294,06,41884,G4020,San Francisco,San Francisco County,06,2023-07-17,69.11017029021573,1689552000000,"{""type"":""MultiPoint"",""coordinates"":[]}"
563_00000000000000000021,1857233047,225282636,41860,H1,013,01675903,488,A,06013,+37.9194790,-121.9515431,06,36084,G4020,Contra Costa,Contra Costa County,06,2023-07-18,57.83331155424857,1689638400000,"{""type"":""MultiPoint"",""coordinates"":[]}"
563_00000000000000000023,1909598013,216923745,41860,H1,001,01675839,488,A,06001,+37.6471385,-121.9124880,06,36084,G4020,Alameda,Alameda County,06,2023-07-18,50.097354220401876,1689638400000,"{""type"":""MultiPoint"",""coordinates"":[]}"
563_0000000000000000001f,121375681,479216672,41860,H6,075,00277302,488,C,06075,+37.7272391,-123.0322294,06,41884,G4020,San Francisco,San Francisco County,06,2023-07-18,73.90856601315264,1689638400000,"{""type"":""MultiPoint"",""coordinates"":[]}"
564_00000000000000000021,1857233047,225282636,41860,H1,013,01675903,488,A,06013,+37.9194790,-121.9515431,06,36084,G4020,Contra Costa,Contra Costa County,06,2023-07-19,64.60631188604951,1689724800000,"{""type"":""MultiPoint"",""coordinates"":[]}"
564_00000000000000000023,1909598013,216923745,41860,H1,001,01675839,488,A,06001,+37.6471385,-121.9124880,06,36084,G4020,Alameda,Alameda County,06,2023-07-19,56.649262240936125,1689724800000,"{""type"":""MultiPoint"",""coordinates"":[]}"
564_0000000000000000001f,121375681,479216672,41860,H6,075,00277302,488,C,06075,+37.7272391,-123.0322294,06,41884,G4020,San Francisco,San Francisco County,06,2023-07-19,78.38965268759442,1689724800000,"{""type"":""MultiPoint"",""coordinates"":[]}"
565_00000000000000000021,1857233047,225282636,41860,H1,013,01675903,488,A,06013,+37.9194790,-121.9515431,06,36084,G4020,Contra Costa,Contra Costa County,06,2023-07-20,64.56401143184286,1689811200000,"{""type"":""MultiPoint"",""coordinates"":[]}"
565_00000000000000000023,1909598013,216923745,41860,H1,001,01675839,488,A,06001,+37.6471385,-121.9124880,06,36084,G4020,Alameda,Alameda County,06,2023-07-20,57.97227166660798,1689811200000,"{""type"":""MultiPoint"",""coordinates"":[]}"
565_0000000000000000001f,121375681,479216672,41860,H6,075,00277302,488,C,06075,+37.7272391,-123.0322294,06,41884,G4020,San Francisco,San Francisco County,06,2023-07-20,76.42670484439596,1689811200000,"{""type"":""MultiPoint"",""coordinates"":[]}"
566_00000000000000000021,1857233047,225282636,41860,H1,013,01675903,488,A,06013,+37.9194790,-121.9515431,06,36084,G4020,Contra Costa,Contra Costa County,06,2023-07-21,56.50487413394576,1689897600000,"{""type"":""MultiPoint"",""coordinates"":[]}"
566_00000000000000000023,1909598013,216923745,41860,H1,001,01675839,488,A,06001,+37.6471385,-121.9124880,06,36084,G4020,Alameda,Alameda County,06,2023-07-21,52.399944980168875,1689897600000,"{""type"":""MultiPoint"",""coordinates"":[]}"
566_0000000000000000001f,121375681,479216672,41860,H6,075,00277302,488,C,06075,+37.7272391,-123.0322294,06,41884,G4020,San Francisco,San Francisco County,06,2023-07-21,67.71631776409043,1689897600000,"{""type"":""MultiPoint"",""coordinates"":[]}"
567_00000000000000000021,1857233047,225282636,41860,H1,013,01675903,488,A,06013,+37.9194790,-121.9515431,06,36084,G4020,Contra Costa,Contra Costa County,06,2023-07-22,50.88234708658257,1689984000000,"{""type"":""MultiPoint"",""coordinates"":[]}"
567_00000000000000000023,1909598013,216923745,41860,H1,001,01675839,488,A,06001,+37.6471385,-121.9124880,06,36084,G4020,Alameda,Alameda County,06,2023-07-22,46.25276830152385,1689984000000,"{""type"":""MultiPoint"",""coordinates"":[]}"
567_0000000000000000001f,121375681,479216672,41860,H6,075,00277302,488,C,06075,+37.7272391,-123.0322294,06,41884,G4020,San Francisco,San Francisco County,06,2023-07-22,62.87158117117588,1689984000000,"{""type"":""MultiPoint"",""coordinates"":[]}"
568_00000000000000000021,1857233047,225282636,41860,H1,013,01675903,488,A,06013,+37.9194790,-121.9515431,06,36084,G4020,Contra Costa,Contra Costa County,06,2023-07-23,51.935866413692395,1690070400000,"{""type"":""MultiPoint"",""coordinates"":[]}"
568_00000000000000000023,1909598013,216923745,41860,H1,001,01675839,488,A,06001,+37.6471385,-121.9124880,06,36084,G4020,Alameda,Alameda County,06,2023-07-23,47.56176364929904,1690070400000,"{""type"":""MultiPoint"",""coordinates"":[]}"
568_0000000000000000001f,121375681,479216672,41860,H6,075,00277302,488,C,06075,+37.7272391,-123.0322294,06,41884,G4020,San Francisco,San Francisco County,06,2023-07-23,64.57266800900061,1690070400000,"{""type"":""MultiPoint"",""coordinates"":[]}"
569_00000000000000000021,1857233047,225282636,41860,H1,013,01675903,488,A,06013,+37.9194790,-121.9515431,06,36084,G4020,Contra Costa,Contra Costa County,06,2023-07-24,56.20455155312287,1690156800000,"{""type"":""MultiPoint"",""coordinates"":[]}"
569_00000000000000000023,1909598013,216923745,41860,H1,001,01675839,488,A,06001,+37.6471385,-121.9124880,06,36084,G4020,Alameda,Alameda County,06,2023-07-24,52.2326530513315,1690156800000,"{""type"":""MultiPoint"",""coordinates"":[]}"
569_0000000000000000001f,121375681,479216672,41860,H6,075,00277302,488,C,06075,+37.7272391,-123.0322294,06,41884,G4020,San Francisco,San Francisco County,06,2023-07-24,70.02902884094935,1690156800000,"{""type"":""MultiPoint"",""coordinates"":[]}"
570_00000000000000000021,1857233047,225282636,41860,H1,013,01675903,488,A,06013,+37.9194790,-121.9515431,06,36084,G4020,Contra Costa,Contra Costa County,06,2023-07-25,56.92833239109918,1690243200000,"{""type"":""MultiPoint"",""coordinates"":[]}"
570_00000000000000000023,1909598013,216923745,41860,H1,001,01675839,488,A,06001,+37.6471385,-121.9124880,06,36084,G4020,Alameda,Alameda County,06,2023-07-25,53.438619992350226,1690243200000,"{""type"":""MultiPoint"",""coordinates"":[]}"
570_0000000000000000001f,121375681,479216672,41860,H6,075,00277302,488,C,06075,+37.7272391,-123.0322294,06,41884,G4020,San Francisco,San Francisco County,06,2023-07-25,70.50257995213644,1690243200000,"{""type"":""MultiPoint"",""coordinates"":[]}"
571_00000000000000000021,1857233047,225282636,41860,H1,013,01675903,488,A,06013,+37.9194790,-121.9515431,06,36084,G4020,Contra Costa,Contra Costa County,06,2023-07-26,59.93704103531661,1690329600000,"{""type"":""MultiPoint"",""coordinates"":[]}"
571_00000000000000000023,1909598013,216923745,41860,H1,001,01675839,488,A,06001,+37.6471385,-121.9124880,06,36084,G4020,Alameda,Alameda County,06,2023-07-26,55.92848148628747,1690329600000,"{""type"":""MultiPoint"",""coordinates"":[]}"
571_0000000000000000001f,121375681,479216672,41860,H6,075,00277302,488,C,06075,+37.7272391,-123.0322294,06,41884,G4020,San Francisco,San Francisco County,06,2023-07-26,74.10781364974618,1690329600000,"{""type"":""MultiPoint"",""coordinates"":[]}"
572_00000000000000000021,1857233047,225282636,41860,H1,013,01675903,488,A,06013,+37.9194790,-121.9515431,06,36084,G4020,Contra Costa,Contra Costa County,06,2023-07-27,61.56821785997599,1690416000000,"{""type"":""MultiPoint"",""coordinates"":[]}"
572_00000000000000000023,1909598013,216923745,41860,H1,001,01675839,488,A,06001,+37.6471385,-121.9124880,06,36084,G4020,Alameda,Alameda County,06,2023-07-27,57.19289930919212,1690416000000,"{""type"":""MultiPoint"",""coordinates"":[]}"
572_0000000000000000001f,121375681,479216672,41860,H6,075,00277302,488,C,06075,+37.7272391,-123.0322294,06,41884,G4020,San Francisco,San Francisco County,06,2023-07-27,73.54124769260528,1690416000000,"{""type"":""MultiPoint"",""coordinates"":[]}"
573_00000000000000000021,1857233047,225282636,41860,H1,013,01675903,488,A,06013,+37.9194790,-121.9515431,06,36084,G4020,Contra Costa,Contra Costa County,06,2023-07-28,56.87677214563613,1690502400000,"{""type"":""MultiPoint"",""coordinates"":[]}"
573_00000000000000000023,1909598013,216923745,41860,H1,001,01675839,488,A,06001,+37.6471385,-121.9124880,06,36084,G4020,Alameda,Alameda County,06,2023-07-28,52.7710307267502,1690502400000,"{""type"":""MultiPoint"",""coordinates"":[]}"
573_0000000000000000001f,121375681,479216672,41860,H6,075,00277302,488,C,06075,+37.7272391,-123.0322294,06,41884,G4020,San Francisco,San Francisco County,06,2023-07-28,70.88800807595815,1690502400000,"{""type"":""MultiPoint"",""coordinates"":[]}"
574_00000000000000000021,1857233047,225282636,41860,H1,013,01675903,488,A,06013,+37.9194790,-121.9515431,06,36084,G4020,Contra Costa,Contra Costa County,06,2023-07-29,54.08227364551142,1690588800000,"{""type"":""MultiPoint"",""coordinates"":[]}"
574_00000000000000000023,1909598013,216923745,41860,H1,001,01675839,488,A,06001,+37.6471385,-121.9124880,06,36084,G4020,Alameda,Alameda County,06,2023-07-29,49.86587956191483,1690588800000,"{""type"":""MultiPoint"",""coordinates"":[]}"
574_0000000000000000001f,121375681,479216672,41860,H6,075,00277302,488,C,06075,+37.7272391,-123.0322294,06,41884,G4020,San Francisco,San Francisco County,06,2023-07-29,71.60304133345063,1690588800000,"{""type"":""MultiPoint"",""coordinates"":[]}"
575_00000000000000000021,1857233047,225282636,41860,H1,013,01675903,488,A,06013,+37.9194790,-121.9515431,06,36084,G4020,Contra Costa,Contra Costa County,06,2023-07-30,51.75879270494269,1690675200000,"{""type"":""MultiPoint"",""coordinates"":[]}"
575_00000000000000000023,1909598013,216923745,41860,H1,001,01675839,488,A,06001,+37.6471385,-121.9124880,06,36084,G4020,Alameda,Alameda County,06,2023-07-30,47.140676883755816,1690675200000,"{""type"":""MultiPoint"",""coordinates"":[]}"
575_0000000000000000001f,121375681,479216672,41860,H6,075,00277302,488,C,06075,+37.7272391,-123.0322294,06,41884,G4020,San Francisco,San Francisco County,06,2023-07-30,69.42026595408329,1690675200000,"{""type"":""MultiPoint"",""coordinates"":[]}"
576_00000000000000000021,1857233047,225282636,41860,H1,013,01675903,488,A,06013,+37.9194790,-121.9515431,06,36084,G4020,Contra Costa,Contra Costa County,06,2023-07-31,56.34746773931008,1690761600000,"{""type"":""MultiPoint"",""coordinates"":[]}"
576_00000000000000000023,1909598013,216923745,41860,H1,001,01675839,488,A,06001,+37.6471385,-121.9124880,06,36084,G4020,Alameda,Alameda County,06,2023-07-31,50.3695969945406,1690761600000,"{""type"":""MultiPoint"",""coordinates"":[]}"
576_0000000000000000001f,121375681,479216672,41860,H6,075,00277302,488,C,06075,+37.7272391,-123.0322294,06,41884,G4020,San Francisco,San Francisco County,06,2023-07-31,72.74081362466497,1690761600000,"{""type"":""MultiPoint"",""coordinates"":[]}"
577_00000000000000000021,1857233047,225282636,41860,H1,013,01675903,488,A,06013,+37.9194790,-121.9515431,06,36084,G4020,Contra Costa,Contra Costa County,06,2023-08-01,62.22972159965423,1690848000000,"{""type"":""MultiPoint"",""coordinates"":[]}"
577_00000000000000000023,1909598013,216923745,41860,H1,001,01675839,488,A,06001,+37.6471385,-121.9124880,06,36084,G4020,Alameda,Alameda County,06,2023-08-01,56.94349653001449,1690848000000,"{""type"":""MultiPoint"",""coordinates"":[]}"
577_0000000000000000001f,121375681,479216672,41860,H6,075,00277302,488,C,06075,+37.7272391,-123.0322294,06,41884,G4020,San Francisco,San Francisco County,06,2023-08-01,77.43434046174362,1690848000000,"{""type"":""MultiPoint"",""coordinates"":[]}"
578_00000000000000000021,1857233047,225282636,41860,H1,013,01675903,488,A,06013,+37.9194790,-121.9515431,06,36084,G4020,Contra Costa,Contra Costa County,06,2023-08-02,69.51451479143104,1690934400000,"{""type"":""MultiPoint"",""coordinates"":[]}"
578_00000000000000000023,1909598013,216923745,41860,H1,001,01675839,488,A,06001,+37.6471385,-121.9124880,06,36084,G4020,Alameda,Alameda County,06,2023-08-02,66.06721361688773,1690934400000,"{""type"":""MultiPoint"",""coordinates"":[]}"
578_0000000000000000001f,121375681,479216672,41860,H6,075,00277302,488,C,06075,+37.7272391,-123.0322294,06,41884,G4020,San Francisco,San Francisco County,06,2023-08-02,80.1867333942464,1690934400000,"{""type"":""MultiPoint"",""coordinates"":[]}"
579_00000000000000000021,1857233047,225282636,41860,H1,013,01675903,488,A,06013,+37.9194790,-121.9515431,06,36084,G4020,Contra Costa,Contra Costa County,06,2023-08-03,65.59773765677978,1691020800000,"{""type"":""MultiPoint"",""coordinates"":[]}"
579_00000000000000000023,1909598013,216923745,41860,H1,001,01675839,488,A,06001,+37.6471385,-121.9124880,06,36084,G4020,Alameda,Alameda County,06,2023-08-03,66.12855908797981,1691020800000,"{""type"":""MultiPoint"",""coordinates"":[]}"
579_0000000000000000001f,121375681,479216672,41860,H6,075,00277302,488,C,06075,+37.7272391,-123.0322294,06,41884,G4020,San Francisco,San Francisco County,06,2023-08-03,74.88313101033745,1691020800000,"{""type"":""MultiPoint"",""coordinates"":[]}"
580_00000000000000000021,1857233047,225282636,41860,H1,013,01675903,488,A,06013,+37.9194790,-121.9515431,06,36084,G4020,Contra Costa,Contra Costa County,06,2023-08-04,68.61031483733439,1691107200000,"{""type"":""MultiPoint"",""coordinates"":[]}"
580_00000000000000000023,1909598013,216923745,41860,H1,001,01675839,488,A,06001,+37.6471385,-121.9124880,06,36084,G4020,Alameda,Alameda County,06,2023-08-04,67.29276143157199,1691107200000,"{""type"":""MultiPoint"",""coordinates"":[]}"
580_0000000000000000001f,121375681,479216672,41860,H6,075,00277302,488,C,06075,+37.7272391,-123.0322294,06,41884,G4020,San Francisco,San Francisco County,06,2023-08-04,77.65644201372574,1691107200000,"{""type"":""MultiPoint"",""coordinates"":[]}"
581_00000000000000000021,1857233047,225282636,41860,H1,013,01675903,488,A,06013,+37.9194790,-121.9515431,06,36084,G4020,Contra Costa,Contra Costa County,06,2023-08-05,61.807143025949124,1691193600000,"{""type"":""MultiPoint"",""coordinates"":[]}"
581_00000000000000000023,1909598013,216923745,41860,H1,001,01675839,488,A,06001,+37.6471385,-121.9124880,06,36084,G4020,Alameda,Alameda County,06,2023-08-05,60.90739260535758,1691193600000,"{""type"":""MultiPoint"",""coordinates"":[]}"
581_0000000000000000001f,121375681,479216672,41860,H6,075,00277302,488,C,06075,+37.7272391,-123.0322294,06,41884,G4020,San Francisco,San Francisco County,06,2023-08-05,72.88194707986403,1691193600000,"{""type"":""MultiPoint"",""coordinates"":[]}"
582_00000000000000000021,1857233047,225282636,41860,H1,013,01675903,488,A,06013,+37.9194790,-121.9515431,06,36084,G4020,Contra Costa,Contra Costa County,06,2023-08-06,52.61913565270532,1691280000000,"{""type"":""MultiPoint"",""coordinates"":[]}"
582_00000000000000000023,1909598013,216923745,41860,H1,001,01675839,488,A,06001,+37.6471385,-121.9124880,06,36084,G4020,Alameda,Alameda County,06,2023-08-06,51.89213591567865,1691280000000,"{""type"":""MultiPoint"",""coordinates"":[]}"
582_0000000000000000001f,121375681,479216672,41860,H6,075,00277302,488,C,06075,+37.7272391,-123.0322294,06,41884,G4020,San Francisco,San Francisco County,06,2023-08-06,64.97539323647275,1691280000000,"{""type"":""MultiPoint"",""coordinates"":[]}"
583_00000000000000000021,1857233047,225282636,41860,H1,013,01675903,488,A,06013,+37.9194790,-121.9515431,06,36084,G4020,Contra Costa,Contra Costa County,06,2023-08-07,49.62924955683664,1691366400000,"{""type"":""MultiPoint"",""coordinates"":[]}"
583_00000000000000000023,1909598013,216923745,41860,H1,001,01675839,488,A,06001,+37.6471385,-121.9124880,06,36084,G4020,Alameda,Alameda County,06,2023-08-07,47.66193561503879,1691366400000,"{""type"":""MultiPoint"",""coordinates"":[]}"
583_0000000000000000001f,121375681,479216672,41860,H6,075,00277302,488,C,06075,+37.7272391,-123.0322294,06,41884,G4020,San Francisco,San Francisco County,06,2023-08-07,64.13134224093064,1691366400000,"{""type"":""MultiPoint"",""coordinates"":[]}"
584_00000000000000000021,1857233047,225282636,41860,H1,013,01675903,488,A,06013,+37.9194790,-121.9515431,06,36084,G4020,Contra Costa,Contra Costa County,06,2023-08-08,64.28231586693246,1691452800000,"{""type"":""MultiPoint"",""coordinates"":[]}"
584_00000000000000000023,1909598013,216923745,41860,H1,001,01675839,488,A,06001,+37.6471385,-121.9124880,06,36084,G4020,Alameda,Alameda County,06,2023-08-08,59.47748348482379,1691452800000,"{""type"":""MultiPoint"",""coordinates"":[]}"
584_0000000000000000001f,121375681,479216672,41860,H6,075,00277302,488,C,06075,+37.7272391,-123.0322294,06,41884,G4020,San Francisco,San Francisco County,06,2023-08-08,81.0782983159422,1691452800000,"{""type"":""MultiPoint"",""coordinates"":[]}"
585_00000000000000000021,1857233047,225282636,41860,H1,013,01675903,488,A,06013,+37.9194790,-121.9515431,06,36084,G4020,Contra Costa,Contra Costa County,06,2023-08-09,69.95089119917799,1691539200000,"{""type"":""MultiPoint"",""coordinates"":[]}"
585_00000000000000000023,1909598013,216923745,41860,H1,001,01675839,488,A,06001,+37.6471385,-121.9124880,06,36084,G4020,Alameda,Alameda County,06,2023-08-09,64.18306280057985,1691539200000,"{""type"":""MultiPoint"",""coordinates"":[]}"
585_0000000000000000001f,121375681,479216672,41860,H6,075,00277302,488,C,06075,+37.7272391,-123.0322294,06,41884,G4020,San Francisco,San Francisco County,06,2023-08-09,81.6734658670097,1691539200000,"{""type"":""MultiPoint"",""coordinates"":[]}"
586_00000000000000000021,1857233047,225282636,41860,H1,013,01675903,488,A,06013,+37.9194790,-121.9515431,06,36084,G4020,Contra Costa,Contra Costa County,06,2023-08-10,70.09733503257338,1691625600000,"{""type"":""MultiPoint"",""coordinates"":[]}"
586_00000000000000000023,1909598013,216923745,41860,H1,001,01675839,488,A,06001,+37.6471385,-121.9124880,06,36084,G4020,Alameda,Alameda County,06,2023-08-10,64.61652554483108,1691625600000,"{""type"":""MultiPoint"",""coordinates"":[]}"
586_0000000000000000001f,121375681,479216672,41860,H6,075,00277302,488,C,06075,+37.7272391,-123.0322294,06,41884,G4020,San Francisco,San Francisco County,06,2023-08-10,83.72117124424726,1691625600000,"{""type"":""MultiPoint"",""coordinates"":[]}"
587_00000000000000000021,1857233047,225282636,41860,H1,013,01675903,488,A,06013,+37.9194790,-121.9515431,06,36084,G4020,Contra Costa,Contra Costa County,06,2023-08-11,69.86509548943934,1691712000000,"{""type"":""MultiPoint"",""coordinates"":[]}"
587_00000000000000000023,1909598013,216923745,41860,H1,001,01675839,488,A,06001,+37.6471385,-121.9124880,06,36084,G4020,Alameda,Alameda County,06,2023-08-11,66.49810271912654,1691712000000,"{""type"":""MultiPoint"",""coordinates"":[]}"
587_0000000000000000001f,121375681,479216672,41860,H6,075,00277302,488,C,06075,+37.7272391,-123.0322294,06,41884,G4020,San Francisco,San Francisco County,06,2023-08-11,81.29478065399684,1691712000000,"{""type"":""MultiPoint"",""coordinates"":[]}"
588_00000000000000000021,1857233047,225282636,41860,H1,013,01675903,488,A,06013,+37.9194790,-121.9515431,06,36084,G4020,Contra Costa,Contra Costa County,06,2023-08-12,64.06325272066961,1691798400000,"{""type"":""MultiPoint"",""coordinates"":[]}"
588_00000000000000000023,1909598013,216923745,41860,H1,001,01675839,488,A,06001,+37.6471385,-121.9124880,06,36084,G4020,Alameda,Alameda County,06,2023-08-12,60.98737682627624,1691798400000,"{""type"":""MultiPoint"",""coordinates"":[]}"
588_0000000000000000001f,121375681,479216672,41860,H6,075,00277302,488,C,06075,+37.7272391,-123.0322294,06,41884,G4020,San Francisco,San Francisco County,06,2023-08-12,77.51231643846914,1691798400000,"{""type"":""MultiPoint"",""coordinates"":[]}"
589_00000000000000000021,1857233047,225282636,41860,H1,013,01675903,488,A,06013,+37.9194790,-121.9515431,06,36084,G4020,Contra Costa,Contra Costa County,06,2023-08-13,57.43819670839768,1691884800000,"{""type"":""MultiPoint"",""coordinates"":[]}"
589_00000000000000000023,1909598013,216923745,41860,H1,001,01675839,488,A,06001,+37.6471385,-121.9124880,06,36084,G4020,Alameda,Alameda County,06,2023-08-13,53.94514939786133,1691884800000,"{""type"":""MultiPoint"",""coordinates"":[]}"
589_0000000000000000001f,121375681,479216672,41860,H6,075,00277302,488,C,06075,+37.7272391,-123.0322294,06,41884,G4020,San Francisco,San Francisco County,06,2023-08-13,74.74597610489336,1691884800000,"{""type"":""MultiPoint"",""coordinates"":[]}"
590_00000000000000000021,1857233047,225282636,41860,H1,013,01675903,488,A,06013,+37.9194790,-121.9515431,06,36084,G4020,Contra Costa,Contra Costa County,06,2023-08-14,56.863296772828754,1691971200000,"{""type"":""MultiPoint"",""coordinates"":[]}"
590_00000000000000000023,1909598013,216923745,41860,H1,001,01675839,488,A,06001,+37.6471385,-121.9124880,06,36084,G4020,Alameda,Alameda County,06,2023-08-14,52.19677042376798,1691971200000,"{""type"":""MultiPoint"",""coordinates"":[]}"
590_0000000000000000001f,121375681,479216672,41860,H6,075,00277302,488,C,06075,+37.7272391,-123.0322294,06,41884,G4020,San Francisco,San Francisco County,06,2023-08-14,75.05366660999064,1691971200000,"{""type"":""MultiPoint"",""coordinates"":[]}"
591_00000000000000000021,1857233047,225282636,41860,H1,013,01675903,488,A,06013,+37.9194790,-121.9515431,06,36084,G4020,Contra Costa,Contra Costa County,06,2023-08-15,57.626083959037885,1692057600000,"{""type"":""MultiPoint"",""coordinates"":[]}"
591_00000000000000000023,1909598013,216923745,41860,H1,001,01675839,488,A,06001,+37.6471385,-121.9124880,06,36084,G4020,Alameda,Alameda County,06,2023-08-15,54.84756050078099,1692057600000,"{""type"":""MultiPoint"",""coordinates"":[]}"
591_0000000000000000001f,121375681,479216672,41860,H6,075,00277302,488,C,06075,+37.7272391,-123.0322294,06,41884,G4020,San Francisco,San Francisco County,06,2023-08-15,75.01878496889819,1692057600000,"{""type"":""MultiPoint"",""coordinates"":[]}"
592_00000000000000000021,1857233047,225282636,41860,H1,013,01675903,488,A,06013,+37.9194790,-121.9515431,06,36084,G4020,Contra Costa,Contra Costa County,06,2023-08-16,61.587969640267254,1692144000000,"{""type"":""MultiPoint"",""coordinates"":[]}"
592_00000000000000000023,1909598013,216923745,41860,H1,001,01675839,488,A,06001,+37.6471385,-121.9124880,06,36084,G4020,Alameda,Alameda County,06,2023-08-16,57.051749982273236,1692144000000,"{""type"":""MultiPoint"",""coordinates"":[]}"
592_0000000000000000001f,121375681,479216672,41860,H6,075,00277302,488,C,06075,+37.7272391,-123.0322294,06,41884,G4020,San Francisco,San Francisco County,06,2023-08-16,77.94475806193115,1692144000000,"{""type"":""MultiPoint"",""coordinates"":[]}"
593_00000000000000000021,1857233047,225282636,41860,H1,013,01675903,488,A,06013,+37.9194790,-121.9515431,06,36084,G4020,Contra Costa,Contra Costa County,06,2023-08-17,64.67073910688919,1692230400000,"{""type"":""MultiPoint"",""coordinates"":[]}"
593_00000000000000000023,1909598013,216923745,41860,H1,001,01675839,488,A,06001,+37.6471385,-121.9124880,06,36084,G4020,Alameda,Alameda County,06,2023-08-17,60.828394570904635,1692230400000,"{""type"":""MultiPoint"",""coordinates"":[]}"
593_0000000000000000001f,121375681,479216672,41860,H6,075,00277302,488,C,06075,+37.7272391,-123.0322294,06,41884,G4020,San Francisco,San Francisco County,06,2023-08-17,79.6835946139114,1692230400000,"{""type"":""MultiPoint"",""coordinates"":[]}"
594_00000000000000000021,1857233047,225282636,41860,H1,013,01675903,488,A,06013,+37.9194790,-121.9515431,06,36084,G4020,Contra Costa,Contra Costa County,06,2023-08-18,68.75580410422872,1692316800000,"{""type"":""MultiPoint"",""coordinates"":[]}"
594_00000000000000000023,1909598013,216923745,41860,H1,001,01675839,488,A,06001,+37.6471385,-121.9124880,06,36084,G4020,Alameda,Alameda County,06,2023-08-18,65.18101662020334,1692316800000,"{""type"":""MultiPoint"",""coordinates"":[]}"
594_0000000000000000001f,121375681,479216672,41860,H6,075,00277302,488,C,06075,+37.7272391,-123.0322294,06,41884,G4020,San Francisco,San Francisco County,06,2023-08-18,79.05883943611336,1692316800000,"{""type"":""MultiPoint"",""coordinates"":[]}"
595_00000000000000000021,1857233047,225282636,41860,H1,013,01675903,488,A,06013,+37.9194790,-121.9515431,06,36084,G4020,Contra Costa,Contra Costa County,06,2023-08-19,66.12571168069908,1692403200000,"{""type"":""MultiPoint"",""coordinates"":[]}"
595_00000000000000000023,1909598013,216923745,41860,H1,001,01675839,488,A,06001,+37.6471385,-121.9124880,06,36084,G4020,Alameda,Alameda County,06,2023-08-19,60.71168741698493,1692403200000,"{""type"":""MultiPoint"",""coordinates"":[]}"
595_0000000000000000001f,121375681,479216672,41860,H6,075,00277302,488,C,06075,+37.7272391,-123.0322294,06,41884,G4020,San Francisco,San Francisco County,06,2023-08-19,80.13390557889237,1692403200000,"{""type"":""MultiPoint"",""coordinates"":[]}"
596_00000000000000000021,1857233047,225282636,41860,H1,013,01675903,488,A,06013,+37.9194790,-121.9515431,06,36084,G4020,Contra Costa,Contra Costa County,06,2023-08-20,58.51415876061328,1692489600000,"{""type"":""MultiPoint"",""coordinates"":[]}"
596_00000000000000000023,1909598013,216923745,41860,H1,001,01675839,488,A,06001,+37.6471385,-121.9124880,06,36084,G4020,Alameda,Alameda County,06,2023-08-20,55.87164396240455,1692489600000,"{""type"":""MultiPoint"",""coordinates"":[]}"
596_0000000000000000001f,121375681,479216672,41860,H6,075,00277302,488,C,06075,+37.7272391,-123.0322294,06,41884,G4020,San Francisco,San Francisco County,06,2023-08-20,72.37983172760396,1692489600000,"{""type"":""MultiPoint"",""coordinates"":[]}"
597_00000000000000000021,1857233047,225282636,41860,H1,013,01675903,488,A,06013,+37.9194790,-121.9515431,06,36084,G4020,Contra Costa,Contra Costa County,06,2023-08-21,55.474890738132906,1692576000000,"{""type"":""MultiPoint"",""coordinates"":[]}"
597_00000000000000000023,1909598013,216923745,41860,H1,001,01675839,488,A,06001,+37.6471385,-121.9124880,06,36084,G4020,Alameda,Alameda County,06,2023-08-21,55.06529810024425,1692576000000,"{""type"":""MultiPoint"",""coordinates"":[]}"
597_0000000000000000001f,121375681,479216672,41860,H6,075,00277302,488,C,06075,+37.7272391,-123.0322294,06,41884,G4020,San Francisco,San Francisco County,06,2023-08-21,70.70214897031566,1692576000000,"{""type"":""MultiPoint"",""coordinates"":[]}"
598_00000000000000000021,1857233047,225282636,41860,H1,013,01675903,488,A,06013,+37.9194790,-121.9515431,06,36084,G4020,Contra Costa,Contra Costa County,06,2023-08-22,71.21522822994552,1692662400000,"{""type"":""MultiPoint"",""coordinates"":[]}"
598_00000000000000000023,1909598013,216923745,41860,H1,001,01675839,488,A,06001,+37.6471385,-121.9124880,06,36084,G4020,Alameda,Alameda County,06,2023-08-22,70.02055317805873,1692662400000,"{""type"":""MultiPoint"",""coordinates"":[]}"
598_0000000000000000001f,121375681,479216672,41860,H6,075,00277302,488,C,06075,+37.7272391,-123.0322294,06,41884,G4020,San Francisco,San Francisco County,06,2023-08-22,80.02321121896323,1692662400000,"{""type"":""MultiPoint"",""coordinates"":[]}"
599_00000000000000000021,1857233047,225282636,41860,H1,013,01675903,488,A,06013,+37.9194790,-121.9515431,06,36084,G4020,Contra Costa,Contra Costa County,06,2023-08-23,59.711382640817305,1692748800000,"{""type"":""MultiPoint"",""coordinates"":[]}"
599_00000000000000000023,1909598013,216923745,41860,H1,001,01675839,488,A,06001,+37.6471385,-121.9124880,06,36084,G4020,Alameda,Alameda County,06,2023-08-23,60.036178668366134,1692748800000,"{""type"":""MultiPoint"",""coordinates"":[]}"
599_0000000000000000001f,121375681,479216672,41860,H6,075,00277302,488,C,06075,+37.7272391,-123.0322294,06,41884,G4020,San Francisco,San Francisco County,06,2023-08-23,71.83787208400477,1692748800000,"{""type"":""MultiPoint"",""coordinates"":[]}"
600_00000000000000000021,1857233047,225282636,41860,H1,013,01675903,488,A,06013,+37.9194790,-121.9515431,06,36084,G4020,Contra Costa,Contra Costa County,06,2023-08-24,55.687721705302,1692835200000,"{""type"":""MultiPoint"",""coordinates"":[]}"
600_00000000000000000023,1909598013,216923745,41860,H1,001,01675839,488,A,06001,+37.6471385,-121.9124880,06,36084,G4020,Alameda,Alameda County,06,2023-08-24,56.25622080777983,1692835200000,"{""type"":""MultiPoint"",""coordinates"":[]}"
600_0000000000000000001f,121375681,479216672,41860,H6,075,00277302,488,C,06075,+37.7272391,-123.0322294,06,41884,G4020,San Francisco,San Francisco County,06,2023-08-24,66.17536550193503,1692835200000,"{""type"":""MultiPoint"",""coordinates"":[]}"
601_00000000000000000021,1857233047,225282636,41860,H1,013,01675903,488,A,06013,+37.9194790,-121.9515431,06,36084,G4020,Contra Costa,Contra Costa County,06,2023-08-25,67.67046532718284,1692921600000,"{""type"":""MultiPoint"",""coordinates"":[]}"
601_00000000000000000023,1909598013,216923745,41860,H1,001,01675839,488,A,06001,+37.6471385,-121.9124880,06,36084,G4020,Alameda,Alameda County,06,2023-08-25,66.61112566886982,1692921600000,"{""type"":""MultiPoint"",""coordinates"":[]}"
601_0000000000000000001f,121375681,479216672,41860,H6,075,00277302,488,C,06075,+37.7272391,-123.0322294,06,41884,G4020,San Francisco,San Francisco County,06,2023-08-25,77.05083052404676,1692921600000,"{""type"":""MultiPoint"",""coordinates"":[]}"
602_00000000000000000021,1857233047,225282636,41860,H1,013,01675903,488,A,06013,+37.9194790,-121.9515431,06,36084,G4020,Contra Costa,Contra Costa County,06,2023-08-26,64.68153092597926,1693008000000,"{""type"":""MultiPoint"",""coordinates"":[]}"
602_00000000000000000023,1909598013,216923745,41860,H1,001,01675839,488,A,06001,+37.6471385,-121.9124880,06,36084,G4020,Alameda,Alameda County,06,2023-08-26,64.37136318498897,1693008000000,"{""type"":""MultiPoint"",""coordinates"":[]}"
602_0000000000000000001f,121375681,479216672,41860,H6,075,00277302,488,C,06075,+37.7272391,-123.0322294,06,41884,G4020,San Francisco,San Francisco County,06,2023-08-26,74.94839757234543,1693008000000,"{""type"":""MultiPoint"",""coordinates"":[]}"
603_00000000000000000021,1857233047,225282636,41860,H1,013,01675903,488,A,06013,+37.9194790,-121.9515431,06,36084,G4020,Contra Costa,Contra Costa County,06,2023-08-27,59.19338562709664,1693094400000,"{""type"":""MultiPoint"",""coordinates"":[]}"
603_00000000000000000023,1909598013,216923745,41860,H1,001,01675839,488,A,06001,+37.6471385,-121.9124880,06,36084,G4020,Alameda,Alameda County,06,2023-08-27,57.77501932222391,1693094400000,"{""type"":""MultiPoint"",""coordinates"":[]}"
603_0000000000000000001f,121375681,479216672,41860,H6,075,00277302,488,C,06075,+37.7272391,-123.0322294,06,41884,G4020,San Francisco,San Francisco County,06,2023-08-27,71.21687673650716,1693094400000,"{""type"":""MultiPoint"",""coordinates"":[]}"
604_00000000000000000021,1857233047,225282636,41860,H1,013,01675903,488,A,06013,+37.9194790,-121.9515431,06,36084,G4020,Contra Costa,Contra Costa County,06,2023-08-28,56.1809980919857,1693180800000,"{""type"":""MultiPoint"",""coordinates"":[]}"
604_00000000000000000023,1909598013,216923745,41860,H1,001,01675839,488,A,06001,+37.6471385,-121.9124880,06,36084,G4020,Alameda,Alameda County,06,2023-08-28,54.161793782901015,1693180800000,"{""type"":""MultiPoint"",""coordinates"":[]}"
604_0000000000000000001f,121375681,479216672,41860,H6,075,00277302,488,C,06075,+37.7272391,-123.0322294,06,41884,G4020,San Francisco,San Francisco County,06,2023-08-28,67.27048027418776,1693180800000,"{""type"":""MultiPoint"",""coordinates"":[]}"
605_00000000000000000021,1857233047,225282636,41860,H1,013,01675903,488,A,06013,+37.9194790,-121.9515431,06,36084,G4020,Contra Costa,Contra Costa County,06,2023-08-29,51.90452564286325,1693267200000,"{""type"":""MultiPoint"",""coordinates"":[]}"
605_00000000000000000023,1909598013,216923745,41860,H1,001,01675839,488,A,06001,+37.6471385,-121.9124880,06,36084,G4020,Alameda,Alameda County,06,2023-08-29,52.41819809200122,1693267200000,"{""type"":""MultiPoint"",""coordinates"":[]}"
605_0000000000000000001f,121375681,479216672,41860,H6,075,00277302,488,C,06075,+37.7272391,-123.0322294,06,41884,G4020,San Francisco,San Francisco County,06,2023-08-29,61.59836377876992,1693267200000,"{""type"":""MultiPoint"",""coordinates"":[]}"
606_00000000000000000021,1857233047,225282636,41860,H1,013,01675903,488,A,06013,+37.9194790,-121.9515431,06,36084,G4020,Contra Costa,Contra Costa County,06,2023-08-30,45.839120856068675,1693353600000,"{""type"":""MultiPoint"",""coordinates"":[]}"
606_00000000000000000023,1909598013,216923745,41860,H1,001,01675839,488,A,06001,+37.6471385,-121.9124880,06,36084,G4020,Alameda,Alameda County,06,2023-08-30,44.28488189066158,1693353600000,"{""type"":""MultiPoint"",""coordinates"":[]}"
606_0000000000000000001f,121375681,479216672,41860,H6,075,00277302,488,C,06075,+37.7272391,-123.0322294,06,41884,G4020,San Francisco,San Francisco County,06,2023-08-30,57.848592581083764,1693353600000,"{""type"":""MultiPoint"",""coordinates"":[]}"
607_00000000000000000021,1857233047,225282636,41860,H1,013,01675903,488,A,06013,+37.9194790,-121.9515431,06,36084,G4020,Contra Costa,Contra Costa County,06,2023-08-31,53.283783988576296,1693440000000,"{""type"":""MultiPoint"",""coordinates"":[]}"
607_00000000000000000023,1909598013,216923745,41860,H1,001,01675839,488,A,06001,+37.6471385,-121.9124880,06,36084,G4020,Alameda,Alameda County,06,2023-08-31,51.12618866758526,1693440000000,"{""type"":""MultiPoint"",""coordinates"":[]}"
607_0000000000000000001f,121375681,479216672,41860,H6,075,00277302,488,C,06075,+37.7272391,-123.0322294,06,41884,G4020,San Francisco,San Francisco County,06,2023-08-31,68.73435812194384,1693440000000,"{""type"":""MultiPoint"",""coordinates"":[]}"
608_00000000000000000021,1857233047,225282636,41860,H1,013,01675903,488,A,06013,+37.9194790,-121.9515431,06,36084,G4020,Contra Costa,Contra Costa County,06,2023-09-01,71.40116063410949,1693526400000,"{""type"":""MultiPoint"",""coordinates"":[]}"
608_00000000000000000023,1909598013,216923745,41860,H1,001,01675839,488,A,06001,+37.6471385,-121.9124880,06,36084,G4020,Alameda,Alameda County,06,2023-09-01,71.5973774643315,1693526400000,"{""type"":""MultiPoint"",""coordinates"":[]}"
608_0000000000000000001f,121375681,479216672,41860,H6,075,00277302,488,C,06075,+37.7272391,-123.0322294,06,41884,G4020,San Francisco,San Francisco County,06,2023-09-01,80.69568896097435,1693526400000,"{""type"":""MultiPoint"",""coordinates"":[]}"
609_00000000000000000021,1857233047,225282636,41860,H1,013,01675903,488,A,06013,+37.9194790,-121.9515431,06,36084,G4020,Contra Costa,Contra Costa County,06,2023-09-02,73.47847319421592,1693612800000,"{""type"":""MultiPoint"",""coordinates"":[]}"
609_00000000000000000023,1909598013,216923745,41860,H1,001,01675839,488,A,06001,+37.6471385,-121.9124880,06,36084,G4020,Alameda,Alameda County,06,2023-09-02,73.95046071830163,1693612800000,"{""type"":""MultiPoint"",""coordinates"":[]}"
609_0000000000000000001f,121375681,479216672,41860,H6,075,00277302,488,C,06075,+37.7272391,-123.0322294,06,41884,G4020,San Francisco,San Francisco County,06,2023-09-02,80.47824386571497,1693612800000,"{""type"":""MultiPoint"",""coordinates"":[]}"
610_00000000000000000021,1857233047,225282636,41860,H1,013,01675903,488,A,06013,+37.9194790,-121.9515431,06,36084,G4020,Contra Costa,Contra Costa County,06,2023-09-03,67.4284676927593,1693699200000,"{""type"":""MultiPoint"",""coordinates"":[]}"
610_00000000000000000023,1909598013,216923745,41860,H1,001,01675839,488,A,06001,+37.6471385,-121.9124880,06,36084,G4020,Alameda,Alameda County,06,2023-09-03,72.3522350762792,1693699200000,"{""type"":""MultiPoint"",""coordinates"":[]}"
610_0000000000000000001f,121375681,479216672,41860,H6,075,00277302,488,C,06075,+37.7272391,-123.0322294,06,41884,G4020,San Francisco,San Francisco County,06,2023-09-03,77.79353427795034,1693699200000,"{""type"":""MultiPoint"",""coordinates"":[]}"
611_00000000000000000021,1857233047,225282636,41860,H1,013,01675903,488,A,06013,+37.9194790,-121.9515431,06,36084,G4020,Contra Costa,Contra Costa County,06,2023-09-04,71.90211644780938,1693785600000,"{""type"":""MultiPoint"",""coordinates"":[]}"
611_00000000000000000023,1909598013,216923745,41860,H1,001,01675839,488,A,06001,+37.6471385,-121.9124880,06,36084,G4020,Alameda,Alameda County,06,2023-09-04,73.09062175214385,1693785600000,"{""type"":""MultiPoint"",""coordinates"":[]}"
611_0000000000000000001f,121375681,479216672,41860,H6,075,00277302,488,C,06075,+37.7272391,-123.0322294,06,41884,G4020,San Francisco,San Francisco County,06,2023-09-04,80.95511138796073,1693785600000,"{""type"":""MultiPoint"",""coordinates"":[]}"
612_00000000000000000021,1857233047,225282636,41860,H1,013,01675903,488,A,06013,+37.9194790,-121.9515431,06,36084,G4020,Contra Costa,Contra Costa County,06,2023-09-05,62.89730626320141,1693872000000,"{""type"":""MultiPoint"",""coordinates"":[]}"
612_00000000000000000023,1909598013,216923745,41860,H1,001,01675839,488,A,06001,+37.6471385,-121.9124880,06,36084,G4020,Alameda,Alameda County,06,2023-09-05,62.357839503530776,1693872000000,"{""type"":""MultiPoint"",""coordinates"":[]}"
612_0000000000000000001f,121375681,479216672,41860,H6,075,00277302,488,C,06075,+37.7272391,-123.0322294,06,41884,G4020,San Francisco,San Francisco County,06,2023-09-05,73.48769834462098,1693872000000,"{""type"":""MultiPoint"",""coordinates"":[]}"
613_00000000000000000021,1857233047,225282636,41860,H1,013,01675903,488,A,06013,+37.9194790,-121.9515431,06,36084,G4020,Contra Costa,Contra Costa County,06,2023-09-06,60.54354597616858,1693958400000,"{""type"":""MultiPoint"",""coordinates"":[]}"
613_00000000000000000023,1909598013,216923745,41860,H1,001,01675839,488,A,06001,+37.6471385,-121.9124880,06,36084,G4020,Alameda,Alameda County,06,2023-09-06,59.79883895206322,1693958400000,"{""type"":""MultiPoint"",""coordinates"":[]}"
613_0000000000000000001f,121375681,479216672,41860,H6,075,00277302,488,C,06075,+37.7272391,-123.0322294,06,41884,G4020,San Francisco,San Francisco County,06,2023-09-06,74.91929835117479,1693958400000,"{""type"":""MultiPoint"",""coordinates"":[]}"
614_00000000000000000021,1857233047,225282636,41860,H1,013,01675903,488,A,06013,+37.9194790,-121.9515431,06,36084,G4020,Contra Costa,Contra Costa County,06,2023-09-07,65.8165046348441,1694044800000,"{""type"":""MultiPoint"",""coordinates"":[]}"
614_00000000000000000023,1909598013,216923745,41860,H1,001,01675839,488,A,06001,+37.6471385,-121.9124880,06,36084,G4020,Alameda,Alameda County,06,2023-09-07,64.53401010084488,1694044800000,"{""type"":""MultiPoint"",""coordinates"":[]}"
614_0000000000000000001f,121375681,479216672,41860,H6,075,00277302,488,C,06075,+37.7272391,-123.0322294,06,41884,G4020,San Francisco,San Francisco County,06,2023-09-07,78.17640885664377,1694044800000,"{""type"":""MultiPoint"",""coordinates"":[]}"
615_00000000000000000021,1857233047,225282636,41860,H1,013,01675903,488,A,06013,+37.9194790,-121.9515431,06,36084,G4020,Contra Costa,Contra Costa County,06,2023-09-08,61.80345841858221,1694131200000,"{""type"":""MultiPoint"",""coordinates"":[]}"
615_00000000000000000023,1909598013,216923745,41860,H1,001,01675839,488,A,06001,+37.6471385,-121.9124880,06,36084,G4020,Alameda,Alameda County,06,2023-09-08,60.43146012270631,1694131200000,"{""type"":""MultiPoint"",""coordinates"":[]}"
615_0000000000000000001f,121375681,479216672,41860,H6,075,00277302,488,C,06075,+37.7272391,-123.0322294,06,41884,G4020,San Francisco,San Francisco County,06,2023-09-08,73.76324919534498,1694131200000,"{""type"":""MultiPoint"",""coordinates"":[]}"
616_00000000000000000021,1857233047,225282636,41860,H1,013,01675903,488,A,06013,+37.9194790,-121.9515431,06,36084,G4020,Contra Costa,Contra Costa County,06,2023-09-09,57.14919361104327,1694217600000,"{""type"":""MultiPoint"",""coordinates"":[]}"
616_00000000000000000023,1909598013,216923745,41860,H1,001,01675839,488,A,06001,+37.6471385,-121.9124880,06,36084,G4020,Alameda,Alameda County,06,2023-09-09,55.76217353958785,1694217600000,"{""type"":""MultiPoint"",""coordinates"":[]}"
616_0000000000000000001f,121375681,479216672,41860,H6,075,00277302,488,C,06075,+37.7272391,-123.0322294,06,41884,G4020,San Francisco,San Francisco County,06,2023-09-09,72.54268835362092,1694217600000,"{""type"":""MultiPoint"",""coordinates"":[]}"
617_00000000000000000021,1857233047,225282636,41860,H1,013,01675903,488,A,06013,+37.9194790,-121.9515431,06,36084,G4020,Contra Costa,Contra Costa County,06,2023-09-10,58.93179450120506,1694304000000,"{""type"":""MultiPoint"",""coordinates"":[]}"
617_00000000000000000023,1909598013,216923745,41860,H1,001,01675839,488,A,06001,+37.6471385,-121.9124880,06,36084,G4020,Alameda,Alameda County,06,2023-09-10,56.72512108957901,1694304000000,"{""type"":""MultiPoint"",""coordinates"":[]}"
617_0000000000000000001f,121375681,479216672,41860,H6,075,00277302,488,C,06075,+37.7272391,-123.0322294,06,41884,G4020,San Francisco,San Francisco County,06,2023-09-10,74.13463099980699,1694304000000,"{""type"":""MultiPoint"",""coordinates"":[]}"
618_00000000000000000021,1857233047,225282636,41860,H1,013,01675903,488,A,06013,+37.9194790,-121.9515431,06,36084,G4020,Contra Costa,Contra Costa County,06,2023-09-11,56.47623048600565,1694390400000,"{""type"":""MultiPoint"",""coordinates"":[]}"
618_00000000000000000023,1909598013,216923745,41860,H1,001,01675839,488,A,06001,+37.6471385,-121.9124880,06,36084,G4020,Alameda,Alameda County,06,2023-09-11,56.264109000041664,1694390400000,"{""type"":""MultiPoint"",""coordinates"":[]}"
618_0000000000000000001f,121375681,479216672,41860,H6,075,00277302,488,C,06075,+37.7272391,-123.0322294,06,41884,G4020,San Francisco,San Francisco County,06,2023-09-11,65.87132795640157,1694390400000,"{""type"":""MultiPoint"",""coordinates"":[]}"
619_00000000000000000021,1857233047,225282636,41860,H1,013,01675903,488,A,06013,+37.9194790,-121.9515431,06,36084,G4020,Contra Costa,Contra Costa County,06,2023-09-12,67.36574922981357,1694476800000,"{""type"":""MultiPoint"",""coordinates"":[]}"
619_00000000000000000023,1909598013,216923745,41860,H1,001,01675839,488,A,06001,+37.6471385,-121.9124880,06,36084,G4020,Alameda,Alameda County,06,2023-09-12,66.41156855497665,1694476800000,"{""type"":""MultiPoint"",""coordinates"":[]}"
619_0000000000000000001f,121375681,479216672,41860,H6,075,00277302,488,C,06075,+37.7272391,-123.0322294,06,41884,G4020,San Francisco,San Francisco County,06,2023-09-12,76.7907509879586,1694476800000,"{""type"":""MultiPoint"",""coordinates"":[]}"
620_00000000000000000021,1857233047,225282636,41860,H1,013,01675903,488,A,06013,+37.9194790,-121.9515431,06,36084,G4020,Contra Costa,Contra Costa County,06,2023-09-13,64.9618109845519,1694563200000,"{""type"":""MultiPoint"",""coordinates"":[]}"
620_00000000000000000023,1909598013,216923745,41860,H1,001,01675839,488,A,06001,+37.6471385,-121.9124880,06,36084,G4020,Alameda,Alameda County,06,2023-09-13,63.01107914996295,1694563200000,"{""type"":""MultiPoint"",""coordinates"":[]}"
620_0000000000000000001f,121375681,479216672,41860,H6,075,00277302,488,C,06075,+37.7272391,-123.0322294,06,41884,G4020,San Francisco,San Francisco County,06,2023-09-13,76.02628168174517,1694563200000,"{""type"":""MultiPoint"",""coordinates"":[]}"
621_00000000000000000021,1857233047,225282636,41860,H1,013,01675903,488,A,06013,+37.9194790,-121.9515431,06,36084,G4020,Contra Costa,Contra Costa County,06,2023-09-14,66.11995888767682,1694649600000,"{""type"":""MultiPoint"",""coordinates"":[]}"
621_00000000000000000023,1909598013,216923745,41860,H1,001,01675839,488,A,06001,+37.6471385,-121.9124880,06,36084,G4020,Alameda,Alameda County,06,2023-09-14,64.85952110337341,1694649600000,"{""type"":""MultiPoint"",""coordinates"":[]}"
621_0000000000000000001f,121375681,479216672,41860,H6,075,00277302,488,C,06075,+37.7272391,-123.0322294,06,41884,G4020,San Francisco,San Francisco County,06,2023-09-14,79.21518030439661,1694649600000,"{""type"":""MultiPoint"",""coordinates"":[]}"
622_00000000000000000021,1857233047,225282636,41860,H1,013,01675903,488,A,06013,+37.9194790,-121.9515431,06,36084,G4020,Contra Costa,Contra Costa County,06,2023-09-15,71.81266444219493,1694736000000,"{""type"":""MultiPoint"",""coordinates"":[]}"
622_00000000000000000023,1909598013,216923745,41860,H1,001,01675839,488,A,06001,+37.6471385,-121.9124880,06,36084,G4020,Alameda,Alameda County,06,2023-09-15,67.90819091372516,1694736000000,"{""type"":""MultiPoint"",""coordinates"":[]}"
622_0000000000000000001f,121375681,479216672,41860,H6,075,00277302,488,C,06075,+37.7272391,-123.0322294,06,41884,G4020,San Francisco,San Francisco County,06,2023-09-15,82.22928318618466,1694736000000,"{""type"":""MultiPoint"",""coordinates"":[]}"
623_00000000000000000021,1857233047,225282636,41860,H1,013,01675903,488,A,06013,+37.9194790,-121.9515431,06,36084,G4020,Contra Costa,Contra Costa County,06,2023-09-16,73.23277082398329,1694822400000,"{""type"":""MultiPoint"",""coordinates"":[]}"
623_00000000000000000023,1909598013,216923745,41860,H1,001,01675839,488,A,06001,+37.6471385,-121.9124880,06,36084,G4020,Alameda,Alameda County,06,2023-09-16,71.55733335707724,1694822400000,"{""type"":""MultiPoint"",""coordinates"":[]}"
623_0000000000000000001f,121375681,479216672,41860,H6,075,00277302,488,C,06075,+37.7272391,-123.0322294,06,41884,G4020,San Francisco,San Francisco County,06,2023-09-16,82.10104124518158,1694822400000,"{""type"":""MultiPoint"",""coordinates"":[]}"
624_00000000000000000021,1857233047,225282636,41860,H1,013,01675903,488,A,06013,+37.9194790,-121.9515431,06,36084,G4020,Contra Costa,Contra Costa County,06,2023-09-17,71.36836813076901,1694908800000,"{""type"":""MultiPoint"",""coordinates"":[]}"
624_00000000000000000023,1909598013,216923745,41860,H1,001,01675839,488,A,06001,+37.6471385,-121.9124880,06,36084,G4020,Alameda,Alameda County,06,2023-09-17,71.47049039575985,1694908800000,"{""type"":""MultiPoint"",""coordinates"":[]}"
624_0000000000000000001f,121375681,479216672,41860,H6,075,00277302,488,C,06075,+37.7272391,-123.0322294,06,41884,G4020,San Francisco,San Francisco County,06,2023-09-17,79.06739550534805,1694908800000,"{""type"":""MultiPoint"",""coordinates"":[]}"
625_00000000000000000021,1857233047,225282636,41860,H1,013,01675903,488,A,06013,+37.9194790,-121.9515431,06,36084,G4020,Contra Costa,Contra Costa County,06,2023-09-18,67.8097272751746,1694995200000,"{""type"":""MultiPoint"",""coordinates"":[]}"
625_00000000000000000023,1909598013,216923745,41860,H1,001,01675839,488,A,06001,+37.6471385,-121.9124880,06,36084,G4020,Alameda,Alameda County,06,2023-09-18,69.22005410252216,1694995200000,"{""type"":""MultiPoint"",""coordinates"":[]}"
625_0000000000000000001f,121375681,479216672,41860,H6,075,00277302,488,C,06075,+37.7272391,-123.0322294,06,41884,G4020,San Francisco,San Francisco County,06,2023-09-18,78.32654461038454,1694995200000,"{""type"":""MultiPoint"",""coordinates"":[]}"
626_00000000000000000021,1857233047,225282636,41860,H1,013,01675903,488,A,06013,+37.9194790,-121.9515431,06,36084,G4020,Contra Costa,Contra Costa County,06,2023-09-19,67.38501807884016,1695081600000,"{""type"":""MultiPoint"",""coordinates"":[]}"
626_00000000000000000023,1909598013,216923745,41860,H1,001,01675839,488,A,06001,+37.6471385,-121.9124880,06,36084,G4020,Alameda,Alameda County,06,2023-09-19,67.65767985746075,1695081600000,"{""type"":""MultiPoint"",""coordinates"":[]}"
626_0000000000000000001f,121375681,479216672,41860,H6,075,00277302,488,C,06075,+37.7272391,-123.0322294,06,41884,G4020,San Francisco,San Francisco County,06,2023-09-19,77.53184788843575,1695081600000,"{""type"":""MultiPoint"",""coordinates"":[]}"
627_00000000000000000021,1857233047,225282636,41860,H1,013,01675903,488,A,06013,+37.9194790,-121.9515431,06,36084,G4020,Contra Costa,Contra Costa County,06,2023-09-20,69.04644004364378,1695168000000,"{""type"":""MultiPoint"",""coordinates"":[]}"
627_00000000000000000023,1909598013,216923745,41860,H1,001,01675839,488,A,06001,+37.6471385,-121.9124880,06,36084,G4020,Alameda,Alameda County,06,2023-09-20,68.3980286506997,1695168000000,"{""type"":""MultiPoint"",""coordinates"":[]}"
627_0000000000000000001f,121375681,479216672,41860,H6,075,00277302,488,C,06075,+37.7272391,-123.0322294,06,41884,G4020,San Francisco,San Francisco County,06,2023-09-20,77.0447140909201,1695168000000,"{""type"":""MultiPoint"",""coordinates"":[]}"
628_00000000000000000021,1857233047,225282636,41860,H1,013,01675903,488,A,06013,+37.9194790,-121.9515431,06,36084,G4020,Contra Costa,Contra Costa County,06,2023-09-21,65.04018085725339,1695254400000,"{""type"":""MultiPoint"",""coordinates"":[]}"
628_00000000000000000023,1909598013,216923745,41860,H1,001,01675839,488,A,06001,+37.6471385,-121.9124880,06,36084,G4020,Alameda,Alameda County,06,2023-09-21,64.67295264992659,1695254400000,"{""type"":""MultiPoint"",""coordinates"":[]}"
628_0000000000000000001f,121375681,479216672,41860,H6,075,00277302,488,C,06075,+37.7272391,-123.0322294,06,41884,G4020,San Francisco,San Francisco County,06,2023-09-21,73.02651633333662,1695254400000,"{""type"":""MultiPoint"",""coordinates"":[]}"
629_00000000000000000021,1857233047,225282636,41860,H1,013,01675903,488,A,06013,+37.9194790,-121.9515431,06,36084,G4020,Contra Costa,Contra Costa County,06,2023-09-22,68.9803371547097,1695340800000,"{""type"":""MultiPoint"",""coordinates"":[]}"
629_00000000000000000023,1909598013,216923745,41860,H1,001,01675839,488,A,06001,+37.6471385,-121.9124880,06,36084,G4020,Alameda,Alameda County,06,2023-09-22,67.47800172655464,1695340800000,"{""type"":""MultiPoint"",""coordinates"":[]}"
629_0000000000000000001f,121375681,479216672,41860,H6,075,00277302,488,C,06075,+37.7272391,-123.0322294,06,41884,G4020,San Francisco,San Francisco County,06,2023-09-22,73.94061745404628,1695340800000,"{""type"":""MultiPoint"",""coordinates"":[]}"
630_00000000000000000021,1857233047,225282636,41860,H1,013,01675903,488,A,06013,+37.9194790,-121.9515431,06,36084,G4020,Contra Costa,Contra Costa County,06,2023-09-23,65.69166766290712,1695427200000,"{""type"":""MultiPoint"",""coordinates"":[]}"
630_00000000000000000023,1909598013,216923745,41860,H1,001,01675839,488,A,06001,+37.6471385,-121.9124880,06,36084,G4020,Alameda,Alameda County,06,2023-09-23,65.92696879029651,1695427200000,"{""type"":""MultiPoint"",""coordinates"":[]}"
630_0000000000000000001f,121375681,479216672,41860,H6,075,00277302,488,C,06075,+37.7272391,-123.0322294,06,41884,G4020,San Francisco,San Francisco County,06,2023-09-23,74.13894307341758,1695427200000,"{""type"":""MultiPoint"",""coordinates"":[]}"
631_00000000000000000021,1857233047,225282636,41860,H1,013,01675903,488,A,06013,+37.9194790,-121.9515431,06,36084,G4020,Contra Costa,Contra Costa County,06,2023-09-24,69.66879182077597,1695513600000,"{""type"":""MultiPoint"",""coordinates"":[]}"
631_00000000000000000023,1909598013,216923745,41860,H1,001,01675839,488,A,06001,+37.6471385,-121.9124880,06,36084,G4020,Alameda,Alameda County,06,2023-09-24,67.20779558996095,1695513600000,"{""type"":""MultiPoint"",""coordinates"":[]}"
631_0000000000000000001f,121375681,479216672,41860,H6,075,00277302,488,C,06075,+37.7272391,-123.0322294,06,41884,G4020,San Francisco,San Francisco County,06,2023-09-24,78.78321938721187,1695513600000,"{""type"":""MultiPoint"",""coordinates"":[]}"
632_00000000000000000021,1857233047,225282636,41860,H1,013,01675903,488,A,06013,+37.9194790,-121.9515431,06,36084,G4020,Contra Costa,Contra Costa County,06,2023-09-25,68.2882307707659,1695600000000,"{""type"":""MultiPoint"",""coordinates"":[]}"
632_00000000000000000023,1909598013,216923745,41860,H1,001,01675839,488,A,06001,+37.6471385,-121.9124880,06,36084,G4020,Alameda,Alameda County,06,2023-09-25,65.82185544924681,1695600000000,"{""type"":""MultiPoint"",""coordinates"":[]}"
632_0000000000000000001f,121375681,479216672,41860,H6,075,00277302,488,C,06075,+37.7272391,-123.0322294,06,41884,G4020,San Francisco,San Francisco County,06,2023-09-25,75.58817987329573,1695600000000,"{""type"":""MultiPoint"",""coordinates"":[]}"
633_00000000000000000021,1857233047,225282636,41860,H1,013,01675903,488,A,06013,+37.9194790,-121.9515431,06,36084,G4020,Contra Costa,Contra Costa County,06,2023-09-26,63.2830479857786,1695686400000,"{""type"":""MultiPoint"",""coordinates"":[]}"
633_00000000000000000023,1909598013,216923745,41860,H1,001,01675839,488,A,06001,+37.6471385,-121.9124880,06,36084,G4020,Alameda,Alameda County,06,2023-09-26,65.32433539119188,1695686400000,"{""type"":""MultiPoint"",""coordinates"":[]}"
633_0000000000000000001f,121375681,479216672,41860,H6,075,00277302,488,C,06075,+37.7272391,-123.0322294,06,41884,G4020,San Francisco,San Francisco County,06,2023-09-26,72.16653685813233,1695686400000,"{""type"":""MultiPoint"",""coordinates"":[]}"
634_00000000000000000021,1857233047,225282636,41860,H1,013,01675903,488,A,06013,+37.9194790,-121.9515431,06,36084,G4020,Contra Costa,Contra Costa County,06,2023-09-27,57.23380294523832,1695772800000,"{""type"":""MultiPoint"",""coordinates"":[]}"
634_00000000000000000023,1909598013,216923745,41860,H1,001,01675839,488,A,06001,+37.6471385,-121.9124880,06,36084,G4020,Alameda,Alameda County,06,2023-09-27,60.17783707254236,1695772800000,"{""type"":""MultiPoint"",""coordinates"":[]}"
634_0000000000000000001f,121375681,479216672,41860,H6,075,00277302,488,C,06075,+37.7272391,-123.0322294,06,41884,G4020,San Francisco,San Francisco County,06,2023-09-27,65.31109967838997,1695772800000,"{""type"":""MultiPoint"",""coordinates"":[]}"
635_00000000000000000021,1857233047,225282636,41860,H1,013,01675903,488,A,06013,+37.9194790,-121.9515431,06,36084,G4020,Contra Costa,Contra Costa County,06,2023-09-28,65.34611575025124,1695859200000,"{""type"":""MultiPoint"",""coordinates"":[]}"
635_00000000000000000023,1909598013,216923745,41860,H1,001,01675839,488,A,06001,+37.6471385,-121.9124880,06,36084,G4020,Alameda,Alameda County,06,2023-09-28,68.42611166015723,1695859200000,"{""type"":""MultiPoint"",""coordinates"":[]}"
635_0000000000000000001f,121375681,479216672,41860,H6,075,00277302,488,C,06075,+37.7272391,-123.0322294,06,41884,G4020,San Francisco,San Francisco County,06,2023-09-28,71.77951271659589,1695859200000,"{""type"":""MultiPoint"",""coordinates"":[]}"
636_00000000000000000021,1857233047,225282636,41860,H1,013,01675903,488,A,06013,+37.9194790,-121.9515431,06,36084,G4020,Contra Costa,Contra Costa County,06,2023-09-29,62.66236595882166,1695945600000,"{""type"":""MultiPoint"",""coordinates"":[]}"
636_00000000000000000023,1909598013,216923745,41860,H1,001,01675839,488,A,06001,+37.6471385,-121.9124880,06,36084,G4020,Alameda,Alameda County,06,2023-09-29,69.58628126933183,1695945600000,"{""type"":""MultiPoint"",""coordinates"":[]}"
636_0000000000000000001f,121375681,479216672,41860,H6,075,00277302,488,C,06075,+37.7272391,-123.0322294,06,41884,G4020,San Francisco,San Francisco County,06,2023-09-29,68.549877490488,1695945600000,"{""type"":""MultiPoint"",""coordinates"":[]}"
637_00000000000000000021,1857233047,225282636,41860,H1,013,01675903,488,A,06013,+37.9194790,-121.9515431,06,36084,G4020,Contra Costa,Contra Costa County,06,2023-09-30,76.98108956725068,1696032000000,"{""type"":""MultiPoint"",""coordinates"":[]}"
637_00000000000000000023,1909598013,216923745,41860,H1,001,01675839,488,A,06001,+37.6471385,-121.9124880,06,36084,G4020,Alameda,Alameda County,06,2023-09-30,81.36432387343227,1696032000000,"{""type"":""MultiPoint"",""coordinates"":[]}"
637_0000000000000000001f,121375681,479216672,41860,H6,075,00277302,488,C,06075,+37.7272391,-123.0322294,06,41884,G4020,San Francisco,San Francisco County,06,2023-09-30,81.88050876790481,1696032000000,"{""type"":""MultiPoint"",""coordinates"":[]}"
638_00000000000000000021,1857233047,225282636,41860,H1,013,01675903,488,A,06013,+37.9194790,-121.9515431,06,36084,G4020,Contra Costa,Contra Costa County,06,2023-10-01,65.17702392224348,1696118400000,"{""type"":""MultiPoint"",""coordinates"":[]}"
638_00000000000000000023,1909598013,216923745,41860,H1,001,01675839,488,A,06001,+37.6471385,-121.9124880,06,36084,G4020,Alameda,Alameda County,06,2023-10-01,69.98241546298804,1696118400000,"{""type"":""MultiPoint"",""coordinates"":[]}"
638_0000000000000000001f,121375681,479216672,41860,H6,075,00277302,488,C,06075,+37.7272391,-123.0322294,06,41884,G4020,San Francisco,San Francisco County,06,2023-10-01,75.30175542238048,1696118400000,"{""type"":""MultiPoint"",""coordinates"":[]}"
639_00000000000000000021,1857233047,225282636,41860,H1,013,01675903,488,A,06013,+37.9194790,-121.9515431,06,36084,G4020,Contra Costa,Contra Costa County,06,2023-10-02,58.03144161492338,1696204800000,"{""type"":""MultiPoint"",""coordinates"":[]}"
639_00000000000000000023,1909598013,216923745,41860,H1,001,01675839,488,A,06001,+37.6471385,-121.9124880,06,36084,G4020,Alameda,Alameda County,06,2023-10-02,60.28299397323366,1696204800000,"{""type"":""MultiPoint"",""coordinates"":[]}"
639_0000000000000000001f,121375681,479216672,41860,H6,075,00277302,488,C,06075,+37.7272391,-123.0322294,06,41884,G4020,San Francisco,San Francisco County,06,2023-10-02,72.84126501055191,1696204800000,"{""type"":""MultiPoint"",""coordinates"":[]}"
640_00000000000000000021,1857233047,225282636,41860,H1,013,01675903,488,A,06013,+37.9194790,-121.9515431,06,36084,G4020,Contra Costa,Contra Costa County,06,2023-10-03,57.97670932908143,1696291200000,"{""type"":""MultiPoint"",""coordinates"":[]}"
640_00000000000000000023,1909598013,216923745,41860,H1,001,01675839,488,A,06001,+37.6471385,-121.9124880,06,36084,G4020,Alameda,Alameda County,06,2023-10-03,56.36257018344831,1696291200000,"{""type"":""MultiPoint"",""coordinates"":[]}"
640_0000000000000000001f,121375681,479216672,41860,H6,075,00277302,488,C,06075,+37.7272391,-123.0322294,06,41884,G4020,San Francisco,San Francisco County,06,2023-10-03,74.47886638451708,1696291200000,"{""type"":""MultiPoint"",""coordinates"":[]}"
641_00000000000000000021,1857233047,225282636,41860,H1,013,01675903,488,A,06013,+37.9194790,-121.9515431,06,36084,G4020,Contra Costa,Contra Costa County,06,2023-10-04,50.62140259030544,1696377600000,"{""type"":""MultiPoint"",""coordinates"":[]}"
641_00000000000000000023,1909598013,216923745,41860,H1,001,01675839,488,A,06001,+37.6471385,-121.9124880,06,36084,G4020,Alameda,Alameda County,06,2023-10-04,48.68555950388419,1696377600000,"{""type"":""MultiPoint"",""coordinates"":[]}"
641_0000000000000000001f,121375681,479216672,41860,H6,075,00277302,488,C,06075,+37.7272391,-123.0322294,06,41884,G4020,San Francisco,San Francisco County,06,2023-10-04,59.84591346824216,1696377600000,"{""type"":""MultiPoint"",""coordinates"":[]}"
642_00000000000000000021,1857233047,225282636,41860,H1,013,01675903,488,A,06013,+37.9194790,-121.9515431,06,36084,G4020,Contra Costa,Contra Costa County,06,2023-10-05,46.0298437491524,1696464000000,"{""type"":""MultiPoint"",""coordinates"":[]}"
642_00000000000000000023,1909598013,216923745,41860,H1,001,01675839,488,A,06001,+37.6471385,-121.9124880,06,36084,G4020,Alameda,Alameda County,06,2023-10-05,42.70383112959049,1696464000000,"{""type"":""MultiPoint"",""coordinates"":[]}"
642_0000000000000000001f,121375681,479216672,41860,H6,075,00277302,488,C,06075,+37.7272391,-123.0322294,06,41884,G4020,San Francisco,San Francisco County,06,2023-10-05,45.9022048017068,1696464000000,"{""type"":""MultiPoint"",""coordinates"":[]}"
643_00000000000000000021,1857233047,225282636,41860,H1,013,01675903,488,A,06013,+37.9194790,-121.9515431,06,36084,G4020,Contra Costa,Contra Costa County,06,2023-10-06,44.564247713394465,1696550400000,"{""type"":""MultiPoint"",""coordinates"":[]}"
643_00000000000000000023,1909598013,216923745,41860,H1,001,01675839,488,A,06001,+37.6471385,-121.9124880,06,36084,G4020,Alameda,Alameda County,06,2023-10-06,37.31104183221743,1696550400000,"{""type"":""MultiPoint"",""coordinates"":[]}"
643_0000000000000000001f,121375681,479216672,41860,H6,075,00277302,488,C,06075,+37.7272391,-123.0322294,06,41884,G4020,San Francisco,San Francisco County,06,2023-10-06,46.77841447773849,1696550400000,"{""type"":""MultiPoint"",""coordinates"":[]}"
644_00000000000000000021,1857233047,225282636,41860,H1,013,01675903,488,A,06013,+37.9194790,-121.9515431,06,36084,G4020,Contra Costa,Contra Costa County,06,2023-10-07,42.456727630577234,1696636800000,"{""type"":""MultiPoint"",""coordinates"":[]}"
644_00000000000000000023,1909598013,216923745,41860,H1,001,01675839,488,A,06001,+37.6471385,-121.9124880,06,36084,G4020,Alameda,Alameda County,06,2023-10-07,35.486813354595675,1696636800000,"{""type"":""MultiPoint"",""coordinates"":[]}"
644_0000000000000000001f,121375681,479216672,41860,H6,075,00277302,488,C,06075,+37.7272391,-123.0322294,06,41884,G4020,San Francisco,San Francisco County,06,2023-10-07,46.32063510669513,1696636800000,"{""type"":""MultiPoint"",""coordinates"":[]}"
645_00000000000000000021,1857233047,225282636,41860,H1,013,01675903,488,A,06013,+37.9194790,-121.9515431,06,36084,G4020,Contra Costa,Contra Costa County,06,2023-10-08,52.92256175424745,1696723200000,"{""type"":""MultiPoint"",""coordinates"":[]}"
645_00000000000000000023,1909598013,216923745,41860,H1,001,01675839,488,A,06001,+37.6471385,-121.9124880,06,36084,G4020,Alameda,Alameda County,06,2023-10-08,50.76212402497255,1696723200000,"{""type"":""MultiPoint"",""coordinates"":[]}"
645_0000000000000000001f,121375681,479216672,41860,H6,075,00277302,488,C,06075,+37.7272391,-123.0322294,06,41884,G4020,San Francisco,San Francisco County,06,2023-10-08,68.31712989366446,1696723200000,"{""type"":""MultiPoint"",""coordinates"":[]}"
646_00000000000000000021,1857233047,225282636,41860,H1,013,01675903,488,A,06013,+37.9194790,-121.9515431,06,36084,G4020,Contra Costa,Contra Costa County,06,2023-10-09,71.93197939320588,1696809600000,"{""type"":""MultiPoint"",""coordinates"":[]}"
646_00000000000000000023,1909598013,216923745,41860,H1,001,01675839,488,A,06001,+37.6471385,-121.9124880,06,36084,G4020,Alameda,Alameda County,06,2023-10-09,69.49956176879247,1696809600000,"{""type"":""MultiPoint"",""coordinates"":[]}"
646_0000000000000000001f,121375681,479216672,41860,H6,075,00277302,488,C,06075,+37.7272391,-123.0322294,06,41884,G4020,San Francisco,San Francisco County,06,2023-10-09,79.39862436465454,1696809600000,"{""type"":""MultiPoint"",""coordinates"":[]}"
647_00000000000000000021,1857233047,225282636,41860,H1,013,01675903,488,A,06013,+37.9194790,-121.9515431,06,36084,G4020,Contra Costa,Contra Costa County,06,2023-10-10,69.36472040523263,1696896000000,"{""type"":""MultiPoint"",""coordinates"":[]}"
647_00000000000000000023,1909598013,216923745,41860,H1,001,01675839,488,A,06001,+37.6471385,-121.9124880,06,36084,G4020,Alameda,Alameda County,06,2023-10-10,69.37395985944666,1696896000000,"{""type"":""MultiPoint"",""coordinates"":[]}"
647_0000000000000000001f,121375681,479216672,41860,H6,075,00277302,488,C,06075,+37.7272391,-123.0322294,06,41884,G4020,San Francisco,San Francisco County,06,2023-10-10,78.18142648132728,1696896000000,"{""type"":""MultiPoint"",""coordinates"":[]}"
648_00000000000000000021,1857233047,225282636,41860,H1,013,01675903,488,A,06013,+37.9194790,-121.9515431,06,36084,G4020,Contra Costa,Contra Costa County,06,2023-10-11,59.721288590940055,1696982400000,"{""type"":""MultiPoint"",""coordinates"":[]}"
648_00000000000000000023,1909598013,216923745,41860,H1,001,01675839,488,A,06001,+37.6471385,-121.9124880,06,36084,G4020,Alameda,Alameda County,06,2023-10-11,63.032923137834025,1696982400000,"{""type"":""MultiPoint"",""coordinates"":[]}"
648_0000000000000000001f,121375681,479216672,41860,H6,075,00277302,488,C,06075,+37.7272391,-123.0322294,06,41884,G4020,San Francisco,San Francisco County,06,2023-10-11,67.37754507869622,1696982400000,"{""type"":""MultiPoint"",""coordinates"":[]}"
649_00000000000000000021,1857233047,225282636,41860,H1,013,01675903,488,A,06013,+37.9194790,-121.9515431,06,36084,G4020,Contra Costa,Contra Costa County,06,2023-10-12,50.00720803854181,1697068800000,"{""type"":""MultiPoint"",""coordinates"":[]}"
649_00000000000000000023,1909598013,216923745,41860,H1,001,01675839,488,A,06001,+37.6471385,-121.9124880,06,36084,G4020,Alameda,Alameda County,06,2023-10-12,53.15911848787237,1697068800000,"{""type"":""MultiPoint"",""coordinates"":[]}"
649_0000000000000000001f,121375681,479216672,41860,H6,075,00277302,488,C,06075,+37.7272391,-123.0322294,06,41884,G4020,San Francisco,San Francisco County,06,2023-10-12,60.74621033543445,1697068800000,"{""type"":""MultiPoint"",""coordinates"":[]}"
650_00000000000000000021,1857233047,225282636,41860,H1,013,01675903,488,A,06013,+37.9194790,-121.9515431,06,36084,G4020,Contra Costa,Contra Costa County,06,2023-10-13,54.34083109830423,1697155200000,"{""type"":""MultiPoint"",""coordinates"":[]}"
650_00000000000000000023,1909598013,216923745,41860,H1,001,01675839,488,A,06001,+37.6471385,-121.9124880,06,36084,G4020,Alameda,Alameda County,06,2023-10-13,48.28737471951674,1697155200000,"{""type"":""MultiPoint"",""coordinates"":[]}"
650_0000000000000000001f,121375681,479216672,41860,H6,075,00277302,488,C,06075,+37.7272391,-123.0322294,06,41884,G4020,San Francisco,San Francisco County,06,2023-10-13,69.4194722709945,1697155200000,"{""type"":""MultiPoint"",""coordinates"":[]}"
651_00000000000000000021,1857233047,225282636,41860,H1,013,01675903,488,A,06013,+37.9194790,-121.9515431,06,36084,G4020,Contra Costa,Contra Costa County,06,2023-10-14,64.39890558926197,1697241600000,"{""type"":""MultiPoint"",""coordinates"":[]}"
651_00000000000000000023,1909598013,216923745,41860,H1,001,01675839,488,A,06001,+37.6471385,-121.9124880,06,36084,G4020,Alameda,Alameda County,06,2023-10-14,61.01249242742621,1697241600000,"{""type"":""MultiPoint"",""coordinates"":[]}"
651_0000000000000000001f,121375681,479216672,41860,H6,075,00277302,488,C,06075,+37.7272391,-123.0322294,06,41884,G4020,San Francisco,San Francisco County,06,2023-10-14,75.39487811867345,1697241600000,"{""type"":""MultiPoint"",""coordinates"":[]}"
652_00000000000000000021,1857233047,225282636,41860,H1,013,01675903,488,A,06013,+37.9194790,-121.9515431,06,36084,G4020,Contra Costa,Contra Costa County,06,2023-10-15,74.30494185978736,1697328000000,"{""type"":""MultiPoint"",""coordinates"":[]}"
652_00000000000000000023,1909598013,216923745,41860,H1,001,01675839,488,A,06001,+37.6471385,-121.9124880,06,36084,G4020,Alameda,Alameda County,06,2023-10-15,68.28685668509567,1697328000000,"{""type"":""MultiPoint"",""coordinates"":[]}"
652_0000000000000000001f,121375681,479216672,41860,H6,075,00277302,488,C,06075,+37.7272391,-123.0322294,06,41884,G4020,San Francisco,San Francisco County,06,2023-10-15,82.51255978140536,1697328000000,"{""type"":""MultiPoint"",""coordinates"":[]}"
653_00000000000000000021,1857233047,225282636,41860,H1,013,01675903,488,A,06013,+37.9194790,-121.9515431,06,36084,G4020,Contra Costa,Contra Costa County,06,2023-10-16,71.84384102520622,1697414400000,"{""type"":""MultiPoint"",""coordinates"":[]}"
653_00000000000000000023,1909598013,216923745,41860,H1,001,01675839,488,A,06001,+37.6471385,-121.9124880,06,36084,G4020,Alameda,Alameda County,06,2023-10-16,69.8521329737293,1697414400000,"{""type"":""MultiPoint"",""coordinates"":[]}"
653_0000000000000000001f,121375681,479216672,41860,H6,075,00277302,488,C,06075,+37.7272391,-123.0322294,06,41884,G4020,San Francisco,San Francisco County,06,2023-10-16,82.8683516174408,1697414400000,"{""type"":""MultiPoint"",""coordinates"":[]}"
654_00000000000000000021,1857233047,225282636,41860,H1,013,01675903,488,A,06013,+37.9194790,-121.9515431,06,36084,G4020,Contra Costa,Contra Costa County,06,2023-10-17,75.37572523201418,1697500800000,"{""type"":""MultiPoint"",""coordinates"":[]}"
654_00000000000000000023,1909598013,216923745,41860,H1,001,01675839,488,A,06001,+37.6471385,-121.9124880,06,36084,G4020,Alameda,Alameda County,06,2023-10-17,76.90245397139347,1697500800000,"{""type"":""MultiPoint"",""coordinates"":[]}"
654_0000000000000000001f,121375681,479216672,41860,H6,075,00277302,488,C,06075,+37.7272391,-123.0322294,06,41884,G4020,San Francisco,San Francisco County,06,2023-10-17,84.07885014547605,1697500800000,"{""type"":""MultiPoint"",""coordinates"":[]}"
655_00000000000000000021,1857233047,225282636,41860,H1,013,01675903,488,A,06013,+37.9194790,-121.9515431,06,36084,G4020,Contra Costa,Contra Costa County,06,2023-10-18,66.39654556301866,1697587200000,"{""type"":""MultiPoint"",""coordinates"":[]}"
655_00000000000000000023,1909598013,216923745,41860,H1,001,01675839,488,A,06001,+37.6471385,-121.9124880,06,36084,G4020,Alameda,Alameda County,06,2023-10-18,61.336598516798766,1697587200000,"{""type"":""MultiPoint"",""coordinates"":[]}"
655_0000000000000000001f,121375681,479216672,41860,H6,075,00277302,488,C,06075,+37.7272391,-123.0322294,06,41884,G4020,San Francisco,San Francisco County,06,2023-10-18,72.95502872725676,1697587200000,"{""type"":""MultiPoint"",""coordinates"":[]}"
656_00000000000000000021,1857233047,225282636,41860,H1,013,01675903,488,A,06013,+37.9194790,-121.9515431,06,36084,G4020,Contra Costa,Contra Costa County,06,2023-10-19,52.92454747411455,1697673600000,"{""type"":""MultiPoint"",""coordinates"":[]}"
656_00000000000000000023,1909598013,216923745,41860,H1,001,01675839,488,A,06001,+37.6471385,-121.9124880,06,36084,G4020,Alameda,Alameda County,06,2023-10-19,45.46789938290136,1697673600000,"{""type"":""MultiPoint"",""coordinates"":[]}"
656_0000000000000000001f,121375681,479216672,41860,H6,075,00277302,488,C,06075,+37.7272391,-123.0322294,06,41884,G4020,San Francisco,San Francisco County,06,2023-10-19,57.14043848007844,1697673600000,"{""type"":""MultiPoint"",""coordinates"":[]}"
657_00000000000000000021,1857233047,225282636,41860,H1,013,01675903,488,A,06013,+37.9194790,-121.9515431,06,36084,G4020,Contra Costa,Contra Costa County,06,2023-10-20,66.78356885091706,1697760000000,"{""type"":""MultiPoint"",""coordinates"":[]}"
657_00000000000000000023,1909598013,216923745,41860,H1,001,01675839,488,A,06001,+37.6471385,-121.9124880,06,36084,G4020,Alameda,Alameda County,06,2023-10-20,63.09070642234899,1697760000000,"{""type"":""MultiPoint"",""coordinates"":[]}"
657_0000000000000000001f,121375681,479216672,41860,H6,075,00277302,488,C,06075,+37.7272391,-123.0322294,06,41884,G4020,San Francisco,San Francisco County,06,2023-10-20,78.65577919944319,1697760000000,"{""type"":""MultiPoint"",""coordinates"":[]}"
658_00000000000000000021,1857233047,225282636,41860,H1,013,01675903,488,A,06013,+37.9194790,-121.9515431,06,36084,G4020,Contra Costa,Contra Costa County,06,2023-10-21,71.62090565948755,1697846400000,"{""type"":""MultiPoint"",""coordinates"":[]}"
658_00000000000000000023,1909598013,216923745,41860,H1,001,01675839,488,A,06001,+37.6471385,-121.9124880,06,36084,G4020,Alameda,Alameda County,06,2023-10-21,71.68324060818671,1697846400000,"{""type"":""MultiPoint"",""coordinates"":[]}"
658_0000000000000000001f,121375681,479216672,41860,H6,075,00277302,488,C,06075,+37.7272391,-123.0322294,06,41884,G4020,San Francisco,San Francisco County,06,2023-10-21,76.7943680722907,1697846400000,"{""type"":""MultiPoint"",""coordinates"":[]}"
659_00000000000000000021,1857233047,225282636,41860,H1,013,01675903,488,A,06013,+37.9194790,-121.9515431,06,36084,G4020,Contra Costa,Contra Costa County,06,2023-10-22,76.0540573763743,1697932800000,"{""type"":""MultiPoint"",""coordinates"":[]}"
659_00000000000000000023,1909598013,216923745,41860,H1,001,01675839,488,A,06001,+37.6471385,-121.9124880,06,36084,G4020,Alameda,Alameda County,06,2023-10-22,77.02795689105541,1697932800000,"{""type"":""MultiPoint"",""coordinates"":[]}"
659_0000000000000000001f,121375681,479216672,41860,H6,075,00277302,488,C,06075,+37.7272391,-123.0322294,06,41884,G4020,San Francisco,San Francisco County,06,2023-10-22,82.82204387961642,1697932800000,"{""type"":""MultiPoint"",""coordinates"":[]}"
660_00000000000000000021,1857233047,225282636,41860,H1,013,01675903,488,A,06013,+37.9194790,-121.9515431,06,36084,G4020,Contra Costa,Contra Costa County,06,2023-10-23,77.74240927504684,1698019200000,"{""type"":""MultiPoint"",""coordinates"":[]}"
660_00000000000000000023,1909598013,216923745,41860,H1,001,01675839,488,A,06001,+37.6471385,-121.9124880,06,36084,G4020,Alameda,Alameda County,06,2023-10-23,81.49630976929473,1698019200000,"{""type"":""MultiPoint"",""coordinates"":[]}"
660_0000000000000000001f,121375681,479216672,41860,H6,075,00277302,488,C,06075,+37.7272391,-123.0322294,06,41884,G4020,San Francisco,San Francisco County,06,2023-10-23,84.19790496847078,1698019200000,"{""type"":""MultiPoint"",""coordinates"":[]}"
661_00000000000000000021,1857233047,225282636,41860,H1,013,01675903,488,A,06013,+37.9194790,-121.9515431,06,36084,G4020,Contra Costa,Contra Costa County,06,2023-10-24,74.73283020100382,1698105600000,"{""type"":""MultiPoint"",""coordinates"":[]}"
661_00000000000000000023,1909598013,216923745,41860,H1,001,01675839,488,A,06001,+37.6471385,-121.9124880,06,36084,G4020,Alameda,Alameda County,06,2023-10-24,74.66435161662707,1698105600000,"{""type"":""MultiPoint"",""coordinates"":[]}"
661_0000000000000000001f,121375681,479216672,41860,H6,075,00277302,488,C,06075,+37.7272391,-123.0322294,06,41884,G4020,San Francisco,San Francisco County,06,2023-10-24,82.47394891234183,1698105600000,"{""type"":""MultiPoint"",""coordinates"":[]}"
662_00000000000000000021,1857233047,225282636,41860,H1,013,01675903,488,A,06013,+37.9194790,-121.9515431,06,36084,G4020,Contra Costa,Contra Costa County,06,2023-10-25,71.43929091404864,1698192000000,"{""type"":""MultiPoint"",""coordinates"":[]}"
662_00000000000000000023,1909598013,216923745,41860,H1,001,01675839,488,A,06001,+37.6471385,-121.9124880,06,36084,G4020,Alameda,Alameda County,06,2023-10-25,74.94926338768693,1698192000000,"{""type"":""MultiPoint"",""coordinates"":[]}"
662_0000000000000000001f,121375681,479216672,41860,H6,075,00277302,488,C,06075,+37.7272391,-123.0322294,06,41884,G4020,San Francisco,San Francisco County,06,2023-10-25,77.16089995225337,1698192000000,"{""type"":""MultiPoint"",""coordinates"":[]}"
663_00000000000000000021,1857233047,225282636,41860,H1,013,01675903,488,A,06013,+37.9194790,-121.9515431,06,36084,G4020,Contra Costa,Contra Costa County,06,2023-10-26,65.45167893058652,1698278400000,"{""type"":""MultiPoint"",""coordinates"":[]}"
663_00000000000000000023,1909598013,216923745,41860,H1,001,01675839,488,A,06001,+37.6471385,-121.9124880,06,36084,G4020,Alameda,Alameda County,06,2023-10-26,70.09199617141601,1698278400000,"{""type"":""MultiPoint"",""coordinates"":[]}"
663_0000000000000000001f,121375681,479216672,41860,H6,075,00277302,488,C,06075,+37.7272391,-123.0322294,06,41884,G4020,San Francisco,San Francisco County,06,2023-10-26,68.34022789915116,1698278400000,"{""type"":""MultiPoint"",""coordinates"":[]}"
664_00000000000000000021,1857233047,225282636,41860,H1,013,01675903,488,A,06013,+37.9194790,-121.9515431,06,36084,G4020,Contra Costa,Contra Costa County,06,2023-10-27,57.98366923318093,1698364800000,"{""type"":""MultiPoint"",""coordinates"":[]}"
664_00000000000000000023,1909598013,216923745,41860,H1,001,01675839,488,A,06001,+37.6471385,-121.9124880,06,36084,G4020,Alameda,Alameda County,06,2023-10-27,57.67121054835217,1698364800000,"{""type"":""MultiPoint"",""coordinates"":[]}"
664_0000000000000000001f,121375681,479216672,41860,H6,075,00277302,488,C,06075,+37.7272391,-123.0322294,06,41884,G4020,San Francisco,San Francisco County,06,2023-10-27,66.77256494472266,1698364800000,"{""type"":""MultiPoint"",""coordinates"":[]}"
665_00000000000000000021,1857233047,225282636,41860,H1,013,01675903,488,A,06013,+37.9194790,-121.9515431,06,36084,G4020,Contra Costa,Contra Costa County,06,2023-10-28,58.79907544662776,1698451200000,"{""type"":""MultiPoint"",""coordinates"":[]}"
665_00000000000000000023,1909598013,216923745,41860,H1,001,01675839,488,A,06001,+37.6471385,-121.9124880,06,36084,G4020,Alameda,Alameda County,06,2023-10-28,62.8989851996372,1698451200000,"{""type"":""MultiPoint"",""coordinates"":[]}"
665_0000000000000000001f,121375681,479216672,41860,H6,075,00277302,488,C,06075,+37.7272391,-123.0322294,06,41884,G4020,San Francisco,San Francisco County,06,2023-10-28,66.17518836476611,1698451200000,"{""type"":""MultiPoint"",""coordinates"":[]}"
666_00000000000000000021,1857233047,225282636,41860,H1,013,01675903,488,A,06013,+37.9194790,-121.9515431,06,36084,G4020,Contra Costa,Contra Costa County,06,2023-10-29,24.87149107352662,1698537600000,"{""type"":""MultiPoint"",""coordinates"":[]}"
666_00000000000000000023,1909598013,216923745,41860,H1,001,01675839,488,A,06001,+37.6471385,-121.9124880,06,36084,G4020,Alameda,Alameda County,06,2023-10-29,30.368434805108915,1698537600000,"{""type"":""MultiPoint"",""coordinates"":[]}"
666_0000000000000000001f,121375681,479216672,41860,H6,075,00277302,488,C,06075,+37.7272391,-123.0322294,06,41884,G4020,San Francisco,San Francisco County,06,2023-10-29,32.45390599562663,1698537600000,"{""type"":""MultiPoint"",""coordinates"":[]}"
667_00000000000000000021,1857233047,225282636,41860,H1,013,01675903,488,A,06013,+37.9194790,-121.9515431,06,36084,G4020,Contra Costa,Contra Costa County,06,2023-10-30,40.58603154000662,1698624000000,"{""type"":""MultiPoint"",""coordinates"":[]}"
667_00000000000000000023,1909598013,216923745,41860,H1,001,01675839,488,A,06001,+37.6471385,-121.9124880,06,36084,G4020,Alameda,Alameda County,06,2023-10-30,34.89728028464373,1698624000000,"{""type"":""MultiPoint"",""coordinates"":[]}"
667_0000000000000000001f,121375681,479216672,41860,H6,075,00277302,488,C,06075,+37.7272391,-123.0322294,06,41884,G4020,San Francisco,San Francisco County,06,2023-10-30,42.35273848225344,1698624000000,"{""type"":""MultiPoint"",""coordinates"":[]}"
668_00000000000000000021,1857233047,225282636,41860,H1,013,01675903,488,A,06013,+37.9194790,-121.9515431,06,36084,G4020,Contra Costa,Contra Costa County,06,2023-10-31,48.584117682450156,1698710400000,"{""type"":""MultiPoint"",""coordinates"":[]}"
668_00000000000000000023,1909598013,216923745,41860,H1,001,01675839,488,A,06001,+37.6471385,-121.9124880,06,36084,G4020,Alameda,Alameda County,06,2023-10-31,40.58999174224507,1698710400000,"{""type"":""MultiPoint"",""coordinates"":[]}"
668_0000000000000000001f,121375681,479216672,41860,H6,075,00277302,488,C,06075,+37.7272391,-123.0322294,06,41884,G4020,San Francisco,San Francisco County,06,2023-10-31,45.00821217678577,1698710400000,"{""type"":""MultiPoint"",""coordinates"":[]}"
669_00000000000000000021,1857233047,225282636,41860,H1,013,01675903,488,A,06013,+37.9194790,-121.9515431,06,36084,G4020,Contra Costa,Contra Costa County,06,2023-11-01,49.650709932864075,1698796800000,"{""type"":""MultiPoint"",""coordinates"":[]}"
669_00000000000000000023,1909598013,216923745,41860,H1,001,01675839,488,A,06001,+37.6471385,-121.9124880,06,36084,G4020,Alameda,Alameda County,06,2023-11-01,41.31339917636241,1698796800000,"{""type"":""MultiPoint"",""coordinates"":[]}"
669_0000000000000000001f,121375681,479216672,41860,H6,075,00277302,488,C,06075,+37.7272391,-123.0322294,06,41884,G4020,San Francisco,San Francisco County,06,2023-11-01,47.54353144658505,1698796800000,"{""type"":""MultiPoint"",""coordinates"":[]}"
670_00000000000000000021,1857233047,225282636,41860,H1,013,01675903,488,A,06013,+37.9194790,-121.9515431,06,36084,G4020,Contra Costa,Contra Costa County,06,2023-11-02,48.54514373868453,1698883200000,"{""type"":""MultiPoint"",""coordinates"":[]}"
670_00000000000000000023,1909598013,216923745,41860,H1,001,01675839,488,A,06001,+37.6471385,-121.9124880,06,36084,G4020,Alameda,Alameda County,06,2023-11-02,39.75728826013941,1698883200000,"{""type"":""MultiPoint"",""coordinates"":[]}"
670_0000000000000000001f,121375681,479216672,41860,H6,075,00277302,488,C,06075,+37.7272391,-123.0322294,06,41884,G4020,San Francisco,San Francisco County,06,2023-11-02,50.3997880778866,1698883200000,"{""type"":""MultiPoint"",""coordinates"":[]}"
671_00000000000000000021,1857233047,225282636,41860,H1,013,01675903,488,A,06013,+37.9194790,-121.9515431,06,36084,G4020,Contra Costa,Contra Costa County,06,2023-11-03,48.96299959778383,1698969600000,"{""type"":""MultiPoint"",""coordinates"":[]}"
671_00000000000000000023,1909598013,216923745,41860,H1,001,01675839,488,A,06001,+37.6471385,-121.9124880,06,36084,G4020,Alameda,Alameda County,06,2023-11-03,46.22388733396,1698969600000,"{""type"":""MultiPoint"",""coordinates"":[]}"
671_0000000000000000001f,121375681,479216672,41860,H6,075,00277302,488,C,06075,+37.7272391,-123.0322294,06,41884,G4020,San Francisco,San Francisco County,06,2023-11-03,58.953160813401254,1698969600000,"{""type"":""MultiPoint"",""coordinates"":[]}"
672_00000000000000000021,1857233047,225282636,41860,H1,013,01675903,488,A,06013,+37.9194790,-121.9515431,06,36084,G4020,Contra Costa,Contra Costa County,06,2023-11-04,70.32081262823688,1699056000000,"{""type"":""MultiPoint"",""coordinates"":[]}"
672_00000000000000000023,1909598013,216923745,41860,H1,001,01675839,488,A,06001,+37.6471385,-121.9124880,06,36084,G4020,Alameda,Alameda County,06,2023-11-04,63.18871336982419,1699056000000,"{""type"":""MultiPoint"",""coordinates"":[]}"
672_0000000000000000001f,121375681,479216672,41860,H6,075,00277302,488,C,06075,+37.7272391,-123.0322294,06,41884,G4020,San Francisco,San Francisco County,06,2023-11-04,79.95062924431905,1699056000000,"{""type"":""MultiPoint"",""coordinates"":[]}"
673_00000000000000000021,1857233047,225282636,41860,H1,013,01675903,488,A,06013,+37.9194790,-121.9515431,06,36084,G4020,Contra Costa,Contra Costa County,06,2023-11-05,84.22544784313668,1699142400000,"{""type"":""MultiPoint"",""coordinates"":[]}"
673_00000000000000000023,1909598013,216923745,41860,H1,001,01675839,488,A,06001,+37.6471385,-121.9124880,06,36084,G4020,Alameda,Alameda County,06,2023-11-05,80.68272627572645,1699142400000,"{""type"":""MultiPoint"",""coordinates"":[]}"
673_0000000000000000001f,121375681,479216672,41860,H6,075,00277302,488,C,06075,+37.7272391,-123.0322294,06,41884,G4020,San Francisco,San Francisco County,06,2023-11-05,86.76198990963461,1699142400000,"{""type"":""MultiPoint"",""coordinates"":[]}"
674_00000000000000000021,1857233047,225282636,41860,H1,013,01675903,488,A,06013,+37.9194790,-121.9515431,06,36084,G4020,Contra Costa,Contra Costa County,06,2023-11-06,81.79080936159262,1699228800000,"{""type"":""MultiPoint"",""coordinates"":[]}"
674_00000000000000000023,1909598013,216923745,41860,H1,001,01675839,488,A,06001,+37.6471385,-121.9124880,06,36084,G4020,Alameda,Alameda County,06,2023-11-06,83.70677879464326,1699228800000,"{""type"":""MultiPoint"",""coordinates"":[]}"
674_0000000000000000001f,121375681,479216672,41860,H6,075,00277302,488,C,06075,+37.7272391,-123.0322294,06,41884,G4020,San Francisco,San Francisco County,06,2023-11-06,86.95683455406586,1699228800000,"{""type"":""MultiPoint"",""coordinates"":[]}"
675_00000000000000000021,1857233047,225282636,41860,H1,013,01675903,488,A,06013,+37.9194790,-121.9515431,06,36084,G4020,Contra Costa,Contra Costa County,06,2023-11-07,73.95224553213173,1699315200000,"{""type"":""MultiPoint"",""coordinates"":[]}"
675_00000000000000000023,1909598013,216923745,41860,H1,001,01675839,488,A,06001,+37.6471385,-121.9124880,06,36084,G4020,Alameda,Alameda County,06,2023-11-07,77.42598643779414,1699315200000,"{""type"":""MultiPoint"",""coordinates"":[]}"
675_0000000000000000001f,121375681,479216672,41860,H6,075,00277302,488,C,06075,+37.7272391,-123.0322294,06,41884,G4020,San Francisco,San Francisco County,06,2023-11-07,76.9966482938555,1699315200000,"{""type"":""MultiPoint"",""coordinates"":[]}"
676_00000000000000000021,1857233047,225282636,41860,H1,013,01675903,488,A,06013,+37.9194790,-121.9515431,06,36084,G4020,Contra Costa,Contra Costa County,06,2023-11-08,52.1404362161417,1699401600000,"{""type"":""MultiPoint"",""coordinates"":[]}"
676_00000000000000000023,1909598013,216923745,41860,H1,001,01675839,488,A,06001,+37.6471385,-121.9124880,06,36084,G4020,Alameda,Alameda County,06,2023-11-08,55.56645778195445,1699401600000,"{""type"":""MultiPoint"",""coordinates"":[]}"
676_0000000000000000001f,121375681,479216672,41860,H6,075,00277302,488,C,06075,+37.7272391,-123.0322294,06,41884,G4020,San Francisco,San Francisco County,06,2023-11-08,58.92907289510301,1699401600000,"{""type"":""MultiPoint"",""coordinates"":[]}"
677_00000000000000000021,1857233047,225282636,41860,H1,013,01675903,488,A,06013,+37.9194790,-121.9515431,06,36084,G4020,Contra Costa,Contra Costa County,06,2023-11-09,57.16709349139915,1699488000000,"{""type"":""MultiPoint"",""coordinates"":[]}"
677_00000000000000000023,1909598013,216923745,41860,H1,001,01675839,488,A,06001,+37.6471385,-121.9124880,06,36084,G4020,Alameda,Alameda County,06,2023-11-09,51.69159939731253,1699488000000,"{""type"":""MultiPoint"",""coordinates"":[]}"
677_0000000000000000001f,121375681,479216672,41860,H6,075,00277302,488,C,06075,+37.7272391,-123.0322294,06,41884,G4020,San Francisco,San Francisco County,06,2023-11-09,69.7776943377369,1699488000000,"{""type"":""MultiPoint"",""coordinates"":[]}"
678_00000000000000000021,1857233047,225282636,41860,H1,013,01675903,488,A,06013,+37.9194790,-121.9515431,06,36084,G4020,Contra Costa,Contra Costa County,06,2023-11-10,68.22153918847269,1699574400000,"{""type"":""MultiPoint"",""coordinates"":[]}"
678_00000000000000000023,1909598013,216923745,41860,H1,001,01675839,488,A,06001,+37.6471385,-121.9124880,06,36084,G4020,Alameda,Alameda County,06,2023-11-10,59.16573017840816,1699574400000,"{""type"":""MultiPoint"",""coordinates"":[]}"
678_0000000000000000001f,121375681,479216672,41860,H6,075,00277302,488,C,06075,+37.7272391,-123.0322294,06,41884,G4020,San Francisco,San Francisco County,06,2023-11-10,75.73521471684029,1699574400000,"{""type"":""MultiPoint"",""coordinates"":[]}"
679_00000000000000000021,1857233047,225282636,41860,H1,013,01675903,488,A,06013,+37.9194790,-121.9515431,06,36084,G4020,Contra Costa,Contra Costa County,06,2023-11-11,57.25760592846667,1699660800000,"{""type"":""MultiPoint"",""coordinates"":[]}"
679_00000000000000000023,1909598013,216923745,41860,H1,001,01675839,488,A,06001,+37.6471385,-121.9124880,06,36084,G4020,Alameda,Alameda County,06,2023-11-11,51.303481315134,1699660800000,"{""type"":""MultiPoint"",""coordinates"":[]}"
679_0000000000000000001f,121375681,479216672,41860,H6,075,00277302,488,C,06075,+37.7272391,-123.0322294,06,41884,G4020,San Francisco,San Francisco County,06,2023-11-11,65.43527833511025,1699660800000,"{""type"":""MultiPoint"",""coordinates"":[]}"
680_00000000000000000021,1857233047,225282636,41860,H1,013,01675903,488,A,06013,+37.9194790,-121.9515431,06,36084,G4020,Contra Costa,Contra Costa County,06,2023-11-12,58.216485800359095,1699747200000,"{""type"":""MultiPoint"",""coordinates"":[]}"
680_00000000000000000023,1909598013,216923745,41860,H1,001,01675839,488,A,06001,+37.6471385,-121.9124880,06,36084,G4020,Alameda,Alameda County,06,2023-11-12,52.729166540805075,1699747200000,"{""type"":""MultiPoint"",""coordinates"":[]}"
680_0000000000000000001f,121375681,479216672,41860,H6,075,00277302,488,C,06075,+37.7272391,-123.0322294,06,41884,G4020,San Francisco,San Francisco County,06,2023-11-12,68.21793527917521,1699747200000,"{""type"":""MultiPoint"",""coordinates"":[]}"
681_00000000000000000021,1857233047,225282636,41860,H1,013,01675903,488,A,06013,+37.9194790,-121.9515431,06,36084,G4020,Contra Costa,Contra Costa County,06,2023-11-13,75.42077758844638,1699833600000,"{""type"":""MultiPoint"",""coordinates"":[]}"
681_00000000000000000023,1909598013,216923745,41860,H1,001,01675839,488,A,06001,+37.6471385,-121.9124880,06,36084,G4020,Alameda,Alameda County,06,2023-11-13,69.26920922347728,1699833600000,"{""type"":""MultiPoint"",""coordinates"":[]}"
681_0000000000000000001f,121375681,479216672,41860,H6,075,00277302,488,C,06075,+37.7272391,-123.0322294,06,41884,G4020,San Francisco,San Francisco County,06,2023-11-13,83.49848340625854,1699833600000,"{""type"":""MultiPoint"",""coordinates"":[]}"
682_00000000000000000021,1857233047,225282636,41860,H1,013,01675903,488,A,06013,+37.9194790,-121.9515431,06,36084,G4020,Contra Costa,Contra Costa County,06,2023-11-14,70.58425213544527,1699920000000,"{""type"":""MultiPoint"",""coordinates"":[]}"
682_00000000000000000023,1909598013,216923745,41860,H1,001,01675839,488,A,06001,+37.6471385,-121.9124880,06,36084,G4020,Alameda,Alameda County,06,2023-11-14,67.21164025725231,1699920000000,"{""type"":""MultiPoint"",""coordinates"":[]}"
682_0000000000000000001f,121375681,479216672,41860,H6,075,00277302,488,C,06075,+37.7272391,-123.0322294,06,41884,G4020,San Francisco,San Francisco County,06,2023-11-14,75.2153108418474,1699920000000,"{""type"":""MultiPoint"",""coordinates"":[]}"
683_00000000000000000021,1857233047,225282636,41860,H1,013,01675903,488,A,06013,+37.9194790,-121.9515431,06,36084,G4020,Contra Costa,Contra Costa County,06,2023-11-15,65.52857736939268,1700006400000,"{""type"":""MultiPoint"",""coordinates"":[]}"
683_00000000000000000023,1909598013,216923745,41860,H1,001,01675839,488,A,06001,+37.6471385,-121.9124880,06,36084,G4020,Alameda,Alameda County,06,2023-11-15,58.990176837594056,1700006400000,"{""type"":""MultiPoint"",""coordinates"":[]}"
683_0000000000000000001f,121375681,479216672,41860,H6,075,00277302,488,C,06075,+37.7272391,-123.0322294,06,41884,G4020,San Francisco,San Francisco County,06,2023-11-15,71.03827704724279,1700006400000,"{""type"":""MultiPoint"",""coordinates"":[]}"
684_00000000000000000021,1857233047,225282636,41860,H1,013,01675903,488,A,06013,+37.9194790,-121.9515431,06,36084,G4020,Contra Costa,Contra Costa County,06,2023-11-16,79.67871972663636,1700092800000,"{""type"":""MultiPoint"",""coordinates"":[]}"
684_00000000000000000023,1909598013,216923745,41860,H1,001,01675839,488,A,06001,+37.6471385,-121.9124880,06,36084,G4020,Alameda,Alameda County,06,2023-11-16,80.31356166836069,1700092800000,"{""type"":""MultiPoint"",""coordinates"":[]}"
684_0000000000000000001f,121375681,479216672,41860,H6,075,00277302,488,C,06075,+37.7272391,-123.0322294,06,41884,G4020,San Francisco,San Francisco County,06,2023-11-16,79.4785348116148,1700092800000,"{""type"":""MultiPoint"",""coordinates"":[]}"
685_00000000000000000021,1857233047,225282636,41860,H1,013,01675903,488,A,06013,+37.9194790,-121.9515431,06,36084,G4020,Contra Costa,Contra Costa County,06,2023-11-17,83.62303727342375,1700179200000,"{""type"":""MultiPoint"",""coordinates"":[]}"
685_00000000000000000023,1909598013,216923745,41860,H1,001,01675839,488,A,06001,+37.6471385,-121.9124880,06,36084,G4020,Alameda,Alameda County,06,2023-11-17,84.63302704589164,1700179200000,"{""type"":""MultiPoint"",""coordinates"":[]}"
685_0000000000000000001f,121375681,479216672,41860,H6,075,00277302,488,C,06075,+37.7272391,-123.0322294,06,41884,G4020,San Francisco,San Francisco County,06,2023-11-17,85.48327903548997,1700179200000,"{""type"":""MultiPoint"",""coordinates"":[]}"
686_00000000000000000021,1857233047,225282636,41860,H1,013,01675903,488,A,06013,+37.9194790,-121.9515431,06,36084,G4020,Contra Costa,Contra Costa County,06,2023-11-18,85.37726329498877,1700265600000,"{""type"":""MultiPoint"",""coordinates"":[]}"
686_00000000000000000023,1909598013,216923745,41860,H1,001,01675839,488,A,06001,+37.6471385,-121.9124880,06,36084,G4020,Alameda,Alameda County,06,2023-11-18,87.3534580078744,1700265600000,"{""type"":""MultiPoint"",""coordinates"":[]}"
686_0000000000000000001f,121375681,479216672,41860,H6,075,00277302,488,C,06075,+37.7272391,-123.0322294,06,41884,G4020,San Francisco,San Francisco County,06,2023-11-18,88.5019318197187,1700265600000,"{""type"":""MultiPoint"",""coordinates"":[]}"
687_00000000000000000021,1857233047,225282636,41860,H1,013,01675903,488,A,06013,+37.9194790,-121.9515431,06,36084,G4020,Contra Costa,Contra Costa County,06,2023-11-19,74.3904998751715,1700352000000,"{""type"":""MultiPoint"",""coordinates"":[]}"
687_00000000000000000023,1909598013,216923745,41860,H1,001,01675839,488,A,06001,+37.6471385,-121.9124880,06,36084,G4020,Alameda,Alameda County,06,2023-11-19,77.97915280785814,1700352000000,"{""type"":""MultiPoint"",""coordinates"":[]}"
687_0000000000000000001f,121375681,479216672,41860,H6,075,00277302,488,C,06075,+37.7272391,-123.0322294,06,41884,G4020,San Francisco,San Francisco County,06,2023-11-19,76.42864500130567,1700352000000,"{""type"":""MultiPoint"",""coordinates"":[]}"
688_00000000000000000021,1857233047,225282636,41860,H1,013,01675903,488,A,06013,+37.9194790,-121.9515431,06,36084,G4020,Contra Costa,Contra Costa County,06,2023-11-20,45.97811327095306,1700438400000,"{""type"":""MultiPoint"",""coordinates"":[]}"
688_00000000000000000023,1909598013,216923745,41860,H1,001,01675839,488,A,06001,+37.6471385,-121.9124880,06,36084,G4020,Alameda,Alameda County,06,2023-11-20,51.36957858169137,1700438400000,"{""type"":""MultiPoint"",""coordinates"":[]}"
688_0000000000000000001f,121375681,479216672,41860,H6,075,00277302,488,C,06075,+37.7272391,-123.0322294,06,41884,G4020,San Francisco,San Francisco County,06,2023-11-20,53.872396020123006,1700438400000,"{""type"":""MultiPoint"",""coordinates"":[]}"
689_00000000000000000021,1857233047,225282636,41860,H1,013,01675903,488,A,06013,+37.9194790,-121.9515431,06,36084,G4020,Contra Costa,Contra Costa County,06,2023-11-21,62.46010660092823,1700524800000,"{""type"":""MultiPoint"",""coordinates"":[]}"
689_00000000000000000023,1909598013,216923745,41860,H1,001,01675839,488,A,06001,+37.6471385,-121.9124880,06,36084,G4020,Alameda,Alameda County,06,2023-11-21,58.71443132457231,1700524800000,"{""type"":""MultiPoint"",""coordinates"":[]}"
689_0000000000000000001f,121375681,479216672,41860,H6,075,00277302,488,C,06075,+37.7272391,-123.0322294,06,41884,G4020,San Francisco,San Francisco County,06,2023-11-21,66.98290405398791,1700524800000,"{""type"":""MultiPoint"",""coordinates"":[]}"
690_00000000000000000021,1857233047,225282636,41860,H1,013,01675903,488,A,06013,+37.9194790,-121.9515431,06,36084,G4020,Contra Costa,Contra Costa County,06,2023-11-22,65.7030784351404,1700611200000,"{""type"":""MultiPoint"",""coordinates"":[]}"
690_00000000000000000023,1909598013,216923745,41860,H1,001,01675839,488,A,06001,+37.6471385,-121.9124880,06,36084,G4020,Alameda,Alameda County,06,2023-11-22,57.81583447158434,1700611200000,"{""type"":""MultiPoint"",""coordinates"":[]}"
690_0000000000000000001f,121375681,479216672,41860,H6,075,00277302,488,C,06075,+37.7272391,-123.0322294,06,41884,G4020,San Francisco,San Francisco County,06,2023-11-22,73.51094035890048,1700611200000,"{""type"":""MultiPoint"",""coordinates"":[]}"
691_00000000000000000021,1857233047,225282636,41860,H1,013,01675903,488,A,06013,+37.9194790,-121.9515431,06,36084,G4020,Contra Costa,Contra Costa County,06,2023-11-23,69.54175086632861,1700697600000,"{""type"":""MultiPoint"",""coordinates"":[]}"
691_00000000000000000023,1909598013,216923745,41860,H1,001,01675839,488,A,06001,+37.6471385,-121.9124880,06,36084,G4020,Alameda,Alameda County,06,2023-11-23,61.74605828309524,1700697600000,"{""type"":""MultiPoint"",""coordinates"":[]}"
691_0000000000000000001f,121375681,479216672,41860,H6,075,00277302,488,C,06075,+37.7272391,-123.0322294,06,41884,G4020,San Francisco,San Francisco County,06,2023-11-23,78.40802412042423,1700697600000,"{""type"":""MultiPoint"",""coordinates"":[]}"
692_00000000000000000021,1857233047,225282636,41860,H1,013,01675903,488,A,06013,+37.9194790,-121.9515431,06,36084,G4020,Contra Costa,Contra Costa County,06,2023-11-24,42.49711709807973,1700784000000,"{""type"":""MultiPoint"",""coordinates"":[]}"
692_00000000000000000023,1909598013,216923745,41860,H1,001,01675839,488,A,06001,+37.6471385,-121.9124880,06,36084,G4020,Alameda,Alameda County,06,2023-11-24,51.46743956678962,1700784000000,"{""type"":""MultiPoint"",""coordinates"":[]}"
692_0000000000000000001f,121375681,479216672,41860,H6,075,00277302,488,C,06075,+37.7272391,-123.0322294,06,41884,G4020,San Francisco,San Francisco County,06,2023-11-24,52.751534505582,1700784000000,"{""type"":""MultiPoint"",""coordinates"":[]}"
693_00000000000000000021,1857233047,225282636,41860,H1,013,01675903,488,A,06013,+37.9194790,-121.9515431,06,36084,G4020,Contra Costa,Contra Costa County,06,2023-11-25,45.422366712013634,1700870400000,"{""type"":""MultiPoint"",""coordinates"":[]}"
693_00000000000000000023,1909598013,216923745,41860,H1,001,01675839,488,A,06001,+37.6471385,-121.9124880,06,36084,G4020,Alameda,Alameda County,06,2023-11-25,47.656160716014064,1700870400000,"{""type"":""MultiPoint"",""coordinates"":[]}"
693_0000000000000000001f,121375681,479216672,41860,H6,075,00277302,488,C,06075,+37.7272391,-123.0322294,06,41884,G4020,San Francisco,San Francisco County,06,2023-11-25,54.24368268020681,1700870400000,"{""type"":""MultiPoint"",""coordinates"":[]}"
694_00000000000000000021,1857233047,225282636,41860,H1,013,01675903,488,A,06013,+37.9194790,-121.9515431,06,36084,G4020,Contra Costa,Contra Costa County,06,2023-11-26,55.88264901708431,1700956800000,"{""type"":""MultiPoint"",""coordinates"":[]}"
694_00000000000000000023,1909598013,216923745,41860,H1,001,01675839,488,A,06001,+37.6471385,-121.9124880,06,36084,G4020,Alameda,Alameda County,06,2023-11-26,57.14296686991516,1700956800000,"{""type"":""MultiPoint"",""coordinates"":[]}"
694_0000000000000000001f,121375681,479216672,41860,H6,075,00277302,488,C,06075,+37.7272391,-123.0322294,06,41884,G4020,San Francisco,San Francisco County,06,2023-11-26,58.87650411578744,1700956800000,"{""type"":""MultiPoint"",""coordinates"":[]}"
695_00000000000000000021,1857233047,225282636,41860,H1,013,01675903,488,A,06013,+37.9194790,-121.9515431,06,36084,G4020,Contra Costa,Contra Costa County,06,2023-11-27,62.092797810092954,1701043200000,"{""type"":""MultiPoint"",""coordinates"":[]}"
695_00000000000000000023,1909598013,216923745,41860,H1,001,01675839,488,A,06001,+37.6471385,-121.9124880,06,36084,G4020,Alameda,Alameda County,06,2023-11-27,57.43694586174236,1701043200000,"{""type"":""MultiPoint"",""coordinates"":[]}"
695_0000000000000000001f,121375681,479216672,41860,H6,075,00277302,488,C,06075,+37.7272391,-123.0322294,06,41884,G4020,San Francisco,San Francisco County,06,2023-11-27,66.17636684763093,1701043200000,"{""type"":""MultiPoint"",""coordinates"":[]}"
696_00000000000000000021,1857233047,225282636,41860,H1,013,01675903,488,A,06013,+37.9194790,-121.9515431,06,36084,G4020,Contra Costa,Contra Costa County,06,2023-11-28,60.25601700990394,1701129600000,"{""type"":""MultiPoint"",""coordinates"":[]}"
696_00000000000000000023,1909598013,216923745,41860,H1,001,01675839,488,A,06001,+37.6471385,-121.9124880,06,36084,G4020,Alameda,Alameda County,06,2023-11-28,55.33829532710472,1701129600000,"{""type"":""MultiPoint"",""coordinates"":[]}"
696_0000000000000000001f,121375681,479216672,41860,H6,075,00277302,488,C,06075,+37.7272391,-123.0322294,06,41884,G4020,San Francisco,San Francisco County,06,2023-11-28,67.29174849425065,1701129600000,"{""type"":""MultiPoint"",""coordinates"":[]}"
697_00000000000000000021,1857233047,225282636,41860,H1,013,01675903,488,A,06013,+37.9194790,-121.9515431,06,36084,G4020,Contra Costa,Contra Costa County,06,2023-11-29,66.47935385956858,1701216000000,"{""type"":""MultiPoint"",""coordinates"":[]}"
697_00000000000000000023,1909598013,216923745,41860,H1,001,01675839,488,A,06001,+37.6471385,-121.9124880,06,36084,G4020,Alameda,Alameda County,06,2023-11-29,72.97434866249422,1701216000000,"{""type"":""MultiPoint"",""coordinates"":[]}"
697_0000000000000000001f,121375681,479216672,41860,H6,075,00277302,488,C,06075,+37.7272391,-123.0322294,06,41884,G4020,San Francisco,San Francisco County,06,2023-11-29,74.55706268615438,1701216000000,"{""type"":""MultiPoint"",""coordinates"":[]}"
698_00000000000000000021,1857233047,225282636,41860,H1,013,01675903,488,A,06013,+37.9194790,-121.9515431,06,36084,G4020,Contra Costa,Contra Costa County,06,2023-11-30,72.41871147739761,1701302400000,"{""type"":""MultiPoint"",""coordinates"":[]}"
698_00000000000000000023,1909598013,216923745,41860,H1,001,01675839,488,A,06001,+37.6471385,-121.9124880,06,36084,G4020,Alameda,Alameda County,06,2023-11-30,73.32966629004493,1701302400000,"{""type"":""MultiPoint"",""coordinates"":[]}"
698_0000000000000000001f,121375681,479216672,41860,H6,075,00277302,488,C,06075,+37.7272391,-123.0322294,06,41884,G4020,San Francisco,San Francisco County,06,2023-11-30,76.56975085416983,1701302400000,"{""type"":""MultiPoint"",""coordinates"":[]}"
699_00000000000000000021,1857233047,225282636,41860,H1,013,01675903,488,A,06013,+37.9194790,-121.9515431,06,36084,G4020,Contra Costa,Contra Costa County,06,2023-12-01,72.2909257504087,1701388800000,"{""type"":""MultiPoint"",""coordinates"":[]}"
699_00000000000000000023,1909598013,216923745,41860,H1,001,01675839,488,A,06001,+37.6471385,-121.9124880,06,36084,G4020,Alameda,Alameda County,06,2023-12-01,77.93555342801248,1701388800000,"{""type"":""MultiPoint"",""coordinates"":[]}"
699_0000000000000000001f,121375681,479216672,41860,H6,075,00277302,488,C,06075,+37.7272391,-123.0322294,06,41884,G4020,San Francisco,San Francisco County,06,2023-12-01,76.29465595735522,1701388800000,"{""type"":""MultiPoint"",""coordinates"":[]}"
700_00000000000000000021,1857233047,225282636,41860,H1,013,01675903,488,A,06013,+37.9194790,-121.9515431,06,36084,G4020,Contra Costa,Contra Costa County,06,2023-12-02,83.62880996683859,1701475200000,"{""type"":""MultiPoint"",""coordinates"":[]}"
700_00000000000000000023,1909598013,216923745,41860,H1,001,01675839,488,A,06001,+37.6471385,-121.9124880,06,36084,G4020,Alameda,Alameda County,06,2023-12-02,86.55663791485692,1701475200000,"{""type"":""MultiPoint"",""coordinates"":[]}"
700_0000000000000000001f,121375681,479216672,41860,H6,075,00277302,488,C,06075,+37.7272391,-123.0322294,06,41884,G4020,San Francisco,San Francisco County,06,2023-12-02,89.53494326807257,1701475200000,"{""type"":""MultiPoint"",""coordinates"":[]}"
701_00000000000000000021,1857233047,225282636,41860,H1,013,01675903,488,A,06013,+37.9194790,-121.9515431,06,36084,G4020,Contra Costa,Contra Costa County,06,2023-12-03,87.86018247131841,1701561600000,"{""type"":""MultiPoint"",""coordinates"":[]}"
701_00000000000000000023,1909598013,216923745,41860,H1,001,01675839,488,A,06001,+37.6471385,-121.9124880,06,36084,G4020,Alameda,Alameda County,06,2023-12-03,88.92441870552902,1701561600000,"{""type"":""MultiPoint"",""coordinates"":[]}"
701_0000000000000000001f,121375681,479216672,41860,H6,075,00277302,488,C,06075,+37.7272391,-123.0322294,06,41884,G4020,San Francisco,San Francisco County,06,2023-12-03,93.53531775738544,1701561600000,"{""type"":""MultiPoint"",""coordinates"":[]}"
702_00000000000000000021,1857233047,225282636,41860,H1,013,01675903,488,A,06013,+37.9194790,-121.9515431,06,36084,G4020,Contra Costa,Contra Costa County,06,2023-12-04,86.69909670555417,1701648000000,"{""type"":""MultiPoint"",""coordinates"":[]}"
702_00000000000000000023,1909598013,216923745,41860,H1,001,01675839,488,A,06001,+37.6471385,-121.9124880,06,36084,G4020,Alameda,Alameda County,06,2023-12-04,87.65098363694116,1701648000000,"{""type"":""MultiPoint"",""coordinates"":[]}"
702_0000000000000000001f,121375681,479216672,41860,H6,075,00277302,488,C,06075,+37.7272391,-123.0322294,06,41884,G4020,San Francisco,San Francisco County,06,2023-12-04,92.84490348678385,1701648000000,"{""type"":""MultiPoint"",""coordinates"":[]}"
703_00000000000000000021,1857233047,225282636,41860,H1,013,01675903,488,A,06013,+37.9194790,-121.9515431,06,36084,G4020,Contra Costa,Contra Costa County,06,2023-12-05,86.09962584128729,1701734400000,"{""type"":""MultiPoint"",""coordinates"":[]}"
703_00000000000000000023,1909598013,216923745,41860,H1,001,01675839,488,A,06001,+37.6471385,-121.9124880,06,36084,G4020,Alameda,Alameda County,06,2023-12-05,77.74934285023319,1701734400000,"{""type"":""MultiPoint"",""coordinates"":[]}"
703_0000000000000000001f,121375681,479216672,41860,H6,075,00277302,488,C,06075,+37.7272391,-123.0322294,06,41884,G4020,San Francisco,San Francisco County,06,2023-12-05,91.56735085505414,1701734400000,"{""type"":""MultiPoint"",""coordinates"":[]}"
704_00000000000000000021,1857233047,225282636,41860,H1,013,01675903,488,A,06013,+37.9194790,-121.9515431,06,36084,G4020,Contra Costa,Contra Costa County,06,2023-12-06,87.3451577146579,1701820800000,"{""type"":""MultiPoint"",""coordinates"":[]}"
704_00000000000000000023,1909598013,216923745,41860,H1,001,01675839,488,A,06001,+37.6471385,-121.9124880,06,36084,G4020,Alameda,Alameda County,06,2023-12-06,81.56743645384704,1701820800000,"{""type"":""MultiPoint"",""coordinates"":[]}"
704_0000000000000000001f,121375681,479216672,41860,H6,075,00277302,488,C,06075,+37.7272391,-123.0322294,06,41884,G4020,San Francisco,San Francisco County,06,2023-12-06,91.36346159710293,1701820800000,"{""type"":""MultiPoint"",""coordinates"":[]}"
705_00000000000000000021,1857233047,225282636,41860,H1,013,01675903,488,A,06013,+37.9194790,-121.9515431,06,36084,G4020,Contra Costa,Contra Costa County,06,2023-12-07,86.45120709386975,1701907200000,"{""type"":""MultiPoint"",""coordinates"":[]}"
705_00000000000000000023,1909598013,216923745,41860,H1,001,01675839,488,A,06001,+37.6471385,-121.9124880,06,36084,G4020,Alameda,Alameda County,06,2023-12-07,87.50942402587035,1701907200000,"{""type"":""MultiPoint"",""coordinates"":[]}"
705_0000000000000000001f,121375681,479216672,41860,H6,075,00277302,488,C,06075,+37.7272391,-123.0322294,06,41884,G4020,San Francisco,San Francisco County,06,2023-12-07,86.51125398829679,1701907200000,"{""type"":""MultiPoint"",""coordinates"":[]}"
706_00000000000000000021,1857233047,225282636,41860,H1,013,01675903,488,A,06013,+37.9194790,-121.9515431,06,36084,G4020,Contra Costa,Contra Costa County,06,2023-12-08,79.04433604906728,1701993600000,"{""type"":""MultiPoint"",""coordinates"":[]}"
706_00000000000000000023,1909598013,216923745,41860,H1,001,01675839,488,A,06001,+37.6471385,-121.9124880,06,36084,G4020,Alameda,Alameda County,06,2023-12-08,82.12899471545298,1701993600000,"{""type"":""MultiPoint"",""coordinates"":[]}"
706_0000000000000000001f,121375681,479216672,41860,H6,075,00277302,488,C,06075,+37.7272391,-123.0322294,06,41884,G4020,San Francisco,San Francisco County,06,2023-12-08,77.48852084345248,1701993600000,"{""type"":""MultiPoint"",""coordinates"":[]}"
707_00000000000000000021,1857233047,225282636,41860,H1,013,01675903,488,A,06013,+37.9194790,-121.9515431,06,36084,G4020,Contra Costa,Contra Costa County,06,2023-12-09,50.13791466738611,1702080000000,"{""type"":""MultiPoint"",""coordinates"":[]}"
707_00000000000000000023,1909598013,216923745,41860,H1,001,01675839,488,A,06001,+37.6471385,-121.9124880,06,36084,G4020,Alameda,Alameda County,06,2023-12-09,51.452412900146314,1702080000000,"{""type"":""MultiPoint"",""coordinates"":[]}"
707_0000000000000000001f,121375681,479216672,41860,H6,075,00277302,488,C,06075,+37.7272391,-123.0322294,06,41884,G4020,San Francisco,San Francisco County,06,2023-12-09,58.468992971892476,1702080000000,"{""type"":""MultiPoint"",""coordinates"":[]}"
708_00000000000000000021,1857233047,225282636,41860,H1,013,01675903,488,A,06013,+37.9194790,-121.9515431,06,36084,G4020,Contra Costa,Contra Costa County,06,2023-12-10,63.2917203413815,1702166400000,"{""type"":""MultiPoint"",""coordinates"":[]}"
708_00000000000000000023,1909598013,216923745,41860,H1,001,01675839,488,A,06001,+37.6471385,-121.9124880,06,36084,G4020,Alameda,Alameda County,06,2023-12-10,57.12193730100709,1702166400000,"{""type"":""MultiPoint"",""coordinates"":[]}"
708_0000000000000000001f,121375681,479216672,41860,H6,075,00277302,488,C,06075,+37.7272391,-123.0322294,06,41884,G4020,San Francisco,San Francisco County,06,2023-12-10,68.92716757811729,1702166400000,"{""type"":""MultiPoint"",""coordinates"":[]}"
709_00000000000000000021,1857233047,225282636,41860,H1,013,01675903,488,A,06013,+37.9194790,-121.9515431,06,36084,G4020,Contra Costa,Contra Costa County,06,2023-12-11,69.5492662786489,1702252800000,"{""type"":""MultiPoint"",""coordinates"":[]}"
709_00000000000000000023,1909598013,216923745,41860,H1,001,01675839,488,A,06001,+37.6471385,-121.9124880,06,36084,G4020,Alameda,Alameda County,06,2023-12-11,61.235481973315785,1702252800000,"{""type"":""MultiPoint"",""coordinates"":[]}"
709_0000000000000000001f,121375681,479216672,41860,H6,075,00277302,488,C,06075,+37.7272391,-123.0322294,06,41884,G4020,San Francisco,San Francisco County,06,2023-12-11,75.50695628825369,1702252800000,"{""type"":""MultiPoint"",""coordinates"":[]}"
710_00000000000000000021,1857233047,225282636,41860,H1,013,01675903,488,A,06013,+37.9194790,-121.9515431,06,36084,G4020,Contra Costa,Contra Costa County,06,2023-12-12,81.61574785212785,1702339200000,"{""type"":""MultiPoint"",""coordinates"":[]}"
710_00000000000000000023,1909598013,216923745,41860,H1,001,01675839,488,A,06001,+37.6471385,-121.9124880,06,36084,G4020,Alameda,Alameda County,06,2023-12-12,79.4472185288968,1702339200000,"{""type"":""MultiPoint"",""coordinates"":[]}"
710_0000000000000000001f,121375681,479216672,41860,H6,075,00277302,488,C,06075,+37.7272391,-123.0322294,06,41884,G4020,San Francisco,San Francisco County,06,2023-12-12,91.09375758155457,1702339200000,"{""type"":""MultiPoint"",""coordinates"":[]}"
711_00000000000000000021,1857233047,225282636,41860,H1,013,01675903,488,A,06013,+37.9194790,-121.9515431,06,36084,G4020,Contra Costa,Contra Costa County,06,2023-12-13,75.33696551238539,1702425600000,"{""type"":""MultiPoint"",""coordinates"":[]}"
711_00000000000000000023,1909598013,216923745,41860,H1,001,01675839,488,A,06001,+37.6471385,-121.9124880,06,36084,G4020,Alameda,Alameda County,06,2023-12-13,75.81949663410998,1702425600000,"{""type"":""MultiPoint"",""coordinates"":[]}"
711_0000000000000000001f,121375681,479216672,41860,H6,075,00277302,488,C,06075,+37.7272391,-123.0322294,06,41884,G4020,San Francisco,San Francisco County,06,2023-12-13,81.19770614119507,1702425600000,"{""type"":""MultiPoint"",""coordinates"":[]}"
712_00000000000000000021,1857233047,225282636,41860,H1,013,01675903,488,A,06013,+37.9194790,-121.9515431,06,36084,G4020,Contra Costa,Contra Costa County,06,2023-12-14,71.42399531570629,1702512000000,"{""type"":""MultiPoint"",""coordinates"":[]}"
712_00000000000000000023,1909598013,216923745,41860,H1,001,01675839,488,A,06001,+37.6471385,-121.9124880,06,36084,G4020,Alameda,Alameda County,06,2023-12-14,67.33636624603976,1702512000000,"{""type"":""MultiPoint"",""coordinates"":[]}"
712_0000000000000000001f,121375681,479216672,41860,H6,075,00277302,488,C,06075,+37.7272391,-123.0322294,06,41884,G4020,San Francisco,San Francisco County,06,2023-12-14,72.31952039837749,1702512000000,"{""type"":""MultiPoint"",""coordinates"":[]}"
713_00000000000000000021,1857233047,225282636,41860,H1,013,01675903,488,A,06013,+37.9194790,-121.9515431,06,36084,G4020,Contra Costa,Contra Costa County,06,2023-12-15,68.773419684373,1702598400000,"{""type"":""MultiPoint"",""coordinates"":[]}"
713_00000000000000000023,1909598013,216923745,41860,H1,001,01675839,488,A,06001,+37.6471385,-121.9124880,06,36084,G4020,Alameda,Alameda County,06,2023-12-15,65.56289567101014,1702598400000,"{""type"":""MultiPoint"",""coordinates"":[]}"
713_0000000000000000001f,121375681,479216672,41860,H6,075,00277302,488,C,06075,+37.7272391,-123.0322294,06,41884,G4020,San Francisco,San Francisco County,06,2023-12-15,72.04612078639397,1702598400000,"{""type"":""MultiPoint"",""coordinates"":[]}"
714_00000000000000000021,1857233047,225282636,41860,H1,013,01675903,488,A,06013,+37.9194790,-121.9515431,06,36084,G4020,Contra Costa,Contra Costa County,06,2023-12-16,61.21874780340449,1702684800000,"{""type"":""MultiPoint"",""coordinates"":[]}"
714_00000000000000000023,1909598013,216923745,41860,H1,001,01675839,488,A,06001,+37.6471385,-121.9124880,06,36084,G4020,Alameda,Alameda County,06,2023-12-16,59.12561942124997,1702684800000,"{""type"":""MultiPoint"",""coordinates"":[]}"
714_0000000000000000001f,121375681,479216672,41860,H6,075,00277302,488,C,06075,+37.7272391,-123.0322294,06,41884,G4020,San Francisco,San Francisco County,06,2023-12-16,62.46854126473454,1702684800000,"{""type"":""MultiPoint"",""coordinates"":[]}"
715_00000000000000000021,1857233047,225282636,41860,H1,013,01675903,488,A,06013,+37.9194790,-121.9515431,06,36084,G4020,Contra Costa,Contra Costa County,06,2023-12-17,66.37210527399,1702771200000,"{""type"":""MultiPoint"",""coordinates"":[]}"
715_00000000000000000023,1909598013,216923745,41860,H1,001,01675839,488,A,06001,+37.6471385,-121.9124880,06,36084,G4020,Alameda,Alameda County,06,2023-12-17,62.77275706859387,1702771200000,"{""type"":""MultiPoint"",""coordinates"":[]}"
715_0000000000000000001f,121375681,479216672,41860,H6,075,00277302,488,C,06075,+37.7272391,-123.0322294,06,41884,G4020,San Francisco,San Francisco County,06,2023-12-17,69.53247852007203,1702771200000,"{""type"":""MultiPoint"",""coordinates"":[]}"
716_00000000000000000021,1857233047,225282636,41860,H1,013,01675903,488,A,06013,+37.9194790,-121.9515431,06,36084,G4020,Contra Costa,Contra Costa County,06,2023-12-18,87.47713617105047,1702857600000,"{""type"":""MultiPoint"",""coordinates"":[]}"
716_00000000000000000023,1909598013,216923745,41860,H1,001,01675839,488,A,06001,+37.6471385,-121.9124880,06,36084,G4020,Alameda,Alameda County,06,2023-12-18,86.14315426365955,1702857600000,"{""type"":""MultiPoint"",""coordinates"":[]}"
716_0000000000000000001f,121375681,479216672,41860,H6,075,00277302,488,C,06075,+37.7272391,-123.0322294,06,41884,G4020,San Francisco,San Francisco County,06,2023-12-18,86.38776946260866,1702857600000,"{""type"":""MultiPoint"",""coordinates"":[]}"
717_00000000000000000021,1857233047,225282636,41860,H1,013,01675903,488,A,06013,+37.9194790,-121.9515431,06,36084,G4020,Contra Costa,Contra Costa County,06,2023-12-19,89.0566199014628,1702944000000,"{""type"":""MultiPoint"",""coordinates"":[]}"
717_00000000000000000023,1909598013,216923745,41860,H1,001,01675839,488,A,06001,+37.6471385,-121.9124880,06,36084,G4020,Alameda,Alameda County,06,2023-12-19,91.32380559823707,1702944000000,"{""type"":""MultiPoint"",""coordinates"":[]}"
717_0000000000000000001f,121375681,479216672,41860,H6,075,00277302,488,C,06075,+37.7272391,-123.0322294,06,41884,G4020,San Francisco,San Francisco County,06,2023-12-19,92.67757578537555,1702944000000,"{""type"":""MultiPoint"",""coordinates"":[]}"
718_00000000000000000021,1857233047,225282636,41860,H1,013,01675903,488,A,06013,+37.9194790,-121.9515431,06,36084,G4020,Contra Costa,Contra Costa County,06,2023-12-20,90.53896777861499,1703030400000,"{""type"":""MultiPoint"",""coordinates"":[]}"
718_00000000000000000023,1909598013,216923745,41860,H1,001,01675839,488,A,06001,+37.6471385,-121.9124880,06,36084,G4020,Alameda,Alameda County,06,2023-12-20,90.73264529357519,1703030400000,"{""type"":""MultiPoint"",""coordinates"":[]}"
718_0000000000000000001f,121375681,479216672,41860,H6,075,00277302,488,C,06075,+37.7272391,-123.0322294,06,41884,G4020,San Francisco,San Francisco County,06,2023-12-20,90.09182902422918,1703030400000,"{""type"":""MultiPoint"",""coordinates"":[]}"
719_00000000000000000021,1857233047,225282636,41860,H1,013,01675903,488,A,06013,+37.9194790,-121.9515431,06,36084,G4020,Contra Costa,Contra Costa County,06,2023-12-21,89.7019043071075,1703116800000,"{""type"":""MultiPoint"",""coordinates"":[]}"
719_00000000000000000023,1909598013,216923745,41860,H1,001,01675839,488,A,06001,+37.6471385,-121.9124880,06,36084,G4020,Alameda,Alameda County,06,2023-12-21,89.33724356814159,1703116800000,"{""type"":""MultiPoint"",""coordinates"":[]}"
719_0000000000000000001f,121375681,479216672,41860,H6,075,00277302,488,C,06075,+37.7272391,-123.0322294,06,41884,G4020,San Francisco,San Francisco County,06,2023-12-21,88.32995610524982,1703116800000,"{""type"":""MultiPoint"",""coordinates"":[]}"
720_00000000000000000021,1857233047,225282636,41860,H1,013,01675903,488,A,06013,+37.9194790,-121.9515431,06,36084,G4020,Contra Costa,Contra Costa County,06,2023-12-22,86.12903029273656,1703203200000,"{""type"":""MultiPoint"",""coordinates"":[]}"
720_00000000000000000023,1909598013,216923745,41860,H1,001,01675839,488,A,06001,+37.6471385,-121.9124880,06,36084,G4020,Alameda,Alameda County,06,2023-12-22,83.04456443397832,1703203200000,"{""type"":""MultiPoint"",""coordinates"":[]}"
720_0000000000000000001f,121375681,479216672,41860,H6,075,00277302,488,C,06075,+37.7272391,-123.0322294,06,41884,G4020,San Francisco,San Francisco County,06,2023-12-22,90.08088536064143,1703203200000,"{""type"":""MultiPoint"",""coordinates"":[]}"
721_00000000000000000021,1857233047,225282636,41860,H1,013,01675903,488,A,06013,+37.9194790,-121.9515431,06,36084,G4020,Contra Costa,Contra Costa County,06,2023-12-23,80.26824382456587,1703289600000,"{""type"":""MultiPoint"",""coordinates"":[]}"
721_00000000000000000023,1909598013,216923745,41860,H1,001,01675839,488,A,06001,+37.6471385,-121.9124880,06,36084,G4020,Alameda,Alameda County,06,2023-12-23,84.02397847697429,1703289600000,"{""type"":""MultiPoint"",""coordinates"":[]}"
721_0000000000000000001f,121375681,479216672,41860,H6,075,00277302,488,C,06075,+37.7272391,-123.0322294,06,41884,G4020,San Francisco,San Francisco County,06,2023-12-23,82.94396028382579,1703289600000,"{""type"":""MultiPoint"",""coordinates"":[]}"
722_00000000000000000021,1857233047,225282636,41860,H1,013,01675903,488,A,06013,+37.9194790,-121.9515431,06,36084,G4020,Contra Costa,Contra Costa County,06,2023-12-24,77.3318350631948,1703376000000,"{""type"":""MultiPoint"",""coordinates"":[]}"
722_00000000000000000023,1909598013,216923745,41860,H1,001,01675839,488,A,06001,+37.6471385,-121.9124880,06,36084,G4020,Alameda,Alameda County,06,2023-12-24,71.4395607237652,1703376000000,"{""type"":""MultiPoint"",""coordinates"":[]}"
722_0000000000000000001f,121375681,479216672,41860,H6,075,00277302,488,C,06075,+37.7272391,-123.0322294,06,41884,G4020,San Francisco,San Francisco County,06,2023-12-24,84.26699839669084,1703376000000,"{""type"":""MultiPoint"",""coordinates"":[]}"
723_00000000000000000021,1857233047,225282636,41860,H1,013,01675903,488,A,06013,+37.9194790,-121.9515431,06,36084,G4020,Contra Costa,Contra Costa County,06,2023-12-25,83.48042203048914,1703462400000,"{""type"":""MultiPoint"",""coordinates"":[]}"
723_00000000000000000023,1909598013,216923745,41860,H1,001,01675839,488,A,06001,+37.6471385,-121.9124880,06,36084,G4020,Alameda,Alameda County,06,2023-12-25,75.37470561132729,1703462400000,"{""type"":""MultiPoint"",""coordinates"":[]}"
723_0000000000000000001f,121375681,479216672,41860,H6,075,00277302,488,C,06075,+37.7272391,-123.0322294,06,41884,G4020,San Francisco,San Francisco County,06,2023-12-25,87.21777215613383,1703462400000,"{""type"":""MultiPoint"",""coordinates"":[]}"
724_00000000000000000021,1857233047,225282636,41860,H1,013,01675903,488,A,06013,+37.9194790,-121.9515431,06,36084,G4020,Contra Costa,Contra Costa County,06,2023-12-26,89.3521237464018,1703548800000,"{""type"":""MultiPoint"",""coordinates"":[]}"
724_00000000000000000023,1909598013,216923745,41860,H1,001,01675839,488,A,06001,+37.6471385,-121.9124880,06,36084,G4020,Alameda,Alameda County,06,2023-12-26,82.09929148498178,1703548800000,"{""type"":""MultiPoint"",""coordinates"":[]}"
724_0000000000000000001f,121375681,479216672,41860,H6,075,00277302,488,C,06075,+37.7272391,-123.0322294,06,41884,G4020,San Francisco,San Francisco County,06,2023-12-26,90.47908138081826,1703548800000,"{""type"":""MultiPoint"",""coordinates"":[]}"
725_00000000000000000021,1857233047,225282636,41860,H1,013,01675903,488,A,06013,+37.9194790,-121.9515431,06,36084,G4020,Contra Costa,Contra Costa County,06,2023-12-27,87.76870357315572,1703635200000,"{""type"":""MultiPoint"",""coordinates"":[]}"
725_00000000000000000023,1909598013,216923745,41860,H1,001,01675839,488,A,06001,+37.6471385,-121.9124880,06,36084,G4020,Alameda,Alameda County,06,2023-12-27,84.88563201405019,1703635200000,"{""type"":""MultiPoint"",""coordinates"":[]}"
725_0000000000000000001f,121375681,479216672,41860,H6,075,00277302,488,C,06075,+37.7272391,-123.0322294,06,41884,G4020,San Francisco,San Francisco County,06,2023-12-27,86.59065540927489,1703635200000,"{""type"":""MultiPoint"",""coordinates"":[]}"
726_00000000000000000021,1857233047,225282636,41860,H1,013,01675903,488,A,06013,+37.9194790,-121.9515431,06,36084,G4020,Contra Costa,Contra Costa County,06,2023-12-28,88.8769295646003,1703721600000,"{""type"":""MultiPoint"",""coordinates"":[]}"
726_00000000000000000023,1909598013,216923745,41860,H1,001,01675839,488,A,06001,+37.6471385,-121.9124880,06,36084,G4020,Alameda,Alameda County,06,2023-12-28,87.64709888132738,1703721600000,"{""type"":""MultiPoint"",""coordinates"":[]}"
726_0000000000000000001f,121375681,479216672,41860,H6,075,00277302,488,C,06075,+37.7272391,-123.0322294,06,41884,G4020,San Francisco,San Francisco County,06,2023-12-28,89.55691984053823,1703721600000,"{""type"":""MultiPoint"",""coordinates"":[]}"
727_00000000000000000021,1857233047,225282636,41860,H1,013,01675903,488,A,06013,+37.9194790,-121.9515431,06,36084,G4020,Contra Costa,Contra Costa County,06,2023-12-29,89.10339212733993,1703808000000,"{""type"":""MultiPoint"",""coordinates"":[]}"
727_00000000000000000023,1909598013,216923745,41860,H1,001,01675839,488,A,06001,+37.6471385,-121.9124880,06,36084,G4020,Alameda,Alameda County,06,2023-12-29,88.69435387730394,1703808000000,"{""type"":""MultiPoint"",""coordinates"":[]}"
727_0000000000000000001f,121375681,479216672,41860,H6,075,00277302,488,C,06075,+37.7272391,-123.0322294,06,41884,G4020,San Francisco,San Francisco County,06,2023-12-29,89.81124574138175,1703808000000,"{""type"":""MultiPoint"",""coordinates"":[]}"
728_00000000000000000021,1857233047,225282636,41860,H1,013,01675903,488,A,06013,+37.9194790,-121.9515431,06,36084,G4020,Contra Costa,Contra Costa County,06,2023-12-30,87.86327297654127,1703894400000,"{""type"":""MultiPoint"",""coordinates"":[]}"
728_00000000000000000023,1909598013,216923745,41860,H1,001,01675839,488,A,06001,+37.6471385,-121.9124880,06,36084,G4020,Alameda,Alameda County,06,2023-12-30,88.45506738516204,1703894400000,"{""type"":""MultiPoint"",""coordinates"":[]}"
728_0000000000000000001f,121375681,479216672,41860,H6,075,00277302,488,C,06075,+37.7272391,-123.0322294,06,41884,G4020,San Francisco,San Francisco County,06,2023-12-30,88.84554467950588,1703894400000,"{""type"":""MultiPoint"",""coordinates"":[]}"
729_00000000000000000021,1857233047,225282636,41860,H1,013,01675903,488,A,06013,+37.9194790,-121.9515431,06,36084,G4020,Contra Costa,Contra Costa County,06,2023-12-31,92.07723854287914,1703980800000,"{""type"":""MultiPoint"",""coordinates"":[]}"
729_00000000000000000023,1909598013,216923745,41860,H1,001,01675839,488,A,06001,+37.6471385,-121.9124880,06,36084,G4020,Alameda,Alameda County,06,2023-12-31,91.04718425943679,1703980800000,"{""type"":""MultiPoint"",""coordinates"":[]}"
729_0000000000000000001f,121375681,479216672,41860,H6,075,00277302,488,C,06075,+37.7272391,-123.0322294,06,41884,G4020,San Francisco,San Francisco County,06,2023-12-31,91.48758393212694,1703980800000,"{""type"":""MultiPoint"",""coordinates"":[]}"
730_00000000000000000021,1857233047,225282636,41860,H1,013,01675903,488,A,06013,+37.9194790,-121.9515431,06,36084,G4020,Contra Costa,Contra Costa County,06,2024-01-01,91.15734098265548,1704067200000,"{""type"":""MultiPoint"",""coordinates"":[]}"
730_00000000000000000023,1909598013,216923745,41860,H1,001,01675839,488,A,06001,+37.6471385,-121.9124880,06,36084,G4020,Alameda,Alameda County,06,2024-01-01,90.33442429004728,1704067200000,"{""type"":""MultiPoint"",""coordinates"":[]}"
730_0000000000000000001f,121375681,479216672,41860,H6,075,00277302,488,C,06075,+37.7272391,-123.0322294,06,41884,G4020,San Francisco,San Francisco County,06,2024-01-01,92.1910090925346,1704067200000,"{""type"":""MultiPoint"",""coordinates"":[]}"
731_00000000000000000021,1857233047,225282636,41860,H1,013,01675903,488,A,06013,+37.9194790,-121.9515431,06,36084,G4020,Contra Costa,Contra Costa County,06,2024-01-02,85.78806346549558,1704153600000,"{""type"":""MultiPoint"",""coordinates"":[]}"
731_00000000000000000023,1909598013,216923745,41860,H1,001,01675839,488,A,06001,+37.6471385,-121.9124880,06,36084,G4020,Alameda,Alameda County,06,2024-01-02,83.20399696188754,1704153600000,"{""type"":""MultiPoint"",""coordinates"":[]}"
731_0000000000000000001f,121375681,479216672,41860,H6,075,00277302,488,C,06075,+37.7272391,-123.0322294,06,41884,G4020,San Francisco,San Francisco County,06,2024-01-02,89.99617216032917,1704153600000,"{""type"":""MultiPoint"",""coordinates"":[]}"
732_00000000000000000021,1857233047,225282636,41860,H1,013,01675903,488,A,06013,+37.9194790,-121.9515431,06,36084,G4020,Contra Costa,Contra Costa County,06,2024-01-03,83.33764339189479,1704240000000,"{""type"":""MultiPoint"",""coordinates"":[]}"
732_00000000000000000023,1909598013,216923745,41860,H1,001,01675839,488,A,06001,+37.6471385,-121.9124880,06,36084,G4020,Alameda,Alameda County,06,2024-01-03,86.08308385138257,1704240000000,"{""type"":""MultiPoint"",""coordinates"":[]}"
732_0000000000000000001f,121375681,479216672,41860,H6,075,00277302,488,C,06075,+37.7272391,-123.0322294,06,41884,G4020,San Francisco,San Francisco County,06,2024-01-03,78.73041575977544,1704240000000,"{""type"":""MultiPoint"",""coordinates"":[]}"
733_00000000000000000021,1857233047,225282636,41860,H1,013,01675903,488,A,06013,+37.9194790,-121.9515431,06,36084,G4020,Contra Costa,Contra Costa County,06,2024-01-04,80.55106861666927,1704326400000,"{""type"":""MultiPoint"",""coordinates"":[]}"
733_00000000000000000023,1909598013,216923745,41860,H1,001,01675839,488,A,06001,+37.6471385,-121.9124880,06,36084,G4020,Alameda,Alameda County,06,2024-01-04,82.79743417828222,1704326400000,"{""type"":""MultiPoint"",""coordinates"":[]}"
733_0000000000000000001f,121375681,479216672,41860,H6,075,00277302,488,C,06075,+37.7272391,-123.0322294,06,41884,G4020,San Francisco,San Francisco County,06,2024-01-04,78.2666128677274,1704326400000,"{""type"":""MultiPoint"",""coordinates"":[]}"
734_00000000000000000021,1857233047,225282636,41860,H1,013,01675903,488,A,06013,+37.9194790,-121.9515431,06,36084,G4020,Contra Costa,Contra Costa County,06,2024-01-05,86.44957876824162,1704412800000,"{""type"":""MultiPoint"",""coordinates"":[]}"
734_00000000000000000023,1909598013,216923745,41860,H1,001,01675839,488,A,06001,+37.6471385,-121.9124880,06,36084,G4020,Alameda,Alameda County,06,2024-01-05,89.16039972727332,1704412800000,"{""type"":""MultiPoint"",""coordinates"":[]}"
734_0000000000000000001f,121375681,479216672,41860,H6,075,00277302,488,C,06075,+37.7272391,-123.0322294,06,41884,G4020,San Francisco,San Francisco County,06,2024-01-05,89.06881262138972,1704412800000,"{""type"":""MultiPoint"",""coordinates"":[]}"
735_00000000000000000021,1857233047,225282636,41860,H1,013,01675903,488,A,06013,+37.9194790,-121.9515431,06,36084,G4020,Contra Costa,Contra Costa County,06,2024-01-06,79.60833813355379,1704499200000,"{""type"":""MultiPoint"",""coordinates"":[]}"
735_00000000000000000023,1909598013,216923745,41860,H1,001,01675839,488,A,06001,+37.6471385,-121.9124880,06,36084,G4020,Alameda,Alameda County,06,2024-01-06,74.13765724993499,1704499200000,"{""type"":""MultiPoint"",""coordinates"":[]}"
735_0000000000000000001f,121375681,479216672,41860,H6,075,00277302,488,C,06075,+37.7272391,-123.0322294,06,41884,G4020,San Francisco,San Francisco County,06,2024-01-06,89.80360869960599,1704499200000,"{""type"":""MultiPoint"",""coordinates"":[]}"
736_00000000000000000021,1857233047,225282636,41860,H1,013,01675903,488,A,06013,+37.9194790,-121.9515431,06,36084,G4020,Contra Costa,Contra Costa County,06,2024-01-07,73.18197780834332,1704585600000,"{""type"":""MultiPoint"",""coordinates"":[]}"
736_00000000000000000023,1909598013,216923745,41860,H1,001,01675839,488,A,06001,+37.6471385,-121.9124880,06,36084,G4020,Alameda,Alameda County,06,2024-01-07,74.04288205768495,1704585600000,"{""type"":""MultiPoint"",""coordinates"":[]}"
736_0000000000000000001f,121375681,479216672,41860,H6,075,00277302,488,C,06075,+37.7272391,-123.0322294,06,41884,G4020,San Francisco,San Francisco County,06,2024-01-07,69.32907810659123,1704585600000,"{""type"":""MultiPoint"",""coordinates"":[]}"
737_00000000000000000021,1857233047,225282636,41860,H1,013,01675903,488,A,06013,+37.9194790,-121.9515431,06,36084,G4020,Contra Costa,Contra Costa County,06,2024-01-08,70.19661756530962,1704672000000,"{""type"":""MultiPoint"",""coordinates"":[]}"
737_00000000000000000023,1909598013,216923745,41860,H1,001,01675839,488,A,06001,+37.6471385,-121.9124880,06,36084,G4020,Alameda,Alameda County,06,2024-01-08,66.9650945464114,1704672000000,"{""type"":""MultiPoint"",""coordinates"":[]}"
737_0000000000000000001f,121375681,479216672,41860,H6,075,00277302,488,C,06075,+37.7272391,-123.0322294,06,41884,G4020,San Francisco,San Francisco County,06,2024-01-08,71.74219899458922,1704672000000,"{""type"":""MultiPoint"",""coordinates"":[]}"
738_00000000000000000021,1857233047,225282636,41860,H1,013,01675903,488,A,06013,+37.9194790,-121.9515431,06,36084,G4020,Contra Costa,Contra Costa County,06,2024-01-09,83.84618526082514,1704758400000,"{""type"":""MultiPoint"",""coordinates"":[]}"
738_00000000000000000023,1909598013,216923745,41860,H1,001,01675839,488,A,06001,+37.6471385,-121.9124880,06,36084,G4020,Alameda,Alameda County,06,2024-01-09,83.17003760258994,1704758400000,"{""type"":""MultiPoint"",""coordinates"":[]}"
738_0000000000000000001f,121375681,479216672,41860,H6,075,00277302,488,C,06075,+37.7272391,-123.0322294,06,41884,G4020,San Francisco,San Francisco County,06,2024-01-09,86.24398703399922,1704758400000,"{""type"":""MultiPoint"",""coordinates"":[]}"
739_00000000000000000021,1857233047,225282636,41860,H1,013,01675903,488,A,06013,+37.9194790,-121.9515431,06,36084,G4020,Contra Costa,Contra Costa County,06,2024-01-10,78.59590668799844,1704844800000,"{""type"":""MultiPoint"",""coordinates"":[]}"
739_00000000000000000023,1909598013,216923745,41860,H1,001,01675839,488,A,06001,+37.6471385,-121.9124880,06,36084,G4020,Alameda,Alameda County,06,2024-01-10,83.6278146417612,1704844800000,"{""type"":""MultiPoint"",""coordinates"":[]}"
739_0000000000000000001f,121375681,479216672,41860,H6,075,00277302,488,C,06075,+37.7272391,-123.0322294,06,41884,G4020,San Francisco,San Francisco County,06,2024-01-10,76.53185911794837,1704844800000,"{""type"":""MultiPoint"",""coordinates"":[]}"
740_00000000000000000021,1857233047,225282636,41860,H1,013,01675903,488,A,06013,+37.9194790,-121.9515431,06,36084,G4020,Contra Costa,Contra Costa County,06,2024-01-11,65.81668872849536,1704931200000,"{""type"":""MultiPoint"",""coordinates"":[]}"
740_00000000000000000023,1909598013,216923745,41860,H1,001,01675839,488,A,06001,+37.6471385,-121.9124880,06,36084,G4020,Alameda,Alameda County,06,2024-01-11,68.54626173610131,1704931200000,"{""type"":""MultiPoint"",""coordinates"":[]}"
740_0000000000000000001f,121375681,479216672,41860,H6,075,00277302,488,C,06075,+37.7272391,-123.0322294,06,41884,G4020,San Francisco,San Francisco County,06,2024-01-11,66.98871377101744,1704931200000,"{""type"":""MultiPoint"",""coordinates"":[]}"
741_00000000000000000021,1857233047,225282636,41860,H1,013,01675903,488,A,06013,+37.9194790,-121.9515431,06,36084,G4020,Contra Costa,Contra Costa County,06,2024-01-12,76.24294055880317,1705017600000,"{""type"":""MultiPoint"",""coordinates"":[]}"
741_00000000000000000023,1909598013,216923745,41860,H1,001,01675839,488,A,06001,+37.6471385,-121.9124880,06,36084,G4020,Alameda,Alameda County,06,2024-01-12,74.8536714112969,1705017600000,"{""type"":""MultiPoint"",""coordinates"":[]}"
741_0000000000000000001f,121375681,479216672,41860,H6,075,00277302,488,C,06075,+37.7272391,-123.0322294,06,41884,G4020,San Francisco,San Francisco County,06,2024-01-12,73.33835036537546,1705017600000,"{""type"":""MultiPoint"",""coordinates"":[]}"
742_00000000000000000021,1857233047,225282636,41860,H1,013,01675903,488,A,06013,+37.9194790,-121.9515431,06,36084,G4020,Contra Costa,Contra Costa County,06,2024-01-13,88.94108407633921,1705104000000,"{""type"":""MultiPoint"",""coordinates"":[]}"
742_00000000000000000023,1909598013,216923745,41860,H1,001,01675839,488,A,06001,+37.6471385,-121.9124880,06,36084,G4020,Alameda,Alameda County,06,2024-01-13,88.85681902255394,1705104000000,"{""type"":""MultiPoint"",""coordinates"":[]}"
742_0000000000000000001f,121375681,479216672,41860,H6,075,00277302,488,C,06075,+37.7272391,-123.0322294,06,41884,G4020,San Francisco,San Francisco County,06,2024-01-13,88.76241047350167,1705104000000,"{""type"":""MultiPoint"",""coordinates"":[]}"
743_00000000000000000021,1857233047,225282636,41860,H1,013,01675903,488,A,06013,+37.9194790,-121.9515431,06,36084,G4020,Contra Costa,Contra Costa County,06,2024-01-14,88.6047328012139,1705190400000,"{""type"":""MultiPoint"",""coordinates"":[]}"
743_00000000000000000023,1909598013,216923745,41860,H1,001,01675839,488,A,06001,+37.6471385,-121.9124880,06,36084,G4020,Alameda,Alameda County,06,2024-01-14,88.79409490029765,1705190400000,"{""type"":""MultiPoint"",""coordinates"":[]}"
743_0000000000000000001f,121375681,479216672,41860,H6,075,00277302,488,C,06075,+37.7272391,-123.0322294,06,41884,G4020,San Francisco,San Francisco County,06,2024-01-14,90.94359098368611,1705190400000,"{""type"":""MultiPoint"",""coordinates"":[]}"
744_00000000000000000021,1857233047,225282636,41860,H1,013,01675903,488,A,06013,+37.9194790,-121.9515431,06,36084,G4020,Contra Costa,Contra Costa County,06,2024-01-15,90.34302974543608,1705276800000,"{""type"":""MultiPoint"",""coordinates"":[]}"
744_00000000000000000023,1909598013,216923745,41860,H1,001,01675839,488,A,06001,+37.6471385,-121.9124880,06,36084,G4020,Alameda,Alameda County,06,2024-01-15,89.8023295400223,1705276800000,"{""type"":""MultiPoint"",""coordinates"":[]}"
744_0000000000000000001f,121375681,479216672,41860,H6,075,00277302,488,C,06075,+37.7272391,-123.0322294,06,41884,G4020,San Francisco,San Francisco County,06,2024-01-15,92.56842200921697,1705276800000,"{""type"":""MultiPoint"",""coordinates"":[]}"
745_00000000000000000021,1857233047,225282636,41860,H1,013,01675903,488,A,06013,+37.9194790,-121.9515431,06,36084,G4020,Contra Costa,Contra Costa County,06,2024-01-16,91.44975502634111,1705363200000,"{""type"":""MultiPoint"",""coordinates"":[]}"
745_00000000000000000023,1909598013,216923745,41860,H1,001,01675839,488,A,06001,+37.6471385,-121.9124880,06,36084,G4020,Alameda,Alameda County,06,2024-01-16,85.60796848046628,1705363200000,"{""type"":""MultiPoint"",""coordinates"":[]}"
745_0000000000000000001f,121375681,479216672,41860,H6,075,00277302,488,C,06075,+37.7272391,-123.0322294,06,41884,G4020,San Francisco,San Francisco County,06,2024-01-16,92.64935508823999,1705363200000,"{""type"":""MultiPoint"",""coordinates"":[]}"
746_00000000000000000021,1857233047,225282636,41860,H1,013,01675903,488,A,06013,+37.9194790,-121.9515431,06,36084,G4020,Contra Costa,Contra Costa County,06,2024-01-17,88.18455129851584,1705449600000,"{""type"":""MultiPoint"",""coordinates"":[]}"
746_00000000000000000023,1909598013,216923745,41860,H1,001,01675839,488,A,06001,+37.6471385,-121.9124880,06,36084,G4020,Alameda,Alameda County,06,2024-01-17,88.7094162385877,1705449600000,"{""type"":""MultiPoint"",""coordinates"":[]}"
746_0000000000000000001f,121375681,479216672,41860,H6,075,00277302,488,C,06075,+37.7272391,-123.0322294,06,41884,G4020,San Francisco,San Francisco County,06,2024-01-17,90.5950028718976,1705449600000,"{""type"":""MultiPoint"",""coordinates"":[]}"
747_00000000000000000021,1857233047,225282636,41860,H1,013,01675903,488,A,06013,+37.9194790,-121.9515431,06,36084,G4020,Contra Costa,Contra Costa County,06,2024-01-18,88.00488687244335,1705536000000,"{""type"":""MultiPoint"",""coordinates"":[]}"
747_00000000000000000023,1909598013,216923745,41860,H1,001,01675839,488,A,06001,+37.6471385,-121.9124880,06,36084,G4020,Alameda,Alameda County,06,2024-01-18,81.98130772855365,1705536000000,"{""type"":""MultiPoint"",""coordinates"":[]}"
747_0000000000000000001f,121375681,479216672,41860,H6,075,00277302,488,C,06075,+37.7272391,-123.0322294,06,41884,G4020,San Francisco,San Francisco County,06,2024-01-18,92.00589352560539,1705536000000,"{""type"":""MultiPoint"",""coordinates"":[]}"
748_00000000000000000021,1857233047,225282636,41860,H1,013,01675903,488,A,06013,+37.9194790,-121.9515431,06,36084,G4020,Contra Costa,Contra Costa County,06,2024-01-19,90.02538579743641,1705622400000,"{""type"":""MultiPoint"",""coordinates"":[]}"
748_00000000000000000023,1909598013,216923745,41860,H1,001,01675839,488,A,06001,+37.6471385,-121.9124880,06,36084,G4020,Alameda,Alameda County,06,2024-01-19,82.84351558271472,1705622400000,"{""type"":""MultiPoint"",""coordinates"":[]}"
748_0000000000000000001f,121375681,479216672,41860,H6,075,00277302,488,C,06075,+37.7272391,-123.0322294,06,41884,G4020,San Francisco,San Francisco County,06,2024-01-19,89.91407459418718,1705622400000,"{""type"":""MultiPoint"",""coordinates"":[]}"
749_00000000000000000021,1857233047,225282636,41860,H1,013,01675903,488,A,06013,+37.9194790,-121.9515431,06,36084,G4020,Contra Costa,Contra Costa County,06,2024-01-20,87.77858591984274,1705708800000,"{""type"":""MultiPoint"",""coordinates"":[]}"
749_00000000000000000023,1909598013,216923745,41860,H1,001,01675839,488,A,06001,+37.6471385,-121.9124880,06,36084,G4020,Alameda,Alameda County,06,2024-01-20,88.7172750884236,1705708800000,"{""type"":""MultiPoint"",""coordinates"":[]}"
749_0000000000000000001f,121375681,479216672,41860,H6,075,00277302,488,C,06075,+37.7272391,-123.0322294,06,41884,G4020,San Francisco,San Francisco County,06,2024-01-20,91.37682963979243,1705708800000,"{""type"":""MultiPoint"",""coordinates"":[]}"
750_00000000000000000021,1857233047,225282636,41860,H1,013,01675903,488,A,06013,+37.9194790,-121.9515431,06,36084,G4020,Contra Costa,Contra Costa County,06,2024-01-21,85.80188680263062,1705795200000,"{""type"":""MultiPoint"",""coordinates"":[]}"
750_00000000000000000023,1909598013,216923745,41860,H1,001,01675839,488,A,06001,+37.6471385,-121.9124880,06,36084,G4020,Alameda,Alameda County,06,2024-01-21,85.8005294765479,1705795200000,"{""type"":""MultiPoint"",""coordinates"":[]}"
750_0000000000000000001f,121375681,479216672,41860,H6,075,00277302,488,C,06075,+37.7272391,-123.0322294,06,41884,G4020,San Francisco,San Francisco County,06,2024-01-21,86.91550798740074,1705795200000,"{""type"":""MultiPoint"",""coordinates"":[]}"
751_00000000000000000021,1857233047,225282636,41860,H1,013,01675903,488,A,06013,+37.9194790,-121.9515431,06,36084,G4020,Contra Costa,Contra Costa County,06,2024-01-22,89.0850232266253,1705881600000,"{""type"":""MultiPoint"",""coordinates"":[]}"
751_00000000000000000023,1909598013,216923745,41860,H1,001,01675839,488,A,06001,+37.6471385,-121.9124880,06,36084,G4020,Alameda,Alameda County,06,2024-01-22,91.10064905485359,1705881600000,"{""type"":""MultiPoint"",""coordinates"":[]}"
751_0000000000000000001f,121375681,479216672,41860,H6,075,00277302,488,C,06075,+37.7272391,-123.0322294,06,41884,G4020,San Francisco,San Francisco County,06,2024-01-22,92.91634023425823,1705881600000,"{""type"":""MultiPoint"",""coordinates"":[]}"
752_00000000000000000021,1857233047,225282636,41860,H1,013,01675903,488,A,06013,+37.9194790,-121.9515431,06,36084,G4020,Contra Costa,Contra Costa County,06,2024-01-23,89.7137046261885,1705968000000,"{""type"":""MultiPoint"",""coordinates"":[]}"
752_00000000000000000023,1909598013,216923745,41860,H1,001,01675839,488,A,06001,+37.6471385,-121.9124880,06,36084,G4020,Alameda,Alameda County,06,2024-01-23,90.76689742283918,1705968000000,"{""type"":""MultiPoint"",""coordinates"":[]}"
752_0000000000000000001f,121375681,479216672,41860,H6,075,00277302,488,C,06075,+37.7272391,-123.0322294,06,41884,G4020,San Francisco,San Francisco County,06,2024-01-23,90.43610550471689,1705968000000,"{""type"":""MultiPoint"",""coordinates"":[]}"
753_00000000000000000021,1857233047,225282636,41860,H1,013,01675903,488,A,06013,+37.9194790,-121.9515431,06,36084,G4020,Contra Costa,Contra Costa County,06,2024-01-24,90.40078627256862,1706054400000,"{""type"":""MultiPoint"",""coordinates"":[]}"
753_00000000000000000023,1909598013,216923745,41860,H1,001,01675839,488,A,06001,+37.6471385,-121.9124880,06,36084,G4020,Alameda,Alameda County,06,2024-01-24,90.75599310931085,1706054400000,"{""type"":""MultiPoint"",""coordinates"":[]}"
753_0000000000000000001f,121375681,479216672,41860,H6,075,00277302,488,C,06075,+37.7272391,-123.0322294,06,41884,G4020,San Francisco,San Francisco County,06,2024-01-24,91.48558336129832,1706054400000,"{""type"":""MultiPoint"",""coordinates"":[]}"
754_00000000000000000021,1857233047,225282636,41860,H1,013,01675903,488,A,06013,+37.9194790,-121.9515431,06,36084,G4020,Contra Costa,Contra Costa County,06,2024-01-25,86.91674766991085,1706140800000,"{""type"":""MultiPoint"",""coordinates"":[]}"
754_00000000000000000023,1909598013,216923745,41860,H1,001,01675839,488,A,06001,+37.6471385,-121.9124880,06,36084,G4020,Alameda,Alameda County,06,2024-01-25,87.51728034012748,1706140800000,"{""type"":""MultiPoint"",""coordinates"":[]}"
754_0000000000000000001f,121375681,479216672,41860,H6,075,00277302,488,C,06075,+37.7272391,-123.0322294,06,41884,G4020,San Francisco,San Francisco County,06,2024-01-25,89.34539293285228,1706140800000,"{""type"":""MultiPoint"",""coordinates"":[]}"
755_00000000000000000021,1857233047,225282636,41860,H1,013,01675903,488,A,06013,+37.9194790,-121.9515431,06,36084,G4020,Contra Costa,Contra Costa County,06,2024-01-26,83.62046420358097,1706227200000,"{""type"":""MultiPoint"",""coordinates"":[]}"
755_00000000000000000023,1909598013,216923745,41860,H1,001,01675839,488,A,06001,+37.6471385,-121.9124880,06,36084,G4020,Alameda,Alameda County,06,2024-01-26,78.78720021045949,1706227200000,"{""type"":""MultiPoint"",""coordinates"":[]}"
755_0000000000000000001f,121375681,479216672,41860,H6,075,00277302,488,C,06075,+37.7272391,-123.0322294,06,41884,G4020,San Francisco,San Francisco County,06,2024-01-26,86.6592930535145,1706227200000,"{""type"":""MultiPoint"",""coordinates"":[]}"
756_00000000000000000021,1857233047,225282636,41860,H1,013,01675903,488,A,06013,+37.9194790,-121.9515431,06,36084,G4020,Contra Costa,Contra Costa County,06,2024-01-27,87.02373021791782,1706313600000,"{""type"":""MultiPoint"",""coordinates"":[]}"
756_00000000000000000023,1909598013,216923745,41860,H1,001,01675839,488,A,06001,+37.6471385,-121.9124880,06,36084,G4020,Alameda,Alameda County,06,2024-01-27,83.64800096913142,1706313600000,"{""type"":""MultiPoint"",""coordinates"":[]}"
756_0000000000000000001f,121375681,479216672,41860,H6,075,00277302,488,C,06075,+37.7272391,-123.0322294,06,41884,G4020,San Francisco,San Francisco County,06,2024-01-27,84.85720993427057,1706313600000,"{""type"":""MultiPoint"",""coordinates"":[]}"
757_00000000000000000021,1857233047,225282636,41860,H1,013,01675903,488,A,06013,+37.9194790,-121.9515431,06,36084,G4020,Contra Costa,Contra Costa County,06,2024-01-28,84.54811751564186,1706400000000,"{""type"":""MultiPoint"",""coordinates"":[]}"
757_00000000000000000023,1909598013,216923745,41860,H1,001,01675839,488,A,06001,+37.6471385,-121.9124880,06,36084,G4020,Alameda,Alameda County,06,2024-01-28,80.39546992724513,1706400000000,"{""type"":""MultiPoint"",""coordinates"":[]}"
757_0000000000000000001f,121375681,479216672,41860,H6,075,00277302,488,C,06075,+37.7272391,-123.0322294,06,41884,G4020,San Francisco,San Francisco County,06,2024-01-28,81.86269986087889,1706400000000,"{""type"":""MultiPoint"",""coordinates"":[]}"
758_00000000000000000021,1857233047,225282636,41860,H1,013,01675903,488,A,06013,+37.9194790,-121.9515431,06,36084,G4020,Contra Costa,Contra Costa County,06,2024-01-29,84.12419006994197,1706486400000,"{""type"":""MultiPoint"",""coordinates"":[]}"
758_00000000000000000023,1909598013,216923745,41860,H1,001,01675839,488,A,06001,+37.6471385,-121.9124880,06,36084,G4020,Alameda,Alameda County,06,2024-01-29,76.28108973433642,1706486400000,"{""type"":""MultiPoint"",""coordinates"":[]}"
758_0000000000000000001f,121375681,479216672,41860,H6,075,00277302,488,C,06075,+37.7272391,-123.0322294,06,41884,G4020,San Francisco,San Francisco County,06,2024-01-29,87.25870595721028,1706486400000,"{""type"":""MultiPoint"",""coordinates"":[]}"
759_00000000000000000021,1857233047,225282636,41860,H1,013,01675903,488,A,06013,+37.9194790,-121.9515431,06,36084,G4020,Contra Costa,Contra Costa County,06,2024-01-30,82.42961346123857,1706572800000,"{""type"":""MultiPoint"",""coordinates"":[]}"
759_00000000000000000023,1909598013,216923745,41860,H1,001,01675839,488,A,06001,+37.6471385,-121.9124880,06,36084,G4020,Alameda,Alameda County,06,2024-01-30,76.51969482565512,1706572800000,"{""type"":""MultiPoint"",""coordinates"":[]}"
759_0000000000000000001f,121375681,479216672,41860,H6,075,00277302,488,C,06075,+37.7272391,-123.0322294,06,41884,G4020,San Francisco,San Francisco County,06,2024-01-30,84.67865248949256,1706572800000,"{""type"":""MultiPoint"",""coordinates"":[]}"
760_00000000000000000021,1857233047,225282636,41860,H1,013,01675903,488,A,06013,+37.9194790,-121.9515431,06,36084,G4020,Contra Costa,Contra Costa County,06,2024-01-31,80.41172991419091,1706659200000,"{""type"":""MultiPoint"",""coordinates"":[]}"
760_00000000000000000023,1909598013,216923745,41860,H1,001,01675839,488,A,06001,+37.6471385,-121.9124880,06,36084,G4020,Alameda,Alameda County,06,2024-01-31,76.56599344601094,1706659200000,"{""type"":""MultiPoint"",""coordinates"":[]}"
760_0000000000000000001f,121375681,479216672,41860,H6,075,00277302,488,C,06075,+37.7272391,-123.0322294,06,41884,G4020,San Francisco,San Francisco County,06,2024-01-31,83.29651729727071,1706659200000,"{""type"":""MultiPoint"",""coordinates"":[]}"
761_00000000000000000021,1857233047,225282636,41860,H1,013,01675903,488,A,06013,+37.9194790,-121.9515431,06,36084,G4020,Contra Costa,Contra Costa County,06,2024-02-01,85.56269897383523,1706745600000,"{""type"":""MultiPoint"",""coordinates"":[]}"
761_00000000000000000023,1909598013,216923745,41860,H1,001,01675839,488,A,06001,+37.6471385,-121.9124880,06,36084,G4020,Alameda,Alameda County,06,2024-02-01,85.92458773423415,1706745600000,"{""type"":""MultiPoint"",""coordinates"":[]}"
761_0000000000000000001f,121375681,479216672,41860,H6,075,00277302,488,C,06075,+37.7272391,-123.0322294,06,41884,G4020,San Francisco,San Francisco County,06,2024-02-01,87.98926783213622,1706745600000,"{""type"":""MultiPoint"",""coordinates"":[]}"
762_00000000000000000021,1857233047,225282636,41860,H1,013,01675903,488,A,06013,+37.9194790,-121.9515431,06,36084,G4020,Contra Costa,Contra Costa County,06,2024-02-02,85.94058104452638,1706832000000,"{""type"":""MultiPoint"",""coordinates"":[]}"
762_00000000000000000023,1909598013,216923745,41860,H1,001,01675839,488,A,06001,+37.6471385,-121.9124880,06,36084,G4020,Alameda,Alameda County,06,2024-02-02,87.16621786539942,1706832000000,"{""type"":""MultiPoint"",""coordinates"":[]}"
762_0000000000000000001f,121375681,479216672,41860,H6,075,00277302,488,C,06075,+37.7272391,-123.0322294,06,41884,G4020,San Francisco,San Francisco County,06,2024-02-02,86.86657499653076,1706832000000,"{""type"":""MultiPoint"",""coordinates"":[]}"
763_00000000000000000021,1857233047,225282636,41860,H1,013,01675903,488,A,06013,+37.9194790,-121.9515431,06,36084,G4020,Contra Costa,Contra Costa County,06,2024-02-03,78.68309043252427,1706918400000,"{""type"":""MultiPoint"",""coordinates"":[]}"
763_00000000000000000023,1909598013,216923745,41860,H1,001,01675839,488,A,06001,+37.6471385,-121.9124880,06,36084,G4020,Alameda,Alameda County,06,2024-02-03,79.17623489573583,1706918400000,"{""type"":""MultiPoint"",""coordinates"":[]}"
763_0000000000000000001f,121375681,479216672,41860,H6,075,00277302,488,C,06075,+37.7272391,-123.0322294,06,41884,G4020,San Francisco,San Francisco County,06,2024-02-03,76.16175626717347,1706918400000,"{""type"":""MultiPoint"",""coordinates"":[]}"
764_00000000000000000021,1857233047,225282636,41860,H1,013,01675903,488,A,06013,+37.9194790,-121.9515431,06,36084,G4020,Contra Costa,Contra Costa County,06,2024-02-04,82.85149950285167,1707004800000,"{""type"":""MultiPoint"",""coordinates"":[]}"
764_00000000000000000023,1909598013,216923745,41860,H1,001,01675839,488,A,06001,+37.6471385,-121.9124880,06,36084,G4020,Alameda,Alameda County,06,2024-02-04,83.86302237708504,1707004800000,"{""type"":""MultiPoint"",""coordinates"":[]}"
764_0000000000000000001f,121375681,479216672,41860,H6,075,00277302,488,C,06075,+37.7272391,-123.0322294,06,41884,G4020,San Francisco,San Francisco County,06,2024-02-04,82.66177847311204,1707004800000,"{""type"":""MultiPoint"",""coordinates"":[]}"
765_00000000000000000021,1857233047,225282636,41860,H1,013,01675903,488,A,06013,+37.9194790,-121.9515431,06,36084,G4020,Contra Costa,Contra Costa County,06,2024-02-05,82.55382486935163,1707091200000,"{""type"":""MultiPoint"",""coordinates"":[]}"
765_00000000000000000023,1909598013,216923745,41860,H1,001,01675839,488,A,06001,+37.6471385,-121.9124880,06,36084,G4020,Alameda,Alameda County,06,2024-02-05,86.21019238605261,1707091200000,"{""type"":""MultiPoint"",""coordinates"":[]}"
765_0000000000000000001f,121375681,479216672,41860,H6,075,00277302,488,C,06075,+37.7272391,-123.0322294,06,41884,G4020,San Francisco,San Francisco County,06,2024-02-05,85.04564573324093,1707091200000,"{""type"":""MultiPoint"",""coordinates"":[]}"
766_00000000000000000021,1857233047,225282636,41860,H1,013,01675903,488,A,06013,+37.9194790,-121.9515431,06,36084,G4020,Contra Costa,Contra Costa County,06,2024-02-06,89.99867216632101,1707177600000,"{""type"":""MultiPoint"",""coordinates"":[]}"
766_00000000000000000023,1909598013,216923745,41860,H1,001,01675839,488,A,06001,+37.6471385,-121.9124880,06,36084,G4020,Alameda,Alameda County,06,2024-02-06,90.19738354572065,1707177600000,"{""type"":""MultiPoint"",""coordinates"":[]}"
766_0000000000000000001f,121375681,479216672,41860,H6,075,00277302,488,C,06075,+37.7272391,-123.0322294,06,41884,G4020,San Francisco,San Francisco County,06,2024-02-06,88.61013196883599,1707177600000,"{""type"":""MultiPoint"",""coordinates"":[]}"
767_00000000000000000021,1857233047,225282636,41860,H1,013,01675903,488,A,06013,+37.9194790,-121.9515431,06,36084,G4020,Contra Costa,Contra Costa County,06,2024-02-07,85.90527102077212,1707264000000,"{""type"":""MultiPoint"",""coordinates"":[]}"
767_00000000000000000023,1909598013,216923745,41860,H1,001,01675839,488,A,06001,+37.6471385,-121.9124880,06,36084,G4020,Alameda,Alameda County,06,2024-02-07,90.02295339930869,1707264000000,"{""type"":""MultiPoint"",""coordinates"":[]}"
767_0000000000000000001f,121375681,479216672,41860,H6,075,00277302,488,C,06075,+37.7272391,-123.0322294,06,41884,G4020,San Francisco,San Francisco County,06,2024-02-07,79.79060658540298,1707264000000,"{""type"":""MultiPoint"",""coordinates"":[]}"
768_00000000000000000021,1857233047,225282636,41860,H1,013,01675903,488,A,06013,+37.9194790,-121.9515431,06,36084,G4020,Contra Costa,Contra Costa County,06,2024-02-08,75.16974289541922,1707350400000,"{""type"":""MultiPoint"",""coordinates"":[]}"
768_00000000000000000023,1909598013,216923745,41860,H1,001,01675839,488,A,06001,+37.6471385,-121.9124880,06,36084,G4020,Alameda,Alameda County,06,2024-02-08,77.85217207147122,1707350400000,"{""type"":""MultiPoint"",""coordinates"":[]}"
768_0000000000000000001f,121375681,479216672,41860,H6,075,00277302,488,C,06075,+37.7272391,-123.0322294,06,41884,G4020,San Francisco,San Francisco County,06,2024-02-08,73.2086491868032,1707350400000,"{""type"":""MultiPoint"",""coordinates"":[]}"
769_00000000000000000021,1857233047,225282636,41860,H1,013,01675903,488,A,06013,+37.9194790,-121.9515431,06,36084,G4020,Contra Costa,Contra Costa County,06,2024-02-09,82.14916319220963,1707436800000,"{""type"":""MultiPoint"",""coordinates"":[]}"
769_00000000000000000023,1909598013,216923745,41860,H1,001,01675839,488,A,06001,+37.6471385,-121.9124880,06,36084,G4020,Alameda,Alameda County,06,2024-02-09,80.51454237443954,1707436800000,"{""type"":""MultiPoint"",""coordinates"":[]}"
769_0000000000000000001f,121375681,479216672,41860,H6,075,00277302,488,C,06075,+37.7272391,-123.0322294,06,41884,G4020,San Francisco,San Francisco County,06,2024-02-09,82.61341225928506,1707436800000,"{""type"":""MultiPoint"",""coordinates"":[]}"
770_00000000000000000021,1857233047,225282636,41860,H1,013,01675903,488,A,06013,+37.9194790,-121.9515431,06,36084,G4020,Contra Costa,Contra Costa County,06,2024-02-10,71.32407610200569,1707523200000,"{""type"":""MultiPoint"",""coordinates"":[]}"
770_00000000000000000023,1909598013,216923745,41860,H1,001,01675839,488,A,06001,+37.6471385,-121.9124880,06,36084,G4020,Alameda,Alameda County,06,2024-02-10,72.51846199003691,1707523200000,"{""type"":""MultiPoint"",""coordinates"":[]}"
770_0000000000000000001f,121375681,479216672,41860,H6,075,00277302,488,C,06075,+37.7272391,-123.0322294,06,41884,G4020,San Francisco,San Francisco County,06,2024-02-10,73.87382254778079,1707523200000,"{""type"":""MultiPoint"",""coordinates"":[]}"
771_00000000000000000021,1857233047,225282636,41860,H1,013,01675903,488,A,06013,+37.9194790,-121.9515431,06,36084,G4020,Contra Costa,Contra Costa County,06,2024-02-11,79.20197972187266,1707609600000,"{""type"":""MultiPoint"",""coordinates"":[]}"
771_00000000000000000023,1909598013,216923745,41860,H1,001,01675839,488,A,06001,+37.6471385,-121.9124880,06,36084,G4020,Alameda,Alameda County,06,2024-02-11,75.53342563900068,1707609600000,"{""type"":""MultiPoint"",""coordinates"":[]}"
771_0000000000000000001f,121375681,479216672,41860,H6,075,00277302,488,C,06075,+37.7272391,-123.0322294,06,41884,G4020,San Francisco,San Francisco County,06,2024-02-11,87.19448708656464,1707609600000,"{""type"":""MultiPoint"",""coordinates"":[]}"
772_00000000000000000021,1857233047,225282636,41860,H1,013,01675903,488,A,06013,+37.9194790,-121.9515431,06,36084,G4020,Contra Costa,Contra Costa County,06,2024-02-12,81.82842541961489,1707696000000,"{""type"":""MultiPoint"",""coordinates"":[]}"
772_00000000000000000023,1909598013,216923745,41860,H1,001,01675839,488,A,06001,+37.6471385,-121.9124880,06,36084,G4020,Alameda,Alameda County,06,2024-02-12,76.44451067715936,1707696000000,"{""type"":""MultiPoint"",""coordinates"":[]}"
772_0000000000000000001f,121375681,479216672,41860,H6,075,00277302,488,C,06075,+37.7272391,-123.0322294,06,41884,G4020,San Francisco,San Francisco County,06,2024-02-12,89.13254512568162,1707696000000,"{""type"":""MultiPoint"",""coordinates"":[]}"
773_00000000000000000021,1857233047,225282636,41860,H1,013,01675903,488,A,06013,+37.9194790,-121.9515431,06,36084,G4020,Contra Costa,Contra Costa County,06,2024-02-13,83.79861864880799,1707782400000,"{""type"":""MultiPoint"",""coordinates"":[]}"
773_00000000000000000023,1909598013,216923745,41860,H1,001,01675839,488,A,06001,+37.6471385,-121.9124880,06,36084,G4020,Alameda,Alameda County,06,2024-02-13,81.91306927206908,1707782400000,"{""type"":""MultiPoint"",""coordinates"":[]}"
773_0000000000000000001f,121375681,479216672,41860,H6,075,00277302,488,C,06075,+37.7272391,-123.0322294,06,41884,G4020,San Francisco,San Francisco County,06,2024-02-13,85.44030759481163,1707782400000,"{""type"":""MultiPoint"",""coordinates"":[]}"
774_00000000000000000021,1857233047,225282636,41860,H1,013,01675903,488,A,06013,+37.9194790,-121.9515431,06,36084,G4020,Contra Costa,Contra Costa County,06,2024-02-14,85.65412651424695,1707868800000,"{""type"":""MultiPoint"",""coordinates"":[]}"
774_00000000000000000023,1909598013,216923745,41860,H1,001,01675839,488,A,06001,+37.6471385,-121.9124880,06,36084,G4020,Alameda,Alameda County,06,2024-02-14,85.83636691720734,1707868800000,"{""type"":""MultiPoint"",""coordinates"":[]}"
774_0000000000000000001f,121375681,479216672,41860,H6,075,00277302,488,C,06075,+37.7272391,-123.0322294,06,41884,G4020,San Francisco,San Francisco County,06,2024-02-14,87.97474739343453,1707868800000,"{""type"":""MultiPoint"",""coordinates"":[]}"
775_00000000000000000021,1857233047,225282636,41860,H1,013,01675903,488,A,06013,+37.9194790,-121.9515431,06,36084,G4020,Contra Costa,Contra Costa County,06,2024-02-15,82.4475526466558,1707955200000,"{""type"":""MultiPoint"",""coordinates"":[]}"
775_00000000000000000023,1909598013,216923745,41860,H1,001,01675839,488,A,06001,+37.6471385,-121.9124880,06,36084,G4020,Alameda,Alameda County,06,2024-02-15,83.55543187941596,1707955200000,"{""type"":""MultiPoint"",""coordinates"":[]}"
775_0000000000000000001f,121375681,479216672,41860,H6,075,00277302,488,C,06075,+37.7272391,-123.0322294,06,41884,G4020,San Francisco,San Francisco County,06,2024-02-15,84.77323648722835,1707955200000,"{""type"":""MultiPoint"",""coordinates"":[]}"
776_00000000000000000021,1857233047,225282636,41860,H1,013,01675903,488,A,06013,+37.9194790,-121.9515431,06,36084,G4020,Contra Costa,Contra Costa County,06,2024-02-16,84.96157690955638,1708041600000,"{""type"":""MultiPoint"",""coordinates"":[]}"
776_00000000000000000023,1909598013,216923745,41860,H1,001,01675839,488,A,06001,+37.6471385,-121.9124880,06,36084,G4020,Alameda,Alameda County,06,2024-02-16,79.0426206529623,1708041600000,"{""type"":""MultiPoint"",""coordinates"":[]}"
776_0000000000000000001f,121375681,479216672,41860,H6,075,00277302,488,C,06075,+37.7272391,-123.0322294,06,41884,G4020,San Francisco,San Francisco County,06,2024-02-16,88.42319746029243,1708041600000,"{""type"":""MultiPoint"",""coordinates"":[]}"
777_00000000000000000021,1857233047,225282636,41860,H1,013,01675903,488,A,06013,+37.9194790,-121.9515431,06,36084,G4020,Contra Costa,Contra Costa County,06,2024-02-17,88.43846550483212,1708128000000,"{""type"":""MultiPoint"",""coordinates"":[]}"
777_00000000000000000023,1909598013,216923745,41860,H1,001,01675839,488,A,06001,+37.6471385,-121.9124880,06,36084,G4020,Alameda,Alameda County,06,2024-02-17,85.3524844442689,1708128000000,"{""type"":""MultiPoint"",""coordinates"":[]}"
777_0000000000000000001f,121375681,479216672,41860,H6,075,00277302,488,C,06075,+37.7272391,-123.0322294,06,41884,G4020,San Francisco,San Francisco County,06,2024-02-17,86.3585059957609,1708128000000,"{""type"":""MultiPoint"",""coordinates"":[]}"
778_00000000000000000021,1857233047,225282636,41860,H1,013,01675903,488,A,06013,+37.9194790,-121.9515431,06,36084,G4020,Contra Costa,Contra Costa County,06,2024-02-18,83.72280821625162,1708214400000,"{""type"":""MultiPoint"",""coordinates"":[]}"
778_00000000000000000023,1909598013,216923745,41860,H1,001,01675839,488,A,06001,+37.6471385,-121.9124880,06,36084,G4020,Alameda,Alameda County,06,2024-02-18,84.0040421759678,1708214400000,"{""type"":""MultiPoint"",""coordinates"":[]}"
778_0000000000000000001f,121375681,479216672,41860,H6,075,00277302,488,C,06075,+37.7272391,-123.0322294,06,41884,G4020,San Francisco,San Francisco County,06,2024-02-18,86.07029274444548,1708214400000,"{""type"":""MultiPoint"",""coordinates"":[]}"
779_00000000000000000021,1857233047,225282636,41860,H1,013,01675903,488,A,06013,+37.9194790,-121.9515431,06,36084,G4020,Contra Costa,Contra Costa County,06,2024-02-19,85.42302242197486,1708300800000,"{""type"":""MultiPoint"",""coordinates"":[]}"
779_00000000000000000023,1909598013,216923745,41860,H1,001,01675839,488,A,06001,+37.6471385,-121.9124880,06,36084,G4020,Alameda,Alameda County,06,2024-02-19,87.38704643464636,1708300800000,"{""type"":""MultiPoint"",""coordinates"":[]}"
779_0000000000000000001f,121375681,479216672,41860,H6,075,00277302,488,C,06075,+37.7272391,-123.0322294,06,41884,G4020,San Francisco,San Francisco County,06,2024-02-19,88.65634137442179,1708300800000,"{""type"":""MultiPoint"",""coordinates"":[]}"
780_00000000000000000021,1857233047,225282636,41860,H1,013,01675903,488,A,06013,+37.9194790,-121.9515431,06,36084,G4020,Contra Costa,Contra Costa County,06,2024-02-20,82.11866068527618,1708387200000,"{""type"":""MultiPoint"",""coordinates"":[]}"
780_00000000000000000023,1909598013,216923745,41860,H1,001,01675839,488,A,06001,+37.6471385,-121.9124880,06,36084,G4020,Alameda,Alameda County,06,2024-02-20,83.14975312421981,1708387200000,"{""type"":""MultiPoint"",""coordinates"":[]}"
780_0000000000000000001f,121375681,479216672,41860,H6,075,00277302,488,C,06075,+37.7272391,-123.0322294,06,41884,G4020,San Francisco,San Francisco County,06,2024-02-20,88.24739587815668,1708387200000,"{""type"":""MultiPoint"",""coordinates"":[]}"
781_00000000000000000021,1857233047,225282636,41860,H1,013,01675903,488,A,06013,+37.9194790,-121.9515431,06,36084,G4020,Contra Costa,Contra Costa County,06,2024-02-21,89.14044768302175,1708473600000,"{""type"":""MultiPoint"",""coordinates"":[]}"
781_00000000000000000023,1909598013,216923745,41860,H1,001,01675839,488,A,06001,+37.6471385,-121.9124880,06,36084,G4020,Alameda,Alameda County,06,2024-02-21,87.56484593758384,1708473600000,"{""type"":""MultiPoint"",""coordinates"":[]}"
781_0000000000000000001f,121375681,479216672,41860,H6,075,00277302,488,C,06075,+37.7272391,-123.0322294,06,41884,G4020,San Francisco,San Francisco County,06,2024-02-21,91.0942946021545,1708473600000,"{""type"":""MultiPoint"",""coordinates"":[]}"
782_00000000000000000021,1857233047,225282636,41860,H1,013,01675903,488,A,06013,+37.9194790,-121.9515431,06,36084,G4020,Contra Costa,Contra Costa County,06,2024-02-22,87.89233782445211,1708560000000,"{""type"":""MultiPoint"",""coordinates"":[]}"
782_00000000000000000023,1909598013,216923745,41860,H1,001,01675839,488,A,06001,+37.6471385,-121.9124880,06,36084,G4020,Alameda,Alameda County,06,2024-02-22,84.79541019760259,1708560000000,"{""type"":""MultiPoint"",""coordinates"":[]}"
782_0000000000000000001f,121375681,479216672,41860,H6,075,00277302,488,C,06075,+37.7272391,-123.0322294,06,41884,G4020,San Francisco,San Francisco County,06,2024-02-22,88.01540876348555,1708560000000,"{""type"":""MultiPoint"",""coordinates"":[]}"
783_00000000000000000021,1857233047,225282636,41860,H1,013,01675903,488,A,06013,+37.9194790,-121.9515431,06,36084,G4020,Contra Costa,Contra Costa County,06,2024-02-23,79.69842198291002,1708646400000,"{""type"":""MultiPoint"",""coordinates"":[]}"
783_00000000000000000023,1909598013,216923745,41860,H1,001,01675839,488,A,06001,+37.6471385,-121.9124880,06,36084,G4020,Alameda,Alameda County,06,2024-02-23,78.16108503993357,1708646400000,"{""type"":""MultiPoint"",""coordinates"":[]}"
783_0000000000000000001f,121375681,479216672,41860,H6,075,00277302,488,C,06075,+37.7272391,-123.0322294,06,41884,G4020,San Francisco,San Francisco County,06,2024-02-23,82.24983765074396,1708646400000,"{""type"":""MultiPoint"",""coordinates"":[]}"
784_00000000000000000021,1857233047,225282636,41860,H1,013,01675903,488,A,06013,+37.9194790,-121.9515431,06,36084,G4020,Contra Costa,Contra Costa County,06,2024-02-24,75.81883211141457,1708732800000,"{""type"":""MultiPoint"",""coordinates"":[]}"
784_00000000000000000023,1909598013,216923745,41860,H1,001,01675839,488,A,06001,+37.6471385,-121.9124880,06,36084,G4020,Alameda,Alameda County,06,2024-02-24,73.37865392648747,1708732800000,"{""type"":""MultiPoint"",""coordinates"":[]}"
784_0000000000000000001f,121375681,479216672,41860,H6,075,00277302,488,C,06075,+37.7272391,-123.0322294,06,41884,G4020,San Francisco,San Francisco County,06,2024-02-24,76.65957927924713,1708732800000,"{""type"":""MultiPoint"",""coordinates"":[]}"
785_00000000000000000021,1857233047,225282636,41860,H1,013,01675903,488,A,06013,+37.9194790,-121.9515431,06,36084,G4020,Contra Costa,Contra Costa County,06,2024-02-25,77.96691704220221,1708819200000,"{""type"":""MultiPoint"",""coordinates"":[]}"
785_00000000000000000023,1909598013,216923745,41860,H1,001,01675839,488,A,06001,+37.6471385,-121.9124880,06,36084,G4020,Alameda,Alameda County,06,2024-02-25,75.66404957602009,1708819200000,"{""type"":""MultiPoint"",""coordinates"":[]}"
785_0000000000000000001f,121375681,479216672,41860,H6,075,00277302,488,C,06075,+37.7272391,-123.0322294,06,41884,G4020,San Francisco,San Francisco County,06,2024-02-25,81.636795255217,1708819200000,"{""type"":""MultiPoint"",""coordinates"":[]}"
786_00000000000000000021,1857233047,225282636,41860,H1,013,01675903,488,A,06013,+37.9194790,-121.9515431,06,36084,G4020,Contra Costa,Contra Costa County,06,2024-02-26,86.52239528161114,1708905600000,"{""type"":""MultiPoint"",""coordinates"":[]}"
786_00000000000000000023,1909598013,216923745,41860,H1,001,01675839,488,A,06001,+37.6471385,-121.9124880,06,36084,G4020,Alameda,Alameda County,06,2024-02-26,87.1360504343452,1708905600000,"{""type"":""MultiPoint"",""coordinates"":[]}"
786_0000000000000000001f,121375681,479216672,41860,H6,075,00277302,488,C,06075,+37.7272391,-123.0322294,06,41884,G4020,San Francisco,San Francisco County,06,2024-02-26,89.0056503322075,1708905600000,"{""type"":""MultiPoint"",""coordinates"":[]}"
787_00000000000000000021,1857233047,225282636,41860,H1,013,01675903,488,A,06013,+37.9194790,-121.9515431,06,36084,G4020,Contra Costa,Contra Costa County,06,2024-02-27,68.70737096636455,1708992000000,"{""type"":""MultiPoint"",""coordinates"":[]}"
787_00000000000000000023,1909598013,216923745,41860,H1,001,01675839,488,A,06001,+37.6471385,-121.9124880,06,36084,G4020,Alameda,Alameda County,06,2024-02-27,74.74506437235371,1708992000000,"{""type"":""MultiPoint"",""coordinates"":[]}"
787_0000000000000000001f,121375681,479216672,41860,H6,075,00277302,488,C,06075,+37.7272391,-123.0322294,06,41884,G4020,San Francisco,San Francisco County,06,2024-02-27,69.17762658994847,1708992000000,"{""type"":""MultiPoint"",""coordinates"":[]}"
788_00000000000000000021,1857233047,225282636,41860,H1,013,01675903,488,A,06013,+37.9194790,-121.9515431,06,36084,G4020,Contra Costa,Contra Costa County,06,2024-02-28,70.46416111592586,1709078400000,"{""type"":""MultiPoint"",""coordinates"":[]}"
788_00000000000000000023,1909598013,216923745,41860,H1,001,01675839,488,A,06001,+37.6471385,-121.9124880,06,36084,G4020,Alameda,Alameda County,06,2024-02-28,62.93788757608823,1709078400000,"{""type"":""MultiPoint"",""coordinates"":[]}"
788_0000000000000000001f,121375681,479216672,41860,H6,075,00277302,488,C,06075,+37.7272391,-123.0322294,06,41884,G4020,San Francisco,San Francisco County,06,2024-02-28,75.73792573617183,1709078400000,"{""type"":""MultiPoint"",""coordinates"":[]}"
789_00000000000000000021,1857233047,225282636,41860,H1,013,01675903,488,A,06013,+37.9194790,-121.9515431,06,36084,G4020,Contra Costa,Contra Costa County,06,2024-02-29,82.09908827896574,1709164800000,"{""type"":""MultiPoint"",""coordinates"":[]}"
789_00000000000000000023,1909598013,216923745,41860,H1,001,01675839,488,A,06001,+37.6471385,-121.9124880,06,36084,G4020,Alameda,Alameda County,06,2024-02-29,83.29821644748512,1709164800000,"{""type"":""MultiPoint"",""coordinates"":[]}"
789_0000000000000000001f,121375681,479216672,41860,H6,075,00277302,488,C,06075,+37.7272391,-123.0322294,06,41884,G4020,San Francisco,San Francisco County,06,2024-02-29,85.75997989281686,1709164800000,"{""type"":""MultiPoint"",""coordinates"":[]}"
790_00000000000000000021,1857233047,225282636,41860,H1,013,01675903,488,A,06013,+37.9194790,-121.9515431,06,36084,G4020,Contra Costa,Contra Costa County,06,2024-03-01,85.38621033194724,1709251200000,"{""type"":""MultiPoint"",""coordinates"":[]}"
790_00000000000000000023,1909598013,216923745,41860,H1,001,01675839,488,A,06001,+37.6471385,-121.9124880,06,36084,G4020,Alameda,Alameda County,06,2024-03-01,87.61450431263631,1709251200000,"{""type"":""MultiPoint"",""coordinates"":[]}"
790_0000000000000000001f,121375681,479216672,41860,H6,075,00277302,488,C,06075,+37.7272391,-123.0322294,06,41884,G4020,San Francisco,San Francisco County,06,2024-03-01,84.13299675152872,1709251200000,"{""type"":""MultiPoint"",""coordinates"":[]}"
791_00000000000000000021,1857233047,225282636,41860,H1,013,01675903,488,A,06013,+37.9194790,-121.9515431,06,36084,G4020,Contra Costa,Contra Costa County,06,2024-03-02,80.74884380628784,1709337600000,"{""type"":""MultiPoint"",""coordinates"":[]}"
791_00000000000000000023,1909598013,216923745,41860,H1,001,01675839,488,A,06001,+37.6471385,-121.9124880,06,36084,G4020,Alameda,Alameda County,06,2024-03-02,84.72347735825888,1709337600000,"{""type"":""MultiPoint"",""coordinates"":[]}"
791_0000000000000000001f,121375681,479216672,41860,H6,075,00277302,488,C,06075,+37.7272391,-123.0322294,06,41884,G4020,San Francisco,San Francisco County,06,2024-03-02,77.65144196670605,1709337600000,"{""type"":""MultiPoint"",""coordinates"":[]}"
792_00000000000000000021,1857233047,225282636,41860,H1,013,01675903,488,A,06013,+37.9194790,-121.9515431,06,36084,G4020,Contra Costa,Contra Costa County,06,2024-03-03,76.97042236405763,1709424000000,"{""type"":""MultiPoint"",""coordinates"":[]}"
792_00000000000000000023,1909598013,216923745,41860,H1,001,01675839,488,A,06001,+37.6471385,-121.9124880,06,36084,G4020,Alameda,Alameda County,06,2024-03-03,81.09858888840829,1709424000000,"{""type"":""MultiPoint"",""coordinates"":[]}"
792_0000000000000000001f,121375681,479216672,41860,H6,075,00277302,488,C,06075,+37.7272391,-123.0322294,06,41884,G4020,San Francisco,San Francisco County,06,2024-03-03,70.85521573887543,1709424000000,"{""type"":""MultiPoint"",""coordinates"":[]}"
793_00000000000000000021,1857233047,225282636,41860,H1,013,01675903,488,A,06013,+37.9194790,-121.9515431,06,36084,G4020,Contra Costa,Contra Costa County,06,2024-03-04,77.43715572178064,1709510400000,"{""type"":""MultiPoint"",""coordinates"":[]}"
793_00000000000000000023,1909598013,216923745,41860,H1,001,01675839,488,A,06001,+37.6471385,-121.9124880,06,36084,G4020,Alameda,Alameda County,06,2024-03-04,78.73395437735795,1709510400000,"{""type"":""MultiPoint"",""coordinates"":[]}"
793_0000000000000000001f,121375681,479216672,41860,H6,075,00277302,488,C,06075,+37.7272391,-123.0322294,06,41884,G4020,San Francisco,San Francisco County,06,2024-03-04,73.0160332670289,1709510400000,"{""type"":""MultiPoint"",""coordinates"":[]}"
794_00000000000000000021,1857233047,225282636,41860,H1,013,01675903,488,A,06013,+37.9194790,-121.9515431,06,36084,G4020,Contra Costa,Contra Costa County,06,2024-03-05,78.2249145865261,1709596800000,"{""type"":""MultiPoint"",""coordinates"":[]}"
794_00000000000000000023,1909598013,216923745,41860,H1,001,01675839,488,A,06001,+37.6471385,-121.9124880,06,36084,G4020,Alameda,Alameda County,06,2024-03-05,79.67283969746964,1709596800000,"{""type"":""MultiPoint"",""coordinates"":[]}"
794_0000000000000000001f,121375681,479216672,41860,H6,075,00277302,488,C,06075,+37.7272391,-123.0322294,06,41884,G4020,San Francisco,San Francisco County,06,2024-03-05,80.27996059488282,1709596800000,"{""type"":""MultiPoint"",""coordinates"":[]}"
795_00000000000000000021,1857233047,225282636,41860,H1,013,01675903,488,A,06013,+37.9194790,-121.9515431,06,36084,G4020,Contra Costa,Contra Costa County,06,2024-03-06,86.19061688398101,1709683200000,"{""type"":""MultiPoint"",""coordinates"":[]}"
795_00000000000000000023,1909598013,216923745,41860,H1,001,01675839,488,A,06001,+37.6471385,-121.9124880,06,36084,G4020,Alameda,Alameda County,06,2024-03-06,87.89022244040416,1709683200000,"{""type"":""MultiPoint"",""coordinates"":[]}"
795_0000000000000000001f,121375681,479216672,41860,H6,075,00277302,488,C,06075,+37.7272391,-123.0322294,06,41884,G4020,San Francisco,San Francisco County,06,2024-03-06,88.39366853579395,1709683200000,"{""type"":""MultiPoint"",""coordinates"":[]}"
796_00000000000000000021,1857233047,225282636,41860,H1,013,01675903,488,A,06013,+37.9194790,-121.9515431,06,36084,G4020,Contra Costa,Contra Costa County,06,2024-03-07,85.07570702175451,1709769600000,"{""type"":""MultiPoint"",""coordinates"":[]}"
796_00000000000000000023,1909598013,216923745,41860,H1,001,01675839,488,A,06001,+37.6471385,-121.9124880,06,36084,G4020,Alameda,Alameda County,06,2024-03-07,87.0567533436374,1709769600000,"{""type"":""MultiPoint"",""coordinates"":[]}"
796_0000000000000000001f,121375681,479216672,41860,H6,075,00277302,488,C,06075,+37.7272391,-123.0322294,06,41884,G4020,San Francisco,San Francisco County,06,2024-03-07,81.70882503999046,1709769600000,"{""type"":""MultiPoint"",""coordinates"":[]}"
797_00000000000000000021,1857233047,225282636,41860,H1,013,01675903,488,A,06013,+37.9194790,-121.9515431,06,36084,G4020,Contra Costa,Contra Costa County,06,2024-03-08,70.54356108469787,1709856000000,"{""type"":""MultiPoint"",""coordinates"":[]}"
797_00000000000000000023,1909598013,216923745,41860,H1,001,01675839,488,A,06001,+37.6471385,-121.9124880,06,36084,G4020,Alameda,Alameda County,06,2024-03-08,70.14875634826186,1709856000000,"{""type"":""MultiPoint"",""coordinates"":[]}"
797_0000000000000000001f,121375681,479216672,41860,H6,075,00277302,488,C,06075,+37.7272391,-123.0322294,06,41884,G4020,San Francisco,San Francisco County,06,2024-03-08,75.2371420312581,1709856000000,"{""type"":""MultiPoint"",""coordinates"":[]}"
798_00000000000000000021,1857233047,225282636,41860,H1,013,01675903,488,A,06013,+37.9194790,-121.9515431,06,36084,G4020,Contra Costa,Contra Costa County,06,2024-03-09,78.42971976161257,1709942400000,"{""type"":""MultiPoint"",""coordinates"":[]}"
798_00000000000000000023,1909598013,216923745,41860,H1,001,01675839,488,A,06001,+37.6471385,-121.9124880,06,36084,G4020,Alameda,Alameda County,06,2024-03-09,78.93842251438068,1709942400000,"{""type"":""MultiPoint"",""coordinates"":[]}"
798_0000000000000000001f,121375681,479216672,41860,H6,075,00277302,488,C,06075,+37.7272391,-123.0322294,06,41884,G4020,San Francisco,San Francisco County,06,2024-03-09,82.49042184675184,1709942400000,"{""type"":""MultiPoint"",""coordinates"":[]}"
799_00000000000000000021,1857233047,225282636,41860,H1,013,01675903,488,A,06013,+37.9194790,-121.9515431,06,36084,G4020,Contra Costa,Contra Costa County,06,2024-03-10,81.71917924535605,1710028800000,"{""type"":""MultiPoint"",""coordinates"":[]}"
799_00000000000000000023,1909598013,216923745,41860,H1,001,01675839,488,A,06001,+37.6471385,-121.9124880,06,36084,G4020,Alameda,Alameda County,06,2024-03-10,81.98198595112211,1710028800000,"{""type"":""MultiPoint"",""coordinates"":[]}"
799_0000000000000000001f,121375681,479216672,41860,H6,075,00277302,488,C,06075,+37.7272391,-123.0322294,06,41884,G4020,San Francisco,San Francisco County,06,2024-03-10,82.86420570526853,1710028800000,"{""type"":""MultiPoint"",""coordinates"":[]}"
800_00000000000000000021,1857233047,225282636,41860,H1,013,01675903,488,A,06013,+37.9194790,-121.9515431,06,36084,G4020,Contra Costa,Contra Costa County,06,2024-03-11,75.9213154633743,1710115200000,"{""type"":""MultiPoint"",""coordinates"":[]}"
800_00000000000000000023,1909598013,216923745,41860,H1,001,01675839,488,A,06001,+37.6471385,-121.9124880,06,36084,G4020,Alameda,Alameda County,06,2024-03-11,77.72891672150153,1710115200000,"{""type"":""MultiPoint"",""coordinates"":[]}"
800_0000000000000000001f,121375681,479216672,41860,H6,075,00277302,488,C,06075,+37.7272391,-123.0322294,06,41884,G4020,San Francisco,San Francisco County,06,2024-03-11,78.66525279108072,1710115200000,"{""type"":""MultiPoint"",""coordinates"":[]}"
801_00000000000000000021,1857233047,225282636,41860,H1,013,01675903,488,A,06013,+37.9194790,-121.9515431,06,36084,G4020,Contra Costa,Contra Costa County,06,2024-03-12,76.48344333001833,1710201600000,"{""type"":""MultiPoint"",""coordinates"":[]}"
801_00000000000000000023,1909598013,216923745,41860,H1,001,01675839,488,A,06001,+37.6471385,-121.9124880,06,36084,G4020,Alameda,Alameda County,06,2024-03-12,77.9960298639572,1710201600000,"{""type"":""MultiPoint"",""coordinates"":[]}"
801_0000000000000000001f,121375681,479216672,41860,H6,075,00277302,488,C,06075,+37.7272391,-123.0322294,06,41884,G4020,San Francisco,San Francisco County,06,2024-03-12,75.57975203430303,1710201600000,"{""type"":""MultiPoint"",""coordinates"":[]}"
802_00000000000000000021,1857233047,225282636,41860,H1,013,01675903,488,A,06013,+37.9194790,-121.9515431,06,36084,G4020,Contra Costa,Contra Costa County,06,2024-03-13,70.22161443183415,1710288000000,"{""type"":""MultiPoint"",""coordinates"":[]}"
802_00000000000000000023,1909598013,216923745,41860,H1,001,01675839,488,A,06001,+37.6471385,-121.9124880,06,36084,G4020,Alameda,Alameda County,06,2024-03-13,75.37492049583369,1710288000000,"{""type"":""MultiPoint"",""coordinates"":[]}"
802_0000000000000000001f,121375681,479216672,41860,H6,075,00277302,488,C,06075,+37.7272391,-123.0322294,06,41884,G4020,San Francisco,San Francisco County,06,2024-03-13,71.72214523498035,1710288000000,"{""type"":""MultiPoint"",""coordinates"":[]}"
803_00000000000000000021,1857233047,225282636,41860,H1,013,01675903,488,A,06013,+37.9194790,-121.9515431,06,36084,G4020,Contra Costa,Contra Costa County,06,2024-03-14,41.742179432871275,1710374400000,"{""type"":""MultiPoint"",""coordinates"":[]}"
803_00000000000000000023,1909598013,216923745,41860,H1,001,01675839,488,A,06001,+37.6471385,-121.9124880,06,36084,G4020,Alameda,Alameda County,06,2024-03-14,45.81565488972591,1710374400000,"{""type"":""MultiPoint"",""coordinates"":[]}"
803_0000000000000000001f,121375681,479216672,41860,H6,075,00277302,488,C,06075,+37.7272391,-123.0322294,06,41884,G4020,San Francisco,San Francisco County,06,2024-03-14,48.50681034782292,1710374400000,"{""type"":""MultiPoint"",""coordinates"":[]}"
804_00000000000000000021,1857233047,225282636,41860,H1,013,01675903,488,A,06013,+37.9194790,-121.9515431,06,36084,G4020,Contra Costa,Contra Costa County,06,2024-03-15,40.87854435379384,1710460800000,"{""type"":""MultiPoint"",""coordinates"":[]}"
804_00000000000000000023,1909598013,216923745,41860,H1,001,01675839,488,A,06001,+37.6471385,-121.9124880,06,36084,G4020,Alameda,Alameda County,06,2024-03-15,46.1662082733047,1710460800000,"{""type"":""MultiPoint"",""coordinates"":[]}"
804_0000000000000000001f,121375681,479216672,41860,H6,075,00277302,488,C,06075,+37.7272391,-123.0322294,06,41884,G4020,San Francisco,San Francisco County,06,2024-03-15,42.4803430660616,1710460800000,"{""type"":""MultiPoint"",""coordinates"":[]}"
805_00000000000000000021,1857233047,225282636,41860,H1,013,01675903,488,A,06013,+37.9194790,-121.9515431,06,36084,G4020,Contra Costa,Contra Costa County,06,2024-03-16,65.25313793688672,1710547200000,"{""type"":""MultiPoint"",""coordinates"":[]}"
805_00000000000000000023,1909598013,216923745,41860,H1,001,01675839,488,A,06001,+37.6471385,-121.9124880,06,36084,G4020,Alameda,Alameda County,06,2024-03-16,60.08139363036234,1710547200000,"{""type"":""MultiPoint"",""coordinates"":[]}"
805_0000000000000000001f,121375681,479216672,41860,H6,075,00277302,488,C,06075,+37.7272391,-123.0322294,06,41884,G4020,San Francisco,San Francisco County,06,2024-03-16,65.17647121436922,1710547200000,"{""type"":""MultiPoint"",""coordinates"":[]}"
806_00000000000000000021,1857233047,225282636,41860,H1,013,01675903,488,A,06013,+37.9194790,-121.9515431,06,36084,G4020,Contra Costa,Contra Costa County,06,2024-03-17,69.12270565989498,1710633600000,"{""type"":""MultiPoint"",""coordinates"":[]}"
806_00000000000000000023,1909598013,216923745,41860,H1,001,01675839,488,A,06001,+37.6471385,-121.9124880,06,36084,G4020,Alameda,Alameda County,06,2024-03-17,67.66883848758532,1710633600000,"{""type"":""MultiPoint"",""coordinates"":[]}"
806_0000000000000000001f,121375681,479216672,41860,H6,075,00277302,488,C,06075,+37.7272391,-123.0322294,06,41884,G4020,San Francisco,San Francisco County,06,2024-03-17,78.40979555272884,1710633600000,"{""type"":""MultiPoint"",""coordinates"":[]}"
807_00000000000000000021,1857233047,225282636,41860,H1,013,01675903,488,A,06013,+37.9194790,-121.9515431,06,36084,G4020,Contra Costa,Contra Costa County,06,2024-03-18,80.01323023213749,1710720000000,"{""type"":""MultiPoint"",""coordinates"":[]}"
807_00000000000000000023,1909598013,216923745,41860,H1,001,01675839,488,A,06001,+37.6471385,-121.9124880,06,36084,G4020,Alameda,Alameda County,06,2024-03-18,77.02830833383615,1710720000000,"{""type"":""MultiPoint"",""coordinates"":[]}"
807_0000000000000000001f,121375681,479216672,41860,H6,075,00277302,488,C,06075,+37.7272391,-123.0322294,06,41884,G4020,San Francisco,San Francisco County,06,2024-03-18,86.95314742983284,1710720000000,"{""type"":""MultiPoint"",""coordinates"":[]}"
808_00000000000000000021,1857233047,225282636,41860,H1,013,01675903,488,A,06013,+37.9194790,-121.9515431,06,36084,G4020,Contra Costa,Contra Costa County,06,2024-03-19,82.07397987266961,1710806400000,"{""type"":""MultiPoint"",""coordinates"":[]}"
808_00000000000000000023,1909598013,216923745,41860,H1,001,01675839,488,A,06001,+37.6471385,-121.9124880,06,36084,G4020,Alameda,Alameda County,06,2024-03-19,79.83953968191885,1710806400000,"{""type"":""MultiPoint"",""coordinates"":[]}"
808_0000000000000000001f,121375681,479216672,41860,H6,075,00277302,488,C,06075,+37.7272391,-123.0322294,06,41884,G4020,San Francisco,San Francisco County,06,2024-03-19,88.31314766723713,1710806400000,"{""type"":""MultiPoint"",""coordinates"":[]}"
809_00000000000000000021,1857233047,225282636,41860,H1,013,01675903,488,A,06013,+37.9194790,-121.9515431,06,36084,G4020,Contra Costa,Contra Costa County,06,2024-03-20,75.72970918361236,1710892800000,"{""type"":""MultiPoint"",""coordinates"":[]}"
809_00000000000000000023,1909598013,216923745,41860,H1,001,01675839,488,A,06001,+37.6471385,-121.9124880,06,36084,G4020,Alameda,Alameda County,06,2024-03-20,71.75497048865053,1710892800000,"{""type"":""MultiPoint"",""coordinates"":[]}"
809_0000000000000000001f,121375681,479216672,41860,H6,075,00277302,488,C,06075,+37.7272391,-123.0322294,06,41884,G4020,San Francisco,San Francisco County,06,2024-03-20,83.16512031048484,1710892800000,"{""type"":""MultiPoint"",""coordinates"":[]}"
810_00000000000000000021,1857233047,225282636,41860,H1,013,01675903,488,A,06013,+37.9194790,-121.9515431,06,36084,G4020,Contra Costa,Contra Costa County,06,2024-03-21,74.25605721077797,1710979200000,"{""type"":""MultiPoint"",""coordinates"":[]}"
810_00000000000000000023,1909598013,216923745,41860,H1,001,01675839,488,A,06001,+37.6471385,-121.9124880,06,36084,G4020,Alameda,Alameda County,06,2024-03-21,73.43377567769382,1710979200000,"{""type"":""MultiPoint"",""coordinates"":[]}"
810_0000000000000000001f,121375681,479216672,41860,H6,075,00277302,488,C,06075,+37.7272391,-123.0322294,06,41884,G4020,San Francisco,San Francisco County,06,2024-03-21,80.98877782813366,1710979200000,"{""type"":""MultiPoint"",""coordinates"":[]}"
811_00000000000000000021,1857233047,225282636,41860,H1,013,01675903,488,A,06013,+37.9194790,-121.9515431,06,36084,G4020,Contra Costa,Contra Costa County,06,2024-03-22,79.80416219589888,1711065600000,"{""type"":""MultiPoint"",""coordinates"":[]}"
811_00000000000000000023,1909598013,216923745,41860,H1,001,01675839,488,A,06001,+37.6471385,-121.9124880,06,36084,G4020,Alameda,Alameda County,06,2024-03-22,80.35179918757737,1711065600000,"{""type"":""MultiPoint"",""coordinates"":[]}"
811_0000000000000000001f,121375681,479216672,41860,H6,075,00277302,488,C,06075,+37.7272391,-123.0322294,06,41884,G4020,San Francisco,San Francisco County,06,2024-03-22,86.37491459988941,1711065600000,"{""type"":""MultiPoint"",""coordinates"":[]}"
812_00000000000000000021,1857233047,225282636,41860,H1,013,01675903,488,A,06013,+37.9194790,-121.9515431,06,36084,G4020,Contra Costa,Contra Costa County,06,2024-03-23,83.30031649485451,1711152000000,"{""type"":""MultiPoint"",""coordinates"":[]}"
812_00000000000000000023,1909598013,216923745,41860,H1,001,01675839,488,A,06001,+37.6471385,-121.9124880,06,36084,G4020,Alameda,Alameda County,06,2024-03-23,85.00494394427044,1711152000000,"{""type"":""MultiPoint"",""coordinates"":[]}"
812_0000000000000000001f,121375681,479216672,41860,H6,075,00277302,488,C,06075,+37.7272391,-123.0322294,06,41884,G4020,San Francisco,San Francisco County,06,2024-03-23,83.55685958545747,1711152000000,"{""type"":""MultiPoint"",""coordinates"":[]}"
813_00000000000000000021,1857233047,225282636,41860,H1,013,01675903,488,A,06013,+37.9194790,-121.9515431,06,36084,G4020,Contra Costa,Contra Costa County,06,2024-03-24,79.121225084663,1711238400000,"{""type"":""MultiPoint"",""coordinates"":[]}"
813_00000000000000000023,1909598013,216923745,41860,H1,001,01675839,488,A,06001,+37.6471385,-121.9124880,06,36084,G4020,Alameda,Alameda County,06,2024-03-24,82.86475181324967,1711238400000,"{""type"":""MultiPoint"",""coordinates"":[]}"
813_0000000000000000001f,121375681,479216672,41860,H6,075,00277302,488,C,06075,+37.7272391,-123.0322294,06,41884,G4020,San Francisco,San Francisco County,06,2024-03-24,80.15484643909787,1711238400000,"{""type"":""MultiPoint"",""coordinates"":[]}"
814_00000000000000000021,1857233047,225282636,41860,H1,013,01675903,488,A,06013,+37.9194790,-121.9515431,06,36084,G4020,Contra Costa,Contra Costa County,06,2024-03-25,74.06759541126775,1711324800000,"{""type"":""MultiPoint"",""coordinates"":[]}"
814_00000000000000000023,1909598013,216923745,41860,H1,001,01675839,488,A,06001,+37.6471385,-121.9124880,06,36084,G4020,Alameda,Alameda County,06,2024-03-25,78.22727848673087,1711324800000,"{""type"":""MultiPoint"",""coordinates"":[]}"
814_0000000000000000001f,121375681,479216672,41860,H6,075,00277302,488,C,06075,+37.7272391,-123.0322294,06,41884,G4020,San Francisco,San Francisco County,06,2024-03-25,77.28847910221613,1711324800000,"{""type"":""MultiPoint"",""coordinates"":[]}"
815_00000000000000000021,1857233047,225282636,41860,H1,013,01675903,488,A,06013,+37.9194790,-121.9515431,06,36084,G4020,Contra Costa,Contra Costa County,06,2024-03-26,76.88687260528994,1711411200000,"{""type"":""MultiPoint"",""coordinates"":[]}"
815_00000000000000000023,1909598013,216923745,41860,H1,001,01675839,488,A,06001,+37.6471385,-121.9124880,06,36084,G4020,Alameda,Alameda County,06,2024-03-26,77.85532898493227,1711411200000,"{""type"":""MultiPoint"",""coordinates"":[]}"
815_0000000000000000001f,121375681,479216672,41860,H6,075,00277302,488,C,06075,+37.7272391,-123.0322294,06,41884,G4020,San Francisco,San Francisco County,06,2024-03-26,79.66539199623169,1711411200000,"{""type"":""MultiPoint"",""coordinates"":[]}"
816_00000000000000000021,1857233047,225282636,41860,H1,013,01675903,488,A,06013,+37.9194790,-121.9515431,06,36084,G4020,Contra Costa,Contra Costa County,06,2024-03-27,81.0004916044617,1711497600000,"{""type"":""MultiPoint"",""coordinates"":[]}"
816_00000000000000000023,1909598013,216923745,41860,H1,001,01675839,488,A,06001,+37.6471385,-121.9124880,06,36084,G4020,Alameda,Alameda County,06,2024-03-27,80.89941654300928,1711497600000,"{""type"":""MultiPoint"",""coordinates"":[]}"
816_0000000000000000001f,121375681,479216672,41860,H6,075,00277302,488,C,06075,+37.7272391,-123.0322294,06,41884,G4020,San Francisco,San Francisco County,06,2024-03-27,83.43485740708678,1711497600000,"{""type"":""MultiPoint"",""coordinates"":[]}"
817_00000000000000000021,1857233047,225282636,41860,H1,013,01675903,488,A,06013,+37.9194790,-121.9515431,06,36084,G4020,Contra Costa,Contra Costa County,06,2024-03-28,79.5788700013994,1711584000000,"{""type"":""MultiPoint"",""coordinates"":[]}"
817_00000000000000000023,1909598013,216923745,41860,H1,001,01675839,488,A,06001,+37.6471385,-121.9124880,06,36084,G4020,Alameda,Alameda County,06,2024-03-28,83.16327129934169,1711584000000,"{""type"":""MultiPoint"",""coordinates"":[]}"
817_0000000000000000001f,121375681,479216672,41860,H6,075,00277302,488,C,06075,+37.7272391,-123.0322294,06,41884,G4020,San Francisco,San Francisco County,06,2024-03-28,78.9796264529375,1711584000000,"{""type"":""MultiPoint"",""coordinates"":[]}"
818_00000000000000000021,1857233047,225282636,41860,H1,013,01675903,488,A,06013,+37.9194790,-121.9515431,06,36084,G4020,Contra Costa,Contra Costa County,06,2024-03-29,79.95270935899563,1711670400000,"{""type"":""MultiPoint"",""coordinates"":[]}"
818_00000000000000000023,1909598013,216923745,41860,H1,001,01675839,488,A,06001,+37.6471385,-121.9124880,06,36084,G4020,Alameda,Alameda County,06,2024-03-29,80.91939843831265,1711670400000,"{""type"":""MultiPoint"",""coordinates"":[]}"
818_0000000000000000001f,121375681,479216672,41860,H6,075,00277302,488,C,06075,+37.7272391,-123.0322294,06,41884,G4020,San Francisco,San Francisco County,06,2024-03-29,82.1012538079937,1711670400000,"{""type"":""MultiPoint"",""coordinates"":[]}"
819_00000000000000000021,1857233047,225282636,41860,H1,013,01675903,488,A,06013,+37.9194790,-121.9515431,06,36084,G4020,Contra Costa,Contra Costa County,06,2024-03-30,85.77021549448524,1711756800000,"{""type"":""MultiPoint"",""coordinates"":[]}"
819_00000000000000000023,1909598013,216923745,41860,H1,001,01675839,488,A,06001,+37.6471385,-121.9124880,06,36084,G4020,Alameda,Alameda County,06,2024-03-30,84.23622861993958,1711756800000,"{""type"":""MultiPoint"",""coordinates"":[]}"
819_0000000000000000001f,121375681,479216672,41860,H6,075,00277302,488,C,06075,+37.7272391,-123.0322294,06,41884,G4020,San Francisco,San Francisco County,06,2024-03-30,84.72112912091207,1711756800000,"{""type"":""MultiPoint"",""coordinates"":[]}"
820_00000000000000000021,1857233047,225282636,41860,H1,013,01675903,488,A,06013,+37.9194790,-121.9515431,06,36084,G4020,Contra Costa,Contra Costa County,06,2024-03-31,73.94877903366888,1711843200000,"{""type"":""MultiPoint"",""coordinates"":[]}"
820_00000000000000000023,1909598013,216923745,41860,H1,001,01675839,488,A,06001,+37.6471385,-121.9124880,06,36084,G4020,Alameda,Alameda County,06,2024-03-31,77.24609160870874,1711843200000,"{""type"":""MultiPoint"",""coordinates"":[]}"
820_0000000000000000001f,121375681,479216672,41860,H6,075,00277302,488,C,06075,+37.7272391,-123.0322294,06,41884,G4020,San Francisco,San Francisco County,06,2024-03-31,76.61353793289172,1711843200000,"{""type"":""MultiPoint"",""coordinates"":[]}"
821_00000000000000000021,1857233047,225282636,41860,H1,013,01675903,488,A,06013,+37.9194790,-121.9515431,06,36084,G4020,Contra Costa,Contra Costa County,06,2024-04-01,68.0455678742253,1711929600000,"{""type"":""MultiPoint"",""coordinates"":[]}"
821_00000000000000000023,1909598013,216923745,41860,H1,001,01675839,488,A,06001,+37.6471385,-121.9124880,06,36084,G4020,Alameda,Alameda County,06,2024-04-01,70.7735788170043,1711929600000,"{""type"":""MultiPoint"",""coordinates"":[]}"
821_0000000000000000001f,121375681,479216672,41860,H6,075,00277302,488,C,06075,+37.7272391,-123.0322294,06,41884,G4020,San Francisco,San Francisco County,06,2024-04-01,72.92205829314825,1711929600000,"{""type"":""MultiPoint"",""coordinates"":[]}"
822_00000000000000000021,1857233047,225282636,41860,H1,013,01675903,488,A,06013,+37.9194790,-121.9515431,06,36084,G4020,Contra Costa,Contra Costa County,06,2024-04-02,67.29650777836206,1712016000000,"{""type"":""MultiPoint"",""coordinates"":[]}"
822_00000000000000000023,1909598013,216923745,41860,H1,001,01675839,488,A,06001,+37.6471385,-121.9124880,06,36084,G4020,Alameda,Alameda County,06,2024-04-02,63.133989336618384,1712016000000,"{""type"":""MultiPoint"",""coordinates"":[]}"
822_0000000000000000001f,121375681,479216672,41860,H6,075,00277302,488,C,06075,+37.7272391,-123.0322294,06,41884,G4020,San Francisco,San Francisco County,06,2024-04-02,81.90531508038062,1712016000000,"{""type"":""MultiPoint"",""coordinates"":[]}"
823_00000000000000000021,1857233047,225282636,41860,H1,013,01675903,488,A,06013,+37.9194790,-121.9515431,06,36084,G4020,Contra Costa,Contra Costa County,06,2024-04-03,79.60178808778555,1712102400000,"{""type"":""MultiPoint"",""coordinates"":[]}"
823_00000000000000000023,1909598013,216923745,41860,H1,001,01675839,488,A,06001,+37.6471385,-121.9124880,06,36084,G4020,Alameda,Alameda County,06,2024-04-03,79.12706137137961,1712102400000,"{""type"":""MultiPoint"",""coordinates"":[]}"
823_0000000000000000001f,121375681,479216672,41860,H6,075,00277302,488,C,06075,+37.7272391,-123.0322294,06,41884,G4020,San Francisco,San Francisco County,06,2024-04-03,85.57655936755833,1712102400000,"{""type"":""MultiPoint"",""coordinates"":[]}"
824_00000000000000000021,1857233047,225282636,41860,H1,013,01675903,488,A,06013,+37.9194790,-121.9515431,06,36084,G4020,Contra Costa,Contra Costa County,06,2024-04-04,74.06270335751226,1712188800000,"{""type"":""MultiPoint"",""coordinates"":[]}"
824_00000000000000000023,1909598013,216923745,41860,H1,001,01675839,488,A,06001,+37.6471385,-121.9124880,06,36084,G4020,Alameda,Alameda County,06,2024-04-04,78.10727057769111,1712188800000,"{""type"":""MultiPoint"",""coordinates"":[]}"
824_0000000000000000001f,121375681,479216672,41860,H6,075,00277302,488,C,06075,+37.7272391,-123.0322294,06,41884,G4020,San Francisco,San Francisco County,06,2024-04-04,73.87601063424665,1712188800000,"{""type"":""MultiPoint"",""coordinates"":[]}"
825_00000000000000000021,1857233047,225282636,41860,H1,013,01675903,488,A,06013,+37.9194790,-121.9515431,06,36084,G4020,Contra Costa,Contra Costa County,06,2024-04-05,78.33885080781769,1712275200000,"{""type"":""MultiPoint"",""coordinates"":[]}"
825_00000000000000000023,1909598013,216923745,41860,H1,001,01675839,488,A,06001,+37.6471385,-121.9124880,06,36084,G4020,Alameda,Alameda County,06,2024-04-05,79.33243816149434,1712275200000,"{""type"":""MultiPoint"",""coordinates"":[]}"
825_0000000000000000001f,121375681,479216672,41860,H6,075,00277302,488,C,06075,+37.7272391,-123.0322294,06,41884,G4020,San Francisco,San Francisco County,06,2024-04-05,74.98511945986638,1712275200000,"{""type"":""MultiPoint"",""coordinates"":[]}"
826_00000000000000000021,1857233047,225282636,41860,H1,013,01675903,488,A,06013,+37.9194790,-121.9515431,06,36084,G4020,Contra Costa,Contra Costa County,06,2024-04-06,67.77268689492124,1712361600000,"{""type"":""MultiPoint"",""coordinates"":[]}"
826_00000000000000000023,1909598013,216923745,41860,H1,001,01675839,488,A,06001,+37.6471385,-121.9124880,06,36084,G4020,Alameda,Alameda County,06,2024-04-06,68.45351820973697,1712361600000,"{""type"":""MultiPoint"",""coordinates"":[]}"
826_0000000000000000001f,121375681,479216672,41860,H6,075,00277302,488,C,06075,+37.7272391,-123.0322294,06,41884,G4020,San Francisco,San Francisco County,06,2024-04-06,66.17349457565024,1712361600000,"{""type"":""MultiPoint"",""coordinates"":[]}"
827_00000000000000000021,1857233047,225282636,41860,H1,013,01675903,488,A,06013,+37.9194790,-121.9515431,06,36084,G4020,Contra Costa,Contra Costa County,06,2024-04-07,68.46297829936039,1712448000000,"{""type"":""MultiPoint"",""coordinates"":[]}"
827_00000000000000000023,1909598013,216923745,41860,H1,001,01675839,488,A,06001,+37.6471385,-121.9124880,06,36084,G4020,Alameda,Alameda County,06,2024-04-07,69.90273863456491,1712448000000,"{""type"":""MultiPoint"",""coordinates"":[]}"
827_0000000000000000001f,121375681,479216672,41860,H6,075,00277302,488,C,06075,+37.7272391,-123.0322294,06,41884,G4020,San Francisco,San Francisco County,06,2024-04-07,71.16781542416076,1712448000000,"{""type"":""MultiPoint"",""coordinates"":[]}"
828_00000000000000000021,1857233047,225282636,41860,H1,013,01675903,488,A,06013,+37.9194790,-121.9515431,06,36084,G4020,Contra Costa,Contra Costa County,06,2024-04-08,63.74897013669097,1712534400000,"{""type"":""MultiPoint"",""coordinates"":[]}"
828_00000000000000000023,1909598013,216923745,41860,H1,001,01675839,488,A,06001,+37.6471385,-121.9124880,06,36084,G4020,Alameda,Alameda County,06,2024-04-08,66.86406054157464,1712534400000,"{""type"":""MultiPoint"",""coordinates"":[]}"
828_0000000000000000001f,121375681,479216672,41860,H6,075,00277302,488,C,06075,+37.7272391,-123.0322294,06,41884,G4020,San Francisco,San Francisco County,06,2024-04-08,71.06970174631574,1712534400000,"{""type"":""MultiPoint"",""coordinates"":[]}"
829_00000000000000000021,1857233047,225282636,41860,H1,013,01675903,488,A,06013,+37.9194790,-121.9515431,06,36084,G4020,Contra Costa,Contra Costa County,06,2024-04-09,71.39591806484448,1712620800000,"{""type"":""MultiPoint"",""coordinates"":[]}"
829_00000000000000000023,1909598013,216923745,41860,H1,001,01675839,488,A,06001,+37.6471385,-121.9124880,06,36084,G4020,Alameda,Alameda County,06,2024-04-09,68.30629710175916,1712620800000,"{""type"":""MultiPoint"",""coordinates"":[]}"
829_0000000000000000001f,121375681,479216672,41860,H6,075,00277302,488,C,06075,+37.7272391,-123.0322294,06,41884,G4020,San Francisco,San Francisco County,06,2024-04-09,81.38904269735002,1712620800000,"{""type"":""MultiPoint"",""coordinates"":[]}"
830_00000000000000000021,1857233047,225282636,41860,H1,013,01675903,488,A,06013,+37.9194790,-121.9515431,06,36084,G4020,Contra Costa,Contra Costa County,06,2024-04-10,77.02587213022869,1712707200000,"{""type"":""MultiPoint"",""coordinates"":[]}"
830_00000000000000000023,1909598013,216923745,41860,H1,001,01675839,488,A,06001,+37.6471385,-121.9124880,06,36084,G4020,Alameda,Alameda County,06,2024-04-10,71.21566885014737,1712707200000,"{""type"":""MultiPoint"",""coordinates"":[]}"
830_0000000000000000001f,121375681,479216672,41860,H6,075,00277302,488,C,06075,+37.7272391,-123.0322294,06,41884,G4020,San Francisco,San Francisco County,06,2024-04-10,83.99241697160646,1712707200000,"{""type"":""MultiPoint"",""coordinates"":[]}"
831_00000000000000000021,1857233047,225282636,41860,H1,013,01675903,488,A,06013,+37.9194790,-121.9515431,06,36084,G4020,Contra Costa,Contra Costa County,06,2024-04-11,75.50115415190137,1712793600000,"{""type"":""MultiPoint"",""coordinates"":[]}"
831_00000000000000000023,1909598013,216923745,41860,H1,001,01675839,488,A,06001,+37.6471385,-121.9124880,06,36084,G4020,Alameda,Alameda County,06,2024-04-11,70.3888698462407,1712793600000,"{""type"":""MultiPoint"",""coordinates"":[]}"
831_0000000000000000001f,121375681,479216672,41860,H6,075,00277302,488,C,06075,+37.7272391,-123.0322294,06,41884,G4020,San Francisco,San Francisco County,06,2024-04-11,81.57326149334567,1712793600000,"{""type"":""MultiPoint"",""coordinates"":[]}"
832_00000000000000000021,1857233047,225282636,41860,H1,013,01675903,488,A,06013,+37.9194790,-121.9515431,06,36084,G4020,Contra Costa,Contra Costa County,06,2024-04-12,72.15303367887279,1712880000000,"{""type"":""MultiPoint"",""coordinates"":[]}"
832_00000000000000000023,1909598013,216923745,41860,H1,001,01675839,488,A,06001,+37.6471385,-121.9124880,06,36084,G4020,Alameda,Alameda County,06,2024-04-12,73.9979424795402,1712880000000,"{""type"":""MultiPoint"",""coordinates"":[]}"
832_0000000000000000001f,121375681,479216672,41860,H6,075,00277302,488,C,06075,+37.7272391,-123.0322294,06,41884,G4020,San Francisco,San Francisco County,06,2024-04-12,78.5386150985395,1712880000000,"{""type"":""MultiPoint"",""coordinates"":[]}"
833_00000000000000000021,1857233047,225282636,41860,H1,013,01675903,488,A,06013,+37.9194790,-121.9515431,06,36084,G4020,Contra Costa,Contra Costa County,06,2024-04-13,77.4025086371196,1712966400000,"{""type"":""MultiPoint"",""coordinates"":[]}"
833_00000000000000000023,1909598013,216923745,41860,H1,001,01675839,488,A,06001,+37.6471385,-121.9124880,06,36084,G4020,Alameda,Alameda County,06,2024-04-13,78.64807692223096,1712966400000,"{""type"":""MultiPoint"",""coordinates"":[]}"
833_0000000000000000001f,121375681,479216672,41860,H6,075,00277302,488,C,06075,+37.7272391,-123.0322294,06,41884,G4020,San Francisco,San Francisco County,06,2024-04-13,78.134501031889,1712966400000,"{""type"":""MultiPoint"",""coordinates"":[]}"
834_00000000000000000021,1857233047,225282636,41860,H1,013,01675903,488,A,06013,+37.9194790,-121.9515431,06,36084,G4020,Contra Costa,Contra Costa County,06,2024-04-14,80.80114023516029,1713052800000,"{""type"":""MultiPoint"",""coordinates"":[]}"
834_00000000000000000023,1909598013,216923745,41860,H1,001,01675839,488,A,06001,+37.6471385,-121.9124880,06,36084,G4020,Alameda,Alameda County,06,2024-04-14,80.25798048879795,1713052800000,"{""type"":""MultiPoint"",""coordinates"":[]}"
834_0000000000000000001f,121375681,479216672,41860,H6,075,00277302,488,C,06075,+37.7272391,-123.0322294,06,41884,G4020,San Francisco,San Francisco County,06,2024-04-14,79.35005099161292,1713052800000,"{""type"":""MultiPoint"",""coordinates"":[]}"
835_00000000000000000021,1857233047,225282636,41860,H1,013,01675903,488,A,06013,+37.9194790,-121.9515431,06,36084,G4020,Contra Costa,Contra Costa County,06,2024-04-15,79.11695653268984,1713139200000,"{""type"":""MultiPoint"",""coordinates"":[]}"
835_00000000000000000023,1909598013,216923745,41860,H1,001,01675839,488,A,06001,+37.6471385,-121.9124880,06,36084,G4020,Alameda,Alameda County,06,2024-04-15,80.25911163711345,1713139200000,"{""type"":""MultiPoint"",""coordinates"":[]}"
835_0000000000000000001f,121375681,479216672,41860,H6,075,00277302,488,C,06075,+37.7272391,-123.0322294,06,41884,G4020,San Francisco,San Francisco County,06,2024-04-15,82.46539616551978,1713139200000,"{""type"":""MultiPoint"",""coordinates"":[]}"
836_00000000000000000021,1857233047,225282636,41860,H1,013,01675903,488,A,06013,+37.9194790,-121.9515431,06,36084,G4020,Contra Costa,Contra Costa County,06,2024-04-16,79.85045291607388,1713225600000,"{""type"":""MultiPoint"",""coordinates"":[]}"
836_00000000000000000023,1909598013,216923745,41860,H1,001,01675839,488,A,06001,+37.6471385,-121.9124880,06,36084,G4020,Alameda,Alameda County,06,2024-04-16,78.7494898147914,1713225600000,"{""type"":""MultiPoint"",""coordinates"":[]}"
836_0000000000000000001f,121375681,479216672,41860,H6,075,00277302,488,C,06075,+37.7272391,-123.0322294,06,41884,G4020,San Francisco,San Francisco County,06,2024-04-16,85.36994609372978,1713225600000,"{""type"":""MultiPoint"",""coordinates"":[]}"
837_00000000000000000021,1857233047,225282636,41860,H1,013,01675903,488,A,06013,+37.9194790,-121.9515431,06,36084,G4020,Contra Costa,Contra Costa County,06,2024-04-17,79.00607022535699,1713312000000,"{""type"":""MultiPoint"",""coordinates"":[]}"
837_00000000000000000023,1909598013,216923745,41860,H1,001,01675839,488,A,06001,+37.6471385,-121.9124880,06,36084,G4020,Alameda,Alameda County,06,2024-04-17,73.96075846228415,1713312000000,"{""type"":""MultiPoint"",""coordinates"":[]}"
837_0000000000000000001f,121375681,479216672,41860,H6,075,00277302,488,C,06075,+37.7272391,-123.0322294,06,41884,G4020,San Francisco,San Francisco County,06,2024-04-17,83.76355543837504,1713312000000,"{""type"":""MultiPoint"",""coordinates"":[]}"
838_00000000000000000021,1857233047,225282636,41860,H1,013,01675903,488,A,06013,+37.9194790,-121.9515431,06,36084,G4020,Contra Costa,Contra Costa County,06,2024-04-18,75.44352490764577,1713398400000,"{""type"":""MultiPoint"",""coordinates"":[]}"
838_00000000000000000023,1909598013,216923745,41860,H1,001,01675839,488,A,06001,+37.6471385,-121.9124880,06,36084,G4020,Alameda,Alameda County,06,2024-04-18,74.3041463350628,1713398400000,"{""type"":""MultiPoint"",""coordinates"":[]}"
838_0000000000000000001f,121375681,479216672,41860,H6,075,00277302,488,C,06075,+37.7272391,-123.0322294,06,41884,G4020,San Francisco,San Francisco County,06,2024-04-18,82.94644643095293,1713398400000,"{""type"":""MultiPoint"",""coordinates"":[]}"
839_00000000000000000021,1857233047,225282636,41860,H1,013,01675903,488,A,06013,+37.9194790,-121.9515431,06,36084,G4020,Contra Costa,Contra Costa County,06,2024-04-19,77.61805976284123,1713484800000,"{""type"":""MultiPoint"",""coordinates"":[]}"
839_00000000000000000023,1909598013,216923745,41860,H1,001,01675839,488,A,06001,+37.6471385,-121.9124880,06,36084,G4020,Alameda,Alameda County,06,2024-04-19,76.73663183913277,1713484800000,"{""type"":""MultiPoint"",""coordinates"":[]}"
839_0000000000000000001f,121375681,479216672,41860,H6,075,00277302,488,C,06075,+37.7272391,-123.0322294,06,41884,G4020,San Francisco,San Francisco County,06,2024-04-19,83.65627158850255,1713484800000,"{""type"":""MultiPoint"",""coordinates"":[]}"
840_00000000000000000021,1857233047,225282636,41860,H1,013,01675903,488,A,06013,+37.9194790,-121.9515431,06,36084,G4020,Contra Costa,Contra Costa County,06,2024-04-20,73.07947637165981,1713571200000,"{""type"":""MultiPoint"",""coordinates"":[]}"
840_00000000000000000023,1909598013,216923745,41860,H1,001,01675839,488,A,06001,+37.6471385,-121.9124880,06,36084,G4020,Alameda,Alameda County,06,2024-04-20,72.2987069334775,1713571200000,"{""type"":""MultiPoint"",""coordinates"":[]}"
840_0000000000000000001f,121375681,479216672,41860,H6,075,00277302,488,C,06075,+37.7272391,-123.0322294,06,41884,G4020,San Francisco,San Francisco County,06,2024-04-20,79.16363617542956,1713571200000,"{""type"":""MultiPoint"",""coordinates"":[]}"
841_00000000000000000021,1857233047,225282636,41860,H1,013,01675903,488,A,06013,+37.9194790,-121.9515431,06,36084,G4020,Contra Costa,Contra Costa County,06,2024-04-21,67.17028668440355,1713657600000,"{""type"":""MultiPoint"",""coordinates"":[]}"
841_00000000000000000023,1909598013,216923745,41860,H1,001,01675839,488,A,06001,+37.6471385,-121.9124880,06,36084,G4020,Alameda,Alameda County,06,2024-04-21,66.31629127770563,1713657600000,"{""type"":""MultiPoint"",""coordinates"":[]}"
841_0000000000000000001f,121375681,479216672,41860,H6,075,00277302,488,C,06075,+37.7272391,-123.0322294,06,41884,G4020,San Francisco,San Francisco County,06,2024-04-21,73.03031499252931,1713657600000,"{""type"":""MultiPoint"",""coordinates"":[]}"
842_00000000000000000021,1857233047,225282636,41860,H1,013,01675903,488,A,06013,+37.9194790,-121.9515431,06,36084,G4020,Contra Costa,Contra Costa County,06,2024-04-22,72.32150120272193,1713744000000,"{""type"":""MultiPoint"",""coordinates"":[]}"
842_00000000000000000023,1909598013,216923745,41860,H1,001,01675839,488,A,06001,+37.6471385,-121.9124880,06,36084,G4020,Alameda,Alameda County,06,2024-04-22,67.95913519086683,1713744000000,"{""type"":""MultiPoint"",""coordinates"":[]}"
842_0000000000000000001f,121375681,479216672,41860,H6,075,00277302,488,C,06075,+37.7272391,-123.0322294,06,41884,G4020,San Francisco,San Francisco County,06,2024-04-22,80.33279405125657,1713744000000,"{""type"":""MultiPoint"",""coordinates"":[]}"
843_00000000000000000021,1857233047,225282636,41860,H1,013,01675903,488,A,06013,+37.9194790,-121.9515431,06,36084,G4020,Contra Costa,Contra Costa County,06,2024-04-23,69.69668048536944,1713830400000,"{""type"":""MultiPoint"",""coordinates"":[]}"
843_00000000000000000023,1909598013,216923745,41860,H1,001,01675839,488,A,06001,+37.6471385,-121.9124880,06,36084,G4020,Alameda,Alameda County,06,2024-04-23,70.85337033067786,1713830400000,"{""type"":""MultiPoint"",""coordinates"":[]}"
843_0000000000000000001f,121375681,479216672,41860,H6,075,00277302,488,C,06075,+37.7272391,-123.0322294,06,41884,G4020,San Francisco,San Francisco County,06,2024-04-23,74.75409031524872,1713830400000,"{""type"":""MultiPoint"",""coordinates"":[]}"
844_00000000000000000021,1857233047,225282636,41860,H1,013,01675903,488,A,06013,+37.9194790,-121.9515431,06,36084,G4020,Contra Costa,Contra Costa County,06,2024-04-24,68.71048917551904,1713916800000,"{""type"":""MultiPoint"",""coordinates"":[]}"
844_00000000000000000023,1909598013,216923745,41860,H1,001,01675839,488,A,06001,+37.6471385,-121.9124880,06,36084,G4020,Alameda,Alameda County,06,2024-04-24,69.3988482333564,1713916800000,"{""type"":""MultiPoint"",""coordinates"":[]}"
844_0000000000000000001f,121375681,479216672,41860,H6,075,00277302,488,C,06075,+37.7272391,-123.0322294,06,41884,G4020,San Francisco,San Francisco County,06,2024-04-24,75.07028535248821,1713916800000,"{""type"":""MultiPoint"",""coordinates"":[]}"
845_00000000000000000021,1857233047,225282636,41860,H1,013,01675903,488,A,06013,+37.9194790,-121.9515431,06,36084,G4020,Contra Costa,Contra Costa County,06,2024-04-25,71.40805656253828,1714003200000,"{""type"":""MultiPoint"",""coordinates"":[]}"
845_00000000000000000023,1909598013,216923745,41860,H1,001,01675839,488,A,06001,+37.6471385,-121.9124880,06,36084,G4020,Alameda,Alameda County,06,2024-04-25,74.4611380495061,1714003200000,"{""type"":""MultiPoint"",""coordinates"":[]}"
845_0000000000000000001f,121375681,479216672,41860,H6,075,00277302,488,C,06075,+37.7272391,-123.0322294,06,41884,G4020,San Francisco,San Francisco County,06,2024-04-25,76.03634574636125,1714003200000,"{""type"":""MultiPoint"",""coordinates"":[]}"
846_00000000000000000021,1857233047,225282636,41860,H1,013,01675903,488,A,06013,+37.9194790,-121.9515431,06,36084,G4020,Contra Costa,Contra Costa County,06,2024-04-26,71.50324997066639,1714089600000,"{""type"":""MultiPoint"",""coordinates"":[]}"
846_00000000000000000023,1909598013,216923745,41860,H1,001,01675839,488,A,06001,+37.6471385,-121.9124880,06,36084,G4020,Alameda,Alameda County,06,2024-04-26,75.61730486032849,1714089600000,"{""type"":""MultiPoint"",""coordinates"":[]}"
846_0000000000000000001f,121375681,479216672,41860,H6,075,00277302,488,C,06075,+37.7272391,-123.0322294,06,41884,G4020,San Francisco,San Francisco County,06,2024-04-26,77.22031905923869,1714089600000,"{""type"":""MultiPoint"",""coordinates"":[]}"
847_00000000000000000021,1857233047,225282636,41860,H1,013,01675903,488,A,06013,+37.9194790,-121.9515431,06,36084,G4020,Contra Costa,Contra Costa County,06,2024-04-27,69.35804826156865,1714176000000,"{""type"":""MultiPoint"",""coordinates"":[]}"
847_00000000000000000023,1909598013,216923745,41860,H1,001,01675839,488,A,06001,+37.6471385,-121.9124880,06,36084,G4020,Alameda,Alameda County,06,2024-04-27,74.68441981454573,1714176000000,"{""type"":""MultiPoint"",""coordinates"":[]}"
847_0000000000000000001f,121375681,479216672,41860,H6,075,00277302,488,C,06075,+37.7272391,-123.0322294,06,41884,G4020,San Francisco,San Francisco County,06,2024-04-27,73.42799024731329,1714176000000,"{""type"":""MultiPoint"",""coordinates"":[]}"
848_00000000000000000021,1857233047,225282636,41860,H1,013,01675903,488,A,06013,+37.9194790,-121.9515431,06,36084,G4020,Contra Costa,Contra Costa County,06,2024-04-28,64.10317095114107,1714262400000,"{""type"":""MultiPoint"",""coordinates"":[]}"
848_00000000000000000023,1909598013,216923745,41860,H1,001,01675839,488,A,06001,+37.6471385,-121.9124880,06,36084,G4020,Alameda,Alameda County,06,2024-04-28,69.58940418350818,1714262400000,"{""type"":""MultiPoint"",""coordinates"":[]}"
848_0000000000000000001f,121375681,479216672,41860,H6,075,00277302,488,C,06075,+37.7272391,-123.0322294,06,41884,G4020,San Francisco,San Francisco County,06,2024-04-28,67.68196149619004,1714262400000,"{""type"":""MultiPoint"",""coordinates"":[]}"
849_00000000000000000021,1857233047,225282636,41860,H1,013,01675903,488,A,06013,+37.9194790,-121.9515431,06,36084,G4020,Contra Costa,Contra Costa County,06,2024-04-29,56.14330461512456,1714348800000,"{""type"":""MultiPoint"",""coordinates"":[]}"
849_00000000000000000023,1909598013,216923745,41860,H1,001,01675839,488,A,06001,+37.6471385,-121.9124880,06,36084,G4020,Alameda,Alameda County,06,2024-04-29,62.26137087120696,1714348800000,"{""type"":""MultiPoint"",""coordinates"":[]}"
849_0000000000000000001f,121375681,479216672,41860,H6,075,00277302,488,C,06075,+37.7272391,-123.0322294,06,41884,G4020,San Francisco,San Francisco County,06,2024-04-29,60.07020110611944,1714348800000,"{""type"":""MultiPoint"",""coordinates"":[]}"
850_00000000000000000021,1857233047,225282636,41860,H1,013,01675903,488,A,06013,+37.9194790,-121.9515431,06,36084,G4020,Contra Costa,Contra Costa County,06,2024-04-30,57.26581482538319,1714435200000,"{""type"":""MultiPoint"",""coordinates"":[]}"
850_00000000000000000023,1909598013,216923745,41860,H1,001,01675839,488,A,06001,+37.6471385,-121.9124880,06,36084,G4020,Alameda,Alameda County,06,2024-04-30,61.94021343144775,1714435200000,"{""type"":""MultiPoint"",""coordinates"":[]}"
850_0000000000000000001f,121375681,479216672,41860,H6,075,00277302,488,C,06075,+37.7272391,-123.0322294,06,41884,G4020,San Francisco,San Francisco County,06,2024-04-30,59.692038911193755,1714435200000,"{""type"":""MultiPoint"",""coordinates"":[]}"
851_00000000000000000021,1857233047,225282636,41860,H1,013,01675903,488,A,06013,+37.9194790,-121.9515431,06,36084,G4020,Contra Costa,Contra Costa County,06,2024-05-01,45.18951514237278,1714521600000,"{""type"":""MultiPoint"",""coordinates"":[]}"
851_00000000000000000023,1909598013,216923745,41860,H1,001,01675839,488,A,06001,+37.6471385,-121.9124880,06,36084,G4020,Alameda,Alameda County,06,2024-05-01,49.333611588693906,1714521600000,"{""type"":""MultiPoint"",""coordinates"":[]}"
851_0000000000000000001f,121375681,479216672,41860,H6,075,00277302,488,C,06075,+37.7272391,-123.0322294,06,41884,G4020,San Francisco,San Francisco County,06,2024-05-01,56.66452288293434,1714521600000,"{""type"":""MultiPoint"",""coordinates"":[]}"
852_00000000000000000021,1857233047,225282636,41860,H1,013,01675903,488,A,06013,+37.9194790,-121.9515431,06,36084,G4020,Contra Costa,Contra Costa County,06,2024-05-02,51.431724223195395,1714608000000,"{""type"":""MultiPoint"",""coordinates"":[]}"
852_00000000000000000023,1909598013,216923745,41860,H1,001,01675839,488,A,06001,+37.6471385,-121.9124880,06,36084,G4020,Alameda,Alameda County,06,2024-05-02,54.60763764222629,1714608000000,"{""type"":""MultiPoint"",""coordinates"":[]}"
852_0000000000000000001f,121375681,479216672,41860,H6,075,00277302,488,C,06075,+37.7272391,-123.0322294,06,41884,G4020,San Francisco,San Francisco County,06,2024-05-02,54.58014118252198,1714608000000,"{""type"":""MultiPoint"",""coordinates"":[]}"
853_00000000000000000021,1857233047,225282636,41860,H1,013,01675903,488,A,06013,+37.9194790,-121.9515431,06,36084,G4020,Contra Costa,Contra Costa County,06,2024-05-03,59.66809722829987,1714694400000,"{""type"":""MultiPoint"",""coordinates"":[]}"
853_00000000000000000023,1909598013,216923745,41860,H1,001,01675839,488,A,06001,+37.6471385,-121.9124880,06,36084,G4020,Alameda,Alameda County,06,2024-05-03,66.37847295680153,1714694400000,"{""type"":""MultiPoint"",""coordinates"":[]}"
853_0000000000000000001f,121375681,479216672,41860,H6,075,00277302,488,C,06075,+37.7272391,-123.0322294,06,41884,G4020,San Francisco,San Francisco County,06,2024-05-03,65.40951403858973,1714694400000,"{""type"":""MultiPoint"",""coordinates"":[]}"
854_00000000000000000021,1857233047,225282636,41860,H1,013,01675903,488,A,06013,+37.9194790,-121.9515431,06,36084,G4020,Contra Costa,Contra Costa County,06,2024-05-04,78.27358442882456,1714780800000,"{""type"":""MultiPoint"",""coordinates"":[]}"
854_00000000000000000023,1909598013,216923745,41860,H1,001,01675839,488,A,06001,+37.6471385,-121.9124880,06,36084,G4020,Alameda,Alameda County,06,2024-05-04,81.2249551064899,1714780800000,"{""type"":""MultiPoint"",""coordinates"":[]}"
854_0000000000000000001f,121375681,479216672,41860,H6,075,00277302,488,C,06075,+37.7272391,-123.0322294,06,41884,G4020,San Francisco,San Francisco County,06,2024-05-04,84.67134783873686,1714780800000,"{""type"":""MultiPoint"",""coordinates"":[]}"
855_00000000000000000021,1857233047,225282636,41860,H1,013,01675903,488,A,06013,+37.9194790,-121.9515431,06,36084,G4020,Contra Costa,Contra Costa County,06,2024-05-05,67.55048482891922,1714867200000,"{""type"":""MultiPoint"",""coordinates"":[]}"
855_00000000000000000023,1909598013,216923745,41860,H1,001,01675839,488,A,06001,+37.6471385,-121.9124880,06,36084,G4020,Alameda,Alameda County,06,2024-05-05,70.41562435435846,1714867200000,"{""type"":""MultiPoint"",""coordinates"":[]}"
855_0000000000000000001f,121375681,479216672,41860,H6,075,00277302,488,C,06075,+37.7272391,-123.0322294,06,41884,G4020,San Francisco,San Francisco County,06,2024-05-05,73.05736478125695,1714867200000,"{""type"":""MultiPoint"",""coordinates"":[]}"
856_00000000000000000021,1857233047,225282636,41860,H1,013,01675903,488,A,06013,+37.9194790,-121.9515431,06,36084,G4020,Contra Costa,Contra Costa County,06,2024-05-06,62.90841922177642,1714953600000,"{""type"":""MultiPoint"",""coordinates"":[]}"
856_00000000000000000023,1909598013,216923745,41860,H1,001,01675839,488,A,06001,+37.6471385,-121.9124880,06,36084,G4020,Alameda,Alameda County,06,2024-05-06,66.41900600726429,1714953600000,"{""type"":""MultiPoint"",""coordinates"":[]}"
856_0000000000000000001f,121375681,479216672,41860,H6,075,00277302,488,C,06075,+37.7272391,-123.0322294,06,41884,G4020,San Francisco,San Francisco County,06,2024-05-06,70.9125181047105,1714953600000,"{""type"":""MultiPoint"",""coordinates"":[]}"
857_00000000000000000021,1857233047,225282636,41860,H1,013,01675903,488,A,06013,+37.9194790,-121.9515431,06,36084,G4020,Contra Costa,Contra Costa County,06,2024-05-07,69.65091518812933,1715040000000,"{""type"":""MultiPoint"",""coordinates"":[]}"
857_00000000000000000023,1909598013,216923745,41860,H1,001,01675839,488,A,06001,+37.6471385,-121.9124880,06,36084,G4020,Alameda,Alameda County,06,2024-05-07,73.71429055014336,1715040000000,"{""type"":""MultiPoint"",""coordinates"":[]}"
857_0000000000000000001f,121375681,479216672,41860,H6,075,00277302,488,C,06075,+37.7272391,-123.0322294,06,41884,G4020,San Francisco,San Francisco County,06,2024-05-07,76.68750629312339,1715040000000,"{""type"":""MultiPoint"",""coordinates"":[]}"
858_00000000000000000021,1857233047,225282636,41860,H1,013,01675903,488,A,06013,+37.9194790,-121.9515431,06,36084,G4020,Contra Costa,Contra Costa County,06,2024-05-08,43.26698902162924,1715126400000,"{""type"":""MultiPoint"",""coordinates"":[]}"
858_00000000000000000023,1909598013,216923745,41860,H1,001,01675839,488,A,06001,+37.6471385,-121.9124880,06,36084,G4020,Alameda,Alameda County,06,2024-05-08,48.705184094242455,1715126400000,"{""type"":""MultiPoint"",""coordinates"":[]}"
858_0000000000000000001f,121375681,479216672,41860,H6,075,00277302,488,C,06075,+37.7272391,-123.0322294,06,41884,G4020,San Francisco,San Francisco County,06,2024-05-08,52.51954476751627,1715126400000,"{""type"":""MultiPoint"",""coordinates"":[]}"
859_00000000000000000021,1857233047,225282636,41860,H1,013,01675903,488,A,06013,+37.9194790,-121.9515431,06,36084,G4020,Contra Costa,Contra Costa County,06,2024-05-09,32.86405060047288,1715212800000,"{""type"":""MultiPoint"",""coordinates"":[]}"
859_00000000000000000023,1909598013,216923745,41860,H1,001,01675839,488,A,06001,+37.6471385,-121.9124880,06,36084,G4020,Alameda,Alameda County,06,2024-05-09,36.20342859625211,1715212800000,"{""type"":""MultiPoint"",""coordinates"":[]}"
859_0000000000000000001f,121375681,479216672,41860,H6,075,00277302,488,C,06075,+37.7272391,-123.0322294,06,41884,G4020,San Francisco,San Francisco County,06,2024-05-09,37.80999590043191,1715212800000,"{""type"":""MultiPoint"",""coordinates"":[]}"
860_00000000000000000021,1857233047,225282636,41860,H1,013,01675903,488,A,06013,+37.9194790,-121.9515431,06,36084,G4020,Contra Costa,Contra Costa County,06,2024-05-10,47.57805158671577,1715299200000,"{""type"":""MultiPoint"",""coordinates"":[]}"
860_00000000000000000023,1909598013,216923745,41860,H1,001,01675839,488,A,06001,+37.6471385,-121.9124880,06,36084,G4020,Alameda,Alameda County,06,2024-05-10,48.7358371730061,1715299200000,"{""type"":""MultiPoint"",""coordinates"":[]}"
860_0000000000000000001f,121375681,479216672,41860,H6,075,00277302,488,C,06075,+37.7272391,-123.0322294,06,41884,G4020,San Francisco,San Francisco County,06,2024-05-10,55.3216870969848,1715299200000,"{""type"":""MultiPoint"",""coordinates"":[]}"
861_00000000000000000021,1857233047,225282636,41860,H1,013,01675903,488,A,06013,+37.9194790,-121.9515431,06,36084,G4020,Contra Costa,Contra Costa County,06,2024-05-11,52.57430111351011,1715385600000,"{""type"":""MultiPoint"",""coordinates"":[]}"
861_00000000000000000023,1909598013,216923745,41860,H1,001,01675839,488,A,06001,+37.6471385,-121.9124880,06,36084,G4020,Alameda,Alameda County,06,2024-05-11,54.12318190699595,1715385600000,"{""type"":""MultiPoint"",""coordinates"":[]}"
861_0000000000000000001f,121375681,479216672,41860,H6,075,00277302,488,C,06075,+37.7272391,-123.0322294,06,41884,G4020,San Francisco,San Francisco County,06,2024-05-11,66.2872046838325,1715385600000,"{""type"":""MultiPoint"",""coordinates"":[]}"
862_00000000000000000021,1857233047,225282636,41860,H1,013,01675903,488,A,06013,+37.9194790,-121.9515431,06,36084,G4020,Contra Costa,Contra Costa County,06,2024-05-12,63.053284699673014,1715472000000,"{""type"":""MultiPoint"",""coordinates"":[]}"
862_00000000000000000023,1909598013,216923745,41860,H1,001,01675839,488,A,06001,+37.6471385,-121.9124880,06,36084,G4020,Alameda,Alameda County,06,2024-05-12,61.772176612369854,1715472000000,"{""type"":""MultiPoint"",""coordinates"":[]}"
862_0000000000000000001f,121375681,479216672,41860,H6,075,00277302,488,C,06075,+37.7272391,-123.0322294,06,41884,G4020,San Francisco,San Francisco County,06,2024-05-12,78.51279641861244,1715472000000,"{""type"":""MultiPoint"",""coordinates"":[]}"
863_00000000000000000021,1857233047,225282636,41860,H1,013,01675903,488,A,06013,+37.9194790,-121.9515431,06,36084,G4020,Contra Costa,Contra Costa County,06,2024-05-13,66.02219704841858,1715558400000,"{""type"":""MultiPoint"",""coordinates"":[]}"
863_00000000000000000023,1909598013,216923745,41860,H1,001,01675839,488,A,06001,+37.6471385,-121.9124880,06,36084,G4020,Alameda,Alameda County,06,2024-05-13,63.86438321922503,1715558400000,"{""type"":""MultiPoint"",""coordinates"":[]}"
863_0000000000000000001f,121375681,479216672,41860,H6,075,00277302,488,C,06075,+37.7272391,-123.0322294,06,41884,G4020,San Francisco,San Francisco County,06,2024-05-13,79.72856437296552,1715558400000,"{""type"":""MultiPoint"",""coordinates"":[]}"
864_00000000000000000021,1857233047,225282636,41860,H1,013,01675903,488,A,06013,+37.9194790,-121.9515431,06,36084,G4020,Contra Costa,Contra Costa County,06,2024-05-14,66.82268082231174,1715644800000,"{""type"":""MultiPoint"",""coordinates"":[]}"
864_00000000000000000023,1909598013,216923745,41860,H1,001,01675839,488,A,06001,+37.6471385,-121.9124880,06,36084,G4020,Alameda,Alameda County,06,2024-05-14,63.05730040591566,1715644800000,"{""type"":""MultiPoint"",""coordinates"":[]}"
864_0000000000000000001f,121375681,479216672,41860,H6,075,00277302,488,C,06075,+37.7272391,-123.0322294,06,41884,G4020,San Francisco,San Francisco County,06,2024-05-14,79.18069857469871,1715644800000,"{""type"":""MultiPoint"",""coordinates"":[]}"
865_00000000000000000021,1857233047,225282636,41860,H1,013,01675903,488,A,06013,+37.9194790,-121.9515431,06,36084,G4020,Contra Costa,Contra Costa County,06,2024-05-15,66.16959583143068,1715731200000,"{""type"":""MultiPoint"",""coordinates"":[]}"
865_00000000000000000023,1909598013,216923745,41860,H1,001,01675839,488,A,06001,+37.6471385,-121.9124880,06,36084,G4020,Alameda,Alameda County,06,2024-05-15,62.98307434714828,1715731200000,"{""type"":""MultiPoint"",""coordinates"":[]}"
865_0000000000000000001f,121375681,479216672,41860,H6,075,00277302,488,C,06075,+37.7272391,-123.0322294,06,41884,G4020,San Francisco,San Francisco County,06,2024-05-15,78.81682863039738,1715731200000,"{""type"":""MultiPoint"",""coordinates"":[]}"
866_00000000000000000021,1857233047,225282636,41860,H1,013,01675903,488,A,06013,+37.9194790,-121.9515431,06,36084,G4020,Contra Costa,Contra Costa County,06,2024-05-16,68.35619782123257,1715817600000,"{""type"":""MultiPoint"",""coordinates"":[]}"
866_00000000000000000023,1909598013,216923745,41860,H1,001,01675839,488,A,06001,+37.6471385,-121.9124880,06,36084,G4020,Alameda,Alameda County,06,2024-05-16,64.32661086259102,1715817600000,"{""type"":""MultiPoint"",""coordinates"":[]}"
866_0000000000000000001f,121375681,479216672,41860,H6,075,00277302,488,C,06075,+37.7272391,-123.0322294,06,41884,G4020,San Francisco,San Francisco County,06,2024-05-16,79.99240436561512,1715817600000,"{""type"":""MultiPoint"",""coordinates"":[]}"
867_00000000000000000021,1857233047,225282636,41860,H1,013,01675903,488,A,06013,+37.9194790,-121.9515431,06,36084,G4020,Contra Costa,Contra Costa County,06,2024-05-17,71.92975690111462,1715904000000,"{""type"":""MultiPoint"",""coordinates"":[]}"
867_00000000000000000023,1909598013,216923745,41860,H1,001,01675839,488,A,06001,+37.6471385,-121.9124880,06,36084,G4020,Alameda,Alameda County,06,2024-05-17,67.56189068122046,1715904000000,"{""type"":""MultiPoint"",""coordinates"":[]}"
867_0000000000000000001f,121375681,479216672,41860,H6,075,00277302,488,C,06075,+37.7272391,-123.0322294,06,41884,G4020,San Francisco,San Francisco County,06,2024-05-17,80.7974936593801,1715904000000,"{""type"":""MultiPoint"",""coordinates"":[]}"
868_00000000000000000021,1857233047,225282636,41860,H1,013,01675903,488,A,06013,+37.9194790,-121.9515431,06,36084,G4020,Contra Costa,Contra Costa County,06,2024-05-18,69.85772804413482,1715990400000,"{""type"":""MultiPoint"",""coordinates"":[]}"
868_00000000000000000023,1909598013,216923745,41860,H1,001,01675839,488,A,06001,+37.6471385,-121.9124880,06,36084,G4020,Alameda,Alameda County,06,2024-05-18,67.34150802961284,1715990400000,"{""type"":""MultiPoint"",""coordinates"":[]}"
868_0000000000000000001f,121375681,479216672,41860,H6,075,00277302,488,C,06075,+37.7272391,-123.0322294,06,41884,G4020,San Francisco,San Francisco County,06,2024-05-18,78.0741997671171,1715990400000,"{""type"":""MultiPoint"",""coordinates"":[]}"
869_00000000000000000021,1857233047,225282636,41860,H1,013,01675903,488,A,06013,+37.9194790,-121.9515431,06,36084,G4020,Contra Costa,Contra Costa County,06,2024-05-19,66.39298237186946,1716076800000,"{""type"":""MultiPoint"",""coordinates"":[]}"
869_00000000000000000023,1909598013,216923745,41860,H1,001,01675839,488,A,06001,+37.6471385,-121.9124880,06,36084,G4020,Alameda,Alameda County,06,2024-05-19,64.68479502704383,1716076800000,"{""type"":""MultiPoint"",""coordinates"":[]}"
869_0000000000000000001f,121375681,479216672,41860,H6,075,00277302,488,C,06075,+37.7272391,-123.0322294,06,41884,G4020,San Francisco,San Francisco County,06,2024-05-19,71.53983948744181,1716076800000,"{""type"":""MultiPoint"",""coordinates"":[]}"
870_00000000000000000021,1857233047,225282636,41860,H1,013,01675903,488,A,06013,+37.9194790,-121.9515431,06,36084,G4020,Contra Costa,Contra Costa County,06,2024-05-20,54.9291260518561,1716163200000,"{""type"":""MultiPoint"",""coordinates"":[]}"
870_00000000000000000023,1909598013,216923745,41860,H1,001,01675839,488,A,06001,+37.6471385,-121.9124880,06,36084,G4020,Alameda,Alameda County,06,2024-05-20,57.49475096705146,1716163200000,"{""type"":""MultiPoint"",""coordinates"":[]}"
870_0000000000000000001f,121375681,479216672,41860,H6,075,00277302,488,C,06075,+37.7272391,-123.0322294,06,41884,G4020,San Francisco,San Francisco County,06,2024-05-20,64.20550680970862,1716163200000,"{""type"":""MultiPoint"",""coordinates"":[]}"
871_00000000000000000021,1857233047,225282636,41860,H1,013,01675903,488,A,06013,+37.9194790,-121.9515431,06,36084,G4020,Contra Costa,Contra Costa County,06,2024-05-21,48.177490559400795,1716249600000,"{""type"":""MultiPoint"",""coordinates"":[]}"
871_00000000000000000023,1909598013,216923745,41860,H1,001,01675839,488,A,06001,+37.6471385,-121.9124880,06,36084,G4020,Alameda,Alameda County,06,2024-05-21,50.97850587407794,1716249600000,"{""type"":""MultiPoint"",""coordinates"":[]}"
871_0000000000000000001f,121375681,479216672,41860,H6,075,00277302,488,C,06075,+37.7272391,-123.0322294,06,41884,G4020,San Francisco,San Francisco County,06,2024-05-21,62.768729954626195,1716249600000,"{""type"":""MultiPoint"",""coordinates"":[]}"
872_00000000000000000021,1857233047,225282636,41860,H1,013,01675903,488,A,06013,+37.9194790,-121.9515431,06,36084,G4020,Contra Costa,Contra Costa County,06,2024-05-22,50.91224954879653,1716336000000,"{""type"":""MultiPoint"",""coordinates"":[]}"
872_00000000000000000023,1909598013,216923745,41860,H1,001,01675839,488,A,06001,+37.6471385,-121.9124880,06,36084,G4020,Alameda,Alameda County,06,2024-05-22,53.58977281807471,1716336000000,"{""type"":""MultiPoint"",""coordinates"":[]}"
872_0000000000000000001f,121375681,479216672,41860,H6,075,00277302,488,C,06075,+37.7272391,-123.0322294,06,41884,G4020,San Francisco,San Francisco County,06,2024-05-22,61.93005708472213,1716336000000,"{""type"":""MultiPoint"",""coordinates"":[]}"
873_00000000000000000021,1857233047,225282636,41860,H1,013,01675903,488,A,06013,+37.9194790,-121.9515431,06,36084,G4020,Contra Costa,Contra Costa County,06,2024-05-23,46.875837903346245,1716422400000,"{""type"":""MultiPoint"",""coordinates"":[]}"
873_00000000000000000023,1909598013,216923745,41860,H1,001,01675839,488,A,06001,+37.6471385,-121.9124880,06,36084,G4020,Alameda,Alameda County,06,2024-05-23,51.5870809265335,1716422400000,"{""type"":""MultiPoint"",""coordinates"":[]}"
873_0000000000000000001f,121375681,479216672,41860,H6,075,00277302,488,C,06075,+37.7272391,-123.0322294,06,41884,G4020,San Francisco,San Francisco County,06,2024-05-23,51.62382566489068,1716422400000,"{""type"":""MultiPoint"",""coordinates"":[]}"
874_00000000000000000021,1857233047,225282636,41860,H1,013,01675903,488,A,06013,+37.9194790,-121.9515431,06,36084,G4020,Contra Costa,Contra Costa County,06,2024-05-24,59.91831644131501,1716508800000,"{""type"":""MultiPoint"",""coordinates"":[]}"
874_00000000000000000023,1909598013,216923745,41860,H1,001,01675839,488,A,06001,+37.6471385,-121.9124880,06,36084,G4020,Alameda,Alameda County,06,2024-05-24,62.41096840052295,1716508800000,"{""type"":""MultiPoint"",""coordinates"":[]}"
874_0000000000000000001f,121375681,479216672,41860,H6,075,00277302,488,C,06075,+37.7272391,-123.0322294,06,41884,G4020,San Francisco,San Francisco County,06,2024-05-24,68.19991979596749,1716508800000,"{""type"":""MultiPoint"",""coordinates"":[]}"
875_00000000000000000021,1857233047,225282636,41860,H1,013,01675903,488,A,06013,+37.9194790,-121.9515431,06,36084,G4020,Contra Costa,Contra Costa County,06,2024-05-25,71.05727322877782,1716595200000,"{""type"":""MultiPoint"",""coordinates"":[]}"
875_00000000000000000023,1909598013,216923745,41860,H1,001,01675839,488,A,06001,+37.6471385,-121.9124880,06,36084,G4020,Alameda,Alameda County,06,2024-05-25,73.35766028161207,1716595200000,"{""type"":""MultiPoint"",""coordinates"":[]}"
875_0000000000000000001f,121375681,479216672,41860,H6,075,00277302,488,C,06075,+37.7272391,-123.0322294,06,41884,G4020,San Francisco,San Francisco County,06,2024-05-25,76.86693790883763,1716595200000,"{""type"":""MultiPoint"",""coordinates"":[]}"
876_00000000000000000021,1857233047,225282636,41860,H1,013,01675903,488,A,06013,+37.9194790,-121.9515431,06,36084,G4020,Contra Costa,Contra Costa County,06,2024-05-26,65.82717674846367,1716681600000,"{""type"":""MultiPoint"",""coordinates"":[]}"
876_00000000000000000023,1909598013,216923745,41860,H1,001,01675839,488,A,06001,+37.6471385,-121.9124880,06,36084,G4020,Alameda,Alameda County,06,2024-05-26,66.0659428345976,1716681600000,"{""type"":""MultiPoint"",""coordinates"":[]}"
876_0000000000000000001f,121375681,479216672,41860,H6,075,00277302,488,C,06075,+37.7272391,-123.0322294,06,41884,G4020,San Francisco,San Francisco County,06,2024-05-26,72.65033154668649,1716681600000,"{""type"":""MultiPoint"",""coordinates"":[]}"
877_00000000000000000021,1857233047,225282636,41860,H1,013,01675903,488,A,06013,+37.9194790,-121.9515431,06,36084,G4020,Contra Costa,Contra Costa County,06,2024-05-27,61.74219232784234,1716768000000,"{""type"":""MultiPoint"",""coordinates"":[]}"
877_00000000000000000023,1909598013,216923745,41860,H1,001,01675839,488,A,06001,+37.6471385,-121.9124880,06,36084,G4020,Alameda,Alameda County,06,2024-05-27,62.88851455976023,1716768000000,"{""type"":""MultiPoint"",""coordinates"":[]}"
877_0000000000000000001f,121375681,479216672,41860,H6,075,00277302,488,C,06075,+37.7272391,-123.0322294,06,41884,G4020,San Francisco,San Francisco County,06,2024-05-27,71.22388810361933,1716768000000,"{""type"":""MultiPoint"",""coordinates"":[]}"
878_00000000000000000021,1857233047,225282636,41860,H1,013,01675903,488,A,06013,+37.9194790,-121.9515431,06,36084,G4020,Contra Costa,Contra Costa County,06,2024-05-28,61.97538259567945,1716854400000,"{""type"":""MultiPoint"",""coordinates"":[]}"
878_00000000000000000023,1909598013,216923745,41860,H1,001,01675839,488,A,06001,+37.6471385,-121.9124880,06,36084,G4020,Alameda,Alameda County,06,2024-05-28,62.25016945485017,1716854400000,"{""type"":""MultiPoint"",""coordinates"":[]}"
878_0000000000000000001f,121375681,479216672,41860,H6,075,00277302,488,C,06075,+37.7272391,-123.0322294,06,41884,G4020,San Francisco,San Francisco County,06,2024-05-28,71.21926232813615,1716854400000,"{""type"":""MultiPoint"",""coordinates"":[]}"
879_00000000000000000021,1857233047,225282636,41860,H1,013,01675903,488,A,06013,+37.9194790,-121.9515431,06,36084,G4020,Contra Costa,Contra Costa County,06,2024-05-29,48.17203164437022,1716940800000,"{""type"":""MultiPoint"",""coordinates"":[]}"
879_00000000000000000023,1909598013,216923745,41860,H1,001,01675839,488,A,06001,+37.6471385,-121.9124880,06,36084,G4020,Alameda,Alameda County,06,2024-05-29,52.44552808489222,1716940800000,"{""type"":""MultiPoint"",""coordinates"":[]}"
879_0000000000000000001f,121375681,479216672,41860,H6,075,00277302,488,C,06075,+37.7272391,-123.0322294,06,41884,G4020,San Francisco,San Francisco County,06,2024-05-29,54.797128078245464,1716940800000,"{""type"":""MultiPoint"",""coordinates"":[]}"
880_00000000000000000021,1857233047,225282636,41860,H1,013,01675903,488,A,06013,+37.9194790,-121.9515431,06,36084,G4020,Contra Costa,Contra Costa County,06,2024-05-30,44.757086470366055,1717027200000,"{""type"":""MultiPoint"",""coordinates"":[]}"
880_00000000000000000023,1909598013,216923745,41860,H1,001,01675839,488,A,06001,+37.6471385,-121.9124880,06,36084,G4020,Alameda,Alameda County,06,2024-05-30,45.411887213573394,1717027200000,"{""type"":""MultiPoint"",""coordinates"":[]}"
880_0000000000000000001f,121375681,479216672,41860,H6,075,00277302,488,C,06075,+37.7272391,-123.0322294,06,41884,G4020,San Francisco,San Francisco County,06,2024-05-30,56.87927264336365,1717027200000,"{""type"":""MultiPoint"",""coordinates"":[]}"
881_00000000000000000021,1857233047,225282636,41860,H1,013,01675903,488,A,06013,+37.9194790,-121.9515431,06,36084,G4020,Contra Costa,Contra Costa County,06,2024-05-31,47.32752011261146,1717113600000,"{""type"":""MultiPoint"",""coordinates"":[]}"
881_00000000000000000023,1909598013,216923745,41860,H1,001,01675839,488,A,06001,+37.6471385,-121.9124880,06,36084,G4020,Alameda,Alameda County,06,2024-05-31,46.44557170111272,1717113600000,"{""type"":""MultiPoint"",""coordinates"":[]}"
881_0000000000000000001f,121375681,479216672,41860,H6,075,00277302,488,C,06075,+37.7272391,-123.0322294,06,41884,G4020,San Francisco,San Francisco County,06,2024-05-31,63.39901616510586,1717113600000,"{""type"":""MultiPoint"",""coordinates"":[]}"
882_00000000000000000021,1857233047,225282636,41860,H1,013,01675903,488,A,06013,+37.9194790,-121.9515431,06,36084,G4020,Contra Costa,Contra Costa County,06,2024-06-01,55.70547205798087,1717200000000,"{""type"":""MultiPoint"",""coordinates"":[]}"
882_00000000000000000023,1909598013,216923745,41860,H1,001,01675839,488,A,06001,+37.6471385,-121.9124880,06,36084,G4020,Alameda,Alameda County,06,2024-06-01,56.54026428342589,1717200000000,"{""type"":""MultiPoint"",""coordinates"":[]}"
882_0000000000000000001f,121375681,479216672,41860,H6,075,00277302,488,C,06075,+37.7272391,-123.0322294,06,41884,G4020,San Francisco,San Francisco County,06,2024-06-01,65.0911015686488,1717200000000,"{""type"":""MultiPoint"",""coordinates"":[]}"
883_00000000000000000021,1857233047,225282636,41860,H1,013,01675903,488,A,06013,+37.9194790,-121.9515431,06,36084,G4020,Contra Costa,Contra Costa County,06,2024-06-02,58.28961200741042,1717286400000,"{""type"":""MultiPoint"",""coordinates"":[]}"
883_00000000000000000023,1909598013,216923745,41860,H1,001,01675839,488,A,06001,+37.6471385,-121.9124880,06,36084,G4020,Alameda,Alameda County,06,2024-06-02,62.99536725675498,1717286400000,"{""type"":""MultiPoint"",""coordinates"":[]}"
883_0000000000000000001f,121375681,479216672,41860,H6,075,00277302,488,C,06075,+37.7272391,-123.0322294,06,41884,G4020,San Francisco,San Francisco County,06,2024-06-02,67.0331958509131,1717286400000,"{""type"":""MultiPoint"",""coordinates"":[]}"
884_00000000000000000021,1857233047,225282636,41860,H1,013,01675903,488,A,06013,+37.9194790,-121.9515431,06,36084,G4020,Contra Costa,Contra Costa County,06,2024-06-03,68.7232719950413,1717372800000,"{""type"":""MultiPoint"",""coordinates"":[]}"
884_00000000000000000023,1909598013,216923745,41860,H1,001,01675839,488,A,06001,+37.6471385,-121.9124880,06,36084,G4020,Alameda,Alameda County,06,2024-06-03,74.6192968062124,1717372800000,"{""type"":""MultiPoint"",""coordinates"":[]}"
884_0000000000000000001f,121375681,479216672,41860,H6,075,00277302,488,C,06075,+37.7272391,-123.0322294,06,41884,G4020,San Francisco,San Francisco County,06,2024-06-03,79.16175155255877,1717372800000,"{""type"":""MultiPoint"",""coordinates"":[]}"
885_00000000000000000021,1857233047,225282636,41860,H1,013,01675903,488,A,06013,+37.9194790,-121.9515431,06,36084,G4020,Contra Costa,Contra Costa County,06,2024-06-04,52.68884765858353,1717459200000,"{""type"":""MultiPoint"",""coordinates"":[]}"
885_00000000000000000023,1909598013,216923745,41860,H1,001,01675839,488,A,06001,+37.6471385,-121.9124880,06,36084,G4020,Alameda,Alameda County,06,2024-06-04,57.20890439553826,1717459200000,"{""type"":""MultiPoint"",""coordinates"":[]}"
885_0000000000000000001f,121375681,479216672,41860,H6,075,00277302,488,C,06075,+37.7272391,-123.0322294,06,41884,G4020,San Francisco,San Francisco County,06,2024-06-04,60.45603129646584,1717459200000,"{""type"":""MultiPoint"",""coordinates"":[]}"
886_00000000000000000021,1857233047,225282636,41860,H1,013,01675903,488,A,06013,+37.9194790,-121.9515431,06,36084,G4020,Contra Costa,Contra Costa County,06,2024-06-05,43.93515271051668,1717545600000,"{""type"":""MultiPoint"",""coordinates"":[]}"
886_00000000000000000023,1909598013,216923745,41860,H1,001,01675839,488,A,06001,+37.6471385,-121.9124880,06,36084,G4020,Alameda,Alameda County,06,2024-06-05,46.634354029642864,1717545600000,"{""type"":""MultiPoint"",""coordinates"":[]}"
886_0000000000000000001f,121375681,479216672,41860,H6,075,00277302,488,C,06075,+37.7272391,-123.0322294,06,41884,G4020,San Francisco,San Francisco County,06,2024-06-05,52.56687673337225,1717545600000,"{""type"":""MultiPoint"",""coordinates"":[]}"
887_00000000000000000021,1857233047,225282636,41860,H1,013,01675903,488,A,06013,+37.9194790,-121.9515431,06,36084,G4020,Contra Costa,Contra Costa County,06,2024-06-06,51.71680919613312,1717632000000,"{""type"":""MultiPoint"",""coordinates"":[]}"
887_00000000000000000023,1909598013,216923745,41860,H1,001,01675839,488,A,06001,+37.6471385,-121.9124880,06,36084,G4020,Alameda,Alameda County,06,2024-06-06,50.935838977983224,1717632000000,"{""type"":""MultiPoint"",""coordinates"":[]}"
887_0000000000000000001f,121375681,479216672,41860,H6,075,00277302,488,C,06075,+37.7272391,-123.0322294,06,41884,G4020,San Francisco,San Francisco County,06,2024-06-06,64.85607682187151,1717632000000,"{""type"":""MultiPoint"",""coordinates"":[]}"
888_00000000000000000021,1857233047,225282636,41860,H1,013,01675903,488,A,06013,+37.9194790,-121.9515431,06,36084,G4020,Contra Costa,Contra Costa County,06,2024-06-07,59.64535187166441,1717718400000,"{""type"":""MultiPoint"",""coordinates"":[]}"
888_00000000000000000023,1909598013,216923745,41860,H1,001,01675839,488,A,06001,+37.6471385,-121.9124880,06,36084,G4020,Alameda,Alameda County,06,2024-06-07,54.45358545283972,1717718400000,"{""type"":""MultiPoint"",""coordinates"":[]}"
888_0000000000000000001f,121375681,479216672,41860,H6,075,00277302,488,C,06075,+37.7272391,-123.0322294,06,41884,G4020,San Francisco,San Francisco County,06,2024-06-07,72.41323708657691,1717718400000,"{""type"":""MultiPoint"",""coordinates"":[]}"
889_00000000000000000021,1857233047,225282636,41860,H1,013,01675903,488,A,06013,+37.9194790,-121.9515431,06,36084,G4020,Contra Costa,Contra Costa County,06,2024-06-08,64.01063316026436,1717804800000,"{""type"":""MultiPoint"",""coordinates"":[]}"
889_00000000000000000023,1909598013,216923745,41860,H1,001,01675839,488,A,06001,+37.6471385,-121.9124880,06,36084,G4020,Alameda,Alameda County,06,2024-06-08,61.980332575483935,1717804800000,"{""type"":""MultiPoint"",""coordinates"":[]}"
889_0000000000000000001f,121375681,479216672,41860,H6,075,00277302,488,C,06075,+37.7272391,-123.0322294,06,41884,G4020,San Francisco,San Francisco County,06,2024-06-08,72.40115251980416,1717804800000,"{""type"":""MultiPoint"",""coordinates"":[]}"
890_00000000000000000021,1857233047,225282636,41860,H1,013,01675903,488,A,06013,+37.9194790,-121.9515431,06,36084,G4020,Contra Costa,Contra Costa County,06,2024-06-09,55.88048241727133,1717891200000,"{""type"":""MultiPoint"",""coordinates"":[]}"
890_00000000000000000023,1909598013,216923745,41860,H1,001,01675839,488,A,06001,+37.6471385,-121.9124880,06,36084,G4020,Alameda,Alameda County,06,2024-06-09,55.17097992846976,1717891200000,"{""type"":""MultiPoint"",""coordinates"":[]}"
890_0000000000000000001f,121375681,479216672,41860,H6,075,00277302,488,C,06075,+37.7272391,-123.0322294,06,41884,G4020,San Francisco,San Francisco County,06,2024-06-09,65.00760376718402,1717891200000,"{""type"":""MultiPoint"",""coordinates"":[]}"
891_00000000000000000021,1857233047,225282636,41860,H1,013,01675903,488,A,06013,+37.9194790,-121.9515431,06,36084,G4020,Contra Costa,Contra Costa County,06,2024-06-10,63.63405321105132,1717977600000,"{""type"":""MultiPoint"",""coordinates"":[]}"
891_00000000000000000023,1909598013,216923745,41860,H1,001,01675839,488,A,06001,+37.6471385,-121.9124880,06,36084,G4020,Alameda,Alameda County,06,2024-06-10,60.70009324403199,1717977600000,"{""type"":""MultiPoint"",""coordinates"":[]}"
891_0000000000000000001f,121375681,479216672,41860,H6,075,00277302,488,C,06075,+37.7272391,-123.0322294,06,41884,G4020,San Francisco,San Francisco County,06,2024-06-10,74.43138062697295,1717977600000,"{""type"":""MultiPoint"",""coordinates"":[]}"
892_00000000000000000021,1857233047,225282636,41860,H1,013,01675903,488,A,06013,+37.9194790,-121.9515431,06,36084,G4020,Contra Costa,Contra Costa County,06,2024-06-11,59.31743920688666,1718064000000,"{""type"":""MultiPoint"",""coordinates"":[]}"
892_00000000000000000023,1909598013,216923745,41860,H1,001,01675839,488,A,06001,+37.6471385,-121.9124880,06,36084,G4020,Alameda,Alameda County,06,2024-06-11,55.94616612089239,1718064000000,"{""type"":""MultiPoint"",""coordinates"":[]}"
892_0000000000000000001f,121375681,479216672,41860,H6,075,00277302,488,C,06075,+37.7272391,-123.0322294,06,41884,G4020,San Francisco,San Francisco County,06,2024-06-11,68.6628087920832,1718064000000,"{""type"":""MultiPoint"",""coordinates"":[]}"
893_00000000000000000021,1857233047,225282636,41860,H1,013,01675903,488,A,06013,+37.9194790,-121.9515431,06,36084,G4020,Contra Costa,Contra Costa County,06,2024-06-12,51.96606076342506,1718150400000,"{""type"":""MultiPoint"",""coordinates"":[]}"
893_00000000000000000023,1909598013,216923745,41860,H1,001,01675839,488,A,06001,+37.6471385,-121.9124880,06,36084,G4020,Alameda,Alameda County,06,2024-06-12,51.26936075122898,1718150400000,"{""type"":""MultiPoint"",""coordinates"":[]}"
893_0000000000000000001f,121375681,479216672,41860,H6,075,00277302,488,C,06075,+37.7272391,-123.0322294,06,41884,G4020,San Francisco,San Francisco County,06,2024-06-12,61.81048823712649,1718150400000,"{""type"":""MultiPoint"",""coordinates"":[]}"
894_00000000000000000021,1857233047,225282636,41860,H1,013,01675903,488,A,06013,+37.9194790,-121.9515431,06,36084,G4020,Contra Costa,Contra Costa County,06,2024-06-13,61.68711319450949,1718236800000,"{""type"":""MultiPoint"",""coordinates"":[]}"
894_00000000000000000023,1909598013,216923745,41860,H1,001,01675839,488,A,06001,+37.6471385,-121.9124880,06,36084,G4020,Alameda,Alameda County,06,2024-06-13,57.16015684969266,1718236800000,"{""type"":""MultiPoint"",""coordinates"":[]}"
894_0000000000000000001f,121375681,479216672,41860,H6,075,00277302,488,C,06075,+37.7272391,-123.0322294,06,41884,G4020,San Francisco,San Francisco County,06,2024-06-13,74.69401692197849,1718236800000,"{""type"":""MultiPoint"",""coordinates"":[]}"
895_00000000000000000021,1857233047,225282636,41860,H1,013,01675903,488,A,06013,+37.9194790,-121.9515431,06,36084,G4020,Contra Costa,Contra Costa County,06,2024-06-14,56.60299208960443,1718323200000,"{""type"":""MultiPoint"",""coordinates"":[]}"
895_00000000000000000023,1909598013,216923745,41860,H1,001,01675839,488,A,06001,+37.6471385,-121.9124880,06,36084,G4020,Alameda,Alameda County,06,2024-06-14,53.97621668287935,1718323200000,"{""type"":""MultiPoint"",""coordinates"":[]}"
895_0000000000000000001f,121375681,479216672,41860,H6,075,00277302,488,C,06075,+37.7272391,-123.0322294,06,41884,G4020,San Francisco,San Francisco County,06,2024-06-14,65.83465641543533,1718323200000,"{""type"":""MultiPoint"",""coordinates"":[]}"
896_00000000000000000021,1857233047,225282636,41860,H1,013,01675903,488,A,06013,+37.9194790,-121.9515431,06,36084,G4020,Contra Costa,Contra Costa County,06,2024-06-15,43.9761448042398,1718409600000,"{""type"":""MultiPoint"",""coordinates"":[]}"
896_00000000000000000023,1909598013,216923745,41860,H1,001,01675839,488,A,06001,+37.6471385,-121.9124880,06,36084,G4020,Alameda,Alameda County,06,2024-06-15,45.96907162440333,1718409600000,"{""type"":""MultiPoint"",""coordinates"":[]}"
896_0000000000000000001f,121375681,479216672,41860,H6,075,00277302,488,C,06075,+37.7272391,-123.0322294,06,41884,G4020,San Francisco,San Francisco County,06,2024-06-15,52.75292451599937,1718409600000,"{""type"":""MultiPoint"",""coordinates"":[]}"
897_00000000000000000021,1857233047,225282636,41860,H1,013,01675903,488,A,06013,+37.9194790,-121.9515431,06,36084,G4020,Contra Costa,Contra Costa County,06,2024-06-16,44.67319339082564,1718496000000,"{""type"":""MultiPoint"",""coordinates"":[]}"
897_00000000000000000023,1909598013,216923745,41860,H1,001,01675839,488,A,06001,+37.6471385,-121.9124880,06,36084,G4020,Alameda,Alameda County,06,2024-06-16,47.74127064406402,1718496000000,"{""type"":""MultiPoint"",""coordinates"":[]}"
897_0000000000000000001f,121375681,479216672,41860,H6,075,00277302,488,C,06075,+37.7272391,-123.0322294,06,41884,G4020,San Francisco,San Francisco County,06,2024-06-16,52.18535898088723,1718496000000,"{""type"":""MultiPoint"",""coordinates"":[]}"
898_00000000000000000021,1857233047,225282636,41860,H1,013,01675903,488,A,06013,+37.9194790,-121.9515431,06,36084,G4020,Contra Costa,Contra Costa County,06,2024-06-17,35.52146239546854,1718582400000,"{""type"":""MultiPoint"",""coordinates"":[]}"
898_00000000000000000023,1909598013,216923745,41860,H1,001,01675839,488,A,06001,+37.6471385,-121.9124880,06,36084,G4020,Alameda,Alameda County,06,2024-06-17,40.320097593731944,1718582400000,"{""type"":""MultiPoint"",""coordinates"":[]}"
898_0000000000000000001f,121375681,479216672,41860,H6,075,00277302,488,C,06075,+37.7272391,-123.0322294,06,41884,G4020,San Francisco,San Francisco County,06,2024-06-17,47.72503654064254,1718582400000,"{""type"":""MultiPoint"",""coordinates"":[]}"
899_00000000000000000021,1857233047,225282636,41860,H1,013,01675903,488,A,06013,+37.9194790,-121.9515431,06,36084,G4020,Contra Costa,Contra Costa County,06,2024-06-18,32.784558477951464,1718668800000,"{""type"":""MultiPoint"",""coordinates"":[]}"
899_00000000000000000023,1909598013,216923745,41860,H1,001,01675839,488,A,06001,+37.6471385,-121.9124880,06,36084,G4020,Alameda,Alameda County,06,2024-06-18,33.17227699060381,1718668800000,"{""type"":""MultiPoint"",""coordinates"":[]}"
899_0000000000000000001f,121375681,479216672,41860,H6,075,00277302,488,C,06075,+37.7272391,-123.0322294,06,41884,G4020,San Francisco,San Francisco County,06,2024-06-18,48.09453247944681,1718668800000,"{""type"":""MultiPoint"",""coordinates"":[]}"
900_00000000000000000021,1857233047,225282636,41860,H1,013,01675903,488,A,06013,+37.9194790,-121.9515431,06,36084,G4020,Contra Costa,Contra Costa County,06,2024-06-19,48.67634042701993,1718755200000,"{""type"":""MultiPoint"",""coordinates"":[]}"
900_00000000000000000023,1909598013,216923745,41860,H1,001,01675839,488,A,06001,+37.6471385,-121.9124880,06,36084,G4020,Alameda,Alameda County,06,2024-06-19,48.98291444534529,1718755200000,"{""type"":""MultiPoint"",""coordinates"":[]}"
900_0000000000000000001f,121375681,479216672,41860,H6,075,00277302,488,C,06075,+37.7272391,-123.0322294,06,41884,G4020,San Francisco,San Francisco County,06,2024-06-19,65.96761317891921,1718755200000,"{""type"":""MultiPoint"",""coordinates"":[]}"
901_00000000000000000021,1857233047,225282636,41860,H1,013,01675903,488,A,06013,+37.9194790,-121.9515431,06,36084,G4020,Contra Costa,Contra Costa County,06,2024-06-20,63.009597975947145,1718841600000,"{""type"":""MultiPoint"",""coordinates"":[]}"
901_00000000000000000023,1909598013,216923745,41860,H1,001,01675839,488,A,06001,+37.6471385,-121.9124880,06,36084,G4020,Alameda,Alameda County,06,2024-06-20,59.46716392843694,1718841600000,"{""type"":""MultiPoint"",""coordinates"":[]}"
901_0000000000000000001f,121375681,479216672,41860,H6,075,00277302,488,C,06075,+37.7272391,-123.0322294,06,41884,G4020,San Francisco,San Francisco County,06,2024-06-20,77.47397496517468,1718841600000,"{""type"":""MultiPoint"",""coordinates"":[]}"
902_00000000000000000021,1857233047,225282636,41860,H1,013,01675903,488,A,06013,+37.9194790,-121.9515431,06,36084,G4020,Contra Costa,Contra Costa County,06,2024-06-21,62.26324187506556,1718928000000,"{""type"":""MultiPoint"",""coordinates"":[]}"
902_00000000000000000023,1909598013,216923745,41860,H1,001,01675839,488,A,06001,+37.6471385,-121.9124880,06,36084,G4020,Alameda,Alameda County,06,2024-06-21,58.91708364294397,1718928000000,"{""type"":""MultiPoint"",""coordinates"":[]}"
902_0000000000000000001f,121375681,479216672,41860,H6,075,00277302,488,C,06075,+37.7272391,-123.0322294,06,41884,G4020,San Francisco,San Francisco County,06,2024-06-21,76.61441342125065,1718928000000,"{""type"":""MultiPoint"",""coordinates"":[]}"
903_00000000000000000021,1857233047,225282636,41860,H1,013,01675903,488,A,06013,+37.9194790,-121.9515431,06,36084,G4020,Contra Costa,Contra Costa County,06,2024-06-22,58.68225355004169,1719014400000,"{""type"":""MultiPoint"",""coordinates"":[]}"
903_00000000000000000023,1909598013,216923745,41860,H1,001,01675839,488,A,06001,+37.6471385,-121.9124880,06,36084,G4020,Alameda,Alameda County,06,2024-06-22,52.437144557282785,1719014400000,"{""type"":""MultiPoint"",""coordinates"":[]}"
903_0000000000000000001f,121375681,479216672,41860,H6,075,00277302,488,C,06075,+37.7272391,-123.0322294,06,41884,G4020,San Francisco,San Francisco County,06,2024-06-22,73.14115488715649,1719014400000,"{""type"":""MultiPoint"",""coordinates"":[]}"
904_00000000000000000021,1857233047,225282636,41860,H1,013,01675903,488,A,06013,+37.9194790,-121.9515431,06,36084,G4020,Contra Costa,Contra Costa County,06,2024-06-23,51.25692729818936,1719100800000,"{""type"":""MultiPoint"",""coordinates"":[]}"
904_00000000000000000023,1909598013,216923745,41860,H1,001,01675839,488,A,06001,+37.6471385,-121.9124880,06,36084,G4020,Alameda,Alameda County,06,2024-06-23,46.44053355787899,1719100800000,"{""type"":""MultiPoint"",""coordinates"":[]}"
904_0000000000000000001f,121375681,479216672,41860,H6,075,00277302,488,C,06075,+37.7272391,-123.0322294,06,41884,G4020,San Francisco,San Francisco County,06,2024-06-23,66.48464718075637,1719100800000,"{""type"":""MultiPoint"",""coordinates"":[]}"
905_00000000000000000021,1857233047,225282636,41860,H1,013,01675903,488,A,06013,+37.9194790,-121.9515431,06,36084,G4020,Contra Costa,Contra Costa County,06,2024-06-24,51.826341489531394,1719187200000,"{""type"":""MultiPoint"",""coordinates"":[]}"
905_00000000000000000023,1909598013,216923745,41860,H1,001,01675839,488,A,06001,+37.6471385,-121.9124880,06,36084,G4020,Alameda,Alameda County,06,2024-06-24,46.90048606820019,1719187200000,"{""type"":""MultiPoint"",""coordinates"":[]}"
905_0000000000000000001f,121375681,479216672,41860,H6,075,00277302,488,C,06075,+37.7272391,-123.0322294,06,41884,G4020,San Francisco,San Francisco County,06,2024-06-24,68.1081281677176,1719187200000,"{""type"":""MultiPoint"",""coordinates"":[]}"
906_00000000000000000021,1857233047,225282636,41860,H1,013,01675903,488,A,06013,+37.9194790,-121.9515431,06,36084,G4020,Contra Costa,Contra Costa County,06,2024-06-25,47.5450994322641,1719273600000,"{""type"":""MultiPoint"",""coordinates"":[]}"
906_00000000000000000023,1909598013,216923745,41860,H1,001,01675839,488,A,06001,+37.6471385,-121.9124880,06,36084,G4020,Alameda,Alameda County,06,2024-06-25,41.42637866014862,1719273600000,"{""type"":""MultiPoint"",""coordinates"":[]}"
906_0000000000000000001f,121375681,479216672,41860,H6,075,00277302,488,C,06075,+37.7272391,-123.0322294,06,41884,G4020,San Francisco,San Francisco County,06,2024-06-25,68.6059630446622,1719273600000,"{""type"":""MultiPoint"",""coordinates"":[]}"
907_00000000000000000021,1857233047,225282636,41860,H1,013,01675903,488,A,06013,+37.9194790,-121.9515431,06,36084,G4020,Contra Costa,Contra Costa County,06,2024-06-26,52.86547549199794,1719360000000,"{""type"":""MultiPoint"",""coordinates"":[]}"
907_00000000000000000023,1909598013,216923745,41860,H1,001,01675839,488,A,06001,+37.6471385,-121.9124880,06,36084,G4020,Alameda,Alameda County,06,2024-06-26,48.32524552611266,1719360000000,"{""type"":""MultiPoint"",""coordinates"":[]}"
907_0000000000000000001f,121375681,479216672,41860,H6,075,00277302,488,C,06075,+37.7272391,-123.0322294,06,41884,G4020,San Francisco,San Francisco County,06,2024-06-26,72.42888938125016,1719360000000,"{""type"":""MultiPoint"",""coordinates"":[]}"
908_00000000000000000021,1857233047,225282636,41860,H1,013,01675903,488,A,06013,+37.9194790,-121.9515431,06,36084,G4020,Contra Costa,Contra Costa County,06,2024-06-27,54.292719067270546,1719446400000,"{""type"":""MultiPoint"",""coordinates"":[]}"
908_00000000000000000023,1909598013,216923745,41860,H1,001,01675839,488,A,06001,+37.6471385,-121.9124880,06,36084,G4020,Alameda,Alameda County,06,2024-06-27,52.58143824236777,1719446400000,"{""type"":""MultiPoint"",""coordinates"":[]}"
908_0000000000000000001f,121375681,479216672,41860,H6,075,00277302,488,C,06075,+37.7272391,-123.0322294,06,41884,G4020,San Francisco,San Francisco County,06,2024-06-27,66.57023819085147,1719446400000,"{""type"":""MultiPoint"",""coordinates"":[]}"
909_00000000000000000021,1857233047,225282636,41860,H1,013,01675903,488,A,06013,+37.9194790,-121.9515431,06,36084,G4020,Contra Costa,Contra Costa County,06,2024-06-28,53.358351866805776,1719532800000,"{""type"":""MultiPoint"",""coordinates"":[]}"
909_00000000000000000023,1909598013,216923745,41860,H1,001,01675839,488,A,06001,+37.6471385,-121.9124880,06,36084,G4020,Alameda,Alameda County,06,2024-06-28,51.982275506145704,1719532800000,"{""type"":""MultiPoint"",""coordinates"":[]}"
909_0000000000000000001f,121375681,479216672,41860,H6,075,00277302,488,C,06075,+37.7272391,-123.0322294,06,41884,G4020,San Francisco,San Francisco County,06,2024-06-28,66.63106238247248,1719532800000,"{""type"":""MultiPoint"",""coordinates"":[]}"
910_00000000000000000021,1857233047,225282636,41860,H1,013,01675903,488,A,06013,+37.9194790,-121.9515431,06,36084,G4020,Contra Costa,Contra Costa County,06,2024-06-29,53.6553488257251,1719619200000,"{""type"":""MultiPoint"",""coordinates"":[]}"
910_00000000000000000023,1909598013,216923745,41860,H1,001,01675839,488,A,06001,+37.6471385,-121.9124880,06,36084,G4020,Alameda,Alameda County,06,2024-06-29,51.01259169891222,1719619200000,"{""type"":""MultiPoint"",""coordinates"":[]}"
910_0000000000000000001f,121375681,479216672,41860,H6,075,00277302,488,C,06075,+37.7272391,-123.0322294,06,41884,G4020,San Francisco,San Francisco County,06,2024-06-29,67.25504871539356,1719619200000,"{""type"":""MultiPoint"",""coordinates"":[]}"
911_00000000000000000021,1857233047,225282636,41860,H1,013,01675903,488,A,06013,+37.9194790,-121.9515431,06,36084,G4020,Contra Costa,Contra Costa County,06,2024-06-30,44.66485194520731,1719705600000,"{""type"":""MultiPoint"",""coordinates"":[]}"
911_00000000000000000023,1909598013,216923745,41860,H1,001,01675839,488,A,06001,+37.6471385,-121.9124880,06,36084,G4020,Alameda,Alameda County,06,2024-06-30,46.62996319037252,1719705600000,"{""type"":""MultiPoint"",""coordinates"":[]}"
911_0000000000000000001f,121375681,479216672,41860,H6,075,00277302,488,C,06075,+37.7272391,-123.0322294,06,41884,G4020,San Francisco,San Francisco County,06,2024-06-30,50.762401878550904,1719705600000,"{""type"":""MultiPoint"",""coordinates"":[]}"
912_00000000000000000021,1857233047,225282636,41860,H1,013,01675903,488,A,06013,+37.9194790,-121.9515431,06,36084,G4020,Contra Costa,Contra Costa County,06,2024-07-01,50.80835654059931,1719792000000,"{""type"":""MultiPoint"",""coordinates"":[]}"
912_00000000000000000023,1909598013,216923745,41860,H1,001,01675839,488,A,06001,+37.6471385,-121.9124880,06,36084,G4020,Alameda,Alameda County,06,2024-07-01,52.14778049827346,1719792000000,"{""type"":""MultiPoint"",""coordinates"":[]}"
912_0000000000000000001f,121375681,479216672,41860,H6,075,00277302,488,C,06075,+37.7272391,-123.0322294,06,41884,G4020,San Francisco,San Francisco County,06,2024-07-01,61.4415313254657,1719792000000,"{""type"":""MultiPoint"",""coordinates"":[]}"
913_00000000000000000021,1857233047,225282636,41860,H1,013,01675903,488,A,06013,+37.9194790,-121.9515431,06,36084,G4020,Contra Costa,Contra Costa County,06,2024-07-02,44.505397753502436,1719878400000,"{""type"":""MultiPoint"",""coordinates"":[]}"
913_00000000000000000023,1909598013,216923745,41860,H1,001,01675839,488,A,06001,+37.6471385,-121.9124880,06,36084,G4020,Alameda,Alameda County,06,2024-07-02,41.987557405861494,1719878400000,"{""type"":""MultiPoint"",""coordinates"":[]}"
913_0000000000000000001f,121375681,479216672,41860,H6,075,00277302,488,C,06075,+37.7272391,-123.0322294,06,41884,G4020,San Francisco,San Francisco County,06,2024-07-02,60.086170801300774,1719878400000,"{""type"":""MultiPoint"",""coordinates"":[]}"
914_00000000000000000021,1857233047,225282636,41860,H1,013,01675903,488,A,06013,+37.9194790,-121.9515431,06,36084,G4020,Contra Costa,Contra Costa County,06,2024-07-03,37.26338369145999,1719964800000,"{""type"":""MultiPoint"",""coordinates"":[]}"
914_00000000000000000023,1909598013,216923745,41860,H1,001,01675839,488,A,06001,+37.6471385,-121.9124880,06,36084,G4020,Alameda,Alameda County,06,2024-07-03,32.147584121775886,1719964800000,"{""type"":""MultiPoint"",""coordinates"":[]}"
914_0000000000000000001f,121375681,479216672,41860,H6,075,00277302,488,C,06075,+37.7272391,-123.0322294,06,41884,G4020,San Francisco,San Francisco County,06,2024-07-03,54.351689518946905,1719964800000,"{""type"":""MultiPoint"",""coordinates"":[]}"
915_00000000000000000021,1857233047,225282636,41860,H1,013,01675903,488,A,06013,+37.9194790,-121.9515431,06,36084,G4020,Contra Costa,Contra Costa County,06,2024-07-04,41.251380075433765,1720051200000,"{""type"":""MultiPoint"",""coordinates"":[]}"
915_00000000000000000023,1909598013,216923745,41860,H1,001,01675839,488,A,06001,+37.6471385,-121.9124880,06,36084,G4020,Alameda,Alameda County,06,2024-07-04,40.09296626539791,1720051200000,"{""type"":""MultiPoint"",""coordinates"":[]}"
915_0000000000000000001f,121375681,479216672,41860,H6,075,00277302,488,C,06075,+37.7272391,-123.0322294,06,41884,G4020,San Francisco,San Francisco County,06,2024-07-04,56.39012449142291,1720051200000,"{""type"":""MultiPoint"",""coordinates"":[]}"
916_00000000000000000021,1857233047,225282636,41860,H1,013,01675903,488,A,06013,+37.9194790,-121.9515431,06,36084,G4020,Contra Costa,Contra Costa County,06,2024-07-05,47.36083580886778,1720137600000,"{""type"":""MultiPoint"",""coordinates"":[]}"
916_00000000000000000023,1909598013,216923745,41860,H1,001,01675839,488,A,06001,+37.6471385,-121.9124880,06,36084,G4020,Alameda,Alameda County,06,2024-07-05,43.95322183607716,1720137600000,"{""type"":""MultiPoint"",""coordinates"":[]}"
916_0000000000000000001f,121375681,479216672,41860,H6,075,00277302,488,C,06075,+37.7272391,-123.0322294,06,41884,G4020,San Francisco,San Francisco County,06,2024-07-05,66.04419708030288,1720137600000,"{""type"":""MultiPoint"",""coordinates"":[]}"
917_00000000000000000021,1857233047,225282636,41860,H1,013,01675903,488,A,06013,+37.9194790,-121.9515431,06,36084,G4020,Contra Costa,Contra Costa County,06,2024-07-06,47.898397177699906,1720224000000,"{""type"":""MultiPoint"",""coordinates"":[]}"
917_00000000000000000023,1909598013,216923745,41860,H1,001,01675839,488,A,06001,+37.6471385,-121.9124880,06,36084,G4020,Alameda,Alameda County,06,2024-07-06,43.5237542008537,1720224000000,"{""type"":""MultiPoint"",""coordinates"":[]}"
917_0000000000000000001f,121375681,479216672,41860,H6,075,00277302,488,C,06075,+37.7272391,-123.0322294,06,41884,G4020,San Francisco,San Francisco County,06,2024-07-06,65.22270608742174,1720224000000,"{""type"":""MultiPoint"",""coordinates"":[]}"
918_00000000000000000021,1857233047,225282636,41860,H1,013,01675903,488,A,06013,+37.9194790,-121.9515431,06,36084,G4020,Contra Costa,Contra Costa County,06,2024-07-07,53.006279166990794,1720310400000,"{""type"":""MultiPoint"",""coordinates"":[]}"
918_00000000000000000023,1909598013,216923745,41860,H1,001,01675839,488,A,06001,+37.6471385,-121.9124880,06,36084,G4020,Alameda,Alameda County,06,2024-07-07,48.55662615118266,1720310400000,"{""type"":""MultiPoint"",""coordinates"":[]}"
918_0000000000000000001f,121375681,479216672,41860,H6,075,00277302,488,C,06075,+37.7272391,-123.0322294,06,41884,G4020,San Francisco,San Francisco County,06,2024-07-07,69.83376110579843,1720310400000,"{""type"":""MultiPoint"",""coordinates"":[]}"
919_00000000000000000021,1857233047,225282636,41860,H1,013,01675903,488,A,06013,+37.9194790,-121.9515431,06,36084,G4020,Contra Costa,Contra Costa County,06,2024-07-08,59.06913781737779,1720396800000,"{""type"":""MultiPoint"",""coordinates"":[]}"
919_00000000000000000023,1909598013,216923745,41860,H1,001,01675839,488,A,06001,+37.6471385,-121.9124880,06,36084,G4020,Alameda,Alameda County,06,2024-07-08,50.56985494890675,1720396800000,"{""type"":""MultiPoint"",""coordinates"":[]}"
919_0000000000000000001f,121375681,479216672,41860,H6,075,00277302,488,C,06075,+37.7272391,-123.0322294,06,41884,G4020,San Francisco,San Francisco County,06,2024-07-08,73.5266337578714,1720396800000,"{""type"":""MultiPoint"",""coordinates"":[]}"
920_00000000000000000021,1857233047,225282636,41860,H1,013,01675903,488,A,06013,+37.9194790,-121.9515431,06,36084,G4020,Contra Costa,Contra Costa County,06,2024-07-09,62.164930125804226,1720483200000,"{""type"":""MultiPoint"",""coordinates"":[]}"
920_00000000000000000023,1909598013,216923745,41860,H1,001,01675839,488,A,06001,+37.6471385,-121.9124880,06,36084,G4020,Alameda,Alameda County,06,2024-07-09,55.0437057818413,1720483200000,"{""type"":""MultiPoint"",""coordinates"":[]}"
920_0000000000000000001f,121375681,479216672,41860,H6,075,00277302,488,C,06075,+37.7272391,-123.0322294,06,41884,G4020,San Francisco,San Francisco County,06,2024-07-09,77.22734713866822,1720483200000,"{""type"":""MultiPoint"",""coordinates"":[]}"
921_00000000000000000021,1857233047,225282636,41860,H1,013,01675903,488,A,06013,+37.9194790,-121.9515431,06,36084,G4020,Contra Costa,Contra Costa County,06,2024-07-10,64.58231696010117,1720569600000,"{""type"":""MultiPoint"",""coordinates"":[]}"
921_00000000000000000023,1909598013,216923745,41860,H1,001,01675839,488,A,06001,+37.6471385,-121.9124880,06,36084,G4020,Alameda,Alameda County,06,2024-07-10,57.921832169837245,1720569600000,"{""type"":""MultiPoint"",""coordinates"":[]}"
921_0000000000000000001f,121375681,479216672,41860,H6,075,00277302,488,C,06075,+37.7272391,-123.0322294,06,41884,G4020,San Francisco,San Francisco County,06,2024-07-10,77.51332495531585,1720569600000,"{""type"":""MultiPoint"",""coordinates"":[]}"
922_00000000000000000021,1857233047,225282636,41860,H1,013,01675903,488,A,06013,+37.9194790,-121.9515431,06,36084,G4020,Contra Costa,Contra Costa County,06,2024-07-11,53.669415435884915,1720656000000,"{""type"":""MultiPoint"",""coordinates"":[]}"
922_00000000000000000023,1909598013,216923745,41860,H1,001,01675839,488,A,06001,+37.6471385,-121.9124880,06,36084,G4020,Alameda,Alameda County,06,2024-07-11,49.87898253864139,1720656000000,"{""type"":""MultiPoint"",""coordinates"":[]}"
922_0000000000000000001f,121375681,479216672,41860,H6,075,00277302,488,C,06075,+37.7272391,-123.0322294,06,41884,G4020,San Francisco,San Francisco County,06,2024-07-11,66.95362568940519,1720656000000,"{""type"":""MultiPoint"",""coordinates"":[]}"
923_00000000000000000021,1857233047,225282636,41860,H1,013,01675903,488,A,06013,+37.9194790,-121.9515431,06,36084,G4020,Contra Costa,Contra Costa County,06,2024-07-12,49.51061059503768,1720742400000,"{""type"":""MultiPoint"",""coordinates"":[]}"
923_00000000000000000023,1909598013,216923745,41860,H1,001,01675839,488,A,06001,+37.6471385,-121.9124880,06,36084,G4020,Alameda,Alameda County,06,2024-07-12,45.939431136426585,1720742400000,"{""type"":""MultiPoint"",""coordinates"":[]}"
923_0000000000000000001f,121375681,479216672,41860,H6,075,00277302,488,C,06075,+37.7272391,-123.0322294,06,41884,G4020,San Francisco,San Francisco County,06,2024-07-12,67.64455654142793,1720742400000,"{""type"":""MultiPoint"",""coordinates"":[]}"
924_00000000000000000021,1857233047,225282636,41860,H1,013,01675903,488,A,06013,+37.9194790,-121.9515431,06,36084,G4020,Contra Costa,Contra Costa County,06,2024-07-13,55.85960766227592,1720828800000,"{""type"":""MultiPoint"",""coordinates"":[]}"
924_00000000000000000023,1909598013,216923745,41860,H1,001,01675839,488,A,06001,+37.6471385,-121.9124880,06,36084,G4020,Alameda,Alameda County,06,2024-07-13,51.28410155818833,1720828800000,"{""type"":""MultiPoint"",""coordinates"":[]}"
924_0000000000000000001f,121375681,479216672,41860,H6,075,00277302,488,C,06075,+37.7272391,-123.0322294,06,41884,G4020,San Francisco,San Francisco County,06,2024-07-13,72.06261016348252,1720828800000,"{""type"":""MultiPoint"",""coordinates"":[]}"
925_00000000000000000021,1857233047,225282636,41860,H1,013,01675903,488,A,06013,+37.9194790,-121.9515431,06,36084,G4020,Contra Costa,Contra Costa County,06,2024-07-14,59.35732482041577,1720915200000,"{""type"":""MultiPoint"",""coordinates"":[]}"
925_00000000000000000023,1909598013,216923745,41860,H1,001,01675839,488,A,06001,+37.6471385,-121.9124880,06,36084,G4020,Alameda,Alameda County,06,2024-07-14,54.225640308427984,1720915200000,"{""type"":""MultiPoint"",""coordinates"":[]}"
925_0000000000000000001f,121375681,479216672,41860,H6,075,00277302,488,C,06075,+37.7272391,-123.0322294,06,41884,G4020,San Francisco,San Francisco County,06,2024-07-14,73.80152561560966,1720915200000,"{""type"":""MultiPoint"",""coordinates"":[]}"
926_00000000000000000021,1857233047,225282636,41860,H1,013,01675903,488,A,06013,+37.9194790,-121.9515431,06,36084,G4020,Contra Costa,Contra Costa County,06,2024-07-15,62.98902878020424,1721001600000,"{""type"":""MultiPoint"",""coordinates"":[]}"
926_00000000000000000023,1909598013,216923745,41860,H1,001,01675839,488,A,06001,+37.6471385,-121.9124880,06,36084,G4020,Alameda,Alameda County,06,2024-07-15,61.87973926740737,1721001600000,"{""type"":""MultiPoint"",""coordinates"":[]}"
926_0000000000000000001f,121375681,479216672,41860,H6,075,00277302,488,C,06075,+37.7272391,-123.0322294,06,41884,G4020,San Francisco,San Francisco County,06,2024-07-15,73.83280105961487,1721001600000,"{""type"":""MultiPoint"",""coordinates"":[]}"
927_00000000000000000021,1857233047,225282636,41860,H1,013,01675903,488,A,06013,+37.9194790,-121.9515431,06,36084,G4020,Contra Costa,Contra Costa County,06,2024-07-16,60.61088299987408,1721088000000,"{""type"":""MultiPoint"",""coordinates"":[]}"
927_00000000000000000023,1909598013,216923745,41860,H1,001,01675839,488,A,06001,+37.6471385,-121.9124880,06,36084,G4020,Alameda,Alameda County,06,2024-07-16,60.42100363769704,1721088000000,"{""type"":""MultiPoint"",""coordinates"":[]}"
927_0000000000000000001f,121375681,479216672,41860,H6,075,00277302,488,C,06075,+37.7272391,-123.0322294,06,41884,G4020,San Francisco,San Francisco County,06,2024-07-16,70.70923263186862,1721088000000,"{""type"":""MultiPoint"",""coordinates"":[]}"
928_00000000000000000021,1857233047,225282636,41860,H1,013,01675903,488,A,06013,+37.9194790,-121.9515431,06,36084,G4020,Contra Costa,Contra Costa County,06,2024-07-17,62.51502585036824,1721174400000,"{""type"":""MultiPoint"",""coordinates"":[]}"
928_00000000000000000023,1909598013,216923745,41860,H1,001,01675839,488,A,06001,+37.6471385,-121.9124880,06,36084,G4020,Alameda,Alameda County,06,2024-07-17,60.44591086266401,1721174400000,"{""type"":""MultiPoint"",""coordinates"":[]}"
928_0000000000000000001f,121375681,479216672,41860,H6,075,00277302,488,C,06075,+37.7272391,-123.0322294,06,41884,G4020,San Francisco,San Francisco County,06,2024-07-17,71.28266361453323,1721174400000,"{""type"":""MultiPoint"",""coordinates"":[]}"
929_00000000000000000021,1857233047,225282636,41860,H1,013,01675903,488,A,06013,+37.9194790,-121.9515431,06,36084,G4020,Contra Costa,Contra Costa County,06,2024-07-18,58.474356341873815,1721260800000,"{""type"":""MultiPoint"",""coordinates"":[]}"
929_00000000000000000023,1909598013,216923745,41860,H1,001,01675839,488,A,06001,+37.6471385,-121.9124880,06,36084,G4020,Alameda,Alameda County,06,2024-07-18,55.26471867292165,1721260800000,"{""type"":""MultiPoint"",""coordinates"":[]}"
929_0000000000000000001f,121375681,479216672,41860,H6,075,00277302,488,C,06075,+37.7272391,-123.0322294,06,41884,G4020,San Francisco,San Francisco County,06,2024-07-18,70.84542894263777,1721260800000,"{""type"":""MultiPoint"",""coordinates"":[]}"
930_00000000000000000021,1857233047,225282636,41860,H1,013,01675903,488,A,06013,+37.9194790,-121.9515431,06,36084,G4020,Contra Costa,Contra Costa County,06,2024-07-19,48.44244056958403,1721347200000,"{""type"":""MultiPoint"",""coordinates"":[]}"
930_00000000000000000023,1909598013,216923745,41860,H1,001,01675839,488,A,06001,+37.6471385,-121.9124880,06,36084,G4020,Alameda,Alameda County,06,2024-07-19,45.94288191999111,1721347200000,"{""type"":""MultiPoint"",""coordinates"":[]}"
930_0000000000000000001f,121375681,479216672,41860,H6,075,00277302,488,C,06075,+37.7272391,-123.0322294,06,41884,G4020,San Francisco,San Francisco County,06,2024-07-19,61.50682542666739,1721347200000,"{""type"":""MultiPoint"",""coordinates"":[]}"
931_00000000000000000021,1857233047,225282636,41860,H1,013,01675903,488,A,06013,+37.9194790,-121.9515431,06,36084,G4020,Contra Costa,Contra Costa County,06,2024-07-20,46.514613996196076,1721433600000,"{""type"":""MultiPoint"",""coordinates"":[]}"
931_00000000000000000023,1909598013,216923745,41860,H1,001,01675839,488,A,06001,+37.6471385,-121.9124880,06,36084,G4020,Alameda,Alameda County,06,2024-07-20,44.985702197753376,1721433600000,"{""type"":""MultiPoint"",""coordinates"":[]}"
931_0000000000000000001f,121375681,479216672,41860,H6,075,00277302,488,C,06075,+37.7272391,-123.0322294,06,41884,G4020,San Francisco,San Francisco County,06,2024-07-20,61.315007638836946,1721433600000,"{""type"":""MultiPoint"",""coordinates"":[]}"
932_00000000000000000021,1857233047,225282636,41860,H1,013,01675903,488,A,06013,+37.9194790,-121.9515431,06,36084,G4020,Contra Costa,Contra Costa County,06,2024-07-21,58.79993223846945,1721520000000,"{""type"":""MultiPoint"",""coordinates"":[]}"
932_00000000000000000023,1909598013,216923745,41860,H1,001,01675839,488,A,06001,+37.6471385,-121.9124880,06,36084,G4020,Alameda,Alameda County,06,2024-07-21,58.140435109961416,1721520000000,"{""type"":""MultiPoint"",""coordinates"":[]}"
932_0000000000000000001f,121375681,479216672,41860,H6,075,00277302,488,C,06075,+37.7272391,-123.0322294,06,41884,G4020,San Francisco,San Francisco County,06,2024-07-21,71.45664191890367,1721520000000,"{""type"":""MultiPoint"",""coordinates"":[]}"
933_00000000000000000021,1857233047,225282636,41860,H1,013,01675903,488,A,06013,+37.9194790,-121.9515431,06,36084,G4020,Contra Costa,Contra Costa County,06,2024-07-22,58.56684351519218,1721606400000,"{""type"":""MultiPoint"",""coordinates"":[]}"
933_00000000000000000023,1909598013,216923745,41860,H1,001,01675839,488,A,06001,+37.6471385,-121.9124880,06,36084,G4020,Alameda,Alameda County,06,2024-07-22,52.13877834318773,1721606400000,"{""type"":""MultiPoint"",""coordinates"":[]}"
933_0000000000000000001f,121375681,479216672,41860,H6,075,00277302,488,C,06075,+37.7272391,-123.0322294,06,41884,G4020,San Francisco,San Francisco County,06,2024-07-22,73.29546790467735,1721606400000,"{""type"":""MultiPoint"",""coordinates"":[]}"
934_00000000000000000021,1857233047,225282636,41860,H1,013,01675903,488,A,06013,+37.9194790,-121.9515431,06,36084,G4020,Contra Costa,Contra Costa County,06,2024-07-23,48.84295621944165,1721692800000,"{""type"":""MultiPoint"",""coordinates"":[]}"
934_00000000000000000023,1909598013,216923745,41860,H1,001,01675839,488,A,06001,+37.6471385,-121.9124880,06,36084,G4020,Alameda,Alameda County,06,2024-07-23,45.07473109425484,1721692800000,"{""type"":""MultiPoint"",""coordinates"":[]}"
934_0000000000000000001f,121375681,479216672,41860,H6,075,00277302,488,C,06075,+37.7272391,-123.0322294,06,41884,G4020,San Francisco,San Francisco County,06,2024-07-23,62.62942421222073,1721692800000,"{""type"":""MultiPoint"",""coordinates"":[]}"
935_00000000000000000021,1857233047,225282636,41860,H1,013,01675903,488,A,06013,+37.9194790,-121.9515431,06,36084,G4020,Contra Costa,Contra Costa County,06,2024-07-24,40.80051378747617,1721779200000,"{""type"":""MultiPoint"",""coordinates"":[]}"
935_00000000000000000023,1909598013,216923745,41860,H1,001,01675839,488,A,06001,+37.6471385,-121.9124880,06,36084,G4020,Alameda,Alameda County,06,2024-07-24,38.839540554855,1721779200000,"{""type"":""MultiPoint"",""coordinates"":[]}"
935_0000000000000000001f,121375681,479216672,41860,H6,075,00277302,488,C,06075,+37.7272391,-123.0322294,06,41884,G4020,San Francisco,San Francisco County,06,2024-07-24,57.623405143504925,1721779200000,"{""type"":""MultiPoint"",""coordinates"":[]}"
936_00000000000000000021,1857233047,225282636,41860,H1,013,01675903,488,A,06013,+37.9194790,-121.9515431,06,36084,G4020,Contra Costa,Contra Costa County,06,2024-07-25,46.49152951833573,1721865600000,"{""type"":""MultiPoint"",""coordinates"":[]}"
936_00000000000000000023,1909598013,216923745,41860,H1,001,01675839,488,A,06001,+37.6471385,-121.9124880,06,36084,G4020,Alameda,Alameda County,06,2024-07-25,42.390269956328204,1721865600000,"{""type"":""MultiPoint"",""coordinates"":[]}"
936_0000000000000000001f,121375681,479216672,41860,H6,075,00277302,488,C,06075,+37.7272391,-123.0322294,06,41884,G4020,San Francisco,San Francisco County,06,2024-07-25,67.39196940915582,1721865600000,"{""type"":""MultiPoint"",""coordinates"":[]}"
937_00000000000000000021,1857233047,225282636,41860,H1,013,01675903,488,A,06013,+37.9194790,-121.9515431,06,36084,G4020,Contra Costa,Contra Costa County,06,2024-07-26,48.94554894064186,1721952000000,"{""type"":""MultiPoint"",""coordinates"":[]}"
937_00000000000000000023,1909598013,216923745,41860,H1,001,01675839,488,A,06001,+37.6471385,-121.9124880,06,36084,G4020,Alameda,Alameda County,06,2024-07-26,45.215650566523664,1721952000000,"{""type"":""MultiPoint"",""coordinates"":[]}"
937_0000000000000000001f,121375681,479216672,41860,H6,075,00277302,488,C,06075,+37.7272391,-123.0322294,06,41884,G4020,San Francisco,San Francisco County,06,2024-07-26,69.86119149081848,1721952000000,"{""type"":""MultiPoint"",""coordinates"":[]}"
938_00000000000000000021,1857233047,225282636,41860,H1,013,01675903,488,A,06013,+37.9194790,-121.9515431,06,36084,G4020,Contra Costa,Contra Costa County,06,2024-07-27,63.796098539552254,1722038400000,"{""type"":""MultiPoint"",""coordinates"":[]}"
938_00000000000000000023,1909598013,216923745,41860,H1,001,01675839,488,A,06001,+37.6471385,-121.9124880,06,36084,G4020,Alameda,Alameda County,06,2024-07-27,60.19652661950124,1722038400000,"{""type"":""MultiPoint"",""coordinates"":[]}"
938_0000000000000000001f,121375681,479216672,41860,H6,075,00277302,488,C,06075,+37.7272391,-123.0322294,06,41884,G4020,San Francisco,San Francisco County,06,2024-07-27,76.90364489207127,1722038400000,"{""type"":""MultiPoint"",""coordinates"":[]}"
939_00000000000000000021,1857233047,225282636,41860,H1,013,01675903,488,A,06013,+37.9194790,-121.9515431,06,36084,G4020,Contra Costa,Contra Costa County,06,2024-07-28,68.36571275597701,1722124800000,"{""type"":""MultiPoint"",""coordinates"":[]}"
939_00000000000000000023,1909598013,216923745,41860,H1,001,01675839,488,A,06001,+37.6471385,-121.9124880,06,36084,G4020,Alameda,Alameda County,06,2024-07-28,64.19791505296809,1722124800000,"{""type"":""MultiPoint"",""coordinates"":[]}"
939_0000000000000000001f,121375681,479216672,41860,H6,075,00277302,488,C,06075,+37.7272391,-123.0322294,06,41884,G4020,San Francisco,San Francisco County,06,2024-07-28,78.35866880062811,1722124800000,"{""type"":""MultiPoint"",""coordinates"":[]}"
940_00000000000000000021,1857233047,225282636,41860,H1,013,01675903,488,A,06013,+37.9194790,-121.9515431,06,36084,G4020,Contra Costa,Contra Costa County,06,2024-07-29,66.33362911652924,1722211200000,"{""type"":""MultiPoint"",""coordinates"":[]}"
940_00000000000000000023,1909598013,216923745,41860,H1,001,01675839,488,A,06001,+37.6471385,-121.9124880,06,36084,G4020,Alameda,Alameda County,06,2024-07-29,65.24596995876408,1722211200000,"{""type"":""MultiPoint"",""coordinates"":[]}"
940_0000000000000000001f,121375681,479216672,41860,H6,075,00277302,488,C,06075,+37.7272391,-123.0322294,06,41884,G4020,San Francisco,San Francisco County,06,2024-07-29,76.74765138733619,1722211200000,"{""type"":""MultiPoint"",""coordinates"":[]}"
941_00000000000000000021,1857233047,225282636,41860,H1,013,01675903,488,A,06013,+37.9194790,-121.9515431,06,36084,G4020,Contra Costa,Contra Costa County,06,2024-07-30,70.23120964281274,1722297600000,"{""type"":""MultiPoint"",""coordinates"":[]}"
941_00000000000000000023,1909598013,216923745,41860,H1,001,01675839,488,A,06001,+37.6471385,-121.9124880,06,36084,G4020,Alameda,Alameda County,06,2024-07-30,69.3243418216795,1722297600000,"{""type"":""MultiPoint"",""coordinates"":[]}"
941_0000000000000000001f,121375681,479216672,41860,H6,075,00277302,488,C,06075,+37.7272391,-123.0322294,06,41884,G4020,San Francisco,San Francisco County,06,2024-07-30,81.77194623009068,1722297600000,"{""type"":""MultiPoint"",""coordinates"":[]}"
942_00000000000000000021,1857233047,225282636,41860,H1,013,01675903,488,A,06013,+37.9194790,-121.9515431,06,36084,G4020,Contra Costa,Contra Costa County,06,2024-07-31,67.77849252399724,1722384000000,"{""type"":""MultiPoint"",""coordinates"":[]}"
942_00000000000000000023,1909598013,216923745,41860,H1,001,01675839,488,A,06001,+37.6471385,-121.9124880,06,36084,G4020,Alameda,Alameda County,06,2024-07-31,65.10114990357897,1722384000000,"{""type"":""MultiPoint"",""coordinates"":[]}"
942_0000000000000000001f,121375681,479216672,41860,H6,075,00277302,488,C,06075,+37.7272391,-123.0322294,06,41884,G4020,San Francisco,San Francisco County,06,2024-07-31,79.17331380451701,1722384000000,"{""type"":""MultiPoint"",""coordinates"":[]}"
943_00000000000000000021,1857233047,225282636,41860,H1,013,01675903,488,A,06013,+37.9194790,-121.9515431,06,36084,G4020,Contra Costa,Contra Costa County,06,2024-08-01,62.59270696286529,1722470400000,"{""type"":""MultiPoint"",""coordinates"":[]}"
943_00000000000000000023,1909598013,216923745,41860,H1,001,01675839,488,A,06001,+37.6471385,-121.9124880,06,36084,G4020,Alameda,Alameda County,06,2024-08-01,58.8272997232487,1722470400000,"{""type"":""MultiPoint"",""coordinates"":[]}"
943_0000000000000000001f,121375681,479216672,41860,H6,075,00277302,488,C,06075,+37.7272391,-123.0322294,06,41884,G4020,San Francisco,San Francisco County,06,2024-08-01,78.2866478640379,1722470400000,"{""type"":""MultiPoint"",""coordinates"":[]}"
944_00000000000000000021,1857233047,225282636,41860,H1,013,01675903,488,A,06013,+37.9194790,-121.9515431,06,36084,G4020,Contra Costa,Contra Costa County,06,2024-08-02,58.52183208054709,1722556800000,"{""type"":""MultiPoint"",""coordinates"":[]}"
944_00000000000000000023,1909598013,216923745,41860,H1,001,01675839,488,A,06001,+37.6471385,-121.9124880,06,36084,G4020,Alameda,Alameda County,06,2024-08-02,55.56443302595949,1722556800000,"{""type"":""MultiPoint"",""coordinates"":[]}"
944_0000000000000000001f,121375681,479216672,41860,H6,075,00277302,488,C,06075,+37.7272391,-123.0322294,06,41884,G4020,San Francisco,San Francisco County,06,2024-08-02,77.58642958546234,1722556800000,"{""type"":""MultiPoint"",""coordinates"":[]}"
945_00000000000000000021,1857233047,225282636,41860,H1,013,01675903,488,A,06013,+37.9194790,-121.9515431,06,36084,G4020,Contra Costa,Contra Costa County,06,2024-08-03,54.83878694634862,1722643200000,"{""type"":""MultiPoint"",""coordinates"":[]}"
945_00000000000000000023,1909598013,216923745,41860,H1,001,01675839,488,A,06001,+37.6471385,-121.9124880,06,36084,G4020,Alameda,Alameda County,06,2024-08-03,54.100279807595314,1722643200000,"{""type"":""MultiPoint"",""coordinates"":[]}"
945_0000000000000000001f,121375681,479216672,41860,H6,075,00277302,488,C,06075,+37.7272391,-123.0322294,06,41884,G4020,San Francisco,San Francisco County,06,2024-08-03,72.79546556364588,1722643200000,"{""type"":""MultiPoint"",""coordinates"":[]}"
946_00000000000000000021,1857233047,225282636,41860,H1,013,01675903,488,A,06013,+37.9194790,-121.9515431,06,36084,G4020,Contra Costa,Contra Costa County,06,2024-08-04,59.37998399951926,1722729600000,"{""type"":""MultiPoint"",""coordinates"":[]}"
946_00000000000000000023,1909598013,216923745,41860,H1,001,01675839,488,A,06001,+37.6471385,-121.9124880,06,36084,G4020,Alameda,Alameda County,06,2024-08-04,56.03844785622037,1722729600000,"{""type"":""MultiPoint"",""coordinates"":[]}"
946_0000000000000000001f,121375681,479216672,41860,H6,075,00277302,488,C,06075,+37.7272391,-123.0322294,06,41884,G4020,San Francisco,San Francisco County,06,2024-08-04,78.31785641316532,1722729600000,"{""type"":""MultiPoint"",""coordinates"":[]}"
947_00000000000000000021,1857233047,225282636,41860,H1,013,01675903,488,A,06013,+37.9194790,-121.9515431,06,36084,G4020,Contra Costa,Contra Costa County,06,2024-08-05,63.59697784219613,1722816000000,"{""type"":""MultiPoint"",""coordinates"":[]}"
947_00000000000000000023,1909598013,216923745,41860,H1,001,01675839,488,A,06001,+37.6471385,-121.9124880,06,36084,G4020,Alameda,Alameda County,06,2024-08-05,58.92979220566287,1722816000000,"{""type"":""MultiPoint"",""coordinates"":[]}"
947_0000000000000000001f,121375681,479216672,41860,H6,075,00277302,488,C,06075,+37.7272391,-123.0322294,06,41884,G4020,San Francisco,San Francisco County,06,2024-08-05,78.49227280890848,1722816000000,"{""type"":""MultiPoint"",""coordinates"":[]}"
948_00000000000000000021,1857233047,225282636,41860,H1,013,01675903,488,A,06013,+37.9194790,-121.9515431,06,36084,G4020,Contra Costa,Contra Costa County,06,2024-08-06,59.28592278478681,1722902400000,"{""type"":""MultiPoint"",""coordinates"":[]}"
948_00000000000000000023,1909598013,216923745,41860,H1,001,01675839,488,A,06001,+37.6471385,-121.9124880,06,36084,G4020,Alameda,Alameda County,06,2024-08-06,51.533824768035814,1722902400000,"{""type"":""MultiPoint"",""coordinates"":[]}"
948_0000000000000000001f,121375681,479216672,41860,H6,075,00277302,488,C,06075,+37.7272391,-123.0322294,06,41884,G4020,San Francisco,San Francisco County,06,2024-08-06,73.78358109271257,1722902400000,"{""type"":""MultiPoint"",""coordinates"":[]}"
949_00000000000000000021,1857233047,225282636,41860,H1,013,01675903,488,A,06013,+37.9194790,-121.9515431,06,36084,G4020,Contra Costa,Contra Costa County,06,2024-08-07,51.81791920511445,1722988800000,"{""type"":""MultiPoint"",""coordinates"":[]}"
949_00000000000000000023,1909598013,216923745,41860,H1,001,01675839,488,A,06001,+37.6471385,-121.9124880,06,36084,G4020,Alameda,Alameda County,06,2024-08-07,45.35760138906563,1722988800000,"{""type"":""MultiPoint"",""coordinates"":[]}"
949_0000000000000000001f,121375681,479216672,41860,H6,075,00277302,488,C,06075,+37.7272391,-123.0322294,06,41884,G4020,San Francisco,San Francisco County,06,2024-08-07,69.90465809378934,1722988800000,"{""type"":""MultiPoint"",""coordinates"":[]}"
950_00000000000000000021,1857233047,225282636,41860,H1,013,01675903,488,A,06013,+37.9194790,-121.9515431,06,36084,G4020,Contra Costa,Contra Costa County,06,2024-08-08,58.59978930630569,1723075200000,"{""type"":""MultiPoint"",""coordinates"":[]}"
950_00000000000000000023,1909598013,216923745,41860,H1,001,01675839,488,A,06001,+37.6471385,-121.9124880,06,36084,G4020,Alameda,Alameda County,06,2024-08-08,49.83495158442801,1723075200000,"{""type"":""MultiPoint"",""coordinates"":[]}"
950_0000000000000000001f,121375681,479216672,41860,H6,075,00277302,488,C,06075,+37.7272391,-123.0322294,06,41884,G4020,San Francisco,San Francisco County,06,2024-08-08,78.12862272782569,1723075200000,"{""type"":""MultiPoint"",""coordinates"":[]}"
951_00000000000000000021,1857233047,225282636,41860,H1,013,01675903,488,A,06013,+37.9194790,-121.9515431,06,36084,G4020,Contra Costa,Contra Costa County,06,2024-08-09,61.605595557053164,1723161600000,"{""type"":""MultiPoint"",""coordinates"":[]}"
951_00000000000000000023,1909598013,216923745,41860,H1,001,01675839,488,A,06001,+37.6471385,-121.9124880,06,36084,G4020,Alameda,Alameda County,06,2024-08-09,54.164215164286695,1723161600000,"{""type"":""MultiPoint"",""coordinates"":[]}"
951_0000000000000000001f,121375681,479216672,41860,H6,075,00277302,488,C,06075,+37.7272391,-123.0322294,06,41884,G4020,San Francisco,San Francisco County,06,2024-08-09,80.10512847595183,1723161600000,"{""type"":""MultiPoint"",""coordinates"":[]}"
952_00000000000000000021,1857233047,225282636,41860,H1,013,01675903,488,A,06013,+37.9194790,-121.9515431,06,36084,G4020,Contra Costa,Contra Costa County,06,2024-08-10,60.49859887023038,1723248000000,"{""type"":""MultiPoint"",""coordinates"":[]}"
952_00000000000000000023,1909598013,216923745,41860,H1,001,01675839,488,A,06001,+37.6471385,-121.9124880,06,36084,G4020,Alameda,Alameda County,06,2024-08-10,52.5706758125882,1723248000000,"{""type"":""MultiPoint"",""coordinates"":[]}"
952_0000000000000000001f,121375681,479216672,41860,H6,075,00277302,488,C,06075,+37.7272391,-123.0322294,06,41884,G4020,San Francisco,San Francisco County,06,2024-08-10,76.64631423828544,1723248000000,"{""type"":""MultiPoint"",""coordinates"":[]}"
953_00000000000000000021,1857233047,225282636,41860,H1,013,01675903,488,A,06013,+37.9194790,-121.9515431,06,36084,G4020,Contra Costa,Contra Costa County,06,2024-08-11,60.289084333971175,1723334400000,"{""type"":""MultiPoint"",""coordinates"":[]}"
953_00000000000000000023,1909598013,216923745,41860,H1,001,01675839,488,A,06001,+37.6471385,-121.9124880,06,36084,G4020,Alameda,Alameda County,06,2024-08-11,55.675676558720056,1723334400000,"{""type"":""MultiPoint"",""coordinates"":[]}"
953_0000000000000000001f,121375681,479216672,41860,H6,075,00277302,488,C,06075,+37.7272391,-123.0322294,06,41884,G4020,San Francisco,San Francisco County,06,2024-08-11,77.08324200961553,1723334400000,"{""type"":""MultiPoint"",""coordinates"":[]}"
954_00000000000000000021,1857233047,225282636,41860,H1,013,01675903,488,A,06013,+37.9194790,-121.9515431,06,36084,G4020,Contra Costa,Contra Costa County,06,2024-08-12,65.7930731144248,1723420800000,"{""type"":""MultiPoint"",""coordinates"":[]}"
954_00000000000000000023,1909598013,216923745,41860,H1,001,01675839,488,A,06001,+37.6471385,-121.9124880,06,36084,G4020,Alameda,Alameda County,06,2024-08-12,62.19551048655115,1723420800000,"{""type"":""MultiPoint"",""coordinates"":[]}"
954_0000000000000000001f,121375681,479216672,41860,H6,075,00277302,488,C,06075,+37.7272391,-123.0322294,06,41884,G4020,San Francisco,San Francisco County,06,2024-08-12,78.88181419811545,1723420800000,"{""type"":""MultiPoint"",""coordinates"":[]}"
955_00000000000000000021,1857233047,225282636,41860,H1,013,01675903,488,A,06013,+37.9194790,-121.9515431,06,36084,G4020,Contra Costa,Contra Costa County,06,2024-08-13,56.093286510120315,1723507200000,"{""type"":""MultiPoint"",""coordinates"":[]}"
955_00000000000000000023,1909598013,216923745,41860,H1,001,01675839,488,A,06001,+37.6471385,-121.9124880,06,36084,G4020,Alameda,Alameda County,06,2024-08-13,52.87901528152756,1723507200000,"{""type"":""MultiPoint"",""coordinates"":[]}"
955_0000000000000000001f,121375681,479216672,41860,H6,075,00277302,488,C,06075,+37.7272391,-123.0322294,06,41884,G4020,San Francisco,San Francisco County,06,2024-08-13,67.20943107242134,1723507200000,"{""type"":""MultiPoint"",""coordinates"":[]}"
956_00000000000000000021,1857233047,225282636,41860,H1,013,01675903,488,A,06013,+37.9194790,-121.9515431,06,36084,G4020,Contra Costa,Contra Costa County,06,2024-08-14,54.63152744638477,1723593600000,"{""type"":""MultiPoint"",""coordinates"":[]}"
956_00000000000000000023,1909598013,216923745,41860,H1,001,01675839,488,A,06001,+37.6471385,-121.9124880,06,36084,G4020,Alameda,Alameda County,06,2024-08-14,53.73106392803997,1723593600000,"{""type"":""MultiPoint"",""coordinates"":[]}"
956_0000000000000000001f,121375681,479216672,41860,H6,075,00277302,488,C,06075,+37.7272391,-123.0322294,06,41884,G4020,San Francisco,San Francisco County,06,2024-08-14,68.50792466406587,1723593600000,"{""type"":""MultiPoint"",""coordinates"":[]}"
957_00000000000000000021,1857233047,225282636,41860,H1,013,01675903,488,A,06013,+37.9194790,-121.9515431,06,36084,G4020,Contra Costa,Contra Costa County,06,2024-08-15,52.83105112076874,1723680000000,"{""type"":""MultiPoint"",""coordinates"":[]}"
957_00000000000000000023,1909598013,216923745,41860,H1,001,01675839,488,A,06001,+37.6471385,-121.9124880,06,36084,G4020,Alameda,Alameda County,06,2024-08-15,53.8417338936081,1723680000000,"{""type"":""MultiPoint"",""coordinates"":[]}"
957_0000000000000000001f,121375681,479216672,41860,H6,075,00277302,488,C,06075,+37.7272391,-123.0322294,06,41884,G4020,San Francisco,San Francisco County,06,2024-08-15,65.08961254437257,1723680000000,"{""type"":""MultiPoint"",""coordinates"":[]}"
958_00000000000000000021,1857233047,225282636,41860,H1,013,01675903,488,A,06013,+37.9194790,-121.9515431,06,36084,G4020,Contra Costa,Contra Costa County,06,2024-08-16,55.90570242702483,1723766400000,"{""type"":""MultiPoint"",""coordinates"":[]}"
958_00000000000000000023,1909598013,216923745,41860,H1,001,01675839,488,A,06001,+37.6471385,-121.9124880,06,36084,G4020,Alameda,Alameda County,06,2024-08-16,57.15568169109908,1723766400000,"{""type"":""MultiPoint"",""coordinates"":[]}"
958_0000000000000000001f,121375681,479216672,41860,H6,075,00277302,488,C,06075,+37.7272391,-123.0322294,06,41884,G4020,San Francisco,San Francisco County,06,2024-08-16,65.45649152263448,1723766400000,"{""type"":""MultiPoint"",""coordinates"":[]}"
959_00000000000000000021,1857233047,225282636,41860,H1,013,01675903,488,A,06013,+37.9194790,-121.9515431,06,36084,G4020,Contra Costa,Contra Costa County,06,2024-08-17,62.82805139090702,1723852800000,"{""type"":""MultiPoint"",""coordinates"":[]}"
959_00000000000000000023,1909598013,216923745,41860,H1,001,01675839,488,A,06001,+37.6471385,-121.9124880,06,36084,G4020,Alameda,Alameda County,06,2024-08-17,64.49650910571795,1723852800000,"{""type"":""MultiPoint"",""coordinates"":[]}"
959_0000000000000000001f,121375681,479216672,41860,H6,075,00277302,488,C,06075,+37.7272391,-123.0322294,06,41884,G4020,San Francisco,San Francisco County,06,2024-08-17,75.17288974916764,1723852800000,"{""type"":""MultiPoint"",""coordinates"":[]}"
960_00000000000000000021,1857233047,225282636,41860,H1,013,01675903,488,A,06013,+37.9194790,-121.9515431,06,36084,G4020,Contra Costa,Contra Costa County,06,2024-08-18,67.3728815148868,1723939200000,"{""type"":""MultiPoint"",""coordinates"":[]}"
960_00000000000000000023,1909598013,216923745,41860,H1,001,01675839,488,A,06001,+37.6471385,-121.9124880,06,36084,G4020,Alameda,Alameda County,06,2024-08-18,68.35744067644251,1723939200000,"{""type"":""MultiPoint"",""coordinates"":[]}"
960_0000000000000000001f,121375681,479216672,41860,H6,075,00277302,488,C,06075,+37.7272391,-123.0322294,06,41884,G4020,San Francisco,San Francisco County,06,2024-08-18,77.91898747442251,1723939200000,"{""type"":""MultiPoint"",""coordinates"":[]}"
961_00000000000000000021,1857233047,225282636,41860,H1,013,01675903,488,A,06013,+37.9194790,-121.9515431,06,36084,G4020,Contra Costa,Contra Costa County,06,2024-08-19,54.69029281402203,1724025600000,"{""type"":""MultiPoint"",""coordinates"":[]}"
961_00000000000000000023,1909598013,216923745,41860,H1,001,01675839,488,A,06001,+37.6471385,-121.9124880,06,36084,G4020,Alameda,Alameda County,06,2024-08-19,54.86179654361557,1724025600000,"{""type"":""MultiPoint"",""coordinates"":[]}"
961_0000000000000000001f,121375681,479216672,41860,H6,075,00277302,488,C,06075,+37.7272391,-123.0322294,06,41884,G4020,San Francisco,San Francisco County,06,2024-08-19,69.53643189188807,1724025600000,"{""type"":""MultiPoint"",""coordinates"":[]}"
962_00000000000000000021,1857233047,225282636,41860,H1,013,01675903,488,A,06013,+37.9194790,-121.9515431,06,36084,G4020,Contra Costa,Contra Costa County,06,2024-08-20,46.86183451757044,1724112000000,"{""type"":""MultiPoint"",""coordinates"":[]}"
962_00000000000000000023,1909598013,216923745,41860,H1,001,01675839,488,A,06001,+37.6471385,-121.9124880,06,36084,G4020,Alameda,Alameda County,06,2024-08-20,46.208238298399344,1724112000000,"{""type"":""MultiPoint"",""coordinates"":[]}"
962_0000000000000000001f,121375681,479216672,41860,H6,075,00277302,488,C,06075,+37.7272391,-123.0322294,06,41884,G4020,San Francisco,San Francisco County,06,2024-08-20,59.72862015578213,1724112000000,"{""type"":""MultiPoint"",""coordinates"":[]}"
963_00000000000000000021,1857233047,225282636,41860,H1,013,01675903,488,A,06013,+37.9194790,-121.9515431,06,36084,G4020,Contra Costa,Contra Costa County,06,2024-08-21,52.35984992937202,1724198400000,"{""type"":""MultiPoint"",""coordinates"":[]}"
963_00000000000000000023,1909598013,216923745,41860,H1,001,01675839,488,A,06001,+37.6471385,-121.9124880,06,36084,G4020,Alameda,Alameda County,06,2024-08-21,52.55529936283657,1724198400000,"{""type"":""MultiPoint"",""coordinates"":[]}"
963_0000000000000000001f,121375681,479216672,41860,H6,075,00277302,488,C,06075,+37.7272391,-123.0322294,06,41884,G4020,San Francisco,San Francisco County,06,2024-08-21,67.91731025698891,1724198400000,"{""type"":""MultiPoint"",""coordinates"":[]}"
964_00000000000000000021,1857233047,225282636,41860,H1,013,01675903,488,A,06013,+37.9194790,-121.9515431,06,36084,G4020,Contra Costa,Contra Costa County,06,2024-08-22,67.93572566845324,1724284800000,"{""type"":""MultiPoint"",""coordinates"":[]}"
964_00000000000000000023,1909598013,216923745,41860,H1,001,01675839,488,A,06001,+37.6471385,-121.9124880,06,36084,G4020,Alameda,Alameda County,06,2024-08-22,69.18670322451679,1724284800000,"{""type"":""MultiPoint"",""coordinates"":[]}"
964_0000000000000000001f,121375681,479216672,41860,H6,075,00277302,488,C,06075,+37.7272391,-123.0322294,06,41884,G4020,San Francisco,San Francisco County,06,2024-08-22,77.26009900786472,1724284800000,"{""type"":""MultiPoint"",""coordinates"":[]}"
965_00000000000000000021,1857233047,225282636,41860,H1,013,01675903,488,A,06013,+37.9194790,-121.9515431,06,36084,G4020,Contra Costa,Contra Costa County,06,2024-08-23,66.79526130426287,1724371200000,"{""type"":""MultiPoint"",""coordinates"":[]}"
965_00000000000000000023,1909598013,216923745,41860,H1,001,01675839,488,A,06001,+37.6471385,-121.9124880,06,36084,G4020,Alameda,Alameda County,06,2024-08-23,67.2007543766543,1724371200000,"{""type"":""MultiPoint"",""coordinates"":[]}"
965_0000000000000000001f,121375681,479216672,41860,H6,075,00277302,488,C,06075,+37.7272391,-123.0322294,06,41884,G4020,San Francisco,San Francisco County,06,2024-08-23,78.36595467889569,1724371200000,"{""type"":""MultiPoint"",""coordinates"":[]}"
966_00000000000000000021,1857233047,225282636,41860,H1,013,01675903,488,A,06013,+37.9194790,-121.9515431,06,36084,G4020,Contra Costa,Contra Costa County,06,2024-08-24,65.13445193796368,1724457600000,"{""type"":""MultiPoint"",""coordinates"":[]}"
966_00000000000000000023,1909598013,216923745,41860,H1,001,01675839,488,A,06001,+37.6471385,-121.9124880,06,36084,G4020,Alameda,Alameda County,06,2024-08-24,66.78204719940396,1724457600000,"{""type"":""MultiPoint"",""coordinates"":[]}"
966_0000000000000000001f,121375681,479216672,41860,H6,075,00277302,488,C,06075,+37.7272391,-123.0322294,06,41884,G4020,San Francisco,San Francisco County,06,2024-08-24,74.71822994406864,1724457600000,"{""type"":""MultiPoint"",""coordinates"":[]}"
967_00000000000000000021,1857233047,225282636,41860,H1,013,01675903,488,A,06013,+37.9194790,-121.9515431,06,36084,G4020,Contra Costa,Contra Costa County,06,2024-08-25,57.841781579411666,1724544000000,"{""type"":""MultiPoint"",""coordinates"":[]}"
967_00000000000000000023,1909598013,216923745,41860,H1,001,01675839,488,A,06001,+37.6471385,-121.9124880,06,36084,G4020,Alameda,Alameda County,06,2024-08-25,58.243663910124056,1724544000000,"{""type"":""MultiPoint"",""coordinates"":[]}"
967_0000000000000000001f,121375681,479216672,41860,H6,075,00277302,488,C,06075,+37.7272391,-123.0322294,06,41884,G4020,San Francisco,San Francisco County,06,2024-08-25,69.86472139365104,1724544000000,"{""type"":""MultiPoint"",""coordinates"":[]}"
968_00000000000000000021,1857233047,225282636,41860,H1,013,01675903,488,A,06013,+37.9194790,-121.9515431,06,36084,G4020,Contra Costa,Contra Costa County,06,2024-08-26,47.687144206537404,1724630400000,"{""type"":""MultiPoint"",""coordinates"":[]}"
968_00000000000000000023,1909598013,216923745,41860,H1,001,01675839,488,A,06001,+37.6471385,-121.9124880,06,36084,G4020,Alameda,Alameda County,06,2024-08-26,46.25945202871881,1724630400000,"{""type"":""MultiPoint"",""coordinates"":[]}"
968_0000000000000000001f,121375681,479216672,41860,H6,075,00277302,488,C,06075,+37.7272391,-123.0322294,06,41884,G4020,San Francisco,San Francisco County,06,2024-08-26,62.03352044846096,1724630400000,"{""type"":""MultiPoint"",""coordinates"":[]}"
969_00000000000000000021,1857233047,225282636,41860,H1,013,01675903,488,A,06013,+37.9194790,-121.9515431,06,36084,G4020,Contra Costa,Contra Costa County,06,2024-08-27,47.465029920590254,1724716800000,"{""type"":""MultiPoint"",""coordinates"":[]}"
969_00000000000000000023,1909598013,216923745,41860,H1,001,01675839,488,A,06001,+37.6471385,-121.9124880,06,36084,G4020,Alameda,Alameda County,06,2024-08-27,43.897049381539134,1724716800000,"{""type"":""MultiPoint"",""coordinates"":[]}"
969_0000000000000000001f,121375681,479216672,41860,H6,075,00277302,488,C,06075,+37.7272391,-123.0322294,06,41884,G4020,San Francisco,San Francisco County,06,2024-08-27,67.20117535885011,1724716800000,"{""type"":""MultiPoint"",""coordinates"":[]}"
970_00000000000000000021,1857233047,225282636,41860,H1,013,01675903,488,A,06013,+37.9194790,-121.9515431,06,36084,G4020,Contra Costa,Contra Costa County,06,2024-08-28,47.49965519037891,1724803200000,"{""type"":""MultiPoint"",""coordinates"":[]}"
970_00000000000000000023,1909598013,216923745,41860,H1,001,01675839,488,A,06001,+37.6471385,-121.9124880,06,36084,G4020,Alameda,Alameda County,06,2024-08-28,42.735522758145876,1724803200000,"{""type"":""MultiPoint"",""coordinates"":[]}"
970_0000000000000000001f,121375681,479216672,41860,H6,075,00277302,488,C,06075,+37.7272391,-123.0322294,06,41884,G4020,San Francisco,San Francisco County,06,2024-08-28,70.6566610639195,1724803200000,"{""type"":""MultiPoint"",""coordinates"":[]}"
971_00000000000000000021,1857233047,225282636,41860,H1,013,01675903,488,A,06013,+37.9194790,-121.9515431,06,36084,G4020,Contra Costa,Contra Costa County,06,2024-08-29,57.451215098306044,1724889600000,"{""type"":""MultiPoint"",""coordinates"":[]}"
971_00000000000000000023,1909598013,216923745,41860,H1,001,01675839,488,A,06001,+37.6471385,-121.9124880,06,36084,G4020,Alameda,Alameda County,06,2024-08-29,53.03727510860745,1724889600000,"{""type"":""MultiPoint"",""coordinates"":[]}"
971_0000000000000000001f,121375681,479216672,41860,H6,075,00277302,488,C,06075,+37.7272391,-123.0322294,06,41884,G4020,San Francisco,San Francisco County,06,2024-08-29,75.82480839021682,1724889600000,"{""type"":""MultiPoint"",""coordinates"":[]}"
972_00000000000000000021,1857233047,225282636,41860,H1,013,01675903,488,A,06013,+37.9194790,-121.9515431,06,36084,G4020,Contra Costa,Contra Costa County,06,2024-08-30,59.538465000378935,1724976000000,"{""type"":""MultiPoint"",""coordinates"":[]}"
972_00000000000000000023,1909598013,216923745,41860,H1,001,01675839,488,A,06001,+37.6471385,-121.9124880,06,36084,G4020,Alameda,Alameda County,06,2024-08-30,60.36160610803458,1724976000000,"{""type"":""MultiPoint"",""coordinates"":[]}"
972_0000000000000000001f,121375681,479216672,41860,H6,075,00277302,488,C,06075,+37.7272391,-123.0322294,06,41884,G4020,San Francisco,San Francisco County,06,2024-08-30,73.0034311582826,1724976000000,"{""type"":""MultiPoint"",""coordinates"":[]}"
973_00000000000000000021,1857233047,225282636,41860,H1,013,01675903,488,A,06013,+37.9194790,-121.9515431,06,36084,G4020,Contra Costa,Contra Costa County,06,2024-08-31,57.22824220261469,1725062400000,"{""type"":""MultiPoint"",""coordinates"":[]}"
973_00000000000000000023,1909598013,216923745,41860,H1,001,01675839,488,A,06001,+37.6471385,-121.9124880,06,36084,G4020,Alameda,Alameda County,06,2024-08-31,57.579892812647245,1725062400000,"{""type"":""MultiPoint"",""coordinates"":[]}"
973_0000000000000000001f,121375681,479216672,41860,H6,075,00277302,488,C,06075,+37.7272391,-123.0322294,06,41884,G4020,San Francisco,San Francisco County,06,2024-08-31,72.00164103764519,1725062400000,"{""type"":""MultiPoint"",""coordinates"":[]}"
974_00000000000000000021,1857233047,225282636,41860,H1,013,01675903,488,A,06013,+37.9194790,-121.9515431,06,36084,G4020,Contra Costa,Contra Costa County,06,2024-09-01,59.197712282847824,1725148800000,"{""type"":""MultiPoint"",""coordinates"":[]}"
974_00000000000000000023,1909598013,216923745,41860,H1,001,01675839,488,A,06001,+37.6471385,-121.9124880,06,36084,G4020,Alameda,Alameda County,06,2024-09-01,61.20318886685513,1725148800000,"{""type"":""MultiPoint"",""coordinates"":[]}"
974_0000000000000000001f,121375681,479216672,41860,H6,075,00277302,488,C,06075,+37.7272391,-123.0322294,06,41884,G4020,San Francisco,San Francisco County,06,2024-09-01,71.5043411518331,1725148800000,"{""type"":""MultiPoint"",""coordinates"":[]}"
975_00000000000000000021,1857233047,225282636,41860,H1,013,01675903,488,A,06013,+37.9194790,-121.9515431,06,36084,G4020,Contra Costa,Contra Costa County,06,2024-09-02,61.23788532570349,1725235200000,"{""type"":""MultiPoint"",""coordinates"":[]}"
975_00000000000000000023,1909598013,216923745,41860,H1,001,01675839,488,A,06001,+37.6471385,-121.9124880,06,36084,G4020,Alameda,Alameda County,06,2024-09-02,61.66606076666435,1725235200000,"{""type"":""MultiPoint"",""coordinates"":[]}"
975_0000000000000000001f,121375681,479216672,41860,H6,075,00277302,488,C,06075,+37.7272391,-123.0322294,06,41884,G4020,San Francisco,San Francisco County,06,2024-09-02,73.45546368956286,1725235200000,"{""type"":""MultiPoint"",""coordinates"":[]}"
976_00000000000000000021,1857233047,225282636,41860,H1,013,01675903,488,A,06013,+37.9194790,-121.9515431,06,36084,G4020,Contra Costa,Contra Costa County,06,2024-09-03,52.66499155482421,1725321600000,"{""type"":""MultiPoint"",""coordinates"":[]}"
976_00000000000000000023,1909598013,216923745,41860,H1,001,01675839,488,A,06001,+37.6471385,-121.9124880,06,36084,G4020,Alameda,Alameda County,06,2024-09-03,48.3156964829704,1725321600000,"{""type"":""MultiPoint"",""coordinates"":[]}"
976_0000000000000000001f,121375681,479216672,41860,H6,075,00277302,488,C,06075,+37.7272391,-123.0322294,06,41884,G4020,San Francisco,San Francisco County,06,2024-09-03,62.7740211684062,1725321600000,"{""type"":""MultiPoint"",""coordinates"":[]}"
977_00000000000000000021,1857233047,225282636,41860,H1,013,01675903,488,A,06013,+37.9194790,-121.9515431,06,36084,G4020,Contra Costa,Contra Costa County,06,2024-09-04,49.01943720476727,1725408000000,"{""type"":""MultiPoint"",""coordinates"":[]}"
977_00000000000000000023,1909598013,216923745,41860,H1,001,01675839,488,A,06001,+37.6471385,-121.9124880,06,36084,G4020,Alameda,Alameda County,06,2024-09-04,46.84459328736908,1725408000000,"{""type"":""MultiPoint"",""coordinates"":[]}"
977_0000000000000000001f,121375681,479216672,41860,H6,075,00277302,488,C,06075,+37.7272391,-123.0322294,06,41884,G4020,San Francisco,San Francisco County,06,2024-09-04,67.09393208056977,1725408000000,"{""type"":""MultiPoint"",""coordinates"":[]}"
978_00000000000000000021,1857233047,225282636,41860,H1,013,01675903,488,A,06013,+37.9194790,-121.9515431,06,36084,G4020,Contra Costa,Contra Costa County,06,2024-09-05,50.712645464105925,1725494400000,"{""type"":""MultiPoint"",""coordinates"":[]}"
978_00000000000000000023,1909598013,216923745,41860,H1,001,01675839,488,A,06001,+37.6471385,-121.9124880,06,36084,G4020,Alameda,Alameda County,06,2024-09-05,49.50959810308967,1725494400000,"{""type"":""MultiPoint"",""coordinates"":[]}"
978_0000000000000000001f,121375681,479216672,41860,H6,075,00277302,488,C,06075,+37.7272391,-123.0322294,06,41884,G4020,San Francisco,San Francisco County,06,2024-09-05,67.49241680830262,1725494400000,"{""type"":""MultiPoint"",""coordinates"":[]}"
979_00000000000000000021,1857233047,225282636,41860,H1,013,01675903,488,A,06013,+37.9194790,-121.9515431,06,36084,G4020,Contra Costa,Contra Costa County,06,2024-09-06,44.690093422594025,1725580800000,"{""type"":""MultiPoint"",""coordinates"":[]}"
979_00000000000000000023,1909598013,216923745,41860,H1,001,01675839,488,A,06001,+37.6471385,-121.9124880,06,36084,G4020,Alameda,Alameda County,06,2024-09-06,42.00751749119616,1725580800000,"{""type"":""MultiPoint"",""coordinates"":[]}"
979_0000000000000000001f,121375681,479216672,41860,H6,075,00277302,488,C,06075,+37.7272391,-123.0322294,06,41884,G4020,San Francisco,San Francisco County,06,2024-09-06,68.46133283606483,1725580800000,"{""type"":""MultiPoint"",""coordinates"":[]}"
980_00000000000000000021,1857233047,225282636,41860,H1,013,01675903,488,A,06013,+37.9194790,-121.9515431,06,36084,G4020,Contra Costa,Contra Costa County,06,2024-09-07,49.12018631328625,1725667200000,"{""type"":""MultiPoint"",""coordinates"":[]}"
980_00000000000000000023,1909598013,216923745,41860,H1,001,01675839,488,A,06001,+37.6471385,-121.9124880,06,36084,G4020,Alameda,Alameda County,06,2024-09-07,46.68607652799105,1725667200000,"{""type"":""MultiPoint"",""coordinates"":[]}"
980_0000000000000000001f,121375681,479216672,41860,H6,075,00277302,488,C,06075,+37.7272391,-123.0322294,06,41884,G4020,San Francisco,San Francisco County,06,2024-09-07,71.68382108057722,1725667200000,"{""type"":""MultiPoint"",""coordinates"":[]}"
981_00000000000000000021,1857233047,225282636,41860,H1,013,01675903,488,A,06013,+37.9194790,-121.9515431,06,36084,G4020,Contra Costa,Contra Costa County,06,2024-09-08,54.22357384968993,1725753600000,"{""type"":""MultiPoint"",""coordinates"":[]}"
981_00000000000000000023,1909598013,216923745,41860,H1,001,01675839,488,A,06001,+37.6471385,-121.9124880,06,36084,G4020,Alameda,Alameda County,06,2024-09-08,52.88574888503381,1725753600000,"{""type"":""MultiPoint"",""coordinates"":[]}"
981_0000000000000000001f,121375681,479216672,41860,H6,075,00277302,488,C,06075,+37.7272391,-123.0322294,06,41884,G4020,San Francisco,San Francisco County,06,2024-09-08,71.03039650640196,1725753600000,"{""type"":""MultiPoint"",""coordinates"":[]}"
982_00000000000000000021,1857233047,225282636,41860,H1,013,01675903,488,A,06013,+37.9194790,-121.9515431,06,36084,G4020,Contra Costa,Contra Costa County,06,2024-09-09,56.794161881306756,1725840000000,"{""type"":""MultiPoint"",""coordinates"":[]}"
982_00000000000000000023,1909598013,216923745,41860,H1,001,01675839,488,A,06001,+37.6471385,-121.9124880,06,36084,G4020,Alameda,Alameda County,06,2024-09-09,55.603645427024624,1725840000000,"{""type"":""MultiPoint"",""coordinates"":[]}"
982_0000000000000000001f,121375681,479216672,41860,H6,075,00277302,488,C,06075,+37.7272391,-123.0322294,06,41884,G4020,San Francisco,San Francisco County,06,2024-09-09,74.69630805879804,1725840000000,"{""type"":""MultiPoint"",""coordinates"":[]}"
983_00000000000000000021,1857233047,225282636,41860,H1,013,01675903,488,A,06013,+37.9194790,-121.9515431,06,36084,G4020,Contra Costa,Contra Costa County,06,2024-09-10,66.46761601637444,1725926400000,"{""type"":""MultiPoint"",""coordinates"":[]}"
983_00000000000000000023,1909598013,216923745,41860,H1,001,01675839,488,A,06001,+37.6471385,-121.9124880,06,36084,G4020,Alameda,Alameda County,06,2024-09-10,64.54437431854724,1725926400000,"{""type"":""MultiPoint"",""coordinates"":[]}"
983_0000000000000000001f,121375681,479216672,41860,H6,075,00277302,488,C,06075,+37.7272391,-123.0322294,06,41884,G4020,San Francisco,San Francisco County,06,2024-09-10,79.08626333675569,1725926400000,"{""type"":""MultiPoint"",""coordinates"":[]}"
984_00000000000000000021,1857233047,225282636,41860,H1,013,01675903,488,A,06013,+37.9194790,-121.9515431,06,36084,G4020,Contra Costa,Contra Costa County,06,2024-09-11,64.19577311927792,1726012800000,"{""type"":""MultiPoint"",""coordinates"":[]}"
984_00000000000000000023,1909598013,216923745,41860,H1,001,01675839,488,A,06001,+37.6471385,-121.9124880,06,36084,G4020,Alameda,Alameda County,06,2024-09-11,64.39598908621332,1726012800000,"{""type"":""MultiPoint"",""coordinates"":[]}"
984_0000000000000000001f,121375681,479216672,41860,H6,075,00277302,488,C,06075,+37.7272391,-123.0322294,06,41884,G4020,San Francisco,San Francisco County,06,2024-09-11,74.40384695452182,1726012800000,"{""type"":""MultiPoint"",""coordinates"":[]}"
985_00000000000000000021,1857233047,225282636,41860,H1,013,01675903,488,A,06013,+37.9194790,-121.9515431,06,36084,G4020,Contra Costa,Contra Costa County,06,2024-09-12,63.90257423943786,1726099200000,"{""type"":""MultiPoint"",""coordinates"":[]}"
985_00000000000000000023,1909598013,216923745,41860,H1,001,01675839,488,A,06001,+37.6471385,-121.9124880,06,36084,G4020,Alameda,Alameda County,06,2024-09-12,67.28830644503743,1726099200000,"{""type"":""MultiPoint"",""coordinates"":[]}"
985_0000000000000000001f,121375681,479216672,41860,H6,075,00277302,488,C,06075,+37.7272391,-123.0322294,06,41884,G4020,San Francisco,San Francisco County,06,2024-09-12,74.13552388162009,1726099200000,"{""type"":""MultiPoint"",""coordinates"":[]}"
986_00000000000000000021,1857233047,225282636,41860,H1,013,01675903,488,A,06013,+37.9194790,-121.9515431,06,36084,G4020,Contra Costa,Contra Costa County,06,2024-09-13,54.28723351270357,1726185600000,"{""type"":""MultiPoint"",""coordinates"":[]}"
986_00000000000000000023,1909598013,216923745,41860,H1,001,01675839,488,A,06001,+37.6471385,-121.9124880,06,36084,G4020,Alameda,Alameda County,06,2024-09-13,52.050519929037044,1726185600000,"{""type"":""MultiPoint"",""coordinates"":[]}"
986_0000000000000000001f,121375681,479216672,41860,H6,075,00277302,488,C,06075,+37.7272391,-123.0322294,06,41884,G4020,San Francisco,San Francisco County,06,2024-09-13,70.645610042191,1726185600000,"{""type"":""MultiPoint"",""coordinates"":[]}"
987_00000000000000000021,1857233047,225282636,41860,H1,013,01675903,488,A,06013,+37.9194790,-121.9515431,06,36084,G4020,Contra Costa,Contra Costa County,06,2024-09-14,58.3257983979746,1726272000000,"{""type"":""MultiPoint"",""coordinates"":[]}"
987_00000000000000000023,1909598013,216923745,41860,H1,001,01675839,488,A,06001,+37.6471385,-121.9124880,06,36084,G4020,Alameda,Alameda County,06,2024-09-14,56.00134929566285,1726272000000,"{""type"":""MultiPoint"",""coordinates"":[]}"
987_0000000000000000001f,121375681,479216672,41860,H6,075,00277302,488,C,06075,+37.7272391,-123.0322294,06,41884,G4020,San Francisco,San Francisco County,06,2024-09-14,77.10623036686073,1726272000000,"{""type"":""MultiPoint"",""coordinates"":[]}"
988_00000000000000000021,1857233047,225282636,41860,H1,013,01675903,488,A,06013,+37.9194790,-121.9515431,06,36084,G4020,Contra Costa,Contra Costa County,06,2024-09-15,66.56760483276987,1726358400000,"{""type"":""MultiPoint"",""coordinates"":[]}"
988_00000000000000000023,1909598013,216923745,41860,H1,001,01675839,488,A,06001,+37.6471385,-121.9124880,06,36084,G4020,Alameda,Alameda County,06,2024-09-15,65.95636196136016,1726358400000,"{""type"":""MultiPoint"",""coordinates"":[]}"
988_0000000000000000001f,121375681,479216672,41860,H6,075,00277302,488,C,06075,+37.7272391,-123.0322294,06,41884,G4020,San Francisco,San Francisco County,06,2024-09-15,78.22989846080016,1726358400000,"{""type"":""MultiPoint"",""coordinates"":[]}"
989_00000000000000000021,1857233047,225282636,41860,H1,013,01675903,488,A,06013,+37.9194790,-121.9515431,06,36084,G4020,Contra Costa,Contra Costa County,06,2024-09-16,70.61027418161974,1726444800000,"{""type"":""MultiPoint"",""coordinates"":[]}"
989_00000000000000000023,1909598013,216923745,41860,H1,001,01675839,488,A,06001,+37.6471385,-121.9124880,06,36084,G4020,Alameda,Alameda County,06,2024-09-16,71.877536826627,1726444800000,"{""type"":""MultiPoint"",""coordinates"":[]}"
989_0000000000000000001f,121375681,479216672,41860,H6,075,00277302,488,C,06075,+37.7272391,-123.0322294,06,41884,G4020,San Francisco,San Francisco County,06,2024-09-16,76.23238636687549,1726444800000,"{""type"":""MultiPoint"",""coordinates"":[]}"
990_00000000000000000021,1857233047,225282636,41860,H1,013,01675903,488,A,06013,+37.9194790,-121.9515431,06,36084,G4020,Contra Costa,Contra Costa County,06,2024-09-17,67.03953438033996,1726531200000,"{""type"":""MultiPoint"",""coordinates"":[]}"
990_00000000000000000023,1909598013,216923745,41860,H1,001,01675839,488,A,06001,+37.6471385,-121.9124880,06,36084,G4020,Alameda,Alameda County,06,2024-09-17,69.72328560778548,1726531200000,"{""type"":""MultiPoint"",""coordinates"":[]}"
990_0000000000000000001f,121375681,479216672,41860,H6,075,00277302,488,C,06075,+37.7272391,-123.0322294,06,41884,G4020,San Francisco,San Francisco County,06,2024-09-17,77.81728857054563,1726531200000,"{""type"":""MultiPoint"",""coordinates"":[]}"
991_00000000000000000021,1857233047,225282636,41860,H1,013,01675903,488,A,06013,+37.9194790,-121.9515431,06,36084,G4020,Contra Costa,Contra Costa County,06,2024-09-18,72.39781823039114,1726617600000,"{""type"":""MultiPoint"",""coordinates"":[]}"
991_00000000000000000023,1909598013,216923745,41860,H1,001,01675839,488,A,06001,+37.6471385,-121.9124880,06,36084,G4020,Alameda,Alameda County,06,2024-09-18,73.19015809061897,1726617600000,"{""type"":""MultiPoint"",""coordinates"":[]}"
991_0000000000000000001f,121375681,479216672,41860,H6,075,00277302,488,C,06075,+37.7272391,-123.0322294,06,41884,G4020,San Francisco,San Francisco County,06,2024-09-18,82.05053704413722,1726617600000,"{""type"":""MultiPoint"",""coordinates"":[]}"
992_00000000000000000021,1857233047,225282636,41860,H1,013,01675903,488,A,06013,+37.9194790,-121.9515431,06,36084,G4020,Contra Costa,Contra Costa County,06,2024-09-19,72.53756719735334,1726704000000,"{""type"":""MultiPoint"",""coordinates"":[]}"
992_00000000000000000023,1909598013,216923745,41860,H1,001,01675839,488,A,06001,+37.6471385,-121.9124880,06,36084,G4020,Alameda,Alameda County,06,2024-09-19,73.75524416849514,1726704000000,"{""type"":""MultiPoint"",""coordinates"":[]}"
992_0000000000000000001f,121375681,479216672,41860,H6,075,00277302,488,C,06075,+37.7272391,-123.0322294,06,41884,G4020,San Francisco,San Francisco County,06,2024-09-19,83.81957835002854,1726704000000,"{""type"":""MultiPoint"",""coordinates"":[]}"
993_00000000000000000021,1857233047,225282636,41860,H1,013,01675903,488,A,06013,+37.9194790,-121.9515431,06,36084,G4020,Contra Costa,Contra Costa County,06,2024-09-20,70.04927432914432,1726790400000,"{""type"":""MultiPoint"",""coordinates"":[]}"
993_00000000000000000023,1909598013,216923745,41860,H1,001,01675839,488,A,06001,+37.6471385,-121.9124880,06,36084,G4020,Alameda,Alameda County,06,2024-09-20,69.61713119525163,1726790400000,"{""type"":""MultiPoint"",""coordinates"":[]}"
993_0000000000000000001f,121375681,479216672,41860,H6,075,00277302,488,C,06075,+37.7272391,-123.0322294,06,41884,G4020,San Francisco,San Francisco County,06,2024-09-20,81.48720359010969,1726790400000,"{""type"":""MultiPoint"",""coordinates"":[]}"
994_00000000000000000021,1857233047,225282636,41860,H1,013,01675903,488,A,06013,+37.9194790,-121.9515431,06,36084,G4020,Contra Costa,Contra Costa County,06,2024-09-21,67.15060663772512,1726876800000,"{""type"":""MultiPoint"",""coordinates"":[]}"
994_00000000000000000023,1909598013,216923745,41860,H1,001,01675839,488,A,06001,+37.6471385,-121.9124880,06,36084,G4020,Alameda,Alameda County,06,2024-09-21,62.656382048619186,1726876800000,"{""type"":""MultiPoint"",""coordinates"":[]}"
994_0000000000000000001f,121375681,479216672,41860,H6,075,00277302,488,C,06075,+37.7272391,-123.0322294,06,41884,G4020,San Francisco,San Francisco County,06,2024-09-21,79.44490342930547,1726876800000,"{""type"":""MultiPoint"",""coordinates"":[]}"
995_00000000000000000021,1857233047,225282636,41860,H1,013,01675903,488,A,06013,+37.9194790,-121.9515431,06,36084,G4020,Contra Costa,Contra Costa County,06,2024-09-22,63.4944187507347,1726963200000,"{""type"":""MultiPoint"",""coordinates"":[]}"
995_00000000000000000023,1909598013,216923745,41860,H1,001,01675839,488,A,06001,+37.6471385,-121.9124880,06,36084,G4020,Alameda,Alameda County,06,2024-09-22,61.33190820075227,1726963200000,"{""type"":""MultiPoint"",""coordinates"":[]}"
995_0000000000000000001f,121375681,479216672,41860,H6,075,00277302,488,C,06075,+37.7272391,-123.0322294,06,41884,G4020,San Francisco,San Francisco County,06,2024-09-22,76.90033594649542,1726963200000,"{""type"":""MultiPoint"",""coordinates"":[]}"
996_00000000000000000021,1857233047,225282636,41860,H1,013,01675903,488,A,06013,+37.9194790,-121.9515431,06,36084,G4020,Contra Costa,Contra Costa County,06,2024-09-23,56.62546826120367,1727049600000,"{""type"":""MultiPoint"",""coordinates"":[]}"
996_00000000000000000023,1909598013,216923745,41860,H1,001,01675839,488,A,06001,+37.6471385,-121.9124880,06,36084,G4020,Alameda,Alameda County,06,2024-09-23,50.87759839233944,1727049600000,"{""type"":""MultiPoint"",""coordinates"":[]}"
996_0000000000000000001f,121375681,479216672,41860,H6,075,00277302,488,C,06075,+37.7272391,-123.0322294,06,41884,G4020,San Francisco,San Francisco County,06,2024-09-23,69.48282748044413,1727049600000,"{""type"":""MultiPoint"",""coordinates"":[]}"
997_00000000000000000021,1857233047,225282636,41860,H1,013,01675903,488,A,06013,+37.9194790,-121.9515431,06,36084,G4020,Contra Costa,Contra Costa County,06,2024-09-24,51.0395403009772,1727136000000,"{""type"":""MultiPoint"",""coordinates"":[]}"
997_00000000000000000023,1909598013,216923745,41860,H1,001,01675839,488,A,06001,+37.6471385,-121.9124880,06,36084,G4020,Alameda,Alameda County,06,2024-09-24,45.10087050305351,1727136000000,"{""type"":""MultiPoint"",""coordinates"":[]}"
997_0000000000000000001f,121375681,479216672,41860,H6,075,00277302,488,C,06075,+37.7272391,-123.0322294,06,41884,G4020,San Francisco,San Francisco County,06,2024-09-24,67.72088140244747,1727136000000,"{""type"":""MultiPoint"",""coordinates"":[]}"
998_00000000000000000021,1857233047,225282636,41860,H1,013,01675903,488,A,06013,+37.9194790,-121.9515431,06,36084,G4020,Contra Costa,Contra Costa County,06,2024-09-25,65.01922826733714,1727222400000,"{""type"":""MultiPoint"",""coordinates"":[]}"
998_00000000000000000023,1909598013,216923745,41860,H1,001,01675839,488,A,06001,+37.6471385,-121.9124880,06,36084,G4020,Alameda,Alameda County,06,2024-09-25,62.25296800372966,1727222400000,"{""type"":""MultiPoint"",""coordinates"":[]}"
998_0000000000000000001f,121375681,479216672,41860,H6,075,00277302,488,C,06075,+37.7272391,-123.0322294,06,41884,G4020,San Francisco,San Francisco County,06,2024-09-25,79.20030654719133,1727222400000,"{""type"":""MultiPoint"",""coordinates"":[]}"
999_00000000000000000021,1857233047,225282636,41860,H1,013,01675903,488,A,06013,+37.9194790,-121.9515431,06,36084,G4020,Contra Costa,Contra Costa County,06,2024-09-26,74.17628006733312,1727308800000,"{""type"":""MultiPoint"",""coordinates"":[]}"
999_00000000000000000023,1909598013,216923745,41860,H1,001,01675839,488,A,06001,+37.6471385,-121.9124880,06,36084,G4020,Alameda,Alameda County,06,2024-09-26,68.89249434110444,1727308800000,"{""type"":""MultiPoint"",""coordinates"":[]}"
999_0000000000000000001f,121375681,479216672,41860,H6,075,00277302,488,C,06075,+37.7272391,-123.0322294,06,41884,G4020,San Francisco,San Francisco County,06,2024-09-26,81.9227330726794,1727308800000,"{""type"":""MultiPoint"",""coordinates"":[]}"
1000_00000000000000000021,1857233047,225282636,41860,H1,013,01675903,488,A,06013,+37.9194790,-121.9515431,06,36084,G4020,Contra Costa,Contra Costa County,06,2024-09-27,61.394228853832544,1727395200000,"{""type"":""MultiPoint"",""coordinates"":[]}"
1000_00000000000000000023,1909598013,216923745,41860,H1,001,01675839,488,A,06001,+37.6471385,-121.9124880,06,36084,G4020,Alameda,Alameda County,06,2024-09-27,54.49696344786903,1727395200000,"{""type"":""MultiPoint"",""coordinates"":[]}"
1000_0000000000000000001f,121375681,479216672,41860,H6,075,00277302,488,C,06075,+37.7272391,-123.0322294,06,41884,G4020,San Francisco,San Francisco County,06,2024-09-27,72.79221329271773,1727395200000,"{""type"":""MultiPoint"",""coordinates"":[]}"
1001_00000000000000000021,1857233047,225282636,41860,H1,013,01675903,488,A,06013,+37.9194790,-121.9515431,06,36084,G4020,Contra Costa,Contra Costa County,06,2024-09-28,58.91196542992251,1727481600000,"{""type"":""MultiPoint"",""coordinates"":[]}"
1001_00000000000000000023,1909598013,216923745,41860,H1,001,01675839,488,A,06001,+37.6471385,-121.9124880,06,36084,G4020,Alameda,Alameda County,06,2024-09-28,53.49521466920181,1727481600000,"{""type"":""MultiPoint"",""coordinates"":[]}"
1001_0000000000000000001f,121375681,479216672,41860,H6,075,00277302,488,C,06075,+37.7272391,-123.0322294,06,41884,G4020,San Francisco,San Francisco County,06,2024-09-28,78.10493701029951,1727481600000,"{""type"":""MultiPoint"",""coordinates"":[]}"
1002_00000000000000000021,1857233047,225282636,41860,H1,013,01675903,488,A,06013,+37.9194790,-121.9515431,06,36084,G4020,Contra Costa,Contra Costa County,06,2024-09-29,69.60056710100373,1727568000000,"{""type"":""MultiPoint"",""coordinates"":[]}"
1002_00000000000000000023,1909598013,216923745,41860,H1,001,01675839,488,A,06001,+37.6471385,-121.9124880,06,36084,G4020,Alameda,Alameda County,06,2024-09-29,65.74870508313155,1727568000000,"{""type"":""MultiPoint"",""coordinates"":[]}"
1002_0000000000000000001f,121375681,479216672,41860,H6,075,00277302,488,C,06075,+37.7272391,-123.0322294,06,41884,G4020,San Francisco,San Francisco County,06,2024-09-29,79.60384935925241,1727568000000,"{""type"":""MultiPoint"",""coordinates"":[]}"
1003_00000000000000000021,1857233047,225282636,41860,H1,013,01675903,488,A,06013,+37.9194790,-121.9515431,06,36084,G4020,Contra Costa,Contra Costa County,06,2024-09-30,53.59700936637391,1727654400000,"{""type"":""MultiPoint"",""coordinates"":[]}"
1003_00000000000000000023,1909598013,216923745,41860,H1,001,01675839,488,A,06001,+37.6471385,-121.9124880,06,36084,G4020,Alameda,Alameda County,06,2024-09-30,48.07706583517834,1727654400000,"{""type"":""MultiPoint"",""coordinates"":[]}"
1003_0000000000000000001f,121375681,479216672,41860,H6,075,00277302,488,C,06075,+37.7272391,-123.0322294,06,41884,G4020,San Francisco,San Francisco County,06,2024-09-30,63.06217871426789,1727654400000,"{""type"":""MultiPoint"",""coordinates"":[]}"
1004_00000000000000000021,1857233047,225282636,41860,H1,013,01675903,488,A,06013,+37.9194790,-121.9515431,06,36084,G4020,Contra Costa,Contra Costa County,06,2024-10-01,33.428999351628654,1727740800000,"{""type"":""MultiPoint"",""coordinates"":[]}"
1004_00000000000000000023,1909598013,216923745,41860,H1,001,01675839,488,A,06001,+37.6471385,-121.9124880,06,36084,G4020,Alameda,Alameda County,06,2024-10-01,28.70052731881011,1727740800000,"{""type"":""MultiPoint"",""coordinates"":[]}"
1004_0000000000000000001f,121375681,479216672,41860,H6,075,00277302,488,C,06075,+37.7272391,-123.0322294,06,41884,G4020,San Francisco,San Francisco County,06,2024-10-01,43.249478772623,1727740800000,"{""type"":""MultiPoint"",""coordinates"":[]}"
1005_00000000000000000021,1857233047,225282636,41860,H1,013,01675903,488,A,06013,+37.9194790,-121.9515431,06,36084,G4020,Contra Costa,Contra Costa County,06,2024-10-02,37.04553928203484,1727827200000,"{""type"":""MultiPoint"",""coordinates"":[]}"
1005_00000000000000000023,1909598013,216923745,41860,H1,001,01675839,488,A,06001,+37.6471385,-121.9124880,06,36084,G4020,Alameda,Alameda County,06,2024-10-02,24.491448639649207,1727827200000,"{""type"":""MultiPoint"",""coordinates"":[]}"
1005_0000000000000000001f,121375681,479216672,41860,H6,075,00277302,488,C,06075,+37.7272391,-123.0322294,06,41884,G4020,San Francisco,San Francisco County,06,2024-10-02,51.61104649927301,1727827200000,"{""type"":""MultiPoint"",""coordinates"":[]}"
1006_00000000000000000021,1857233047,225282636,41860,H1,013,01675903,488,A,06013,+37.9194790,-121.9515431,06,36084,G4020,Contra Costa,Contra Costa County,06,2024-10-03,41.657155004228954,1727913600000,"{""type"":""MultiPoint"",""coordinates"":[]}"
1006_00000000000000000023,1909598013,216923745,41860,H1,001,01675839,488,A,06001,+37.6471385,-121.9124880,06,36084,G4020,Alameda,Alameda County,06,2024-10-03,27.387212359146908,1727913600000,"{""type"":""MultiPoint"",""coordinates"":[]}"
1006_0000000000000000001f,121375681,479216672,41860,H6,075,00277302,488,C,06075,+37.7272391,-123.0322294,06,41884,G4020,San Francisco,San Francisco County,06,2024-10-03,59.740865384749355,1727913600000,"{""type"":""MultiPoint"",""coordinates"":[]}"
1007_00000000000000000021,1857233047,225282636,41860,H1,013,01675903,488,A,06013,+37.9194790,-121.9515431,06,36084,G4020,Contra Costa,Contra Costa County,06,2024-10-04,43.518750483299804,1728000000000,"{""type"":""MultiPoint"",""coordinates"":[]}"
1007_00000000000000000023,1909598013,216923745,41860,H1,001,01675839,488,A,06001,+37.6471385,-121.9124880,06,36084,G4020,Alameda,Alameda County,06,2024-10-04,32.59778352723114,1728000000000,"{""type"":""MultiPoint"",""coordinates"":[]}"
1007_0000000000000000001f,121375681,479216672,41860,H6,075,00277302,488,C,06075,+37.7272391,-123.0322294,06,41884,G4020,San Francisco,San Francisco County,06,2024-10-04,64.12219393052398,1728000000000,"{""type"":""MultiPoint"",""coordinates"":[]}"
1008_00000000000000000021,1857233047,225282636,41860,H1,013,01675903,488,A,06013,+37.9194790,-121.9515431,06,36084,G4020,Contra Costa,Contra Costa County,06,2024-10-05,36.25906268944921,1728086400000,"{""type"":""MultiPoint"",""coordinates"":[]}"
1008_00000000000000000023,1909598013,216923745,41860,H1,001,01675839,488,A,06001,+37.6471385,-121.9124880,06,36084,G4020,Alameda,Alameda County,06,2024-10-05,28.86745034843874,1728086400000,"{""type"":""MultiPoint"",""coordinates"":[]}"
1008_0000000000000000001f,121375681,479216672,41860,H6,075,00277302,488,C,06075,+37.7272391,-123.0322294,06,41884,G4020,San Francisco,San Francisco County,06,2024-10-05,42.70125646337566,1728086400000,"{""type"":""MultiPoint"",""coordinates"":[]}"
1009_00000000000000000021,1857233047,225282636,41860,H1,013,01675903,488,A,06013,+37.9194790,-121.9515431,06,36084,G4020,Contra Costa,Contra Costa County,06,2024-10-06,27.99864891257874,1728172800000,"{""type"":""MultiPoint"",""coordinates"":[]}"
1009_00000000000000000023,1909598013,216923745,41860,H1,001,01675839,488,A,06001,+37.6471385,-121.9124880,06,36084,G4020,Alameda,Alameda County,06,2024-10-06,24.11583269797727,1728172800000,"{""type"":""MultiPoint"",""coordinates"":[]}"
1009_0000000000000000001f,121375681,479216672,41860,H6,075,00277302,488,C,06075,+37.7272391,-123.0322294,06,41884,G4020,San Francisco,San Francisco County,06,2024-10-06,36.13515825007916,1728172800000,"{""type"":""MultiPoint"",""coordinates"":[]}"
1010_00000000000000000021,1857233047,225282636,41860,H1,013,01675903,488,A,06013,+37.9194790,-121.9515431,06,36084,G4020,Contra Costa,Contra Costa County,06,2024-10-07,29.75905474192775,1728259200000,"{""type"":""MultiPoint"",""coordinates"":[]}"
1010_00000000000000000023,1909598013,216923745,41860,H1,001,01675839,488,A,06001,+37.6471385,-121.9124880,06,36084,G4020,Alameda,Alameda County,06,2024-10-07,22.0585262832354,1728259200000,"{""type"":""MultiPoint"",""coordinates"":[]}"
1010_0000000000000000001f,121375681,479216672,41860,H6,075,00277302,488,C,06075,+37.7272391,-123.0322294,06,41884,G4020,San Francisco,San Francisco County,06,2024-10-07,37.37517451300389,1728259200000,"{""type"":""MultiPoint"",""coordinates"":[]}"
1011_00000000000000000021,1857233047,225282636,41860,H1,013,01675903,488,A,06013,+37.9194790,-121.9515431,06,36084,G4020,Contra Costa,Contra Costa County,06,2024-10-08,43.41240886188357,1728345600000,"{""type"":""MultiPoint"",""coordinates"":[]}"
1011_00000000000000000023,1909598013,216923745,41860,H1,001,01675839,488,A,06001,+37.6471385,-121.9124880,06,36084,G4020,Alameda,Alameda County,06,2024-10-08,38.89504211407909,1728345600000,"{""type"":""MultiPoint"",""coordinates"":[]}"
1011_0000000000000000001f,121375681,479216672,41860,H6,075,00277302,488,C,06075,+37.7272391,-123.0322294,06,41884,G4020,San Francisco,San Francisco County,06,2024-10-08,56.10991847194596,1728345600000,"{""type"":""MultiPoint"",""coordinates"":[]}"
1012_00000000000000000021,1857233047,225282636,41860,H1,013,01675903,488,A,06013,+37.9194790,-121.9515431,06,36084,G4020,Contra Costa,Contra Costa County,06,2024-10-09,62.342179607258394,1728432000000,"{""type"":""MultiPoint"",""coordinates"":[]}"
1012_00000000000000000023,1909598013,216923745,41860,H1,001,01675839,488,A,06001,+37.6471385,-121.9124880,06,36084,G4020,Alameda,Alameda County,06,2024-10-09,59.5432846477189,1728432000000,"{""type"":""MultiPoint"",""coordinates"":[]}"
1012_0000000000000000001f,121375681,479216672,41860,H6,075,00277302,488,C,06075,+37.7272391,-123.0322294,06,41884,G4020,San Francisco,San Francisco County,06,2024-10-09,77.119455550761,1728432000000,"{""type"":""MultiPoint"",""coordinates"":[]}"
1013_00000000000000000021,1857233047,225282636,41860,H1,013,01675903,488,A,06013,+37.9194790,-121.9515431,06,36084,G4020,Contra Costa,Contra Costa County,06,2024-10-10,64.76636471737669,1728518400000,"{""type"":""MultiPoint"",""coordinates"":[]}"
1013_00000000000000000023,1909598013,216923745,41860,H1,001,01675839,488,A,06001,+37.6471385,-121.9124880,06,36084,G4020,Alameda,Alameda County,06,2024-10-10,61.3173242782743,1728518400000,"{""type"":""MultiPoint"",""coordinates"":[]}"
1013_0000000000000000001f,121375681,479216672,41860,H6,075,00277302,488,C,06075,+37.7272391,-123.0322294,06,41884,G4020,San Francisco,San Francisco County,06,2024-10-10,74.19194727701182,1728518400000,"{""type"":""MultiPoint"",""coordinates"":[]}"
1014_00000000000000000021,1857233047,225282636,41860,H1,013,01675903,488,A,06013,+37.9194790,-121.9515431,06,36084,G4020,Contra Costa,Contra Costa County,06,2024-10-11,64.93016751728173,1728604800000,"{""type"":""MultiPoint"",""coordinates"":[]}"
1014_00000000000000000023,1909598013,216923745,41860,H1,001,01675839,488,A,06001,+37.6471385,-121.9124880,06,36084,G4020,Alameda,Alameda County,06,2024-10-11,61.062174993171304,1728604800000,"{""type"":""MultiPoint"",""coordinates"":[]}"
1014_0000000000000000001f,121375681,479216672,41860,H6,075,00277302,488,C,06075,+37.7272391,-123.0322294,06,41884,G4020,San Francisco,San Francisco County,06,2024-10-11,78.36016714310728,1728604800000,"{""type"":""MultiPoint"",""coordinates"":[]}"
1015_00000000000000000021,1857233047,225282636,41860,H1,013,01675903,488,A,06013,+37.9194790,-121.9515431,06,36084,G4020,Contra Costa,Contra Costa County,06,2024-10-12,68.92991963385472,1728691200000,"{""type"":""MultiPoint"",""coordinates"":[]}"
1015_00000000000000000023,1909598013,216923745,41860,H1,001,01675839,488,A,06001,+37.6471385,-121.9124880,06,36084,G4020,Alameda,Alameda County,06,2024-10-12,65.62857898544054,1728691200000,"{""type"":""MultiPoint"",""coordinates"":[]}"
1015_0000000000000000001f,121375681,479216672,41860,H6,075,00277302,488,C,06075,+37.7272391,-123.0322294,06,41884,G4020,San Francisco,San Francisco County,06,2024-10-12,80.5829530068985,1728691200000,"{""type"":""MultiPoint"",""coordinates"":[]}"
1016_00000000000000000021,1857233047,225282636,41860,H1,013,01675903,488,A,06013,+37.9194790,-121.9515431,06,36084,G4020,Contra Costa,Contra Costa County,06,2024-10-13,77.3864733578639,1728777600000,"{""type"":""MultiPoint"",""coordinates"":[]}"
1016_00000000000000000023,1909598013,216923745,41860,H1,001,01675839,488,A,06001,+37.6471385,-121.9124880,06,36084,G4020,Alameda,Alameda County,06,2024-10-13,79.19968142381853,1728777600000,"{""type"":""MultiPoint"",""coordinates"":[]}"
1016_0000000000000000001f,121375681,479216672,41860,H6,075,00277302,488,C,06075,+37.7272391,-123.0322294,06,41884,G4020,San Francisco,San Francisco County,06,2024-10-13,85.55813362411678,1728777600000,"{""type"":""MultiPoint"",""coordinates"":[]}"
1017_00000000000000000021,1857233047,225282636,41860,H1,013,01675903,488,A,06013,+37.9194790,-121.9515431,06,36084,G4020,Contra Costa,Contra Costa County,06,2024-10-14,75.40028506691806,1728864000000,"{""type"":""MultiPoint"",""coordinates"":[]}"
1017_00000000000000000023,1909598013,216923745,41860,H1,001,01675839,488,A,06001,+37.6471385,-121.9124880,06,36084,G4020,Alameda,Alameda County,06,2024-10-14,77.95487857110595,1728864000000,"{""type"":""MultiPoint"",""coordinates"":[]}"
1017_0000000000000000001f,121375681,479216672,41860,H6,075,00277302,488,C,06075,+37.7272391,-123.0322294,06,41884,G4020,San Francisco,San Francisco County,06,2024-10-14,83.38494815215216,1728864000000,"{""type"":""MultiPoint"",""coordinates"":[]}"
1018_00000000000000000021,1857233047,225282636,41860,H1,013,01675903,488,A,06013,+37.9194790,-121.9515431,06,36084,G4020,Contra Costa,Contra Costa County,06,2024-10-15,72.82950522337744,1728950400000,"{""type"":""MultiPoint"",""coordinates"":[]}"
1018_00000000000000000023,1909598013,216923745,41860,H1,001,01675839,488,A,06001,+37.6471385,-121.9124880,06,36084,G4020,Alameda,Alameda County,06,2024-10-15,73.7025204827885,1728950400000,"{""type"":""MultiPoint"",""coordinates"":[]}"
1018_0000000000000000001f,121375681,479216672,41860,H6,075,00277302,488,C,06075,+37.7272391,-123.0322294,06,41884,G4020,San Francisco,San Francisco County,06,2024-10-15,78.86685838327612,1728950400000,"{""type"":""MultiPoint"",""coordinates"":[]}"
1019_00000000000000000021,1857233047,225282636,41860,H1,013,01675903,488,A,06013,+37.9194790,-121.9515431,06,36084,G4020,Contra Costa,Contra Costa County,06,2024-10-16,69.75927827868968,1729036800000,"{""type"":""MultiPoint"",""coordinates"":[]}"
1019_00000000000000000023,1909598013,216923745,41860,H1,001,01675839,488,A,06001,+37.6471385,-121.9124880,06,36084,G4020,Alameda,Alameda County,06,2024-10-16,72.16105081933425,1729036800000,"{""type"":""MultiPoint"",""coordinates"":[]}"
1019_0000000000000000001f,121375681,479216672,41860,H6,075,00277302,488,C,06075,+37.7272391,-123.0322294,06,41884,G4020,San Francisco,San Francisco County,06,2024-10-16,78.58454701739892,1729036800000,"{""type"":""MultiPoint"",""coordinates"":[]}"
1020_00000000000000000021,1857233047,225282636,41860,H1,013,01675903,488,A,06013,+37.9194790,-121.9515431,06,36084,G4020,Contra Costa,Contra Costa County,06,2024-10-17,63.623666761124376,1729123200000,"{""type"":""MultiPoint"",""coordinates"":[]}"
1020_00000000000000000023,1909598013,216923745,41860,H1,001,01675839,488,A,06001,+37.6471385,-121.9124880,06,36084,G4020,Alameda,Alameda County,06,2024-10-17,65.13039240611073,1729123200000,"{""type"":""MultiPoint"",""coordinates"":[]}"
1020_0000000000000000001f,121375681,479216672,41860,H6,075,00277302,488,C,06075,+37.7272391,-123.0322294,06,41884,G4020,San Francisco,San Francisco County,06,2024-10-17,64.13423470595147,1729123200000,"{""type"":""MultiPoint"",""coordinates"":[]}"
1021_00000000000000000021,1857233047,225282636,41860,H1,013,01675903,488,A,06013,+37.9194790,-121.9515431,06,36084,G4020,Contra Costa,Contra Costa County,06,2024-10-18,21.978975956791096,1729209600000,"{""type"":""MultiPoint"",""coordinates"":[]}"
1021_00000000000000000023,1909598013,216923745,41860,H1,001,01675839,488,A,06001,+37.6471385,-121.9124880,06,36084,G4020,Alameda,Alameda County,06,2024-10-18,25.31318248953526,1729209600000,"{""type"":""MultiPoint"",""coordinates"":[]}"
1021_0000000000000000001f,121375681,479216672,41860,H6,075,00277302,488,C,06075,+37.7272391,-123.0322294,06,41884,G4020,San Francisco,San Francisco County,06,2024-10-18,26.92446066225773,1729209600000,"{""type"":""MultiPoint"",""coordinates"":[]}"
1022_00000000000000000021,1857233047,225282636,41860,H1,013,01675903,488,A,06013,+37.9194790,-121.9515431,06,36084,G4020,Contra Costa,Contra Costa County,06,2024-10-19,19.589511333752302,1729296000000,"{""type"":""MultiPoint"",""coordinates"":[]}"
1022_00000000000000000023,1909598013,216923745,41860,H1,001,01675839,488,A,06001,+37.6471385,-121.9124880,06,36084,G4020,Alameda,Alameda County,06,2024-10-19,20.534927599351008,1729296000000,"{""type"":""MultiPoint"",""coordinates"":[]}"
1022_0000000000000000001f,121375681,479216672,41860,H6,075,00277302,488,C,06075,+37.7272391,-123.0322294,06,41884,G4020,San Francisco,San Francisco County,06,2024-10-19,23.755924362706985,1729296000000,"{""type"":""MultiPoint"",""coordinates"":[]}"
1023_00000000000000000021,1857233047,225282636,41860,H1,013,01675903,488,A,06013,+37.9194790,-121.9515431,06,36084,G4020,Contra Costa,Contra Costa County,06,2024-10-20,33.85879337148878,1729382400000,"{""type"":""MultiPoint"",""coordinates"":[]}"
1023_00000000000000000023,1909598013,216923745,41860,H1,001,01675839,488,A,06001,+37.6471385,-121.9124880,06,36084,G4020,Alameda,Alameda County,06,2024-10-20,29.30809917590191,1729382400000,"{""type"":""MultiPoint"",""coordinates"":[]}"
1023_0000000000000000001f,121375681,479216672,41860,H6,075,00277302,488,C,06075,+37.7272391,-123.0322294,06,41884,G4020,San Francisco,San Francisco County,06,2024-10-20,44.09178905295616,1729382400000,"{""type"":""MultiPoint"",""coordinates"":[]}"
1024_00000000000000000021,1857233047,225282636,41860,H1,013,01675903,488,A,06013,+37.9194790,-121.9515431,06,36084,G4020,Contra Costa,Contra Costa County,06,2024-10-21,50.602515176018144,1729468800000,"{""type"":""MultiPoint"",""coordinates"":[]}"
1024_00000000000000000023,1909598013,216923745,41860,H1,001,01675839,488,A,06001,+37.6471385,-121.9124880,06,36084,G4020,Alameda,Alameda County,06,2024-10-21,42.467426779102226,1729468800000,"{""type"":""MultiPoint"",""coordinates"":[]}"
1024_0000000000000000001f,121375681,479216672,41860,H6,075,00277302,488,C,06075,+37.7272391,-123.0322294,06,41884,G4020,San Francisco,San Francisco County,06,2024-10-21,69.86278457467246,1729468800000,"{""type"":""MultiPoint"",""coordinates"":[]}"
1025_00000000000000000021,1857233047,225282636,41860,H1,013,01675903,488,A,06013,+37.9194790,-121.9515431,06,36084,G4020,Contra Costa,Contra Costa County,06,2024-10-22,68.37286322400837,1729555200000,"{""type"":""MultiPoint"",""coordinates"":[]}"
1025_00000000000000000023,1909598013,216923745,41860,H1,001,01675839,488,A,06001,+37.6471385,-121.9124880,06,36084,G4020,Alameda,Alameda County,06,2024-10-22,66.5815842168454,1729555200000,"{""type"":""MultiPoint"",""coordinates"":[]}"
1025_0000000000000000001f,121375681,479216672,41860,H6,075,00277302,488,C,06075,+37.7272391,-123.0322294,06,41884,G4020,San Francisco,San Francisco County,06,2024-10-22,76.1854548416334,1729555200000,"{""type"":""MultiPoint"",""coordinates"":[]}"
1026_00000000000000000021,1857233047,225282636,41860,H1,013,01675903,488,A,06013,+37.9194790,-121.9515431,06,36084,G4020,Contra Costa,Contra Costa County,06,2024-10-23,62.48167098888384,1729641600000,"{""type"":""MultiPoint"",""coordinates"":[]}"
1026_00000000000000000023,1909598013,216923745,41860,H1,001,01675839,488,A,06001,+37.6471385,-121.9124880,06,36084,G4020,Alameda,Alameda County,06,2024-10-23,52.675982767209305,1729641600000,"{""type"":""MultiPoint"",""coordinates"":[]}"
1026_0000000000000000001f,121375681,479216672,41860,H6,075,00277302,488,C,06075,+37.7272391,-123.0322294,06,41884,G4020,San Francisco,San Francisco County,06,2024-10-23,72.88796143355563,1729641600000,"{""type"":""MultiPoint"",""coordinates"":[]}"
1027_00000000000000000021,1857233047,225282636,41860,H1,013,01675903,488,A,06013,+37.9194790,-121.9515431,06,36084,G4020,Contra Costa,Contra Costa County,06,2024-10-24,37.95236979619305,1729728000000,"{""type"":""MultiPoint"",""coordinates"":[]}"
1027_00000000000000000023,1909598013,216923745,41860,H1,001,01675839,488,A,06001,+37.6471385,-121.9124880,06,36084,G4020,Alameda,Alameda County,06,2024-10-24,40.47629069357066,1729728000000,"{""type"":""MultiPoint"",""coordinates"":[]}"
1027_0000000000000000001f,121375681,479216672,41860,H6,075,00277302,488,C,06075,+37.7272391,-123.0322294,06,41884,G4020,San Francisco,San Francisco County,06,2024-10-24,42.17277138116106,1729728000000,"{""type"":""MultiPoint"",""coordinates"":[]}"
1028_00000000000000000021,1857233047,225282636,41860,H1,013,01675903,488,A,06013,+37.9194790,-121.9515431,06,36084,G4020,Contra Costa,Contra Costa County,06,2024-10-25,41.90282012033826,1729814400000,"{""type"":""MultiPoint"",""coordinates"":[]}"
1028_00000000000000000023,1909598013,216923745,41860,H1,001,01675839,488,A,06001,+37.6471385,-121.9124880,06,36084,G4020,Alameda,Alameda County,06,2024-10-25,35.06641383798949,1729814400000,"{""type"":""MultiPoint"",""coordinates"":[]}"
1028_0000000000000000001f,121375681,479216672,41860,H6,075,00277302,488,C,06075,+37.7272391,-123.0322294,06,41884,G4020,San Francisco,San Francisco County,06,2024-10-25,48.2140007937857,1729814400000,"{""type"":""MultiPoint"",""coordinates"":[]}"
1029_00000000000000000021,1857233047,225282636,41860,H1,013,01675903,488,A,06013,+37.9194790,-121.9515431,06,36084,G4020,Contra Costa,Contra Costa County,06,2024-10-26,55.2902764719555,1729900800000,"{""type"":""MultiPoint"",""coordinates"":[]}"
1029_00000000000000000023,1909598013,216923745,41860,H1,001,01675839,488,A,06001,+37.6471385,-121.9124880,06,36084,G4020,Alameda,Alameda County,06,2024-10-26,48.47349959624691,1729900800000,"{""type"":""MultiPoint"",""coordinates"":[]}"
1029_0000000000000000001f,121375681,479216672,41860,H6,075,00277302,488,C,06075,+37.7272391,-123.0322294,06,41884,G4020,San Francisco,San Francisco County,06,2024-10-26,68.52436734486119,1729900800000,"{""type"":""MultiPoint"",""coordinates"":[]}"
1030_00000000000000000021,1857233047,225282636,41860,H1,013,01675903,488,A,06013,+37.9194790,-121.9515431,06,36084,G4020,Contra Costa,Contra Costa County,06,2024-10-27,73.25443007460878,1729987200000,"{""type"":""MultiPoint"",""coordinates"":[]}"
1030_00000000000000000023,1909598013,216923745,41860,H1,001,01675839,488,A,06001,+37.6471385,-121.9124880,06,36084,G4020,Alameda,Alameda County,06,2024-10-27,70.96998699906932,1729987200000,"{""type"":""MultiPoint"",""coordinates"":[]}"
1030_0000000000000000001f,121375681,479216672,41860,H6,075,00277302,488,C,06075,+37.7272391,-123.0322294,06,41884,G4020,San Francisco,San Francisco County,06,2024-10-27,86.11922215393878,1729987200000,"{""type"":""MultiPoint"",""coordinates"":[]}"
1031_00000000000000000021,1857233047,225282636,41860,H1,013,01675903,488,A,06013,+37.9194790,-121.9515431,06,36084,G4020,Contra Costa,Contra Costa County,06,2024-10-28,72.60645175826701,1730073600000,"{""type"":""MultiPoint"",""coordinates"":[]}"
1031_00000000000000000023,1909598013,216923745,41860,H1,001,01675839,488,A,06001,+37.6471385,-121.9124880,06,36084,G4020,Alameda,Alameda County,06,2024-10-28,77.24015230795932,1730073600000,"{""type"":""MultiPoint"",""coordinates"":[]}"
1031_0000000000000000001f,121375681,479216672,41860,H6,075,00277302,488,C,06075,+37.7272391,-123.0322294,06,41884,G4020,San Francisco,San Francisco County,06,2024-10-28,79.13721886431676,1730073600000,"{""type"":""MultiPoint"",""coordinates"":[]}"
1032_00000000000000000021,1857233047,225282636,41860,H1,013,01675903,488,A,06013,+37.9194790,-121.9515431,06,36084,G4020,Contra Costa,Contra Costa County,06,2024-10-29,60.56532631375986,1730160000000,"{""type"":""MultiPoint"",""coordinates"":[]}"
1032_00000000000000000023,1909598013,216923745,41860,H1,001,01675839,488,A,06001,+37.6471385,-121.9124880,06,36084,G4020,Alameda,Alameda County,06,2024-10-29,65.56468932017606,1730160000000,"{""type"":""MultiPoint"",""coordinates"":[]}"
1032_0000000000000000001f,121375681,479216672,41860,H6,075,00277302,488,C,06075,+37.7272391,-123.0322294,06,41884,G4020,San Francisco,San Francisco County,06,2024-10-29,66.42755276444788,1730160000000,"{""type"":""MultiPoint"",""coordinates"":[]}"
1033_00000000000000000021,1857233047,225282636,41860,H1,013,01675903,488,A,06013,+37.9194790,-121.9515431,06,36084,G4020,Contra Costa,Contra Costa County,06,2024-10-30,63.59948335896505,1730246400000,"{""type"":""MultiPoint"",""coordinates"":[]}"
1033_00000000000000000023,1909598013,216923745,41860,H1,001,01675839,488,A,06001,+37.6471385,-121.9124880,06,36084,G4020,Alameda,Alameda County,06,2024-10-30,62.96997744983902,1730246400000,"{""type"":""MultiPoint"",""coordinates"":[]}"
1033_0000000000000000001f,121375681,479216672,41860,H6,075,00277302,488,C,06075,+37.7272391,-123.0322294,06,41884,G4020,San Francisco,San Francisco County,06,2024-10-30,74.42438922732703,1730246400000,"{""type"":""MultiPoint"",""coordinates"":[]}"
1034_00000000000000000021,1857233047,225282636,41860,H1,013,01675903,488,A,06013,+37.9194790,-121.9515431,06,36084,G4020,Contra Costa,Contra Costa County,06,2024-10-31,61.74366193669902,1730332800000,"{""type"":""MultiPoint"",""coordinates"":[]}"
1034_00000000000000000023,1909598013,216923745,41860,H1,001,01675839,488,A,06001,+37.6471385,-121.9124880,06,36084,G4020,Alameda,Alameda County,06,2024-10-31,63.24611025683396,1730332800000,"{""type"":""MultiPoint"",""coordinates"":[]}"
1034_0000000000000000001f,121375681,479216672,41860,H6,075,00277302,488,C,06075,+37.7272391,-123.0322294,06,41884,G4020,San Francisco,San Francisco County,06,2024-10-31,70.09993367870646,1730332800000,"{""type"":""MultiPoint"",""coordinates"":[]}"
1035_00000000000000000021,1857233047,225282636,41860,H1,013,01675903,488,A,06013,+37.9194790,-121.9515431,06,36084,G4020,Contra Costa,Contra Costa County,06,2024-11-01,73.29666172870483,1730419200000,"{""type"":""MultiPoint"",""coordinates"":[]}"
1035_00000000000000000023,1909598013,216923745,41860,H1,001,01675839,488,A,06001,+37.6471385,-121.9124880,06,36084,G4020,Alameda,Alameda County,06,2024-11-01,74.5547523059038,1730419200000,"{""type"":""MultiPoint"",""coordinates"":[]}"
1035_0000000000000000001f,121375681,479216672,41860,H6,075,00277302,488,C,06075,+37.7272391,-123.0322294,06,41884,G4020,San Francisco,San Francisco County,06,2024-11-01,81.52846708753052,1730419200000,"{""type"":""MultiPoint"",""coordinates"":[]}"
1036_00000000000000000021,1857233047,225282636,41860,H1,013,01675903,488,A,06013,+37.9194790,-121.9515431,06,36084,G4020,Contra Costa,Contra Costa County,06,2024-11-02,74.13380866656885,1730505600000,"{""type"":""MultiPoint"",""coordinates"":[]}"
1036_00000000000000000023,1909598013,216923745,41860,H1,001,01675839,488,A,06001,+37.6471385,-121.9124880,06,36084,G4020,Alameda,Alameda County,06,2024-11-02,74.70333791946068,1730505600000,"{""type"":""MultiPoint"",""coordinates"":[]}"
1036_0000000000000000001f,121375681,479216672,41860,H6,075,00277302,488,C,06075,+37.7272391,-123.0322294,06,41884,G4020,San Francisco,San Francisco County,06,2024-11-02,80.55291773137061,1730505600000,"{""type"":""MultiPoint"",""coordinates"":[]}"
1037_00000000000000000021,1857233047,225282636,41860,H1,013,01675903,488,A,06013,+37.9194790,-121.9515431,06,36084,G4020,Contra Costa,Contra Costa County,06,2024-11-03,58.72629162233978,1730592000000,"{""type"":""MultiPoint"",""coordinates"":[]}"
1037_00000000000000000023,1909598013,216923745,41860,H1,001,01675839,488,A,06001,+37.6471385,-121.9124880,06,36084,G4020,Alameda,Alameda County,06,2024-11-03,65.47230155885869,1730592000000,"{""type"":""MultiPoint"",""coordinates"":[]}"
1037_0000000000000000001f,121375681,479216672,41860,H6,075,00277302,488,C,06075,+37.7272391,-123.0322294,06,41884,G4020,San Francisco,San Francisco County,06,2024-11-03,66.6057327392585,1730592000000,"{""type"":""MultiPoint"",""coordinates"":[]}"
1038_00000000000000000021,1857233047,225282636,41860,H1,013,01675903,488,A,06013,+37.9194790,-121.9515431,06,36084,G4020,Contra Costa,Contra Costa County,06,2024-11-04,36.875919551610856,1730678400000,"{""type"":""MultiPoint"",""coordinates"":[]}"
1038_00000000000000000023,1909598013,216923745,41860,H1,001,01675839,488,A,06001,+37.6471385,-121.9124880,06,36084,G4020,Alameda,Alameda County,06,2024-11-04,40.24256554707024,1730678400000,"{""type"":""MultiPoint"",""coordinates"":[]}"
1038_0000000000000000001f,121375681,479216672,41860,H6,075,00277302,488,C,06075,+37.7272391,-123.0322294,06,41884,G4020,San Francisco,San Francisco County,06,2024-11-04,51.77788936222749,1730678400000,"{""type"":""MultiPoint"",""coordinates"":[]}"
1039_00000000000000000021,1857233047,225282636,41860,H1,013,01675903,488,A,06013,+37.9194790,-121.9515431,06,36084,G4020,Contra Costa,Contra Costa County,06,2024-11-05,53.68123439262719,1730764800000,"{""type"":""MultiPoint"",""coordinates"":[]}"
1039_00000000000000000023,1909598013,216923745,41860,H1,001,01675839,488,A,06001,+37.6471385,-121.9124880,06,36084,G4020,Alameda,Alameda County,06,2024-11-05,53.712808887874246,1730764800000,"{""type"":""MultiPoint"",""coordinates"":[]}"
1039_0000000000000000001f,121375681,479216672,41860,H6,075,00277302,488,C,06075,+37.7272391,-123.0322294,06,41884,G4020,San Francisco,San Francisco County,06,2024-11-05,64.76854030384254,1730764800000,"{""type"":""MultiPoint"",""coordinates"":[]}"
1040_00000000000000000021,1857233047,225282636,41860,H1,013,01675903,488,A,06013,+37.9194790,-121.9515431,06,36084,G4020,Contra Costa,Contra Costa County,06,2024-11-06,26.30994957325181,1730851200000,"{""type"":""MultiPoint"",""coordinates"":[]}"
1040_00000000000000000023,1909598013,216923745,41860,H1,001,01675839,488,A,06001,+37.6471385,-121.9124880,06,36084,G4020,Alameda,Alameda County,06,2024-11-06,30.05848717753896,1730851200000,"{""type"":""MultiPoint"",""coordinates"":[]}"
1040_0000000000000000001f,121375681,479216672,41860,H6,075,00277302,488,C,06075,+37.7272391,-123.0322294,06,41884,G4020,San Francisco,San Francisco County,06,2024-11-06,33.9283365639066,1730851200000,"{""type"":""MultiPoint"",""coordinates"":[]}"
1041_00000000000000000021,1857233047,225282636,41860,H1,013,01675903,488,A,06013,+37.9194790,-121.9515431,06,36084,G4020,Contra Costa,Contra Costa County,06,2024-11-07,34.07631179193395,1730937600000,"{""type"":""MultiPoint"",""coordinates"":[]}"
1041_00000000000000000023,1909598013,216923745,41860,H1,001,01675839,488,A,06001,+37.6471385,-121.9124880,06,36084,G4020,Alameda,Alameda County,06,2024-11-07,37.41465455738237,1730937600000,"{""type"":""MultiPoint"",""coordinates"":[]}"
1041_0000000000000000001f,121375681,479216672,41860,H6,075,00277302,488,C,06075,+37.7272391,-123.0322294,06,41884,G4020,San Francisco,San Francisco County,06,2024-11-07,38.19874511245718,1730937600000,"{""type"":""MultiPoint"",""coordinates"":[]}"
1042_00000000000000000021,1857233047,225282636,41860,H1,013,01675903,488,A,06013,+37.9194790,-121.9515431,06,36084,G4020,Contra Costa,Contra Costa County,06,2024-11-08,48.88373824724615,1731024000000,"{""type"":""MultiPoint"",""coordinates"":[]}"
1042_00000000000000000023,1909598013,216923745,41860,H1,001,01675839,488,A,06001,+37.6471385,-121.9124880,06,36084,G4020,Alameda,Alameda County,06,2024-11-08,42.25794515217607,1731024000000,"{""type"":""MultiPoint"",""coordinates"":[]}"
1042_0000000000000000001f,121375681,479216672,41860,H6,075,00277302,488,C,06075,+37.7272391,-123.0322294,06,41884,G4020,San Francisco,San Francisco County,06,2024-11-08,52.48039603193504,1731024000000,"{""type"":""MultiPoint"",""coordinates"":[]}"
1043_00000000000000000021,1857233047,225282636,41860,H1,013,01675903,488,A,06013,+37.9194790,-121.9515431,06,36084,G4020,Contra Costa,Contra Costa County,06,2024-11-09,50.840517527051624,1731110400000,"{""type"":""MultiPoint"",""coordinates"":[]}"
1043_00000000000000000023,1909598013,216923745,41860,H1,001,01675839,488,A,06001,+37.6471385,-121.9124880,06,36084,G4020,Alameda,Alameda County,06,2024-11-09,43.548738468368384,1731110400000,"{""type"":""MultiPoint"",""coordinates"":[]}"
1043_0000000000000000001f,121375681,479216672,41860,H6,075,00277302,488,C,06075,+37.7272391,-123.0322294,06,41884,G4020,San Francisco,San Francisco County,06,2024-11-09,57.316737427252434,1731110400000,"{""type"":""MultiPoint"",""coordinates"":[]}"
1044_00000000000000000021,1857233047,225282636,41860,H1,013,01675903,488,A,06013,+37.9194790,-121.9515431,06,36084,G4020,Contra Costa,Contra Costa County,06,2024-11-10,54.373280567479696,1731196800000,"{""type"":""MultiPoint"",""coordinates"":[]}"
1044_00000000000000000023,1909598013,216923745,41860,H1,001,01675839,488,A,06001,+37.6471385,-121.9124880,06,36084,G4020,Alameda,Alameda County,06,2024-11-10,43.81126330120176,1731196800000,"{""type"":""MultiPoint"",""coordinates"":[]}"
1044_0000000000000000001f,121375681,479216672,41860,H6,075,00277302,488,C,06075,+37.7272391,-123.0322294,06,41884,G4020,San Francisco,San Francisco County,06,2024-11-10,70.99746322408097,1731196800000,"{""type"":""MultiPoint"",""coordinates"":[]}"
1045_00000000000000000021,1857233047,225282636,41860,H1,013,01675903,488,A,06013,+37.9194790,-121.9515431,06,36084,G4020,Contra Costa,Contra Costa County,06,2024-11-11,74.84163804678445,1731283200000,"{""type"":""MultiPoint"",""coordinates"":[]}"
1045_00000000000000000023,1909598013,216923745,41860,H1,001,01675839,488,A,06001,+37.6471385,-121.9124880,06,36084,G4020,Alameda,Alameda County,06,2024-11-11,73.78696612698857,1731283200000,"{""type"":""MultiPoint"",""coordinates"":[]}"
1045_0000000000000000001f,121375681,479216672,41860,H6,075,00277302,488,C,06075,+37.7272391,-123.0322294,06,41884,G4020,San Francisco,San Francisco County,06,2024-11-11,81.8876802136529,1731283200000,"{""type"":""MultiPoint"",""coordinates"":[]}"
1046_00000000000000000021,1857233047,225282636,41860,H1,013,01675903,488,A,06013,+37.9194790,-121.9515431,06,36084,G4020,Contra Costa,Contra Costa County,06,2024-11-12,83.26666506940138,1731369600000,"{""type"":""MultiPoint"",""coordinates"":[]}"
1046_00000000000000000023,1909598013,216923745,41860,H1,001,01675839,488,A,06001,+37.6471385,-121.9124880,06,36084,G4020,Alameda,Alameda County,06,2024-11-12,83.73834052618221,1731369600000,"{""type"":""MultiPoint"",""coordinates"":[]}"
1046_0000000000000000001f,121375681,479216672,41860,H6,075,00277302,488,C,06075,+37.7272391,-123.0322294,06,41884,G4020,San Francisco,San Francisco County,06,2024-11-12,84.69896916580574,1731369600000,"{""type"":""MultiPoint"",""coordinates"":[]}"
1047_00000000000000000021,1857233047,225282636,41860,H1,013,01675903,488,A,06013,+37.9194790,-121.9515431,06,36084,G4020,Contra Costa,Contra Costa County,06,2024-11-13,76.78472846696609,1731456000000,"{""type"":""MultiPoint"",""coordinates"":[]}"
1047_00000000000000000023,1909598013,216923745,41860,H1,001,01675839,488,A,06001,+37.6471385,-121.9124880,06,36084,G4020,Alameda,Alameda County,06,2024-11-13,73.43870002371494,1731456000000,"{""type"":""MultiPoint"",""coordinates"":[]}"
1047_0000000000000000001f,121375681,479216672,41860,H6,075,00277302,488,C,06075,+37.7272391,-123.0322294,06,41884,G4020,San Francisco,San Francisco County,06,2024-11-13,83.81332748669895,1731456000000,"{""type"":""MultiPoint"",""coordinates"":[]}"
1048_00000000000000000021,1857233047,225282636,41860,H1,013,01675903,488,A,06013,+37.9194790,-121.9515431,06,36084,G4020,Contra Costa,Contra Costa County,06,2024-11-14,85.22774328077301,1731542400000,"{""type"":""MultiPoint"",""coordinates"":[]}"
1048_00000000000000000023,1909598013,216923745,41860,H1,001,01675839,488,A,06001,+37.6471385,-121.9124880,06,36084,G4020,Alameda,Alameda County,06,2024-11-14,83.68901175303667,1731542400000,"{""type"":""MultiPoint"",""coordinates"":[]}"
1048_0000000000000000001f,121375681,479216672,41860,H6,075,00277302,488,C,06075,+37.7272391,-123.0322294,06,41884,G4020,San Francisco,San Francisco County,06,2024-11-14,90.31061487423715,1731542400000,"{""type"":""MultiPoint"",""coordinates"":[]}"
1049_00000000000000000021,1857233047,225282636,41860,H1,013,01675903,488,A,06013,+37.9194790,-121.9515431,06,36084,G4020,Contra Costa,Contra Costa County,06,2024-11-15,73.35477480163567,1731628800000,"{""type"":""MultiPoint"",""coordinates"":[]}"
1049_00000000000000000023,1909598013,216923745,41860,H1,001,01675839,488,A,06001,+37.6471385,-121.9124880,06,36084,G4020,Alameda,Alameda County,06,2024-11-15,77.5099295087283,1731628800000,"{""type"":""MultiPoint"",""coordinates"":[]}"
1049_0000000000000000001f,121375681,479216672,41860,H6,075,00277302,488,C,06075,+37.7272391,-123.0322294,06,41884,G4020,San Francisco,San Francisco County,06,2024-11-15,73.40277281452089,1731628800000,"{""type"":""MultiPoint"",""coordinates"":[]}"
1050_00000000000000000021,1857233047,225282636,41860,H1,013,01675903,488,A,06013,+37.9194790,-121.9515431,06,36084,G4020,Contra Costa,Contra Costa County,06,2024-11-16,53.71332328217349,1731715200000,"{""type"":""MultiPoint"",""coordinates"":[]}"
1050_00000000000000000023,1909598013,216923745,41860,H1,001,01675839,488,A,06001,+37.6471385,-121.9124880,06,36084,G4020,Alameda,Alameda County,06,2024-11-16,58.43540407885502,1731715200000,"{""type"":""MultiPoint"",""coordinates"":[]}"
1050_0000000000000000001f,121375681,479216672,41860,H6,075,00277302,488,C,06075,+37.7272391,-123.0322294,06,41884,G4020,San Francisco,San Francisco County,06,2024-11-16,62.33769645316902,1731715200000,"{""type"":""MultiPoint"",""coordinates"":[]}"
1051_00000000000000000021,1857233047,225282636,41860,H1,013,01675903,488,A,06013,+37.9194790,-121.9515431,06,36084,G4020,Contra Costa,Contra Costa County,06,2024-11-17,65.69462050168774,1731801600000,"{""type"":""MultiPoint"",""coordinates"":[]}"
1051_00000000000000000023,1909598013,216923745,41860,H1,001,01675839,488,A,06001,+37.6471385,-121.9124880,06,36084,G4020,Alameda,Alameda County,06,2024-11-17,60.67303700098598,1731801600000,"{""type"":""MultiPoint"",""coordinates"":[]}"
1051_0000000000000000001f,121375681,479216672,41860,H6,075,00277302,488,C,06075,+37.7272391,-123.0322294,06,41884,G4020,San Francisco,San Francisco County,06,2024-11-17,80.85015526672615,1731801600000,"{""type"":""MultiPoint"",""coordinates"":[]}"
1052_00000000000000000021,1857233047,225282636,41860,H1,013,01675903,488,A,06013,+37.9194790,-121.9515431,06,36084,G4020,Contra Costa,Contra Costa County,06,2024-11-18,62.671529047000476,1731888000000,"{""type"":""MultiPoint"",""coordinates"":[]}"
1052_00000000000000000023,1909598013,216923745,41860,H1,001,01675839,488,A,06001,+37.6471385,-121.9124880,06,36084,G4020,Alameda,Alameda County,06,2024-11-18,67.25477485726196,1731888000000,"{""type"":""MultiPoint"",""coordinates"":[]}"
1052_0000000000000000001f,121375681,479216672,41860,H6,075,00277302,488,C,06075,+37.7272391,-123.0322294,06,41884,G4020,San Francisco,San Francisco County,06,2024-11-18,69.894227612359,1731888000000,"{""type"":""MultiPoint"",""coordinates"":[]}"
1053_00000000000000000021,1857233047,225282636,41860,H1,013,01675903,488,A,06013,+37.9194790,-121.9515431,06,36084,G4020,Contra Costa,Contra Costa County,06,2024-11-19,62.27635637001683,1731974400000,"{""type"":""MultiPoint"",""coordinates"":[]}"
1053_00000000000000000023,1909598013,216923745,41860,H1,001,01675839,488,A,06001,+37.6471385,-121.9124880,06,36084,G4020,Alameda,Alameda County,06,2024-11-19,61.959022147122425,1731974400000,"{""type"":""MultiPoint"",""coordinates"":[]}"
1053_0000000000000000001f,121375681,479216672,41860,H6,075,00277302,488,C,06075,+37.7272391,-123.0322294,06,41884,G4020,San Francisco,San Francisco County,06,2024-11-19,67.5715541438448,1731974400000,"{""type"":""MultiPoint"",""coordinates"":[]}"
1054_00000000000000000021,1857233047,225282636,41860,H1,013,01675903,488,A,06013,+37.9194790,-121.9515431,06,36084,G4020,Contra Costa,Contra Costa County,06,2024-11-20,53.3198427695635,1732060800000,"{""type"":""MultiPoint"",""coordinates"":[]}"
1054_00000000000000000023,1909598013,216923745,41860,H1,001,01675839,488,A,06001,+37.6471385,-121.9124880,06,36084,G4020,Alameda,Alameda County,06,2024-11-20,51.72577048129756,1732060800000,"{""type"":""MultiPoint"",""coordinates"":[]}"
1054_0000000000000000001f,121375681,479216672,41860,H6,075,00277302,488,C,06075,+37.7272391,-123.0322294,06,41884,G4020,San Francisco,San Francisco County,06,2024-11-20,66.34174838394728,1732060800000,"{""type"":""MultiPoint"",""coordinates"":[]}"
1055_00000000000000000021,1857233047,225282636,41860,H1,013,01675903,488,A,06013,+37.9194790,-121.9515431,06,36084,G4020,Contra Costa,Contra Costa County,06,2024-11-21,75.15302740218927,1732147200000,"{""type"":""MultiPoint"",""coordinates"":[]}"
1055_00000000000000000023,1909598013,216923745,41860,H1,001,01675839,488,A,06001,+37.6471385,-121.9124880,06,36084,G4020,Alameda,Alameda County,06,2024-11-21,70.43170131759713,1732147200000,"{""type"":""MultiPoint"",""coordinates"":[]}"
1055_0000000000000000001f,121375681,479216672,41860,H6,075,00277302,488,C,06075,+37.7272391,-123.0322294,06,41884,G4020,San Francisco,San Francisco County,06,2024-11-21,82.30955066439152,1732147200000,"{""type"":""MultiPoint"",""coordinates"":[]}"
1056_00000000000000000021,1857233047,225282636,41860,H1,013,01675903,488,A,06013,+37.9194790,-121.9515431,06,36084,G4020,Contra Costa,Contra Costa County,06,2024-11-22,83.84925894478306,1732233600000,"{""type"":""MultiPoint"",""coordinates"":[]}"
1056_00000000000000000023,1909598013,216923745,41860,H1,001,01675839,488,A,06001,+37.6471385,-121.9124880,06,36084,G4020,Alameda,Alameda County,06,2024-11-22,83.485567464995,1732233600000,"{""type"":""MultiPoint"",""coordinates"":[]}"
1056_0000000000000000001f,121375681,479216672,41860,H6,075,00277302,488,C,06075,+37.7272391,-123.0322294,06,41884,G4020,San Francisco,San Francisco County,06,2024-11-22,89.4588804323618,1732233600000,"{""type"":""MultiPoint"",""coordinates"":[]}"
1057_00000000000000000021,1857233047,225282636,41860,H1,013,01675903,488,A,06013,+37.9194790,-121.9515431,06,36084,G4020,Contra Costa,Contra Costa County,06,2024-11-23,88.41907451638633,1732320000000,"{""type"":""MultiPoint"",""coordinates"":[]}"
1057_00000000000000000023,1909598013,216923745,41860,H1,001,01675839,488,A,06001,+37.6471385,-121.9124880,06,36084,G4020,Alameda,Alameda County,06,2024-11-23,89.54919081722142,1732320000000,"{""type"":""MultiPoint"",""coordinates"":[]}"
1057_0000000000000000001f,121375681,479216672,41860,H6,075,00277302,488,C,06075,+37.7272391,-123.0322294,06,41884,G4020,San Francisco,San Francisco County,06,2024-11-23,91.15119076643404,1732320000000,"{""type"":""MultiPoint"",""coordinates"":[]}"
1058_00000000000000000021,1857233047,225282636,41860,H1,013,01675903,488,A,06013,+37.9194790,-121.9515431,06,36084,G4020,Contra Costa,Contra Costa County,06,2024-11-24,83.38816590795889,1732406400000,"{""type"":""MultiPoint"",""coordinates"":[]}"
1058_00000000000000000023,1909598013,216923745,41860,H1,001,01675839,488,A,06001,+37.6471385,-121.9124880,06,36084,G4020,Alameda,Alameda County,06,2024-11-24,81.09655041892017,1732406400000,"{""type"":""MultiPoint"",""coordinates"":[]}"
1058_0000000000000000001f,121375681,479216672,41860,H6,075,00277302,488,C,06075,+37.7272391,-123.0322294,06,41884,G4020,San Francisco,San Francisco County,06,2024-11-24,87.70124437648893,1732406400000,"{""type"":""MultiPoint"",""coordinates"":[]}"
1059_00000000000000000021,1857233047,225282636,41860,H1,013,01675903,488,A,06013,+37.9194790,-121.9515431,06,36084,G4020,Contra Costa,Contra Costa County,06,2024-11-25,83.29174720588715,1732492800000,"{""type"":""MultiPoint"",""coordinates"":[]}"
1059_00000000000000000023,1909598013,216923745,41860,H1,001,01675839,488,A,06001,+37.6471385,-121.9124880,06,36084,G4020,Alameda,Alameda County,06,2024-11-25,83.8554919586176,1732492800000,"{""type"":""MultiPoint"",""coordinates"":[]}"
1059_0000000000000000001f,121375681,479216672,41860,H6,075,00277302,488,C,06075,+37.7272391,-123.0322294,06,41884,G4020,San Francisco,San Francisco County,06,2024-11-25,85.50898091293995,1732492800000,"{""type"":""MultiPoint"",""coordinates"":[]}"
1060_00000000000000000021,1857233047,225282636,41860,H1,013,01675903,488,A,06013,+37.9194790,-121.9515431,06,36084,G4020,Contra Costa,Contra Costa County,06,2024-11-26,89.57431314312774,1732579200000,"{""type"":""MultiPoint"",""coordinates"":[]}"
1060_00000000000000000023,1909598013,216923745,41860,H1,001,01675839,488,A,06001,+37.6471385,-121.9124880,06,36084,G4020,Alameda,Alameda County,06,2024-11-26,90.90196853766919,1732579200000,"{""type"":""MultiPoint"",""coordinates"":[]}"
1060_0000000000000000001f,121375681,479216672,41860,H6,075,00277302,488,C,06075,+37.7272391,-123.0322294,06,41884,G4020,San Francisco,San Francisco County,06,2024-11-26,90.10058223620572,1732579200000,"{""type"":""MultiPoint"",""coordinates"":[]}"
1061_00000000000000000021,1857233047,225282636,41860,H1,013,01675903,488,A,06013,+37.9194790,-121.9515431,06,36084,G4020,Contra Costa,Contra Costa County,06,2024-11-27,73.87638655400195,1732665600000,"{""type"":""MultiPoint"",""coordinates"":[]}"
1061_00000000000000000023,1909598013,216923745,41860,H1,001,01675839,488,A,06001,+37.6471385,-121.9124880,06,36084,G4020,Alameda,Alameda County,06,2024-11-27,77.09727656812775,1732665600000,"{""type"":""MultiPoint"",""coordinates"":[]}"
1061_0000000000000000001f,121375681,479216672,41860,H6,075,00277302,488,C,06075,+37.7272391,-123.0322294,06,41884,G4020,San Francisco,San Francisco County,06,2024-11-27,74.48795061250456,1732665600000,"{""type"":""MultiPoint"",""coordinates"":[]}"
1062_00000000000000000021,1857233047,225282636,41860,H1,013,01675903,488,A,06013,+37.9194790,-121.9515431,06,36084,G4020,Contra Costa,Contra Costa County,06,2024-11-28,66.57478828270146,1732752000000,"{""type"":""MultiPoint"",""coordinates"":[]}"
1062_00000000000000000023,1909598013,216923745,41860,H1,001,01675839,488,A,06001,+37.6471385,-121.9124880,06,36084,G4020,Alameda,Alameda County,06,2024-11-28,65.00680888984932,1732752000000,"{""type"":""MultiPoint"",""coordinates"":[]}"
1062_0000000000000000001f,121375681,479216672,41860,H6,075,00277302,488,C,06075,+37.7272391,-123.0322294,06,41884,G4020,San Francisco,San Francisco County,06,2024-11-28,70.06918274849089,1732752000000,"{""type"":""MultiPoint"",""coordinates"":[]}"
1063_00000000000000000021,1857233047,225282636,41860,H1,013,01675903,488,A,06013,+37.9194790,-121.9515431,06,36084,G4020,Contra Costa,Contra Costa County,06,2024-11-29,74.30613914517821,1732838400000,"{""type"":""MultiPoint"",""coordinates"":[]}"
1063_00000000000000000023,1909598013,216923745,41860,H1,001,01675839,488,A,06001,+37.6471385,-121.9124880,06,36084,G4020,Alameda,Alameda County,06,2024-11-29,73.52384695935557,1732838400000,"{""type"":""MultiPoint"",""coordinates"":[]}"
1063_0000000000000000001f,121375681,479216672,41860,H6,075,00277302,488,C,06075,+37.7272391,-123.0322294,06,41884,G4020,San Francisco,San Francisco County,06,2024-11-29,75.979273310148,1732838400000,"{""type"":""MultiPoint"",""coordinates"":[]}"
1064_00000000000000000021,1857233047,225282636,41860,H1,013,01675903,488,A,06013,+37.9194790,-121.9515431,06,36084,G4020,Contra Costa,Contra Costa County,06,2024-11-30,79.54230862937585,1732924800000,"{""type"":""MultiPoint"",""coordinates"":[]}"
1064_00000000000000000023,1909598013,216923745,41860,H1,001,01675839,488,A,06001,+37.6471385,-121.9124880,06,36084,G4020,Alameda,Alameda County,06,2024-11-30,74.59672129591242,1732924800000,"{""type"":""MultiPoint"",""coordinates"":[]}"
1064_0000000000000000001f,121375681,479216672,41860,H6,075,00277302,488,C,06075,+37.7272391,-123.0322294,06,41884,G4020,San Francisco,San Francisco County,06,2024-11-30,78.26902874673065,1732924800000,"{""type"":""MultiPoint"",""coordinates"":[]}"
1065_00000000000000000021,1857233047,225282636,41860,H1,013,01675903,488,A,06013,+37.9194790,-121.9515431,06,36084,G4020,Contra Costa,Contra Costa County,06,2024-12-01,74.42575619596082,1733011200000,"{""type"":""MultiPoint"",""coordinates"":[]}"
1065_00000000000000000023,1909598013,216923745,41860,H1,001,01675839,488,A,06001,+37.6471385,-121.9124880,06,36084,G4020,Alameda,Alameda County,06,2024-12-01,70.46991352825978,1733011200000,"{""type"":""MultiPoint"",""coordinates"":[]}"
1065_0000000000000000001f,121375681,479216672,41860,H6,075,00277302,488,C,06075,+37.7272391,-123.0322294,06,41884,G4020,San Francisco,San Francisco County,06,2024-12-01,73.17169225140306,1733011200000,"{""type"":""MultiPoint"",""coordinates"":[]}"
1066_00000000000000000021,1857233047,225282636,41860,H1,013,01675903,488,A,06013,+37.9194790,-121.9515431,06,36084,G4020,Contra Costa,Contra Costa County,06,2024-12-02,66.49714796831196,1733097600000,"{""type"":""MultiPoint"",""coordinates"":[]}"
1066_00000000000000000023,1909598013,216923745,41860,H1,001,01675839,488,A,06001,+37.6471385,-121.9124880,06,36084,G4020,Alameda,Alameda County,06,2024-12-02,60.83391277520658,1733097600000,"{""type"":""MultiPoint"",""coordinates"":[]}"
1066_0000000000000000001f,121375681,479216672,41860,H6,075,00277302,488,C,06075,+37.7272391,-123.0322294,06,41884,G4020,San Francisco,San Francisco County,06,2024-12-02,73.43441566237526,1733097600000,"{""type"":""MultiPoint"",""coordinates"":[]}"
1067_00000000000000000021,1857233047,225282636,41860,H1,013,01675903,488,A,06013,+37.9194790,-121.9515431,06,36084,G4020,Contra Costa,Contra Costa County,06,2024-12-03,68.35647406555566,1733184000000,"{""type"":""MultiPoint"",""coordinates"":[]}"
1067_00000000000000000023,1909598013,216923745,41860,H1,001,01675839,488,A,06001,+37.6471385,-121.9124880,06,36084,G4020,Alameda,Alameda County,06,2024-12-03,57.820891434431445,1733184000000,"{""type"":""MultiPoint"",""coordinates"":[]}"
1067_0000000000000000001f,121375681,479216672,41860,H6,075,00277302,488,C,06075,+37.7272391,-123.0322294,06,41884,G4020,San Francisco,San Francisco County,06,2024-12-03,76.10109308246145,1733184000000,"{""type"":""MultiPoint"",""coordinates"":[]}"
1068_00000000000000000021,1857233047,225282636,41860,H1,013,01675903,488,A,06013,+37.9194790,-121.9515431,06,36084,G4020,Contra Costa,Contra Costa County,06,2024-12-04,73.49326216294858,1733270400000,"{""type"":""MultiPoint"",""coordinates"":[]}"
1068_00000000000000000023,1909598013,216923745,41860,H1,001,01675839,488,A,06001,+37.6471385,-121.9124880,06,36084,G4020,Alameda,Alameda County,06,2024-12-04,64.94764321471462,1733270400000,"{""type"":""MultiPoint"",""coordinates"":[]}"
1068_0000000000000000001f,121375681,479216672,41860,H6,075,00277302,488,C,06075,+37.7272391,-123.0322294,06,41884,G4020,San Francisco,San Francisco County,06,2024-12-04,80.81105802902484,1733270400000,"{""type"":""MultiPoint"",""coordinates"":[]}"
1069_00000000000000000021,1857233047,225282636,41860,H1,013,01675903,488,A,06013,+37.9194790,-121.9515431,06,36084,G4020,Contra Costa,Contra Costa County,06,2024-12-05,79.22422310675657,1733356800000,"{""type"":""MultiPoint"",""coordinates"":[]}"
1069_00000000000000000023,1909598013,216923745,41860,H1,001,01675839,488,A,06001,+37.6471385,-121.9124880,06,36084,G4020,Alameda,Alameda County,06,2024-12-05,66.39002550917867,1733356800000,"{""type"":""MultiPoint"",""coordinates"":[]}"
1069_0000000000000000001f,121375681,479216672,41860,H6,075,00277302,488,C,06075,+37.7272391,-123.0322294,06,41884,G4020,San Francisco,San Francisco County,06,2024-12-05,88.94887620242294,1733356800000,"{""type"":""MultiPoint"",""coordinates"":[]}"
1070_00000000000000000021,1857233047,225282636,41860,H1,013,01675903,488,A,06013,+37.9194790,-121.9515431,06,36084,G4020,Contra Costa,Contra Costa County,06,2024-12-06,83.53739715191061,1733443200000,"{""type"":""MultiPoint"",""coordinates"":[]}"
1070_00000000000000000023,1909598013,216923745,41860,H1,001,01675839,488,A,06001,+37.6471385,-121.9124880,06,36084,G4020,Alameda,Alameda County,06,2024-12-06,69.22510590308929,1733443200000,"{""type"":""MultiPoint"",""coordinates"":[]}"
1070_0000000000000000001f,121375681,479216672,41860,H6,075,00277302,488,C,06075,+37.7272391,-123.0322294,06,41884,G4020,San Francisco,San Francisco County,06,2024-12-06,90.63576603452721,1733443200000,"{""type"":""MultiPoint"",""coordinates"":[]}"
1071_00000000000000000021,1857233047,225282636,41860,H1,013,01675903,488,A,06013,+37.9194790,-121.9515431,06,36084,G4020,Contra Costa,Contra Costa County,06,2024-12-07,82.97308125227065,1733529600000,"{""type"":""MultiPoint"",""coordinates"":[]}"
1071_00000000000000000023,1909598013,216923745,41860,H1,001,01675839,488,A,06001,+37.6471385,-121.9124880,06,36084,G4020,Alameda,Alameda County,06,2024-12-07,69.58838084041001,1733529600000,"{""type"":""MultiPoint"",""coordinates"":[]}"
1071_0000000000000000001f,121375681,479216672,41860,H6,075,00277302,488,C,06075,+37.7272391,-123.0322294,06,41884,G4020,San Francisco,San Francisco County,06,2024-12-07,90.26821819828709,1733529600000,"{""type"":""MultiPoint"",""coordinates"":[]}"
1072_00000000000000000021,1857233047,225282636,41860,H1,013,01675903,488,A,06013,+37.9194790,-121.9515431,06,36084,G4020,Contra Costa,Contra Costa County,06,2024-12-08,82.71712003906912,1733616000000,"{""type"":""MultiPoint"",""coordinates"":[]}"
1072_00000000000000000023,1909598013,216923745,41860,H1,001,01675839,488,A,06001,+37.6471385,-121.9124880,06,36084,G4020,Alameda,Alameda County,06,2024-12-08,73.79674098561719,1733616000000,"{""type"":""MultiPoint"",""coordinates"":[]}"
1072_0000000000000000001f,121375681,479216672,41860,H6,075,00277302,488,C,06075,+37.7272391,-123.0322294,06,41884,G4020,San Francisco,San Francisco County,06,2024-12-08,91.94815336405338,1733616000000,"{""type"":""MultiPoint"",""coordinates"":[]}"
1073_00000000000000000021,1857233047,225282636,41860,H1,013,01675903,488,A,06013,+37.9194790,-121.9515431,06,36084,G4020,Contra Costa,Contra Costa County,06,2024-12-09,62.09419221826742,1733702400000,"{""type"":""MultiPoint"",""coordinates"":[]}"
1073_00000000000000000023,1909598013,216923745,41860,H1,001,01675839,488,A,06001,+37.6471385,-121.9124880,06,36084,G4020,Alameda,Alameda County,06,2024-12-09,53.4560422383333,1733702400000,"{""type"":""MultiPoint"",""coordinates"":[]}"
1073_0000000000000000001f,121375681,479216672,41860,H6,075,00277302,488,C,06075,+37.7272391,-123.0322294,06,41884,G4020,San Francisco,San Francisco County,06,2024-12-09,74.70509795832311,1733702400000,"{""type"":""MultiPoint"",""coordinates"":[]}"
1074_00000000000000000021,1857233047,225282636,41860,H1,013,01675903,488,A,06013,+37.9194790,-121.9515431,06,36084,G4020,Contra Costa,Contra Costa County,06,2024-12-10,60.02458670594901,1733788800000,"{""type"":""MultiPoint"",""coordinates"":[]}"
1074_00000000000000000023,1909598013,216923745,41860,H1,001,01675839,488,A,06001,+37.6471385,-121.9124880,06,36084,G4020,Alameda,Alameda County,06,2024-12-10,56.17221745129125,1733788800000,"{""type"":""MultiPoint"",""coordinates"":[]}"
1074_0000000000000000001f,121375681,479216672,41860,H6,075,00277302,488,C,06075,+37.7272391,-123.0322294,06,41884,G4020,San Francisco,San Francisco County,06,2024-12-10,60.25761081823002,1733788800000,"{""type"":""MultiPoint"",""coordinates"":[]}"
1075_00000000000000000021,1857233047,225282636,41860,H1,013,01675903,488,A,06013,+37.9194790,-121.9515431,06,36084,G4020,Contra Costa,Contra Costa County,06,2024-12-11,76.5016257022463,1733875200000,"{""type"":""MultiPoint"",""coordinates"":[]}"
1075_00000000000000000023,1909598013,216923745,41860,H1,001,01675839,488,A,06001,+37.6471385,-121.9124880,06,36084,G4020,Alameda,Alameda County,06,2024-12-11,63.45326022411346,1733875200000,"{""type"":""MultiPoint"",""coordinates"":[]}"
1075_0000000000000000001f,121375681,479216672,41860,H6,075,00277302,488,C,06075,+37.7272391,-123.0322294,06,41884,G4020,San Francisco,San Francisco County,06,2024-12-11,78.7547109533487,1733875200000,"{""type"":""MultiPoint"",""coordinates"":[]}"
1076_00000000000000000021,1857233047,225282636,41860,H1,013,01675903,488,A,06013,+37.9194790,-121.9515431,06,36084,G4020,Contra Costa,Contra Costa County,06,2024-12-12,80.75910756851243,1733961600000,"{""type"":""MultiPoint"",""coordinates"":[]}"
1076_00000000000000000023,1909598013,216923745,41860,H1,001,01675839,488,A,06001,+37.6471385,-121.9124880,06,36084,G4020,Alameda,Alameda County,06,2024-12-12,75.36826604061046,1733961600000,"{""type"":""MultiPoint"",""coordinates"":[]}"
1076_0000000000000000001f,121375681,479216672,41860,H6,075,00277302,488,C,06075,+37.7272391,-123.0322294,06,41884,G4020,San Francisco,San Francisco County,06,2024-12-12,82.85554914708668,1733961600000,"{""type"":""MultiPoint"",""coordinates"":[]}"
1077_00000000000000000021,1857233047,225282636,41860,H1,013,01675903,488,A,06013,+37.9194790,-121.9515431,06,36084,G4020,Contra Costa,Contra Costa County,06,2024-12-13,87.45866533487026,1734048000000,"{""type"":""MultiPoint"",""coordinates"":[]}"
1077_00000000000000000023,1909598013,216923745,41860,H1,001,01675839,488,A,06001,+37.6471385,-121.9124880,06,36084,G4020,Alameda,Alameda County,06,2024-12-13,87.5040872318052,1734048000000,"{""type"":""MultiPoint"",""coordinates"":[]}"
1077_0000000000000000001f,121375681,479216672,41860,H6,075,00277302,488,C,06075,+37.7272391,-123.0322294,06,41884,G4020,San Francisco,San Francisco County,06,2024-12-13,87.71369631606122,1734048000000,"{""type"":""MultiPoint"",""coordinates"":[]}"
1078_00000000000000000021,1857233047,225282636,41860,H1,013,01675903,488,A,06013,+37.9194790,-121.9515431,06,36084,G4020,Contra Costa,Contra Costa County,06,2024-12-14,76.58156355563791,1734134400000,"{""type"":""MultiPoint"",""coordinates"":[]}"
1078_00000000000000000023,1909598013,216923745,41860,H1,001,01675839,488,A,06001,+37.6471385,-121.9124880,06,36084,G4020,Alameda,Alameda County,06,2024-12-14,78.35017012300969,1734134400000,"{""type"":""MultiPoint"",""coordinates"":[]}"
1078_0000000000000000001f,121375681,479216672,41860,H6,075,00277302,488,C,06075,+37.7272391,-123.0322294,06,41884,G4020,San Francisco,San Francisco County,06,2024-12-14,82.9095831477535,1734134400000,"{""type"":""MultiPoint"",""coordinates"":[]}"
1079_00000000000000000021,1857233047,225282636,41860,H1,013,01675903,488,A,06013,+37.9194790,-121.9515431,06,36084,G4020,Contra Costa,Contra Costa County,06,2024-12-15,90.11765426387433,1734220800000,"{""type"":""MultiPoint"",""coordinates"":[]}"
1079_00000000000000000023,1909598013,216923745,41860,H1,001,01675839,488,A,06001,+37.6471385,-121.9124880,06,36084,G4020,Alameda,Alameda County,06,2024-12-15,88.33672556564173,1734220800000,"{""type"":""MultiPoint"",""coordinates"":[]}"
1079_0000000000000000001f,121375681,479216672,41860,H6,075,00277302,488,C,06075,+37.7272391,-123.0322294,06,41884,G4020,San Francisco,San Francisco County,06,2024-12-15,91.28627010292689,1734220800000,"{""type"":""MultiPoint"",""coordinates"":[]}"
1080_00000000000000000021,1857233047,225282636,41860,H1,013,01675903,488,A,06013,+37.9194790,-121.9515431,06,36084,G4020,Contra Costa,Contra Costa County,06,2024-12-16,90.2442155171552,1734307200000,"{""type"":""MultiPoint"",""coordinates"":[]}"
1080_00000000000000000023,1909598013,216923745,41860,H1,001,01675839,488,A,06001,+37.6471385,-121.9124880,06,36084,G4020,Alameda,Alameda County,06,2024-12-16,84.52185366734984,1734307200000,"{""type"":""MultiPoint"",""coordinates"":[]}"
1080_0000000000000000001f,121375681,479216672,41860,H6,075,00277302,488,C,06075,+37.7272391,-123.0322294,06,41884,G4020,San Francisco,San Francisco County,06,2024-12-16,88.29991625802502,1734307200000,"{""type"":""MultiPoint"",""coordinates"":[]}"
1081_00000000000000000021,1857233047,225282636,41860,H1,013,01675903,488,A,06013,+37.9194790,-121.9515431,06,36084,G4020,Contra Costa,Contra Costa County,06,2024-12-17,93.31448580616996,1734393600000,"{""type"":""MultiPoint"",""coordinates"":[]}"
1081_00000000000000000023,1909598013,216923745,41860,H1,001,01675839,488,A,06001,+37.6471385,-121.9124880,06,36084,G4020,Alameda,Alameda County,06,2024-12-17,92.23837959691532,1734393600000,"{""type"":""MultiPoint"",""coordinates"":[]}"
1081_0000000000000000001f,121375681,479216672,41860,H6,075,00277302,488,C,06075,+37.7272391,-123.0322294,06,41884,G4020,San Francisco,San Francisco County,06,2024-12-17,94.9407595292268,1734393600000,"{""type"":""MultiPoint"",""coordinates"":[]}"
1082_00000000000000000021,1857233047,225282636,41860,H1,013,01675903,488,A,06013,+37.9194790,-121.9515431,06,36084,G4020,Contra Costa,Contra Costa County,06,2024-12-18,86.90993961634223,1734480000000,"{""type"":""MultiPoint"",""coordinates"":[]}"
1082_00000000000000000023,1909598013,216923745,41860,H1,001,01675839,488,A,06001,+37.6471385,-121.9124880,06,36084,G4020,Alameda,Alameda County,06,2024-12-18,76.22872873220608,1734480000000,"{""type"":""MultiPoint"",""coordinates"":[]}"
1082_0000000000000000001f,121375681,479216672,41860,H6,075,00277302,488,C,06075,+37.7272391,-123.0322294,06,41884,G4020,San Francisco,San Francisco County,06,2024-12-18,91.28394525146263,1734480000000,"{""type"":""MultiPoint"",""coordinates"":[]}"
1083_00000000000000000021,1857233047,225282636,41860,H1,013,01675903,488,A,06013,+37.9194790,-121.9515431,06,36084,G4020,Contra Costa,Contra Costa County,06,2024-12-19,90.58505675590254,1734566400000,"{""type"":""MultiPoint"",""coordinates"":[]}"
1083_00000000000000000023,1909598013,216923745,41860,H1,001,01675839,488,A,06001,+37.6471385,-121.9124880,06,36084,G4020,Alameda,Alameda County,06,2024-12-19,80.9258453369403,1734566400000,"{""type"":""MultiPoint"",""coordinates"":[]}"
1083_0000000000000000001f,121375681,479216672,41860,H6,075,00277302,488,C,06075,+37.7272391,-123.0322294,06,41884,G4020,San Francisco,San Francisco County,06,2024-12-19,89.66857586920901,1734566400000,"{""type"":""MultiPoint"",""coordinates"":[]}"
1084_00000000000000000021,1857233047,225282636,41860,H1,013,01675903,488,A,06013,+37.9194790,-121.9515431,06,36084,G4020,Contra Costa,Contra Costa County,06,2024-12-20,91.83779147391301,1734652800000,"{""type"":""MultiPoint"",""coordinates"":[]}"
1084_00000000000000000023,1909598013,216923745,41860,H1,001,01675839,488,A,06001,+37.6471385,-121.9124880,06,36084,G4020,Alameda,Alameda County,06,2024-12-20,82.47090770344022,1734652800000,"{""type"":""MultiPoint"",""coordinates"":[]}"
1084_0000000000000000001f,121375681,479216672,41860,H6,075,00277302,488,C,06075,+37.7272391,-123.0322294,06,41884,G4020,San Francisco,San Francisco County,06,2024-12-20,90.80754236393011,1734652800000,"{""type"":""MultiPoint"",""coordinates"":[]}"
1085_00000000000000000021,1857233047,225282636,41860,H1,013,01675903,488,A,06013,+37.9194790,-121.9515431,06,36084,G4020,Contra Costa,Contra Costa County,06,2024-12-21,93.32212516668955,1734739200000,"{""type"":""MultiPoint"",""coordinates"":[]}"
1085_00000000000000000023,1909598013,216923745,41860,H1,001,01675839,488,A,06001,+37.6471385,-121.9124880,06,36084,G4020,Alameda,Alameda County,06,2024-12-21,87.85785408219661,1734739200000,"{""type"":""MultiPoint"",""coordinates"":[]}"
1085_0000000000000000001f,121375681,479216672,41860,H6,075,00277302,488,C,06075,+37.7272391,-123.0322294,06,41884,G4020,San Francisco,San Francisco County,06,2024-12-21,90.93666598338035,1734739200000,"{""type"":""MultiPoint"",""coordinates"":[]}"
1086_00000000000000000021,1857233047,225282636,41860,H1,013,01675903,488,A,06013,+37.9194790,-121.9515431,06,36084,G4020,Contra Costa,Contra Costa County,06,2024-12-22,91.50762188998524,1734825600000,"{""type"":""MultiPoint"",""coordinates"":[]}"
1086_00000000000000000023,1909598013,216923745,41860,H1,001,01675839,488,A,06001,+37.6471385,-121.9124880,06,36084,G4020,Alameda,Alameda County,06,2024-12-22,91.16543647313448,1734825600000,"{""type"":""MultiPoint"",""coordinates"":[]}"
1086_0000000000000000001f,121375681,479216672,41860,H6,075,00277302,488,C,06075,+37.7272391,-123.0322294,06,41884,G4020,San Francisco,San Francisco County,06,2024-12-22,92.58630082575557,1734825600000,"{""type"":""MultiPoint"",""coordinates"":[]}"
1087_00000000000000000021,1857233047,225282636,41860,H1,013,01675903,488,A,06013,+37.9194790,-121.9515431,06,36084,G4020,Contra Costa,Contra Costa County,06,2024-12-23,91.70365651306214,1734912000000,"{""type"":""MultiPoint"",""coordinates"":[]}"
1087_00000000000000000023,1909598013,216923745,41860,H1,001,01675839,488,A,06001,+37.6471385,-121.9124880,06,36084,G4020,Alameda,Alameda County,06,2024-12-23,90.76265681147349,1734912000000,"{""type"":""MultiPoint"",""coordinates"":[]}"
1087_0000000000000000001f,121375681,479216672,41860,H6,075,00277302,488,C,06075,+37.7272391,-123.0322294,06,41884,G4020,San Francisco,San Francisco County,06,2024-12-23,94.26230747331773,1734912000000,"{""type"":""MultiPoint"",""coordinates"":[]}"
1088_00000000000000000021,1857233047,225282636,41860,H1,013,01675903,488,A,06013,+37.9194790,-121.9515431,06,36084,G4020,Contra Costa,Contra Costa County,06,2024-12-24,90.01861982293758,1734998400000,"{""type"":""MultiPoint"",""coordinates"":[]}"
1088_00000000000000000023,1909598013,216923745,41860,H1,001,01675839,488,A,06001,+37.6471385,-121.9124880,06,36084,G4020,Alameda,Alameda County,06,2024-12-24,91.21548444900016,1734998400000,"{""type"":""MultiPoint"",""coordinates"":[]}"
1088_0000000000000000001f,121375681,479216672,41860,H6,075,00277302,488,C,06075,+37.7272391,-123.0322294,06,41884,G4020,San Francisco,San Francisco County,06,2024-12-24,91.21785024565713,1734998400000,"{""type"":""MultiPoint"",""coordinates"":[]}"
1089_00000000000000000021,1857233047,225282636,41860,H1,013,01675903,488,A,06013,+37.9194790,-121.9515431,06,36084,G4020,Contra Costa,Contra Costa County,06,2024-12-25,84.8418446731396,1735084800000,"{""type"":""MultiPoint"",""coordinates"":[]}"
1089_00000000000000000023,1909598013,216923745,41860,H1,001,01675839,488,A,06001,+37.6471385,-121.9124880,06,36084,G4020,Alameda,Alameda County,06,2024-12-25,86.2220497148382,1735084800000,"{""type"":""MultiPoint"",""coordinates"":[]}"
1089_0000000000000000001f,121375681,479216672,41860,H6,075,00277302,488,C,06075,+37.7272391,-123.0322294,06,41884,G4020,San Francisco,San Francisco County,06,2024-12-25,82.85191046173442,1735084800000,"{""type"":""MultiPoint"",""coordinates"":[]}"
1090_00000000000000000021,1857233047,225282636,41860,H1,013,01675903,488,A,06013,+37.9194790,-121.9515431,06,36084,G4020,Contra Costa,Contra Costa County,06,2024-12-26,81.64381650319615,1735171200000,"{""type"":""MultiPoint"",""coordinates"":[]}"
1090_00000000000000000023,1909598013,216923745,41860,H1,001,01675839,488,A,06001,+37.6471385,-121.9124880,06,36084,G4020,Alameda,Alameda County,06,2024-12-26,81.58709715704563,1735171200000,"{""type"":""MultiPoint"",""coordinates"":[]}"
1090_0000000000000000001f,121375681,479216672,41860,H6,075,00277302,488,C,06075,+37.7272391,-123.0322294,06,41884,G4020,San Francisco,San Francisco County,06,2024-12-26,85.54955806044893,1735171200000,"{""type"":""MultiPoint"",""coordinates"":[]}"
1091_00000000000000000021,1857233047,225282636,41860,H1,013,01675903,488,A,06013,+37.9194790,-121.9515431,06,36084,G4020,Contra Costa,Contra Costa County,06,2024-12-27,89.22595028739573,1735257600000,"{""type"":""MultiPoint"",""coordinates"":[]}"
1091_00000000000000000023,1909598013,216923745,41860,H1,001,01675839,488,A,06001,+37.6471385,-121.9124880,06,36084,G4020,Alameda,Alameda County,06,2024-12-27,90.3568071235936,1735257600000,"{""type"":""MultiPoint"",""coordinates"":[]}"
1091_0000000000000000001f,121375681,479216672,41860,H6,075,00277302,488,C,06075,+37.7272391,-123.0322294,06,41884,G4020,San Francisco,San Francisco County,06,2024-12-27,91.00189669374313,1735257600000,"{""type"":""MultiPoint"",""coordinates"":[]}"
1092_00000000000000000021,1857233047,225282636,41860,H1,013,01675903,488,A,06013,+37.9194790,-121.9515431,06,36084,G4020,Contra Costa,Contra Costa County,06,2024-12-28,87.45173864126726,1735344000000,"{""type"":""MultiPoint"",""coordinates"":[]}"
1092_00000000000000000023,1909598013,216923745,41860,H1,001,01675839,488,A,06001,+37.6471385,-121.9124880,06,36084,G4020,Alameda,Alameda County,06,2024-12-28,88.28924183453458,1735344000000,"{""type"":""MultiPoint"",""coordinates"":[]}"
1092_0000000000000000001f,121375681,479216672,41860,H6,075,00277302,488,C,06075,+37.7272391,-123.0322294,06,41884,G4020,San Francisco,San Francisco County,06,2024-12-28,90.66187563509285,1735344000000,"{""type"":""MultiPoint"",""coordinates"":[]}"
1093_00000000000000000021,1857233047,225282636,41860,H1,013,01675903,488,A,06013,+37.9194790,-121.9515431,06,36084,G4020,Contra Costa,Contra Costa County,06,2024-12-29,87.81088404596885,1735430400000,"{""type"":""MultiPoint"",""coordinates"":[]}"
1093_00000000000000000023,1909598013,216923745,41860,H1,001,01675839,488,A,06001,+37.6471385,-121.9124880,06,36084,G4020,Alameda,Alameda County,06,2024-12-29,90.36361781142685,1735430400000,"{""type"":""MultiPoint"",""coordinates"":[]}"
1093_0000000000000000001f,121375681,479216672,41860,H6,075,00277302,488,C,06075,+37.7272391,-123.0322294,06,41884,G4020,San Francisco,San Francisco County,06,2024-12-29,89.15605628058215,1735430400000,"{""type"":""MultiPoint"",""coordinates"":[]}"
1094_00000000000000000021,1857233047,225282636,41860,H1,013,01675903,488,A,06013,+37.9194790,-121.9515431,06,36084,G4020,Contra Costa,Contra Costa County,06,2024-12-30,81.89239781116393,1735516800000,"{""type"":""MultiPoint"",""coordinates"":[]}"
1094_00000000000000000023,1909598013,216923745,41860,H1,001,01675839,488,A,06001,+37.6471385,-121.9124880,06,36084,G4020,Alameda,Alameda County,06,2024-12-30,85.73567843838302,1735516800000,"{""type"":""MultiPoint"",""coordinates"":[]}"
1094_0000000000000000001f,121375681,479216672,41860,H6,075,00277302,488,C,06075,+37.7272391,-123.0322294,06,41884,G4020,San Francisco,San Francisco County,06,2024-12-30,81.84560988278,1735516800000,"{""type"":""MultiPoint"",""coordinates"":[]}"
1095_00000000000000000021,1857233047,225282636,41860,H1,013,01675903,488,A,06013,+37.9194790,-121.9515431,06,36084,G4020,Contra Costa,Contra Costa County,06,2024-12-31,67.67695849631178,1735603200000,"{""type"":""MultiPoint"",""coordinates"":[]}"
1095_00000000000000000023,1909598013,216923745,41860,H1,001,01675839,488,A,06001,+37.6471385,-121.9124880,06,36084,G4020,Alameda,Alameda County,06,2024-12-31,64.24959336071005,1735603200000,"{""type"":""MultiPoint"",""coordinates"":[]}"
1095_0000000000000000001f,121375681,479216672,41860,H6,075,00277302,488,C,06075,+37.7272391,-123.0322294,06,41884,G4020,San Francisco,San Francisco County,06,2024-12-31,76.64963311713674,1735603200000,"{""type"":""MultiPoint"",""coordinates"":[]}"
1096_00000000000000000021,1857233047,225282636,41860,H1,013,01675903,488,A,06013,+37.9194790,-121.9515431,06,36084,G4020,Contra Costa,Contra Costa County,06,2025-01-01,75.53124618574726,1735689600000,"{""type"":""MultiPoint"",""coordinates"":[]}"
1096_00000000000000000023,1909598013,216923745,41860,H1,001,01675839,488,A,06001,+37.6471385,-121.9124880,06,36084,G4020,Alameda,Alameda County,06,2025-01-01,65.09734715680447,1735689600000,"{""type"":""MultiPoint"",""coordinates"":[]}"
1096_0000000000000000001f,121375681,479216672,41860,H6,075,00277302,488,C,06075,+37.7272391,-123.0322294,06,41884,G4020,San Francisco,San Francisco County,06,2025-01-01,80.88339753003778,1735689600000,"{""type"":""MultiPoint"",""coordinates"":[]}"
1097_00000000000000000021,1857233047,225282636,41860,H1,013,01675903,488,A,06013,+37.9194790,-121.9515431,06,36084,G4020,Contra Costa,Contra Costa County,06,2025-01-02,80.69634206017786,1735776000000,"{""type"":""MultiPoint"",""coordinates"":[]}"
1097_00000000000000000023,1909598013,216923745,41860,H1,001,01675839,488,A,06001,+37.6471385,-121.9124880,06,36084,G4020,Alameda,Alameda County,06,2025-01-02,74.15932956727733,1735776000000,"{""type"":""MultiPoint"",""coordinates"":[]}"
1097_0000000000000000001f,121375681,479216672,41860,H6,075,00277302,488,C,06075,+37.7272391,-123.0322294,06,41884,G4020,San Francisco,San Francisco County,06,2025-01-02,82.27866806385259,1735776000000,"{""type"":""MultiPoint"",""coordinates"":[]}"
1098_00000000000000000021,1857233047,225282636,41860,H1,013,01675903,488,A,06013,+37.9194790,-121.9515431,06,36084,G4020,Contra Costa,Contra Costa County,06,2025-01-03,90.37529492160283,1735862400000,"{""type"":""MultiPoint"",""coordinates"":[]}"
1098_00000000000000000023,1909598013,216923745,41860,H1,001,01675839,488,A,06001,+37.6471385,-121.9124880,06,36084,G4020,Alameda,Alameda County,06,2025-01-03,86.26124131726075,1735862400000,"{""type"":""MultiPoint"",""coordinates"":[]}"
1098_0000000000000000001f,121375681,479216672,41860,H6,075,00277302,488,C,06075,+37.7272391,-123.0322294,06,41884,G4020,San Francisco,San Francisco County,06,2025-01-03,91.68975957632028,1735862400000,"{""type"":""MultiPoint"",""coordinates"":[]}"
1099_00000000000000000021,1857233047,225282636,41860,H1,013,01675903,488,A,06013,+37.9194790,-121.9515431,06,36084,G4020,Contra Costa,Contra Costa County,06,2025-01-04,92.88400083287215,1735948800000,"{""type"":""MultiPoint"",""coordinates"":[]}"
1099_00000000000000000023,1909598013,216923745,41860,H1,001,01675839,488,A,06001,+37.6471385,-121.9124880,06,36084,G4020,Alameda,Alameda County,06,2025-01-04,92.28387125767942,1735948800000,"{""type"":""MultiPoint"",""coordinates"":[]}"
1099_0000000000000000001f,121375681,479216672,41860,H6,075,00277302,488,C,06075,+37.7272391,-123.0322294,06,41884,G4020,San Francisco,San Francisco County,06,2025-01-04,92.69087697156873,1735948800000,"{""type"":""MultiPoint"",""coordinates"":[]}"
1100_00000000000000000021,1857233047,225282636,41860,H1,013,01675903,488,A,06013,+37.9194790,-121.9515431,06,36084,G4020,Contra Costa,Contra Costa County,06,2025-01-05,89.06223968191323,1736035200000,"{""type"":""MultiPoint"",""coordinates"":[]}"
1100_00000000000000000023,1909598013,216923745,41860,H1,001,01675839,488,A,06001,+37.6471385,-121.9124880,06,36084,G4020,Alameda,Alameda County,06,2025-01-05,85.29306639984065,1736035200000,"{""type"":""MultiPoint"",""coordinates"":[]}"
1100_0000000000000000001f,121375681,479216672,41860,H6,075,00277302,488,C,06075,+37.7272391,-123.0322294,06,41884,G4020,San Francisco,San Francisco County,06,2025-01-05,87.85562249521591,1736035200000,"{""type"":""MultiPoint"",""coordinates"":[]}"
1101_00000000000000000021,1857233047,225282636,41860,H1,013,01675903,488,A,06013,+37.9194790,-121.9515431,06,36084,G4020,Contra Costa,Contra Costa County,06,2025-01-06,91.52426892910245,1736121600000,"{""type"":""MultiPoint"",""coordinates"":[]}"
1101_00000000000000000023,1909598013,216923745,41860,H1,001,01675839,488,A,06001,+37.6471385,-121.9124880,06,36084,G4020,Alameda,Alameda County,06,2025-01-06,86.30954514499466,1736121600000,"{""type"":""MultiPoint"",""coordinates"":[]}"
1101_0000000000000000001f,121375681,479216672,41860,H6,075,00277302,488,C,06075,+37.7272391,-123.0322294,06,41884,G4020,San Francisco,San Francisco County,06,2025-01-06,94.6015917880104,1736121600000,"{""type"":""MultiPoint"",""coordinates"":[]}"
1102_00000000000000000021,1857233047,225282636,41860,H1,013,01675903,488,A,06013,+37.9194790,-121.9515431,06,36084,G4020,Contra Costa,Contra Costa County,06,2025-01-07,62.92451639116204,1736208000000,"{""type"":""MultiPoint"",""coordinates"":[]}"
1102_00000000000000000023,1909598013,216923745,41860,H1,001,01675839,488,A,06001,+37.6471385,-121.9124880,06,36084,G4020,Alameda,Alameda County,06,2025-01-07,68.9658181880621,1736208000000,"{""type"":""MultiPoint"",""coordinates"":[]}"
1102_0000000000000000001f,121375681,479216672,41860,H6,075,00277302,488,C,06075,+37.7272391,-123.0322294,06,41884,G4020,San Francisco,San Francisco County,06,2025-01-07,63.78285523438915,1736208000000,"{""type"":""MultiPoint"",""coordinates"":[]}"
1103_00000000000000000021,1857233047,225282636,41860,H1,013,01675903,488,A,06013,+37.9194790,-121.9515431,06,36084,G4020,Contra Costa,Contra Costa County,06,2025-01-08,43.86423659782395,1736294400000,"{""type"":""MultiPoint"",""coordinates"":[]}"
1103_00000000000000000023,1909598013,216923745,41860,H1,001,01675839,488,A,06001,+37.6471385,-121.9124880,06,36084,G4020,Alameda,Alameda County,06,2025-01-08,48.395385167019036,1736294400000,"{""type"":""MultiPoint"",""coordinates"":[]}"
1103_0000000000000000001f,121375681,479216672,41860,H6,075,00277302,488,C,06075,+37.7272391,-123.0322294,06,41884,G4020,San Francisco,San Francisco County,06,2025-01-08,47.671636001419024,1736294400000,"{""type"":""MultiPoint"",""coordinates"":[]}"
1104_00000000000000000021,1857233047,225282636,41860,H1,013,01675903,488,A,06013,+37.9194790,-121.9515431,06,36084,G4020,Contra Costa,Contra Costa County,06,2025-01-09,56.46500177935447,1736380800000,"{""type"":""MultiPoint"",""coordinates"":[]}"
1104_00000000000000000023,1909598013,216923745,41860,H1,001,01675839,488,A,06001,+37.6471385,-121.9124880,06,36084,G4020,Alameda,Alameda County,06,2025-01-09,49.579109582371046,1736380800000,"{""type"":""MultiPoint"",""coordinates"":[]}"
1104_0000000000000000001f,121375681,479216672,41860,H6,075,00277302,488,C,06075,+37.7272391,-123.0322294,06,41884,G4020,San Francisco,San Francisco County,06,2025-01-09,64.32262508970705,1736380800000,"{""type"":""MultiPoint"",""coordinates"":[]}"
1105_00000000000000000021,1857233047,225282636,41860,H1,013,01675903,488,A,06013,+37.9194790,-121.9515431,06,36084,G4020,Contra Costa,Contra Costa County,06,2025-01-10,61.7604437040059,1736467200000,"{""type"":""MultiPoint"",""coordinates"":[]}"
1105_00000000000000000023,1909598013,216923745,41860,H1,001,01675839,488,A,06001,+37.6471385,-121.9124880,06,36084,G4020,Alameda,Alameda County,06,2025-01-10,57.110152331419215,1736467200000,"{""type"":""MultiPoint"",""coordinates"":[]}"
1105_0000000000000000001f,121375681,479216672,41860,H6,075,00277302,488,C,06075,+37.7272391,-123.0322294,06,41884,G4020,San Francisco,San Francisco County,06,2025-01-10,64.62650616354101,1736467200000,"{""type"":""MultiPoint"",""coordinates"":[]}"
1106_00000000000000000021,1857233047,225282636,41860,H1,013,01675903,488,A,06013,+37.9194790,-121.9515431,06,36084,G4020,Contra Costa,Contra Costa County,06,2025-01-11,62.67143765076059,1736553600000,"{""type"":""MultiPoint"",""coordinates"":[]}"
1106_00000000000000000023,1909598013,216923745,41860,H1,001,01675839,488,A,06001,+37.6471385,-121.9124880,06,36084,G4020,Alameda,Alameda County,06,2025-01-11,64.7729671399729,1736553600000,"{""type"":""MultiPoint"",""coordinates"":[]}"
1106_0000000000000000001f,121375681,479216672,41860,H6,075,00277302,488,C,06075,+37.7272391,-123.0322294,06,41884,G4020,San Francisco,San Francisco County,06,2025-01-11,69.19280575116471,1736553600000,"{""type"":""MultiPoint"",""coordinates"":[]}"
1107_00000000000000000021,1857233047,225282636,41860,H1,013,01675903,488,A,06013,+37.9194790,-121.9515431,06,36084,G4020,Contra Costa,Contra Costa County,06,2025-01-12,44.23256703906646,1736640000000,"{""type"":""MultiPoint"",""coordinates"":[]}"
1107_00000000000000000023,1909598013,216923745,41860,H1,001,01675839,488,A,06001,+37.6471385,-121.9124880,06,36084,G4020,Alameda,Alameda County,06,2025-01-12,48.19683951223012,1736640000000,"{""type"":""MultiPoint"",""coordinates"":[]}"
1107_0000000000000000001f,121375681,479216672,41860,H6,075,00277302,488,C,06075,+37.7272391,-123.0322294,06,41884,G4020,San Francisco,San Francisco County,06,2025-01-12,51.467526227686804,1736640000000,"{""type"":""MultiPoint"",""coordinates"":[]}"
1108_00000000000000000021,1857233047,225282636,41860,H1,013,01675903,488,A,06013,+37.9194790,-121.9515431,06,36084,G4020,Contra Costa,Contra Costa County,06,2025-01-13,56.79665475837587,1736726400000,"{""type"":""MultiPoint"",""coordinates"":[]}"
1108_00000000000000000023,1909598013,216923745,41860,H1,001,01675839,488,A,06001,+37.6471385,-121.9124880,06,36084,G4020,Alameda,Alameda County,06,2025-01-13,56.46735129249467,1736726400000,"{""type"":""MultiPoint"",""coordinates"":[]}"
1108_0000000000000000001f,121375681,479216672,41860,H6,075,00277302,488,C,06075,+37.7272391,-123.0322294,06,41884,G4020,San Francisco,San Francisco County,06,2025-01-13,62.81311913684653,1736726400000,"{""type"":""MultiPoint"",""coordinates"":[]}"
1109_00000000000000000021,1857233047,225282636,41860,H1,013,01675903,488,A,06013,+37.9194790,-121.9515431,06,36084,G4020,Contra Costa,Contra Costa County,06,2025-01-14,66.72681677741193,1736812800000,"{""type"":""MultiPoint"",""coordinates"":[]}"
1109_00000000000000000023,1909598013,216923745,41860,H1,001,01675839,488,A,06001,+37.6471385,-121.9124880,06,36084,G4020,Alameda,Alameda County,06,2025-01-14,58.2053501760392,1736812800000,"{""type"":""MultiPoint"",""coordinates"":[]}"
1109_0000000000000000001f,121375681,479216672,41860,H6,075,00277302,488,C,06075,+37.7272391,-123.0322294,06,41884,G4020,San Francisco,San Francisco County,06,2025-01-14,69.2673294323627,1736812800000,"{""type"":""MultiPoint"",""coordinates"":[]}"
1110_00000000000000000021,1857233047,225282636,41860,H1,013,01675903,488,A,06013,+37.9194790,-121.9515431,06,36084,G4020,Contra Costa,Contra Costa County,06,2025-01-15,68.78011392083157,1736899200000,"{""type"":""MultiPoint"",""coordinates"":[]}"
1110_00000000000000000023,1909598013,216923745,41860,H1,001,01675839,488,A,06001,+37.6471385,-121.9124880,06,36084,G4020,Alameda,Alameda County,06,2025-01-15,62.01616750528145,1736899200000,"{""type"":""MultiPoint"",""coordinates"":[]}"
1110_0000000000000000001f,121375681,479216672,41860,H6,075,00277302,488,C,06075,+37.7272391,-123.0322294,06,41884,G4020,San Francisco,San Francisco County,06,2025-01-15,76.7311525774069,1736899200000,"{""type"":""MultiPoint"",""coordinates"":[]}"
1111_00000000000000000021,1857233047,225282636,41860,H1,013,01675903,488,A,06013,+37.9194790,-121.9515431,06,36084,G4020,Contra Costa,Contra Costa County,06,2025-01-16,73.58164386826009,1736985600000,"{""type"":""MultiPoint"",""coordinates"":[]}"
1111_00000000000000000023,1909598013,216923745,41860,H1,001,01675839,488,A,06001,+37.6471385,-121.9124880,06,36084,G4020,Alameda,Alameda County,06,2025-01-16,62.35555874978899,1736985600000,"{""type"":""MultiPoint"",""coordinates"":[]}"
1111_0000000000000000001f,121375681,479216672,41860,H6,075,00277302,488,C,06075,+37.7272391,-123.0322294,06,41884,G4020,San Francisco,San Francisco County,06,2025-01-16,78.83716328217656,1736985600000,"{""type"":""MultiPoint"",""coordinates"":[]}"
1112_00000000000000000021,1857233047,225282636,41860,H1,013,01675903,488,A,06013,+37.9194790,-121.9515431,06,36084,G4020,Contra Costa,Contra Costa County,06,2025-01-17,84.06183437872578,1737072000000,"{""type"":""MultiPoint"",""coordinates"":[]}"
1112_00000000000000000023,1909598013,216923745,41860,H1,001,01675839,488,A,06001,+37.6471385,-121.9124880,06,36084,G4020,Alameda,Alameda County,06,2025-01-17,74.20523736917961,1737072000000,"{""type"":""MultiPoint"",""coordinates"":[]}"
1112_0000000000000000001f,121375681,479216672,41860,H6,075,00277302,488,C,06075,+37.7272391,-123.0322294,06,41884,G4020,San Francisco,San Francisco County,06,2025-01-17,89.9638191897812,1737072000000,"{""type"":""MultiPoint"",""coordinates"":[]}"
1113_00000000000000000021,1857233047,225282636,41860,H1,013,01675903,488,A,06013,+37.9194790,-121.9515431,06,36084,G4020,Contra Costa,Contra Costa County,06,2025-01-18,90.80534105901393,1737158400000,"{""type"":""MultiPoint"",""coordinates"":[]}"
1113_00000000000000000023,1909598013,216923745,41860,H1,001,01675839,488,A,06001,+37.6471385,-121.9124880,06,36084,G4020,Alameda,Alameda County,06,2025-01-18,84.88635043724977,1737158400000,"{""type"":""MultiPoint"",""coordinates"":[]}"
1113_0000000000000000001f,121375681,479216672,41860,H6,075,00277302,488,C,06075,+37.7272391,-123.0322294,06,41884,G4020,San Francisco,San Francisco County,06,2025-01-18,91.99694623868442,1737158400000,"{""type"":""MultiPoint"",""coordinates"":[]}"
1114_00000000000000000021,1857233047,225282636,41860,H1,013,01675903,488,A,06013,+37.9194790,-121.9515431,06,36084,G4020,Contra Costa,Contra Costa County,06,2025-01-19,88.20426736969735,1737244800000,"{""type"":""MultiPoint"",""coordinates"":[]}"
1114_00000000000000000023,1909598013,216923745,41860,H1,001,01675839,488,A,06001,+37.6471385,-121.9124880,06,36084,G4020,Alameda,Alameda County,06,2025-01-19,79.24564986946763,1737244800000,"{""type"":""MultiPoint"",""coordinates"":[]}"
1114_0000000000000000001f,121375681,479216672,41860,H6,075,00277302,488,C,06075,+37.7272391,-123.0322294,06,41884,G4020,San Francisco,San Francisco County,06,2025-01-19,91.68968433938954,1737244800000,"{""type"":""MultiPoint"",""coordinates"":[]}"
1115_00000000000000000021,1857233047,225282636,41860,H1,013,01675903,488,A,06013,+37.9194790,-121.9515431,06,36084,G4020,Contra Costa,Contra Costa County,06,2025-01-20,68.99165607688997,1737331200000,"{""type"":""MultiPoint"",""coordinates"":[]}"
1115_00000000000000000023,1909598013,216923745,41860,H1,001,01675839,488,A,06001,+37.6471385,-121.9124880,06,36084,G4020,Alameda,Alameda County,06,2025-01-20,69.87162677617195,1737331200000,"{""type"":""MultiPoint"",""coordinates"":[]}"
1115_0000000000000000001f,121375681,479216672,41860,H6,075,00277302,488,C,06075,+37.7272391,-123.0322294,06,41884,G4020,San Francisco,San Francisco County,06,2025-01-20,71.15557878901492,1737331200000,"{""type"":""MultiPoint"",""coordinates"":[]}"
1116_00000000000000000021,1857233047,225282636,41860,H1,013,01675903,488,A,06013,+37.9194790,-121.9515431,06,36084,G4020,Contra Costa,Contra Costa County,06,2025-01-21,55.46464381728347,1737417600000,"{""type"":""MultiPoint"",""coordinates"":[]}"
1116_00000000000000000023,1909598013,216923745,41860,H1,001,01675839,488,A,06001,+37.6471385,-121.9124880,06,36084,G4020,Alameda,Alameda County,06,2025-01-21,51.10658914282376,1737417600000,"{""type"":""MultiPoint"",""coordinates"":[]}"
1116_0000000000000000001f,121375681,479216672,41860,H6,075,00277302,488,C,06075,+37.7272391,-123.0322294,06,41884,G4020,San Francisco,San Francisco County,06,2025-01-21,61.56100880704277,1737417600000,"{""type"":""MultiPoint"",""coordinates"":[]}"
1117_00000000000000000021,1857233047,225282636,41860,H1,013,01675903,488,A,06013,+37.9194790,-121.9515431,06,36084,G4020,Contra Costa,Contra Costa County,06,2025-01-22,61.86388581101702,1737504000000,"{""type"":""MultiPoint"",""coordinates"":[]}"
1117_00000000000000000023,1909598013,216923745,41860,H1,001,01675839,488,A,06001,+37.6471385,-121.9124880,06,36084,G4020,Alameda,Alameda County,06,2025-01-22,51.06846864268676,1737504000000,"{""type"":""MultiPoint"",""coordinates"":[]}"
1117_0000000000000000001f,121375681,479216672,41860,H6,075,00277302,488,C,06075,+37.7272391,-123.0322294,06,41884,G4020,San Francisco,San Francisco County,06,2025-01-22,70.86500952153666,1737504000000,"{""type"":""MultiPoint"",""coordinates"":[]}"
1118_00000000000000000021,1857233047,225282636,41860,H1,013,01675903,488,A,06013,+37.9194790,-121.9515431,06,36084,G4020,Contra Costa,Contra Costa County,06,2025-01-23,59.09093641319903,1737590400000,"{""type"":""MultiPoint"",""coordinates"":[]}"
1118_00000000000000000023,1909598013,216923745,41860,H1,001,01675839,488,A,06001,+37.6471385,-121.9124880,06,36084,G4020,Alameda,Alameda County,06,2025-01-23,51.81287309587484,1737590400000,"{""type"":""MultiPoint"",""coordinates"":[]}"
1118_0000000000000000001f,121375681,479216672,41860,H6,075,00277302,488,C,06075,+37.7272391,-123.0322294,06,41884,G4020,San Francisco,San Francisco County,06,2025-01-23,65.28421728464524,1737590400000,"{""type"":""MultiPoint"",""coordinates"":[]}"
1119_00000000000000000021,1857233047,225282636,41860,H1,013,01675903,488,A,06013,+37.9194790,-121.9515431,06,36084,G4020,Contra Costa,Contra Costa County,06,2025-01-24,67.8293789544087,1737676800000,"{""type"":""MultiPoint"",""coordinates"":[]}"
1119_00000000000000000023,1909598013,216923745,41860,H1,001,01675839,488,A,06001,+37.6471385,-121.9124880,06,36084,G4020,Alameda,Alameda County,06,2025-01-24,53.92062217678322,1737676800000,"{""type"":""MultiPoint"",""coordinates"":[]}"
1119_0000000000000000001f,121375681,479216672,41860,H6,075,00277302,488,C,06075,+37.7272391,-123.0322294,06,41884,G4020,San Francisco,San Francisco County,06,2025-01-24,72.36000745389137,1737676800000,"{""type"":""MultiPoint"",""coordinates"":[]}"
1120_00000000000000000021,1857233047,225282636,41860,H1,013,01675903,488,A,06013,+37.9194790,-121.9515431,06,36084,G4020,Contra Costa,Contra Costa County,06,2025-01-25,74.90571597101753,1737763200000,"{""type"":""MultiPoint"",""coordinates"":[]}"
1120_00000000000000000023,1909598013,216923745,41860,H1,001,01675839,488,A,06001,+37.6471385,-121.9124880,06,36084,G4020,Alameda,Alameda County,06,2025-01-25,76.103166022358,1737763200000,"{""type"":""MultiPoint"",""coordinates"":[]}"
1120_0000000000000000001f,121375681,479216672,41860,H6,075,00277302,488,C,06075,+37.7272391,-123.0322294,06,41884,G4020,San Francisco,San Francisco County,06,2025-01-25,79.94360903871831,1737763200000,"{""type"":""MultiPoint"",""coordinates"":[]}"
1121_00000000000000000021,1857233047,225282636,41860,H1,013,01675903,488,A,06013,+37.9194790,-121.9515431,06,36084,G4020,Contra Costa,Contra Costa County,06,2025-01-26,62.376991355785606,1737849600000,"{""type"":""MultiPoint"",""coordinates"":[]}"
1121_00000000000000000023,1909598013,216923745,41860,H1,001,01675839,488,A,06001,+37.6471385,-121.9124880,06,36084,G4020,Alameda,Alameda County,06,2025-01-26,68.34025302873911,1737849600000,"{""type"":""MultiPoint"",""coordinates"":[]}"
1121_0000000000000000001f,121375681,479216672,41860,H6,075,00277302,488,C,06075,+37.7272391,-123.0322294,06,41884,G4020,San Francisco,San Francisco County,06,2025-01-26,59.86354650944333,1737849600000,"{""type"":""MultiPoint"",""coordinates"":[]}"
1122_00000000000000000021,1857233047,225282636,41860,H1,013,01675903,488,A,06013,+37.9194790,-121.9515431,06,36084,G4020,Contra Costa,Contra Costa County,06,2025-01-27,48.13296052413861,1737936000000,"{""type"":""MultiPoint"",""coordinates"":[]}"
1122_00000000000000000023,1909598013,216923745,41860,H1,001,01675839,488,A,06001,+37.6471385,-121.9124880,06,36084,G4020,Alameda,Alameda County,06,2025-01-27,49.0859001620189,1737936000000,"{""type"":""MultiPoint"",""coordinates"":[]}"
1122_0000000000000000001f,121375681,479216672,41860,H6,075,00277302,488,C,06075,+37.7272391,-123.0322294,06,41884,G4020,San Francisco,San Francisco County,06,2025-01-27,54.36207730051074,1737936000000,"{""type"":""MultiPoint"",""coordinates"":[]}"
1123_00000000000000000021,1857233047,225282636,41860,H1,013,01675903,488,A,06013,+37.9194790,-121.9515431,06,36084,G4020,Contra Costa,Contra Costa County,06,2025-01-28,73.96528305156859,1738022400000,"{""type"":""MultiPoint"",""coordinates"":[]}"
1123_00000000000000000023,1909598013,216923745,41860,H1,001,01675839,488,A,06001,+37.6471385,-121.9124880,06,36084,G4020,Alameda,Alameda County,06,2025-01-28,63.093973650749255,1738022400000,"{""type"":""MultiPoint"",""coordinates"":[]}"
1123_0000000000000000001f,121375681,479216672,41860,H6,075,00277302,488,C,06075,+37.7272391,-123.0322294,06,41884,G4020,San Francisco,San Francisco County,06,2025-01-28,85.4141679245238,1738022400000,"{""type"":""MultiPoint"",""coordinates"":[]}"
1124_00000000000000000021,1857233047,225282636,41860,H1,013,01675903,488,A,06013,+37.9194790,-121.9515431,06,36084,G4020,Contra Costa,Contra Costa County,06,2025-01-29,85.47540443123499,1738108800000,"{""type"":""MultiPoint"",""coordinates"":[]}"
1124_00000000000000000023,1909598013,216923745,41860,H1,001,01675839,488,A,06001,+37.6471385,-121.9124880,06,36084,G4020,Alameda,Alameda County,06,2025-01-29,83.15790305034022,1738108800000,"{""type"":""MultiPoint"",""coordinates"":[]}"
1124_0000000000000000001f,121375681,479216672,41860,H6,075,00277302,488,C,06075,+37.7272391,-123.0322294,06,41884,G4020,San Francisco,San Francisco County,06,2025-01-29,89.10597342595369,1738108800000,"{""type"":""MultiPoint"",""coordinates"":[]}"
1125_00000000000000000021,1857233047,225282636,41860,H1,013,01675903,488,A,06013,+37.9194790,-121.9515431,06,36084,G4020,Contra Costa,Contra Costa County,06,2025-01-30,86.34092796669438,1738195200000,"{""type"":""MultiPoint"",""coordinates"":[]}"
1125_00000000000000000023,1909598013,216923745,41860,H1,001,01675839,488,A,06001,+37.6471385,-121.9124880,06,36084,G4020,Alameda,Alameda County,06,2025-01-30,83.6678116093936,1738195200000,"{""type"":""MultiPoint"",""coordinates"":[]}"
1125_0000000000000000001f,121375681,479216672,41860,H6,075,00277302,488,C,06075,+37.7272391,-123.0322294,06,41884,G4020,San Francisco,San Francisco County,06,2025-01-30,86.3776828547376,1738195200000,"{""type"":""MultiPoint"",""coordinates"":[]}"
1126_00000000000000000021,1857233047,225282636,41860,H1,013,01675903,488,A,06013,+37.9194790,-121.9515431,06,36084,G4020,Contra Costa,Contra Costa County,06,2025-01-31,86.60612019024097,1738281600000,"{""type"":""MultiPoint"",""coordinates"":[]}"
1126_00000000000000000023,1909598013,216923745,41860,H1,001,01675839,488,A,06001,+37.6471385,-121.9124880,06,36084,G4020,Alameda,Alameda County,06,2025-01-31,84.86992218635895,1738281600000,"{""type"":""MultiPoint"",""coordinates"":[]}"
1126_0000000000000000001f,121375681,479216672,41860,H6,075,00277302,488,C,06075,+37.7272391,-123.0322294,06,41884,G4020,San Francisco,San Francisco County,06,2025-01-31,84.10598457627582,1738281600000,"{""type"":""MultiPoint"",""coordinates"":[]}"
1127_00000000000000000021,1857233047,225282636,41860,H1,013,01675903,488,A,06013,+37.9194790,-121.9515431,06,36084,G4020,Contra Costa,Contra Costa County,06,2025-02-01,93.75386974724219,1738368000000,"{""type"":""MultiPoint"",""coordinates"":[]}"
1127_00000000000000000023,1909598013,216923745,41860,H1,001,01675839,488,A,06001,+37.6471385,-121.9124880,06,36084,G4020,Alameda,Alameda County,06,2025-02-01,93.67969537804572,1738368000000,"{""type"":""MultiPoint"",""coordinates"":[]}"
1127_0000000000000000001f,121375681,479216672,41860,H6,075,00277302,488,C,06075,+37.7272391,-123.0322294,06,41884,G4020,San Francisco,San Francisco County,06,2025-02-01,94.43639371432936,1738368000000,"{""type"":""MultiPoint"",""coordinates"":[]}"
1128_00000000000000000021,1857233047,225282636,41860,H1,013,01675903,488,A,06013,+37.9194790,-121.9515431,06,36084,G4020,Contra Costa,Contra Costa County,06,2025-02-02,92.20130261597772,1738454400000,"{""type"":""MultiPoint"",""coordinates"":[]}"
1128_00000000000000000023,1909598013,216923745,41860,H1,001,01675839,488,A,06001,+37.6471385,-121.9124880,06,36084,G4020,Alameda,Alameda County,06,2025-02-02,93.45625708330815,1738454400000,"{""type"":""MultiPoint"",""coordinates"":[]}"
1128_0000000000000000001f,121375681,479216672,41860,H6,075,00277302,488,C,06075,+37.7272391,-123.0322294,06,41884,G4020,San Francisco,San Francisco County,06,2025-02-02,95.41045585936658,1738454400000,"{""type"":""MultiPoint"",""coordinates"":[]}"
1129_00000000000000000021,1857233047,225282636,41860,H1,013,01675903,488,A,06013,+37.9194790,-121.9515431,06,36084,G4020,Contra Costa,Contra Costa County,06,2025-02-03,86.69315844272667,1738540800000,"{""type"":""MultiPoint"",""coordinates"":[]}"
1129_00000000000000000023,1909598013,216923745,41860,H1,001,01675839,488,A,06001,+37.6471385,-121.9124880,06,36084,G4020,Alameda,Alameda County,06,2025-02-03,88.10622350978754,1738540800000,"{""type"":""MultiPoint"",""coordinates"":[]}"
1129_0000000000000000001f,121375681,479216672,41860,H6,075,00277302,488,C,06075,+37.7272391,-123.0322294,06,41884,G4020,San Francisco,San Francisco County,06,2025-02-03,91.61747002086773,1738540800000,"{""type"":""MultiPoint"",""coordinates"":[]}"
1130_00000000000000000021,1857233047,225282636,41860,H1,013,01675903,488,A,06013,+37.9194790,-121.9515431,06,36084,G4020,Contra Costa,Contra Costa County,06,2025-02-04,84.62331040735299,1738627200000,"{""type"":""MultiPoint"",""coordinates"":[]}"
1130_00000000000000000023,1909598013,216923745,41860,H1,001,01675839,488,A,06001,+37.6471385,-121.9124880,06,36084,G4020,Alameda,Alameda County,06,2025-02-04,86.22587038552717,1738627200000,"{""type"":""MultiPoint"",""coordinates"":[]}"
1130_0000000000000000001f,121375681,479216672,41860,H6,075,00277302,488,C,06075,+37.7272391,-123.0322294,06,41884,G4020,San Francisco,San Francisco County,06,2025-02-04,90.15240378257877,1738627200000,"{""type"":""MultiPoint"",""coordinates"":[]}"
1131_00000000000000000021,1857233047,225282636,41860,H1,013,01675903,488,A,06013,+37.9194790,-121.9515431,06,36084,G4020,Contra Costa,Contra Costa County,06,2025-02-05,75.25044660870475,1738713600000,"{""type"":""MultiPoint"",""coordinates"":[]}"
1131_00000000000000000023,1909598013,216923745,41860,H1,001,01675839,488,A,06001,+37.6471385,-121.9124880,06,36084,G4020,Alameda,Alameda County,06,2025-02-05,75.73968261631181,1738713600000,"{""type"":""MultiPoint"",""coordinates"":[]}"
1131_0000000000000000001f,121375681,479216672,41860,H6,075,00277302,488,C,06075,+37.7272391,-123.0322294,06,41884,G4020,San Francisco,San Francisco County,06,2025-02-05,73.09757502076323,1738713600000,"{""type"":""MultiPoint"",""coordinates"":[]}"
1132_00000000000000000021,1857233047,225282636,41860,H1,013,01675903,488,A,06013,+37.9194790,-121.9515431,06,36084,G4020,Contra Costa,Contra Costa County,06,2025-02-06,76.10799812326495,1738800000000,"{""type"":""MultiPoint"",""coordinates"":[]}"
1132_00000000000000000023,1909598013,216923745,41860,H1,001,01675839,488,A,06001,+37.6471385,-121.9124880,06,36084,G4020,Alameda,Alameda County,06,2025-02-06,77.75916364323706,1738800000000,"{""type"":""MultiPoint"",""coordinates"":[]}"
1132_0000000000000000001f,121375681,479216672,41860,H6,075,00277302,488,C,06075,+37.7272391,-123.0322294,06,41884,G4020,San Francisco,San Francisco County,06,2025-02-06,78.93758898738811,1738800000000,"{""type"":""MultiPoint"",""coordinates"":[]}"
1133_00000000000000000021,1857233047,225282636,41860,H1,013,01675903,488,A,06013,+37.9194790,-121.9515431,06,36084,G4020,Contra Costa,Contra Costa County,06,2025-02-07,83.71360904113364,1738886400000,"{""type"":""MultiPoint"",""coordinates"":[]}"
1133_00000000000000000023,1909598013,216923745,41860,H1,001,01675839,488,A,06001,+37.6471385,-121.9124880,06,36084,G4020,Alameda,Alameda County,06,2025-02-07,87.11580262318327,1738886400000,"{""type"":""MultiPoint"",""coordinates"":[]}"
1133_0000000000000000001f,121375681,479216672,41860,H6,075,00277302,488,C,06075,+37.7272391,-123.0322294,06,41884,G4020,San Francisco,San Francisco County,06,2025-02-07,83.59276320451485,1738886400000,"{""type"":""MultiPoint"",""coordinates"":[]}"
1134_00000000000000000021,1857233047,225282636,41860,H1,013,01675903,488,A,06013,+37.9194790,-121.9515431,06,36084,G4020,Contra Costa,Contra Costa County,06,2025-02-08,77.36197324565737,1738972800000,"{""type"":""MultiPoint"",""coordinates"":[]}"
1134_00000000000000000023,1909598013,216923745,41860,H1,001,01675839,488,A,06001,+37.6471385,-121.9124880,06,36084,G4020,Alameda,Alameda County,06,2025-02-08,80.96113740152762,1738972800000,"{""type"":""MultiPoint"",""coordinates"":[]}"
1134_0000000000000000001f,121375681,479216672,41860,H6,075,00277302,488,C,06075,+37.7272391,-123.0322294,06,41884,G4020,San Francisco,San Francisco County,06,2025-02-08,74.9235711945932,1738972800000,"{""type"":""MultiPoint"",""coordinates"":[]}"
1135_00000000000000000021,1857233047,225282636,41860,H1,013,01675903,488,A,06013,+37.9194790,-121.9515431,06,36084,G4020,Contra Costa,Contra Costa County,06,2025-02-09,60.04703695617539,1739059200000,"{""type"":""MultiPoint"",""coordinates"":[]}"
1135_00000000000000000023,1909598013,216923745,41860,H1,001,01675839,488,A,06001,+37.6471385,-121.9124880,06,36084,G4020,Alameda,Alameda County,06,2025-02-09,60.10992200335694,1739059200000,"{""type"":""MultiPoint"",""coordinates"":[]}"
1135_0000000000000000001f,121375681,479216672,41860,H6,075,00277302,488,C,06075,+37.7272391,-123.0322294,06,41884,G4020,San Francisco,San Francisco County,06,2025-02-09,70.15405382957996,1739059200000,"{""type"":""MultiPoint"",""coordinates"":[]}"
1136_00000000000000000021,1857233047,225282636,41860,H1,013,01675903,488,A,06013,+37.9194790,-121.9515431,06,36084,G4020,Contra Costa,Contra Costa County,06,2025-02-10,61.846910725345076,1739145600000,"{""type"":""MultiPoint"",""coordinates"":[]}"
1136_00000000000000000023,1909598013,216923745,41860,H1,001,01675839,488,A,06001,+37.6471385,-121.9124880,06,36084,G4020,Alameda,Alameda County,06,2025-02-10,59.0374706701976,1739145600000,"{""type"":""MultiPoint"",""coordinates"":[]}"
1136_0000000000000000001f,121375681,479216672,41860,H6,075,00277302,488,C,06075,+37.7272391,-123.0322294,06,41884,G4020,San Francisco,San Francisco County,06,2025-02-10,73.652141256976,1739145600000,"{""type"":""MultiPoint"",""coordinates"":[]}"
1137_00000000000000000021,1857233047,225282636,41860,H1,013,01675903,488,A,06013,+37.9194790,-121.9515431,06,36084,G4020,Contra Costa,Contra Costa County,06,2025-02-11,78.16858844415619,1739232000000,"{""type"":""MultiPoint"",""coordinates"":[]}"
1137_00000000000000000023,1909598013,216923745,41860,H1,001,01675839,488,A,06001,+37.6471385,-121.9124880,06,36084,G4020,Alameda,Alameda County,06,2025-02-11,76.50886700347132,1739232000000,"{""type"":""MultiPoint"",""coordinates"":[]}"
1137_0000000000000000001f,121375681,479216672,41860,H6,075,00277302,488,C,06075,+37.7272391,-123.0322294,06,41884,G4020,San Francisco,San Francisco County,06,2025-02-11,79.15774086683778,1739232000000,"{""type"":""MultiPoint"",""coordinates"":[]}"
1138_00000000000000000021,1857233047,225282636,41860,H1,013,01675903,488,A,06013,+37.9194790,-121.9515431,06,36084,G4020,Contra Costa,Contra Costa County,06,2025-02-12,73.23772514785507,1739318400000,"{""type"":""MultiPoint"",""coordinates"":[]}"
1138_00000000000000000023,1909598013,216923745,41860,H1,001,01675839,488,A,06001,+37.6471385,-121.9124880,06,36084,G4020,Alameda,Alameda County,06,2025-02-12,77.06241776771344,1739318400000,"{""type"":""MultiPoint"",""coordinates"":[]}"
1138_0000000000000000001f,121375681,479216672,41860,H6,075,00277302,488,C,06075,+37.7272391,-123.0322294,06,41884,G4020,San Francisco,San Francisco County,06,2025-02-12,75.43047041833834,1739318400000,"{""type"":""MultiPoint"",""coordinates"":[]}"
1139_00000000000000000021,1857233047,225282636,41860,H1,013,01675903,488,A,06013,+37.9194790,-121.9515431,06,36084,G4020,Contra Costa,Contra Costa County,06,2025-02-13,84.91152494792446,1739404800000,"{""type"":""MultiPoint"",""coordinates"":[]}"
1139_00000000000000000023,1909598013,216923745,41860,H1,001,01675839,488,A,06001,+37.6471385,-121.9124880,06,36084,G4020,Alameda,Alameda County,06,2025-02-13,87.20232731809227,1739404800000,"{""type"":""MultiPoint"",""coordinates"":[]}"
1139_0000000000000000001f,121375681,479216672,41860,H6,075,00277302,488,C,06075,+37.7272391,-123.0322294,06,41884,G4020,San Francisco,San Francisco County,06,2025-02-13,87.4785044443887,1739404800000,"{""type"":""MultiPoint"",""coordinates"":[]}"
1140_00000000000000000021,1857233047,225282636,41860,H1,013,01675903,488,A,06013,+37.9194790,-121.9515431,06,36084,G4020,Contra Costa,Contra Costa County,06,2025-02-14,77.48420790636631,1739491200000,"{""type"":""MultiPoint"",""coordinates"":[]}"
1140_00000000000000000023,1909598013,216923745,41860,H1,001,01675839,488,A,06001,+37.6471385,-121.9124880,06,36084,G4020,Alameda,Alameda County,06,2025-02-14,80.9536899241911,1739491200000,"{""type"":""MultiPoint"",""coordinates"":[]}"
1140_0000000000000000001f,121375681,479216672,41860,H6,075,00277302,488,C,06075,+37.7272391,-123.0322294,06,41884,G4020,San Francisco,San Francisco County,06,2025-02-14,78.61375242936148,1739491200000,"{""type"":""MultiPoint"",""coordinates"":[]}"
1141_00000000000000000021,1857233047,225282636,41860,H1,013,01675903,488,A,06013,+37.9194790,-121.9515431,06,36084,G4020,Contra Costa,Contra Costa County,06,2025-02-15,77.5111865706754,1739577600000,"{""type"":""MultiPoint"",""coordinates"":[]}"
1141_00000000000000000023,1909598013,216923745,41860,H1,001,01675839,488,A,06001,+37.6471385,-121.9124880,06,36084,G4020,Alameda,Alameda County,06,2025-02-15,76.6232390680244,1739577600000,"{""type"":""MultiPoint"",""coordinates"":[]}"
1141_0000000000000000001f,121375681,479216672,41860,H6,075,00277302,488,C,06075,+37.7272391,-123.0322294,06,41884,G4020,San Francisco,San Francisco County,06,2025-02-15,79.3987970976113,1739577600000,"{""type"":""MultiPoint"",""coordinates"":[]}"
1142_00000000000000000021,1857233047,225282636,41860,H1,013,01675903,488,A,06013,+37.9194790,-121.9515431,06,36084,G4020,Contra Costa,Contra Costa County,06,2025-02-16,78.64708118098476,1739664000000,"{""type"":""MultiPoint"",""coordinates"":[]}"
1142_00000000000000000023,1909598013,216923745,41860,H1,001,01675839,488,A,06001,+37.6471385,-121.9124880,06,36084,G4020,Alameda,Alameda County,06,2025-02-16,69.26723537525139,1739664000000,"{""type"":""MultiPoint"",""coordinates"":[]}"
1142_0000000000000000001f,121375681,479216672,41860,H6,075,00277302,488,C,06075,+37.7272391,-123.0322294,06,41884,G4020,San Francisco,San Francisco County,06,2025-02-16,83.86000802340995,1739664000000,"{""type"":""MultiPoint"",""coordinates"":[]}"
1143_00000000000000000021,1857233047,225282636,41860,H1,013,01675903,488,A,06013,+37.9194790,-121.9515431,06,36084,G4020,Contra Costa,Contra Costa County,06,2025-02-17,81.13997888365002,1739750400000,"{""type"":""MultiPoint"",""coordinates"":[]}"
1143_00000000000000000023,1909598013,216923745,41860,H1,001,01675839,488,A,06001,+37.6471385,-121.9124880,06,36084,G4020,Alameda,Alameda County,06,2025-02-17,81.60932070297216,1739750400000,"{""type"":""MultiPoint"",""coordinates"":[]}"
1143_0000000000000000001f,121375681,479216672,41860,H6,075,00277302,488,C,06075,+37.7272391,-123.0322294,06,41884,G4020,San Francisco,San Francisco County,06,2025-02-17,84.35255207130962,1739750400000,"{""type"":""MultiPoint"",""coordinates"":[]}"
1144_00000000000000000021,1857233047,225282636,41860,H1,013,01675903,488,A,06013,+37.9194790,-121.9515431,06,36084,G4020,Contra Costa,Contra Costa County,06,2025-02-18,80.26910364499633,1739836800000,"{""type"":""MultiPoint"",""coordinates"":[]}"
1144_00000000000000000023,1909598013,216923745,41860,H1,001,01675839,488,A,06001,+37.6471385,-121.9124880,06,36084,G4020,Alameda,Alameda County,06,2025-02-18,80.48648568025641,1739836800000,"{""type"":""MultiPoint"",""coordinates"":[]}"
1144_0000000000000000001f,121375681,479216672,41860,H6,075,00277302,488,C,06075,+37.7272391,-123.0322294,06,41884,G4020,San Francisco,San Francisco County,06,2025-02-18,82.80606181304708,1739836800000,"{""type"":""MultiPoint"",""coordinates"":[]}"
1145_00000000000000000021,1857233047,225282636,41860,H1,013,01675903,488,A,06013,+37.9194790,-121.9515431,06,36084,G4020,Contra Costa,Contra Costa County,06,2025-02-19,85.65130294936944,1739923200000,"{""type"":""MultiPoint"",""coordinates"":[]}"
1145_00000000000000000023,1909598013,216923745,41860,H1,001,01675839,488,A,06001,+37.6471385,-121.9124880,06,36084,G4020,Alameda,Alameda County,06,2025-02-19,81.53695497596411,1739923200000,"{""type"":""MultiPoint"",""coordinates"":[]}"
1145_0000000000000000001f,121375681,479216672,41860,H6,075,00277302,488,C,06075,+37.7272391,-123.0322294,06,41884,G4020,San Francisco,San Francisco County,06,2025-02-19,90.39265603507448,1739923200000,"{""type"":""MultiPoint"",""coordinates"":[]}"
1146_00000000000000000021,1857233047,225282636,41860,H1,013,01675903,488,A,06013,+37.9194790,-121.9515431,06,36084,G4020,Contra Costa,Contra Costa County,06,2025-02-20,78.46939394021621,1740009600000,"{""type"":""MultiPoint"",""coordinates"":[]}"
1146_00000000000000000023,1909598013,216923745,41860,H1,001,01675839,488,A,06001,+37.6471385,-121.9124880,06,36084,G4020,Alameda,Alameda County,06,2025-02-20,81.96849233492276,1740009600000,"{""type"":""MultiPoint"",""coordinates"":[]}"
1146_0000000000000000001f,121375681,479216672,41860,H6,075,00277302,488,C,06075,+37.7272391,-123.0322294,06,41884,G4020,San Francisco,San Francisco County,06,2025-02-20,82.796712962528,1740009600000,"{""type"":""MultiPoint"",""coordinates"":[]}"
1147_00000000000000000021,1857233047,225282636,41860,H1,013,01675903,488,A,06013,+37.9194790,-121.9515431,06,36084,G4020,Contra Costa,Contra Costa County,06,2025-02-21,65.4697399995784,1740096000000,"{""type"":""MultiPoint"",""coordinates"":[]}"
1147_00000000000000000023,1909598013,216923745,41860,H1,001,01675839,488,A,06001,+37.6471385,-121.9124880,06,36084,G4020,Alameda,Alameda County,06,2025-02-21,61.382713411365785,1740096000000,"{""type"":""MultiPoint"",""coordinates"":[]}"
1147_0000000000000000001f,121375681,479216672,41860,H6,075,00277302,488,C,06075,+37.7272391,-123.0322294,06,41884,G4020,San Francisco,San Francisco County,06,2025-02-21,79.35463112984479,1740096000000,"{""type"":""MultiPoint"",""coordinates"":[]}"
1148_00000000000000000021,1857233047,225282636,41860,H1,013,01675903,488,A,06013,+37.9194790,-121.9515431,06,36084,G4020,Contra Costa,Contra Costa County,06,2025-02-22,77.02821000811498,1740182400000,"{""type"":""MultiPoint"",""coordinates"":[]}"
1148_00000000000000000023,1909598013,216923745,41860,H1,001,01675839,488,A,06001,+37.6471385,-121.9124880,06,36084,G4020,Alameda,Alameda County,06,2025-02-22,65.36963557110832,1740182400000,"{""type"":""MultiPoint"",""coordinates"":[]}"
1148_0000000000000000001f,121375681,479216672,41860,H6,075,00277302,488,C,06075,+37.7272391,-123.0322294,06,41884,G4020,San Francisco,San Francisco County,06,2025-02-22,86.48426381335678,1740182400000,"{""type"":""MultiPoint"",""coordinates"":[]}"
1149_00000000000000000021,1857233047,225282636,41860,H1,013,01675903,488,A,06013,+37.9194790,-121.9515431,06,36084,G4020,Contra Costa,Contra Costa County,06,2025-02-23,82.3253948300091,1740268800000,"{""type"":""MultiPoint"",""coordinates"":[]}"
1149_00000000000000000023,1909598013,216923745,41860,H1,001,01675839,488,A,06001,+37.6471385,-121.9124880,06,36084,G4020,Alameda,Alameda County,06,2025-02-23,75.88552449030983,1740268800000,"{""type"":""MultiPoint"",""coordinates"":[]}"
1149_0000000000000000001f,121375681,479216672,41860,H6,075,00277302,488,C,06075,+37.7272391,-123.0322294,06,41884,G4020,San Francisco,San Francisco County,06,2025-02-23,88.77067797070822,1740268800000,"{""type"":""MultiPoint"",""coordinates"":[]}"
1150_00000000000000000021,1857233047,225282636,41860,H1,013,01675903,488,A,06013,+37.9194790,-121.9515431,06,36084,G4020,Contra Costa,Contra Costa County,06,2025-02-24,84.88852152510799,1740355200000,"{""type"":""MultiPoint"",""coordinates"":[]}"
1150_00000000000000000023,1909598013,216923745,41860,H1,001,01675839,488,A,06001,+37.6471385,-121.9124880,06,36084,G4020,Alameda,Alameda County,06,2025-02-24,80.3060893663582,1740355200000,"{""type"":""MultiPoint"",""coordinates"":[]}"
1150_0000000000000000001f,121375681,479216672,41860,H6,075,00277302,488,C,06075,+37.7272391,-123.0322294,06,41884,G4020,San Francisco,San Francisco County,06,2025-02-24,91.10175651928246,1740355200000,"{""type"":""MultiPoint"",""coordinates"":[]}"
1151_00000000000000000021,1857233047,225282636,41860,H1,013,01675903,488,A,06013,+37.9194790,-121.9515431,06,36084,G4020,Contra Costa,Contra Costa County,06,2025-02-25,83.35759988787052,1740441600000,"{""type"":""MultiPoint"",""coordinates"":[]}"
1151_00000000000000000023,1909598013,216923745,41860,H1,001,01675839,488,A,06001,+37.6471385,-121.9124880,06,36084,G4020,Alameda,Alameda County,06,2025-02-25,81.74768847152593,1740441600000,"{""type"":""MultiPoint"",""coordinates"":[]}"
1151_0000000000000000001f,121375681,479216672,41860,H6,075,00277302,488,C,06075,+37.7272391,-123.0322294,06,41884,G4020,San Francisco,San Francisco County,06,2025-02-25,87.23709733266783,1740441600000,"{""type"":""MultiPoint"",""coordinates"":[]}"
1152_00000000000000000021,1857233047,225282636,41860,H1,013,01675903,488,A,06013,+37.9194790,-121.9515431,06,36084,G4020,Contra Costa,Contra Costa County,06,2025-02-26,69.20584727797879,1740528000000,"{""type"":""MultiPoint"",""coordinates"":[]}"
1152_00000000000000000023,1909598013,216923745,41860,H1,001,01675839,488,A,06001,+37.6471385,-121.9124880,06,36084,G4020,Alameda,Alameda County,06,2025-02-26,60.372357719965656,1740528000000,"{""type"":""MultiPoint"",""coordinates"":[]}"
1152_0000000000000000001f,121375681,479216672,41860,H6,075,00277302,488,C,06075,+37.7272391,-123.0322294,06,41884,G4020,San Francisco,San Francisco County,06,2025-02-26,76.55691855378024,1740528000000,"{""type"":""MultiPoint"",""coordinates"":[]}"
1153_00000000000000000021,1857233047,225282636,41860,H1,013,01675903,488,A,06013,+37.9194790,-121.9515431,06,36084,G4020,Contra Costa,Contra Costa County,06,2025-02-27,71.62019801776754,1740614400000,"{""type"":""MultiPoint"",""coordinates"":[]}"
1153_00000000000000000023,1909598013,216923745,41860,H1,001,01675839,488,A,06001,+37.6471385,-121.9124880,06,36084,G4020,Alameda,Alameda County,06,2025-02-27,64.38495554219591,1740614400000,"{""type"":""MultiPoint"",""coordinates"":[]}"
1153_0000000000000000001f,121375681,479216672,41860,H6,075,00277302,488,C,06075,+37.7272391,-123.0322294,06,41884,G4020,San Francisco,San Francisco County,06,2025-02-27,73.16953462189726,1740614400000,"{""type"":""MultiPoint"",""coordinates"":[]}"
1154_00000000000000000021,1857233047,225282636,41860,H1,013,01675903,488,A,06013,+37.9194790,-121.9515431,06,36084,G4020,Contra Costa,Contra Costa County,06,2025-02-28,67.8419978668079,1740700800000,"{""type"":""MultiPoint"",""coordinates"":[]}"
1154_00000000000000000023,1909598013,216923745,41860,H1,001,01675839,488,A,06001,+37.6471385,-121.9124880,06,36084,G4020,Alameda,Alameda County,06,2025-02-28,60.473074137676406,1740700800000,"{""type"":""MultiPoint"",""coordinates"":[]}"
1154_0000000000000000001f,121375681,479216672,41860,H6,075,00277302,488,C,06075,+37.7272391,-123.0322294,06,41884,G4020,San Francisco,San Francisco County,06,2025-02-28,76.40288790640822,1740700800000,"{""type"":""MultiPoint"",""coordinates"":[]}"
1155_00000000000000000021,1857233047,225282636,41860,H1,013,01675903,488,A,06013,+37.9194790,-121.9515431,06,36084,G4020,Contra Costa,Contra Costa County,06,2025-03-01,79.75027376803374,1740787200000,"{""type"":""MultiPoint"",""coordinates"":[]}"
1155_00000000000000000023,1909598013,216923745,41860,H1,001,01675839,488,A,06001,+37.6471385,-121.9124880,06,36084,G4020,Alameda,Alameda County,06,2025-03-01,77.02189475861984,1740787200000,"{""type"":""MultiPoint"",""coordinates"":[]}"
1155_0000000000000000001f,121375681,479216672,41860,H6,075,00277302,488,C,06075,+37.7272391,-123.0322294,06,41884,G4020,San Francisco,San Francisco County,06,2025-03-01,88.08811905590679,1740787200000,"{""type"":""MultiPoint"",""coordinates"":[]}"
1156_00000000000000000021,1857233047,225282636,41860,H1,013,01675903,488,A,06013,+37.9194790,-121.9515431,06,36084,G4020,Contra Costa,Contra Costa County,06,2025-03-02,76.71978568496547,1740873600000,"{""type"":""MultiPoint"",""coordinates"":[]}"
1156_00000000000000000023,1909598013,216923745,41860,H1,001,01675839,488,A,06001,+37.6471385,-121.9124880,06,36084,G4020,Alameda,Alameda County,06,2025-03-02,80.25933918929508,1740873600000,"{""type"":""MultiPoint"",""coordinates"":[]}"
1156_0000000000000000001f,121375681,479216672,41860,H6,075,00277302,488,C,06075,+37.7272391,-123.0322294,06,41884,G4020,San Francisco,San Francisco County,06,2025-03-02,78.26116537043438,1740873600000,"{""type"":""MultiPoint"",""coordinates"":[]}"
1157_00000000000000000021,1857233047,225282636,41860,H1,013,01675903,488,A,06013,+37.9194790,-121.9515431,06,36084,G4020,Contra Costa,Contra Costa County,06,2025-03-03,72.12089096986615,1740960000000,"{""type"":""MultiPoint"",""coordinates"":[]}"
1157_00000000000000000023,1909598013,216923745,41860,H1,001,01675839,488,A,06001,+37.6471385,-121.9124880,06,36084,G4020,Alameda,Alameda County,06,2025-03-03,75.84874849598262,1740960000000,"{""type"":""MultiPoint"",""coordinates"":[]}"
1157_0000000000000000001f,121375681,479216672,41860,H6,075,00277302,488,C,06075,+37.7272391,-123.0322294,06,41884,G4020,San Francisco,San Francisco County,06,2025-03-03,75.49163724595051,1740960000000,"{""type"":""MultiPoint"",""coordinates"":[]}"
1158_00000000000000000021,1857233047,225282636,41860,H1,013,01675903,488,A,06013,+37.9194790,-121.9515431,06,36084,G4020,Contra Costa,Contra Costa County,06,2025-03-04,79.86778638641464,1741046400000,"{""type"":""MultiPoint"",""coordinates"":[]}"
1158_00000000000000000023,1909598013,216923745,41860,H1,001,01675839,488,A,06001,+37.6471385,-121.9124880,06,36084,G4020,Alameda,Alameda County,06,2025-03-04,81.15390692575883,1741046400000,"{""type"":""MultiPoint"",""coordinates"":[]}"
1158_0000000000000000001f,121375681,479216672,41860,H6,075,00277302,488,C,06075,+37.7272391,-123.0322294,06,41884,G4020,San Francisco,San Francisco County,06,2025-03-04,81.78956366678693,1741046400000,"{""type"":""MultiPoint"",""coordinates"":[]}"
1159_00000000000000000021,1857233047,225282636,41860,H1,013,01675903,488,A,06013,+37.9194790,-121.9515431,06,36084,G4020,Contra Costa,Contra Costa County,06,2025-03-05,82.28804714485479,1741132800000,"{""type"":""MultiPoint"",""coordinates"":[]}"
1159_00000000000000000023,1909598013,216923745,41860,H1,001,01675839,488,A,06001,+37.6471385,-121.9124880,06,36084,G4020,Alameda,Alameda County,06,2025-03-05,81.543393891771,1741132800000,"{""type"":""MultiPoint"",""coordinates"":[]}"
1159_0000000000000000001f,121375681,479216672,41860,H6,075,00277302,488,C,06075,+37.7272391,-123.0322294,06,41884,G4020,San Francisco,San Francisco County,06,2025-03-05,83.64744338872647,1741132800000,"{""type"":""MultiPoint"",""coordinates"":[]}"
1160_00000000000000000021,1857233047,225282636,41860,H1,013,01675903,488,A,06013,+37.9194790,-121.9515431,06,36084,G4020,Contra Costa,Contra Costa County,06,2025-03-06,74.93056901966142,1741219200000,"{""type"":""MultiPoint"",""coordinates"":[]}"
1160_00000000000000000023,1909598013,216923745,41860,H1,001,01675839,488,A,06001,+37.6471385,-121.9124880,06,36084,G4020,Alameda,Alameda County,06,2025-03-06,81.5002644408447,1741219200000,"{""type"":""MultiPoint"",""coordinates"":[]}"
1160_0000000000000000001f,121375681,479216672,41860,H6,075,00277302,488,C,06075,+37.7272391,-123.0322294,06,41884,G4020,San Francisco,San Francisco County,06,2025-03-06,76.16198006953582,1741219200000,"{""type"":""MultiPoint"",""coordinates"":[]}"
1161_00000000000000000021,1857233047,225282636,41860,H1,013,01675903,488,A,06013,+37.9194790,-121.9515431,06,36084,G4020,Contra Costa,Contra Costa County,06,2025-03-07,68.6712170194527,1741305600000,"{""type"":""MultiPoint"",""coordinates"":[]}"
1161_00000000000000000023,1909598013,216923745,41860,H1,001,01675839,488,A,06001,+37.6471385,-121.9124880,06,36084,G4020,Alameda,Alameda County,06,2025-03-07,70.79269826525953,1741305600000,"{""type"":""MultiPoint"",""coordinates"":[]}"
1161_0000000000000000001f,121375681,479216672,41860,H6,075,00277302,488,C,06075,+37.7272391,-123.0322294,06,41884,G4020,San Francisco,San Francisco County,06,2025-03-07,75.67092243642531,1741305600000,"{""type"":""MultiPoint"",""coordinates"":[]}"
1162_00000000000000000021,1857233047,225282636,41860,H1,013,01675903,488,A,06013,+37.9194790,-121.9515431,06,36084,G4020,Contra Costa,Contra Costa County,06,2025-03-08,70.34852222118785,1741392000000,"{""type"":""MultiPoint"",""coordinates"":[]}"
1162_00000000000000000023,1909598013,216923745,41860,H1,001,01675839,488,A,06001,+37.6471385,-121.9124880,06,36084,G4020,Alameda,Alameda County,06,2025-03-08,65.01875027443477,1741392000000,"{""type"":""MultiPoint"",""coordinates"":[]}"
1162_0000000000000000001f,121375681,479216672,41860,H6,075,00277302,488,C,06075,+37.7272391,-123.0322294,06,41884,G4020,San Francisco,San Francisco County,06,2025-03-08,83.7897783549506,1741392000000,"{""type"":""MultiPoint"",""coordinates"":[]}"
1163_00000000000000000021,1857233047,225282636,41860,H1,013,01675903,488,A,06013,+37.9194790,-121.9515431,06,36084,G4020,Contra Costa,Contra Costa County,06,2025-03-09,75.38024126320158,1741478400000,"{""type"":""MultiPoint"",""coordinates"":[]}"
1163_00000000000000000023,1909598013,216923745,41860,H1,001,01675839,488,A,06001,+37.6471385,-121.9124880,06,36084,G4020,Alameda,Alameda County,06,2025-03-09,68.10934682652623,1741478400000,"{""type"":""MultiPoint"",""coordinates"":[]}"
1163_0000000000000000001f,121375681,479216672,41860,H6,075,00277302,488,C,06075,+37.7272391,-123.0322294,06,41884,G4020,San Francisco,San Francisco County,06,2025-03-09,83.91721959417245,1741478400000,"{""type"":""MultiPoint"",""coordinates"":[]}"
1164_00000000000000000021,1857233047,225282636,41860,H1,013,01675903,488,A,06013,+37.9194790,-121.9515431,06,36084,G4020,Contra Costa,Contra Costa County,06,2025-03-10,70.98546113709229,1741564800000,"{""type"":""MultiPoint"",""coordinates"":[]}"
1164_00000000000000000023,1909598013,216923745,41860,H1,001,01675839,488,A,06001,+37.6471385,-121.9124880,06,36084,G4020,Alameda,Alameda County,06,2025-03-10,69.18767070005846,1741564800000,"{""type"":""MultiPoint"",""coordinates"":[]}"
1164_0000000000000000001f,121375681,479216672,41860,H6,075,00277302,488,C,06075,+37.7272391,-123.0322294,06,41884,G4020,San Francisco,San Francisco County,06,2025-03-10,74.80718588545396,1741564800000,"{""type"":""MultiPoint"",""coordinates"":[]}"
1165_00000000000000000021,1857233047,225282636,41860,H1,013,01675903,488,A,06013,+37.9194790,-121.9515431,06,36084,G4020,Contra Costa,Contra Costa County,06,2025-03-11,67.41475509568401,1741651200000,"{""type"":""MultiPoint"",""coordinates"":[]}"
1165_00000000000000000023,1909598013,216923745,41860,H1,001,01675839,488,A,06001,+37.6471385,-121.9124880,06,36084,G4020,Alameda,Alameda County,06,2025-03-11,68.43272364849493,1741651200000,"{""type"":""MultiPoint"",""coordinates"":[]}"
1165_0000000000000000001f,121375681,479216672,41860,H6,075,00277302,488,C,06075,+37.7272391,-123.0322294,06,41884,G4020,San Francisco,San Francisco County,06,2025-03-11,76.6056997335919,1741651200000,"{""type"":""MultiPoint"",""coordinates"":[]}"
1166_00000000000000000021,1857233047,225282636,41860,H1,013,01675903,488,A,06013,+37.9194790,-121.9515431,06,36084,G4020,Contra Costa,Contra Costa County,06,2025-03-12,77.83589591527826,1741737600000,"{""type"":""MultiPoint"",""coordinates"":[]}"
1166_00000000000000000023,1909598013,216923745,41860,H1,001,01675839,488,A,06001,+37.6471385,-121.9124880,06,36084,G4020,Alameda,Alameda County,06,2025-03-12,78.61211705348678,1741737600000,"{""type"":""MultiPoint"",""coordinates"":[]}"
1166_0000000000000000001f,121375681,479216672,41860,H6,075,00277302,488,C,06075,+37.7272391,-123.0322294,06,41884,G4020,San Francisco,San Francisco County,06,2025-03-12,85.91945344637,1741737600000,"{""type"":""MultiPoint"",""coordinates"":[]}"
1167_00000000000000000021,1857233047,225282636,41860,H1,013,01675903,488,A,06013,+37.9194790,-121.9515431,06,36084,G4020,Contra Costa,Contra Costa County,06,2025-03-13,80.95606150683074,1741824000000,"{""type"":""MultiPoint"",""coordinates"":[]}"
1167_00000000000000000023,1909598013,216923745,41860,H1,001,01675839,488,A,06001,+37.6471385,-121.9124880,06,36084,G4020,Alameda,Alameda County,06,2025-03-13,85.40034547667378,1741824000000,"{""type"":""MultiPoint"",""coordinates"":[]}"
1167_0000000000000000001f,121375681,479216672,41860,H6,075,00277302,488,C,06075,+37.7272391,-123.0322294,06,41884,G4020,San Francisco,San Francisco County,06,2025-03-13,80.14015709053926,1741824000000,"{""type"":""MultiPoint"",""coordinates"":[]}"
1168_00000000000000000021,1857233047,225282636,41860,H1,013,01675903,488,A,06013,+37.9194790,-121.9515431,06,36084,G4020,Contra Costa,Contra Costa County,06,2025-03-14,75.98714962241532,1741910400000,"{""type"":""MultiPoint"",""coordinates"":[]}"
1168_00000000000000000023,1909598013,216923745,41860,H1,001,01675839,488,A,06001,+37.6471385,-121.9124880,06,36084,G4020,Alameda,Alameda County,06,2025-03-14,79.22308683021824,1741910400000,"{""type"":""MultiPoint"",""coordinates"":[]}"
1168_0000000000000000001f,121375681,479216672,41860,H6,075,00277302,488,C,06075,+37.7272391,-123.0322294,06,41884,G4020,San Francisco,San Francisco County,06,2025-03-14,76.93175953910266,1741910400000,"{""type"":""MultiPoint"",""coordinates"":[]}"
1169_00000000000000000021,1857233047,225282636,41860,H1,013,01675903,488,A,06013,+37.9194790,-121.9515431,06,36084,G4020,Contra Costa,Contra Costa County,06,2025-03-15,76.04669810686799,1741996800000,"{""type"":""MultiPoint"",""coordinates"":[]}"
1169_00000000000000000023,1909598013,216923745,41860,H1,001,01675839,488,A,06001,+37.6471385,-121.9124880,06,36084,G4020,Alameda,Alameda County,06,2025-03-15,78.38647506562148,1741996800000,"{""type"":""MultiPoint"",""coordinates"":[]}"
1169_0000000000000000001f,121375681,479216672,41860,H6,075,00277302,488,C,06075,+37.7272391,-123.0322294,06,41884,G4020,San Francisco,San Francisco County,06,2025-03-15,79.10276956764218,1741996800000,"{""type"":""MultiPoint"",""coordinates"":[]}"
1170_00000000000000000021,1857233047,225282636,41860,H1,013,01675903,488,A,06013,+37.9194790,-121.9515431,06,36084,G4020,Contra Costa,Contra Costa County,06,2025-03-16,77.861580542638,1742083200000,"{""type"":""MultiPoint"",""coordinates"":[]}"
1170_00000000000000000023,1909598013,216923745,41860,H1,001,01675839,488,A,06001,+37.6471385,-121.9124880,06,36084,G4020,Alameda,Alameda County,06,2025-03-16,77.75586209984982,1742083200000,"{""type"":""MultiPoint"",""coordinates"":[]}"
1170_0000000000000000001f,121375681,479216672,41860,H6,075,00277302,488,C,06075,+37.7272391,-123.0322294,06,41884,G4020,San Francisco,San Francisco County,06,2025-03-16,84.66582105079668,1742083200000,"{""type"":""MultiPoint"",""coordinates"":[]}"
1171_00000000000000000021,1857233047,225282636,41860,H1,013,01675903,488,A,06013,+37.9194790,-121.9515431,06,36084,G4020,Contra Costa,Contra Costa County,06,2025-03-17,81.17637948102099,1742169600000,"{""type"":""MultiPoint"",""coordinates"":[]}"
1171_00000000000000000023,1909598013,216923745,41860,H1,001,01675839,488,A,06001,+37.6471385,-121.9124880,06,36084,G4020,Alameda,Alameda County,06,2025-03-17,83.40356173566215,1742169600000,"{""type"":""MultiPoint"",""coordinates"":[]}"
1171_0000000000000000001f,121375681,479216672,41860,H6,075,00277302,488,C,06075,+37.7272391,-123.0322294,06,41884,G4020,San Francisco,San Francisco County,06,2025-03-17,83.86043975389988,1742169600000,"{""type"":""MultiPoint"",""coordinates"":[]}"
1172_00000000000000000021,1857233047,225282636,41860,H1,013,01675903,488,A,06013,+37.9194790,-121.9515431,06,36084,G4020,Contra Costa,Contra Costa County,06,2025-03-18,72.5231629738894,1742256000000,"{""type"":""MultiPoint"",""coordinates"":[]}"
1172_00000000000000000023,1909598013,216923745,41860,H1,001,01675839,488,A,06001,+37.6471385,-121.9124880,06,36084,G4020,Alameda,Alameda County,06,2025-03-18,74.893605085439,1742256000000,"{""type"":""MultiPoint"",""coordinates"":[]}"
1172_0000000000000000001f,121375681,479216672,41860,H6,075,00277302,488,C,06075,+37.7272391,-123.0322294,06,41884,G4020,San Francisco,San Francisco County,06,2025-03-18,72.00293718273183,1742256000000,"{""type"":""MultiPoint"",""coordinates"":[]}"
1173_00000000000000000021,1857233047,225282636,41860,H1,013,01675903,488,A,06013,+37.9194790,-121.9515431,06,36084,G4020,Contra Costa,Contra Costa County,06,2025-03-19,75.06839166604829,1742342400000,"{""type"":""MultiPoint"",""coordinates"":[]}"
1173_00000000000000000023,1909598013,216923745,41860,H1,001,01675839,488,A,06001,+37.6471385,-121.9124880,06,36084,G4020,Alameda,Alameda County,06,2025-03-19,71.31570085097108,1742342400000,"{""type"":""MultiPoint"",""coordinates"":[]}"
1173_0000000000000000001f,121375681,479216672,41860,H6,075,00277302,488,C,06075,+37.7272391,-123.0322294,06,41884,G4020,San Francisco,San Francisco County,06,2025-03-19,79.979680231112,1742342400000,"{""type"":""MultiPoint"",""coordinates"":[]}"
1174_00000000000000000021,1857233047,225282636,41860,H1,013,01675903,488,A,06013,+37.9194790,-121.9515431,06,36084,G4020,Contra Costa,Contra Costa County,06,2025-03-20,73.19359972414858,1742428800000,"{""type"":""MultiPoint"",""coordinates"":[]}"
1174_00000000000000000023,1909598013,216923745,41860,H1,001,01675839,488,A,06001,+37.6471385,-121.9124880,06,36084,G4020,Alameda,Alameda County,06,2025-03-20,70.73826377011066,1742428800000,"{""type"":""MultiPoint"",""coordinates"":[]}"
1174_0000000000000000001f,121375681,479216672,41860,H6,075,00277302,488,C,06075,+37.7272391,-123.0322294,06,41884,G4020,San Francisco,San Francisco County,06,2025-03-20,78.10893007028446,1742428800000,"{""type"":""MultiPoint"",""coordinates"":[]}"
1175_00000000000000000021,1857233047,225282636,41860,H1,013,01675903,488,A,06013,+37.9194790,-121.9515431,06,36084,G4020,Contra Costa,Contra Costa County,06,2025-03-21,70.76345876528404,1742515200000,"{""type"":""MultiPoint"",""coordinates"":[]}"
1175_00000000000000000023,1909598013,216923745,41860,H1,001,01675839,488,A,06001,+37.6471385,-121.9124880,06,36084,G4020,Alameda,Alameda County,06,2025-03-21,70.73024613011276,1742515200000,"{""type"":""MultiPoint"",""coordinates"":[]}"
1175_0000000000000000001f,121375681,479216672,41860,H6,075,00277302,488,C,06075,+37.7272391,-123.0322294,06,41884,G4020,San Francisco,San Francisco County,06,2025-03-21,74.33262459752625,1742515200000,"{""type"":""MultiPoint"",""coordinates"":[]}"
1176_00000000000000000021,1857233047,225282636,41860,H1,013,01675903,488,A,06013,+37.9194790,-121.9515431,06,36084,G4020,Contra Costa,Contra Costa County,06,2025-03-22,78.21849931444834,1742601600000,"{""type"":""MultiPoint"",""coordinates"":[]}"
1176_00000000000000000023,1909598013,216923745,41860,H1,001,01675839,488,A,06001,+37.6471385,-121.9124880,06,36084,G4020,Alameda,Alameda County,06,2025-03-22,81.93195226080759,1742601600000,"{""type"":""MultiPoint"",""coordinates"":[]}"
1176_0000000000000000001f,121375681,479216672,41860,H6,075,00277302,488,C,06075,+37.7272391,-123.0322294,06,41884,G4020,San Francisco,San Francisco County,06,2025-03-22,82.42247554320059,1742601600000,"{""type"":""MultiPoint"",""coordinates"":[]}"
1177_00000000000000000021,1857233047,225282636,41860,H1,013,01675903,488,A,06013,+37.9194790,-121.9515431,06,36084,G4020,Contra Costa,Contra Costa County,06,2025-03-23,79.73795100409848,1742688000000,"{""type"":""MultiPoint"",""coordinates"":[]}"
1177_00000000000000000023,1909598013,216923745,41860,H1,001,01675839,488,A,06001,+37.6471385,-121.9124880,06,36084,G4020,Alameda,Alameda County,06,2025-03-23,80.05825631079279,1742688000000,"{""type"":""MultiPoint"",""coordinates"":[]}"
1177_0000000000000000001f,121375681,479216672,41860,H6,075,00277302,488,C,06075,+37.7272391,-123.0322294,06,41884,G4020,San Francisco,San Francisco County,06,2025-03-23,85.47705455741297,1742688000000,"{""type"":""MultiPoint"",""coordinates"":[]}"
1178_00000000000000000021,1857233047,225282636,41860,H1,013,01675903,488,A,06013,+37.9194790,-121.9515431,06,36084,G4020,Contra Costa,Contra Costa County,06,2025-03-24,78.00165848730092,1742774400000,"{""type"":""MultiPoint"",""coordinates"":[]}"
1178_00000000000000000023,1909598013,216923745,41860,H1,001,01675839,488,A,06001,+37.6471385,-121.9124880,06,36084,G4020,Alameda,Alameda County,06,2025-03-24,70.11794686918626,1742774400000,"{""type"":""MultiPoint"",""coordinates"":[]}"
1178_0000000000000000001f,121375681,479216672,41860,H6,075,00277302,488,C,06075,+37.7272391,-123.0322294,06,41884,G4020,San Francisco,San Francisco County,06,2025-03-24,83.43301729335026,1742774400000,"{""type"":""MultiPoint"",""coordinates"":[]}"
1179_00000000000000000021,1857233047,225282636,41860,H1,013,01675903,488,A,06013,+37.9194790,-121.9515431,06,36084,G4020,Contra Costa,Contra Costa County,06,2025-03-25,69.83296461466887,1742860800000,"{""type"":""MultiPoint"",""coordinates"":[]}"
1179_00000000000000000023,1909598013,216923745,41860,H1,001,01675839,488,A,06001,+37.6471385,-121.9124880,06,36084,G4020,Alameda,Alameda County,06,2025-03-25,62.38877546469847,1742860800000,"{""type"":""MultiPoint"",""coordinates"":[]}"
1179_0000000000000000001f,121375681,479216672,41860,H6,075,00277302,488,C,06075,+37.7272391,-123.0322294,06,41884,G4020,San Francisco,San Francisco County,06,2025-03-25,77.74167917555056,1742860800000,"{""type"":""MultiPoint"",""coordinates"":[]}"
1180_00000000000000000021,1857233047,225282636,41860,H1,013,01675903,488,A,06013,+37.9194790,-121.9515431,06,36084,G4020,Contra Costa,Contra Costa County,06,2025-03-26,79.7165584666888,1742947200000,"{""type"":""MultiPoint"",""coordinates"":[]}"
1180_00000000000000000023,1909598013,216923745,41860,H1,001,01675839,488,A,06001,+37.6471385,-121.9124880,06,36084,G4020,Alameda,Alameda County,06,2025-03-26,79.10117416581835,1742947200000,"{""type"":""MultiPoint"",""coordinates"":[]}"
1180_0000000000000000001f,121375681,479216672,41860,H6,075,00277302,488,C,06075,+37.7272391,-123.0322294,06,41884,G4020,San Francisco,San Francisco County,06,2025-03-26,88.26781458761783,1742947200000,"{""type"":""MultiPoint"",""coordinates"":[]}"
1181_00000000000000000021,1857233047,225282636,41860,H1,013,01675903,488,A,06013,+37.9194790,-121.9515431,06,36084,G4020,Contra Costa,Contra Costa County,06,2025-03-27,75.23608885681004,1743033600000,"{""type"":""MultiPoint"",""coordinates"":[]}"
1181_00000000000000000023,1909598013,216923745,41860,H1,001,01675839,488,A,06001,+37.6471385,-121.9124880,06,36084,G4020,Alameda,Alameda County,06,2025-03-27,75.69058425232706,1743033600000,"{""type"":""MultiPoint"",""coordinates"":[]}"
1181_0000000000000000001f,121375681,479216672,41860,H6,075,00277302,488,C,06075,+37.7272391,-123.0322294,06,41884,G4020,San Francisco,San Francisco County,06,2025-03-27,83.76207043744839,1743033600000,"{""type"":""MultiPoint"",""coordinates"":[]}"
1182_00000000000000000021,1857233047,225282636,41860,H1,013,01675903,488,A,06013,+37.9194790,-121.9515431,06,36084,G4020,Contra Costa,Contra Costa County,06,2025-03-28,75.9507825987578,1743120000000,"{""type"":""MultiPoint"",""coordinates"":[]}"
1182_00000000000000000023,1909598013,216923745,41860,H1,001,01675839,488,A,06001,+37.6471385,-121.9124880,06,36084,G4020,Alameda,Alameda County,06,2025-03-28,79.24306774094651,1743120000000,"{""type"":""MultiPoint"",""coordinates"":[]}"
1182_0000000000000000001f,121375681,479216672,41860,H6,075,00277302,488,C,06075,+37.7272391,-123.0322294,06,41884,G4020,San Francisco,San Francisco County,06,2025-03-28,80.00207411616293,1743120000000,"{""type"":""MultiPoint"",""coordinates"":[]}"
1183_00000000000000000021,1857233047,225282636,41860,H1,013,01675903,488,A,06013,+37.9194790,-121.9515431,06,36084,G4020,Contra Costa,Contra Costa County,06,2025-03-29,71.60825143385493,1743206400000,"{""type"":""MultiPoint"",""coordinates"":[]}"
1183_00000000000000000023,1909598013,216923745,41860,H1,001,01675839,488,A,06001,+37.6471385,-121.9124880,06,36084,G4020,Alameda,Alameda County,06,2025-03-29,73.17147842859576,1743206400000,"{""type"":""MultiPoint"",""coordinates"":[]}"
1183_0000000000000000001f,121375681,479216672,41860,H6,075,00277302,488,C,06075,+37.7272391,-123.0322294,06,41884,G4020,San Francisco,San Francisco County,06,2025-03-29,76.25829691432263,1743206400000,"{""type"":""MultiPoint"",""coordinates"":[]}"
1184_00000000000000000021,1857233047,225282636,41860,H1,013,01675903,488,A,06013,+37.9194790,-121.9515431,06,36084,G4020,Contra Costa,Contra Costa County,06,2025-03-30,73.55333390656253,1743292800000,"{""type"":""MultiPoint"",""coordinates"":[]}"
1184_00000000000000000023,1909598013,216923745,41860,H1,001,01675839,488,A,06001,+37.6471385,-121.9124880,06,36084,G4020,Alameda,Alameda County,06,2025-03-30,74.88543588920453,1743292800000,"{""type"":""MultiPoint"",""coordinates"":[]}"
1184_0000000000000000001f,121375681,479216672,41860,H6,075,00277302,488,C,06075,+37.7272391,-123.0322294,06,41884,G4020,San Francisco,San Francisco County,06,2025-03-30,78.8814202796207,1743292800000,"{""type"":""MultiPoint"",""coordinates"":[]}"
1185_00000000000000000021,1857233047,225282636,41860,H1,013,01675903,488,A,06013,+37.9194790,-121.9515431,06,36084,G4020,Contra Costa,Contra Costa County,06,2025-03-31,76.86078377027059,1743379200000,"{""type"":""MultiPoint"",""coordinates"":[]}"
1185_00000000000000000023,1909598013,216923745,41860,H1,001,01675839,488,A,06001,+37.6471385,-121.9124880,06,36084,G4020,Alameda,Alameda County,06,2025-03-31,79.14601801137238,1743379200000,"{""type"":""MultiPoint"",""coordinates"":[]}"
1185_0000000000000000001f,121375681,479216672,41860,H6,075,00277302,488,C,06075,+37.7272391,-123.0322294,06,41884,G4020,San Francisco,San Francisco County,06,2025-03-31,79.12392453097351,1743379200000,"{""type"":""MultiPoint"",""coordinates"":[]}"
1186_00000000000000000021,1857233047,225282636,41860,H1,013,01675903,488,A,06013,+37.9194790,-121.9515431,06,36084,G4020,Contra Costa,Contra Costa County,06,2025-04-01,77.9549613371128,1743465600000,"{""type"":""MultiPoint"",""coordinates"":[]}"
1186_00000000000000000023,1909598013,216923745,41860,H1,001,01675839,488,A,06001,+37.6471385,-121.9124880,06,36084,G4020,Alameda,Alameda County,06,2025-04-01,81.95735469877371,1743465600000,"{""type"":""MultiPoint"",""coordinates"":[]}"
1186_0000000000000000001f,121375681,479216672,41860,H6,075,00277302,488,C,06075,+37.7272391,-123.0322294,06,41884,G4020,San Francisco,San Francisco County,06,2025-04-01,78.79082915466994,1743465600000,"{""type"":""MultiPoint"",""coordinates"":[]}"
1187_00000000000000000021,1857233047,225282636,41860,H1,013,01675903,488,A,06013,+37.9194790,-121.9515431,06,36084,G4020,Contra Costa,Contra Costa County,06,2025-04-02,70.43701389168743,1743552000000,"{""type"":""MultiPoint"",""coordinates"":[]}"
1187_00000000000000000023,1909598013,216923745,41860,H1,001,01675839,488,A,06001,+37.6471385,-121.9124880,06,36084,G4020,Alameda,Alameda County,06,2025-04-02,75.90882070641021,1743552000000,"{""type"":""MultiPoint"",""coordinates"":[]}"
1187_0000000000000000001f,121375681,479216672,41860,H6,075,00277302,488,C,06075,+37.7272391,-123.0322294,06,41884,G4020,San Francisco,San Francisco County,06,2025-04-02,73.46239055145398,1743552000000,"{""type"":""MultiPoint"",""coordinates"":[]}"
1188_00000000000000000021,1857233047,225282636,41860,H1,013,01675903,488,A,06013,+37.9194790,-121.9515431,06,36084,G4020,Contra Costa,Contra Costa County,06,2025-04-03,71.27886939758666,1743638400000,"{""type"":""MultiPoint"",""coordinates"":[]}"
1188_00000000000000000023,1909598013,216923745,41860,H1,001,01675839,488,A,06001,+37.6471385,-121.9124880,06,36084,G4020,Alameda,Alameda County,06,2025-04-03,73.91615617315965,1743638400000,"{""type"":""MultiPoint"",""coordinates"":[]}"
1188_0000000000000000001f,121375681,479216672,41860,H6,075,00277302,488,C,06075,+37.7272391,-123.0322294,06,41884,G4020,San Francisco,San Francisco County,06,2025-04-03,77.44371459700623,1743638400000,"{""type"":""MultiPoint"",""coordinates"":[]}"
1189_00000000000000000021,1857233047,225282636,41860,H1,013,01675903,488,A,06013,+37.9194790,-121.9515431,06,36084,G4020,Contra Costa,Contra Costa County,06,2025-04-04,62.279647574517654,1743724800000,"{""type"":""MultiPoint"",""coordinates"":[]}"
1189_00000000000000000023,1909598013,216923745,41860,H1,001,01675839,488,A,06001,+37.6471385,-121.9124880,06,36084,G4020,Alameda,Alameda County,06,2025-04-04,62.980162567692474,1743724800000,"{""type"":""MultiPoint"",""coordinates"":[]}"
1189_0000000000000000001f,121375681,479216672,41860,H6,075,00277302,488,C,06075,+37.7272391,-123.0322294,06,41884,G4020,San Francisco,San Francisco County,06,2025-04-04,72.18147160343801,1743724800000,"{""type"":""MultiPoint"",""coordinates"":[]}"
1190_00000000000000000021,1857233047,225282636,41860,H1,013,01675903,488,A,06013,+37.9194790,-121.9515431,06,36084,G4020,Contra Costa,Contra Costa County,06,2025-04-05,62.668010278076025,1743811200000,"{""type"":""MultiPoint"",""coordinates"":[]}"
1190_00000000000000000023,1909598013,216923745,41860,H1,001,01675839,488,A,06001,+37.6471385,-121.9124880,06,36084,G4020,Alameda,Alameda County,06,2025-04-05,58.743157946259636,1743811200000,"{""type"":""MultiPoint"",""coordinates"":[]}"
1190_0000000000000000001f,121375681,479216672,41860,H6,075,00277302,488,C,06075,+37.7272391,-123.0322294,06,41884,G4020,San Francisco,San Francisco County,06,2025-04-05,75.42078787846097,1743811200000,"{""type"":""MultiPoint"",""coordinates"":[]}"
1191_00000000000000000021,1857233047,225282636,41860,H1,013,01675903,488,A,06013,+37.9194790,-121.9515431,06,36084,G4020,Contra Costa,Contra Costa County,06,2025-04-06,67.33287565556667,1743897600000,"{""type"":""MultiPoint"",""coordinates"":[]}"
1191_00000000000000000023,1909598013,216923745,41860,H1,001,01675839,488,A,06001,+37.6471385,-121.9124880,06,36084,G4020,Alameda,Alameda County,06,2025-04-06,63.25633550704737,1743897600000,"{""type"":""MultiPoint"",""coordinates"":[]}"
1191_0000000000000000001f,121375681,479216672,41860,H6,075,00277302,488,C,06075,+37.7272391,-123.0322294,06,41884,G4020,San Francisco,San Francisco County,06,2025-04-06,79.00037203501174,1743897600000,"{""type"":""MultiPoint"",""coordinates"":[]}"
1192_00000000000000000021,1857233047,225282636,41860,H1,013,01675903,488,A,06013,+37.9194790,-121.9515431,06,36084,G4020,Contra Costa,Contra Costa County,06,2025-04-07,69.56723879604388,1743984000000,"{""type"":""MultiPoint"",""coordinates"":[]}"
1192_00000000000000000023,1909598013,216923745,41860,H1,001,01675839,488,A,06001,+37.6471385,-121.9124880,06,36084,G4020,Alameda,Alameda County,06,2025-04-07,72.71355173055574,1743984000000,"{""type"":""MultiPoint"",""coordinates"":[]}"
1192_0000000000000000001f,121375681,479216672,41860,H6,075,00277302,488,C,06075,+37.7272391,-123.0322294,06,41884,G4020,San Francisco,San Francisco County,06,2025-04-07,81.29969244689102,1743984000000,"{""type"":""MultiPoint"",""coordinates"":[]}"
1193_00000000000000000021,1857233047,225282636,41860,H1,013,01675903,488,A,06013,+37.9194790,-121.9515431,06,36084,G4020,Contra Costa,Contra Costa County,06,2025-04-08,74.38298755993935,1744070400000,"{""type"":""MultiPoint"",""coordinates"":[]}"
1193_00000000000000000023,1909598013,216923745,41860,H1,001,01675839,488,A,06001,+37.6471385,-121.9124880,06,36084,G4020,Alameda,Alameda County,06,2025-04-08,76.08083567830366,1744070400000,"{""type"":""MultiPoint"",""coordinates"":[]}"
1193_0000000000000000001f,121375681,479216672,41860,H6,075,00277302,488,C,06075,+37.7272391,-123.0322294,06,41884,G4020,San Francisco,San Francisco County,06,2025-04-08,82.68507614085378,1744070400000,"{""type"":""MultiPoint"",""coordinates"":[]}"
1194_00000000000000000021,1857233047,225282636,41860,H1,013,01675903,488,A,06013,+37.9194790,-121.9515431,06,36084,G4020,Contra Costa,Contra Costa County,06,2025-04-09,69.57697000902068,1744156800000,"{""type"":""MultiPoint"",""coordinates"":[]}"
1194_00000000000000000023,1909598013,216923745,41860,H1,001,01675839,488,A,06001,+37.6471385,-121.9124880,06,36084,G4020,Alameda,Alameda County,06,2025-04-09,67.64392838787646,1744156800000,"{""type"":""MultiPoint"",""coordinates"":[]}"
1194_0000000000000000001f,121375681,479216672,41860,H6,075,00277302,488,C,06075,+37.7272391,-123.0322294,06,41884,G4020,San Francisco,San Francisco County,06,2025-04-09,77.69692882071413,1744156800000,"{""type"":""MultiPoint"",""coordinates"":[]}"
1195_00000000000000000021,1857233047,225282636,41860,H1,013,01675903,488,A,06013,+37.9194790,-121.9515431,06,36084,G4020,Contra Costa,Contra Costa County,06,2025-04-10,69.65658858995249,1744243200000,"{""type"":""MultiPoint"",""coordinates"":[]}"
1195_00000000000000000023,1909598013,216923745,41860,H1,001,01675839,488,A,06001,+37.6471385,-121.9124880,06,36084,G4020,Alameda,Alameda County,06,2025-04-10,68.5446802914117,1744243200000,"{""type"":""MultiPoint"",""coordinates"":[]}"
1195_0000000000000000001f,121375681,479216672,41860,H6,075,00277302,488,C,06075,+37.7272391,-123.0322294,06,41884,G4020,San Francisco,San Francisco County,06,2025-04-10,79.78149482788464,1744243200000,"{""type"":""MultiPoint"",""coordinates"":[]}"
1196_00000000000000000021,1857233047,225282636,41860,H1,013,01675903,488,A,06013,+37.9194790,-121.9515431,06,36084,G4020,Contra Costa,Contra Costa County,06,2025-04-11,70.33654839964993,1744329600000,"{""type"":""MultiPoint"",""coordinates"":[]}"
1196_00000000000000000023,1909598013,216923745,41860,H1,001,01675839,488,A,06001,+37.6471385,-121.9124880,06,36084,G4020,Alameda,Alameda County,06,2025-04-11,71.08869891038577,1744329600000,"{""type"":""MultiPoint"",""coordinates"":[]}"
1196_0000000000000000001f,121375681,479216672,41860,H6,075,00277302,488,C,06075,+37.7272391,-123.0322294,06,41884,G4020,San Francisco,San Francisco County,06,2025-04-11,79.67607470166259,1744329600000,"{""type"":""MultiPoint"",""coordinates"":[]}"
1197_00000000000000000021,1857233047,225282636,41860,H1,013,01675903,488,A,06013,+37.9194790,-121.9515431,06,36084,G4020,Contra Costa,Contra Costa County,06,2025-04-12,67.57764321010983,1744416000000,"{""type"":""MultiPoint"",""coordinates"":[]}"
1197_00000000000000000023,1909598013,216923745,41860,H1,001,01675839,488,A,06001,+37.6471385,-121.9124880,06,36084,G4020,Alameda,Alameda County,06,2025-04-12,67.87250057939099,1744416000000,"{""type"":""MultiPoint"",""coordinates"":[]}"
1197_0000000000000000001f,121375681,479216672,41860,H6,075,00277302,488,C,06075,+37.7272391,-123.0322294,06,41884,G4020,San Francisco,San Francisco County,06,2025-04-12,74.26385950595518,1744416000000,"{""type"":""MultiPoint"",""coordinates"":[]}"
1198_00000000000000000021,1857233047,225282636,41860,H1,013,01675903,488,A,06013,+37.9194790,-121.9515431,06,36084,G4020,Contra Costa,Contra Costa County,06,2025-04-13,57.810774257986175,1744502400000,"{""type"":""MultiPoint"",""coordinates"":[]}"
1198_00000000000000000023,1909598013,216923745,41860,H1,001,01675839,488,A,06001,+37.6471385,-121.9124880,06,36084,G4020,Alameda,Alameda County,06,2025-04-13,60.21945278730493,1744502400000,"{""type"":""MultiPoint"",""coordinates"":[]}"
1198_0000000000000000001f,121375681,479216672,41860,H6,075,00277302,488,C,06075,+37.7272391,-123.0322294,06,41884,G4020,San Francisco,San Francisco County,06,2025-04-13,70.11117219193598,1744502400000,"{""type"":""MultiPoint"",""coordinates"":[]}"
1199_00000000000000000021,1857233047,225282636,41860,H1,013,01675903,488,A,06013,+37.9194790,-121.9515431,06,36084,G4020,Contra Costa,Contra Costa County,06,2025-04-14,52.83861519519211,1744588800000,"{""type"":""MultiPoint"",""coordinates"":[]}"
1199_00000000000000000023,1909598013,216923745,41860,H1,001,01675839,488,A,06001,+37.6471385,-121.9124880,06,36084,G4020,Alameda,Alameda County,06,2025-04-14,51.42556887758393,1744588800000,"{""type"":""MultiPoint"",""coordinates"":[]}"
1199_0000000000000000001f,121375681,479216672,41860,H6,075,00277302,488,C,06075,+37.7272391,-123.0322294,06,41884,G4020,San Francisco,San Francisco County,06,2025-04-14,69.70849160543303,1744588800000,"{""type"":""MultiPoint"",""coordinates"":[]}"
1200_00000000000000000021,1857233047,225282636,41860,H1,013,01675903,488,A,06013,+37.9194790,-121.9515431,06,36084,G4020,Contra Costa,Contra Costa County,06,2025-04-15,69.88410946285329,1744675200000,"{""type"":""MultiPoint"",""coordinates"":[]}"
1200_00000000000000000023,1909598013,216923745,41860,H1,001,01675839,488,A,06001,+37.6471385,-121.9124880,06,36084,G4020,Alameda,Alameda County,06,2025-04-15,70.23538053104247,1744675200000,"{""type"":""MultiPoint"",""coordinates"":[]}"
1200_0000000000000000001f,121375681,479216672,41860,H6,075,00277302,488,C,06075,+37.7272391,-123.0322294,06,41884,G4020,San Francisco,San Francisco County,06,2025-04-15,81.20784671773033,1744675200000,"{""type"":""MultiPoint"",""coordinates"":[]}"
1201_00000000000000000021,1857233047,225282636,41860,H1,013,01675903,488,A,06013,+37.9194790,-121.9515431,06,36084,G4020,Contra Costa,Contra Costa County,06,2025-04-16,69.17297987192643,1744761600000,"{""type"":""MultiPoint"",""coordinates"":[]}"
1201_00000000000000000023,1909598013,216923745,41860,H1,001,01675839,488,A,06001,+37.6471385,-121.9124880,06,36084,G4020,Alameda,Alameda County,06,2025-04-16,70.28023743743012,1744761600000,"{""type"":""MultiPoint"",""coordinates"":[]}"
1201_0000000000000000001f,121375681,479216672,41860,H6,075,00277302,488,C,06075,+37.7272391,-123.0322294,06,41884,G4020,San Francisco,San Francisco County,06,2025-04-16,76.81308866707835,1744761600000,"{""type"":""MultiPoint"",""coordinates"":[]}"
1202_00000000000000000021,1857233047,225282636,41860,H1,013,01675903,488,A,06013,+37.9194790,-121.9515431,06,36084,G4020,Contra Costa,Contra Costa County,06,2025-04-17,70.15418189168189,1744848000000,"{""type"":""MultiPoint"",""coordinates"":[]}"
1202_00000000000000000023,1909598013,216923745,41860,H1,001,01675839,488,A,06001,+37.6471385,-121.9124880,06,36084,G4020,Alameda,Alameda County,06,2025-04-17,71.57408887140649,1744848000000,"{""type"":""MultiPoint"",""coordinates"":[]}"
1202_0000000000000000001f,121375681,479216672,41860,H6,075,00277302,488,C,06075,+37.7272391,-123.0322294,06,41884,G4020,San Francisco,San Francisco County,06,2025-04-17,76.6944184061002,1744848000000,"{""type"":""MultiPoint"",""coordinates"":[]}"
1203_00000000000000000021,1857233047,225282636,41860,H1,013,01675903,488,A,06013,+37.9194790,-121.9515431,06,36084,G4020,Contra Costa,Contra Costa County,06,2025-04-18,70.16008773056497,1744934400000,"{""type"":""MultiPoint"",""coordinates"":[]}"
1203_00000000000000000023,1909598013,216923745,41860,H1,001,01675839,488,A,06001,+37.6471385,-121.9124880,06,36084,G4020,Alameda,Alameda County,06,2025-04-18,72.75057930707537,1744934400000,"{""type"":""MultiPoint"",""coordinates"":[]}"
1203_0000000000000000001f,121375681,479216672,41860,H6,075,00277302,488,C,06075,+37.7272391,-123.0322294,06,41884,G4020,San Francisco,San Francisco County,06,2025-04-18,78.64547953283486,1744934400000,"{""type"":""MultiPoint"",""coordinates"":[]}"
1204_00000000000000000021,1857233047,225282636,41860,H1,013,01675903,488,A,06013,+37.9194790,-121.9515431,06,36084,G4020,Contra Costa,Contra Costa County,06,2025-04-19,70.99441934080106,1745020800000,"{""type"":""MultiPoint"",""coordinates"":[]}"
1204_00000000000000000023,1909598013,216923745,41860,H1,001,01675839,488,A,06001,+37.6471385,-121.9124880,06,36084,G4020,Alameda,Alameda County,06,2025-04-19,69.06362908846987,1745020800000,"{""type"":""MultiPoint"",""coordinates"":[]}"
1204_0000000000000000001f,121375681,479216672,41860,H6,075,00277302,488,C,06075,+37.7272391,-123.0322294,06,41884,G4020,San Francisco,San Francisco County,06,2025-04-19,82.040905212904,1745020800000,"{""type"":""MultiPoint"",""coordinates"":[]}"
1205_00000000000000000021,1857233047,225282636,41860,H1,013,01675903,488,A,06013,+37.9194790,-121.9515431,06,36084,G4020,Contra Costa,Contra Costa County,06,2025-04-20,70.01186199158123,1745107200000,"{""type"":""MultiPoint"",""coordinates"":[]}"
1205_00000000000000000023,1909598013,216923745,41860,H1,001,01675839,488,A,06001,+37.6471385,-121.9124880,06,36084,G4020,Alameda,Alameda County,06,2025-04-20,66.20976595056406,1745107200000,"{""type"":""MultiPoint"",""coordinates"":[]}"
1205_0000000000000000001f,121375681,479216672,41860,H6,075,00277302,488,C,06075,+37.7272391,-123.0322294,06,41884,G4020,San Francisco,San Francisco County,06,2025-04-20,78.09106411235378,1745107200000,"{""type"":""MultiPoint"",""coordinates"":[]}"
1206_00000000000000000021,1857233047,225282636,41860,H1,013,01675903,488,A,06013,+37.9194790,-121.9515431,06,36084,G4020,Contra Costa,Contra Costa County,06,2025-04-21,64.65002375524007,1745193600000,"{""type"":""MultiPoint"",""coordinates"":[]}"
1206_00000000000000000023,1909598013,216923745,41860,H1,001,01675839,488,A,06001,+37.6471385,-121.9124880,06,36084,G4020,Alameda,Alameda County,06,2025-04-21,60.80670606738833,1745193600000,"{""type"":""MultiPoint"",""coordinates"":[]}"
1206_0000000000000000001f,121375681,479216672,41860,H6,075,00277302,488,C,06075,+37.7272391,-123.0322294,06,41884,G4020,San Francisco,San Francisco County,06,2025-04-21,77.8643164674111,1745193600000,"{""type"":""MultiPoint"",""coordinates"":[]}"
1207_00000000000000000021,1857233047,225282636,41860,H1,013,01675903,488,A,06013,+37.9194790,-121.9515431,06,36084,G4020,Contra Costa,Contra Costa County,06,2025-04-22,64.04743872027773,1745280000000,"{""type"":""MultiPoint"",""coordinates"":[]}"
1207_00000000000000000023,1909598013,216923745,41860,H1,001,01675839,488,A,06001,+37.6471385,-121.9124880,06,36084,G4020,Alameda,Alameda County,06,2025-04-22,62.00111865888793,1745280000000,"{""type"":""MultiPoint"",""coordinates"":[]}"
1207_0000000000000000001f,121375681,479216672,41860,H6,075,00277302,488,C,06075,+37.7272391,-123.0322294,06,41884,G4020,San Francisco,San Francisco County,06,2025-04-22,78.2492810855566,1745280000000,"{""type"":""MultiPoint"",""coordinates"":[]}"
1208_00000000000000000021,1857233047,225282636,41860,H1,013,01675903,488,A,06013,+37.9194790,-121.9515431,06,36084,G4020,Contra Costa,Contra Costa County,06,2025-04-23,68.04061436580318,1745366400000,"{""type"":""MultiPoint"",""coordinates"":[]}"
1208_00000000000000000023,1909598013,216923745,41860,H1,001,01675839,488,A,06001,+37.6471385,-121.9124880,06,36084,G4020,Alameda,Alameda County,06,2025-04-23,68.54187347701397,1745366400000,"{""type"":""MultiPoint"",""coordinates"":[]}"
1208_0000000000000000001f,121375681,479216672,41860,H6,075,00277302,488,C,06075,+37.7272391,-123.0322294,06,41884,G4020,San Francisco,San Francisco County,06,2025-04-23,76.86351476010947,1745366400000,"{""type"":""MultiPoint"",""coordinates"":[]}"
1209_00000000000000000021,1857233047,225282636,41860,H1,013,01675903,488,A,06013,+37.9194790,-121.9515431,06,36084,G4020,Contra Costa,Contra Costa County,06,2025-04-24,71.72115511948013,1745452800000,"{""type"":""MultiPoint"",""coordinates"":[]}"
1209_00000000000000000023,1909598013,216923745,41860,H1,001,01675839,488,A,06001,+37.6471385,-121.9124880,06,36084,G4020,Alameda,Alameda County,06,2025-04-24,72.62386983174542,1745452800000,"{""type"":""MultiPoint"",""coordinates"":[]}"
1209_0000000000000000001f,121375681,479216672,41860,H6,075,00277302,488,C,06075,+37.7272391,-123.0322294,06,41884,G4020,San Francisco,San Francisco County,06,2025-04-24,77.3477009409848,1745452800000,"{""type"":""MultiPoint"",""coordinates"":[]}"
1210_00000000000000000021,1857233047,225282636,41860,H1,013,01675903,488,A,06013,+37.9194790,-121.9515431,06,36084,G4020,Contra Costa,Contra Costa County,06,2025-04-25,64.56824290412514,1745539200000,"{""type"":""MultiPoint"",""coordinates"":[]}"
1210_00000000000000000023,1909598013,216923745,41860,H1,001,01675839,488,A,06001,+37.6471385,-121.9124880,06,36084,G4020,Alameda,Alameda County,06,2025-04-25,67.30115795069885,1745539200000,"{""type"":""MultiPoint"",""coordinates"":[]}"
1210_0000000000000000001f,121375681,479216672,41860,H6,075,00277302,488,C,06075,+37.7272391,-123.0322294,06,41884,G4020,San Francisco,San Francisco County,06,2025-04-25,70.37389812809131,1745539200000,"{""type"":""MultiPoint"",""coordinates"":[]}"
1211_00000000000000000021,1857233047,225282636,41860,H1,013,01675903,488,A,06013,+37.9194790,-121.9515431,06,36084,G4020,Contra Costa,Contra Costa County,06,2025-04-26,65.9534441054787,1745625600000,"{""type"":""MultiPoint"",""coordinates"":[]}"
1211_00000000000000000023,1909598013,216923745,41860,H1,001,01675839,488,A,06001,+37.6471385,-121.9124880,06,36084,G4020,Alameda,Alameda County,06,2025-04-26,68.91490407903844,1745625600000,"{""type"":""MultiPoint"",""coordinates"":[]}"
1211_0000000000000000001f,121375681,479216672,41860,H6,075,00277302,488,C,06075,+37.7272391,-123.0322294,06,41884,G4020,San Francisco,San Francisco County,06,2025-04-26,72.8667912268569,1745625600000,"{""type"":""MultiPoint"",""coordinates"":[]}"
1212_00000000000000000021,1857233047,225282636,41860,H1,013,01675903,488,A,06013,+37.9194790,-121.9515431,06,36084,G4020,Contra Costa,Contra Costa County,06,2025-04-27,74.79941368494028,1745712000000,"{""type"":""MultiPoint"",""coordinates"":[]}"
1212_00000000000000000023,1909598013,216923745,41860,H1,001,01675839,488,A,06001,+37.6471385,-121.9124880,06,36084,G4020,Alameda,Alameda County,06,2025-04-27,77.51601914029521,1745712000000,"{""type"":""MultiPoint"",""coordinates"":[]}"
1212_0000000000000000001f,121375681,479216672,41860,H6,075,00277302,488,C,06075,+37.7272391,-123.0322294,06,41884,G4020,San Francisco,San Francisco County,06,2025-04-27,81.16360139734797,1745712000000,"{""type"":""MultiPoint"",""coordinates"":[]}"
1213_00000000000000000021,1857233047,225282636,41860,H1,013,01675903,488,A,06013,+37.9194790,-121.9515431,06,36084,G4020,Contra Costa,Contra Costa County,06,2025-04-28,71.6246334988652,1745798400000,"{""type"":""MultiPoint"",""coordinates"":[]}"
1213_00000000000000000023,1909598013,216923745,41860,H1,001,01675839,488,A,06001,+37.6471385,-121.9124880,06,36084,G4020,Alameda,Alameda County,06,2025-04-28,73.75894868491753,1745798400000,"{""type"":""MultiPoint"",""coordinates"":[]}"
1213_0000000000000000001f,121375681,479216672,41860,H6,075,00277302,488,C,06075,+37.7272391,-123.0322294,06,41884,G4020,San Francisco,San Francisco County,06,2025-04-28,78.21050208562032,1745798400000,"{""type"":""MultiPoint"",""coordinates"":[]}"
1214_00000000000000000021,1857233047,225282636,41860,H1,013,01675903,488,A,06013,+37.9194790,-121.9515431,06,36084,G4020,Contra Costa,Contra Costa County,06,2025-04-29,66.59156449782068,1745884800000,"{""type"":""MultiPoint"",""coordinates"":[]}"
1214_00000000000000000023,1909598013,216923745,41860,H1,001,01675839,488,A,06001,+37.6471385,-121.9124880,06,36084,G4020,Alameda,Alameda County,06,2025-04-29,67.12547600862177,1745884800000,"{""type"":""MultiPoint"",""coordinates"":[]}"
1214_0000000000000000001f,121375681,479216672,41860,H6,075,00277302,488,C,06075,+37.7272391,-123.0322294,06,41884,G4020,San Francisco,San Francisco County,06,2025-04-29,78.0906901981391,1745884800000,"{""type"":""MultiPoint"",""coordinates"":[]}"
1215_00000000000000000021,1857233047,225282636,41860,H1,013,01675903,488,A,06013,+37.9194790,-121.9515431,06,36084,G4020,Contra Costa,Contra Costa County,06,2025-04-30,63.98145352563012,1745971200000,"{""type"":""MultiPoint"",""coordinates"":[]}"
1215_00000000000000000023,1909598013,216923745,41860,H1,001,01675839,488,A,06001,+37.6471385,-121.9124880,06,36084,G4020,Alameda,Alameda County,06,2025-04-30,64.78132394724484,1745971200000,"{""type"":""MultiPoint"",""coordinates"":[]}"
1215_0000000000000000001f,121375681,479216672,41860,H6,075,00277302,488,C,06075,+37.7272391,-123.0322294,06,41884,G4020,San Francisco,San Francisco County,06,2025-04-30,75.6617175815455,1745971200000,"{""type"":""MultiPoint"",""coordinates"":[]}"
