system:index,ALAND,AWATER,CBSAFP,CLASSFP,COUNTYFP,COUNTYNS,CSAFP,FUNCSTAT,GEOID,INTPTLAT,INTPTLON,LSAD,METDIVFP,MTFCC,NAME,NAMELSAD,STATEFP,date,mean,system:time_start,.geo
0_0000000000000000021b,4845034547,31873103,38900,H1,005,01155127,440,A,41005,+45.1604934,-122.1951274,06,,G4020,Clackamas,Clackamas County,41,2021-12-01,80.5207812834736,1638316800000,"{""type"":""MultiPoint"",""coordinates"":[]}"
0_0000000000000000021c,1116558776,88222268,38900,H1,051,01135861,440,A,41051,+45.5477107,-122.4173625,06,,G4020,Multnomah,Multnomah County,41,2021-12-01,87.12752491481719,1638316800000,"{""type"":""MultiPoint"",""coordinates"":[]}"
0_0000000000000000021e,1875846777,6127010,38900,H1,067,01155137,440,A,41067,+45.5535419,-123.0976146,06,,G4020,Washington,Washington County,41,2021-12-01,94.74483821058224,1638316800000,"{""type"":""MultiPoint"",""coordinates"":[]}"
1_0000000000000000021b,4845034547,31873103,38900,H1,005,01155127,440,A,41005,+45.1604934,-122.1951274,06,,G4020,Clackamas,Clackamas County,41,2021-12-02,94.37351209592292,1638403200000,"{""type"":""MultiPoint"",""coordinates"":[]}"
1_0000000000000000021c,1116558776,88222268,38900,H1,051,01135861,440,A,41051,+45.5477107,-122.4173625,06,,G4020,Multnomah,Multnomah County,41,2021-12-02,91.46660693373454,1638403200000,"{""type"":""MultiPoint"",""coordinates"":[]}"
1_0000000000000000021e,1875846777,6127010,38900,H1,067,01155137,440,A,41067,+45.5535419,-123.0976146,06,,G4020,Washington,Washington County,41,2021-12-02,87.47144473123942,1638403200000,"{""type"":""MultiPoint"",""coordinates"":[]}"
2_0000000000000000021b,4845034547,31873103,38900,H1,005,01155127,440,A,41005,+45.1604934,-122.1951274,06,,G4020,Clackamas,Clackamas County,41,2021-12-03,81.86091226417719,1638489600000,"{""type"":""MultiPoint"",""coordinates"":[]}"
2_0000000000000000021c,1116558776,88222268,38900,H1,051,01135861,440,A,41051,+45.5477107,-122.4173625,06,,G4020,Multnomah,Multnomah County,41,2021-12-03,77.878816872617,1638489600000,"{""type"":""MultiPoint"",""coordinates"":[]}"
2_0000000000000000021e,1875846777,6127010,38900,H1,067,01155137,440,A,41067,+45.5535419,-123.0976146,06,,G4020,Washington,Washington County,41,2021-12-03,73.00911016089016,1638489600000,"{""type"":""MultiPoint"",""coordinates"":[]}"
3_0000000000000000021b,4845034547,31873103,38900,H1,005,01155127,440,A,41005,+45.1604934,-122.1951274,06,,G4020,Clackamas,Clackamas County,41,2021-12-04,83.08430079316653,1638576000000,"{""type"":""MultiPoint"",""coordinates"":[]}"
3_0000000000000000021c,1116558776,88222268,38900,H1,051,01135861,440,A,41051,+45.5477107,-122.4173625,06,,G4020,Multnomah,Multnomah County,41,2021-12-04,86.92535953137029,1638576000000,"{""type"":""MultiPoint"",""coordinates"":[]}"
3_0000000000000000021e,1875846777,6127010,38900,H1,067,01155137,440,A,41067,+45.5535419,-123.0976146,06,,G4020,Washington,Washington County,41,2021-12-04,85.79072977708212,1638576000000,"{""type"":""MultiPoint"",""coordinates"":[]}"
4_0000000000000000021b,4845034547,31873103,38900,H1,005,01155127,440,A,41005,+45.1604934,-122.1951274,06,,G4020,Clackamas,Clackamas County,41,2021-12-05,88.07970229795747,1638662400000,"{""type"":""MultiPoint"",""coordinates"":[]}"
4_0000000000000000021c,1116558776,88222268,38900,H1,051,01135861,440,A,41051,+45.5477107,-122.4173625,06,,G4020,Multnomah,Multnomah County,41,2021-12-05,90.31842985922073,1638662400000,"{""type"":""MultiPoint"",""coordinates"":[]}"
4_0000000000000000021e,1875846777,6127010,38900,H1,067,01155137,440,A,41067,+45.5535419,-123.0976146,06,,G4020,Washington,Washington County,41,2021-12-05,85.06293088953954,1638662400000,"{""type"":""MultiPoint"",""coordinates"":[]}"
5_0000000000000000021b,4845034547,31873103,38900,H1,005,01155127,440,A,41005,+45.1604934,-122.1951274,06,,G4020,Clackamas,Clackamas County,41,2021-12-06,85.08894795620385,1638748800000,"{""type"":""MultiPoint"",""coordinates"":[]}"
5_0000000000000000021c,1116558776,88222268,38900,H1,051,01135861,440,A,41051,+45.5477107,-122.4173625,06,,G4020,Multnomah,Multnomah County,41,2021-12-06,89.41775670938725,1638748800000,"{""type"":""MultiPoint"",""coordinates"":[]}"
5_0000000000000000021e,1875846777,6127010,38900,H1,067,01155137,440,A,41067,+45.5535419,-123.0976146,06,,G4020,Washington,Washington County,41,2021-12-06,86.9324868059527,1638748800000,"{""type"":""MultiPoint"",""coordinates"":[]}"
6_0000000000000000021b,4845034547,31873103,38900,H1,005,01155127,440,A,41005,+45.1604934,-122.1951274,06,,G4020,Clackamas,Clackamas County,41,2021-12-07,99.14611525436086,1638835200000,"{""type"":""MultiPoint"",""coordinates"":[]}"
6_0000000000000000021c,1116558776,88222268,38900,H1,051,01135861,440,A,41051,+45.5477107,-122.4173625,06,,G4020,Multnomah,Multnomah County,41,2021-12-07,97.35125327485629,1638835200000,"{""type"":""MultiPoint"",""coordinates"":[]}"
6_0000000000000000021e,1875846777,6127010,38900,H1,067,01155137,440,A,41067,+45.5535419,-123.0976146,06,,G4020,Washington,Washington County,41,2021-12-07,98.87675658071645,1638835200000,"{""type"":""MultiPoint"",""coordinates"":[]}"
7_0000000000000000021b,4845034547,31873103,38900,H1,005,01155127,440,A,41005,+45.1604934,-122.1951274,06,,G4020,Clackamas,Clackamas County,41,2021-12-08,96.41630154691266,1638921600000,"{""type"":""MultiPoint"",""coordinates"":[]}"
7_0000000000000000021c,1116558776,88222268,38900,H1,051,01135861,440,A,41051,+45.5477107,-122.4173625,06,,G4020,Multnomah,Multnomah County,41,2021-12-08,94.88775600179297,1638921600000,"{""type"":""MultiPoint"",""coordinates"":[]}"
7_0000000000000000021e,1875846777,6127010,38900,H1,067,01155137,440,A,41067,+45.5535419,-123.0976146,06,,G4020,Washington,Washington County,41,2021-12-08,91.26087815408687,1638921600000,"{""type"":""MultiPoint"",""coordinates"":[]}"
8_0000000000000000021b,4845034547,31873103,38900,H1,005,01155127,440,A,41005,+45.1604934,-122.1951274,06,,G4020,Clackamas,Clackamas County,41,2021-12-09,92.72050702543218,1639008000000,"{""type"":""MultiPoint"",""coordinates"":[]}"
8_0000000000000000021c,1116558776,88222268,38900,H1,051,01135861,440,A,41051,+45.5477107,-122.4173625,06,,G4020,Multnomah,Multnomah County,41,2021-12-09,94.04260302335115,1639008000000,"{""type"":""MultiPoint"",""coordinates"":[]}"
8_0000000000000000021e,1875846777,6127010,38900,H1,067,01155137,440,A,41067,+45.5535419,-123.0976146,06,,G4020,Washington,Washington County,41,2021-12-09,91.19042160537043,1639008000000,"{""type"":""MultiPoint"",""coordinates"":[]}"
9_0000000000000000021b,4845034547,31873103,38900,H1,005,01155127,440,A,41005,+45.1604934,-122.1951274,06,,G4020,Clackamas,Clackamas County,41,2021-12-10,93.57830139629819,1639094400000,"{""type"":""MultiPoint"",""coordinates"":[]}"
9_0000000000000000021c,1116558776,88222268,38900,H1,051,01135861,440,A,41051,+45.5477107,-122.4173625,06,,G4020,Multnomah,Multnomah County,41,2021-12-10,96.09473131520721,1639094400000,"{""type"":""MultiPoint"",""coordinates"":[]}"
9_0000000000000000021e,1875846777,6127010,38900,H1,067,01155137,440,A,41067,+45.5535419,-123.0976146,06,,G4020,Washington,Washington County,41,2021-12-10,96.57625203180652,1639094400000,"{""type"":""MultiPoint"",""coordinates"":[]}"
10_0000000000000000021b,4845034547,31873103,38900,H1,005,01155127,440,A,41005,+45.1604934,-122.1951274,06,,G4020,Clackamas,Clackamas County,41,2021-12-11,91.94465719057818,1639180800000,"{""type"":""MultiPoint"",""coordinates"":[]}"
10_0000000000000000021c,1116558776,88222268,38900,H1,051,01135861,440,A,41051,+45.5477107,-122.4173625,06,,G4020,Multnomah,Multnomah County,41,2021-12-11,95.87414141450466,1639180800000,"{""type"":""MultiPoint"",""coordinates"":[]}"
10_0000000000000000021e,1875846777,6127010,38900,H1,067,01155137,440,A,41067,+45.5535419,-123.0976146,06,,G4020,Washington,Washington County,41,2021-12-11,97.83930295974616,1639180800000,"{""type"":""MultiPoint"",""coordinates"":[]}"
11_0000000000000000021b,4845034547,31873103,38900,H1,005,01155127,440,A,41005,+45.1604934,-122.1951274,06,,G4020,Clackamas,Clackamas County,41,2021-12-12,95.76706640324248,1639267200000,"{""type"":""MultiPoint"",""coordinates"":[]}"
11_0000000000000000021c,1116558776,88222268,38900,H1,051,01135861,440,A,41051,+45.5477107,-122.4173625,06,,G4020,Multnomah,Multnomah County,41,2021-12-12,96.65301989362545,1639267200000,"{""type"":""MultiPoint"",""coordinates"":[]}"
11_0000000000000000021e,1875846777,6127010,38900,H1,067,01155137,440,A,41067,+45.5535419,-123.0976146,06,,G4020,Washington,Washington County,41,2021-12-12,95.95245172387827,1639267200000,"{""type"":""MultiPoint"",""coordinates"":[]}"
12_0000000000000000021b,4845034547,31873103,38900,H1,005,01155127,440,A,41005,+45.1604934,-122.1951274,06,,G4020,Clackamas,Clackamas County,41,2021-12-13,92.97333041939804,1639353600000,"{""type"":""MultiPoint"",""coordinates"":[]}"
12_0000000000000000021c,1116558776,88222268,38900,H1,051,01135861,440,A,41051,+45.5477107,-122.4173625,06,,G4020,Multnomah,Multnomah County,41,2021-12-13,96.30389927930696,1639353600000,"{""type"":""MultiPoint"",""coordinates"":[]}"
12_0000000000000000021e,1875846777,6127010,38900,H1,067,01155137,440,A,41067,+45.5535419,-123.0976146,06,,G4020,Washington,Washington County,41,2021-12-13,98.71617561779696,1639353600000,"{""type"":""MultiPoint"",""coordinates"":[]}"
13_0000000000000000021b,4845034547,31873103,38900,H1,005,01155127,440,A,41005,+45.1604934,-122.1951274,06,,G4020,Clackamas,Clackamas County,41,2021-12-14,88.39088199020318,1639440000000,"{""type"":""MultiPoint"",""coordinates"":[]}"
13_0000000000000000021c,1116558776,88222268,38900,H1,051,01135861,440,A,41051,+45.5477107,-122.4173625,06,,G4020,Multnomah,Multnomah County,41,2021-12-14,92.08676518855968,1639440000000,"{""type"":""MultiPoint"",""coordinates"":[]}"
13_0000000000000000021e,1875846777,6127010,38900,H1,067,01155137,440,A,41067,+45.5535419,-123.0976146,06,,G4020,Washington,Washington County,41,2021-12-14,93.56243396322994,1639440000000,"{""type"":""MultiPoint"",""coordinates"":[]}"
14_0000000000000000021b,4845034547,31873103,38900,H1,005,01155127,440,A,41005,+45.1604934,-122.1951274,06,,G4020,Clackamas,Clackamas County,41,2021-12-15,79.893619117821,1639526400000,"{""type"":""MultiPoint"",""coordinates"":[]}"
14_0000000000000000021c,1116558776,88222268,38900,H1,051,01135861,440,A,41051,+45.5477107,-122.4173625,06,,G4020,Multnomah,Multnomah County,41,2021-12-15,85.1190819301765,1639526400000,"{""type"":""MultiPoint"",""coordinates"":[]}"
14_0000000000000000021e,1875846777,6127010,38900,H1,067,01155137,440,A,41067,+45.5535419,-123.0976146,06,,G4020,Washington,Washington County,41,2021-12-15,89.83477506130328,1639526400000,"{""type"":""MultiPoint"",""coordinates"":[]}"
15_0000000000000000021b,4845034547,31873103,38900,H1,005,01155127,440,A,41005,+45.1604934,-122.1951274,06,,G4020,Clackamas,Clackamas County,41,2021-12-16,94.7207356366418,1639612800000,"{""type"":""MultiPoint"",""coordinates"":[]}"
15_0000000000000000021c,1116558776,88222268,38900,H1,051,01135861,440,A,41051,+45.5477107,-122.4173625,06,,G4020,Multnomah,Multnomah County,41,2021-12-16,95.66357238582083,1639612800000,"{""type"":""MultiPoint"",""coordinates"":[]}"
15_0000000000000000021e,1875846777,6127010,38900,H1,067,01155137,440,A,41067,+45.5535419,-123.0976146,06,,G4020,Washington,Washington County,41,2021-12-16,96.43905193601398,1639612800000,"{""type"":""MultiPoint"",""coordinates"":[]}"
16_0000000000000000021b,4845034547,31873103,38900,H1,005,01155127,440,A,41005,+45.1604934,-122.1951274,06,,G4020,Clackamas,Clackamas County,41,2021-12-17,96.54490748494506,1639699200000,"{""type"":""MultiPoint"",""coordinates"":[]}"
16_0000000000000000021c,1116558776,88222268,38900,H1,051,01135861,440,A,41051,+45.5477107,-122.4173625,06,,G4020,Multnomah,Multnomah County,41,2021-12-17,96.44792492471075,1639699200000,"{""type"":""MultiPoint"",""coordinates"":[]}"
16_0000000000000000021e,1875846777,6127010,38900,H1,067,01155137,440,A,41067,+45.5535419,-123.0976146,06,,G4020,Washington,Washington County,41,2021-12-17,95.89525545767073,1639699200000,"{""type"":""MultiPoint"",""coordinates"":[]}"
17_0000000000000000021b,4845034547,31873103,38900,H1,005,01155127,440,A,41005,+45.1604934,-122.1951274,06,,G4020,Clackamas,Clackamas County,41,2021-12-18,80.06253464816622,1639785600000,"{""type"":""MultiPoint"",""coordinates"":[]}"
17_0000000000000000021c,1116558776,88222268,38900,H1,051,01135861,440,A,41051,+45.5477107,-122.4173625,06,,G4020,Multnomah,Multnomah County,41,2021-12-18,90.31724644406748,1639785600000,"{""type"":""MultiPoint"",""coordinates"":[]}"
17_0000000000000000021e,1875846777,6127010,38900,H1,067,01155137,440,A,41067,+45.5535419,-123.0976146,06,,G4020,Washington,Washington County,41,2021-12-18,93.38730541313821,1639785600000,"{""type"":""MultiPoint"",""coordinates"":[]}"
18_0000000000000000021b,4845034547,31873103,38900,H1,005,01155127,440,A,41005,+45.1604934,-122.1951274,06,,G4020,Clackamas,Clackamas County,41,2021-12-19,98.31903049210425,1639872000000,"{""type"":""MultiPoint"",""coordinates"":[]}"
18_0000000000000000021c,1116558776,88222268,38900,H1,051,01135861,440,A,41051,+45.5477107,-122.4173625,06,,G4020,Multnomah,Multnomah County,41,2021-12-19,98.30503674354455,1639872000000,"{""type"":""MultiPoint"",""coordinates"":[]}"
18_0000000000000000021e,1875846777,6127010,38900,H1,067,01155137,440,A,41067,+45.5535419,-123.0976146,06,,G4020,Washington,Washington County,41,2021-12-19,98.3717882201858,1639872000000,"{""type"":""MultiPoint"",""coordinates"":[]}"
19_0000000000000000021b,4845034547,31873103,38900,H1,005,01155127,440,A,41005,+45.1604934,-122.1951274,06,,G4020,Clackamas,Clackamas County,41,2021-12-20,95.53982641253467,1639958400000,"{""type"":""MultiPoint"",""coordinates"":[]}"
19_0000000000000000021c,1116558776,88222268,38900,H1,051,01135861,440,A,41051,+45.5477107,-122.4173625,06,,G4020,Multnomah,Multnomah County,41,2021-12-20,95.87766127006472,1639958400000,"{""type"":""MultiPoint"",""coordinates"":[]}"
19_0000000000000000021e,1875846777,6127010,38900,H1,067,01155137,440,A,41067,+45.5535419,-123.0976146,06,,G4020,Washington,Washington County,41,2021-12-20,98.49067301353325,1639958400000,"{""type"":""MultiPoint"",""coordinates"":[]}"
20_0000000000000000021b,4845034547,31873103,38900,H1,005,01155127,440,A,41005,+45.1604934,-122.1951274,06,,G4020,Clackamas,Clackamas County,41,2021-12-21,92.76003903284135,1640044800000,"{""type"":""MultiPoint"",""coordinates"":[]}"
20_0000000000000000021c,1116558776,88222268,38900,H1,051,01135861,440,A,41051,+45.5477107,-122.4173625,06,,G4020,Multnomah,Multnomah County,41,2021-12-21,92.52356631791675,1640044800000,"{""type"":""MultiPoint"",""coordinates"":[]}"
20_0000000000000000021e,1875846777,6127010,38900,H1,067,01155137,440,A,41067,+45.5535419,-123.0976146,06,,G4020,Washington,Washington County,41,2021-12-21,96.46983041679727,1640044800000,"{""type"":""MultiPoint"",""coordinates"":[]}"
21_0000000000000000021b,4845034547,31873103,38900,H1,005,01155127,440,A,41005,+45.1604934,-122.1951274,06,,G4020,Clackamas,Clackamas County,41,2021-12-22,89.13583820567099,1640131200000,"{""type"":""MultiPoint"",""coordinates"":[]}"
21_0000000000000000021c,1116558776,88222268,38900,H1,051,01135861,440,A,41051,+45.5477107,-122.4173625,06,,G4020,Multnomah,Multnomah County,41,2021-12-22,93.7827804449108,1640131200000,"{""type"":""MultiPoint"",""coordinates"":[]}"
21_0000000000000000021e,1875846777,6127010,38900,H1,067,01155137,440,A,41067,+45.5535419,-123.0976146,06,,G4020,Washington,Washington County,41,2021-12-22,98.05127933227544,1640131200000,"{""type"":""MultiPoint"",""coordinates"":[]}"
22_0000000000000000021b,4845034547,31873103,38900,H1,005,01155127,440,A,41005,+45.1604934,-122.1951274,06,,G4020,Clackamas,Clackamas County,41,2021-12-23,96.10306227122607,1640217600000,"{""type"":""MultiPoint"",""coordinates"":[]}"
22_0000000000000000021c,1116558776,88222268,38900,H1,051,01135861,440,A,41051,+45.5477107,-122.4173625,06,,G4020,Multnomah,Multnomah County,41,2021-12-23,95.72287956387446,1640217600000,"{""type"":""MultiPoint"",""coordinates"":[]}"
22_0000000000000000021e,1875846777,6127010,38900,H1,067,01155137,440,A,41067,+45.5535419,-123.0976146,06,,G4020,Washington,Washington County,41,2021-12-23,95.52553980751759,1640217600000,"{""type"":""MultiPoint"",""coordinates"":[]}"
23_0000000000000000021b,4845034547,31873103,38900,H1,005,01155127,440,A,41005,+45.1604934,-122.1951274,06,,G4020,Clackamas,Clackamas County,41,2021-12-24,94.15198662717438,1640304000000,"{""type"":""MultiPoint"",""coordinates"":[]}"
23_0000000000000000021c,1116558776,88222268,38900,H1,051,01135861,440,A,41051,+45.5477107,-122.4173625,06,,G4020,Multnomah,Multnomah County,41,2021-12-24,96.49540540926526,1640304000000,"{""type"":""MultiPoint"",""coordinates"":[]}"
23_0000000000000000021e,1875846777,6127010,38900,H1,067,01155137,440,A,41067,+45.5535419,-123.0976146,06,,G4020,Washington,Washington County,41,2021-12-24,96.37530340685608,1640304000000,"{""type"":""MultiPoint"",""coordinates"":[]}"
24_0000000000000000021b,4845034547,31873103,38900,H1,005,01155127,440,A,41005,+45.1604934,-122.1951274,06,,G4020,Clackamas,Clackamas County,41,2021-12-25,91.23752923450829,1640390400000,"{""type"":""MultiPoint"",""coordinates"":[]}"
24_0000000000000000021c,1116558776,88222268,38900,H1,051,01135861,440,A,41051,+45.5477107,-122.4173625,06,,G4020,Multnomah,Multnomah County,41,2021-12-25,94.49412856769408,1640390400000,"{""type"":""MultiPoint"",""coordinates"":[]}"
24_0000000000000000021e,1875846777,6127010,38900,H1,067,01155137,440,A,41067,+45.5535419,-123.0976146,06,,G4020,Washington,Washington County,41,2021-12-25,95.23999012947239,1640390400000,"{""type"":""MultiPoint"",""coordinates"":[]}"
25_0000000000000000021b,4845034547,31873103,38900,H1,005,01155127,440,A,41005,+45.1604934,-122.1951274,06,,G4020,Clackamas,Clackamas County,41,2021-12-26,88.56214848014568,1640476800000,"{""type"":""MultiPoint"",""coordinates"":[]}"
25_0000000000000000021c,1116558776,88222268,38900,H1,051,01135861,440,A,41051,+45.5477107,-122.4173625,06,,G4020,Multnomah,Multnomah County,41,2021-12-26,88.92924749599786,1640476800000,"{""type"":""MultiPoint"",""coordinates"":[]}"
25_0000000000000000021e,1875846777,6127010,38900,H1,067,01155137,440,A,41067,+45.5535419,-123.0976146,06,,G4020,Washington,Washington County,41,2021-12-26,87.9625739990357,1640476800000,"{""type"":""MultiPoint"",""coordinates"":[]}"
26_0000000000000000021b,4845034547,31873103,38900,H1,005,01155127,440,A,41005,+45.1604934,-122.1951274,06,,G4020,Clackamas,Clackamas County,41,2021-12-27,83.24989228855674,1640563200000,"{""type"":""MultiPoint"",""coordinates"":[]}"
26_0000000000000000021c,1116558776,88222268,38900,H1,051,01135861,440,A,41051,+45.5477107,-122.4173625,06,,G4020,Multnomah,Multnomah County,41,2021-12-27,82.52675875806726,1640563200000,"{""type"":""MultiPoint"",""coordinates"":[]}"
26_0000000000000000021e,1875846777,6127010,38900,H1,067,01155137,440,A,41067,+45.5535419,-123.0976146,06,,G4020,Washington,Washington County,41,2021-12-27,80.94323109671397,1640563200000,"{""type"":""MultiPoint"",""coordinates"":[]}"
27_0000000000000000021b,4845034547,31873103,38900,H1,005,01155127,440,A,41005,+45.1604934,-122.1951274,06,,G4020,Clackamas,Clackamas County,41,2021-12-28,87.65077527094337,1640649600000,"{""type"":""MultiPoint"",""coordinates"":[]}"
27_0000000000000000021c,1116558776,88222268,38900,H1,051,01135861,440,A,41051,+45.5477107,-122.4173625,06,,G4020,Multnomah,Multnomah County,41,2021-12-28,87.65518678974833,1640649600000,"{""type"":""MultiPoint"",""coordinates"":[]}"
27_0000000000000000021e,1875846777,6127010,38900,H1,067,01155137,440,A,41067,+45.5535419,-123.0976146,06,,G4020,Washington,Washington County,41,2021-12-28,89.33238893067659,1640649600000,"{""type"":""MultiPoint"",""coordinates"":[]}"
28_0000000000000000021b,4845034547,31873103,38900,H1,005,01155127,440,A,41005,+45.1604934,-122.1951274,06,,G4020,Clackamas,Clackamas County,41,2021-12-29,86.31848984869723,1640736000000,"{""type"":""MultiPoint"",""coordinates"":[]}"
28_0000000000000000021c,1116558776,88222268,38900,H1,051,01135861,440,A,41051,+45.5477107,-122.4173625,06,,G4020,Multnomah,Multnomah County,41,2021-12-29,84.41426604604678,1640736000000,"{""type"":""MultiPoint"",""coordinates"":[]}"
28_0000000000000000021e,1875846777,6127010,38900,H1,067,01155137,440,A,41067,+45.5535419,-123.0976146,06,,G4020,Washington,Washington County,41,2021-12-29,88.37801472118815,1640736000000,"{""type"":""MultiPoint"",""coordinates"":[]}"
29_0000000000000000021b,4845034547,31873103,38900,H1,005,01155127,440,A,41005,+45.1604934,-122.1951274,06,,G4020,Clackamas,Clackamas County,41,2021-12-30,88.70716232512238,1640822400000,"{""type"":""MultiPoint"",""coordinates"":[]}"
29_0000000000000000021c,1116558776,88222268,38900,H1,051,01135861,440,A,41051,+45.5477107,-122.4173625,06,,G4020,Multnomah,Multnomah County,41,2021-12-30,86.57493235375092,1640822400000,"{""type"":""MultiPoint"",""coordinates"":[]}"
29_0000000000000000021e,1875846777,6127010,38900,H1,067,01155137,440,A,41067,+45.5535419,-123.0976146,06,,G4020,Washington,Washington County,41,2021-12-30,86.52579665407055,1640822400000,"{""type"":""MultiPoint"",""coordinates"":[]}"
30_0000000000000000021b,4845034547,31873103,38900,H1,005,01155127,440,A,41005,+45.1604934,-122.1951274,06,,G4020,Clackamas,Clackamas County,41,2021-12-31,90.3188971682261,1640908800000,"{""type"":""MultiPoint"",""coordinates"":[]}"
30_0000000000000000021c,1116558776,88222268,38900,H1,051,01135861,440,A,41051,+45.5477107,-122.4173625,06,,G4020,Multnomah,Multnomah County,41,2021-12-31,90.99012114139279,1640908800000,"{""type"":""MultiPoint"",""coordinates"":[]}"
30_0000000000000000021e,1875846777,6127010,38900,H1,067,01155137,440,A,41067,+45.5535419,-123.0976146,06,,G4020,Washington,Washington County,41,2021-12-31,91.51878639098275,1640908800000,"{""type"":""MultiPoint"",""coordinates"":[]}"
31_0000000000000000021b,4845034547,31873103,38900,H1,005,01155127,440,A,41005,+45.1604934,-122.1951274,06,,G4020,Clackamas,Clackamas County,41,2022-01-01,81.78572953774787,1640995200000,"{""type"":""MultiPoint"",""coordinates"":[]}"
31_0000000000000000021c,1116558776,88222268,38900,H1,051,01135861,440,A,41051,+45.5477107,-122.4173625,06,,G4020,Multnomah,Multnomah County,41,2022-01-01,79.40831952410664,1640995200000,"{""type"":""MultiPoint"",""coordinates"":[]}"
31_0000000000000000021e,1875846777,6127010,38900,H1,067,01155137,440,A,41067,+45.5535419,-123.0976146,06,,G4020,Washington,Washington County,41,2022-01-01,75.45484944093866,1640995200000,"{""type"":""MultiPoint"",""coordinates"":[]}"
32_0000000000000000021b,4845034547,31873103,38900,H1,005,01155127,440,A,41005,+45.1604934,-122.1951274,06,,G4020,Clackamas,Clackamas County,41,2022-01-02,69.56832593449674,1641081600000,"{""type"":""MultiPoint"",""coordinates"":[]}"
32_0000000000000000021c,1116558776,88222268,38900,H1,051,01135861,440,A,41051,+45.5477107,-122.4173625,06,,G4020,Multnomah,Multnomah County,41,2022-01-02,78.84878659547827,1641081600000,"{""type"":""MultiPoint"",""coordinates"":[]}"
32_0000000000000000021e,1875846777,6127010,38900,H1,067,01155137,440,A,41067,+45.5535419,-123.0976146,06,,G4020,Washington,Washington County,41,2022-01-02,81.92461882137252,1641081600000,"{""type"":""MultiPoint"",""coordinates"":[]}"
33_0000000000000000021b,4845034547,31873103,38900,H1,005,01155127,440,A,41005,+45.1604934,-122.1951274,06,,G4020,Clackamas,Clackamas County,41,2022-01-03,88.80191965083938,1641168000000,"{""type"":""MultiPoint"",""coordinates"":[]}"
33_0000000000000000021c,1116558776,88222268,38900,H1,051,01135861,440,A,41051,+45.5477107,-122.4173625,06,,G4020,Multnomah,Multnomah County,41,2022-01-03,93.89868895516412,1641168000000,"{""type"":""MultiPoint"",""coordinates"":[]}"
33_0000000000000000021e,1875846777,6127010,38900,H1,067,01155137,440,A,41067,+45.5535419,-123.0976146,06,,G4020,Washington,Washington County,41,2022-01-03,97.78427421634116,1641168000000,"{""type"":""MultiPoint"",""coordinates"":[]}"
34_0000000000000000021b,4845034547,31873103,38900,H1,005,01155127,440,A,41005,+45.1604934,-122.1951274,06,,G4020,Clackamas,Clackamas County,41,2022-01-04,94.53877368799789,1641254400000,"{""type"":""MultiPoint"",""coordinates"":[]}"
34_0000000000000000021c,1116558776,88222268,38900,H1,051,01135861,440,A,41051,+45.5477107,-122.4173625,06,,G4020,Multnomah,Multnomah County,41,2022-01-04,95.52395906840917,1641254400000,"{""type"":""MultiPoint"",""coordinates"":[]}"
34_0000000000000000021e,1875846777,6127010,38900,H1,067,01155137,440,A,41067,+45.5535419,-123.0976146,06,,G4020,Washington,Washington County,41,2022-01-04,97.7619033659216,1641254400000,"{""type"":""MultiPoint"",""coordinates"":[]}"
35_0000000000000000021b,4845034547,31873103,38900,H1,005,01155127,440,A,41005,+45.1604934,-122.1951274,06,,G4020,Clackamas,Clackamas County,41,2022-01-05,97.7946539633086,1641340800000,"{""type"":""MultiPoint"",""coordinates"":[]}"
35_0000000000000000021c,1116558776,88222268,38900,H1,051,01135861,440,A,41051,+45.5477107,-122.4173625,06,,G4020,Multnomah,Multnomah County,41,2022-01-05,98.6972838977363,1641340800000,"{""type"":""MultiPoint"",""coordinates"":[]}"
35_0000000000000000021e,1875846777,6127010,38900,H1,067,01155137,440,A,41067,+45.5535419,-123.0976146,06,,G4020,Washington,Washington County,41,2022-01-05,99.20514587892394,1641340800000,"{""type"":""MultiPoint"",""coordinates"":[]}"
36_0000000000000000021b,4845034547,31873103,38900,H1,005,01155127,440,A,41005,+45.1604934,-122.1951274,06,,G4020,Clackamas,Clackamas County,41,2022-01-06,97.89826928308631,1641427200000,"{""type"":""MultiPoint"",""coordinates"":[]}"
36_0000000000000000021c,1116558776,88222268,38900,H1,051,01135861,440,A,41051,+45.5477107,-122.4173625,06,,G4020,Multnomah,Multnomah County,41,2022-01-06,98.23743851316515,1641427200000,"{""type"":""MultiPoint"",""coordinates"":[]}"
36_0000000000000000021e,1875846777,6127010,38900,H1,067,01155137,440,A,41067,+45.5535419,-123.0976146,06,,G4020,Washington,Washington County,41,2022-01-06,98.74724605980661,1641427200000,"{""type"":""MultiPoint"",""coordinates"":[]}"
37_0000000000000000021b,4845034547,31873103,38900,H1,005,01155127,440,A,41005,+45.1604934,-122.1951274,06,,G4020,Clackamas,Clackamas County,41,2022-01-07,93.75486844043499,1641513600000,"{""type"":""MultiPoint"",""coordinates"":[]}"
37_0000000000000000021c,1116558776,88222268,38900,H1,051,01135861,440,A,41051,+45.5477107,-122.4173625,06,,G4020,Multnomah,Multnomah County,41,2022-01-07,93.97378918026546,1641513600000,"{""type"":""MultiPoint"",""coordinates"":[]}"
37_0000000000000000021e,1875846777,6127010,38900,H1,067,01155137,440,A,41067,+45.5535419,-123.0976146,06,,G4020,Washington,Washington County,41,2022-01-07,93.32194576632467,1641513600000,"{""type"":""MultiPoint"",""coordinates"":[]}"
38_0000000000000000021b,4845034547,31873103,38900,H1,005,01155127,440,A,41005,+45.1604934,-122.1951274,06,,G4020,Clackamas,Clackamas County,41,2022-01-08,88.0167936807619,1641600000000,"{""type"":""MultiPoint"",""coordinates"":[]}"
38_0000000000000000021c,1116558776,88222268,38900,H1,051,01135861,440,A,41051,+45.5477107,-122.4173625,06,,G4020,Multnomah,Multnomah County,41,2022-01-08,89.31648060029238,1641600000000,"{""type"":""MultiPoint"",""coordinates"":[]}"
38_0000000000000000021e,1875846777,6127010,38900,H1,067,01155137,440,A,41067,+45.5535419,-123.0976146,06,,G4020,Washington,Washington County,41,2022-01-08,85.0847893774809,1641600000000,"{""type"":""MultiPoint"",""coordinates"":[]}"
39_0000000000000000021b,4845034547,31873103,38900,H1,005,01155127,440,A,41005,+45.1604934,-122.1951274,06,,G4020,Clackamas,Clackamas County,41,2022-01-09,80.11842195182963,1641686400000,"{""type"":""MultiPoint"",""coordinates"":[]}"
39_0000000000000000021c,1116558776,88222268,38900,H1,051,01135861,440,A,41051,+45.5477107,-122.4173625,06,,G4020,Multnomah,Multnomah County,41,2022-01-09,79.58988699174314,1641686400000,"{""type"":""MultiPoint"",""coordinates"":[]}"
39_0000000000000000021e,1875846777,6127010,38900,H1,067,01155137,440,A,41067,+45.5535419,-123.0976146,06,,G4020,Washington,Washington County,41,2022-01-09,79.81957752655319,1641686400000,"{""type"":""MultiPoint"",""coordinates"":[]}"
40_0000000000000000021b,4845034547,31873103,38900,H1,005,01155127,440,A,41005,+45.1604934,-122.1951274,06,,G4020,Clackamas,Clackamas County,41,2022-01-10,83.25431519573806,1641772800000,"{""type"":""MultiPoint"",""coordinates"":[]}"
40_0000000000000000021c,1116558776,88222268,38900,H1,051,01135861,440,A,41051,+45.5477107,-122.4173625,06,,G4020,Multnomah,Multnomah County,41,2022-01-10,79.0052724022382,1641772800000,"{""type"":""MultiPoint"",""coordinates"":[]}"
40_0000000000000000021e,1875846777,6127010,38900,H1,067,01155137,440,A,41067,+45.5535419,-123.0976146,06,,G4020,Washington,Washington County,41,2022-01-10,79.59589100492914,1641772800000,"{""type"":""MultiPoint"",""coordinates"":[]}"
41_0000000000000000021b,4845034547,31873103,38900,H1,005,01155127,440,A,41005,+45.1604934,-122.1951274,06,,G4020,Clackamas,Clackamas County,41,2022-01-11,81.80489205692402,1641859200000,"{""type"":""MultiPoint"",""coordinates"":[]}"
41_0000000000000000021c,1116558776,88222268,38900,H1,051,01135861,440,A,41051,+45.5477107,-122.4173625,06,,G4020,Multnomah,Multnomah County,41,2022-01-11,88.11238061462019,1641859200000,"{""type"":""MultiPoint"",""coordinates"":[]}"
41_0000000000000000021e,1875846777,6127010,38900,H1,067,01155137,440,A,41067,+45.5535419,-123.0976146,06,,G4020,Washington,Washington County,41,2022-01-11,92.04805596007319,1641859200000,"{""type"":""MultiPoint"",""coordinates"":[]}"
42_0000000000000000021b,4845034547,31873103,38900,H1,005,01155127,440,A,41005,+45.1604934,-122.1951274,06,,G4020,Clackamas,Clackamas County,41,2022-01-12,72.8781162363954,1641945600000,"{""type"":""MultiPoint"",""coordinates"":[]}"
42_0000000000000000021c,1116558776,88222268,38900,H1,051,01135861,440,A,41051,+45.5477107,-122.4173625,06,,G4020,Multnomah,Multnomah County,41,2022-01-12,83.80755590002423,1641945600000,"{""type"":""MultiPoint"",""coordinates"":[]}"
42_0000000000000000021e,1875846777,6127010,38900,H1,067,01155137,440,A,41067,+45.5535419,-123.0976146,06,,G4020,Washington,Washington County,41,2022-01-12,88.86687242634966,1641945600000,"{""type"":""MultiPoint"",""coordinates"":[]}"
43_0000000000000000021b,4845034547,31873103,38900,H1,005,01155127,440,A,41005,+45.1604934,-122.1951274,06,,G4020,Clackamas,Clackamas County,41,2022-01-13,84.12910381854087,1642032000000,"{""type"":""MultiPoint"",""coordinates"":[]}"
43_0000000000000000021c,1116558776,88222268,38900,H1,051,01135861,440,A,41051,+45.5477107,-122.4173625,06,,G4020,Multnomah,Multnomah County,41,2022-01-13,89.34766543009248,1642032000000,"{""type"":""MultiPoint"",""coordinates"":[]}"
43_0000000000000000021e,1875846777,6127010,38900,H1,067,01155137,440,A,41067,+45.5535419,-123.0976146,06,,G4020,Washington,Washington County,41,2022-01-13,93.00815781557586,1642032000000,"{""type"":""MultiPoint"",""coordinates"":[]}"
44_0000000000000000021b,4845034547,31873103,38900,H1,005,01155127,440,A,41005,+45.1604934,-122.1951274,06,,G4020,Clackamas,Clackamas County,41,2022-01-14,93.71957092060829,1642118400000,"{""type"":""MultiPoint"",""coordinates"":[]}"
44_0000000000000000021c,1116558776,88222268,38900,H1,051,01135861,440,A,41051,+45.5477107,-122.4173625,06,,G4020,Multnomah,Multnomah County,41,2022-01-14,94.02756777708255,1642118400000,"{""type"":""MultiPoint"",""coordinates"":[]}"
44_0000000000000000021e,1875846777,6127010,38900,H1,067,01155137,440,A,41067,+45.5535419,-123.0976146,06,,G4020,Washington,Washington County,41,2022-01-14,96.78259339530061,1642118400000,"{""type"":""MultiPoint"",""coordinates"":[]}"
45_0000000000000000021b,4845034547,31873103,38900,H1,005,01155127,440,A,41005,+45.1604934,-122.1951274,06,,G4020,Clackamas,Clackamas County,41,2022-01-15,82.6099040519215,1642204800000,"{""type"":""MultiPoint"",""coordinates"":[]}"
45_0000000000000000021c,1116558776,88222268,38900,H1,051,01135861,440,A,41051,+45.5477107,-122.4173625,06,,G4020,Multnomah,Multnomah County,41,2022-01-15,84.41636974813316,1642204800000,"{""type"":""MultiPoint"",""coordinates"":[]}"
45_0000000000000000021e,1875846777,6127010,38900,H1,067,01155137,440,A,41067,+45.5535419,-123.0976146,06,,G4020,Washington,Washington County,41,2022-01-15,86.79540680422028,1642204800000,"{""type"":""MultiPoint"",""coordinates"":[]}"
46_0000000000000000021b,4845034547,31873103,38900,H1,005,01155127,440,A,41005,+45.1604934,-122.1951274,06,,G4020,Clackamas,Clackamas County,41,2022-01-16,82.0716926406577,1642291200000,"{""type"":""MultiPoint"",""coordinates"":[]}"
46_0000000000000000021c,1116558776,88222268,38900,H1,051,01135861,440,A,41051,+45.5477107,-122.4173625,06,,G4020,Multnomah,Multnomah County,41,2022-01-16,81.89990675086506,1642291200000,"{""type"":""MultiPoint"",""coordinates"":[]}"
46_0000000000000000021e,1875846777,6127010,38900,H1,067,01155137,440,A,41067,+45.5535419,-123.0976146,06,,G4020,Washington,Washington County,41,2022-01-16,83.40080005330444,1642291200000,"{""type"":""MultiPoint"",""coordinates"":[]}"
47_0000000000000000021b,4845034547,31873103,38900,H1,005,01155127,440,A,41005,+45.1604934,-122.1951274,06,,G4020,Clackamas,Clackamas County,41,2022-01-17,78.07714070720642,1642377600000,"{""type"":""MultiPoint"",""coordinates"":[]}"
47_0000000000000000021c,1116558776,88222268,38900,H1,051,01135861,440,A,41051,+45.5477107,-122.4173625,06,,G4020,Multnomah,Multnomah County,41,2022-01-17,77.7702785944256,1642377600000,"{""type"":""MultiPoint"",""coordinates"":[]}"
47_0000000000000000021e,1875846777,6127010,38900,H1,067,01155137,440,A,41067,+45.5535419,-123.0976146,06,,G4020,Washington,Washington County,41,2022-01-17,75.55794089742518,1642377600000,"{""type"":""MultiPoint"",""coordinates"":[]}"
48_0000000000000000021b,4845034547,31873103,38900,H1,005,01155127,440,A,41005,+45.1604934,-122.1951274,06,,G4020,Clackamas,Clackamas County,41,2022-01-18,87.43390455139028,1642464000000,"{""type"":""MultiPoint"",""coordinates"":[]}"
48_0000000000000000021c,1116558776,88222268,38900,H1,051,01135861,440,A,41051,+45.5477107,-122.4173625,06,,G4020,Multnomah,Multnomah County,41,2022-01-18,89.0162757127209,1642464000000,"{""type"":""MultiPoint"",""coordinates"":[]}"
48_0000000000000000021e,1875846777,6127010,38900,H1,067,01155137,440,A,41067,+45.5535419,-123.0976146,06,,G4020,Washington,Washington County,41,2022-01-18,91.5684117483818,1642464000000,"{""type"":""MultiPoint"",""coordinates"":[]}"
49_0000000000000000021b,4845034547,31873103,38900,H1,005,01155127,440,A,41005,+45.1604934,-122.1951274,06,,G4020,Clackamas,Clackamas County,41,2022-01-19,97.74252081029768,1642550400000,"{""type"":""MultiPoint"",""coordinates"":[]}"
49_0000000000000000021c,1116558776,88222268,38900,H1,051,01135861,440,A,41051,+45.5477107,-122.4173625,06,,G4020,Multnomah,Multnomah County,41,2022-01-19,97.07314612988718,1642550400000,"{""type"":""MultiPoint"",""coordinates"":[]}"
49_0000000000000000021e,1875846777,6127010,38900,H1,067,01155137,440,A,41067,+45.5535419,-123.0976146,06,,G4020,Washington,Washington County,41,2022-01-19,97.02270597447264,1642550400000,"{""type"":""MultiPoint"",""coordinates"":[]}"
50_0000000000000000021b,4845034547,31873103,38900,H1,005,01155127,440,A,41005,+45.1604934,-122.1951274,06,,G4020,Clackamas,Clackamas County,41,2022-01-20,98.8261680187799,1642636800000,"{""type"":""MultiPoint"",""coordinates"":[]}"
50_0000000000000000021c,1116558776,88222268,38900,H1,051,01135861,440,A,41051,+45.5477107,-122.4173625,06,,G4020,Multnomah,Multnomah County,41,2022-01-20,97.93033420968857,1642636800000,"{""type"":""MultiPoint"",""coordinates"":[]}"
50_0000000000000000021e,1875846777,6127010,38900,H1,067,01155137,440,A,41067,+45.5535419,-123.0976146,06,,G4020,Washington,Washington County,41,2022-01-20,97.36205618386998,1642636800000,"{""type"":""MultiPoint"",""coordinates"":[]}"
51_0000000000000000021b,4845034547,31873103,38900,H1,005,01155127,440,A,41005,+45.1604934,-122.1951274,06,,G4020,Clackamas,Clackamas County,41,2022-01-21,90.2188436561237,1642723200000,"{""type"":""MultiPoint"",""coordinates"":[]}"
51_0000000000000000021c,1116558776,88222268,38900,H1,051,01135861,440,A,41051,+45.5477107,-122.4173625,06,,G4020,Multnomah,Multnomah County,41,2022-01-21,89.19992983015737,1642723200000,"{""type"":""MultiPoint"",""coordinates"":[]}"
51_0000000000000000021e,1875846777,6127010,38900,H1,067,01155137,440,A,41067,+45.5535419,-123.0976146,06,,G4020,Washington,Washington County,41,2022-01-21,84.37903534976506,1642723200000,"{""type"":""MultiPoint"",""coordinates"":[]}"
52_0000000000000000021b,4845034547,31873103,38900,H1,005,01155127,440,A,41005,+45.1604934,-122.1951274,06,,G4020,Clackamas,Clackamas County,41,2022-01-22,80.99481434493889,1642809600000,"{""type"":""MultiPoint"",""coordinates"":[]}"
52_0000000000000000021c,1116558776,88222268,38900,H1,051,01135861,440,A,41051,+45.5477107,-122.4173625,06,,G4020,Multnomah,Multnomah County,41,2022-01-22,83.53387466599794,1642809600000,"{""type"":""MultiPoint"",""coordinates"":[]}"
52_0000000000000000021e,1875846777,6127010,38900,H1,067,01155137,440,A,41067,+45.5535419,-123.0976146,06,,G4020,Washington,Washington County,41,2022-01-22,77.22803527685758,1642809600000,"{""type"":""MultiPoint"",""coordinates"":[]}"
53_0000000000000000021b,4845034547,31873103,38900,H1,005,01155127,440,A,41005,+45.1604934,-122.1951274,06,,G4020,Clackamas,Clackamas County,41,2022-01-23,75.02950481061453,1642896000000,"{""type"":""MultiPoint"",""coordinates"":[]}"
53_0000000000000000021c,1116558776,88222268,38900,H1,051,01135861,440,A,41051,+45.5477107,-122.4173625,06,,G4020,Multnomah,Multnomah County,41,2022-01-23,77.14648909540206,1642896000000,"{""type"":""MultiPoint"",""coordinates"":[]}"
53_0000000000000000021e,1875846777,6127010,38900,H1,067,01155137,440,A,41067,+45.5535419,-123.0976146,06,,G4020,Washington,Washington County,41,2022-01-23,71.8376223251445,1642896000000,"{""type"":""MultiPoint"",""coordinates"":[]}"
54_0000000000000000021b,4845034547,31873103,38900,H1,005,01155127,440,A,41005,+45.1604934,-122.1951274,06,,G4020,Clackamas,Clackamas County,41,2022-01-24,60.4961939384566,1642982400000,"{""type"":""MultiPoint"",""coordinates"":[]}"
54_0000000000000000021c,1116558776,88222268,38900,H1,051,01135861,440,A,41051,+45.5477107,-122.4173625,06,,G4020,Multnomah,Multnomah County,41,2022-01-24,69.48117367601094,1642982400000,"{""type"":""MultiPoint"",""coordinates"":[]}"
54_0000000000000000021e,1875846777,6127010,38900,H1,067,01155137,440,A,41067,+45.5535419,-123.0976146,06,,G4020,Washington,Washington County,41,2022-01-24,66.31332620958779,1642982400000,"{""type"":""MultiPoint"",""coordinates"":[]}"
55_0000000000000000021b,4845034547,31873103,38900,H1,005,01155127,440,A,41005,+45.1604934,-122.1951274,06,,G4020,Clackamas,Clackamas County,41,2022-01-25,76.37660373316365,1643068800000,"{""type"":""MultiPoint"",""coordinates"":[]}"
55_0000000000000000021c,1116558776,88222268,38900,H1,051,01135861,440,A,41051,+45.5477107,-122.4173625,06,,G4020,Multnomah,Multnomah County,41,2022-01-25,75.6280275983555,1643068800000,"{""type"":""MultiPoint"",""coordinates"":[]}"
55_0000000000000000021e,1875846777,6127010,38900,H1,067,01155137,440,A,41067,+45.5535419,-123.0976146,06,,G4020,Washington,Washington County,41,2022-01-25,70.28119499289504,1643068800000,"{""type"":""MultiPoint"",""coordinates"":[]}"
56_0000000000000000021b,4845034547,31873103,38900,H1,005,01155127,440,A,41005,+45.1604934,-122.1951274,06,,G4020,Clackamas,Clackamas County,41,2022-01-26,75.5253452446209,1643155200000,"{""type"":""MultiPoint"",""coordinates"":[]}"
56_0000000000000000021c,1116558776,88222268,38900,H1,051,01135861,440,A,41051,+45.5477107,-122.4173625,06,,G4020,Multnomah,Multnomah County,41,2022-01-26,74.98801759732135,1643155200000,"{""type"":""MultiPoint"",""coordinates"":[]}"
56_0000000000000000021e,1875846777,6127010,38900,H1,067,01155137,440,A,41067,+45.5535419,-123.0976146,06,,G4020,Washington,Washington County,41,2022-01-26,69.86272897691887,1643155200000,"{""type"":""MultiPoint"",""coordinates"":[]}"
57_0000000000000000021b,4845034547,31873103,38900,H1,005,01155127,440,A,41005,+45.1604934,-122.1951274,06,,G4020,Clackamas,Clackamas County,41,2022-01-27,70.66276072435156,1643241600000,"{""type"":""MultiPoint"",""coordinates"":[]}"
57_0000000000000000021c,1116558776,88222268,38900,H1,051,01135861,440,A,41051,+45.5477107,-122.4173625,06,,G4020,Multnomah,Multnomah County,41,2022-01-27,67.289654480165,1643241600000,"{""type"":""MultiPoint"",""coordinates"":[]}"
57_0000000000000000021e,1875846777,6127010,38900,H1,067,01155137,440,A,41067,+45.5535419,-123.0976146,06,,G4020,Washington,Washington County,41,2022-01-27,62.82576084015517,1643241600000,"{""type"":""MultiPoint"",""coordinates"":[]}"
58_0000000000000000021b,4845034547,31873103,38900,H1,005,01155127,440,A,41005,+45.1604934,-122.1951274,06,,G4020,Clackamas,Clackamas County,41,2022-01-28,71.82307911189335,1643328000000,"{""type"":""MultiPoint"",""coordinates"":[]}"
58_0000000000000000021c,1116558776,88222268,38900,H1,051,01135861,440,A,41051,+45.5477107,-122.4173625,06,,G4020,Multnomah,Multnomah County,41,2022-01-28,67.55364378465447,1643328000000,"{""type"":""MultiPoint"",""coordinates"":[]}"
58_0000000000000000021e,1875846777,6127010,38900,H1,067,01155137,440,A,41067,+45.5535419,-123.0976146,06,,G4020,Washington,Washington County,41,2022-01-28,64.46049451896738,1643328000000,"{""type"":""MultiPoint"",""coordinates"":[]}"
59_0000000000000000021b,4845034547,31873103,38900,H1,005,01155127,440,A,41005,+45.1604934,-122.1951274,06,,G4020,Clackamas,Clackamas County,41,2022-01-29,71.571529846918,1643414400000,"{""type"":""MultiPoint"",""coordinates"":[]}"
59_0000000000000000021c,1116558776,88222268,38900,H1,051,01135861,440,A,41051,+45.5477107,-122.4173625,06,,G4020,Multnomah,Multnomah County,41,2022-01-29,71.4734917605502,1643414400000,"{""type"":""MultiPoint"",""coordinates"":[]}"
59_0000000000000000021e,1875846777,6127010,38900,H1,067,01155137,440,A,41067,+45.5535419,-123.0976146,06,,G4020,Washington,Washington County,41,2022-01-29,64.24916282026456,1643414400000,"{""type"":""MultiPoint"",""coordinates"":[]}"
60_0000000000000000021b,4845034547,31873103,38900,H1,005,01155127,440,A,41005,+45.1604934,-122.1951274,06,,G4020,Clackamas,Clackamas County,41,2022-01-30,71.53189595003542,1643500800000,"{""type"":""MultiPoint"",""coordinates"":[]}"
60_0000000000000000021c,1116558776,88222268,38900,H1,051,01135861,440,A,41051,+45.5477107,-122.4173625,06,,G4020,Multnomah,Multnomah County,41,2022-01-30,78.58334026436779,1643500800000,"{""type"":""MultiPoint"",""coordinates"":[]}"
60_0000000000000000021e,1875846777,6127010,38900,H1,067,01155137,440,A,41067,+45.5535419,-123.0976146,06,,G4020,Washington,Washington County,41,2022-01-30,82.8065564812478,1643500800000,"{""type"":""MultiPoint"",""coordinates"":[]}"
61_0000000000000000021b,4845034547,31873103,38900,H1,005,01155127,440,A,41005,+45.1604934,-122.1951274,06,,G4020,Clackamas,Clackamas County,41,2022-01-31,93.52111647709201,1643587200000,"{""type"":""MultiPoint"",""coordinates"":[]}"
61_0000000000000000021c,1116558776,88222268,38900,H1,051,01135861,440,A,41051,+45.5477107,-122.4173625,06,,G4020,Multnomah,Multnomah County,41,2022-01-31,94.9635498945712,1643587200000,"{""type"":""MultiPoint"",""coordinates"":[]}"
61_0000000000000000021e,1875846777,6127010,38900,H1,067,01155137,440,A,41067,+45.5535419,-123.0976146,06,,G4020,Washington,Washington County,41,2022-01-31,95.37882662147766,1643587200000,"{""type"":""MultiPoint"",""coordinates"":[]}"
62_0000000000000000021b,4845034547,31873103,38900,H1,005,01155127,440,A,41005,+45.1604934,-122.1951274,06,,G4020,Clackamas,Clackamas County,41,2022-02-01,92.90316389047001,1643673600000,"{""type"":""MultiPoint"",""coordinates"":[]}"
62_0000000000000000021c,1116558776,88222268,38900,H1,051,01135861,440,A,41051,+45.5477107,-122.4173625,06,,G4020,Multnomah,Multnomah County,41,2022-02-01,94.2059439113322,1643673600000,"{""type"":""MultiPoint"",""coordinates"":[]}"
62_0000000000000000021e,1875846777,6127010,38900,H1,067,01155137,440,A,41067,+45.5535419,-123.0976146,06,,G4020,Washington,Washington County,41,2022-02-01,91.16911132723183,1643673600000,"{""type"":""MultiPoint"",""coordinates"":[]}"
63_0000000000000000021b,4845034547,31873103,38900,H1,005,01155127,440,A,41005,+45.1604934,-122.1951274,06,,G4020,Clackamas,Clackamas County,41,2022-02-02,92.97491241882922,1643760000000,"{""type"":""MultiPoint"",""coordinates"":[]}"
63_0000000000000000021c,1116558776,88222268,38900,H1,051,01135861,440,A,41051,+45.5477107,-122.4173625,06,,G4020,Multnomah,Multnomah County,41,2022-02-02,92.68950466765907,1643760000000,"{""type"":""MultiPoint"",""coordinates"":[]}"
63_0000000000000000021e,1875846777,6127010,38900,H1,067,01155137,440,A,41067,+45.5535419,-123.0976146,06,,G4020,Washington,Washington County,41,2022-02-02,90.1019017890856,1643760000000,"{""type"":""MultiPoint"",""coordinates"":[]}"
64_0000000000000000021b,4845034547,31873103,38900,H1,005,01155127,440,A,41005,+45.1604934,-122.1951274,06,,G4020,Clackamas,Clackamas County,41,2022-02-03,95.38543449384275,1643846400000,"{""type"":""MultiPoint"",""coordinates"":[]}"
64_0000000000000000021c,1116558776,88222268,38900,H1,051,01135861,440,A,41051,+45.5477107,-122.4173625,06,,G4020,Multnomah,Multnomah County,41,2022-02-03,97.14826949570741,1643846400000,"{""type"":""MultiPoint"",""coordinates"":[]}"
64_0000000000000000021e,1875846777,6127010,38900,H1,067,01155137,440,A,41067,+45.5535419,-123.0976146,06,,G4020,Washington,Washington County,41,2022-02-03,96.51575695948854,1643846400000,"{""type"":""MultiPoint"",""coordinates"":[]}"
65_0000000000000000021b,4845034547,31873103,38900,H1,005,01155127,440,A,41005,+45.1604934,-122.1951274,06,,G4020,Clackamas,Clackamas County,41,2022-02-04,86.68484205279354,1643932800000,"{""type"":""MultiPoint"",""coordinates"":[]}"
65_0000000000000000021c,1116558776,88222268,38900,H1,051,01135861,440,A,41051,+45.5477107,-122.4173625,06,,G4020,Multnomah,Multnomah County,41,2022-02-04,90.87768776933918,1643932800000,"{""type"":""MultiPoint"",""coordinates"":[]}"
65_0000000000000000021e,1875846777,6127010,38900,H1,067,01155137,440,A,41067,+45.5535419,-123.0976146,06,,G4020,Washington,Washington County,41,2022-02-04,94.17795659247003,1643932800000,"{""type"":""MultiPoint"",""coordinates"":[]}"
66_0000000000000000021b,4845034547,31873103,38900,H1,005,01155127,440,A,41005,+45.1604934,-122.1951274,06,,G4020,Clackamas,Clackamas County,41,2022-02-05,90.14876495417859,1644019200000,"{""type"":""MultiPoint"",""coordinates"":[]}"
66_0000000000000000021c,1116558776,88222268,38900,H1,051,01135861,440,A,41051,+45.5477107,-122.4173625,06,,G4020,Multnomah,Multnomah County,41,2022-02-05,90.26541120544644,1644019200000,"{""type"":""MultiPoint"",""coordinates"":[]}"
66_0000000000000000021e,1875846777,6127010,38900,H1,067,01155137,440,A,41067,+45.5535419,-123.0976146,06,,G4020,Washington,Washington County,41,2022-02-05,89.08046770422153,1644019200000,"{""type"":""MultiPoint"",""coordinates"":[]}"
67_0000000000000000021b,4845034547,31873103,38900,H1,005,01155127,440,A,41005,+45.1604934,-122.1951274,06,,G4020,Clackamas,Clackamas County,41,2022-02-06,76.82478626706532,1644105600000,"{""type"":""MultiPoint"",""coordinates"":[]}"
67_0000000000000000021c,1116558776,88222268,38900,H1,051,01135861,440,A,41051,+45.5477107,-122.4173625,06,,G4020,Multnomah,Multnomah County,41,2022-02-06,78.76703510496698,1644105600000,"{""type"":""MultiPoint"",""coordinates"":[]}"
67_0000000000000000021e,1875846777,6127010,38900,H1,067,01155137,440,A,41067,+45.5535419,-123.0976146,06,,G4020,Washington,Washington County,41,2022-02-06,76.89659251605768,1644105600000,"{""type"":""MultiPoint"",""coordinates"":[]}"
68_0000000000000000021b,4845034547,31873103,38900,H1,005,01155127,440,A,41005,+45.1604934,-122.1951274,06,,G4020,Clackamas,Clackamas County,41,2022-02-07,77.29931277040268,1644192000000,"{""type"":""MultiPoint"",""coordinates"":[]}"
68_0000000000000000021c,1116558776,88222268,38900,H1,051,01135861,440,A,41051,+45.5477107,-122.4173625,06,,G4020,Multnomah,Multnomah County,41,2022-02-07,80.54947697418545,1644192000000,"{""type"":""MultiPoint"",""coordinates"":[]}"
68_0000000000000000021e,1875846777,6127010,38900,H1,067,01155137,440,A,41067,+45.5535419,-123.0976146,06,,G4020,Washington,Washington County,41,2022-02-07,84.1101845182222,1644192000000,"{""type"":""MultiPoint"",""coordinates"":[]}"
69_0000000000000000021b,4845034547,31873103,38900,H1,005,01155127,440,A,41005,+45.1604934,-122.1951274,06,,G4020,Clackamas,Clackamas County,41,2022-02-08,86.03885696837095,1644278400000,"{""type"":""MultiPoint"",""coordinates"":[]}"
69_0000000000000000021c,1116558776,88222268,38900,H1,051,01135861,440,A,41051,+45.5477107,-122.4173625,06,,G4020,Multnomah,Multnomah County,41,2022-02-08,91.29399903968162,1644278400000,"{""type"":""MultiPoint"",""coordinates"":[]}"
69_0000000000000000021e,1875846777,6127010,38900,H1,067,01155137,440,A,41067,+45.5535419,-123.0976146,06,,G4020,Washington,Washington County,41,2022-02-08,88.01720510904278,1644278400000,"{""type"":""MultiPoint"",""coordinates"":[]}"
70_0000000000000000021b,4845034547,31873103,38900,H1,005,01155127,440,A,41005,+45.1604934,-122.1951274,06,,G4020,Clackamas,Clackamas County,41,2022-02-09,71.0492416238479,1644364800000,"{""type"":""MultiPoint"",""coordinates"":[]}"
70_0000000000000000021c,1116558776,88222268,38900,H1,051,01135861,440,A,41051,+45.5477107,-122.4173625,06,,G4020,Multnomah,Multnomah County,41,2022-02-09,76.02447334838398,1644364800000,"{""type"":""MultiPoint"",""coordinates"":[]}"
70_0000000000000000021e,1875846777,6127010,38900,H1,067,01155137,440,A,41067,+45.5535419,-123.0976146,06,,G4020,Washington,Washington County,41,2022-02-09,78.12057714251026,1644364800000,"{""type"":""MultiPoint"",""coordinates"":[]}"
71_0000000000000000021b,4845034547,31873103,38900,H1,005,01155127,440,A,41005,+45.1604934,-122.1951274,06,,G4020,Clackamas,Clackamas County,41,2022-02-10,83.81600551038754,1644451200000,"{""type"":""MultiPoint"",""coordinates"":[]}"
71_0000000000000000021c,1116558776,88222268,38900,H1,051,01135861,440,A,41051,+45.5477107,-122.4173625,06,,G4020,Multnomah,Multnomah County,41,2022-02-10,86.89209929783812,1644451200000,"{""type"":""MultiPoint"",""coordinates"":[]}"
71_0000000000000000021e,1875846777,6127010,38900,H1,067,01155137,440,A,41067,+45.5535419,-123.0976146,06,,G4020,Washington,Washington County,41,2022-02-10,86.26701031836475,1644451200000,"{""type"":""MultiPoint"",""coordinates"":[]}"
72_0000000000000000021b,4845034547,31873103,38900,H1,005,01155127,440,A,41005,+45.1604934,-122.1951274,06,,G4020,Clackamas,Clackamas County,41,2022-02-11,67.3477890823563,1644537600000,"{""type"":""MultiPoint"",""coordinates"":[]}"
72_0000000000000000021c,1116558776,88222268,38900,H1,051,01135861,440,A,41051,+45.5477107,-122.4173625,06,,G4020,Multnomah,Multnomah County,41,2022-02-11,75.47139134214386,1644537600000,"{""type"":""MultiPoint"",""coordinates"":[]}"
72_0000000000000000021e,1875846777,6127010,38900,H1,067,01155137,440,A,41067,+45.5535419,-123.0976146,06,,G4020,Washington,Washington County,41,2022-02-11,76.28279215502265,1644537600000,"{""type"":""MultiPoint"",""coordinates"":[]}"
73_0000000000000000021b,4845034547,31873103,38900,H1,005,01155127,440,A,41005,+45.1604934,-122.1951274,06,,G4020,Clackamas,Clackamas County,41,2022-02-12,51.76718999722037,1644624000000,"{""type"":""MultiPoint"",""coordinates"":[]}"
73_0000000000000000021c,1116558776,88222268,38900,H1,051,01135861,440,A,41051,+45.5477107,-122.4173625,06,,G4020,Multnomah,Multnomah County,41,2022-02-12,50.82029008577046,1644624000000,"{""type"":""MultiPoint"",""coordinates"":[]}"
73_0000000000000000021e,1875846777,6127010,38900,H1,067,01155137,440,A,41067,+45.5535419,-123.0976146,06,,G4020,Washington,Washington County,41,2022-02-12,51.639372384419175,1644624000000,"{""type"":""MultiPoint"",""coordinates"":[]}"
74_0000000000000000021b,4845034547,31873103,38900,H1,005,01155127,440,A,41005,+45.1604934,-122.1951274,06,,G4020,Clackamas,Clackamas County,41,2022-02-13,66.66092881114488,1644710400000,"{""type"":""MultiPoint"",""coordinates"":[]}"
74_0000000000000000021c,1116558776,88222268,38900,H1,051,01135861,440,A,41051,+45.5477107,-122.4173625,06,,G4020,Multnomah,Multnomah County,41,2022-02-13,61.96447880050171,1644710400000,"{""type"":""MultiPoint"",""coordinates"":[]}"
74_0000000000000000021e,1875846777,6127010,38900,H1,067,01155137,440,A,41067,+45.5535419,-123.0976146,06,,G4020,Washington,Washington County,41,2022-02-13,56.57666904260559,1644710400000,"{""type"":""MultiPoint"",""coordinates"":[]}"
75_0000000000000000021b,4845034547,31873103,38900,H1,005,01155127,440,A,41005,+45.1604934,-122.1951274,06,,G4020,Clackamas,Clackamas County,41,2022-02-14,84.59630176421216,1644796800000,"{""type"":""MultiPoint"",""coordinates"":[]}"
75_0000000000000000021c,1116558776,88222268,38900,H1,051,01135861,440,A,41051,+45.5477107,-122.4173625,06,,G4020,Multnomah,Multnomah County,41,2022-02-14,87.1792810224466,1644796800000,"{""type"":""MultiPoint"",""coordinates"":[]}"
75_0000000000000000021e,1875846777,6127010,38900,H1,067,01155137,440,A,41067,+45.5535419,-123.0976146,06,,G4020,Washington,Washington County,41,2022-02-14,87.74348391896109,1644796800000,"{""type"":""MultiPoint"",""coordinates"":[]}"
76_0000000000000000021b,4845034547,31873103,38900,H1,005,01155127,440,A,41005,+45.1604934,-122.1951274,06,,G4020,Clackamas,Clackamas County,41,2022-02-15,93.47779594443608,1644883200000,"{""type"":""MultiPoint"",""coordinates"":[]}"
76_0000000000000000021c,1116558776,88222268,38900,H1,051,01135861,440,A,41051,+45.5477107,-122.4173625,06,,G4020,Multnomah,Multnomah County,41,2022-02-15,93.73510193901544,1644883200000,"{""type"":""MultiPoint"",""coordinates"":[]}"
76_0000000000000000021e,1875846777,6127010,38900,H1,067,01155137,440,A,41067,+45.5535419,-123.0976146,06,,G4020,Washington,Washington County,41,2022-02-15,91.20742711424143,1644883200000,"{""type"":""MultiPoint"",""coordinates"":[]}"
77_0000000000000000021b,4845034547,31873103,38900,H1,005,01155127,440,A,41005,+45.1604934,-122.1951274,06,,G4020,Clackamas,Clackamas County,41,2022-02-16,90.40519623629952,1644969600000,"{""type"":""MultiPoint"",""coordinates"":[]}"
77_0000000000000000021c,1116558776,88222268,38900,H1,051,01135861,440,A,41051,+45.5477107,-122.4173625,06,,G4020,Multnomah,Multnomah County,41,2022-02-16,88.58627729635084,1644969600000,"{""type"":""MultiPoint"",""coordinates"":[]}"
77_0000000000000000021e,1875846777,6127010,38900,H1,067,01155137,440,A,41067,+45.5535419,-123.0976146,06,,G4020,Washington,Washington County,41,2022-02-16,84.26839939822246,1644969600000,"{""type"":""MultiPoint"",""coordinates"":[]}"
78_0000000000000000021b,4845034547,31873103,38900,H1,005,01155127,440,A,41005,+45.1604934,-122.1951274,06,,G4020,Clackamas,Clackamas County,41,2022-02-17,86.04713099449758,1645056000000,"{""type"":""MultiPoint"",""coordinates"":[]}"
78_0000000000000000021c,1116558776,88222268,38900,H1,051,01135861,440,A,41051,+45.5477107,-122.4173625,06,,G4020,Multnomah,Multnomah County,41,2022-02-17,86.91256635434652,1645056000000,"{""type"":""MultiPoint"",""coordinates"":[]}"
78_0000000000000000021e,1875846777,6127010,38900,H1,067,01155137,440,A,41067,+45.5535419,-123.0976146,06,,G4020,Washington,Washington County,41,2022-02-17,85.49094057619945,1645056000000,"{""type"":""MultiPoint"",""coordinates"":[]}"
79_0000000000000000021b,4845034547,31873103,38900,H1,005,01155127,440,A,41005,+45.1604934,-122.1951274,06,,G4020,Clackamas,Clackamas County,41,2022-02-18,80.71045325414478,1645142400000,"{""type"":""MultiPoint"",""coordinates"":[]}"
79_0000000000000000021c,1116558776,88222268,38900,H1,051,01135861,440,A,41051,+45.5477107,-122.4173625,06,,G4020,Multnomah,Multnomah County,41,2022-02-18,83.63936472099996,1645142400000,"{""type"":""MultiPoint"",""coordinates"":[]}"
79_0000000000000000021e,1875846777,6127010,38900,H1,067,01155137,440,A,41067,+45.5535419,-123.0976146,06,,G4020,Washington,Washington County,41,2022-02-18,83.6473143509776,1645142400000,"{""type"":""MultiPoint"",""coordinates"":[]}"
80_0000000000000000021b,4845034547,31873103,38900,H1,005,01155127,440,A,41005,+45.1604934,-122.1951274,06,,G4020,Clackamas,Clackamas County,41,2022-02-19,76.86731726746038,1645228800000,"{""type"":""MultiPoint"",""coordinates"":[]}"
80_0000000000000000021c,1116558776,88222268,38900,H1,051,01135861,440,A,41051,+45.5477107,-122.4173625,06,,G4020,Multnomah,Multnomah County,41,2022-02-19,82.38211011668335,1645228800000,"{""type"":""MultiPoint"",""coordinates"":[]}"
80_0000000000000000021e,1875846777,6127010,38900,H1,067,01155137,440,A,41067,+45.5535419,-123.0976146,06,,G4020,Washington,Washington County,41,2022-02-19,86.4344246919981,1645228800000,"{""type"":""MultiPoint"",""coordinates"":[]}"
81_0000000000000000021b,4845034547,31873103,38900,H1,005,01155127,440,A,41005,+45.1604934,-122.1951274,06,,G4020,Clackamas,Clackamas County,41,2022-02-20,94.32523817559435,1645315200000,"{""type"":""MultiPoint"",""coordinates"":[]}"
81_0000000000000000021c,1116558776,88222268,38900,H1,051,01135861,440,A,41051,+45.5477107,-122.4173625,06,,G4020,Multnomah,Multnomah County,41,2022-02-20,93.96971028678112,1645315200000,"{""type"":""MultiPoint"",""coordinates"":[]}"
81_0000000000000000021e,1875846777,6127010,38900,H1,067,01155137,440,A,41067,+45.5535419,-123.0976146,06,,G4020,Washington,Washington County,41,2022-02-20,92.09270552522987,1645315200000,"{""type"":""MultiPoint"",""coordinates"":[]}"
82_0000000000000000021b,4845034547,31873103,38900,H1,005,01155127,440,A,41005,+45.1604934,-122.1951274,06,,G4020,Clackamas,Clackamas County,41,2022-02-21,91.07746942900047,1645401600000,"{""type"":""MultiPoint"",""coordinates"":[]}"
82_0000000000000000021c,1116558776,88222268,38900,H1,051,01135861,440,A,41051,+45.5477107,-122.4173625,06,,G4020,Multnomah,Multnomah County,41,2022-02-21,93.67679425745861,1645401600000,"{""type"":""MultiPoint"",""coordinates"":[]}"
82_0000000000000000021e,1875846777,6127010,38900,H1,067,01155137,440,A,41067,+45.5535419,-123.0976146,06,,G4020,Washington,Washington County,41,2022-02-21,93.90556312949239,1645401600000,"{""type"":""MultiPoint"",""coordinates"":[]}"
83_0000000000000000021b,4845034547,31873103,38900,H1,005,01155127,440,A,41005,+45.1604934,-122.1951274,06,,G4020,Clackamas,Clackamas County,41,2022-02-22,64.08673873232912,1645488000000,"{""type"":""MultiPoint"",""coordinates"":[]}"
83_0000000000000000021c,1116558776,88222268,38900,H1,051,01135861,440,A,41051,+45.5477107,-122.4173625,06,,G4020,Multnomah,Multnomah County,41,2022-02-22,61.16594679285833,1645488000000,"{""type"":""MultiPoint"",""coordinates"":[]}"
83_0000000000000000021e,1875846777,6127010,38900,H1,067,01155137,440,A,41067,+45.5535419,-123.0976146,06,,G4020,Washington,Washington County,41,2022-02-22,65.6085976967485,1645488000000,"{""type"":""MultiPoint"",""coordinates"":[]}"
84_0000000000000000021b,4845034547,31873103,38900,H1,005,01155127,440,A,41005,+45.1604934,-122.1951274,06,,G4020,Clackamas,Clackamas County,41,2022-02-23,43.51556306901953,1645574400000,"{""type"":""MultiPoint"",""coordinates"":[]}"
84_0000000000000000021c,1116558776,88222268,38900,H1,051,01135861,440,A,41051,+45.5477107,-122.4173625,06,,G4020,Multnomah,Multnomah County,41,2022-02-23,39.183497275141214,1645574400000,"{""type"":""MultiPoint"",""coordinates"":[]}"
84_0000000000000000021e,1875846777,6127010,38900,H1,067,01155137,440,A,41067,+45.5535419,-123.0976146,06,,G4020,Washington,Washington County,41,2022-02-23,34.44871376531857,1645574400000,"{""type"":""MultiPoint"",""coordinates"":[]}"
85_0000000000000000021b,4845034547,31873103,38900,H1,005,01155127,440,A,41005,+45.1604934,-122.1951274,06,,G4020,Clackamas,Clackamas County,41,2022-02-24,55.905296937686835,1645660800000,"{""type"":""MultiPoint"",""coordinates"":[]}"
85_0000000000000000021c,1116558776,88222268,38900,H1,051,01135861,440,A,41051,+45.5477107,-122.4173625,06,,G4020,Multnomah,Multnomah County,41,2022-02-24,59.325939192820606,1645660800000,"{""type"":""MultiPoint"",""coordinates"":[]}"
85_0000000000000000021e,1875846777,6127010,38900,H1,067,01155137,440,A,41067,+45.5535419,-123.0976146,06,,G4020,Washington,Washington County,41,2022-02-24,63.09672707445129,1645660800000,"{""type"":""MultiPoint"",""coordinates"":[]}"
86_0000000000000000021b,4845034547,31873103,38900,H1,005,01155127,440,A,41005,+45.1604934,-122.1951274,06,,G4020,Clackamas,Clackamas County,41,2022-02-25,68.06865739244508,1645747200000,"{""type"":""MultiPoint"",""coordinates"":[]}"
86_0000000000000000021c,1116558776,88222268,38900,H1,051,01135861,440,A,41051,+45.5477107,-122.4173625,06,,G4020,Multnomah,Multnomah County,41,2022-02-25,68.52579228099644,1645747200000,"{""type"":""MultiPoint"",""coordinates"":[]}"
86_0000000000000000021e,1875846777,6127010,38900,H1,067,01155137,440,A,41067,+45.5535419,-123.0976146,06,,G4020,Washington,Washington County,41,2022-02-25,70.04414725049458,1645747200000,"{""type"":""MultiPoint"",""coordinates"":[]}"
87_0000000000000000021b,4845034547,31873103,38900,H1,005,01155127,440,A,41005,+45.1604934,-122.1951274,06,,G4020,Clackamas,Clackamas County,41,2022-02-26,60.37829320003314,1645833600000,"{""type"":""MultiPoint"",""coordinates"":[]}"
87_0000000000000000021c,1116558776,88222268,38900,H1,051,01135861,440,A,41051,+45.5477107,-122.4173625,06,,G4020,Multnomah,Multnomah County,41,2022-02-26,59.78232189253245,1645833600000,"{""type"":""MultiPoint"",""coordinates"":[]}"
87_0000000000000000021e,1875846777,6127010,38900,H1,067,01155137,440,A,41067,+45.5535419,-123.0976146,06,,G4020,Washington,Washington County,41,2022-02-26,62.4222705872268,1645833600000,"{""type"":""MultiPoint"",""coordinates"":[]}"
88_0000000000000000021b,4845034547,31873103,38900,H1,005,01155127,440,A,41005,+45.1604934,-122.1951274,06,,G4020,Clackamas,Clackamas County,41,2022-02-27,88.27054763671214,1645920000000,"{""type"":""MultiPoint"",""coordinates"":[]}"
88_0000000000000000021c,1116558776,88222268,38900,H1,051,01135861,440,A,41051,+45.5477107,-122.4173625,06,,G4020,Multnomah,Multnomah County,41,2022-02-27,92.46254471639973,1645920000000,"{""type"":""MultiPoint"",""coordinates"":[]}"
88_0000000000000000021e,1875846777,6127010,38900,H1,067,01155137,440,A,41067,+45.5535419,-123.0976146,06,,G4020,Washington,Washington County,41,2022-02-27,97.9143475693434,1645920000000,"{""type"":""MultiPoint"",""coordinates"":[]}"
89_0000000000000000021b,4845034547,31873103,38900,H1,005,01155127,440,A,41005,+45.1604934,-122.1951274,06,,G4020,Clackamas,Clackamas County,41,2022-02-28,95.38517466208526,1646006400000,"{""type"":""MultiPoint"",""coordinates"":[]}"
89_0000000000000000021c,1116558776,88222268,38900,H1,051,01135861,440,A,41051,+45.5477107,-122.4173625,06,,G4020,Multnomah,Multnomah County,41,2022-02-28,97.43851217638026,1646006400000,"{""type"":""MultiPoint"",""coordinates"":[]}"
89_0000000000000000021e,1875846777,6127010,38900,H1,067,01155137,440,A,41067,+45.5535419,-123.0976146,06,,G4020,Washington,Washington County,41,2022-02-28,98.63916831327181,1646006400000,"{""type"":""MultiPoint"",""coordinates"":[]}"
90_0000000000000000021b,4845034547,31873103,38900,H1,005,01155127,440,A,41005,+45.1604934,-122.1951274,06,,G4020,Clackamas,Clackamas County,41,2022-03-01,96.28643445073408,1646092800000,"{""type"":""MultiPoint"",""coordinates"":[]}"
90_0000000000000000021c,1116558776,88222268,38900,H1,051,01135861,440,A,41051,+45.5477107,-122.4173625,06,,G4020,Multnomah,Multnomah County,41,2022-03-01,97.88527786831608,1646092800000,"{""type"":""MultiPoint"",""coordinates"":[]}"
90_0000000000000000021e,1875846777,6127010,38900,H1,067,01155137,440,A,41067,+45.5535419,-123.0976146,06,,G4020,Washington,Washington County,41,2022-03-01,98.29089543534475,1646092800000,"{""type"":""MultiPoint"",""coordinates"":[]}"
91_0000000000000000021b,4845034547,31873103,38900,H1,005,01155127,440,A,41005,+45.1604934,-122.1951274,06,,G4020,Clackamas,Clackamas County,41,2022-03-02,98.91691527574999,1646179200000,"{""type"":""MultiPoint"",""coordinates"":[]}"
91_0000000000000000021c,1116558776,88222268,38900,H1,051,01135861,440,A,41051,+45.5477107,-122.4173625,06,,G4020,Multnomah,Multnomah County,41,2022-03-02,98.65040217230708,1646179200000,"{""type"":""MultiPoint"",""coordinates"":[]}"
91_0000000000000000021e,1875846777,6127010,38900,H1,067,01155137,440,A,41067,+45.5535419,-123.0976146,06,,G4020,Washington,Washington County,41,2022-03-02,98.46614688537329,1646179200000,"{""type"":""MultiPoint"",""coordinates"":[]}"
92_0000000000000000021b,4845034547,31873103,38900,H1,005,01155127,440,A,41005,+45.1604934,-122.1951274,06,,G4020,Clackamas,Clackamas County,41,2022-03-03,92.5995840932334,1646265600000,"{""type"":""MultiPoint"",""coordinates"":[]}"
92_0000000000000000021c,1116558776,88222268,38900,H1,051,01135861,440,A,41051,+45.5477107,-122.4173625,06,,G4020,Multnomah,Multnomah County,41,2022-03-03,90.21640490825673,1646265600000,"{""type"":""MultiPoint"",""coordinates"":[]}"
92_0000000000000000021e,1875846777,6127010,38900,H1,067,01155137,440,A,41067,+45.5535419,-123.0976146,06,,G4020,Washington,Washington County,41,2022-03-03,90.15450471286552,1646265600000,"{""type"":""MultiPoint"",""coordinates"":[]}"
93_0000000000000000021b,4845034547,31873103,38900,H1,005,01155127,440,A,41005,+45.1604934,-122.1951274,06,,G4020,Clackamas,Clackamas County,41,2022-03-04,87.71747540094358,1646352000000,"{""type"":""MultiPoint"",""coordinates"":[]}"
93_0000000000000000021c,1116558776,88222268,38900,H1,051,01135861,440,A,41051,+45.5477107,-122.4173625,06,,G4020,Multnomah,Multnomah County,41,2022-03-04,84.28481545533536,1646352000000,"{""type"":""MultiPoint"",""coordinates"":[]}"
93_0000000000000000021e,1875846777,6127010,38900,H1,067,01155137,440,A,41067,+45.5535419,-123.0976146,06,,G4020,Washington,Washington County,41,2022-03-04,87.03472996090865,1646352000000,"{""type"":""MultiPoint"",""coordinates"":[]}"
94_0000000000000000021b,4845034547,31873103,38900,H1,005,01155127,440,A,41005,+45.1604934,-122.1951274,06,,G4020,Clackamas,Clackamas County,41,2022-03-05,81.21904016894281,1646438400000,"{""type"":""MultiPoint"",""coordinates"":[]}"
94_0000000000000000021c,1116558776,88222268,38900,H1,051,01135861,440,A,41051,+45.5477107,-122.4173625,06,,G4020,Multnomah,Multnomah County,41,2022-03-05,75.17170165010664,1646438400000,"{""type"":""MultiPoint"",""coordinates"":[]}"
94_0000000000000000021e,1875846777,6127010,38900,H1,067,01155137,440,A,41067,+45.5535419,-123.0976146,06,,G4020,Washington,Washington County,41,2022-03-05,74.5892732899816,1646438400000,"{""type"":""MultiPoint"",""coordinates"":[]}"
95_0000000000000000021b,4845034547,31873103,38900,H1,005,01155127,440,A,41005,+45.1604934,-122.1951274,06,,G4020,Clackamas,Clackamas County,41,2022-03-06,77.97084630856413,1646524800000,"{""type"":""MultiPoint"",""coordinates"":[]}"
95_0000000000000000021c,1116558776,88222268,38900,H1,051,01135861,440,A,41051,+45.5477107,-122.4173625,06,,G4020,Multnomah,Multnomah County,41,2022-03-06,76.45594129855506,1646524800000,"{""type"":""MultiPoint"",""coordinates"":[]}"
95_0000000000000000021e,1875846777,6127010,38900,H1,067,01155137,440,A,41067,+45.5535419,-123.0976146,06,,G4020,Washington,Washington County,41,2022-03-06,77.11187363824799,1646524800000,"{""type"":""MultiPoint"",""coordinates"":[]}"
96_0000000000000000021b,4845034547,31873103,38900,H1,005,01155127,440,A,41005,+45.1604934,-122.1951274,06,,G4020,Clackamas,Clackamas County,41,2022-03-07,76.90360831641149,1646611200000,"{""type"":""MultiPoint"",""coordinates"":[]}"
96_0000000000000000021c,1116558776,88222268,38900,H1,051,01135861,440,A,41051,+45.5477107,-122.4173625,06,,G4020,Multnomah,Multnomah County,41,2022-03-07,76.84443070406995,1646611200000,"{""type"":""MultiPoint"",""coordinates"":[]}"
96_0000000000000000021e,1875846777,6127010,38900,H1,067,01155137,440,A,41067,+45.5535419,-123.0976146,06,,G4020,Washington,Washington County,41,2022-03-07,76.59438854220402,1646611200000,"{""type"":""MultiPoint"",""coordinates"":[]}"
97_0000000000000000021b,4845034547,31873103,38900,H1,005,01155127,440,A,41005,+45.1604934,-122.1951274,06,,G4020,Clackamas,Clackamas County,41,2022-03-08,87.30845560333533,1646697600000,"{""type"":""MultiPoint"",""coordinates"":[]}"
97_0000000000000000021c,1116558776,88222268,38900,H1,051,01135861,440,A,41051,+45.5477107,-122.4173625,06,,G4020,Multnomah,Multnomah County,41,2022-03-08,86.88012736038013,1646697600000,"{""type"":""MultiPoint"",""coordinates"":[]}"
97_0000000000000000021e,1875846777,6127010,38900,H1,067,01155137,440,A,41067,+45.5535419,-123.0976146,06,,G4020,Washington,Washington County,41,2022-03-08,83.75211774885773,1646697600000,"{""type"":""MultiPoint"",""coordinates"":[]}"
98_0000000000000000021b,4845034547,31873103,38900,H1,005,01155127,440,A,41005,+45.1604934,-122.1951274,06,,G4020,Clackamas,Clackamas County,41,2022-03-09,86.56586459649891,1646784000000,"{""type"":""MultiPoint"",""coordinates"":[]}"
98_0000000000000000021c,1116558776,88222268,38900,H1,051,01135861,440,A,41051,+45.5477107,-122.4173625,06,,G4020,Multnomah,Multnomah County,41,2022-03-09,83.01470079677176,1646784000000,"{""type"":""MultiPoint"",""coordinates"":[]}"
98_0000000000000000021e,1875846777,6127010,38900,H1,067,01155137,440,A,41067,+45.5535419,-123.0976146,06,,G4020,Washington,Washington County,41,2022-03-09,82.21580755836597,1646784000000,"{""type"":""MultiPoint"",""coordinates"":[]}"
99_0000000000000000021b,4845034547,31873103,38900,H1,005,01155127,440,A,41005,+45.1604934,-122.1951274,06,,G4020,Clackamas,Clackamas County,41,2022-03-10,50.73556692781352,1646870400000,"{""type"":""MultiPoint"",""coordinates"":[]}"
99_0000000000000000021c,1116558776,88222268,38900,H1,051,01135861,440,A,41051,+45.5477107,-122.4173625,06,,G4020,Multnomah,Multnomah County,41,2022-03-10,54.317217232883614,1646870400000,"{""type"":""MultiPoint"",""coordinates"":[]}"
99_0000000000000000021e,1875846777,6127010,38900,H1,067,01155137,440,A,41067,+45.5535419,-123.0976146,06,,G4020,Washington,Washington County,41,2022-03-10,52.35557640134565,1646870400000,"{""type"":""MultiPoint"",""coordinates"":[]}"
100_0000000000000000021b,4845034547,31873103,38900,H1,005,01155127,440,A,41005,+45.1604934,-122.1951274,06,,G4020,Clackamas,Clackamas County,41,2022-03-11,51.02122264864693,1646956800000,"{""type"":""MultiPoint"",""coordinates"":[]}"
100_0000000000000000021c,1116558776,88222268,38900,H1,051,01135861,440,A,41051,+45.5477107,-122.4173625,06,,G4020,Multnomah,Multnomah County,41,2022-03-11,58.14766214975106,1646956800000,"{""type"":""MultiPoint"",""coordinates"":[]}"
100_0000000000000000021e,1875846777,6127010,38900,H1,067,01155137,440,A,41067,+45.5535419,-123.0976146,06,,G4020,Washington,Washington County,41,2022-03-11,61.07017010511669,1646956800000,"{""type"":""MultiPoint"",""coordinates"":[]}"
101_0000000000000000021b,4845034547,31873103,38900,H1,005,01155127,440,A,41005,+45.1604934,-122.1951274,06,,G4020,Clackamas,Clackamas County,41,2022-03-12,60.104205845537365,1647043200000,"{""type"":""MultiPoint"",""coordinates"":[]}"
101_0000000000000000021c,1116558776,88222268,38900,H1,051,01135861,440,A,41051,+45.5477107,-122.4173625,06,,G4020,Multnomah,Multnomah County,41,2022-03-12,64.55470080924242,1647043200000,"{""type"":""MultiPoint"",""coordinates"":[]}"
101_0000000000000000021e,1875846777,6127010,38900,H1,067,01155137,440,A,41067,+45.5535419,-123.0976146,06,,G4020,Washington,Washington County,41,2022-03-12,71.3531574619013,1647043200000,"{""type"":""MultiPoint"",""coordinates"":[]}"
102_0000000000000000021b,4845034547,31873103,38900,H1,005,01155127,440,A,41005,+45.1604934,-122.1951274,06,,G4020,Clackamas,Clackamas County,41,2022-03-13,95.09166110715046,1647129600000,"{""type"":""MultiPoint"",""coordinates"":[]}"
102_0000000000000000021c,1116558776,88222268,38900,H1,051,01135861,440,A,41051,+45.5477107,-122.4173625,06,,G4020,Multnomah,Multnomah County,41,2022-03-13,96.10333605155799,1647129600000,"{""type"":""MultiPoint"",""coordinates"":[]}"
102_0000000000000000021e,1875846777,6127010,38900,H1,067,01155137,440,A,41067,+45.5535419,-123.0976146,06,,G4020,Washington,Washington County,41,2022-03-13,96.39277028754722,1647129600000,"{""type"":""MultiPoint"",""coordinates"":[]}"
103_0000000000000000021b,4845034547,31873103,38900,H1,005,01155127,440,A,41005,+45.1604934,-122.1951274,06,,G4020,Clackamas,Clackamas County,41,2022-03-14,89.12132696261962,1647216000000,"{""type"":""MultiPoint"",""coordinates"":[]}"
103_0000000000000000021c,1116558776,88222268,38900,H1,051,01135861,440,A,41051,+45.5477107,-122.4173625,06,,G4020,Multnomah,Multnomah County,41,2022-03-14,93.6264611743882,1647216000000,"{""type"":""MultiPoint"",""coordinates"":[]}"
103_0000000000000000021e,1875846777,6127010,38900,H1,067,01155137,440,A,41067,+45.5535419,-123.0976146,06,,G4020,Washington,Washington County,41,2022-03-14,94.60297804500875,1647216000000,"{""type"":""MultiPoint"",""coordinates"":[]}"
104_0000000000000000021b,4845034547,31873103,38900,H1,005,01155127,440,A,41005,+45.1604934,-122.1951274,06,,G4020,Clackamas,Clackamas County,41,2022-03-15,94.32286171447059,1647302400000,"{""type"":""MultiPoint"",""coordinates"":[]}"
104_0000000000000000021c,1116558776,88222268,38900,H1,051,01135861,440,A,41051,+45.5477107,-122.4173625,06,,G4020,Multnomah,Multnomah County,41,2022-03-15,95.08886486644622,1647302400000,"{""type"":""MultiPoint"",""coordinates"":[]}"
104_0000000000000000021e,1875846777,6127010,38900,H1,067,01155137,440,A,41067,+45.5535419,-123.0976146,06,,G4020,Washington,Washington County,41,2022-03-15,94.17582367488576,1647302400000,"{""type"":""MultiPoint"",""coordinates"":[]}"
105_0000000000000000021b,4845034547,31873103,38900,H1,005,01155127,440,A,41005,+45.1604934,-122.1951274,06,,G4020,Clackamas,Clackamas County,41,2022-03-16,83.7389222485343,1647388800000,"{""type"":""MultiPoint"",""coordinates"":[]}"
105_0000000000000000021c,1116558776,88222268,38900,H1,051,01135861,440,A,41051,+45.5477107,-122.4173625,06,,G4020,Multnomah,Multnomah County,41,2022-03-16,83.8866534431436,1647388800000,"{""type"":""MultiPoint"",""coordinates"":[]}"
105_0000000000000000021e,1875846777,6127010,38900,H1,067,01155137,440,A,41067,+45.5535419,-123.0976146,06,,G4020,Washington,Washington County,41,2022-03-16,81.20244776563935,1647388800000,"{""type"":""MultiPoint"",""coordinates"":[]}"
106_0000000000000000021b,4845034547,31873103,38900,H1,005,01155127,440,A,41005,+45.1604934,-122.1951274,06,,G4020,Clackamas,Clackamas County,41,2022-03-17,75.99405919769339,1647475200000,"{""type"":""MultiPoint"",""coordinates"":[]}"
106_0000000000000000021c,1116558776,88222268,38900,H1,051,01135861,440,A,41051,+45.5477107,-122.4173625,06,,G4020,Multnomah,Multnomah County,41,2022-03-17,77.6668349659819,1647475200000,"{""type"":""MultiPoint"",""coordinates"":[]}"
106_0000000000000000021e,1875846777,6127010,38900,H1,067,01155137,440,A,41067,+45.5535419,-123.0976146,06,,G4020,Washington,Washington County,41,2022-03-17,79.02396383956977,1647475200000,"{""type"":""MultiPoint"",""coordinates"":[]}"
107_0000000000000000021b,4845034547,31873103,38900,H1,005,01155127,440,A,41005,+45.1604934,-122.1951274,06,,G4020,Clackamas,Clackamas County,41,2022-03-18,82.30846476333535,1647561600000,"{""type"":""MultiPoint"",""coordinates"":[]}"
107_0000000000000000021c,1116558776,88222268,38900,H1,051,01135861,440,A,41051,+45.5477107,-122.4173625,06,,G4020,Multnomah,Multnomah County,41,2022-03-18,83.4825150032991,1647561600000,"{""type"":""MultiPoint"",""coordinates"":[]}"
107_0000000000000000021e,1875846777,6127010,38900,H1,067,01155137,440,A,41067,+45.5535419,-123.0976146,06,,G4020,Washington,Washington County,41,2022-03-18,84.28043604801302,1647561600000,"{""type"":""MultiPoint"",""coordinates"":[]}"
108_0000000000000000021b,4845034547,31873103,38900,H1,005,01155127,440,A,41005,+45.1604934,-122.1951274,06,,G4020,Clackamas,Clackamas County,41,2022-03-19,89.97971039145554,1647648000000,"{""type"":""MultiPoint"",""coordinates"":[]}"
108_0000000000000000021c,1116558776,88222268,38900,H1,051,01135861,440,A,41051,+45.5477107,-122.4173625,06,,G4020,Multnomah,Multnomah County,41,2022-03-19,88.07811602897013,1647648000000,"{""type"":""MultiPoint"",""coordinates"":[]}"
108_0000000000000000021e,1875846777,6127010,38900,H1,067,01155137,440,A,41067,+45.5535419,-123.0976146,06,,G4020,Washington,Washington County,41,2022-03-19,86.10199135187008,1647648000000,"{""type"":""MultiPoint"",""coordinates"":[]}"
109_0000000000000000021b,4845034547,31873103,38900,H1,005,01155127,440,A,41005,+45.1604934,-122.1951274,06,,G4020,Clackamas,Clackamas County,41,2022-03-20,82.46079210371771,1647734400000,"{""type"":""MultiPoint"",""coordinates"":[]}"
109_0000000000000000021c,1116558776,88222268,38900,H1,051,01135861,440,A,41051,+45.5477107,-122.4173625,06,,G4020,Multnomah,Multnomah County,41,2022-03-20,83.70084208451958,1647734400000,"{""type"":""MultiPoint"",""coordinates"":[]}"
109_0000000000000000021e,1875846777,6127010,38900,H1,067,01155137,440,A,41067,+45.5535419,-123.0976146,06,,G4020,Washington,Washington County,41,2022-03-20,78.21762664208372,1647734400000,"{""type"":""MultiPoint"",""coordinates"":[]}"
110_0000000000000000021b,4845034547,31873103,38900,H1,005,01155127,440,A,41005,+45.1604934,-122.1951274,06,,G4020,Clackamas,Clackamas County,41,2022-03-21,89.04527063690661,1647820800000,"{""type"":""MultiPoint"",""coordinates"":[]}"
110_0000000000000000021c,1116558776,88222268,38900,H1,051,01135861,440,A,41051,+45.5477107,-122.4173625,06,,G4020,Multnomah,Multnomah County,41,2022-03-21,93.41506560667568,1647820800000,"{""type"":""MultiPoint"",""coordinates"":[]}"
110_0000000000000000021e,1875846777,6127010,38900,H1,067,01155137,440,A,41067,+45.5535419,-123.0976146,06,,G4020,Washington,Washington County,41,2022-03-21,93.64858695653236,1647820800000,"{""type"":""MultiPoint"",""coordinates"":[]}"
111_0000000000000000021b,4845034547,31873103,38900,H1,005,01155127,440,A,41005,+45.1604934,-122.1951274,06,,G4020,Clackamas,Clackamas County,41,2022-03-22,89.32009106615182,1647907200000,"{""type"":""MultiPoint"",""coordinates"":[]}"
111_0000000000000000021c,1116558776,88222268,38900,H1,051,01135861,440,A,41051,+45.5477107,-122.4173625,06,,G4020,Multnomah,Multnomah County,41,2022-03-22,89.04679940126243,1647907200000,"{""type"":""MultiPoint"",""coordinates"":[]}"
111_0000000000000000021e,1875846777,6127010,38900,H1,067,01155137,440,A,41067,+45.5535419,-123.0976146,06,,G4020,Washington,Washington County,41,2022-03-22,93.29147303794123,1647907200000,"{""type"":""MultiPoint"",""coordinates"":[]}"
112_0000000000000000021b,4845034547,31873103,38900,H1,005,01155127,440,A,41005,+45.1604934,-122.1951274,06,,G4020,Clackamas,Clackamas County,41,2022-03-23,90.0837416809002,1647993600000,"{""type"":""MultiPoint"",""coordinates"":[]}"
112_0000000000000000021c,1116558776,88222268,38900,H1,051,01135861,440,A,41051,+45.5477107,-122.4173625,06,,G4020,Multnomah,Multnomah County,41,2022-03-23,87.79851755377376,1647993600000,"{""type"":""MultiPoint"",""coordinates"":[]}"
112_0000000000000000021e,1875846777,6127010,38900,H1,067,01155137,440,A,41067,+45.5535419,-123.0976146,06,,G4020,Washington,Washington County,41,2022-03-23,87.55116430786924,1647993600000,"{""type"":""MultiPoint"",""coordinates"":[]}"
113_0000000000000000021b,4845034547,31873103,38900,H1,005,01155127,440,A,41005,+45.1604934,-122.1951274,06,,G4020,Clackamas,Clackamas County,41,2022-03-24,83.36258500373839,1648080000000,"{""type"":""MultiPoint"",""coordinates"":[]}"
113_0000000000000000021c,1116558776,88222268,38900,H1,051,01135861,440,A,41051,+45.5477107,-122.4173625,06,,G4020,Multnomah,Multnomah County,41,2022-03-24,81.61126740334574,1648080000000,"{""type"":""MultiPoint"",""coordinates"":[]}"
113_0000000000000000021e,1875846777,6127010,38900,H1,067,01155137,440,A,41067,+45.5535419,-123.0976146,06,,G4020,Washington,Washington County,41,2022-03-24,76.93613976645321,1648080000000,"{""type"":""MultiPoint"",""coordinates"":[]}"
114_0000000000000000021b,4845034547,31873103,38900,H1,005,01155127,440,A,41005,+45.1604934,-122.1951274,06,,G4020,Clackamas,Clackamas County,41,2022-03-25,74.09590249310995,1648166400000,"{""type"":""MultiPoint"",""coordinates"":[]}"
114_0000000000000000021c,1116558776,88222268,38900,H1,051,01135861,440,A,41051,+45.5477107,-122.4173625,06,,G4020,Multnomah,Multnomah County,41,2022-03-25,70.97510835907958,1648166400000,"{""type"":""MultiPoint"",""coordinates"":[]}"
114_0000000000000000021e,1875846777,6127010,38900,H1,067,01155137,440,A,41067,+45.5535419,-123.0976146,06,,G4020,Washington,Washington County,41,2022-03-25,69.771827961658,1648166400000,"{""type"":""MultiPoint"",""coordinates"":[]}"
115_0000000000000000021b,4845034547,31873103,38900,H1,005,01155127,440,A,41005,+45.1604934,-122.1951274,06,,G4020,Clackamas,Clackamas County,41,2022-03-26,73.03176623247022,1648252800000,"{""type"":""MultiPoint"",""coordinates"":[]}"
115_0000000000000000021c,1116558776,88222268,38900,H1,051,01135861,440,A,41051,+45.5477107,-122.4173625,06,,G4020,Multnomah,Multnomah County,41,2022-03-26,72.50966186631058,1648252800000,"{""type"":""MultiPoint"",""coordinates"":[]}"
115_0000000000000000021e,1875846777,6127010,38900,H1,067,01155137,440,A,41067,+45.5535419,-123.0976146,06,,G4020,Washington,Washington County,41,2022-03-26,77.55986089077034,1648252800000,"{""type"":""MultiPoint"",""coordinates"":[]}"
116_0000000000000000021b,4845034547,31873103,38900,H1,005,01155127,440,A,41005,+45.1604934,-122.1951274,06,,G4020,Clackamas,Clackamas County,41,2022-03-27,78.8979174382493,1648339200000,"{""type"":""MultiPoint"",""coordinates"":[]}"
116_0000000000000000021c,1116558776,88222268,38900,H1,051,01135861,440,A,41051,+45.5477107,-122.4173625,06,,G4020,Multnomah,Multnomah County,41,2022-03-27,79.8478996954058,1648339200000,"{""type"":""MultiPoint"",""coordinates"":[]}"
116_0000000000000000021e,1875846777,6127010,38900,H1,067,01155137,440,A,41067,+45.5535419,-123.0976146,06,,G4020,Washington,Washington County,41,2022-03-27,85.01798186898525,1648339200000,"{""type"":""MultiPoint"",""coordinates"":[]}"
117_0000000000000000021b,4845034547,31873103,38900,H1,005,01155127,440,A,41005,+45.1604934,-122.1951274,06,,G4020,Clackamas,Clackamas County,41,2022-03-28,88.77317724503021,1648425600000,"{""type"":""MultiPoint"",""coordinates"":[]}"
117_0000000000000000021c,1116558776,88222268,38900,H1,051,01135861,440,A,41051,+45.5477107,-122.4173625,06,,G4020,Multnomah,Multnomah County,41,2022-03-28,82.32886407381606,1648425600000,"{""type"":""MultiPoint"",""coordinates"":[]}"
117_0000000000000000021e,1875846777,6127010,38900,H1,067,01155137,440,A,41067,+45.5535419,-123.0976146,06,,G4020,Washington,Washington County,41,2022-03-28,81.38666693105924,1648425600000,"{""type"":""MultiPoint"",""coordinates"":[]}"
118_0000000000000000021b,4845034547,31873103,38900,H1,005,01155127,440,A,41005,+45.1604934,-122.1951274,06,,G4020,Clackamas,Clackamas County,41,2022-03-29,86.46532061228552,1648512000000,"{""type"":""MultiPoint"",""coordinates"":[]}"
118_0000000000000000021c,1116558776,88222268,38900,H1,051,01135861,440,A,41051,+45.5477107,-122.4173625,06,,G4020,Multnomah,Multnomah County,41,2022-03-29,82.36079230643652,1648512000000,"{""type"":""MultiPoint"",""coordinates"":[]}"
118_0000000000000000021e,1875846777,6127010,38900,H1,067,01155137,440,A,41067,+45.5535419,-123.0976146,06,,G4020,Washington,Washington County,41,2022-03-29,80.95526327021605,1648512000000,"{""type"":""MultiPoint"",""coordinates"":[]}"
119_0000000000000000021b,4845034547,31873103,38900,H1,005,01155127,440,A,41005,+45.1604934,-122.1951274,06,,G4020,Clackamas,Clackamas County,41,2022-03-30,83.58617655254284,1648598400000,"{""type"":""MultiPoint"",""coordinates"":[]}"
119_0000000000000000021c,1116558776,88222268,38900,H1,051,01135861,440,A,41051,+45.5477107,-122.4173625,06,,G4020,Multnomah,Multnomah County,41,2022-03-30,80.14539427104619,1648598400000,"{""type"":""MultiPoint"",""coordinates"":[]}"
119_0000000000000000021e,1875846777,6127010,38900,H1,067,01155137,440,A,41067,+45.5535419,-123.0976146,06,,G4020,Washington,Washington County,41,2022-03-30,73.57597311684634,1648598400000,"{""type"":""MultiPoint"",""coordinates"":[]}"
120_0000000000000000021b,4845034547,31873103,38900,H1,005,01155127,440,A,41005,+45.1604934,-122.1951274,06,,G4020,Clackamas,Clackamas County,41,2022-03-31,80.38244174366984,1648684800000,"{""type"":""MultiPoint"",""coordinates"":[]}"
120_0000000000000000021c,1116558776,88222268,38900,H1,051,01135861,440,A,41051,+45.5477107,-122.4173625,06,,G4020,Multnomah,Multnomah County,41,2022-03-31,75.8798168942087,1648684800000,"{""type"":""MultiPoint"",""coordinates"":[]}"
120_0000000000000000021e,1875846777,6127010,38900,H1,067,01155137,440,A,41067,+45.5535419,-123.0976146,06,,G4020,Washington,Washington County,41,2022-03-31,73.5612564314465,1648684800000,"{""type"":""MultiPoint"",""coordinates"":[]}"
121_0000000000000000021b,4845034547,31873103,38900,H1,005,01155127,440,A,41005,+45.1604934,-122.1951274,06,,G4020,Clackamas,Clackamas County,41,2022-04-01,72.38241071518536,1648771200000,"{""type"":""MultiPoint"",""coordinates"":[]}"
121_0000000000000000021c,1116558776,88222268,38900,H1,051,01135861,440,A,41051,+45.5477107,-122.4173625,06,,G4020,Multnomah,Multnomah County,41,2022-04-01,71.38214006421035,1648771200000,"{""type"":""MultiPoint"",""coordinates"":[]}"
121_0000000000000000021e,1875846777,6127010,38900,H1,067,01155137,440,A,41067,+45.5535419,-123.0976146,06,,G4020,Washington,Washington County,41,2022-04-01,72.60754052541546,1648771200000,"{""type"":""MultiPoint"",""coordinates"":[]}"
122_0000000000000000021b,4845034547,31873103,38900,H1,005,01155127,440,A,41005,+45.1604934,-122.1951274,06,,G4020,Clackamas,Clackamas County,41,2022-04-02,80.3542254772517,1648857600000,"{""type"":""MultiPoint"",""coordinates"":[]}"
122_0000000000000000021c,1116558776,88222268,38900,H1,051,01135861,440,A,41051,+45.5477107,-122.4173625,06,,G4020,Multnomah,Multnomah County,41,2022-04-02,79.70201928280918,1648857600000,"{""type"":""MultiPoint"",""coordinates"":[]}"
122_0000000000000000021e,1875846777,6127010,38900,H1,067,01155137,440,A,41067,+45.5535419,-123.0976146,06,,G4020,Washington,Washington County,41,2022-04-02,75.61166064766316,1648857600000,"{""type"":""MultiPoint"",""coordinates"":[]}"
123_0000000000000000021b,4845034547,31873103,38900,H1,005,01155127,440,A,41005,+45.1604934,-122.1951274,06,,G4020,Clackamas,Clackamas County,41,2022-04-03,71.27417070510175,1648944000000,"{""type"":""MultiPoint"",""coordinates"":[]}"
123_0000000000000000021c,1116558776,88222268,38900,H1,051,01135861,440,A,41051,+45.5477107,-122.4173625,06,,G4020,Multnomah,Multnomah County,41,2022-04-03,74.19197416507087,1648944000000,"{""type"":""MultiPoint"",""coordinates"":[]}"
123_0000000000000000021e,1875846777,6127010,38900,H1,067,01155137,440,A,41067,+45.5535419,-123.0976146,06,,G4020,Washington,Washington County,41,2022-04-03,76.69528994982782,1648944000000,"{""type"":""MultiPoint"",""coordinates"":[]}"
124_0000000000000000021b,4845034547,31873103,38900,H1,005,01155127,440,A,41005,+45.1604934,-122.1951274,06,,G4020,Clackamas,Clackamas County,41,2022-04-04,92.02857582260062,1649030400000,"{""type"":""MultiPoint"",""coordinates"":[]}"
124_0000000000000000021c,1116558776,88222268,38900,H1,051,01135861,440,A,41051,+45.5477107,-122.4173625,06,,G4020,Multnomah,Multnomah County,41,2022-04-04,90.25444171106292,1649030400000,"{""type"":""MultiPoint"",""coordinates"":[]}"
124_0000000000000000021e,1875846777,6127010,38900,H1,067,01155137,440,A,41067,+45.5535419,-123.0976146,06,,G4020,Washington,Washington County,41,2022-04-04,90.18077444991546,1649030400000,"{""type"":""MultiPoint"",""coordinates"":[]}"
125_0000000000000000021b,4845034547,31873103,38900,H1,005,01155127,440,A,41005,+45.1604934,-122.1951274,06,,G4020,Clackamas,Clackamas County,41,2022-04-05,87.70268231493515,1649116800000,"{""type"":""MultiPoint"",""coordinates"":[]}"
125_0000000000000000021c,1116558776,88222268,38900,H1,051,01135861,440,A,41051,+45.5477107,-122.4173625,06,,G4020,Multnomah,Multnomah County,41,2022-04-05,87.87669510966917,1649116800000,"{""type"":""MultiPoint"",""coordinates"":[]}"
125_0000000000000000021e,1875846777,6127010,38900,H1,067,01155137,440,A,41067,+45.5535419,-123.0976146,06,,G4020,Washington,Washington County,41,2022-04-05,86.6529755539376,1649116800000,"{""type"":""MultiPoint"",""coordinates"":[]}"
126_0000000000000000021b,4845034547,31873103,38900,H1,005,01155127,440,A,41005,+45.1604934,-122.1951274,06,,G4020,Clackamas,Clackamas County,41,2022-04-06,68.95464090090793,1649203200000,"{""type"":""MultiPoint"",""coordinates"":[]}"
126_0000000000000000021c,1116558776,88222268,38900,H1,051,01135861,440,A,41051,+45.5477107,-122.4173625,06,,G4020,Multnomah,Multnomah County,41,2022-04-06,72.04199426885654,1649203200000,"{""type"":""MultiPoint"",""coordinates"":[]}"
126_0000000000000000021e,1875846777,6127010,38900,H1,067,01155137,440,A,41067,+45.5535419,-123.0976146,06,,G4020,Washington,Washington County,41,2022-04-06,66.79957829283235,1649203200000,"{""type"":""MultiPoint"",""coordinates"":[]}"
127_0000000000000000021b,4845034547,31873103,38900,H1,005,01155127,440,A,41005,+45.1604934,-122.1951274,06,,G4020,Clackamas,Clackamas County,41,2022-04-07,59.212130912534626,1649289600000,"{""type"":""MultiPoint"",""coordinates"":[]}"
127_0000000000000000021c,1116558776,88222268,38900,H1,051,01135861,440,A,41051,+45.5477107,-122.4173625,06,,G4020,Multnomah,Multnomah County,41,2022-04-07,52.89716828357368,1649289600000,"{""type"":""MultiPoint"",""coordinates"":[]}"
127_0000000000000000021e,1875846777,6127010,38900,H1,067,01155137,440,A,41067,+45.5535419,-123.0976146,06,,G4020,Washington,Washington County,41,2022-04-07,52.33450875695711,1649289600000,"{""type"":""MultiPoint"",""coordinates"":[]}"
128_0000000000000000021b,4845034547,31873103,38900,H1,005,01155127,440,A,41005,+45.1604934,-122.1951274,06,,G4020,Clackamas,Clackamas County,41,2022-04-08,73.43902280013975,1649376000000,"{""type"":""MultiPoint"",""coordinates"":[]}"
128_0000000000000000021c,1116558776,88222268,38900,H1,051,01135861,440,A,41051,+45.5477107,-122.4173625,06,,G4020,Multnomah,Multnomah County,41,2022-04-08,71.48973579905096,1649376000000,"{""type"":""MultiPoint"",""coordinates"":[]}"
128_0000000000000000021e,1875846777,6127010,38900,H1,067,01155137,440,A,41067,+45.5535419,-123.0976146,06,,G4020,Washington,Washington County,41,2022-04-08,72.03757036145161,1649376000000,"{""type"":""MultiPoint"",""coordinates"":[]}"
129_0000000000000000021b,4845034547,31873103,38900,H1,005,01155127,440,A,41005,+45.1604934,-122.1951274,06,,G4020,Clackamas,Clackamas County,41,2022-04-09,88.63966741958096,1649462400000,"{""type"":""MultiPoint"",""coordinates"":[]}"
129_0000000000000000021c,1116558776,88222268,38900,H1,051,01135861,440,A,41051,+45.5477107,-122.4173625,06,,G4020,Multnomah,Multnomah County,41,2022-04-09,86.22403987239909,1649462400000,"{""type"":""MultiPoint"",""coordinates"":[]}"
129_0000000000000000021e,1875846777,6127010,38900,H1,067,01155137,440,A,41067,+45.5535419,-123.0976146,06,,G4020,Washington,Washington County,41,2022-04-09,82.97430544923303,1649462400000,"{""type"":""MultiPoint"",""coordinates"":[]}"
130_0000000000000000021b,4845034547,31873103,38900,H1,005,01155127,440,A,41005,+45.1604934,-122.1951274,06,,G4020,Clackamas,Clackamas County,41,2022-04-10,88.55910826623607,1649548800000,"{""type"":""MultiPoint"",""coordinates"":[]}"
130_0000000000000000021c,1116558776,88222268,38900,H1,051,01135861,440,A,41051,+45.5477107,-122.4173625,06,,G4020,Multnomah,Multnomah County,41,2022-04-10,87.74550141459109,1649548800000,"{""type"":""MultiPoint"",""coordinates"":[]}"
130_0000000000000000021e,1875846777,6127010,38900,H1,067,01155137,440,A,41067,+45.5535419,-123.0976146,06,,G4020,Washington,Washington County,41,2022-04-10,82.5050802541161,1649548800000,"{""type"":""MultiPoint"",""coordinates"":[]}"
131_0000000000000000021b,4845034547,31873103,38900,H1,005,01155127,440,A,41005,+45.1604934,-122.1951274,06,,G4020,Clackamas,Clackamas County,41,2022-04-11,94.11611907470359,1649635200000,"{""type"":""MultiPoint"",""coordinates"":[]}"
131_0000000000000000021c,1116558776,88222268,38900,H1,051,01135861,440,A,41051,+45.5477107,-122.4173625,06,,G4020,Multnomah,Multnomah County,41,2022-04-11,93.30330024373164,1649635200000,"{""type"":""MultiPoint"",""coordinates"":[]}"
131_0000000000000000021e,1875846777,6127010,38900,H1,067,01155137,440,A,41067,+45.5535419,-123.0976146,06,,G4020,Washington,Washington County,41,2022-04-11,90.19141791927287,1649635200000,"{""type"":""MultiPoint"",""coordinates"":[]}"
132_0000000000000000021b,4845034547,31873103,38900,H1,005,01155127,440,A,41005,+45.1604934,-122.1951274,06,,G4020,Clackamas,Clackamas County,41,2022-04-12,88.57318921685885,1649721600000,"{""type"":""MultiPoint"",""coordinates"":[]}"
132_0000000000000000021c,1116558776,88222268,38900,H1,051,01135861,440,A,41051,+45.5477107,-122.4173625,06,,G4020,Multnomah,Multnomah County,41,2022-04-12,89.51530744359508,1649721600000,"{""type"":""MultiPoint"",""coordinates"":[]}"
132_0000000000000000021e,1875846777,6127010,38900,H1,067,01155137,440,A,41067,+45.5535419,-123.0976146,06,,G4020,Washington,Washington County,41,2022-04-12,88.48996085896319,1649721600000,"{""type"":""MultiPoint"",""coordinates"":[]}"
133_0000000000000000021b,4845034547,31873103,38900,H1,005,01155127,440,A,41005,+45.1604934,-122.1951274,06,,G4020,Clackamas,Clackamas County,41,2022-04-13,86.72175545553714,1649808000000,"{""type"":""MultiPoint"",""coordinates"":[]}"
133_0000000000000000021c,1116558776,88222268,38900,H1,051,01135861,440,A,41051,+45.5477107,-122.4173625,06,,G4020,Multnomah,Multnomah County,41,2022-04-13,90.70903659504249,1649808000000,"{""type"":""MultiPoint"",""coordinates"":[]}"
133_0000000000000000021e,1875846777,6127010,38900,H1,067,01155137,440,A,41067,+45.5535419,-123.0976146,06,,G4020,Washington,Washington County,41,2022-04-13,93.0319630701051,1649808000000,"{""type"":""MultiPoint"",""coordinates"":[]}"
134_0000000000000000021b,4845034547,31873103,38900,H1,005,01155127,440,A,41005,+45.1604934,-122.1951274,06,,G4020,Clackamas,Clackamas County,41,2022-04-14,84.53896066814923,1649894400000,"{""type"":""MultiPoint"",""coordinates"":[]}"
134_0000000000000000021c,1116558776,88222268,38900,H1,051,01135861,440,A,41051,+45.5477107,-122.4173625,06,,G4020,Multnomah,Multnomah County,41,2022-04-14,85.908150565718,1649894400000,"{""type"":""MultiPoint"",""coordinates"":[]}"
134_0000000000000000021e,1875846777,6127010,38900,H1,067,01155137,440,A,41067,+45.5535419,-123.0976146,06,,G4020,Washington,Washington County,41,2022-04-14,81.01432676549253,1649894400000,"{""type"":""MultiPoint"",""coordinates"":[]}"
135_0000000000000000021b,4845034547,31873103,38900,H1,005,01155127,440,A,41005,+45.1604934,-122.1951274,06,,G4020,Clackamas,Clackamas County,41,2022-04-15,79.610858121603,1649980800000,"{""type"":""MultiPoint"",""coordinates"":[]}"
135_0000000000000000021c,1116558776,88222268,38900,H1,051,01135861,440,A,41051,+45.5477107,-122.4173625,06,,G4020,Multnomah,Multnomah County,41,2022-04-15,83.80230164304126,1649980800000,"{""type"":""MultiPoint"",""coordinates"":[]}"
135_0000000000000000021e,1875846777,6127010,38900,H1,067,01155137,440,A,41067,+45.5535419,-123.0976146,06,,G4020,Washington,Washington County,41,2022-04-15,84.9973837416915,1649980800000,"{""type"":""MultiPoint"",""coordinates"":[]}"
136_0000000000000000021b,4845034547,31873103,38900,H1,005,01155127,440,A,41005,+45.1604934,-122.1951274,06,,G4020,Clackamas,Clackamas County,41,2022-04-16,74.40800763843409,1650067200000,"{""type"":""MultiPoint"",""coordinates"":[]}"
136_0000000000000000021c,1116558776,88222268,38900,H1,051,01135861,440,A,41051,+45.5477107,-122.4173625,06,,G4020,Multnomah,Multnomah County,41,2022-04-16,70.67111939123694,1650067200000,"{""type"":""MultiPoint"",""coordinates"":[]}"
136_0000000000000000021e,1875846777,6127010,38900,H1,067,01155137,440,A,41067,+45.5535419,-123.0976146,06,,G4020,Washington,Washington County,41,2022-04-16,74.8803252677595,1650067200000,"{""type"":""MultiPoint"",""coordinates"":[]}"
137_0000000000000000021b,4845034547,31873103,38900,H1,005,01155127,440,A,41005,+45.1604934,-122.1951274,06,,G4020,Clackamas,Clackamas County,41,2022-04-17,73.07324417047815,1650153600000,"{""type"":""MultiPoint"",""coordinates"":[]}"
137_0000000000000000021c,1116558776,88222268,38900,H1,051,01135861,440,A,41051,+45.5477107,-122.4173625,06,,G4020,Multnomah,Multnomah County,41,2022-04-17,73.20968713144181,1650153600000,"{""type"":""MultiPoint"",""coordinates"":[]}"
137_0000000000000000021e,1875846777,6127010,38900,H1,067,01155137,440,A,41067,+45.5535419,-123.0976146,06,,G4020,Washington,Washington County,41,2022-04-17,72.88588713103759,1650153600000,"{""type"":""MultiPoint"",""coordinates"":[]}"
138_0000000000000000021b,4845034547,31873103,38900,H1,005,01155127,440,A,41005,+45.1604934,-122.1951274,06,,G4020,Clackamas,Clackamas County,41,2022-04-18,73.77038413308911,1650240000000,"{""type"":""MultiPoint"",""coordinates"":[]}"
138_0000000000000000021c,1116558776,88222268,38900,H1,051,01135861,440,A,41051,+45.5477107,-122.4173625,06,,G4020,Multnomah,Multnomah County,41,2022-04-18,71.19940505110274,1650240000000,"{""type"":""MultiPoint"",""coordinates"":[]}"
138_0000000000000000021e,1875846777,6127010,38900,H1,067,01155137,440,A,41067,+45.5535419,-123.0976146,06,,G4020,Washington,Washington County,41,2022-04-18,74.5451424537918,1650240000000,"{""type"":""MultiPoint"",""coordinates"":[]}"
139_0000000000000000021b,4845034547,31873103,38900,H1,005,01155127,440,A,41005,+45.1604934,-122.1951274,06,,G4020,Clackamas,Clackamas County,41,2022-04-19,94.17024525500526,1650326400000,"{""type"":""MultiPoint"",""coordinates"":[]}"
139_0000000000000000021c,1116558776,88222268,38900,H1,051,01135861,440,A,41051,+45.5477107,-122.4173625,06,,G4020,Multnomah,Multnomah County,41,2022-04-19,95.48556541134663,1650326400000,"{""type"":""MultiPoint"",""coordinates"":[]}"
139_0000000000000000021e,1875846777,6127010,38900,H1,067,01155137,440,A,41067,+45.5535419,-123.0976146,06,,G4020,Washington,Washington County,41,2022-04-19,96.09588038608554,1650326400000,"{""type"":""MultiPoint"",""coordinates"":[]}"
140_0000000000000000021b,4845034547,31873103,38900,H1,005,01155127,440,A,41005,+45.1604934,-122.1951274,06,,G4020,Clackamas,Clackamas County,41,2022-04-20,89.89098327397396,1650412800000,"{""type"":""MultiPoint"",""coordinates"":[]}"
140_0000000000000000021c,1116558776,88222268,38900,H1,051,01135861,440,A,41051,+45.5477107,-122.4173625,06,,G4020,Multnomah,Multnomah County,41,2022-04-20,91.01356136580911,1650412800000,"{""type"":""MultiPoint"",""coordinates"":[]}"
140_0000000000000000021e,1875846777,6127010,38900,H1,067,01155137,440,A,41067,+45.5535419,-123.0976146,06,,G4020,Washington,Washington County,41,2022-04-20,92.57858282241001,1650412800000,"{""type"":""MultiPoint"",""coordinates"":[]}"
141_0000000000000000021b,4845034547,31873103,38900,H1,005,01155127,440,A,41005,+45.1604934,-122.1951274,06,,G4020,Clackamas,Clackamas County,41,2022-04-21,81.83543932453956,1650499200000,"{""type"":""MultiPoint"",""coordinates"":[]}"
141_0000000000000000021c,1116558776,88222268,38900,H1,051,01135861,440,A,41051,+45.5477107,-122.4173625,06,,G4020,Multnomah,Multnomah County,41,2022-04-21,86.16027150123274,1650499200000,"{""type"":""MultiPoint"",""coordinates"":[]}"
141_0000000000000000021e,1875846777,6127010,38900,H1,067,01155137,440,A,41067,+45.5535419,-123.0976146,06,,G4020,Washington,Washington County,41,2022-04-21,89.52884839032062,1650499200000,"{""type"":""MultiPoint"",""coordinates"":[]}"
142_0000000000000000021b,4845034547,31873103,38900,H1,005,01155127,440,A,41005,+45.1604934,-122.1951274,06,,G4020,Clackamas,Clackamas County,41,2022-04-22,86.39455640722319,1650585600000,"{""type"":""MultiPoint"",""coordinates"":[]}"
142_0000000000000000021c,1116558776,88222268,38900,H1,051,01135861,440,A,41051,+45.5477107,-122.4173625,06,,G4020,Multnomah,Multnomah County,41,2022-04-22,84.28874573249603,1650585600000,"{""type"":""MultiPoint"",""coordinates"":[]}"
142_0000000000000000021e,1875846777,6127010,38900,H1,067,01155137,440,A,41067,+45.5535419,-123.0976146,06,,G4020,Washington,Washington County,41,2022-04-22,85.378380483567,1650585600000,"{""type"":""MultiPoint"",""coordinates"":[]}"
143_0000000000000000021b,4845034547,31873103,38900,H1,005,01155127,440,A,41005,+45.1604934,-122.1951274,06,,G4020,Clackamas,Clackamas County,41,2022-04-23,80.74950393367811,1650672000000,"{""type"":""MultiPoint"",""coordinates"":[]}"
143_0000000000000000021c,1116558776,88222268,38900,H1,051,01135861,440,A,41051,+45.5477107,-122.4173625,06,,G4020,Multnomah,Multnomah County,41,2022-04-23,77.49023563872765,1650672000000,"{""type"":""MultiPoint"",""coordinates"":[]}"
143_0000000000000000021e,1875846777,6127010,38900,H1,067,01155137,440,A,41067,+45.5535419,-123.0976146,06,,G4020,Washington,Washington County,41,2022-04-23,75.14995935885189,1650672000000,"{""type"":""MultiPoint"",""coordinates"":[]}"
144_0000000000000000021b,4845034547,31873103,38900,H1,005,01155127,440,A,41005,+45.1604934,-122.1951274,06,,G4020,Clackamas,Clackamas County,41,2022-04-24,68.43581369124954,1650758400000,"{""type"":""MultiPoint"",""coordinates"":[]}"
144_0000000000000000021c,1116558776,88222268,38900,H1,051,01135861,440,A,41051,+45.5477107,-122.4173625,06,,G4020,Multnomah,Multnomah County,41,2022-04-24,66.11168544647549,1650758400000,"{""type"":""MultiPoint"",""coordinates"":[]}"
144_0000000000000000021e,1875846777,6127010,38900,H1,067,01155137,440,A,41067,+45.5535419,-123.0976146,06,,G4020,Washington,Washington County,41,2022-04-24,70.40829288821028,1650758400000,"{""type"":""MultiPoint"",""coordinates"":[]}"
145_0000000000000000021b,4845034547,31873103,38900,H1,005,01155127,440,A,41005,+45.1604934,-122.1951274,06,,G4020,Clackamas,Clackamas County,41,2022-04-25,84.2360678982231,1650844800000,"{""type"":""MultiPoint"",""coordinates"":[]}"
145_0000000000000000021c,1116558776,88222268,38900,H1,051,01135861,440,A,41051,+45.5477107,-122.4173625,06,,G4020,Multnomah,Multnomah County,41,2022-04-25,79.91130416377607,1650844800000,"{""type"":""MultiPoint"",""coordinates"":[]}"
145_0000000000000000021e,1875846777,6127010,38900,H1,067,01155137,440,A,41067,+45.5535419,-123.0976146,06,,G4020,Washington,Washington County,41,2022-04-25,76.98148261590707,1650844800000,"{""type"":""MultiPoint"",""coordinates"":[]}"
146_0000000000000000021b,4845034547,31873103,38900,H1,005,01155127,440,A,41005,+45.1604934,-122.1951274,06,,G4020,Clackamas,Clackamas County,41,2022-04-26,90.76037328590826,1650931200000,"{""type"":""MultiPoint"",""coordinates"":[]}"
146_0000000000000000021c,1116558776,88222268,38900,H1,051,01135861,440,A,41051,+45.5477107,-122.4173625,06,,G4020,Multnomah,Multnomah County,41,2022-04-26,86.30806180178965,1650931200000,"{""type"":""MultiPoint"",""coordinates"":[]}"
146_0000000000000000021e,1875846777,6127010,38900,H1,067,01155137,440,A,41067,+45.5535419,-123.0976146,06,,G4020,Washington,Washington County,41,2022-04-26,81.89271246429499,1650931200000,"{""type"":""MultiPoint"",""coordinates"":[]}"
147_0000000000000000021b,4845034547,31873103,38900,H1,005,01155127,440,A,41005,+45.1604934,-122.1951274,06,,G4020,Clackamas,Clackamas County,41,2022-04-27,84.66404838088542,1651017600000,"{""type"":""MultiPoint"",""coordinates"":[]}"
147_0000000000000000021c,1116558776,88222268,38900,H1,051,01135861,440,A,41051,+45.5477107,-122.4173625,06,,G4020,Multnomah,Multnomah County,41,2022-04-27,82.61279841038456,1651017600000,"{""type"":""MultiPoint"",""coordinates"":[]}"
147_0000000000000000021e,1875846777,6127010,38900,H1,067,01155137,440,A,41067,+45.5535419,-123.0976146,06,,G4020,Washington,Washington County,41,2022-04-27,82.4413725393322,1651017600000,"{""type"":""MultiPoint"",""coordinates"":[]}"
148_0000000000000000021b,4845034547,31873103,38900,H1,005,01155127,440,A,41005,+45.1604934,-122.1951274,06,,G4020,Clackamas,Clackamas County,41,2022-04-28,84.78565685586373,1651104000000,"{""type"":""MultiPoint"",""coordinates"":[]}"
148_0000000000000000021c,1116558776,88222268,38900,H1,051,01135861,440,A,41051,+45.5477107,-122.4173625,06,,G4020,Multnomah,Multnomah County,41,2022-04-28,81.19457590554494,1651104000000,"{""type"":""MultiPoint"",""coordinates"":[]}"
148_0000000000000000021e,1875846777,6127010,38900,H1,067,01155137,440,A,41067,+45.5535419,-123.0976146,06,,G4020,Washington,Washington County,41,2022-04-28,81.66958216143946,1651104000000,"{""type"":""MultiPoint"",""coordinates"":[]}"
149_0000000000000000021b,4845034547,31873103,38900,H1,005,01155127,440,A,41005,+45.1604934,-122.1951274,06,,G4020,Clackamas,Clackamas County,41,2022-04-29,81.72404566791559,1651190400000,"{""type"":""MultiPoint"",""coordinates"":[]}"
149_0000000000000000021c,1116558776,88222268,38900,H1,051,01135861,440,A,41051,+45.5477107,-122.4173625,06,,G4020,Multnomah,Multnomah County,41,2022-04-29,84.4816410280519,1651190400000,"{""type"":""MultiPoint"",""coordinates"":[]}"
149_0000000000000000021e,1875846777,6127010,38900,H1,067,01155137,440,A,41067,+45.5535419,-123.0976146,06,,G4020,Washington,Washington County,41,2022-04-29,81.98265288503124,1651190400000,"{""type"":""MultiPoint"",""coordinates"":[]}"
150_0000000000000000021b,4845034547,31873103,38900,H1,005,01155127,440,A,41005,+45.1604934,-122.1951274,06,,G4020,Clackamas,Clackamas County,41,2022-04-30,91.54827801676524,1651276800000,"{""type"":""MultiPoint"",""coordinates"":[]}"
150_0000000000000000021c,1116558776,88222268,38900,H1,051,01135861,440,A,41051,+45.5477107,-122.4173625,06,,G4020,Multnomah,Multnomah County,41,2022-04-30,88.04107563470951,1651276800000,"{""type"":""MultiPoint"",""coordinates"":[]}"
150_0000000000000000021e,1875846777,6127010,38900,H1,067,01155137,440,A,41067,+45.5535419,-123.0976146,06,,G4020,Washington,Washington County,41,2022-04-30,88.95717340924453,1651276800000,"{""type"":""MultiPoint"",""coordinates"":[]}"
151_0000000000000000021b,4845034547,31873103,38900,H1,005,01155127,440,A,41005,+45.1604934,-122.1951274,06,,G4020,Clackamas,Clackamas County,41,2022-05-01,81.93154789787229,1651363200000,"{""type"":""MultiPoint"",""coordinates"":[]}"
151_0000000000000000021c,1116558776,88222268,38900,H1,051,01135861,440,A,41051,+45.5477107,-122.4173625,06,,G4020,Multnomah,Multnomah County,41,2022-05-01,83.5300401107218,1651363200000,"{""type"":""MultiPoint"",""coordinates"":[]}"
151_0000000000000000021e,1875846777,6127010,38900,H1,067,01155137,440,A,41067,+45.5535419,-123.0976146,06,,G4020,Washington,Washington County,41,2022-05-01,85.08409900492309,1651363200000,"{""type"":""MultiPoint"",""coordinates"":[]}"
152_0000000000000000021b,4845034547,31873103,38900,H1,005,01155127,440,A,41005,+45.1604934,-122.1951274,06,,G4020,Clackamas,Clackamas County,41,2022-05-02,86.56831821207909,1651449600000,"{""type"":""MultiPoint"",""coordinates"":[]}"
152_0000000000000000021c,1116558776,88222268,38900,H1,051,01135861,440,A,41051,+45.5477107,-122.4173625,06,,G4020,Multnomah,Multnomah County,41,2022-05-02,85.98742794810805,1651449600000,"{""type"":""MultiPoint"",""coordinates"":[]}"
152_0000000000000000021e,1875846777,6127010,38900,H1,067,01155137,440,A,41067,+45.5535419,-123.0976146,06,,G4020,Washington,Washington County,41,2022-05-02,86.99427303929329,1651449600000,"{""type"":""MultiPoint"",""coordinates"":[]}"
153_0000000000000000021b,4845034547,31873103,38900,H1,005,01155127,440,A,41005,+45.1604934,-122.1951274,06,,G4020,Clackamas,Clackamas County,41,2022-05-03,89.59619610795887,1651536000000,"{""type"":""MultiPoint"",""coordinates"":[]}"
153_0000000000000000021c,1116558776,88222268,38900,H1,051,01135861,440,A,41051,+45.5477107,-122.4173625,06,,G4020,Multnomah,Multnomah County,41,2022-05-03,83.81808069598449,1651536000000,"{""type"":""MultiPoint"",""coordinates"":[]}"
153_0000000000000000021e,1875846777,6127010,38900,H1,067,01155137,440,A,41067,+45.5535419,-123.0976146,06,,G4020,Washington,Washington County,41,2022-05-03,76.93626952991126,1651536000000,"{""type"":""MultiPoint"",""coordinates"":[]}"
154_0000000000000000021b,4845034547,31873103,38900,H1,005,01155127,440,A,41005,+45.1604934,-122.1951274,06,,G4020,Clackamas,Clackamas County,41,2022-05-04,74.09254238922358,1651622400000,"{""type"":""MultiPoint"",""coordinates"":[]}"
154_0000000000000000021c,1116558776,88222268,38900,H1,051,01135861,440,A,41051,+45.5477107,-122.4173625,06,,G4020,Multnomah,Multnomah County,41,2022-05-04,72.03014515903092,1651622400000,"{""type"":""MultiPoint"",""coordinates"":[]}"
154_0000000000000000021e,1875846777,6127010,38900,H1,067,01155137,440,A,41067,+45.5535419,-123.0976146,06,,G4020,Washington,Washington County,41,2022-05-04,70.27124028458375,1651622400000,"{""type"":""MultiPoint"",""coordinates"":[]}"
155_0000000000000000021b,4845034547,31873103,38900,H1,005,01155127,440,A,41005,+45.1604934,-122.1951274,06,,G4020,Clackamas,Clackamas County,41,2022-05-05,89.11872786436062,1651708800000,"{""type"":""MultiPoint"",""coordinates"":[]}"
155_0000000000000000021c,1116558776,88222268,38900,H1,051,01135861,440,A,41051,+45.5477107,-122.4173625,06,,G4020,Multnomah,Multnomah County,41,2022-05-05,85.4191891872278,1651708800000,"{""type"":""MultiPoint"",""coordinates"":[]}"
155_0000000000000000021e,1875846777,6127010,38900,H1,067,01155137,440,A,41067,+45.5535419,-123.0976146,06,,G4020,Washington,Washington County,41,2022-05-05,81.37948579812108,1651708800000,"{""type"":""MultiPoint"",""coordinates"":[]}"
156_0000000000000000021b,4845034547,31873103,38900,H1,005,01155127,440,A,41005,+45.1604934,-122.1951274,06,,G4020,Clackamas,Clackamas County,41,2022-05-06,97.48430009777672,1651795200000,"{""type"":""MultiPoint"",""coordinates"":[]}"
156_0000000000000000021c,1116558776,88222268,38900,H1,051,01135861,440,A,41051,+45.5477107,-122.4173625,06,,G4020,Multnomah,Multnomah County,41,2022-05-06,97.07614677728313,1651795200000,"{""type"":""MultiPoint"",""coordinates"":[]}"
156_0000000000000000021e,1875846777,6127010,38900,H1,067,01155137,440,A,41067,+45.5535419,-123.0976146,06,,G4020,Washington,Washington County,41,2022-05-06,95.22754357759223,1651795200000,"{""type"":""MultiPoint"",""coordinates"":[]}"
157_0000000000000000021b,4845034547,31873103,38900,H1,005,01155127,440,A,41005,+45.1604934,-122.1951274,06,,G4020,Clackamas,Clackamas County,41,2022-05-07,95.08323886654618,1651881600000,"{""type"":""MultiPoint"",""coordinates"":[]}"
157_0000000000000000021c,1116558776,88222268,38900,H1,051,01135861,440,A,41051,+45.5477107,-122.4173625,06,,G4020,Multnomah,Multnomah County,41,2022-05-07,92.15777624939156,1651881600000,"{""type"":""MultiPoint"",""coordinates"":[]}"
157_0000000000000000021e,1875846777,6127010,38900,H1,067,01155137,440,A,41067,+45.5535419,-123.0976146,06,,G4020,Washington,Washington County,41,2022-05-07,88.87326632898981,1651881600000,"{""type"":""MultiPoint"",""coordinates"":[]}"
158_0000000000000000021b,4845034547,31873103,38900,H1,005,01155127,440,A,41005,+45.1604934,-122.1951274,06,,G4020,Clackamas,Clackamas County,41,2022-05-08,86.45101247174333,1651968000000,"{""type"":""MultiPoint"",""coordinates"":[]}"
158_0000000000000000021c,1116558776,88222268,38900,H1,051,01135861,440,A,41051,+45.5477107,-122.4173625,06,,G4020,Multnomah,Multnomah County,41,2022-05-08,83.03499570930414,1651968000000,"{""type"":""MultiPoint"",""coordinates"":[]}"
158_0000000000000000021e,1875846777,6127010,38900,H1,067,01155137,440,A,41067,+45.5535419,-123.0976146,06,,G4020,Washington,Washington County,41,2022-05-08,84.10826344614657,1651968000000,"{""type"":""MultiPoint"",""coordinates"":[]}"
159_0000000000000000021b,4845034547,31873103,38900,H1,005,01155127,440,A,41005,+45.1604934,-122.1951274,06,,G4020,Clackamas,Clackamas County,41,2022-05-09,90.89220631652397,1652054400000,"{""type"":""MultiPoint"",""coordinates"":[]}"
159_0000000000000000021c,1116558776,88222268,38900,H1,051,01135861,440,A,41051,+45.5477107,-122.4173625,06,,G4020,Multnomah,Multnomah County,41,2022-05-09,89.93679512275523,1652054400000,"{""type"":""MultiPoint"",""coordinates"":[]}"
159_0000000000000000021e,1875846777,6127010,38900,H1,067,01155137,440,A,41067,+45.5535419,-123.0976146,06,,G4020,Washington,Washington County,41,2022-05-09,87.87773673133036,1652054400000,"{""type"":""MultiPoint"",""coordinates"":[]}"
160_0000000000000000021b,4845034547,31873103,38900,H1,005,01155127,440,A,41005,+45.1604934,-122.1951274,06,,G4020,Clackamas,Clackamas County,41,2022-05-10,80.03344285625279,1652140800000,"{""type"":""MultiPoint"",""coordinates"":[]}"
160_0000000000000000021c,1116558776,88222268,38900,H1,051,01135861,440,A,41051,+45.5477107,-122.4173625,06,,G4020,Multnomah,Multnomah County,41,2022-05-10,78.59185992468794,1652140800000,"{""type"":""MultiPoint"",""coordinates"":[]}"
160_0000000000000000021e,1875846777,6127010,38900,H1,067,01155137,440,A,41067,+45.5535419,-123.0976146,06,,G4020,Washington,Washington County,41,2022-05-10,80.02141916474389,1652140800000,"{""type"":""MultiPoint"",""coordinates"":[]}"
161_0000000000000000021b,4845034547,31873103,38900,H1,005,01155127,440,A,41005,+45.1604934,-122.1951274,06,,G4020,Clackamas,Clackamas County,41,2022-05-11,69.16109165445968,1652227200000,"{""type"":""MultiPoint"",""coordinates"":[]}"
161_0000000000000000021c,1116558776,88222268,38900,H1,051,01135861,440,A,41051,+45.5477107,-122.4173625,06,,G4020,Multnomah,Multnomah County,41,2022-05-11,67.5111030783372,1652227200000,"{""type"":""MultiPoint"",""coordinates"":[]}"
161_0000000000000000021e,1875846777,6127010,38900,H1,067,01155137,440,A,41067,+45.5535419,-123.0976146,06,,G4020,Washington,Washington County,41,2022-05-11,67.6262611630335,1652227200000,"{""type"":""MultiPoint"",""coordinates"":[]}"
162_0000000000000000021b,4845034547,31873103,38900,H1,005,01155127,440,A,41005,+45.1604934,-122.1951274,06,,G4020,Clackamas,Clackamas County,41,2022-05-12,82.3185586204239,1652313600000,"{""type"":""MultiPoint"",""coordinates"":[]}"
162_0000000000000000021c,1116558776,88222268,38900,H1,051,01135861,440,A,41051,+45.5477107,-122.4173625,06,,G4020,Multnomah,Multnomah County,41,2022-05-12,81.28228341822917,1652313600000,"{""type"":""MultiPoint"",""coordinates"":[]}"
162_0000000000000000021e,1875846777,6127010,38900,H1,067,01155137,440,A,41067,+45.5535419,-123.0976146,06,,G4020,Washington,Washington County,41,2022-05-12,85.21973479039927,1652313600000,"{""type"":""MultiPoint"",""coordinates"":[]}"
163_0000000000000000021b,4845034547,31873103,38900,H1,005,01155127,440,A,41005,+45.1604934,-122.1951274,06,,G4020,Clackamas,Clackamas County,41,2022-05-13,78.6688065801428,1652400000000,"{""type"":""MultiPoint"",""coordinates"":[]}"
163_0000000000000000021c,1116558776,88222268,38900,H1,051,01135861,440,A,41051,+45.5477107,-122.4173625,06,,G4020,Multnomah,Multnomah County,41,2022-05-13,76.18528511745062,1652400000000,"{""type"":""MultiPoint"",""coordinates"":[]}"
163_0000000000000000021e,1875846777,6127010,38900,H1,067,01155137,440,A,41067,+45.5535419,-123.0976146,06,,G4020,Washington,Washington County,41,2022-05-13,73.35316924313321,1652400000000,"{""type"":""MultiPoint"",""coordinates"":[]}"
164_0000000000000000021b,4845034547,31873103,38900,H1,005,01155127,440,A,41005,+45.1604934,-122.1951274,06,,G4020,Clackamas,Clackamas County,41,2022-05-14,94.56917390904064,1652486400000,"{""type"":""MultiPoint"",""coordinates"":[]}"
164_0000000000000000021c,1116558776,88222268,38900,H1,051,01135861,440,A,41051,+45.5477107,-122.4173625,06,,G4020,Multnomah,Multnomah County,41,2022-05-14,93.69428325037148,1652486400000,"{""type"":""MultiPoint"",""coordinates"":[]}"
164_0000000000000000021e,1875846777,6127010,38900,H1,067,01155137,440,A,41067,+45.5535419,-123.0976146,06,,G4020,Washington,Washington County,41,2022-05-14,92.52992932546076,1652486400000,"{""type"":""MultiPoint"",""coordinates"":[]}"
165_0000000000000000021b,4845034547,31873103,38900,H1,005,01155127,440,A,41005,+45.1604934,-122.1951274,06,,G4020,Clackamas,Clackamas County,41,2022-05-15,87.12634566046877,1652572800000,"{""type"":""MultiPoint"",""coordinates"":[]}"
165_0000000000000000021c,1116558776,88222268,38900,H1,051,01135861,440,A,41051,+45.5477107,-122.4173625,06,,G4020,Multnomah,Multnomah County,41,2022-05-15,87.6844282649972,1652572800000,"{""type"":""MultiPoint"",""coordinates"":[]}"
165_0000000000000000021e,1875846777,6127010,38900,H1,067,01155137,440,A,41067,+45.5535419,-123.0976146,06,,G4020,Washington,Washington County,41,2022-05-15,91.45873899123772,1652572800000,"{""type"":""MultiPoint"",""coordinates"":[]}"
166_0000000000000000021b,4845034547,31873103,38900,H1,005,01155127,440,A,41005,+45.1604934,-122.1951274,06,,G4020,Clackamas,Clackamas County,41,2022-05-16,84.57465519928067,1652659200000,"{""type"":""MultiPoint"",""coordinates"":[]}"
166_0000000000000000021c,1116558776,88222268,38900,H1,051,01135861,440,A,41051,+45.5477107,-122.4173625,06,,G4020,Multnomah,Multnomah County,41,2022-05-16,82.78666984421733,1652659200000,"{""type"":""MultiPoint"",""coordinates"":[]}"
166_0000000000000000021e,1875846777,6127010,38900,H1,067,01155137,440,A,41067,+45.5535419,-123.0976146,06,,G4020,Washington,Washington County,41,2022-05-16,80.44785420599706,1652659200000,"{""type"":""MultiPoint"",""coordinates"":[]}"
167_0000000000000000021b,4845034547,31873103,38900,H1,005,01155127,440,A,41005,+45.1604934,-122.1951274,06,,G4020,Clackamas,Clackamas County,41,2022-05-17,67.65466078983307,1652745600000,"{""type"":""MultiPoint"",""coordinates"":[]}"
167_0000000000000000021c,1116558776,88222268,38900,H1,051,01135861,440,A,41051,+45.5477107,-122.4173625,06,,G4020,Multnomah,Multnomah County,41,2022-05-17,65.91456625381797,1652745600000,"{""type"":""MultiPoint"",""coordinates"":[]}"
167_0000000000000000021e,1875846777,6127010,38900,H1,067,01155137,440,A,41067,+45.5535419,-123.0976146,06,,G4020,Washington,Washington County,41,2022-05-17,67.1530722762755,1652745600000,"{""type"":""MultiPoint"",""coordinates"":[]}"
168_0000000000000000021b,4845034547,31873103,38900,H1,005,01155127,440,A,41005,+45.1604934,-122.1951274,06,,G4020,Clackamas,Clackamas County,41,2022-05-18,81.00713523827962,1652832000000,"{""type"":""MultiPoint"",""coordinates"":[]}"
168_0000000000000000021c,1116558776,88222268,38900,H1,051,01135861,440,A,41051,+45.5477107,-122.4173625,06,,G4020,Multnomah,Multnomah County,41,2022-05-18,79.77440663460027,1652832000000,"{""type"":""MultiPoint"",""coordinates"":[]}"
168_0000000000000000021e,1875846777,6127010,38900,H1,067,01155137,440,A,41067,+45.5535419,-123.0976146,06,,G4020,Washington,Washington County,41,2022-05-18,76.81866939583698,1652832000000,"{""type"":""MultiPoint"",""coordinates"":[]}"
169_0000000000000000021b,4845034547,31873103,38900,H1,005,01155127,440,A,41005,+45.1604934,-122.1951274,06,,G4020,Clackamas,Clackamas County,41,2022-05-19,85.73611444149203,1652918400000,"{""type"":""MultiPoint"",""coordinates"":[]}"
169_0000000000000000021c,1116558776,88222268,38900,H1,051,01135861,440,A,41051,+45.5477107,-122.4173625,06,,G4020,Multnomah,Multnomah County,41,2022-05-19,80.5744518483929,1652918400000,"{""type"":""MultiPoint"",""coordinates"":[]}"
169_0000000000000000021e,1875846777,6127010,38900,H1,067,01155137,440,A,41067,+45.5535419,-123.0976146,06,,G4020,Washington,Washington County,41,2022-05-19,77.22993593824147,1652918400000,"{""type"":""MultiPoint"",""coordinates"":[]}"
170_0000000000000000021b,4845034547,31873103,38900,H1,005,01155127,440,A,41005,+45.1604934,-122.1951274,06,,G4020,Clackamas,Clackamas County,41,2022-05-20,81.21216461267083,1653004800000,"{""type"":""MultiPoint"",""coordinates"":[]}"
170_0000000000000000021c,1116558776,88222268,38900,H1,051,01135861,440,A,41051,+45.5477107,-122.4173625,06,,G4020,Multnomah,Multnomah County,41,2022-05-20,77.08744970140326,1653004800000,"{""type"":""MultiPoint"",""coordinates"":[]}"
170_0000000000000000021e,1875846777,6127010,38900,H1,067,01155137,440,A,41067,+45.5535419,-123.0976146,06,,G4020,Washington,Washington County,41,2022-05-20,72.42457360347936,1653004800000,"{""type"":""MultiPoint"",""coordinates"":[]}"
171_0000000000000000021b,4845034547,31873103,38900,H1,005,01155127,440,A,41005,+45.1604934,-122.1951274,06,,G4020,Clackamas,Clackamas County,41,2022-05-21,71.20485707428496,1653091200000,"{""type"":""MultiPoint"",""coordinates"":[]}"
171_0000000000000000021c,1116558776,88222268,38900,H1,051,01135861,440,A,41051,+45.5477107,-122.4173625,06,,G4020,Multnomah,Multnomah County,41,2022-05-21,70.48360599581277,1653091200000,"{""type"":""MultiPoint"",""coordinates"":[]}"
171_0000000000000000021e,1875846777,6127010,38900,H1,067,01155137,440,A,41067,+45.5535419,-123.0976146,06,,G4020,Washington,Washington County,41,2022-05-21,70.46946003652262,1653091200000,"{""type"":""MultiPoint"",""coordinates"":[]}"
172_0000000000000000021b,4845034547,31873103,38900,H1,005,01155127,440,A,41005,+45.1604934,-122.1951274,06,,G4020,Clackamas,Clackamas County,41,2022-05-22,61.11369948810456,1653177600000,"{""type"":""MultiPoint"",""coordinates"":[]}"
172_0000000000000000021c,1116558776,88222268,38900,H1,051,01135861,440,A,41051,+45.5477107,-122.4173625,06,,G4020,Multnomah,Multnomah County,41,2022-05-22,63.05658320366701,1653177600000,"{""type"":""MultiPoint"",""coordinates"":[]}"
172_0000000000000000021e,1875846777,6127010,38900,H1,067,01155137,440,A,41067,+45.5535419,-123.0976146,06,,G4020,Washington,Washington County,41,2022-05-22,67.6852547498224,1653177600000,"{""type"":""MultiPoint"",""coordinates"":[]}"
173_0000000000000000021b,4845034547,31873103,38900,H1,005,01155127,440,A,41005,+45.1604934,-122.1951274,06,,G4020,Clackamas,Clackamas County,41,2022-05-23,70.21245505752904,1653264000000,"{""type"":""MultiPoint"",""coordinates"":[]}"
173_0000000000000000021c,1116558776,88222268,38900,H1,051,01135861,440,A,41051,+45.5477107,-122.4173625,06,,G4020,Multnomah,Multnomah County,41,2022-05-23,67.35507863385064,1653264000000,"{""type"":""MultiPoint"",""coordinates"":[]}"
173_0000000000000000021e,1875846777,6127010,38900,H1,067,01155137,440,A,41067,+45.5535419,-123.0976146,06,,G4020,Washington,Washington County,41,2022-05-23,67.45659229625926,1653264000000,"{""type"":""MultiPoint"",""coordinates"":[]}"
174_0000000000000000021b,4845034547,31873103,38900,H1,005,01155127,440,A,41005,+45.1604934,-122.1951274,06,,G4020,Clackamas,Clackamas County,41,2022-05-24,71.11546491244258,1653350400000,"{""type"":""MultiPoint"",""coordinates"":[]}"
174_0000000000000000021c,1116558776,88222268,38900,H1,051,01135861,440,A,41051,+45.5477107,-122.4173625,06,,G4020,Multnomah,Multnomah County,41,2022-05-24,74.28291614142302,1653350400000,"{""type"":""MultiPoint"",""coordinates"":[]}"
174_0000000000000000021e,1875846777,6127010,38900,H1,067,01155137,440,A,41067,+45.5535419,-123.0976146,06,,G4020,Washington,Washington County,41,2022-05-24,74.67550264068188,1653350400000,"{""type"":""MultiPoint"",""coordinates"":[]}"
175_0000000000000000021b,4845034547,31873103,38900,H1,005,01155127,440,A,41005,+45.1604934,-122.1951274,06,,G4020,Clackamas,Clackamas County,41,2022-05-25,77.4410188117869,1653436800000,"{""type"":""MultiPoint"",""coordinates"":[]}"
175_0000000000000000021c,1116558776,88222268,38900,H1,051,01135861,440,A,41051,+45.5477107,-122.4173625,06,,G4020,Multnomah,Multnomah County,41,2022-05-25,77.56206125317614,1653436800000,"{""type"":""MultiPoint"",""coordinates"":[]}"
175_0000000000000000021e,1875846777,6127010,38900,H1,067,01155137,440,A,41067,+45.5535419,-123.0976146,06,,G4020,Washington,Washington County,41,2022-05-25,74.1329446639741,1653436800000,"{""type"":""MultiPoint"",""coordinates"":[]}"
176_0000000000000000021b,4845034547,31873103,38900,H1,005,01155127,440,A,41005,+45.1604934,-122.1951274,06,,G4020,Clackamas,Clackamas County,41,2022-05-26,73.7314070158782,1653523200000,"{""type"":""MultiPoint"",""coordinates"":[]}"
176_0000000000000000021c,1116558776,88222268,38900,H1,051,01135861,440,A,41051,+45.5477107,-122.4173625,06,,G4020,Multnomah,Multnomah County,41,2022-05-26,74.51918608270888,1653523200000,"{""type"":""MultiPoint"",""coordinates"":[]}"
176_0000000000000000021e,1875846777,6127010,38900,H1,067,01155137,440,A,41067,+45.5535419,-123.0976146,06,,G4020,Washington,Washington County,41,2022-05-26,78.86691293623628,1653523200000,"{""type"":""MultiPoint"",""coordinates"":[]}"
177_0000000000000000021b,4845034547,31873103,38900,H1,005,01155127,440,A,41005,+45.1604934,-122.1951274,06,,G4020,Clackamas,Clackamas County,41,2022-05-27,88.25484244603452,1653609600000,"{""type"":""MultiPoint"",""coordinates"":[]}"
177_0000000000000000021c,1116558776,88222268,38900,H1,051,01135861,440,A,41051,+45.5477107,-122.4173625,06,,G4020,Multnomah,Multnomah County,41,2022-05-27,84.43284993794138,1653609600000,"{""type"":""MultiPoint"",""coordinates"":[]}"
177_0000000000000000021e,1875846777,6127010,38900,H1,067,01155137,440,A,41067,+45.5535419,-123.0976146,06,,G4020,Washington,Washington County,41,2022-05-27,81.94735790505959,1653609600000,"{""type"":""MultiPoint"",""coordinates"":[]}"
178_0000000000000000021b,4845034547,31873103,38900,H1,005,01155127,440,A,41005,+45.1604934,-122.1951274,06,,G4020,Clackamas,Clackamas County,41,2022-05-28,84.78948963470403,1653696000000,"{""type"":""MultiPoint"",""coordinates"":[]}"
178_0000000000000000021c,1116558776,88222268,38900,H1,051,01135861,440,A,41051,+45.5477107,-122.4173625,06,,G4020,Multnomah,Multnomah County,41,2022-05-28,83.9047720745236,1653696000000,"{""type"":""MultiPoint"",""coordinates"":[]}"
178_0000000000000000021e,1875846777,6127010,38900,H1,067,01155137,440,A,41067,+45.5535419,-123.0976146,06,,G4020,Washington,Washington County,41,2022-05-28,85.89044053352588,1653696000000,"{""type"":""MultiPoint"",""coordinates"":[]}"
179_0000000000000000021b,4845034547,31873103,38900,H1,005,01155127,440,A,41005,+45.1604934,-122.1951274,06,,G4020,Clackamas,Clackamas County,41,2022-05-29,91.97893183505809,1653782400000,"{""type"":""MultiPoint"",""coordinates"":[]}"
179_0000000000000000021c,1116558776,88222268,38900,H1,051,01135861,440,A,41051,+45.5477107,-122.4173625,06,,G4020,Multnomah,Multnomah County,41,2022-05-29,88.81297161721326,1653782400000,"{""type"":""MultiPoint"",""coordinates"":[]}"
179_0000000000000000021e,1875846777,6127010,38900,H1,067,01155137,440,A,41067,+45.5535419,-123.0976146,06,,G4020,Washington,Washington County,41,2022-05-29,84.01912595704266,1653782400000,"{""type"":""MultiPoint"",""coordinates"":[]}"
180_0000000000000000021b,4845034547,31873103,38900,H1,005,01155127,440,A,41005,+45.1604934,-122.1951274,06,,G4020,Clackamas,Clackamas County,41,2022-05-30,85.07012977368893,1653868800000,"{""type"":""MultiPoint"",""coordinates"":[]}"
180_0000000000000000021c,1116558776,88222268,38900,H1,051,01135861,440,A,41051,+45.5477107,-122.4173625,06,,G4020,Multnomah,Multnomah County,41,2022-05-30,80.27409442134243,1653868800000,"{""type"":""MultiPoint"",""coordinates"":[]}"
180_0000000000000000021e,1875846777,6127010,38900,H1,067,01155137,440,A,41067,+45.5535419,-123.0976146,06,,G4020,Washington,Washington County,41,2022-05-30,79.55643822131779,1653868800000,"{""type"":""MultiPoint"",""coordinates"":[]}"
181_0000000000000000021b,4845034547,31873103,38900,H1,005,01155127,440,A,41005,+45.1604934,-122.1951274,06,,G4020,Clackamas,Clackamas County,41,2022-05-31,72.17952484638609,1653955200000,"{""type"":""MultiPoint"",""coordinates"":[]}"
181_0000000000000000021c,1116558776,88222268,38900,H1,051,01135861,440,A,41051,+45.5477107,-122.4173625,06,,G4020,Multnomah,Multnomah County,41,2022-05-31,70.21453780563442,1653955200000,"{""type"":""MultiPoint"",""coordinates"":[]}"
181_0000000000000000021e,1875846777,6127010,38900,H1,067,01155137,440,A,41067,+45.5535419,-123.0976146,06,,G4020,Washington,Washington County,41,2022-05-31,72.95868412255986,1653955200000,"{""type"":""MultiPoint"",""coordinates"":[]}"
182_0000000000000000021b,4845034547,31873103,38900,H1,005,01155127,440,A,41005,+45.1604934,-122.1951274,06,,G4020,Clackamas,Clackamas County,41,2022-06-01,74.11556728497014,1654041600000,"{""type"":""MultiPoint"",""coordinates"":[]}"
182_0000000000000000021c,1116558776,88222268,38900,H1,051,01135861,440,A,41051,+45.5477107,-122.4173625,06,,G4020,Multnomah,Multnomah County,41,2022-06-01,72.93680089949568,1654041600000,"{""type"":""MultiPoint"",""coordinates"":[]}"
182_0000000000000000021e,1875846777,6127010,38900,H1,067,01155137,440,A,41067,+45.5535419,-123.0976146,06,,G4020,Washington,Washington County,41,2022-06-01,76.78800151327874,1654041600000,"{""type"":""MultiPoint"",""coordinates"":[]}"
183_0000000000000000021b,4845034547,31873103,38900,H1,005,01155127,440,A,41005,+45.1604934,-122.1951274,06,,G4020,Clackamas,Clackamas County,41,2022-06-02,80.95815010647233,1654128000000,"{""type"":""MultiPoint"",""coordinates"":[]}"
183_0000000000000000021c,1116558776,88222268,38900,H1,051,01135861,440,A,41051,+45.5477107,-122.4173625,06,,G4020,Multnomah,Multnomah County,41,2022-06-02,78.7682990568042,1654128000000,"{""type"":""MultiPoint"",""coordinates"":[]}"
183_0000000000000000021e,1875846777,6127010,38900,H1,067,01155137,440,A,41067,+45.5535419,-123.0976146,06,,G4020,Washington,Washington County,41,2022-06-02,78.95944663281486,1654128000000,"{""type"":""MultiPoint"",""coordinates"":[]}"
184_0000000000000000021b,4845034547,31873103,38900,H1,005,01155127,440,A,41005,+45.1604934,-122.1951274,06,,G4020,Clackamas,Clackamas County,41,2022-06-03,84.79571303643544,1654214400000,"{""type"":""MultiPoint"",""coordinates"":[]}"
184_0000000000000000021c,1116558776,88222268,38900,H1,051,01135861,440,A,41051,+45.5477107,-122.4173625,06,,G4020,Multnomah,Multnomah County,41,2022-06-03,84.30186027343045,1654214400000,"{""type"":""MultiPoint"",""coordinates"":[]}"
184_0000000000000000021e,1875846777,6127010,38900,H1,067,01155137,440,A,41067,+45.5535419,-123.0976146,06,,G4020,Washington,Washington County,41,2022-06-03,79.28332390243699,1654214400000,"{""type"":""MultiPoint"",""coordinates"":[]}"
185_0000000000000000021b,4845034547,31873103,38900,H1,005,01155127,440,A,41005,+45.1604934,-122.1951274,06,,G4020,Clackamas,Clackamas County,41,2022-06-04,91.38848748893835,1654300800000,"{""type"":""MultiPoint"",""coordinates"":[]}"
185_0000000000000000021c,1116558776,88222268,38900,H1,051,01135861,440,A,41051,+45.5477107,-122.4173625,06,,G4020,Multnomah,Multnomah County,41,2022-06-04,90.33704934459666,1654300800000,"{""type"":""MultiPoint"",""coordinates"":[]}"
185_0000000000000000021e,1875846777,6127010,38900,H1,067,01155137,440,A,41067,+45.5535419,-123.0976146,06,,G4020,Washington,Washington County,41,2022-06-04,93.3701723957496,1654300800000,"{""type"":""MultiPoint"",""coordinates"":[]}"
186_0000000000000000021b,4845034547,31873103,38900,H1,005,01155127,440,A,41005,+45.1604934,-122.1951274,06,,G4020,Clackamas,Clackamas County,41,2022-06-05,93.27309079477484,1654387200000,"{""type"":""MultiPoint"",""coordinates"":[]}"
186_0000000000000000021c,1116558776,88222268,38900,H1,051,01135861,440,A,41051,+45.5477107,-122.4173625,06,,G4020,Multnomah,Multnomah County,41,2022-06-05,93.52789143387332,1654387200000,"{""type"":""MultiPoint"",""coordinates"":[]}"
186_0000000000000000021e,1875846777,6127010,38900,H1,067,01155137,440,A,41067,+45.5535419,-123.0976146,06,,G4020,Washington,Washington County,41,2022-06-05,93.30838842353131,1654387200000,"{""type"":""MultiPoint"",""coordinates"":[]}"
187_0000000000000000021b,4845034547,31873103,38900,H1,005,01155127,440,A,41005,+45.1604934,-122.1951274,06,,G4020,Clackamas,Clackamas County,41,2022-06-06,90.07049617376735,1654473600000,"{""type"":""MultiPoint"",""coordinates"":[]}"
187_0000000000000000021c,1116558776,88222268,38900,H1,051,01135861,440,A,41051,+45.5477107,-122.4173625,06,,G4020,Multnomah,Multnomah County,41,2022-06-06,85.06739040581843,1654473600000,"{""type"":""MultiPoint"",""coordinates"":[]}"
187_0000000000000000021e,1875846777,6127010,38900,H1,067,01155137,440,A,41067,+45.5535419,-123.0976146,06,,G4020,Washington,Washington County,41,2022-06-06,81.02037341030429,1654473600000,"{""type"":""MultiPoint"",""coordinates"":[]}"
188_0000000000000000021b,4845034547,31873103,38900,H1,005,01155127,440,A,41005,+45.1604934,-122.1951274,06,,G4020,Clackamas,Clackamas County,41,2022-06-07,70.88127026386948,1654560000000,"{""type"":""MultiPoint"",""coordinates"":[]}"
188_0000000000000000021c,1116558776,88222268,38900,H1,051,01135861,440,A,41051,+45.5477107,-122.4173625,06,,G4020,Multnomah,Multnomah County,41,2022-06-07,69.02599714196347,1654560000000,"{""type"":""MultiPoint"",""coordinates"":[]}"
188_0000000000000000021e,1875846777,6127010,38900,H1,067,01155137,440,A,41067,+45.5535419,-123.0976146,06,,G4020,Washington,Washington County,41,2022-06-07,72.19740077052975,1654560000000,"{""type"":""MultiPoint"",""coordinates"":[]}"
189_0000000000000000021b,4845034547,31873103,38900,H1,005,01155127,440,A,41005,+45.1604934,-122.1951274,06,,G4020,Clackamas,Clackamas County,41,2022-06-08,75.4585485656749,1654646400000,"{""type"":""MultiPoint"",""coordinates"":[]}"
189_0000000000000000021c,1116558776,88222268,38900,H1,051,01135861,440,A,41051,+45.5477107,-122.4173625,06,,G4020,Multnomah,Multnomah County,41,2022-06-08,73.46076940466824,1654646400000,"{""type"":""MultiPoint"",""coordinates"":[]}"
189_0000000000000000021e,1875846777,6127010,38900,H1,067,01155137,440,A,41067,+45.5535419,-123.0976146,06,,G4020,Washington,Washington County,41,2022-06-08,71.29575885001435,1654646400000,"{""type"":""MultiPoint"",""coordinates"":[]}"
190_0000000000000000021b,4845034547,31873103,38900,H1,005,01155127,440,A,41005,+45.1604934,-122.1951274,06,,G4020,Clackamas,Clackamas County,41,2022-06-09,74.77219076562625,1654732800000,"{""type"":""MultiPoint"",""coordinates"":[]}"
190_0000000000000000021c,1116558776,88222268,38900,H1,051,01135861,440,A,41051,+45.5477107,-122.4173625,06,,G4020,Multnomah,Multnomah County,41,2022-06-09,77.05098444741681,1654732800000,"{""type"":""MultiPoint"",""coordinates"":[]}"
190_0000000000000000021e,1875846777,6127010,38900,H1,067,01155137,440,A,41067,+45.5535419,-123.0976146,06,,G4020,Washington,Washington County,41,2022-06-09,76.39416227834121,1654732800000,"{""type"":""MultiPoint"",""coordinates"":[]}"
191_0000000000000000021b,4845034547,31873103,38900,H1,005,01155127,440,A,41005,+45.1604934,-122.1951274,06,,G4020,Clackamas,Clackamas County,41,2022-06-10,88.5333663606062,1654819200000,"{""type"":""MultiPoint"",""coordinates"":[]}"
191_0000000000000000021c,1116558776,88222268,38900,H1,051,01135861,440,A,41051,+45.5477107,-122.4173625,06,,G4020,Multnomah,Multnomah County,41,2022-06-10,90.8766564888476,1654819200000,"{""type"":""MultiPoint"",""coordinates"":[]}"
191_0000000000000000021e,1875846777,6127010,38900,H1,067,01155137,440,A,41067,+45.5535419,-123.0976146,06,,G4020,Washington,Washington County,41,2022-06-10,92.37642397136075,1654819200000,"{""type"":""MultiPoint"",""coordinates"":[]}"
192_0000000000000000021b,4845034547,31873103,38900,H1,005,01155127,440,A,41005,+45.1604934,-122.1951274,06,,G4020,Clackamas,Clackamas County,41,2022-06-11,95.01004235619295,1654905600000,"{""type"":""MultiPoint"",""coordinates"":[]}"
192_0000000000000000021c,1116558776,88222268,38900,H1,051,01135861,440,A,41051,+45.5477107,-122.4173625,06,,G4020,Multnomah,Multnomah County,41,2022-06-11,90.89030776719513,1654905600000,"{""type"":""MultiPoint"",""coordinates"":[]}"
192_0000000000000000021e,1875846777,6127010,38900,H1,067,01155137,440,A,41067,+45.5535419,-123.0976146,06,,G4020,Washington,Washington County,41,2022-06-11,89.54948670299721,1654905600000,"{""type"":""MultiPoint"",""coordinates"":[]}"
193_0000000000000000021b,4845034547,31873103,38900,H1,005,01155127,440,A,41005,+45.1604934,-122.1951274,06,,G4020,Clackamas,Clackamas County,41,2022-06-12,96.1517459562188,1654992000000,"{""type"":""MultiPoint"",""coordinates"":[]}"
193_0000000000000000021c,1116558776,88222268,38900,H1,051,01135861,440,A,41051,+45.5477107,-122.4173625,06,,G4020,Multnomah,Multnomah County,41,2022-06-12,86.89887508833141,1654992000000,"{""type"":""MultiPoint"",""coordinates"":[]}"
193_0000000000000000021e,1875846777,6127010,38900,H1,067,01155137,440,A,41067,+45.5535419,-123.0976146,06,,G4020,Washington,Washington County,41,2022-06-12,80.68938680714737,1654992000000,"{""type"":""MultiPoint"",""coordinates"":[]}"
194_0000000000000000021b,4845034547,31873103,38900,H1,005,01155127,440,A,41005,+45.1604934,-122.1951274,06,,G4020,Clackamas,Clackamas County,41,2022-06-13,90.83424347907565,1655078400000,"{""type"":""MultiPoint"",""coordinates"":[]}"
194_0000000000000000021c,1116558776,88222268,38900,H1,051,01135861,440,A,41051,+45.5477107,-122.4173625,06,,G4020,Multnomah,Multnomah County,41,2022-06-13,83.75624373532457,1655078400000,"{""type"":""MultiPoint"",""coordinates"":[]}"
194_0000000000000000021e,1875846777,6127010,38900,H1,067,01155137,440,A,41067,+45.5535419,-123.0976146,06,,G4020,Washington,Washington County,41,2022-06-13,77.21570478903324,1655078400000,"{""type"":""MultiPoint"",""coordinates"":[]}"
195_0000000000000000021b,4845034547,31873103,38900,H1,005,01155127,440,A,41005,+45.1604934,-122.1951274,06,,G4020,Clackamas,Clackamas County,41,2022-06-14,86.22015206018916,1655164800000,"{""type"":""MultiPoint"",""coordinates"":[]}"
195_0000000000000000021c,1116558776,88222268,38900,H1,051,01135861,440,A,41051,+45.5477107,-122.4173625,06,,G4020,Multnomah,Multnomah County,41,2022-06-14,80.2862500607026,1655164800000,"{""type"":""MultiPoint"",""coordinates"":[]}"
195_0000000000000000021e,1875846777,6127010,38900,H1,067,01155137,440,A,41067,+45.5535419,-123.0976146,06,,G4020,Washington,Washington County,41,2022-06-14,75.3366047393165,1655164800000,"{""type"":""MultiPoint"",""coordinates"":[]}"
196_0000000000000000021b,4845034547,31873103,38900,H1,005,01155127,440,A,41005,+45.1604934,-122.1951274,06,,G4020,Clackamas,Clackamas County,41,2022-06-15,71.20531871824771,1655251200000,"{""type"":""MultiPoint"",""coordinates"":[]}"
196_0000000000000000021c,1116558776,88222268,38900,H1,051,01135861,440,A,41051,+45.5477107,-122.4173625,06,,G4020,Multnomah,Multnomah County,41,2022-06-15,72.13482143685859,1655251200000,"{""type"":""MultiPoint"",""coordinates"":[]}"
196_0000000000000000021e,1875846777,6127010,38900,H1,067,01155137,440,A,41067,+45.5535419,-123.0976146,06,,G4020,Washington,Washington County,41,2022-06-15,73.95275018793177,1655251200000,"{""type"":""MultiPoint"",""coordinates"":[]}"
197_0000000000000000021b,4845034547,31873103,38900,H1,005,01155127,440,A,41005,+45.1604934,-122.1951274,06,,G4020,Clackamas,Clackamas County,41,2022-06-16,79.62380414605106,1655337600000,"{""type"":""MultiPoint"",""coordinates"":[]}"
197_0000000000000000021c,1116558776,88222268,38900,H1,051,01135861,440,A,41051,+45.5477107,-122.4173625,06,,G4020,Multnomah,Multnomah County,41,2022-06-16,76.33789403723345,1655337600000,"{""type"":""MultiPoint"",""coordinates"":[]}"
197_0000000000000000021e,1875846777,6127010,38900,H1,067,01155137,440,A,41067,+45.5535419,-123.0976146,06,,G4020,Washington,Washington County,41,2022-06-16,78.11958887795375,1655337600000,"{""type"":""MultiPoint"",""coordinates"":[]}"
198_0000000000000000021b,4845034547,31873103,38900,H1,005,01155127,440,A,41005,+45.1604934,-122.1951274,06,,G4020,Clackamas,Clackamas County,41,2022-06-17,85.98306446431936,1655424000000,"{""type"":""MultiPoint"",""coordinates"":[]}"
198_0000000000000000021c,1116558776,88222268,38900,H1,051,01135861,440,A,41051,+45.5477107,-122.4173625,06,,G4020,Multnomah,Multnomah County,41,2022-06-17,81.52834811244443,1655424000000,"{""type"":""MultiPoint"",""coordinates"":[]}"
198_0000000000000000021e,1875846777,6127010,38900,H1,067,01155137,440,A,41067,+45.5535419,-123.0976146,06,,G4020,Washington,Washington County,41,2022-06-17,75.1931044382021,1655424000000,"{""type"":""MultiPoint"",""coordinates"":[]}"
199_0000000000000000021b,4845034547,31873103,38900,H1,005,01155127,440,A,41005,+45.1604934,-122.1951274,06,,G4020,Clackamas,Clackamas County,41,2022-06-18,86.08043765563949,1655510400000,"{""type"":""MultiPoint"",""coordinates"":[]}"
199_0000000000000000021c,1116558776,88222268,38900,H1,051,01135861,440,A,41051,+45.5477107,-122.4173625,06,,G4020,Multnomah,Multnomah County,41,2022-06-18,86.09462875326028,1655510400000,"{""type"":""MultiPoint"",""coordinates"":[]}"
199_0000000000000000021e,1875846777,6127010,38900,H1,067,01155137,440,A,41067,+45.5535419,-123.0976146,06,,G4020,Washington,Washington County,41,2022-06-18,79.68457088916922,1655510400000,"{""type"":""MultiPoint"",""coordinates"":[]}"
200_0000000000000000021b,4845034547,31873103,38900,H1,005,01155127,440,A,41005,+45.1604934,-122.1951274,06,,G4020,Clackamas,Clackamas County,41,2022-06-19,87.54268981803597,1655596800000,"{""type"":""MultiPoint"",""coordinates"":[]}"
200_0000000000000000021c,1116558776,88222268,38900,H1,051,01135861,440,A,41051,+45.5477107,-122.4173625,06,,G4020,Multnomah,Multnomah County,41,2022-06-19,86.03884484369418,1655596800000,"{""type"":""MultiPoint"",""coordinates"":[]}"
200_0000000000000000021e,1875846777,6127010,38900,H1,067,01155137,440,A,41067,+45.5535419,-123.0976146,06,,G4020,Washington,Washington County,41,2022-06-19,81.64610958155396,1655596800000,"{""type"":""MultiPoint"",""coordinates"":[]}"
201_0000000000000000021b,4845034547,31873103,38900,H1,005,01155127,440,A,41005,+45.1604934,-122.1951274,06,,G4020,Clackamas,Clackamas County,41,2022-06-20,82.02918414421151,1655683200000,"{""type"":""MultiPoint"",""coordinates"":[]}"
201_0000000000000000021c,1116558776,88222268,38900,H1,051,01135861,440,A,41051,+45.5477107,-122.4173625,06,,G4020,Multnomah,Multnomah County,41,2022-06-20,79.86764659396177,1655683200000,"{""type"":""MultiPoint"",""coordinates"":[]}"
201_0000000000000000021e,1875846777,6127010,38900,H1,067,01155137,440,A,41067,+45.5535419,-123.0976146,06,,G4020,Washington,Washington County,41,2022-06-20,77.44191856309189,1655683200000,"{""type"":""MultiPoint"",""coordinates"":[]}"
202_0000000000000000021b,4845034547,31873103,38900,H1,005,01155127,440,A,41005,+45.1604934,-122.1951274,06,,G4020,Clackamas,Clackamas County,41,2022-06-21,72.29001168171273,1655769600000,"{""type"":""MultiPoint"",""coordinates"":[]}"
202_0000000000000000021c,1116558776,88222268,38900,H1,051,01135861,440,A,41051,+45.5477107,-122.4173625,06,,G4020,Multnomah,Multnomah County,41,2022-06-21,74.45261255763565,1655769600000,"{""type"":""MultiPoint"",""coordinates"":[]}"
202_0000000000000000021e,1875846777,6127010,38900,H1,067,01155137,440,A,41067,+45.5535419,-123.0976146,06,,G4020,Washington,Washington County,41,2022-06-21,75.02811970006746,1655769600000,"{""type"":""MultiPoint"",""coordinates"":[]}"
203_0000000000000000021b,4845034547,31873103,38900,H1,005,01155127,440,A,41005,+45.1604934,-122.1951274,06,,G4020,Clackamas,Clackamas County,41,2022-06-22,76.66762042189059,1655856000000,"{""type"":""MultiPoint"",""coordinates"":[]}"
203_0000000000000000021c,1116558776,88222268,38900,H1,051,01135861,440,A,41051,+45.5477107,-122.4173625,06,,G4020,Multnomah,Multnomah County,41,2022-06-22,77.95151903789878,1655856000000,"{""type"":""MultiPoint"",""coordinates"":[]}"
203_0000000000000000021e,1875846777,6127010,38900,H1,067,01155137,440,A,41067,+45.5535419,-123.0976146,06,,G4020,Washington,Washington County,41,2022-06-22,78.4602755196723,1655856000000,"{""type"":""MultiPoint"",""coordinates"":[]}"
204_0000000000000000021b,4845034547,31873103,38900,H1,005,01155127,440,A,41005,+45.1604934,-122.1951274,06,,G4020,Clackamas,Clackamas County,41,2022-06-23,68.53047169701144,1655942400000,"{""type"":""MultiPoint"",""coordinates"":[]}"
204_0000000000000000021c,1116558776,88222268,38900,H1,051,01135861,440,A,41051,+45.5477107,-122.4173625,06,,G4020,Multnomah,Multnomah County,41,2022-06-23,70.23158679548325,1655942400000,"{""type"":""MultiPoint"",""coordinates"":[]}"
204_0000000000000000021e,1875846777,6127010,38900,H1,067,01155137,440,A,41067,+45.5535419,-123.0976146,06,,G4020,Washington,Washington County,41,2022-06-23,67.42166823881269,1655942400000,"{""type"":""MultiPoint"",""coordinates"":[]}"
205_0000000000000000021b,4845034547,31873103,38900,H1,005,01155127,440,A,41005,+45.1604934,-122.1951274,06,,G4020,Clackamas,Clackamas County,41,2022-06-24,60.31244317870832,1656028800000,"{""type"":""MultiPoint"",""coordinates"":[]}"
205_0000000000000000021c,1116558776,88222268,38900,H1,051,01135861,440,A,41051,+45.5477107,-122.4173625,06,,G4020,Multnomah,Multnomah County,41,2022-06-24,60.48567796973772,1656028800000,"{""type"":""MultiPoint"",""coordinates"":[]}"
205_0000000000000000021e,1875846777,6127010,38900,H1,067,01155137,440,A,41067,+45.5535419,-123.0976146,06,,G4020,Washington,Washington County,41,2022-06-24,58.789885899504476,1656028800000,"{""type"":""MultiPoint"",""coordinates"":[]}"
206_0000000000000000021b,4845034547,31873103,38900,H1,005,01155127,440,A,41005,+45.1604934,-122.1951274,06,,G4020,Clackamas,Clackamas County,41,2022-06-25,44.06407495719608,1656115200000,"{""type"":""MultiPoint"",""coordinates"":[]}"
206_0000000000000000021c,1116558776,88222268,38900,H1,051,01135861,440,A,41051,+45.5477107,-122.4173625,06,,G4020,Multnomah,Multnomah County,41,2022-06-25,50.54098390469584,1656115200000,"{""type"":""MultiPoint"",""coordinates"":[]}"
206_0000000000000000021e,1875846777,6127010,38900,H1,067,01155137,440,A,41067,+45.5535419,-123.0976146,06,,G4020,Washington,Washington County,41,2022-06-25,52.10627885551005,1656115200000,"{""type"":""MultiPoint"",""coordinates"":[]}"
207_0000000000000000021b,4845034547,31873103,38900,H1,005,01155127,440,A,41005,+45.1604934,-122.1951274,06,,G4020,Clackamas,Clackamas County,41,2022-06-26,39.04312337502421,1656201600000,"{""type"":""MultiPoint"",""coordinates"":[]}"
207_0000000000000000021c,1116558776,88222268,38900,H1,051,01135861,440,A,41051,+45.5477107,-122.4173625,06,,G4020,Multnomah,Multnomah County,41,2022-06-26,42.75872981063466,1656201600000,"{""type"":""MultiPoint"",""coordinates"":[]}"
207_0000000000000000021e,1875846777,6127010,38900,H1,067,01155137,440,A,41067,+45.5535419,-123.0976146,06,,G4020,Washington,Washington County,41,2022-06-26,46.71143363013614,1656201600000,"{""type"":""MultiPoint"",""coordinates"":[]}"
208_0000000000000000021b,4845034547,31873103,38900,H1,005,01155127,440,A,41005,+45.1604934,-122.1951274,06,,G4020,Clackamas,Clackamas County,41,2022-06-27,56.2012076720514,1656288000000,"{""type"":""MultiPoint"",""coordinates"":[]}"
208_0000000000000000021c,1116558776,88222268,38900,H1,051,01135861,440,A,41051,+45.5477107,-122.4173625,06,,G4020,Multnomah,Multnomah County,41,2022-06-27,55.88201190382654,1656288000000,"{""type"":""MultiPoint"",""coordinates"":[]}"
208_0000000000000000021e,1875846777,6127010,38900,H1,067,01155137,440,A,41067,+45.5535419,-123.0976146,06,,G4020,Washington,Washington County,41,2022-06-27,55.71240023367917,1656288000000,"{""type"":""MultiPoint"",""coordinates"":[]}"
209_0000000000000000021b,4845034547,31873103,38900,H1,005,01155127,440,A,41005,+45.1604934,-122.1951274,06,,G4020,Clackamas,Clackamas County,41,2022-06-28,59.71133715768733,1656374400000,"{""type"":""MultiPoint"",""coordinates"":[]}"
209_0000000000000000021c,1116558776,88222268,38900,H1,051,01135861,440,A,41051,+45.5477107,-122.4173625,06,,G4020,Multnomah,Multnomah County,41,2022-06-28,59.177392393640375,1656374400000,"{""type"":""MultiPoint"",""coordinates"":[]}"
209_0000000000000000021e,1875846777,6127010,38900,H1,067,01155137,440,A,41067,+45.5535419,-123.0976146,06,,G4020,Washington,Washington County,41,2022-06-28,59.54222671880944,1656374400000,"{""type"":""MultiPoint"",""coordinates"":[]}"
210_0000000000000000021b,4845034547,31873103,38900,H1,005,01155127,440,A,41005,+45.1604934,-122.1951274,06,,G4020,Clackamas,Clackamas County,41,2022-06-29,67.96565698103076,1656460800000,"{""type"":""MultiPoint"",""coordinates"":[]}"
210_0000000000000000021c,1116558776,88222268,38900,H1,051,01135861,440,A,41051,+45.5477107,-122.4173625,06,,G4020,Multnomah,Multnomah County,41,2022-06-29,68.00093917447929,1656460800000,"{""type"":""MultiPoint"",""coordinates"":[]}"
210_0000000000000000021e,1875846777,6127010,38900,H1,067,01155137,440,A,41067,+45.5535419,-123.0976146,06,,G4020,Washington,Washington County,41,2022-06-29,69.6580329242217,1656460800000,"{""type"":""MultiPoint"",""coordinates"":[]}"
211_0000000000000000021b,4845034547,31873103,38900,H1,005,01155127,440,A,41005,+45.1604934,-122.1951274,06,,G4020,Clackamas,Clackamas County,41,2022-06-30,66.09339034100418,1656547200000,"{""type"":""MultiPoint"",""coordinates"":[]}"
211_0000000000000000021c,1116558776,88222268,38900,H1,051,01135861,440,A,41051,+45.5477107,-122.4173625,06,,G4020,Multnomah,Multnomah County,41,2022-06-30,67.56896302228175,1656547200000,"{""type"":""MultiPoint"",""coordinates"":[]}"
211_0000000000000000021e,1875846777,6127010,38900,H1,067,01155137,440,A,41067,+45.5535419,-123.0976146,06,,G4020,Washington,Washington County,41,2022-06-30,67.5151520642967,1656547200000,"{""type"":""MultiPoint"",""coordinates"":[]}"
212_0000000000000000021b,4845034547,31873103,38900,H1,005,01155127,440,A,41005,+45.1604934,-122.1951274,06,,G4020,Clackamas,Clackamas County,41,2022-07-01,70.81836089503558,1656633600000,"{""type"":""MultiPoint"",""coordinates"":[]}"
212_0000000000000000021c,1116558776,88222268,38900,H1,051,01135861,440,A,41051,+45.5477107,-122.4173625,06,,G4020,Multnomah,Multnomah County,41,2022-07-01,70.8757819204321,1656633600000,"{""type"":""MultiPoint"",""coordinates"":[]}"
212_0000000000000000021e,1875846777,6127010,38900,H1,067,01155137,440,A,41067,+45.5535419,-123.0976146,06,,G4020,Washington,Washington County,41,2022-07-01,69.45887735224055,1656633600000,"{""type"":""MultiPoint"",""coordinates"":[]}"
213_0000000000000000021b,4845034547,31873103,38900,H1,005,01155127,440,A,41005,+45.1604934,-122.1951274,06,,G4020,Clackamas,Clackamas County,41,2022-07-02,70.16593619035169,1656720000000,"{""type"":""MultiPoint"",""coordinates"":[]}"
213_0000000000000000021c,1116558776,88222268,38900,H1,051,01135861,440,A,41051,+45.5477107,-122.4173625,06,,G4020,Multnomah,Multnomah County,41,2022-07-02,71.20055560802855,1656720000000,"{""type"":""MultiPoint"",""coordinates"":[]}"
213_0000000000000000021e,1875846777,6127010,38900,H1,067,01155137,440,A,41067,+45.5535419,-123.0976146,06,,G4020,Washington,Washington County,41,2022-07-02,70.13290894437712,1656720000000,"{""type"":""MultiPoint"",""coordinates"":[]}"
214_0000000000000000021b,4845034547,31873103,38900,H1,005,01155127,440,A,41005,+45.1604934,-122.1951274,06,,G4020,Clackamas,Clackamas County,41,2022-07-03,74.41686264922984,1656806400000,"{""type"":""MultiPoint"",""coordinates"":[]}"
214_0000000000000000021c,1116558776,88222268,38900,H1,051,01135861,440,A,41051,+45.5477107,-122.4173625,06,,G4020,Multnomah,Multnomah County,41,2022-07-03,70.32093040982681,1656806400000,"{""type"":""MultiPoint"",""coordinates"":[]}"
214_0000000000000000021e,1875846777,6127010,38900,H1,067,01155137,440,A,41067,+45.5535419,-123.0976146,06,,G4020,Washington,Washington County,41,2022-07-03,68.39985965492293,1656806400000,"{""type"":""MultiPoint"",""coordinates"":[]}"
215_0000000000000000021b,4845034547,31873103,38900,H1,005,01155127,440,A,41005,+45.1604934,-122.1951274,06,,G4020,Clackamas,Clackamas County,41,2022-07-04,70.83237013844581,1656892800000,"{""type"":""MultiPoint"",""coordinates"":[]}"
215_0000000000000000021c,1116558776,88222268,38900,H1,051,01135861,440,A,41051,+45.5477107,-122.4173625,06,,G4020,Multnomah,Multnomah County,41,2022-07-04,69.18839096300545,1656892800000,"{""type"":""MultiPoint"",""coordinates"":[]}"
215_0000000000000000021e,1875846777,6127010,38900,H1,067,01155137,440,A,41067,+45.5535419,-123.0976146,06,,G4020,Washington,Washington County,41,2022-07-04,68.36567350777233,1656892800000,"{""type"":""MultiPoint"",""coordinates"":[]}"
216_0000000000000000021b,4845034547,31873103,38900,H1,005,01155127,440,A,41005,+45.1604934,-122.1951274,06,,G4020,Clackamas,Clackamas County,41,2022-07-05,71.91335307840647,1656979200000,"{""type"":""MultiPoint"",""coordinates"":[]}"
216_0000000000000000021c,1116558776,88222268,38900,H1,051,01135861,440,A,41051,+45.5477107,-122.4173625,06,,G4020,Multnomah,Multnomah County,41,2022-07-05,70.2673729470113,1656979200000,"{""type"":""MultiPoint"",""coordinates"":[]}"
216_0000000000000000021e,1875846777,6127010,38900,H1,067,01155137,440,A,41067,+45.5535419,-123.0976146,06,,G4020,Washington,Washington County,41,2022-07-05,72.56753955846642,1656979200000,"{""type"":""MultiPoint"",""coordinates"":[]}"
217_0000000000000000021b,4845034547,31873103,38900,H1,005,01155127,440,A,41005,+45.1604934,-122.1951274,06,,G4020,Clackamas,Clackamas County,41,2022-07-06,88.03790739007802,1657065600000,"{""type"":""MultiPoint"",""coordinates"":[]}"
217_0000000000000000021c,1116558776,88222268,38900,H1,051,01135861,440,A,41051,+45.5477107,-122.4173625,06,,G4020,Multnomah,Multnomah County,41,2022-07-06,83.113280749891,1657065600000,"{""type"":""MultiPoint"",""coordinates"":[]}"
217_0000000000000000021e,1875846777,6127010,38900,H1,067,01155137,440,A,41067,+45.5535419,-123.0976146,06,,G4020,Washington,Washington County,41,2022-07-06,84.04483541956523,1657065600000,"{""type"":""MultiPoint"",""coordinates"":[]}"
218_0000000000000000021b,4845034547,31873103,38900,H1,005,01155127,440,A,41005,+45.1604934,-122.1951274,06,,G4020,Clackamas,Clackamas County,41,2022-07-07,81.64131016851537,1657152000000,"{""type"":""MultiPoint"",""coordinates"":[]}"
218_0000000000000000021c,1116558776,88222268,38900,H1,051,01135861,440,A,41051,+45.5477107,-122.4173625,06,,G4020,Multnomah,Multnomah County,41,2022-07-07,77.79140286533357,1657152000000,"{""type"":""MultiPoint"",""coordinates"":[]}"
218_0000000000000000021e,1875846777,6127010,38900,H1,067,01155137,440,A,41067,+45.5535419,-123.0976146,06,,G4020,Washington,Washington County,41,2022-07-07,77.67978423381936,1657152000000,"{""type"":""MultiPoint"",""coordinates"":[]}"
219_0000000000000000021b,4845034547,31873103,38900,H1,005,01155127,440,A,41005,+45.1604934,-122.1951274,06,,G4020,Clackamas,Clackamas County,41,2022-07-08,72.11218390222116,1657238400000,"{""type"":""MultiPoint"",""coordinates"":[]}"
219_0000000000000000021c,1116558776,88222268,38900,H1,051,01135861,440,A,41051,+45.5477107,-122.4173625,06,,G4020,Multnomah,Multnomah County,41,2022-07-08,70.02694273068394,1657238400000,"{""type"":""MultiPoint"",""coordinates"":[]}"
219_0000000000000000021e,1875846777,6127010,38900,H1,067,01155137,440,A,41067,+45.5535419,-123.0976146,06,,G4020,Washington,Washington County,41,2022-07-08,69.90407348208126,1657238400000,"{""type"":""MultiPoint"",""coordinates"":[]}"
220_0000000000000000021b,4845034547,31873103,38900,H1,005,01155127,440,A,41005,+45.1604934,-122.1951274,06,,G4020,Clackamas,Clackamas County,41,2022-07-09,67.510948046259,1657324800000,"{""type"":""MultiPoint"",""coordinates"":[]}"
220_0000000000000000021c,1116558776,88222268,38900,H1,051,01135861,440,A,41051,+45.5477107,-122.4173625,06,,G4020,Multnomah,Multnomah County,41,2022-07-09,64.7489091666901,1657324800000,"{""type"":""MultiPoint"",""coordinates"":[]}"
220_0000000000000000021e,1875846777,6127010,38900,H1,067,01155137,440,A,41067,+45.5535419,-123.0976146,06,,G4020,Washington,Washington County,41,2022-07-09,63.45392878181156,1657324800000,"{""type"":""MultiPoint"",""coordinates"":[]}"
221_0000000000000000021b,4845034547,31873103,38900,H1,005,01155127,440,A,41005,+45.1604934,-122.1951274,06,,G4020,Clackamas,Clackamas County,41,2022-07-10,67.52396818600555,1657411200000,"{""type"":""MultiPoint"",""coordinates"":[]}"
221_0000000000000000021c,1116558776,88222268,38900,H1,051,01135861,440,A,41051,+45.5477107,-122.4173625,06,,G4020,Multnomah,Multnomah County,41,2022-07-10,66.40423450546852,1657411200000,"{""type"":""MultiPoint"",""coordinates"":[]}"
221_0000000000000000021e,1875846777,6127010,38900,H1,067,01155137,440,A,41067,+45.5535419,-123.0976146,06,,G4020,Washington,Washington County,41,2022-07-10,66.8293795499292,1657411200000,"{""type"":""MultiPoint"",""coordinates"":[]}"
222_0000000000000000021b,4845034547,31873103,38900,H1,005,01155127,440,A,41005,+45.1604934,-122.1951274,06,,G4020,Clackamas,Clackamas County,41,2022-07-11,56.68514583390496,1657497600000,"{""type"":""MultiPoint"",""coordinates"":[]}"
222_0000000000000000021c,1116558776,88222268,38900,H1,051,01135861,440,A,41051,+45.5477107,-122.4173625,06,,G4020,Multnomah,Multnomah County,41,2022-07-11,57.60513825009307,1657497600000,"{""type"":""MultiPoint"",""coordinates"":[]}"
222_0000000000000000021e,1875846777,6127010,38900,H1,067,01155137,440,A,41067,+45.5535419,-123.0976146,06,,G4020,Washington,Washington County,41,2022-07-11,56.5135486260683,1657497600000,"{""type"":""MultiPoint"",""coordinates"":[]}"
223_0000000000000000021b,4845034547,31873103,38900,H1,005,01155127,440,A,41005,+45.1604934,-122.1951274,06,,G4020,Clackamas,Clackamas County,41,2022-07-12,51.62048762466895,1657584000000,"{""type"":""MultiPoint"",""coordinates"":[]}"
223_0000000000000000021c,1116558776,88222268,38900,H1,051,01135861,440,A,41051,+45.5477107,-122.4173625,06,,G4020,Multnomah,Multnomah County,41,2022-07-12,53.49063897363145,1657584000000,"{""type"":""MultiPoint"",""coordinates"":[]}"
223_0000000000000000021e,1875846777,6127010,38900,H1,067,01155137,440,A,41067,+45.5535419,-123.0976146,06,,G4020,Washington,Washington County,41,2022-07-12,52.79343560086497,1657584000000,"{""type"":""MultiPoint"",""coordinates"":[]}"
224_0000000000000000021b,4845034547,31873103,38900,H1,005,01155127,440,A,41005,+45.1604934,-122.1951274,06,,G4020,Clackamas,Clackamas County,41,2022-07-13,58.92560365945941,1657670400000,"{""type"":""MultiPoint"",""coordinates"":[]}"
224_0000000000000000021c,1116558776,88222268,38900,H1,051,01135861,440,A,41051,+45.5477107,-122.4173625,06,,G4020,Multnomah,Multnomah County,41,2022-07-13,58.970357623097655,1657670400000,"{""type"":""MultiPoint"",""coordinates"":[]}"
224_0000000000000000021e,1875846777,6127010,38900,H1,067,01155137,440,A,41067,+45.5535419,-123.0976146,06,,G4020,Washington,Washington County,41,2022-07-13,59.14366138089754,1657670400000,"{""type"":""MultiPoint"",""coordinates"":[]}"
225_0000000000000000021b,4845034547,31873103,38900,H1,005,01155127,440,A,41005,+45.1604934,-122.1951274,06,,G4020,Clackamas,Clackamas County,41,2022-07-14,55.06360722749037,1657756800000,"{""type"":""MultiPoint"",""coordinates"":[]}"
225_0000000000000000021c,1116558776,88222268,38900,H1,051,01135861,440,A,41051,+45.5477107,-122.4173625,06,,G4020,Multnomah,Multnomah County,41,2022-07-14,56.82970731281214,1657756800000,"{""type"":""MultiPoint"",""coordinates"":[]}"
225_0000000000000000021e,1875846777,6127010,38900,H1,067,01155137,440,A,41067,+45.5535419,-123.0976146,06,,G4020,Washington,Washington County,41,2022-07-14,57.65817659296779,1657756800000,"{""type"":""MultiPoint"",""coordinates"":[]}"
226_0000000000000000021b,4845034547,31873103,38900,H1,005,01155127,440,A,41005,+45.1604934,-122.1951274,06,,G4020,Clackamas,Clackamas County,41,2022-07-15,53.449749353791056,1657843200000,"{""type"":""MultiPoint"",""coordinates"":[]}"
226_0000000000000000021c,1116558776,88222268,38900,H1,051,01135861,440,A,41051,+45.5477107,-122.4173625,06,,G4020,Multnomah,Multnomah County,41,2022-07-15,54.17190958330745,1657843200000,"{""type"":""MultiPoint"",""coordinates"":[]}"
226_0000000000000000021e,1875846777,6127010,38900,H1,067,01155137,440,A,41067,+45.5535419,-123.0976146,06,,G4020,Washington,Washington County,41,2022-07-15,56.76408022809477,1657843200000,"{""type"":""MultiPoint"",""coordinates"":[]}"
227_0000000000000000021b,4845034547,31873103,38900,H1,005,01155127,440,A,41005,+45.1604934,-122.1951274,06,,G4020,Clackamas,Clackamas County,41,2022-07-16,64.64153150463835,1657929600000,"{""type"":""MultiPoint"",""coordinates"":[]}"
227_0000000000000000021c,1116558776,88222268,38900,H1,051,01135861,440,A,41051,+45.5477107,-122.4173625,06,,G4020,Multnomah,Multnomah County,41,2022-07-16,65.04077754384413,1657929600000,"{""type"":""MultiPoint"",""coordinates"":[]}"
227_0000000000000000021e,1875846777,6127010,38900,H1,067,01155137,440,A,41067,+45.5535419,-123.0976146,06,,G4020,Washington,Washington County,41,2022-07-16,67.96791090856918,1657929600000,"{""type"":""MultiPoint"",""coordinates"":[]}"
228_0000000000000000021b,4845034547,31873103,38900,H1,005,01155127,440,A,41005,+45.1604934,-122.1951274,06,,G4020,Clackamas,Clackamas County,41,2022-07-17,65.26610898860963,1658016000000,"{""type"":""MultiPoint"",""coordinates"":[]}"
228_0000000000000000021c,1116558776,88222268,38900,H1,051,01135861,440,A,41051,+45.5477107,-122.4173625,06,,G4020,Multnomah,Multnomah County,41,2022-07-17,62.288527469595905,1658016000000,"{""type"":""MultiPoint"",""coordinates"":[]}"
228_0000000000000000021e,1875846777,6127010,38900,H1,067,01155137,440,A,41067,+45.5535419,-123.0976146,06,,G4020,Washington,Washington County,41,2022-07-17,62.201719257192806,1658016000000,"{""type"":""MultiPoint"",""coordinates"":[]}"
229_0000000000000000021b,4845034547,31873103,38900,H1,005,01155127,440,A,41005,+45.1604934,-122.1951274,06,,G4020,Clackamas,Clackamas County,41,2022-07-18,58.49913307115925,1658102400000,"{""type"":""MultiPoint"",""coordinates"":[]}"
229_0000000000000000021c,1116558776,88222268,38900,H1,051,01135861,440,A,41051,+45.5477107,-122.4173625,06,,G4020,Multnomah,Multnomah County,41,2022-07-18,61.10958034741317,1658102400000,"{""type"":""MultiPoint"",""coordinates"":[]}"
229_0000000000000000021e,1875846777,6127010,38900,H1,067,01155137,440,A,41067,+45.5535419,-123.0976146,06,,G4020,Washington,Washington County,41,2022-07-18,63.862248891169585,1658102400000,"{""type"":""MultiPoint"",""coordinates"":[]}"
230_0000000000000000021b,4845034547,31873103,38900,H1,005,01155127,440,A,41005,+45.1604934,-122.1951274,06,,G4020,Clackamas,Clackamas County,41,2022-07-19,54.04083075928613,1658188800000,"{""type"":""MultiPoint"",""coordinates"":[]}"
230_0000000000000000021c,1116558776,88222268,38900,H1,051,01135861,440,A,41051,+45.5477107,-122.4173625,06,,G4020,Multnomah,Multnomah County,41,2022-07-19,55.50029836608279,1658188800000,"{""type"":""MultiPoint"",""coordinates"":[]}"
230_0000000000000000021e,1875846777,6127010,38900,H1,067,01155137,440,A,41067,+45.5535419,-123.0976146,06,,G4020,Washington,Washington County,41,2022-07-19,56.27850056355073,1658188800000,"{""type"":""MultiPoint"",""coordinates"":[]}"
231_0000000000000000021b,4845034547,31873103,38900,H1,005,01155127,440,A,41005,+45.1604934,-122.1951274,06,,G4020,Clackamas,Clackamas County,41,2022-07-20,48.17393286891881,1658275200000,"{""type"":""MultiPoint"",""coordinates"":[]}"
231_0000000000000000021c,1116558776,88222268,38900,H1,051,01135861,440,A,41051,+45.5477107,-122.4173625,06,,G4020,Multnomah,Multnomah County,41,2022-07-20,51.736640838512486,1658275200000,"{""type"":""MultiPoint"",""coordinates"":[]}"
231_0000000000000000021e,1875846777,6127010,38900,H1,067,01155137,440,A,41067,+45.5535419,-123.0976146,06,,G4020,Washington,Washington County,41,2022-07-20,55.31726040715457,1658275200000,"{""type"":""MultiPoint"",""coordinates"":[]}"
232_0000000000000000021b,4845034547,31873103,38900,H1,005,01155127,440,A,41005,+45.1604934,-122.1951274,06,,G4020,Clackamas,Clackamas County,41,2022-07-21,51.27867840960865,1658361600000,"{""type"":""MultiPoint"",""coordinates"":[]}"
232_0000000000000000021c,1116558776,88222268,38900,H1,051,01135861,440,A,41051,+45.5477107,-122.4173625,06,,G4020,Multnomah,Multnomah County,41,2022-07-21,52.910626319021915,1658361600000,"{""type"":""MultiPoint"",""coordinates"":[]}"
232_0000000000000000021e,1875846777,6127010,38900,H1,067,01155137,440,A,41067,+45.5535419,-123.0976146,06,,G4020,Washington,Washington County,41,2022-07-21,53.25771340435175,1658361600000,"{""type"":""MultiPoint"",""coordinates"":[]}"
233_0000000000000000021b,4845034547,31873103,38900,H1,005,01155127,440,A,41005,+45.1604934,-122.1951274,06,,G4020,Clackamas,Clackamas County,41,2022-07-22,57.1184231889935,1658448000000,"{""type"":""MultiPoint"",""coordinates"":[]}"
233_0000000000000000021c,1116558776,88222268,38900,H1,051,01135861,440,A,41051,+45.5477107,-122.4173625,06,,G4020,Multnomah,Multnomah County,41,2022-07-22,59.07743449395998,1658448000000,"{""type"":""MultiPoint"",""coordinates"":[]}"
233_0000000000000000021e,1875846777,6127010,38900,H1,067,01155137,440,A,41067,+45.5535419,-123.0976146,06,,G4020,Washington,Washington County,41,2022-07-22,61.94339311814527,1658448000000,"{""type"":""MultiPoint"",""coordinates"":[]}"
234_0000000000000000021b,4845034547,31873103,38900,H1,005,01155127,440,A,41005,+45.1604934,-122.1951274,06,,G4020,Clackamas,Clackamas County,41,2022-07-23,61.323148820569486,1658534400000,"{""type"":""MultiPoint"",""coordinates"":[]}"
234_0000000000000000021c,1116558776,88222268,38900,H1,051,01135861,440,A,41051,+45.5477107,-122.4173625,06,,G4020,Multnomah,Multnomah County,41,2022-07-23,63.804503105318986,1658534400000,"{""type"":""MultiPoint"",""coordinates"":[]}"
234_0000000000000000021e,1875846777,6127010,38900,H1,067,01155137,440,A,41067,+45.5535419,-123.0976146,06,,G4020,Washington,Washington County,41,2022-07-23,62.242639696179175,1658534400000,"{""type"":""MultiPoint"",""coordinates"":[]}"
235_0000000000000000021b,4845034547,31873103,38900,H1,005,01155127,440,A,41005,+45.1604934,-122.1951274,06,,G4020,Clackamas,Clackamas County,41,2022-07-24,52.218566469538544,1658620800000,"{""type"":""MultiPoint"",""coordinates"":[]}"
235_0000000000000000021c,1116558776,88222268,38900,H1,051,01135861,440,A,41051,+45.5477107,-122.4173625,06,,G4020,Multnomah,Multnomah County,41,2022-07-24,56.190365698460646,1658620800000,"{""type"":""MultiPoint"",""coordinates"":[]}"
235_0000000000000000021e,1875846777,6127010,38900,H1,067,01155137,440,A,41067,+45.5535419,-123.0976146,06,,G4020,Washington,Washington County,41,2022-07-24,59.59811778987592,1658620800000,"{""type"":""MultiPoint"",""coordinates"":[]}"
236_0000000000000000021b,4845034547,31873103,38900,H1,005,01155127,440,A,41005,+45.1604934,-122.1951274,06,,G4020,Clackamas,Clackamas County,41,2022-07-25,43.57379415752346,1658707200000,"{""type"":""MultiPoint"",""coordinates"":[]}"
236_0000000000000000021c,1116558776,88222268,38900,H1,051,01135861,440,A,41051,+45.5477107,-122.4173625,06,,G4020,Multnomah,Multnomah County,41,2022-07-25,46.28597644788763,1658707200000,"{""type"":""MultiPoint"",""coordinates"":[]}"
236_0000000000000000021e,1875846777,6127010,38900,H1,067,01155137,440,A,41067,+45.5535419,-123.0976146,06,,G4020,Washington,Washington County,41,2022-07-25,44.960951950183826,1658707200000,"{""type"":""MultiPoint"",""coordinates"":[]}"
237_0000000000000000021b,4845034547,31873103,38900,H1,005,01155127,440,A,41005,+45.1604934,-122.1951274,06,,G4020,Clackamas,Clackamas County,41,2022-07-26,40.41859925459034,1658793600000,"{""type"":""MultiPoint"",""coordinates"":[]}"
237_0000000000000000021c,1116558776,88222268,38900,H1,051,01135861,440,A,41051,+45.5477107,-122.4173625,06,,G4020,Multnomah,Multnomah County,41,2022-07-26,41.41546637763603,1658793600000,"{""type"":""MultiPoint"",""coordinates"":[]}"
237_0000000000000000021e,1875846777,6127010,38900,H1,067,01155137,440,A,41067,+45.5535419,-123.0976146,06,,G4020,Washington,Washington County,41,2022-07-26,45.01787972630476,1658793600000,"{""type"":""MultiPoint"",""coordinates"":[]}"
238_0000000000000000021b,4845034547,31873103,38900,H1,005,01155127,440,A,41005,+45.1604934,-122.1951274,06,,G4020,Clackamas,Clackamas County,41,2022-07-27,39.93121962550087,1658880000000,"{""type"":""MultiPoint"",""coordinates"":[]}"
238_0000000000000000021c,1116558776,88222268,38900,H1,051,01135861,440,A,41051,+45.5477107,-122.4173625,06,,G4020,Multnomah,Multnomah County,41,2022-07-27,43.56899612611363,1658880000000,"{""type"":""MultiPoint"",""coordinates"":[]}"
238_0000000000000000021e,1875846777,6127010,38900,H1,067,01155137,440,A,41067,+45.5535419,-123.0976146,06,,G4020,Washington,Washington County,41,2022-07-27,44.879577813480616,1658880000000,"{""type"":""MultiPoint"",""coordinates"":[]}"
239_0000000000000000021b,4845034547,31873103,38900,H1,005,01155127,440,A,41005,+45.1604934,-122.1951274,06,,G4020,Clackamas,Clackamas County,41,2022-07-28,39.83949424433202,1658966400000,"{""type"":""MultiPoint"",""coordinates"":[]}"
239_0000000000000000021c,1116558776,88222268,38900,H1,051,01135861,440,A,41051,+45.5477107,-122.4173625,06,,G4020,Multnomah,Multnomah County,41,2022-07-28,43.46943190910155,1658966400000,"{""type"":""MultiPoint"",""coordinates"":[]}"
239_0000000000000000021e,1875846777,6127010,38900,H1,067,01155137,440,A,41067,+45.5535419,-123.0976146,06,,G4020,Washington,Washington County,41,2022-07-28,45.1628453508928,1658966400000,"{""type"":""MultiPoint"",""coordinates"":[]}"
240_0000000000000000021b,4845034547,31873103,38900,H1,005,01155127,440,A,41005,+45.1604934,-122.1951274,06,,G4020,Clackamas,Clackamas County,41,2022-07-29,44.39474349306048,1659052800000,"{""type"":""MultiPoint"",""coordinates"":[]}"
240_0000000000000000021c,1116558776,88222268,38900,H1,051,01135861,440,A,41051,+45.5477107,-122.4173625,06,,G4020,Multnomah,Multnomah County,41,2022-07-29,49.91172433095419,1659052800000,"{""type"":""MultiPoint"",""coordinates"":[]}"
240_0000000000000000021e,1875846777,6127010,38900,H1,067,01155137,440,A,41067,+45.5535419,-123.0976146,06,,G4020,Washington,Washington County,41,2022-07-29,51.64384833018135,1659052800000,"{""type"":""MultiPoint"",""coordinates"":[]}"
241_0000000000000000021b,4845034547,31873103,38900,H1,005,01155127,440,A,41005,+45.1604934,-122.1951274,06,,G4020,Clackamas,Clackamas County,41,2022-07-30,41.470298515090015,1659139200000,"{""type"":""MultiPoint"",""coordinates"":[]}"
241_0000000000000000021c,1116558776,88222268,38900,H1,051,01135861,440,A,41051,+45.5477107,-122.4173625,06,,G4020,Multnomah,Multnomah County,41,2022-07-30,45.75340064203864,1659139200000,"{""type"":""MultiPoint"",""coordinates"":[]}"
241_0000000000000000021e,1875846777,6127010,38900,H1,067,01155137,440,A,41067,+45.5535419,-123.0976146,06,,G4020,Washington,Washington County,41,2022-07-30,45.492379321441746,1659139200000,"{""type"":""MultiPoint"",""coordinates"":[]}"
242_0000000000000000021b,4845034547,31873103,38900,H1,005,01155127,440,A,41005,+45.1604934,-122.1951274,06,,G4020,Clackamas,Clackamas County,41,2022-07-31,35.70479768084607,1659225600000,"{""type"":""MultiPoint"",""coordinates"":[]}"
242_0000000000000000021c,1116558776,88222268,38900,H1,051,01135861,440,A,41051,+45.5477107,-122.4173625,06,,G4020,Multnomah,Multnomah County,41,2022-07-31,35.83102932906655,1659225600000,"{""type"":""MultiPoint"",""coordinates"":[]}"
242_0000000000000000021e,1875846777,6127010,38900,H1,067,01155137,440,A,41067,+45.5535419,-123.0976146,06,,G4020,Washington,Washington County,41,2022-07-31,33.48654256766059,1659225600000,"{""type"":""MultiPoint"",""coordinates"":[]}"
243_0000000000000000021b,4845034547,31873103,38900,H1,005,01155127,440,A,41005,+45.1604934,-122.1951274,06,,G4020,Clackamas,Clackamas County,41,2022-08-01,42.08026163163222,1659312000000,"{""type"":""MultiPoint"",""coordinates"":[]}"
243_0000000000000000021c,1116558776,88222268,38900,H1,051,01135861,440,A,41051,+45.5477107,-122.4173625,06,,G4020,Multnomah,Multnomah County,41,2022-08-01,43.84086605865759,1659312000000,"{""type"":""MultiPoint"",""coordinates"":[]}"
243_0000000000000000021e,1875846777,6127010,38900,H1,067,01155137,440,A,41067,+45.5535419,-123.0976146,06,,G4020,Washington,Washington County,41,2022-08-01,44.04592297327036,1659312000000,"{""type"":""MultiPoint"",""coordinates"":[]}"
244_0000000000000000021b,4845034547,31873103,38900,H1,005,01155127,440,A,41005,+45.1604934,-122.1951274,06,,G4020,Clackamas,Clackamas County,41,2022-08-02,52.8776165717783,1659398400000,"{""type"":""MultiPoint"",""coordinates"":[]}"
244_0000000000000000021c,1116558776,88222268,38900,H1,051,01135861,440,A,41051,+45.5477107,-122.4173625,06,,G4020,Multnomah,Multnomah County,41,2022-08-02,54.376678382800485,1659398400000,"{""type"":""MultiPoint"",""coordinates"":[]}"
244_0000000000000000021e,1875846777,6127010,38900,H1,067,01155137,440,A,41067,+45.5535419,-123.0976146,06,,G4020,Washington,Washington County,41,2022-08-02,54.30791703731996,1659398400000,"{""type"":""MultiPoint"",""coordinates"":[]}"
245_0000000000000000021b,4845034547,31873103,38900,H1,005,01155127,440,A,41005,+45.1604934,-122.1951274,06,,G4020,Clackamas,Clackamas County,41,2022-08-03,51.50986766220871,1659484800000,"{""type"":""MultiPoint"",""coordinates"":[]}"
245_0000000000000000021c,1116558776,88222268,38900,H1,051,01135861,440,A,41051,+45.5477107,-122.4173625,06,,G4020,Multnomah,Multnomah County,41,2022-08-03,50.38828259128694,1659484800000,"{""type"":""MultiPoint"",""coordinates"":[]}"
245_0000000000000000021e,1875846777,6127010,38900,H1,067,01155137,440,A,41067,+45.5535419,-123.0976146,06,,G4020,Washington,Washington County,41,2022-08-03,49.65841292164815,1659484800000,"{""type"":""MultiPoint"",""coordinates"":[]}"
246_0000000000000000021b,4845034547,31873103,38900,H1,005,01155127,440,A,41005,+45.1604934,-122.1951274,06,,G4020,Clackamas,Clackamas County,41,2022-08-04,56.608292652459376,1659571200000,"{""type"":""MultiPoint"",""coordinates"":[]}"
246_0000000000000000021c,1116558776,88222268,38900,H1,051,01135861,440,A,41051,+45.5477107,-122.4173625,06,,G4020,Multnomah,Multnomah County,41,2022-08-04,58.444987305674545,1659571200000,"{""type"":""MultiPoint"",""coordinates"":[]}"
246_0000000000000000021e,1875846777,6127010,38900,H1,067,01155137,440,A,41067,+45.5535419,-123.0976146,06,,G4020,Washington,Washington County,41,2022-08-04,60.52063321409143,1659571200000,"{""type"":""MultiPoint"",""coordinates"":[]}"
247_0000000000000000021b,4845034547,31873103,38900,H1,005,01155127,440,A,41005,+45.1604934,-122.1951274,06,,G4020,Clackamas,Clackamas County,41,2022-08-05,51.399144088758725,1659657600000,"{""type"":""MultiPoint"",""coordinates"":[]}"
247_0000000000000000021c,1116558776,88222268,38900,H1,051,01135861,440,A,41051,+45.5477107,-122.4173625,06,,G4020,Multnomah,Multnomah County,41,2022-08-05,53.09748423668836,1659657600000,"{""type"":""MultiPoint"",""coordinates"":[]}"
247_0000000000000000021e,1875846777,6127010,38900,H1,067,01155137,440,A,41067,+45.5535419,-123.0976146,06,,G4020,Washington,Washington County,41,2022-08-05,52.48901083269757,1659657600000,"{""type"":""MultiPoint"",""coordinates"":[]}"
248_0000000000000000021b,4845034547,31873103,38900,H1,005,01155127,440,A,41005,+45.1604934,-122.1951274,06,,G4020,Clackamas,Clackamas County,41,2022-08-06,41.81038661844609,1659744000000,"{""type"":""MultiPoint"",""coordinates"":[]}"
248_0000000000000000021c,1116558776,88222268,38900,H1,051,01135861,440,A,41051,+45.5477107,-122.4173625,06,,G4020,Multnomah,Multnomah County,41,2022-08-06,44.09912741804201,1659744000000,"{""type"":""MultiPoint"",""coordinates"":[]}"
248_0000000000000000021e,1875846777,6127010,38900,H1,067,01155137,440,A,41067,+45.5535419,-123.0976146,06,,G4020,Washington,Washington County,41,2022-08-06,47.95682067769039,1659744000000,"{""type"":""MultiPoint"",""coordinates"":[]}"
249_0000000000000000021b,4845034547,31873103,38900,H1,005,01155127,440,A,41005,+45.1604934,-122.1951274,06,,G4020,Clackamas,Clackamas County,41,2022-08-07,31.664637198267158,1659830400000,"{""type"":""MultiPoint"",""coordinates"":[]}"
249_0000000000000000021c,1116558776,88222268,38900,H1,051,01135861,440,A,41051,+45.5477107,-122.4173625,06,,G4020,Multnomah,Multnomah County,41,2022-08-07,36.18557110840643,1659830400000,"{""type"":""MultiPoint"",""coordinates"":[]}"
249_0000000000000000021e,1875846777,6127010,38900,H1,067,01155137,440,A,41067,+45.5535419,-123.0976146,06,,G4020,Washington,Washington County,41,2022-08-07,35.99491165346581,1659830400000,"{""type"":""MultiPoint"",""coordinates"":[]}"
250_0000000000000000021b,4845034547,31873103,38900,H1,005,01155127,440,A,41005,+45.1604934,-122.1951274,06,,G4020,Clackamas,Clackamas County,41,2022-08-08,35.393052466564335,1659916800000,"{""type"":""MultiPoint"",""coordinates"":[]}"
250_0000000000000000021c,1116558776,88222268,38900,H1,051,01135861,440,A,41051,+45.5477107,-122.4173625,06,,G4020,Multnomah,Multnomah County,41,2022-08-08,37.56915918175671,1659916800000,"{""type"":""MultiPoint"",""coordinates"":[]}"
250_0000000000000000021e,1875846777,6127010,38900,H1,067,01155137,440,A,41067,+45.5535419,-123.0976146,06,,G4020,Washington,Washington County,41,2022-08-08,40.99802067047658,1659916800000,"{""type"":""MultiPoint"",""coordinates"":[]}"
251_0000000000000000021b,4845034547,31873103,38900,H1,005,01155127,440,A,41005,+45.1604934,-122.1951274,06,,G4020,Clackamas,Clackamas County,41,2022-08-09,53.93136528328765,1660003200000,"{""type"":""MultiPoint"",""coordinates"":[]}"
251_0000000000000000021c,1116558776,88222268,38900,H1,051,01135861,440,A,41051,+45.5477107,-122.4173625,06,,G4020,Multnomah,Multnomah County,41,2022-08-09,54.74446735852751,1660003200000,"{""type"":""MultiPoint"",""coordinates"":[]}"
251_0000000000000000021e,1875846777,6127010,38900,H1,067,01155137,440,A,41067,+45.5535419,-123.0976146,06,,G4020,Washington,Washington County,41,2022-08-09,55.36090152162641,1660003200000,"{""type"":""MultiPoint"",""coordinates"":[]}"
252_0000000000000000021b,4845034547,31873103,38900,H1,005,01155127,440,A,41005,+45.1604934,-122.1951274,06,,G4020,Clackamas,Clackamas County,41,2022-08-10,64.19299257257444,1660089600000,"{""type"":""MultiPoint"",""coordinates"":[]}"
252_0000000000000000021c,1116558776,88222268,38900,H1,051,01135861,440,A,41051,+45.5477107,-122.4173625,06,,G4020,Multnomah,Multnomah County,41,2022-08-10,64.09587853194657,1660089600000,"{""type"":""MultiPoint"",""coordinates"":[]}"
252_0000000000000000021e,1875846777,6127010,38900,H1,067,01155137,440,A,41067,+45.5535419,-123.0976146,06,,G4020,Washington,Washington County,41,2022-08-10,65.96942653855689,1660089600000,"{""type"":""MultiPoint"",""coordinates"":[]}"
253_0000000000000000021b,4845034547,31873103,38900,H1,005,01155127,440,A,41005,+45.1604934,-122.1951274,06,,G4020,Clackamas,Clackamas County,41,2022-08-11,58.548590126792725,1660176000000,"{""type"":""MultiPoint"",""coordinates"":[]}"
253_0000000000000000021c,1116558776,88222268,38900,H1,051,01135861,440,A,41051,+45.5477107,-122.4173625,06,,G4020,Multnomah,Multnomah County,41,2022-08-11,59.811477547876876,1660176000000,"{""type"":""MultiPoint"",""coordinates"":[]}"
253_0000000000000000021e,1875846777,6127010,38900,H1,067,01155137,440,A,41067,+45.5535419,-123.0976146,06,,G4020,Washington,Washington County,41,2022-08-11,62.698886604548576,1660176000000,"{""type"":""MultiPoint"",""coordinates"":[]}"
254_0000000000000000021b,4845034547,31873103,38900,H1,005,01155127,440,A,41005,+45.1604934,-122.1951274,06,,G4020,Clackamas,Clackamas County,41,2022-08-12,60.66060113390667,1660262400000,"{""type"":""MultiPoint"",""coordinates"":[]}"
254_0000000000000000021c,1116558776,88222268,38900,H1,051,01135861,440,A,41051,+45.5477107,-122.4173625,06,,G4020,Multnomah,Multnomah County,41,2022-08-12,60.13321308293639,1660262400000,"{""type"":""MultiPoint"",""coordinates"":[]}"
254_0000000000000000021e,1875846777,6127010,38900,H1,067,01155137,440,A,41067,+45.5535419,-123.0976146,06,,G4020,Washington,Washington County,41,2022-08-12,64.36662371138084,1660262400000,"{""type"":""MultiPoint"",""coordinates"":[]}"
255_0000000000000000021b,4845034547,31873103,38900,H1,005,01155127,440,A,41005,+45.1604934,-122.1951274,06,,G4020,Clackamas,Clackamas County,41,2022-08-13,59.18224167365456,1660348800000,"{""type"":""MultiPoint"",""coordinates"":[]}"
255_0000000000000000021c,1116558776,88222268,38900,H1,051,01135861,440,A,41051,+45.5477107,-122.4173625,06,,G4020,Multnomah,Multnomah County,41,2022-08-13,58.389021715431404,1660348800000,"{""type"":""MultiPoint"",""coordinates"":[]}"
255_0000000000000000021e,1875846777,6127010,38900,H1,067,01155137,440,A,41067,+45.5535419,-123.0976146,06,,G4020,Washington,Washington County,41,2022-08-13,62.21582952854171,1660348800000,"{""type"":""MultiPoint"",""coordinates"":[]}"
256_0000000000000000021b,4845034547,31873103,38900,H1,005,01155127,440,A,41005,+45.1604934,-122.1951274,06,,G4020,Clackamas,Clackamas County,41,2022-08-14,55.911833889369525,1660435200000,"{""type"":""MultiPoint"",""coordinates"":[]}"
256_0000000000000000021c,1116558776,88222268,38900,H1,051,01135861,440,A,41051,+45.5477107,-122.4173625,06,,G4020,Multnomah,Multnomah County,41,2022-08-14,60.615600912216486,1660435200000,"{""type"":""MultiPoint"",""coordinates"":[]}"
256_0000000000000000021e,1875846777,6127010,38900,H1,067,01155137,440,A,41067,+45.5535419,-123.0976146,06,,G4020,Washington,Washington County,41,2022-08-14,62.46447760028219,1660435200000,"{""type"":""MultiPoint"",""coordinates"":[]}"
257_0000000000000000021b,4845034547,31873103,38900,H1,005,01155127,440,A,41005,+45.1604934,-122.1951274,06,,G4020,Clackamas,Clackamas County,41,2022-08-15,49.50990054725645,1660521600000,"{""type"":""MultiPoint"",""coordinates"":[]}"
257_0000000000000000021c,1116558776,88222268,38900,H1,051,01135861,440,A,41051,+45.5477107,-122.4173625,06,,G4020,Multnomah,Multnomah County,41,2022-08-15,55.183138782275165,1660521600000,"{""type"":""MultiPoint"",""coordinates"":[]}"
257_0000000000000000021e,1875846777,6127010,38900,H1,067,01155137,440,A,41067,+45.5535419,-123.0976146,06,,G4020,Washington,Washington County,41,2022-08-15,57.274666574081614,1660521600000,"{""type"":""MultiPoint"",""coordinates"":[]}"
258_0000000000000000021b,4845034547,31873103,38900,H1,005,01155127,440,A,41005,+45.1604934,-122.1951274,06,,G4020,Clackamas,Clackamas County,41,2022-08-16,49.84305527977375,1660608000000,"{""type"":""MultiPoint"",""coordinates"":[]}"
258_0000000000000000021c,1116558776,88222268,38900,H1,051,01135861,440,A,41051,+45.5477107,-122.4173625,06,,G4020,Multnomah,Multnomah County,41,2022-08-16,53.57380573838755,1660608000000,"{""type"":""MultiPoint"",""coordinates"":[]}"
258_0000000000000000021e,1875846777,6127010,38900,H1,067,01155137,440,A,41067,+45.5535419,-123.0976146,06,,G4020,Washington,Washington County,41,2022-08-16,55.049201949694165,1660608000000,"{""type"":""MultiPoint"",""coordinates"":[]}"
259_0000000000000000021b,4845034547,31873103,38900,H1,005,01155127,440,A,41005,+45.1604934,-122.1951274,06,,G4020,Clackamas,Clackamas County,41,2022-08-17,39.055544722679315,1660694400000,"{""type"":""MultiPoint"",""coordinates"":[]}"
259_0000000000000000021c,1116558776,88222268,38900,H1,051,01135861,440,A,41051,+45.5477107,-122.4173625,06,,G4020,Multnomah,Multnomah County,41,2022-08-17,42.62179796838751,1660694400000,"{""type"":""MultiPoint"",""coordinates"":[]}"
259_0000000000000000021e,1875846777,6127010,38900,H1,067,01155137,440,A,41067,+45.5535419,-123.0976146,06,,G4020,Washington,Washington County,41,2022-08-17,46.68497953538514,1660694400000,"{""type"":""MultiPoint"",""coordinates"":[]}"
260_0000000000000000021b,4845034547,31873103,38900,H1,005,01155127,440,A,41005,+45.1604934,-122.1951274,06,,G4020,Clackamas,Clackamas County,41,2022-08-18,38.26396420765409,1660780800000,"{""type"":""MultiPoint"",""coordinates"":[]}"
260_0000000000000000021c,1116558776,88222268,38900,H1,051,01135861,440,A,41051,+45.5477107,-122.4173625,06,,G4020,Multnomah,Multnomah County,41,2022-08-18,41.78258466524556,1660780800000,"{""type"":""MultiPoint"",""coordinates"":[]}"
260_0000000000000000021e,1875846777,6127010,38900,H1,067,01155137,440,A,41067,+45.5535419,-123.0976146,06,,G4020,Washington,Washington County,41,2022-08-18,48.706178404285374,1660780800000,"{""type"":""MultiPoint"",""coordinates"":[]}"
261_0000000000000000021b,4845034547,31873103,38900,H1,005,01155127,440,A,41005,+45.1604934,-122.1951274,06,,G4020,Clackamas,Clackamas County,41,2022-08-19,58.15903915697585,1660867200000,"{""type"":""MultiPoint"",""coordinates"":[]}"
261_0000000000000000021c,1116558776,88222268,38900,H1,051,01135861,440,A,41051,+45.5477107,-122.4173625,06,,G4020,Multnomah,Multnomah County,41,2022-08-19,57.924091133622575,1660867200000,"{""type"":""MultiPoint"",""coordinates"":[]}"
261_0000000000000000021e,1875846777,6127010,38900,H1,067,01155137,440,A,41067,+45.5535419,-123.0976146,06,,G4020,Washington,Washington County,41,2022-08-19,61.600781706479445,1660867200000,"{""type"":""MultiPoint"",""coordinates"":[]}"
262_0000000000000000021b,4845034547,31873103,38900,H1,005,01155127,440,A,41005,+45.1604934,-122.1951274,06,,G4020,Clackamas,Clackamas County,41,2022-08-20,65.42325945283791,1660953600000,"{""type"":""MultiPoint"",""coordinates"":[]}"
262_0000000000000000021c,1116558776,88222268,38900,H1,051,01135861,440,A,41051,+45.5477107,-122.4173625,06,,G4020,Multnomah,Multnomah County,41,2022-08-20,65.70705660488133,1660953600000,"{""type"":""MultiPoint"",""coordinates"":[]}"
262_0000000000000000021e,1875846777,6127010,38900,H1,067,01155137,440,A,41067,+45.5535419,-123.0976146,06,,G4020,Washington,Washington County,41,2022-08-20,66.15284181128362,1660953600000,"{""type"":""MultiPoint"",""coordinates"":[]}"
263_0000000000000000021b,4845034547,31873103,38900,H1,005,01155127,440,A,41005,+45.1604934,-122.1951274,06,,G4020,Clackamas,Clackamas County,41,2022-08-21,54.42569322830839,1661040000000,"{""type"":""MultiPoint"",""coordinates"":[]}"
263_0000000000000000021c,1116558776,88222268,38900,H1,051,01135861,440,A,41051,+45.5477107,-122.4173625,06,,G4020,Multnomah,Multnomah County,41,2022-08-21,58.857538257716996,1661040000000,"{""type"":""MultiPoint"",""coordinates"":[]}"
263_0000000000000000021e,1875846777,6127010,38900,H1,067,01155137,440,A,41067,+45.5535419,-123.0976146,06,,G4020,Washington,Washington County,41,2022-08-21,60.79939404697402,1661040000000,"{""type"":""MultiPoint"",""coordinates"":[]}"
264_0000000000000000021b,4845034547,31873103,38900,H1,005,01155127,440,A,41005,+45.1604934,-122.1951274,06,,G4020,Clackamas,Clackamas County,41,2022-08-22,51.92119597381801,1661126400000,"{""type"":""MultiPoint"",""coordinates"":[]}"
264_0000000000000000021c,1116558776,88222268,38900,H1,051,01135861,440,A,41051,+45.5477107,-122.4173625,06,,G4020,Multnomah,Multnomah County,41,2022-08-22,53.46565403119384,1661126400000,"{""type"":""MultiPoint"",""coordinates"":[]}"
264_0000000000000000021e,1875846777,6127010,38900,H1,067,01155137,440,A,41067,+45.5535419,-123.0976146,06,,G4020,Washington,Washington County,41,2022-08-22,56.15090804035754,1661126400000,"{""type"":""MultiPoint"",""coordinates"":[]}"
265_0000000000000000021b,4845034547,31873103,38900,H1,005,01155127,440,A,41005,+45.1604934,-122.1951274,06,,G4020,Clackamas,Clackamas County,41,2022-08-23,58.1061485024185,1661212800000,"{""type"":""MultiPoint"",""coordinates"":[]}"
265_0000000000000000021c,1116558776,88222268,38900,H1,051,01135861,440,A,41051,+45.5477107,-122.4173625,06,,G4020,Multnomah,Multnomah County,41,2022-08-23,58.648141710660994,1661212800000,"{""type"":""MultiPoint"",""coordinates"":[]}"
265_0000000000000000021e,1875846777,6127010,38900,H1,067,01155137,440,A,41067,+45.5535419,-123.0976146,06,,G4020,Washington,Washington County,41,2022-08-23,59.98705414987566,1661212800000,"{""type"":""MultiPoint"",""coordinates"":[]}"
266_0000000000000000021b,4845034547,31873103,38900,H1,005,01155127,440,A,41005,+45.1604934,-122.1951274,06,,G4020,Clackamas,Clackamas County,41,2022-08-24,56.422079263224354,1661299200000,"{""type"":""MultiPoint"",""coordinates"":[]}"
266_0000000000000000021c,1116558776,88222268,38900,H1,051,01135861,440,A,41051,+45.5477107,-122.4173625,06,,G4020,Multnomah,Multnomah County,41,2022-08-24,57.88527551717485,1661299200000,"{""type"":""MultiPoint"",""coordinates"":[]}"
266_0000000000000000021e,1875846777,6127010,38900,H1,067,01155137,440,A,41067,+45.5535419,-123.0976146,06,,G4020,Washington,Washington County,41,2022-08-24,60.7060399530778,1661299200000,"{""type"":""MultiPoint"",""coordinates"":[]}"
267_0000000000000000021b,4845034547,31873103,38900,H1,005,01155127,440,A,41005,+45.1604934,-122.1951274,06,,G4020,Clackamas,Clackamas County,41,2022-08-25,53.366222362738185,1661385600000,"{""type"":""MultiPoint"",""coordinates"":[]}"
267_0000000000000000021c,1116558776,88222268,38900,H1,051,01135861,440,A,41051,+45.5477107,-122.4173625,06,,G4020,Multnomah,Multnomah County,41,2022-08-25,54.92030979923007,1661385600000,"{""type"":""MultiPoint"",""coordinates"":[]}"
267_0000000000000000021e,1875846777,6127010,38900,H1,067,01155137,440,A,41067,+45.5535419,-123.0976146,06,,G4020,Washington,Washington County,41,2022-08-25,57.380918131257964,1661385600000,"{""type"":""MultiPoint"",""coordinates"":[]}"
268_0000000000000000021b,4845034547,31873103,38900,H1,005,01155127,440,A,41005,+45.1604934,-122.1951274,06,,G4020,Clackamas,Clackamas County,41,2022-08-26,59.796312494309994,1661472000000,"{""type"":""MultiPoint"",""coordinates"":[]}"
268_0000000000000000021c,1116558776,88222268,38900,H1,051,01135861,440,A,41051,+45.5477107,-122.4173625,06,,G4020,Multnomah,Multnomah County,41,2022-08-26,60.853585824937014,1661472000000,"{""type"":""MultiPoint"",""coordinates"":[]}"
268_0000000000000000021e,1875846777,6127010,38900,H1,067,01155137,440,A,41067,+45.5535419,-123.0976146,06,,G4020,Washington,Washington County,41,2022-08-26,64.01823939806654,1661472000000,"{""type"":""MultiPoint"",""coordinates"":[]}"
269_0000000000000000021b,4845034547,31873103,38900,H1,005,01155127,440,A,41005,+45.1604934,-122.1951274,06,,G4020,Clackamas,Clackamas County,41,2022-08-27,67.23449137747491,1661558400000,"{""type"":""MultiPoint"",""coordinates"":[]}"
269_0000000000000000021c,1116558776,88222268,38900,H1,051,01135861,440,A,41051,+45.5477107,-122.4173625,06,,G4020,Multnomah,Multnomah County,41,2022-08-27,67.72050201870306,1661558400000,"{""type"":""MultiPoint"",""coordinates"":[]}"
269_0000000000000000021e,1875846777,6127010,38900,H1,067,01155137,440,A,41067,+45.5535419,-123.0976146,06,,G4020,Washington,Washington County,41,2022-08-27,67.611545072429,1661558400000,"{""type"":""MultiPoint"",""coordinates"":[]}"
270_0000000000000000021b,4845034547,31873103,38900,H1,005,01155127,440,A,41005,+45.1604934,-122.1951274,06,,G4020,Clackamas,Clackamas County,41,2022-08-28,60.36027418963839,1661644800000,"{""type"":""MultiPoint"",""coordinates"":[]}"
270_0000000000000000021c,1116558776,88222268,38900,H1,051,01135861,440,A,41051,+45.5477107,-122.4173625,06,,G4020,Multnomah,Multnomah County,41,2022-08-28,62.393659904854296,1661644800000,"{""type"":""MultiPoint"",""coordinates"":[]}"
270_0000000000000000021e,1875846777,6127010,38900,H1,067,01155137,440,A,41067,+45.5535419,-123.0976146,06,,G4020,Washington,Washington County,41,2022-08-28,64.1686628162701,1661644800000,"{""type"":""MultiPoint"",""coordinates"":[]}"
271_0000000000000000021b,4845034547,31873103,38900,H1,005,01155127,440,A,41005,+45.1604934,-122.1951274,06,,G4020,Clackamas,Clackamas County,41,2022-08-29,47.20190294970465,1661731200000,"{""type"":""MultiPoint"",""coordinates"":[]}"
271_0000000000000000021c,1116558776,88222268,38900,H1,051,01135861,440,A,41051,+45.5477107,-122.4173625,06,,G4020,Multnomah,Multnomah County,41,2022-08-29,49.174531889057256,1661731200000,"{""type"":""MultiPoint"",""coordinates"":[]}"
271_0000000000000000021e,1875846777,6127010,38900,H1,067,01155137,440,A,41067,+45.5535419,-123.0976146,06,,G4020,Washington,Washington County,41,2022-08-29,53.300416852097655,1661731200000,"{""type"":""MultiPoint"",""coordinates"":[]}"
272_0000000000000000021b,4845034547,31873103,38900,H1,005,01155127,440,A,41005,+45.1604934,-122.1951274,06,,G4020,Clackamas,Clackamas County,41,2022-08-30,36.0604902354633,1661817600000,"{""type"":""MultiPoint"",""coordinates"":[]}"
272_0000000000000000021c,1116558776,88222268,38900,H1,051,01135861,440,A,41051,+45.5477107,-122.4173625,06,,G4020,Multnomah,Multnomah County,41,2022-08-30,38.26460679181659,1661817600000,"{""type"":""MultiPoint"",""coordinates"":[]}"
272_0000000000000000021e,1875846777,6127010,38900,H1,067,01155137,440,A,41067,+45.5535419,-123.0976146,06,,G4020,Washington,Washington County,41,2022-08-30,41.8042168417347,1661817600000,"{""type"":""MultiPoint"",""coordinates"":[]}"
273_0000000000000000021b,4845034547,31873103,38900,H1,005,01155127,440,A,41005,+45.1604934,-122.1951274,06,,G4020,Clackamas,Clackamas County,41,2022-08-31,44.39787820528309,1661904000000,"{""type"":""MultiPoint"",""coordinates"":[]}"
273_0000000000000000021c,1116558776,88222268,38900,H1,051,01135861,440,A,41051,+45.5477107,-122.4173625,06,,G4020,Multnomah,Multnomah County,41,2022-08-31,45.304235867161566,1661904000000,"{""type"":""MultiPoint"",""coordinates"":[]}"
273_0000000000000000021e,1875846777,6127010,38900,H1,067,01155137,440,A,41067,+45.5535419,-123.0976146,06,,G4020,Washington,Washington County,41,2022-08-31,52.861801089639286,1661904000000,"{""type"":""MultiPoint"",""coordinates"":[]}"
274_0000000000000000021b,4845034547,31873103,38900,H1,005,01155127,440,A,41005,+45.1604934,-122.1951274,06,,G4020,Clackamas,Clackamas County,41,2022-09-01,40.51848146552221,1661990400000,"{""type"":""MultiPoint"",""coordinates"":[]}"
274_0000000000000000021c,1116558776,88222268,38900,H1,051,01135861,440,A,41051,+45.5477107,-122.4173625,06,,G4020,Multnomah,Multnomah County,41,2022-09-01,45.74608276248685,1661990400000,"{""type"":""MultiPoint"",""coordinates"":[]}"
274_0000000000000000021e,1875846777,6127010,38900,H1,067,01155137,440,A,41067,+45.5535419,-123.0976146,06,,G4020,Washington,Washington County,41,2022-09-01,48.50069267385552,1661990400000,"{""type"":""MultiPoint"",""coordinates"":[]}"
275_0000000000000000021b,4845034547,31873103,38900,H1,005,01155127,440,A,41005,+45.1604934,-122.1951274,06,,G4020,Clackamas,Clackamas County,41,2022-09-02,38.36319390392639,1662076800000,"{""type"":""MultiPoint"",""coordinates"":[]}"
275_0000000000000000021c,1116558776,88222268,38900,H1,051,01135861,440,A,41051,+45.5477107,-122.4173625,06,,G4020,Multnomah,Multnomah County,41,2022-09-02,43.36859721051199,1662076800000,"{""type"":""MultiPoint"",""coordinates"":[]}"
275_0000000000000000021e,1875846777,6127010,38900,H1,067,01155137,440,A,41067,+45.5535419,-123.0976146,06,,G4020,Washington,Washington County,41,2022-09-02,47.868161610866395,1662076800000,"{""type"":""MultiPoint"",""coordinates"":[]}"
276_0000000000000000021b,4845034547,31873103,38900,H1,005,01155127,440,A,41005,+45.1604934,-122.1951274,06,,G4020,Clackamas,Clackamas County,41,2022-09-03,58.10860822253026,1662163200000,"{""type"":""MultiPoint"",""coordinates"":[]}"
276_0000000000000000021c,1116558776,88222268,38900,H1,051,01135861,440,A,41051,+45.5477107,-122.4173625,06,,G4020,Multnomah,Multnomah County,41,2022-09-03,59.252894684807046,1662163200000,"{""type"":""MultiPoint"",""coordinates"":[]}"
276_0000000000000000021e,1875846777,6127010,38900,H1,067,01155137,440,A,41067,+45.5535419,-123.0976146,06,,G4020,Washington,Washington County,41,2022-09-03,61.588752393598824,1662163200000,"{""type"":""MultiPoint"",""coordinates"":[]}"
277_0000000000000000021b,4845034547,31873103,38900,H1,005,01155127,440,A,41005,+45.1604934,-122.1951274,06,,G4020,Clackamas,Clackamas County,41,2022-09-04,60.304999927763475,1662249600000,"{""type"":""MultiPoint"",""coordinates"":[]}"
277_0000000000000000021c,1116558776,88222268,38900,H1,051,01135861,440,A,41051,+45.5477107,-122.4173625,06,,G4020,Multnomah,Multnomah County,41,2022-09-04,62.81454523440421,1662249600000,"{""type"":""MultiPoint"",""coordinates"":[]}"
277_0000000000000000021e,1875846777,6127010,38900,H1,067,01155137,440,A,41067,+45.5535419,-123.0976146,06,,G4020,Washington,Washington County,41,2022-09-04,64.35510086502822,1662249600000,"{""type"":""MultiPoint"",""coordinates"":[]}"
278_0000000000000000021b,4845034547,31873103,38900,H1,005,01155127,440,A,41005,+45.1604934,-122.1951274,06,,G4020,Clackamas,Clackamas County,41,2022-09-05,57.652851007983756,1662336000000,"{""type"":""MultiPoint"",""coordinates"":[]}"
278_0000000000000000021c,1116558776,88222268,38900,H1,051,01135861,440,A,41051,+45.5477107,-122.4173625,06,,G4020,Multnomah,Multnomah County,41,2022-09-05,59.45732424186475,1662336000000,"{""type"":""MultiPoint"",""coordinates"":[]}"
278_0000000000000000021e,1875846777,6127010,38900,H1,067,01155137,440,A,41067,+45.5535419,-123.0976146,06,,G4020,Washington,Washington County,41,2022-09-05,63.26545654432001,1662336000000,"{""type"":""MultiPoint"",""coordinates"":[]}"
279_0000000000000000021b,4845034547,31873103,38900,H1,005,01155127,440,A,41005,+45.1604934,-122.1951274,06,,G4020,Clackamas,Clackamas County,41,2022-09-06,38.884486501419474,1662422400000,"{""type"":""MultiPoint"",""coordinates"":[]}"
279_0000000000000000021c,1116558776,88222268,38900,H1,051,01135861,440,A,41051,+45.5477107,-122.4173625,06,,G4020,Multnomah,Multnomah County,41,2022-09-06,44.12036016714182,1662422400000,"{""type"":""MultiPoint"",""coordinates"":[]}"
279_0000000000000000021e,1875846777,6127010,38900,H1,067,01155137,440,A,41067,+45.5535419,-123.0976146,06,,G4020,Washington,Washington County,41,2022-09-06,43.52429269970477,1662422400000,"{""type"":""MultiPoint"",""coordinates"":[]}"
280_0000000000000000021b,4845034547,31873103,38900,H1,005,01155127,440,A,41005,+45.1604934,-122.1951274,06,,G4020,Clackamas,Clackamas County,41,2022-09-07,42.842497097321136,1662508800000,"{""type"":""MultiPoint"",""coordinates"":[]}"
280_0000000000000000021c,1116558776,88222268,38900,H1,051,01135861,440,A,41051,+45.5477107,-122.4173625,06,,G4020,Multnomah,Multnomah County,41,2022-09-07,45.696910872721304,1662508800000,"{""type"":""MultiPoint"",""coordinates"":[]}"
280_0000000000000000021e,1875846777,6127010,38900,H1,067,01155137,440,A,41067,+45.5535419,-123.0976146,06,,G4020,Washington,Washington County,41,2022-09-07,46.300247299076936,1662508800000,"{""type"":""MultiPoint"",""coordinates"":[]}"
281_0000000000000000021b,4845034547,31873103,38900,H1,005,01155127,440,A,41005,+45.1604934,-122.1951274,06,,G4020,Clackamas,Clackamas County,41,2022-09-08,46.5429314282627,1662595200000,"{""type"":""MultiPoint"",""coordinates"":[]}"
281_0000000000000000021c,1116558776,88222268,38900,H1,051,01135861,440,A,41051,+45.5477107,-122.4173625,06,,G4020,Multnomah,Multnomah County,41,2022-09-08,49.74882807780723,1662595200000,"{""type"":""MultiPoint"",""coordinates"":[]}"
281_0000000000000000021e,1875846777,6127010,38900,H1,067,01155137,440,A,41067,+45.5535419,-123.0976146,06,,G4020,Washington,Washington County,41,2022-09-08,50.03501274673828,1662595200000,"{""type"":""MultiPoint"",""coordinates"":[]}"
282_0000000000000000021b,4845034547,31873103,38900,H1,005,01155127,440,A,41005,+45.1604934,-122.1951274,06,,G4020,Clackamas,Clackamas County,41,2022-09-09,29.644826863983003,1662681600000,"{""type"":""MultiPoint"",""coordinates"":[]}"
282_0000000000000000021c,1116558776,88222268,38900,H1,051,01135861,440,A,41051,+45.5477107,-122.4173625,06,,G4020,Multnomah,Multnomah County,41,2022-09-09,35.55639589798874,1662681600000,"{""type"":""MultiPoint"",""coordinates"":[]}"
282_0000000000000000021e,1875846777,6127010,38900,H1,067,01155137,440,A,41067,+45.5535419,-123.0976146,06,,G4020,Washington,Washington County,41,2022-09-09,36.20860207355536,1662681600000,"{""type"":""MultiPoint"",""coordinates"":[]}"
283_0000000000000000021b,4845034547,31873103,38900,H1,005,01155127,440,A,41005,+45.1604934,-122.1951274,06,,G4020,Clackamas,Clackamas County,41,2022-09-10,17.679284589053175,1662768000000,"{""type"":""MultiPoint"",""coordinates"":[]}"
283_0000000000000000021c,1116558776,88222268,38900,H1,051,01135861,440,A,41051,+45.5477107,-122.4173625,06,,G4020,Multnomah,Multnomah County,41,2022-09-10,18.364051240680855,1662768000000,"{""type"":""MultiPoint"",""coordinates"":[]}"
283_0000000000000000021e,1875846777,6127010,38900,H1,067,01155137,440,A,41067,+45.5535419,-123.0976146,06,,G4020,Washington,Washington County,41,2022-09-10,18.701388311468573,1662768000000,"{""type"":""MultiPoint"",""coordinates"":[]}"
284_0000000000000000021b,4845034547,31873103,38900,H1,005,01155127,440,A,41005,+45.1604934,-122.1951274,06,,G4020,Clackamas,Clackamas County,41,2022-09-11,30.55960372502344,1662854400000,"{""type"":""MultiPoint"",""coordinates"":[]}"
284_0000000000000000021c,1116558776,88222268,38900,H1,051,01135861,440,A,41051,+45.5477107,-122.4173625,06,,G4020,Multnomah,Multnomah County,41,2022-09-11,32.446695929891455,1662854400000,"{""type"":""MultiPoint"",""coordinates"":[]}"
284_0000000000000000021e,1875846777,6127010,38900,H1,067,01155137,440,A,41067,+45.5535419,-123.0976146,06,,G4020,Washington,Washington County,41,2022-09-11,37.358957686136804,1662854400000,"{""type"":""MultiPoint"",""coordinates"":[]}"
285_0000000000000000021b,4845034547,31873103,38900,H1,005,01155127,440,A,41005,+45.1604934,-122.1951274,06,,G4020,Clackamas,Clackamas County,41,2022-09-12,56.360771221915144,1662940800000,"{""type"":""MultiPoint"",""coordinates"":[]}"
285_0000000000000000021c,1116558776,88222268,38900,H1,051,01135861,440,A,41051,+45.5477107,-122.4173625,06,,G4020,Multnomah,Multnomah County,41,2022-09-12,55.35735959365971,1662940800000,"{""type"":""MultiPoint"",""coordinates"":[]}"
285_0000000000000000021e,1875846777,6127010,38900,H1,067,01155137,440,A,41067,+45.5535419,-123.0976146,06,,G4020,Washington,Washington County,41,2022-09-12,56.738160285020726,1662940800000,"{""type"":""MultiPoint"",""coordinates"":[]}"
286_0000000000000000021b,4845034547,31873103,38900,H1,005,01155127,440,A,41005,+45.1604934,-122.1951274,06,,G4020,Clackamas,Clackamas County,41,2022-09-13,67.02594972250091,1663027200000,"{""type"":""MultiPoint"",""coordinates"":[]}"
286_0000000000000000021c,1116558776,88222268,38900,H1,051,01135861,440,A,41051,+45.5477107,-122.4173625,06,,G4020,Multnomah,Multnomah County,41,2022-09-13,65.20484189805389,1663027200000,"{""type"":""MultiPoint"",""coordinates"":[]}"
286_0000000000000000021e,1875846777,6127010,38900,H1,067,01155137,440,A,41067,+45.5535419,-123.0976146,06,,G4020,Washington,Washington County,41,2022-09-13,64.26761698916782,1663027200000,"{""type"":""MultiPoint"",""coordinates"":[]}"
287_0000000000000000021b,4845034547,31873103,38900,H1,005,01155127,440,A,41005,+45.1604934,-122.1951274,06,,G4020,Clackamas,Clackamas County,41,2022-09-14,64.50744936214979,1663113600000,"{""type"":""MultiPoint"",""coordinates"":[]}"
287_0000000000000000021c,1116558776,88222268,38900,H1,051,01135861,440,A,41051,+45.5477107,-122.4173625,06,,G4020,Multnomah,Multnomah County,41,2022-09-14,65.36972577458975,1663113600000,"{""type"":""MultiPoint"",""coordinates"":[]}"
287_0000000000000000021e,1875846777,6127010,38900,H1,067,01155137,440,A,41067,+45.5535419,-123.0976146,06,,G4020,Washington,Washington County,41,2022-09-14,67.18964410947663,1663113600000,"{""type"":""MultiPoint"",""coordinates"":[]}"
288_0000000000000000021b,4845034547,31873103,38900,H1,005,01155127,440,A,41005,+45.1604934,-122.1951274,06,,G4020,Clackamas,Clackamas County,41,2022-09-15,68.16151367656911,1663200000000,"{""type"":""MultiPoint"",""coordinates"":[]}"
288_0000000000000000021c,1116558776,88222268,38900,H1,051,01135861,440,A,41051,+45.5477107,-122.4173625,06,,G4020,Multnomah,Multnomah County,41,2022-09-15,67.69887459547093,1663200000000,"{""type"":""MultiPoint"",""coordinates"":[]}"
288_0000000000000000021e,1875846777,6127010,38900,H1,067,01155137,440,A,41067,+45.5535419,-123.0976146,06,,G4020,Washington,Washington County,41,2022-09-15,66.58492045464988,1663200000000,"{""type"":""MultiPoint"",""coordinates"":[]}"
289_0000000000000000021b,4845034547,31873103,38900,H1,005,01155127,440,A,41005,+45.1604934,-122.1951274,06,,G4020,Clackamas,Clackamas County,41,2022-09-16,68.13267045745249,1663286400000,"{""type"":""MultiPoint"",""coordinates"":[]}"
289_0000000000000000021c,1116558776,88222268,38900,H1,051,01135861,440,A,41051,+45.5477107,-122.4173625,06,,G4020,Multnomah,Multnomah County,41,2022-09-16,67.01288134455817,1663286400000,"{""type"":""MultiPoint"",""coordinates"":[]}"
289_0000000000000000021e,1875846777,6127010,38900,H1,067,01155137,440,A,41067,+45.5535419,-123.0976146,06,,G4020,Washington,Washington County,41,2022-09-16,67.75435809493283,1663286400000,"{""type"":""MultiPoint"",""coordinates"":[]}"
290_0000000000000000021b,4845034547,31873103,38900,H1,005,01155127,440,A,41005,+45.1604934,-122.1951274,06,,G4020,Clackamas,Clackamas County,41,2022-09-17,68.23802577915934,1663372800000,"{""type"":""MultiPoint"",""coordinates"":[]}"
290_0000000000000000021c,1116558776,88222268,38900,H1,051,01135861,440,A,41051,+45.5477107,-122.4173625,06,,G4020,Multnomah,Multnomah County,41,2022-09-17,68.33335555052928,1663372800000,"{""type"":""MultiPoint"",""coordinates"":[]}"
290_0000000000000000021e,1875846777,6127010,38900,H1,067,01155137,440,A,41067,+45.5535419,-123.0976146,06,,G4020,Washington,Washington County,41,2022-09-17,68.78179144545831,1663372800000,"{""type"":""MultiPoint"",""coordinates"":[]}"
291_0000000000000000021b,4845034547,31873103,38900,H1,005,01155127,440,A,41005,+45.1604934,-122.1951274,06,,G4020,Clackamas,Clackamas County,41,2022-09-18,63.413502987320825,1663459200000,"{""type"":""MultiPoint"",""coordinates"":[]}"
291_0000000000000000021c,1116558776,88222268,38900,H1,051,01135861,440,A,41051,+45.5477107,-122.4173625,06,,G4020,Multnomah,Multnomah County,41,2022-09-18,56.89353745061309,1663459200000,"{""type"":""MultiPoint"",""coordinates"":[]}"
291_0000000000000000021e,1875846777,6127010,38900,H1,067,01155137,440,A,41067,+45.5535419,-123.0976146,06,,G4020,Washington,Washington County,41,2022-09-18,55.50362676617261,1663459200000,"{""type"":""MultiPoint"",""coordinates"":[]}"
292_0000000000000000021b,4845034547,31873103,38900,H1,005,01155127,440,A,41005,+45.1604934,-122.1951274,06,,G4020,Clackamas,Clackamas County,41,2022-09-19,55.563742753241605,1663545600000,"{""type"":""MultiPoint"",""coordinates"":[]}"
292_0000000000000000021c,1116558776,88222268,38900,H1,051,01135861,440,A,41051,+45.5477107,-122.4173625,06,,G4020,Multnomah,Multnomah County,41,2022-09-19,55.90247621715107,1663545600000,"{""type"":""MultiPoint"",""coordinates"":[]}"
292_0000000000000000021e,1875846777,6127010,38900,H1,067,01155137,440,A,41067,+45.5535419,-123.0976146,06,,G4020,Washington,Washington County,41,2022-09-19,53.63730828040128,1663545600000,"{""type"":""MultiPoint"",""coordinates"":[]}"
293_0000000000000000021b,4845034547,31873103,38900,H1,005,01155127,440,A,41005,+45.1604934,-122.1951274,06,,G4020,Clackamas,Clackamas County,41,2022-09-20,51.285971069446276,1663632000000,"{""type"":""MultiPoint"",""coordinates"":[]}"
293_0000000000000000021c,1116558776,88222268,38900,H1,051,01135861,440,A,41051,+45.5477107,-122.4173625,06,,G4020,Multnomah,Multnomah County,41,2022-09-20,47.73378522178179,1663632000000,"{""type"":""MultiPoint"",""coordinates"":[]}"
293_0000000000000000021e,1875846777,6127010,38900,H1,067,01155137,440,A,41067,+45.5535419,-123.0976146,06,,G4020,Washington,Washington County,41,2022-09-20,46.435140313974514,1663632000000,"{""type"":""MultiPoint"",""coordinates"":[]}"
294_0000000000000000021b,4845034547,31873103,38900,H1,005,01155127,440,A,41005,+45.1604934,-122.1951274,06,,G4020,Clackamas,Clackamas County,41,2022-09-21,50.3234585077368,1663718400000,"{""type"":""MultiPoint"",""coordinates"":[]}"
294_0000000000000000021c,1116558776,88222268,38900,H1,051,01135861,440,A,41051,+45.5477107,-122.4173625,06,,G4020,Multnomah,Multnomah County,41,2022-09-21,47.83489483763291,1663718400000,"{""type"":""MultiPoint"",""coordinates"":[]}"
294_0000000000000000021e,1875846777,6127010,38900,H1,067,01155137,440,A,41067,+45.5535419,-123.0976146,06,,G4020,Washington,Washington County,41,2022-09-21,50.33892798194171,1663718400000,"{""type"":""MultiPoint"",""coordinates"":[]}"
295_0000000000000000021b,4845034547,31873103,38900,H1,005,01155127,440,A,41005,+45.1604934,-122.1951274,06,,G4020,Clackamas,Clackamas County,41,2022-09-22,74.3610979118706,1663804800000,"{""type"":""MultiPoint"",""coordinates"":[]}"
295_0000000000000000021c,1116558776,88222268,38900,H1,051,01135861,440,A,41051,+45.5477107,-122.4173625,06,,G4020,Multnomah,Multnomah County,41,2022-09-22,70.76914599342228,1663804800000,"{""type"":""MultiPoint"",""coordinates"":[]}"
295_0000000000000000021e,1875846777,6127010,38900,H1,067,01155137,440,A,41067,+45.5535419,-123.0976146,06,,G4020,Washington,Washington County,41,2022-09-22,68.27649841836232,1663804800000,"{""type"":""MultiPoint"",""coordinates"":[]}"
296_0000000000000000021b,4845034547,31873103,38900,H1,005,01155127,440,A,41005,+45.1604934,-122.1951274,06,,G4020,Clackamas,Clackamas County,41,2022-09-23,66.1883368859636,1663891200000,"{""type"":""MultiPoint"",""coordinates"":[]}"
296_0000000000000000021c,1116558776,88222268,38900,H1,051,01135861,440,A,41051,+45.5477107,-122.4173625,06,,G4020,Multnomah,Multnomah County,41,2022-09-23,66.59292508431601,1663891200000,"{""type"":""MultiPoint"",""coordinates"":[]}"
296_0000000000000000021e,1875846777,6127010,38900,H1,067,01155137,440,A,41067,+45.5535419,-123.0976146,06,,G4020,Washington,Washington County,41,2022-09-23,66.32284251178204,1663891200000,"{""type"":""MultiPoint"",""coordinates"":[]}"
297_0000000000000000021b,4845034547,31873103,38900,H1,005,01155127,440,A,41005,+45.1604934,-122.1951274,06,,G4020,Clackamas,Clackamas County,41,2022-09-24,57.255641658908466,1663977600000,"{""type"":""MultiPoint"",""coordinates"":[]}"
297_0000000000000000021c,1116558776,88222268,38900,H1,051,01135861,440,A,41051,+45.5477107,-122.4173625,06,,G4020,Multnomah,Multnomah County,41,2022-09-24,60.26897045061889,1663977600000,"{""type"":""MultiPoint"",""coordinates"":[]}"
297_0000000000000000021e,1875846777,6127010,38900,H1,067,01155137,440,A,41067,+45.5535419,-123.0976146,06,,G4020,Washington,Washington County,41,2022-09-24,63.76049311407425,1663977600000,"{""type"":""MultiPoint"",""coordinates"":[]}"
298_0000000000000000021b,4845034547,31873103,38900,H1,005,01155127,440,A,41005,+45.1604934,-122.1951274,06,,G4020,Clackamas,Clackamas County,41,2022-09-25,50.24812377113459,1664064000000,"{""type"":""MultiPoint"",""coordinates"":[]}"
298_0000000000000000021c,1116558776,88222268,38900,H1,051,01135861,440,A,41051,+45.5477107,-122.4173625,06,,G4020,Multnomah,Multnomah County,41,2022-09-25,52.774160542350856,1664064000000,"{""type"":""MultiPoint"",""coordinates"":[]}"
298_0000000000000000021e,1875846777,6127010,38900,H1,067,01155137,440,A,41067,+45.5535419,-123.0976146,06,,G4020,Washington,Washington County,41,2022-09-25,56.5069814457916,1664064000000,"{""type"":""MultiPoint"",""coordinates"":[]}"
299_0000000000000000021b,4845034547,31873103,38900,H1,005,01155127,440,A,41005,+45.1604934,-122.1951274,06,,G4020,Clackamas,Clackamas County,41,2022-09-26,44.02009976606194,1664150400000,"{""type"":""MultiPoint"",""coordinates"":[]}"
299_0000000000000000021c,1116558776,88222268,38900,H1,051,01135861,440,A,41051,+45.5477107,-122.4173625,06,,G4020,Multnomah,Multnomah County,41,2022-09-26,43.91757615859762,1664150400000,"{""type"":""MultiPoint"",""coordinates"":[]}"
299_0000000000000000021e,1875846777,6127010,38900,H1,067,01155137,440,A,41067,+45.5535419,-123.0976146,06,,G4020,Washington,Washington County,41,2022-09-26,50.325913548983316,1664150400000,"{""type"":""MultiPoint"",""coordinates"":[]}"
300_0000000000000000021b,4845034547,31873103,38900,H1,005,01155127,440,A,41005,+45.1604934,-122.1951274,06,,G4020,Clackamas,Clackamas County,41,2022-09-27,54.46027058654591,1664236800000,"{""type"":""MultiPoint"",""coordinates"":[]}"
300_0000000000000000021c,1116558776,88222268,38900,H1,051,01135861,440,A,41051,+45.5477107,-122.4173625,06,,G4020,Multnomah,Multnomah County,41,2022-09-27,56.2704408323066,1664236800000,"{""type"":""MultiPoint"",""coordinates"":[]}"
300_0000000000000000021e,1875846777,6127010,38900,H1,067,01155137,440,A,41067,+45.5535419,-123.0976146,06,,G4020,Washington,Washington County,41,2022-09-27,61.99915984376364,1664236800000,"{""type"":""MultiPoint"",""coordinates"":[]}"
301_0000000000000000021b,4845034547,31873103,38900,H1,005,01155127,440,A,41005,+45.1604934,-122.1951274,06,,G4020,Clackamas,Clackamas County,41,2022-09-28,73.63039714692796,1664323200000,"{""type"":""MultiPoint"",""coordinates"":[]}"
301_0000000000000000021c,1116558776,88222268,38900,H1,051,01135861,440,A,41051,+45.5477107,-122.4173625,06,,G4020,Multnomah,Multnomah County,41,2022-09-28,70.92684630976021,1664323200000,"{""type"":""MultiPoint"",""coordinates"":[]}"
301_0000000000000000021e,1875846777,6127010,38900,H1,067,01155137,440,A,41067,+45.5535419,-123.0976146,06,,G4020,Washington,Washington County,41,2022-09-28,70.2559188936375,1664323200000,"{""type"":""MultiPoint"",""coordinates"":[]}"
302_0000000000000000021b,4845034547,31873103,38900,H1,005,01155127,440,A,41005,+45.1604934,-122.1951274,06,,G4020,Clackamas,Clackamas County,41,2022-09-29,87.2317654325353,1664409600000,"{""type"":""MultiPoint"",""coordinates"":[]}"
302_0000000000000000021c,1116558776,88222268,38900,H1,051,01135861,440,A,41051,+45.5477107,-122.4173625,06,,G4020,Multnomah,Multnomah County,41,2022-09-29,86.64773654119256,1664409600000,"{""type"":""MultiPoint"",""coordinates"":[]}"
302_0000000000000000021e,1875846777,6127010,38900,H1,067,01155137,440,A,41067,+45.5535419,-123.0976146,06,,G4020,Washington,Washington County,41,2022-09-29,86.19641695468027,1664409600000,"{""type"":""MultiPoint"",""coordinates"":[]}"
303_0000000000000000021b,4845034547,31873103,38900,H1,005,01155127,440,A,41005,+45.1604934,-122.1951274,06,,G4020,Clackamas,Clackamas County,41,2022-09-30,80.01848413379577,1664496000000,"{""type"":""MultiPoint"",""coordinates"":[]}"
303_0000000000000000021c,1116558776,88222268,38900,H1,051,01135861,440,A,41051,+45.5477107,-122.4173625,06,,G4020,Multnomah,Multnomah County,41,2022-09-30,77.32430052383548,1664496000000,"{""type"":""MultiPoint"",""coordinates"":[]}"
303_0000000000000000021e,1875846777,6127010,38900,H1,067,01155137,440,A,41067,+45.5535419,-123.0976146,06,,G4020,Washington,Washington County,41,2022-09-30,75.42254658178791,1664496000000,"{""type"":""MultiPoint"",""coordinates"":[]}"
304_0000000000000000021b,4845034547,31873103,38900,H1,005,01155127,440,A,41005,+45.1604934,-122.1951274,06,,G4020,Clackamas,Clackamas County,41,2022-10-01,61.12438202244738,1664582400000,"{""type"":""MultiPoint"",""coordinates"":[]}"
304_0000000000000000021c,1116558776,88222268,38900,H1,051,01135861,440,A,41051,+45.5477107,-122.4173625,06,,G4020,Multnomah,Multnomah County,41,2022-10-01,61.74018291006772,1664582400000,"{""type"":""MultiPoint"",""coordinates"":[]}"
304_0000000000000000021e,1875846777,6127010,38900,H1,067,01155137,440,A,41067,+45.5535419,-123.0976146,06,,G4020,Washington,Washington County,41,2022-10-01,63.20481266841992,1664582400000,"{""type"":""MultiPoint"",""coordinates"":[]}"
305_0000000000000000021b,4845034547,31873103,38900,H1,005,01155127,440,A,41005,+45.1604934,-122.1951274,06,,G4020,Clackamas,Clackamas County,41,2022-10-02,57.80644495688778,1664668800000,"{""type"":""MultiPoint"",""coordinates"":[]}"
305_0000000000000000021c,1116558776,88222268,38900,H1,051,01135861,440,A,41051,+45.5477107,-122.4173625,06,,G4020,Multnomah,Multnomah County,41,2022-10-02,57.5674511997676,1664668800000,"{""type"":""MultiPoint"",""coordinates"":[]}"
305_0000000000000000021e,1875846777,6127010,38900,H1,067,01155137,440,A,41067,+45.5535419,-123.0976146,06,,G4020,Washington,Washington County,41,2022-10-02,57.45905792846967,1664668800000,"{""type"":""MultiPoint"",""coordinates"":[]}"
306_0000000000000000021b,4845034547,31873103,38900,H1,005,01155127,440,A,41005,+45.1604934,-122.1951274,06,,G4020,Clackamas,Clackamas County,41,2022-10-03,59.986035880292555,1664755200000,"{""type"":""MultiPoint"",""coordinates"":[]}"
306_0000000000000000021c,1116558776,88222268,38900,H1,051,01135861,440,A,41051,+45.5477107,-122.4173625,06,,G4020,Multnomah,Multnomah County,41,2022-10-03,59.51741713110489,1664755200000,"{""type"":""MultiPoint"",""coordinates"":[]}"
306_0000000000000000021e,1875846777,6127010,38900,H1,067,01155137,440,A,41067,+45.5535419,-123.0976146,06,,G4020,Washington,Washington County,41,2022-10-03,63.93236498453421,1664755200000,"{""type"":""MultiPoint"",""coordinates"":[]}"
307_0000000000000000021b,4845034547,31873103,38900,H1,005,01155127,440,A,41005,+45.1604934,-122.1951274,06,,G4020,Clackamas,Clackamas County,41,2022-10-04,62.45470960355398,1664841600000,"{""type"":""MultiPoint"",""coordinates"":[]}"
307_0000000000000000021c,1116558776,88222268,38900,H1,051,01135861,440,A,41051,+45.5477107,-122.4173625,06,,G4020,Multnomah,Multnomah County,41,2022-10-04,63.971033157125035,1664841600000,"{""type"":""MultiPoint"",""coordinates"":[]}"
307_0000000000000000021e,1875846777,6127010,38900,H1,067,01155137,440,A,41067,+45.5535419,-123.0976146,06,,G4020,Washington,Washington County,41,2022-10-04,70.27025412271699,1664841600000,"{""type"":""MultiPoint"",""coordinates"":[]}"
308_0000000000000000021b,4845034547,31873103,38900,H1,005,01155127,440,A,41005,+45.1604934,-122.1951274,06,,G4020,Clackamas,Clackamas County,41,2022-10-05,70.56485651341302,1664928000000,"{""type"":""MultiPoint"",""coordinates"":[]}"
308_0000000000000000021c,1116558776,88222268,38900,H1,051,01135861,440,A,41051,+45.5477107,-122.4173625,06,,G4020,Multnomah,Multnomah County,41,2022-10-05,71.14806003839212,1664928000000,"{""type"":""MultiPoint"",""coordinates"":[]}"
308_0000000000000000021e,1875846777,6127010,38900,H1,067,01155137,440,A,41067,+45.5535419,-123.0976146,06,,G4020,Washington,Washington County,41,2022-10-05,69.52805304807194,1664928000000,"{""type"":""MultiPoint"",""coordinates"":[]}"
309_0000000000000000021b,4845034547,31873103,38900,H1,005,01155127,440,A,41005,+45.1604934,-122.1951274,06,,G4020,Clackamas,Clackamas County,41,2022-10-06,63.33232937733239,1665014400000,"{""type"":""MultiPoint"",""coordinates"":[]}"
309_0000000000000000021c,1116558776,88222268,38900,H1,051,01135861,440,A,41051,+45.5477107,-122.4173625,06,,G4020,Multnomah,Multnomah County,41,2022-10-06,65.07243379975468,1665014400000,"{""type"":""MultiPoint"",""coordinates"":[]}"
309_0000000000000000021e,1875846777,6127010,38900,H1,067,01155137,440,A,41067,+45.5535419,-123.0976146,06,,G4020,Washington,Washington County,41,2022-10-06,68.20719415034267,1665014400000,"{""type"":""MultiPoint"",""coordinates"":[]}"
310_0000000000000000021b,4845034547,31873103,38900,H1,005,01155127,440,A,41005,+45.1604934,-122.1951274,06,,G4020,Clackamas,Clackamas County,41,2022-10-07,54.094427622104675,1665100800000,"{""type"":""MultiPoint"",""coordinates"":[]}"
310_0000000000000000021c,1116558776,88222268,38900,H1,051,01135861,440,A,41051,+45.5477107,-122.4173625,06,,G4020,Multnomah,Multnomah County,41,2022-10-07,55.82606561631365,1665100800000,"{""type"":""MultiPoint"",""coordinates"":[]}"
310_0000000000000000021e,1875846777,6127010,38900,H1,067,01155137,440,A,41067,+45.5535419,-123.0976146,06,,G4020,Washington,Washington County,41,2022-10-07,64.35545101107678,1665100800000,"{""type"":""MultiPoint"",""coordinates"":[]}"
311_0000000000000000021b,4845034547,31873103,38900,H1,005,01155127,440,A,41005,+45.1604934,-122.1951274,06,,G4020,Clackamas,Clackamas County,41,2022-10-08,52.71064520227766,1665187200000,"{""type"":""MultiPoint"",""coordinates"":[]}"
311_0000000000000000021c,1116558776,88222268,38900,H1,051,01135861,440,A,41051,+45.5477107,-122.4173625,06,,G4020,Multnomah,Multnomah County,41,2022-10-08,57.073217381669345,1665187200000,"{""type"":""MultiPoint"",""coordinates"":[]}"
311_0000000000000000021e,1875846777,6127010,38900,H1,067,01155137,440,A,41067,+45.5535419,-123.0976146,06,,G4020,Washington,Washington County,41,2022-10-08,63.5247266387675,1665187200000,"{""type"":""MultiPoint"",""coordinates"":[]}"
312_0000000000000000021b,4845034547,31873103,38900,H1,005,01155127,440,A,41005,+45.1604934,-122.1951274,06,,G4020,Clackamas,Clackamas County,41,2022-10-09,49.678447412964324,1665273600000,"{""type"":""MultiPoint"",""coordinates"":[]}"
312_0000000000000000021c,1116558776,88222268,38900,H1,051,01135861,440,A,41051,+45.5477107,-122.4173625,06,,G4020,Multnomah,Multnomah County,41,2022-10-09,54.59958053156303,1665273600000,"{""type"":""MultiPoint"",""coordinates"":[]}"
312_0000000000000000021e,1875846777,6127010,38900,H1,067,01155137,440,A,41067,+45.5535419,-123.0976146,06,,G4020,Washington,Washington County,41,2022-10-09,58.85363244706048,1665273600000,"{""type"":""MultiPoint"",""coordinates"":[]}"
313_0000000000000000021b,4845034547,31873103,38900,H1,005,01155127,440,A,41005,+45.1604934,-122.1951274,06,,G4020,Clackamas,Clackamas County,41,2022-10-10,54.461408665810026,1665360000000,"{""type"":""MultiPoint"",""coordinates"":[]}"
313_0000000000000000021c,1116558776,88222268,38900,H1,051,01135861,440,A,41051,+45.5477107,-122.4173625,06,,G4020,Multnomah,Multnomah County,41,2022-10-10,59.54083006547007,1665360000000,"{""type"":""MultiPoint"",""coordinates"":[]}"
313_0000000000000000021e,1875846777,6127010,38900,H1,067,01155137,440,A,41067,+45.5535419,-123.0976146,06,,G4020,Washington,Washington County,41,2022-10-10,62.898191716215216,1665360000000,"{""type"":""MultiPoint"",""coordinates"":[]}"
314_0000000000000000021b,4845034547,31873103,38900,H1,005,01155127,440,A,41005,+45.1604934,-122.1951274,06,,G4020,Clackamas,Clackamas County,41,2022-10-11,67.9052636589524,1665446400000,"{""type"":""MultiPoint"",""coordinates"":[]}"
314_0000000000000000021c,1116558776,88222268,38900,H1,051,01135861,440,A,41051,+45.5477107,-122.4173625,06,,G4020,Multnomah,Multnomah County,41,2022-10-11,68.18803833916974,1665446400000,"{""type"":""MultiPoint"",""coordinates"":[]}"
314_0000000000000000021e,1875846777,6127010,38900,H1,067,01155137,440,A,41067,+45.5535419,-123.0976146,06,,G4020,Washington,Washington County,41,2022-10-11,66.91651374188822,1665446400000,"{""type"":""MultiPoint"",""coordinates"":[]}"
315_0000000000000000021b,4845034547,31873103,38900,H1,005,01155127,440,A,41005,+45.1604934,-122.1951274,06,,G4020,Clackamas,Clackamas County,41,2022-10-12,53.67160674883671,1665532800000,"{""type"":""MultiPoint"",""coordinates"":[]}"
315_0000000000000000021c,1116558776,88222268,38900,H1,051,01135861,440,A,41051,+45.5477107,-122.4173625,06,,G4020,Multnomah,Multnomah County,41,2022-10-12,58.609882514342544,1665532800000,"{""type"":""MultiPoint"",""coordinates"":[]}"
315_0000000000000000021e,1875846777,6127010,38900,H1,067,01155137,440,A,41067,+45.5535419,-123.0976146,06,,G4020,Washington,Washington County,41,2022-10-12,55.45891652626085,1665532800000,"{""type"":""MultiPoint"",""coordinates"":[]}"
316_0000000000000000021b,4845034547,31873103,38900,H1,005,01155127,440,A,41005,+45.1604934,-122.1951274,06,,G4020,Clackamas,Clackamas County,41,2022-10-13,46.97902217072349,1665619200000,"{""type"":""MultiPoint"",""coordinates"":[]}"
316_0000000000000000021c,1116558776,88222268,38900,H1,051,01135861,440,A,41051,+45.5477107,-122.4173625,06,,G4020,Multnomah,Multnomah County,41,2022-10-13,50.367427800887945,1665619200000,"{""type"":""MultiPoint"",""coordinates"":[]}"
316_0000000000000000021e,1875846777,6127010,38900,H1,067,01155137,440,A,41067,+45.5535419,-123.0976146,06,,G4020,Washington,Washington County,41,2022-10-13,54.175711843997334,1665619200000,"{""type"":""MultiPoint"",""coordinates"":[]}"
317_0000000000000000021b,4845034547,31873103,38900,H1,005,01155127,440,A,41005,+45.1604934,-122.1951274,06,,G4020,Clackamas,Clackamas County,41,2022-10-14,48.32578759281957,1665705600000,"{""type"":""MultiPoint"",""coordinates"":[]}"
317_0000000000000000021c,1116558776,88222268,38900,H1,051,01135861,440,A,41051,+45.5477107,-122.4173625,06,,G4020,Multnomah,Multnomah County,41,2022-10-14,52.043408278880435,1665705600000,"{""type"":""MultiPoint"",""coordinates"":[]}"
317_0000000000000000021e,1875846777,6127010,38900,H1,067,01155137,440,A,41067,+45.5535419,-123.0976146,06,,G4020,Washington,Washington County,41,2022-10-14,51.74714612721827,1665705600000,"{""type"":""MultiPoint"",""coordinates"":[]}"
318_0000000000000000021b,4845034547,31873103,38900,H1,005,01155127,440,A,41005,+45.1604934,-122.1951274,06,,G4020,Clackamas,Clackamas County,41,2022-10-15,43.47453546415082,1665792000000,"{""type"":""MultiPoint"",""coordinates"":[]}"
318_0000000000000000021c,1116558776,88222268,38900,H1,051,01135861,440,A,41051,+45.5477107,-122.4173625,06,,G4020,Multnomah,Multnomah County,41,2022-10-15,48.87787234738217,1665792000000,"{""type"":""MultiPoint"",""coordinates"":[]}"
318_0000000000000000021e,1875846777,6127010,38900,H1,067,01155137,440,A,41067,+45.5535419,-123.0976146,06,,G4020,Washington,Washington County,41,2022-10-15,48.58342425670405,1665792000000,"{""type"":""MultiPoint"",""coordinates"":[]}"
319_0000000000000000021b,4845034547,31873103,38900,H1,005,01155127,440,A,41005,+45.1604934,-122.1951274,06,,G4020,Clackamas,Clackamas County,41,2022-10-16,42.18018329550817,1665878400000,"{""type"":""MultiPoint"",""coordinates"":[]}"
319_0000000000000000021c,1116558776,88222268,38900,H1,051,01135861,440,A,41051,+45.5477107,-122.4173625,06,,G4020,Multnomah,Multnomah County,41,2022-10-16,38.56512268971664,1665878400000,"{""type"":""MultiPoint"",""coordinates"":[]}"
319_0000000000000000021e,1875846777,6127010,38900,H1,067,01155137,440,A,41067,+45.5535419,-123.0976146,06,,G4020,Washington,Washington County,41,2022-10-16,39.7601193212466,1665878400000,"{""type"":""MultiPoint"",""coordinates"":[]}"
320_0000000000000000021b,4845034547,31873103,38900,H1,005,01155127,440,A,41005,+45.1604934,-122.1951274,06,,G4020,Clackamas,Clackamas County,41,2022-10-17,58.31324174334099,1665964800000,"{""type"":""MultiPoint"",""coordinates"":[]}"
320_0000000000000000021c,1116558776,88222268,38900,H1,051,01135861,440,A,41051,+45.5477107,-122.4173625,06,,G4020,Multnomah,Multnomah County,41,2022-10-17,61.786062681389886,1665964800000,"{""type"":""MultiPoint"",""coordinates"":[]}"
320_0000000000000000021e,1875846777,6127010,38900,H1,067,01155137,440,A,41067,+45.5535419,-123.0976146,06,,G4020,Washington,Washington County,41,2022-10-17,69.07026439588991,1665964800000,"{""type"":""MultiPoint"",""coordinates"":[]}"
321_0000000000000000021b,4845034547,31873103,38900,H1,005,01155127,440,A,41005,+45.1604934,-122.1951274,06,,G4020,Clackamas,Clackamas County,41,2022-10-18,62.35052792799599,1666051200000,"{""type"":""MultiPoint"",""coordinates"":[]}"
321_0000000000000000021c,1116558776,88222268,38900,H1,051,01135861,440,A,41051,+45.5477107,-122.4173625,06,,G4020,Multnomah,Multnomah County,41,2022-10-18,66.52575795379393,1666051200000,"{""type"":""MultiPoint"",""coordinates"":[]}"
321_0000000000000000021e,1875846777,6127010,38900,H1,067,01155137,440,A,41067,+45.5535419,-123.0976146,06,,G4020,Washington,Washington County,41,2022-10-18,67.80232386150573,1666051200000,"{""type"":""MultiPoint"",""coordinates"":[]}"
322_0000000000000000021b,4845034547,31873103,38900,H1,005,01155127,440,A,41005,+45.1604934,-122.1951274,06,,G4020,Clackamas,Clackamas County,41,2022-10-19,54.42161970209011,1666137600000,"{""type"":""MultiPoint"",""coordinates"":[]}"
322_0000000000000000021c,1116558776,88222268,38900,H1,051,01135861,440,A,41051,+45.5477107,-122.4173625,06,,G4020,Multnomah,Multnomah County,41,2022-10-19,61.049584546995646,1666137600000,"{""type"":""MultiPoint"",""coordinates"":[]}"
322_0000000000000000021e,1875846777,6127010,38900,H1,067,01155137,440,A,41067,+45.5535419,-123.0976146,06,,G4020,Washington,Washington County,41,2022-10-19,65.83984204549088,1666137600000,"{""type"":""MultiPoint"",""coordinates"":[]}"
323_0000000000000000021b,4845034547,31873103,38900,H1,005,01155127,440,A,41005,+45.1604934,-122.1951274,06,,G4020,Clackamas,Clackamas County,41,2022-10-20,58.00489458032459,1666224000000,"{""type"":""MultiPoint"",""coordinates"":[]}"
323_0000000000000000021c,1116558776,88222268,38900,H1,051,01135861,440,A,41051,+45.5477107,-122.4173625,06,,G4020,Multnomah,Multnomah County,41,2022-10-20,66.56064227442,1666224000000,"{""type"":""MultiPoint"",""coordinates"":[]}"
323_0000000000000000021e,1875846777,6127010,38900,H1,067,01155137,440,A,41067,+45.5535419,-123.0976146,06,,G4020,Washington,Washington County,41,2022-10-20,69.33100387112731,1666224000000,"{""type"":""MultiPoint"",""coordinates"":[]}"
324_0000000000000000021b,4845034547,31873103,38900,H1,005,01155127,440,A,41005,+45.1604934,-122.1951274,06,,G4020,Clackamas,Clackamas County,41,2022-10-21,88.98729423468305,1666310400000,"{""type"":""MultiPoint"",""coordinates"":[]}"
324_0000000000000000021c,1116558776,88222268,38900,H1,051,01135861,440,A,41051,+45.5477107,-122.4173625,06,,G4020,Multnomah,Multnomah County,41,2022-10-21,84.64833512711284,1666310400000,"{""type"":""MultiPoint"",""coordinates"":[]}"
324_0000000000000000021e,1875846777,6127010,38900,H1,067,01155137,440,A,41067,+45.5535419,-123.0976146,06,,G4020,Washington,Washington County,41,2022-10-21,82.3174933989986,1666310400000,"{""type"":""MultiPoint"",""coordinates"":[]}"
325_0000000000000000021b,4845034547,31873103,38900,H1,005,01155127,440,A,41005,+45.1604934,-122.1951274,06,,G4020,Clackamas,Clackamas County,41,2022-10-22,96.49693325602132,1666396800000,"{""type"":""MultiPoint"",""coordinates"":[]}"
325_0000000000000000021c,1116558776,88222268,38900,H1,051,01135861,440,A,41051,+45.5477107,-122.4173625,06,,G4020,Multnomah,Multnomah County,41,2022-10-22,94.5911368428895,1666396800000,"{""type"":""MultiPoint"",""coordinates"":[]}"
325_0000000000000000021e,1875846777,6127010,38900,H1,067,01155137,440,A,41067,+45.5535419,-123.0976146,06,,G4020,Washington,Washington County,41,2022-10-22,89.58754747756454,1666396800000,"{""type"":""MultiPoint"",""coordinates"":[]}"
326_0000000000000000021b,4845034547,31873103,38900,H1,005,01155127,440,A,41005,+45.1604934,-122.1951274,06,,G4020,Clackamas,Clackamas County,41,2022-10-23,88.04563235987979,1666483200000,"{""type"":""MultiPoint"",""coordinates"":[]}"
326_0000000000000000021c,1116558776,88222268,38900,H1,051,01135861,440,A,41051,+45.5477107,-122.4173625,06,,G4020,Multnomah,Multnomah County,41,2022-10-23,88.63441184978734,1666483200000,"{""type"":""MultiPoint"",""coordinates"":[]}"
326_0000000000000000021e,1875846777,6127010,38900,H1,067,01155137,440,A,41067,+45.5535419,-123.0976146,06,,G4020,Washington,Washington County,41,2022-10-23,82.18480429197368,1666483200000,"{""type"":""MultiPoint"",""coordinates"":[]}"
327_0000000000000000021b,4845034547,31873103,38900,H1,005,01155127,440,A,41005,+45.1604934,-122.1951274,06,,G4020,Clackamas,Clackamas County,41,2022-10-24,84.50067764177193,1666569600000,"{""type"":""MultiPoint"",""coordinates"":[]}"
327_0000000000000000021c,1116558776,88222268,38900,H1,051,01135861,440,A,41051,+45.5477107,-122.4173625,06,,G4020,Multnomah,Multnomah County,41,2022-10-24,84.91381172089945,1666569600000,"{""type"":""MultiPoint"",""coordinates"":[]}"
327_0000000000000000021e,1875846777,6127010,38900,H1,067,01155137,440,A,41067,+45.5535419,-123.0976146,06,,G4020,Washington,Washington County,41,2022-10-24,83.833176118718,1666569600000,"{""type"":""MultiPoint"",""coordinates"":[]}"
328_0000000000000000021b,4845034547,31873103,38900,H1,005,01155127,440,A,41005,+45.1604934,-122.1951274,06,,G4020,Clackamas,Clackamas County,41,2022-10-25,93.58550298899387,1666656000000,"{""type"":""MultiPoint"",""coordinates"":[]}"
328_0000000000000000021c,1116558776,88222268,38900,H1,051,01135861,440,A,41051,+45.5477107,-122.4173625,06,,G4020,Multnomah,Multnomah County,41,2022-10-25,95.09265240875389,1666656000000,"{""type"":""MultiPoint"",""coordinates"":[]}"
328_0000000000000000021e,1875846777,6127010,38900,H1,067,01155137,440,A,41067,+45.5535419,-123.0976146,06,,G4020,Washington,Washington County,41,2022-10-25,93.903599496325,1666656000000,"{""type"":""MultiPoint"",""coordinates"":[]}"
329_0000000000000000021b,4845034547,31873103,38900,H1,005,01155127,440,A,41005,+45.1604934,-122.1951274,06,,G4020,Clackamas,Clackamas County,41,2022-10-26,94.5491252680329,1666742400000,"{""type"":""MultiPoint"",""coordinates"":[]}"
329_0000000000000000021c,1116558776,88222268,38900,H1,051,01135861,440,A,41051,+45.5477107,-122.4173625,06,,G4020,Multnomah,Multnomah County,41,2022-10-26,94.57216325919163,1666742400000,"{""type"":""MultiPoint"",""coordinates"":[]}"
329_0000000000000000021e,1875846777,6127010,38900,H1,067,01155137,440,A,41067,+45.5535419,-123.0976146,06,,G4020,Washington,Washington County,41,2022-10-26,93.30333883056123,1666742400000,"{""type"":""MultiPoint"",""coordinates"":[]}"
330_0000000000000000021b,4845034547,31873103,38900,H1,005,01155127,440,A,41005,+45.1604934,-122.1951274,06,,G4020,Clackamas,Clackamas County,41,2022-10-27,79.46191505273802,1666828800000,"{""type"":""MultiPoint"",""coordinates"":[]}"
330_0000000000000000021c,1116558776,88222268,38900,H1,051,01135861,440,A,41051,+45.5477107,-122.4173625,06,,G4020,Multnomah,Multnomah County,41,2022-10-27,81.14724199476126,1666828800000,"{""type"":""MultiPoint"",""coordinates"":[]}"
330_0000000000000000021e,1875846777,6127010,38900,H1,067,01155137,440,A,41067,+45.5535419,-123.0976146,06,,G4020,Washington,Washington County,41,2022-10-27,82.51479166555903,1666828800000,"{""type"":""MultiPoint"",""coordinates"":[]}"
331_0000000000000000021b,4845034547,31873103,38900,H1,005,01155127,440,A,41005,+45.1604934,-122.1951274,06,,G4020,Clackamas,Clackamas County,41,2022-10-28,75.4660146682119,1666915200000,"{""type"":""MultiPoint"",""coordinates"":[]}"
331_0000000000000000021c,1116558776,88222268,38900,H1,051,01135861,440,A,41051,+45.5477107,-122.4173625,06,,G4020,Multnomah,Multnomah County,41,2022-10-28,80.16285589620074,1666915200000,"{""type"":""MultiPoint"",""coordinates"":[]}"
331_0000000000000000021e,1875846777,6127010,38900,H1,067,01155137,440,A,41067,+45.5535419,-123.0976146,06,,G4020,Washington,Washington County,41,2022-10-28,81.05199636577134,1666915200000,"{""type"":""MultiPoint"",""coordinates"":[]}"
332_0000000000000000021b,4845034547,31873103,38900,H1,005,01155127,440,A,41005,+45.1604934,-122.1951274,06,,G4020,Clackamas,Clackamas County,41,2022-10-29,92.09838316581452,1667001600000,"{""type"":""MultiPoint"",""coordinates"":[]}"
332_0000000000000000021c,1116558776,88222268,38900,H1,051,01135861,440,A,41051,+45.5477107,-122.4173625,06,,G4020,Multnomah,Multnomah County,41,2022-10-29,93.37869813354803,1667001600000,"{""type"":""MultiPoint"",""coordinates"":[]}"
332_0000000000000000021e,1875846777,6127010,38900,H1,067,01155137,440,A,41067,+45.5535419,-123.0976146,06,,G4020,Washington,Washington County,41,2022-10-29,93.95743097480428,1667001600000,"{""type"":""MultiPoint"",""coordinates"":[]}"
333_0000000000000000021b,4845034547,31873103,38900,H1,005,01155127,440,A,41005,+45.1604934,-122.1951274,06,,G4020,Clackamas,Clackamas County,41,2022-10-30,90.47042975246063,1667088000000,"{""type"":""MultiPoint"",""coordinates"":[]}"
333_0000000000000000021c,1116558776,88222268,38900,H1,051,01135861,440,A,41051,+45.5477107,-122.4173625,06,,G4020,Multnomah,Multnomah County,41,2022-10-30,92.30377412328625,1667088000000,"{""type"":""MultiPoint"",""coordinates"":[]}"
333_0000000000000000021e,1875846777,6127010,38900,H1,067,01155137,440,A,41067,+45.5535419,-123.0976146,06,,G4020,Washington,Washington County,41,2022-10-30,87.41296247029135,1667088000000,"{""type"":""MultiPoint"",""coordinates"":[]}"
334_0000000000000000021b,4845034547,31873103,38900,H1,005,01155127,440,A,41005,+45.1604934,-122.1951274,06,,G4020,Clackamas,Clackamas County,41,2022-10-31,89.27667430409161,1667174400000,"{""type"":""MultiPoint"",""coordinates"":[]}"
334_0000000000000000021c,1116558776,88222268,38900,H1,051,01135861,440,A,41051,+45.5477107,-122.4173625,06,,G4020,Multnomah,Multnomah County,41,2022-10-31,91.57433796009545,1667174400000,"{""type"":""MultiPoint"",""coordinates"":[]}"
334_0000000000000000021e,1875846777,6127010,38900,H1,067,01155137,440,A,41067,+45.5535419,-123.0976146,06,,G4020,Washington,Washington County,41,2022-10-31,92.01424888967071,1667174400000,"{""type"":""MultiPoint"",""coordinates"":[]}"
335_0000000000000000021b,4845034547,31873103,38900,H1,005,01155127,440,A,41005,+45.1604934,-122.1951274,06,,G4020,Clackamas,Clackamas County,41,2022-11-01,95.05078949050608,1667260800000,"{""type"":""MultiPoint"",""coordinates"":[]}"
335_0000000000000000021c,1116558776,88222268,38900,H1,051,01135861,440,A,41051,+45.5477107,-122.4173625,06,,G4020,Multnomah,Multnomah County,41,2022-11-01,94.66856110188652,1667260800000,"{""type"":""MultiPoint"",""coordinates"":[]}"
335_0000000000000000021e,1875846777,6127010,38900,H1,067,01155137,440,A,41067,+45.5535419,-123.0976146,06,,G4020,Washington,Washington County,41,2022-11-01,95.45261429233793,1667260800000,"{""type"":""MultiPoint"",""coordinates"":[]}"
336_0000000000000000021b,4845034547,31873103,38900,H1,005,01155127,440,A,41005,+45.1604934,-122.1951274,06,,G4020,Clackamas,Clackamas County,41,2022-11-02,93.44084366345258,1667347200000,"{""type"":""MultiPoint"",""coordinates"":[]}"
336_0000000000000000021c,1116558776,88222268,38900,H1,051,01135861,440,A,41051,+45.5477107,-122.4173625,06,,G4020,Multnomah,Multnomah County,41,2022-11-02,94.8967448321089,1667347200000,"{""type"":""MultiPoint"",""coordinates"":[]}"
336_0000000000000000021e,1875846777,6127010,38900,H1,067,01155137,440,A,41067,+45.5535419,-123.0976146,06,,G4020,Washington,Washington County,41,2022-11-02,93.28363850136347,1667347200000,"{""type"":""MultiPoint"",""coordinates"":[]}"
337_0000000000000000021b,4845034547,31873103,38900,H1,005,01155127,440,A,41005,+45.1604934,-122.1951274,06,,G4020,Clackamas,Clackamas County,41,2022-11-03,86.81850550100303,1667433600000,"{""type"":""MultiPoint"",""coordinates"":[]}"
337_0000000000000000021c,1116558776,88222268,38900,H1,051,01135861,440,A,41051,+45.5477107,-122.4173625,06,,G4020,Multnomah,Multnomah County,41,2022-11-03,92.51684691570686,1667433600000,"{""type"":""MultiPoint"",""coordinates"":[]}"
337_0000000000000000021e,1875846777,6127010,38900,H1,067,01155137,440,A,41067,+45.5535419,-123.0976146,06,,G4020,Washington,Washington County,41,2022-11-03,93.2149084842393,1667433600000,"{""type"":""MultiPoint"",""coordinates"":[]}"
338_0000000000000000021b,4845034547,31873103,38900,H1,005,01155127,440,A,41005,+45.1604934,-122.1951274,06,,G4020,Clackamas,Clackamas County,41,2022-11-04,94.96948164615351,1667520000000,"{""type"":""MultiPoint"",""coordinates"":[]}"
338_0000000000000000021c,1116558776,88222268,38900,H1,051,01135861,440,A,41051,+45.5477107,-122.4173625,06,,G4020,Multnomah,Multnomah County,41,2022-11-04,97.82537740069273,1667520000000,"{""type"":""MultiPoint"",""coordinates"":[]}"
338_0000000000000000021e,1875846777,6127010,38900,H1,067,01155137,440,A,41067,+45.5535419,-123.0976146,06,,G4020,Washington,Washington County,41,2022-11-04,97.94568265733558,1667520000000,"{""type"":""MultiPoint"",""coordinates"":[]}"
339_0000000000000000021b,4845034547,31873103,38900,H1,005,01155127,440,A,41005,+45.1604934,-122.1951274,06,,G4020,Clackamas,Clackamas County,41,2022-11-05,96.50398279755942,1667606400000,"{""type"":""MultiPoint"",""coordinates"":[]}"
339_0000000000000000021c,1116558776,88222268,38900,H1,051,01135861,440,A,41051,+45.5477107,-122.4173625,06,,G4020,Multnomah,Multnomah County,41,2022-11-05,93.72280192543761,1667606400000,"{""type"":""MultiPoint"",""coordinates"":[]}"
339_0000000000000000021e,1875846777,6127010,38900,H1,067,01155137,440,A,41067,+45.5535419,-123.0976146,06,,G4020,Washington,Washington County,41,2022-11-05,90.53755423770653,1667606400000,"{""type"":""MultiPoint"",""coordinates"":[]}"
340_0000000000000000021b,4845034547,31873103,38900,H1,005,01155127,440,A,41005,+45.1604934,-122.1951274,06,,G4020,Clackamas,Clackamas County,41,2022-11-06,96.2381524275055,1667692800000,"{""type"":""MultiPoint"",""coordinates"":[]}"
340_0000000000000000021c,1116558776,88222268,38900,H1,051,01135861,440,A,41051,+45.5477107,-122.4173625,06,,G4020,Multnomah,Multnomah County,41,2022-11-06,94.94724964345747,1667692800000,"{""type"":""MultiPoint"",""coordinates"":[]}"
340_0000000000000000021e,1875846777,6127010,38900,H1,067,01155137,440,A,41067,+45.5535419,-123.0976146,06,,G4020,Washington,Washington County,41,2022-11-06,93.00789875046082,1667692800000,"{""type"":""MultiPoint"",""coordinates"":[]}"
341_0000000000000000021b,4845034547,31873103,38900,H1,005,01155127,440,A,41005,+45.1604934,-122.1951274,06,,G4020,Clackamas,Clackamas County,41,2022-11-07,91.36695266948462,1667779200000,"{""type"":""MultiPoint"",""coordinates"":[]}"
341_0000000000000000021c,1116558776,88222268,38900,H1,051,01135861,440,A,41051,+45.5477107,-122.4173625,06,,G4020,Multnomah,Multnomah County,41,2022-11-07,94.24573951864072,1667779200000,"{""type"":""MultiPoint"",""coordinates"":[]}"
341_0000000000000000021e,1875846777,6127010,38900,H1,067,01155137,440,A,41067,+45.5535419,-123.0976146,06,,G4020,Washington,Washington County,41,2022-11-07,96.44071168565443,1667779200000,"{""type"":""MultiPoint"",""coordinates"":[]}"
342_0000000000000000021b,4845034547,31873103,38900,H1,005,01155127,440,A,41005,+45.1604934,-122.1951274,06,,G4020,Clackamas,Clackamas County,41,2022-11-08,81.56515969146868,1667865600000,"{""type"":""MultiPoint"",""coordinates"":[]}"
342_0000000000000000021c,1116558776,88222268,38900,H1,051,01135861,440,A,41051,+45.5477107,-122.4173625,06,,G4020,Multnomah,Multnomah County,41,2022-11-08,82.51439082254859,1667865600000,"{""type"":""MultiPoint"",""coordinates"":[]}"
342_0000000000000000021e,1875846777,6127010,38900,H1,067,01155137,440,A,41067,+45.5535419,-123.0976146,06,,G4020,Washington,Washington County,41,2022-11-08,85.19240136836765,1667865600000,"{""type"":""MultiPoint"",""coordinates"":[]}"
343_0000000000000000021b,4845034547,31873103,38900,H1,005,01155127,440,A,41005,+45.1604934,-122.1951274,06,,G4020,Clackamas,Clackamas County,41,2022-11-09,71.32595972685758,1667952000000,"{""type"":""MultiPoint"",""coordinates"":[]}"
343_0000000000000000021c,1116558776,88222268,38900,H1,051,01135861,440,A,41051,+45.5477107,-122.4173625,06,,G4020,Multnomah,Multnomah County,41,2022-11-09,71.05768028762552,1667952000000,"{""type"":""MultiPoint"",""coordinates"":[]}"
343_0000000000000000021e,1875846777,6127010,38900,H1,067,01155137,440,A,41067,+45.5535419,-123.0976146,06,,G4020,Washington,Washington County,41,2022-11-09,70.2090383558712,1667952000000,"{""type"":""MultiPoint"",""coordinates"":[]}"
344_0000000000000000021b,4845034547,31873103,38900,H1,005,01155127,440,A,41005,+45.1604934,-122.1951274,06,,G4020,Clackamas,Clackamas County,41,2022-11-10,83.17132165394752,1668038400000,"{""type"":""MultiPoint"",""coordinates"":[]}"
344_0000000000000000021c,1116558776,88222268,38900,H1,051,01135861,440,A,41051,+45.5477107,-122.4173625,06,,G4020,Multnomah,Multnomah County,41,2022-11-10,82.28795334236412,1668038400000,"{""type"":""MultiPoint"",""coordinates"":[]}"
344_0000000000000000021e,1875846777,6127010,38900,H1,067,01155137,440,A,41067,+45.5535419,-123.0976146,06,,G4020,Washington,Washington County,41,2022-11-10,83.76634065289879,1668038400000,"{""type"":""MultiPoint"",""coordinates"":[]}"
345_0000000000000000021b,4845034547,31873103,38900,H1,005,01155127,440,A,41005,+45.1604934,-122.1951274,06,,G4020,Clackamas,Clackamas County,41,2022-11-11,73.86410147485839,1668124800000,"{""type"":""MultiPoint"",""coordinates"":[]}"
345_0000000000000000021c,1116558776,88222268,38900,H1,051,01135861,440,A,41051,+45.5477107,-122.4173625,06,,G4020,Multnomah,Multnomah County,41,2022-11-11,76.91944566762508,1668124800000,"{""type"":""MultiPoint"",""coordinates"":[]}"
345_0000000000000000021e,1875846777,6127010,38900,H1,067,01155137,440,A,41067,+45.5535419,-123.0976146,06,,G4020,Washington,Washington County,41,2022-11-11,78.44637214675707,1668124800000,"{""type"":""MultiPoint"",""coordinates"":[]}"
346_0000000000000000021b,4845034547,31873103,38900,H1,005,01155127,440,A,41005,+45.1604934,-122.1951274,06,,G4020,Clackamas,Clackamas County,41,2022-11-12,76.05003346652555,1668211200000,"{""type"":""MultiPoint"",""coordinates"":[]}"
346_0000000000000000021c,1116558776,88222268,38900,H1,051,01135861,440,A,41051,+45.5477107,-122.4173625,06,,G4020,Multnomah,Multnomah County,41,2022-11-12,71.93381143441356,1668211200000,"{""type"":""MultiPoint"",""coordinates"":[]}"
346_0000000000000000021e,1875846777,6127010,38900,H1,067,01155137,440,A,41067,+45.5535419,-123.0976146,06,,G4020,Washington,Washington County,41,2022-11-12,78.74492579512054,1668211200000,"{""type"":""MultiPoint"",""coordinates"":[]}"
347_0000000000000000021b,4845034547,31873103,38900,H1,005,01155127,440,A,41005,+45.1604934,-122.1951274,06,,G4020,Clackamas,Clackamas County,41,2022-11-13,83.18030378005535,1668297600000,"{""type"":""MultiPoint"",""coordinates"":[]}"
347_0000000000000000021c,1116558776,88222268,38900,H1,051,01135861,440,A,41051,+45.5477107,-122.4173625,06,,G4020,Multnomah,Multnomah County,41,2022-11-13,81.58447560568301,1668297600000,"{""type"":""MultiPoint"",""coordinates"":[]}"
347_0000000000000000021e,1875846777,6127010,38900,H1,067,01155137,440,A,41067,+45.5535419,-123.0976146,06,,G4020,Washington,Washington County,41,2022-11-13,83.52039185205365,1668297600000,"{""type"":""MultiPoint"",""coordinates"":[]}"
348_0000000000000000021b,4845034547,31873103,38900,H1,005,01155127,440,A,41005,+45.1604934,-122.1951274,06,,G4020,Clackamas,Clackamas County,41,2022-11-14,78.56959155497087,1668384000000,"{""type"":""MultiPoint"",""coordinates"":[]}"
348_0000000000000000021c,1116558776,88222268,38900,H1,051,01135861,440,A,41051,+45.5477107,-122.4173625,06,,G4020,Multnomah,Multnomah County,41,2022-11-14,80.62703610920133,1668384000000,"{""type"":""MultiPoint"",""coordinates"":[]}"
348_0000000000000000021e,1875846777,6127010,38900,H1,067,01155137,440,A,41067,+45.5535419,-123.0976146,06,,G4020,Washington,Washington County,41,2022-11-14,78.286110934537,1668384000000,"{""type"":""MultiPoint"",""coordinates"":[]}"
349_0000000000000000021b,4845034547,31873103,38900,H1,005,01155127,440,A,41005,+45.1604934,-122.1951274,06,,G4020,Clackamas,Clackamas County,41,2022-11-15,67.89469005856186,1668470400000,"{""type"":""MultiPoint"",""coordinates"":[]}"
349_0000000000000000021c,1116558776,88222268,38900,H1,051,01135861,440,A,41051,+45.5477107,-122.4173625,06,,G4020,Multnomah,Multnomah County,41,2022-11-15,64.48341847342415,1668470400000,"{""type"":""MultiPoint"",""coordinates"":[]}"
349_0000000000000000021e,1875846777,6127010,38900,H1,067,01155137,440,A,41067,+45.5535419,-123.0976146,06,,G4020,Washington,Washington County,41,2022-11-15,61.945953037572565,1668470400000,"{""type"":""MultiPoint"",""coordinates"":[]}"
350_0000000000000000021b,4845034547,31873103,38900,H1,005,01155127,440,A,41005,+45.1604934,-122.1951274,06,,G4020,Clackamas,Clackamas County,41,2022-11-16,66.47100182079667,1668556800000,"{""type"":""MultiPoint"",""coordinates"":[]}"
350_0000000000000000021c,1116558776,88222268,38900,H1,051,01135861,440,A,41051,+45.5477107,-122.4173625,06,,G4020,Multnomah,Multnomah County,41,2022-11-16,66.25443590769169,1668556800000,"{""type"":""MultiPoint"",""coordinates"":[]}"
350_0000000000000000021e,1875846777,6127010,38900,H1,067,01155137,440,A,41067,+45.5535419,-123.0976146,06,,G4020,Washington,Washington County,41,2022-11-16,63.58442634554118,1668556800000,"{""type"":""MultiPoint"",""coordinates"":[]}"
351_0000000000000000021b,4845034547,31873103,38900,H1,005,01155127,440,A,41005,+45.1604934,-122.1951274,06,,G4020,Clackamas,Clackamas County,41,2022-11-17,69.29241730477021,1668643200000,"{""type"":""MultiPoint"",""coordinates"":[]}"
351_0000000000000000021c,1116558776,88222268,38900,H1,051,01135861,440,A,41051,+45.5477107,-122.4173625,06,,G4020,Multnomah,Multnomah County,41,2022-11-17,67.37595593655286,1668643200000,"{""type"":""MultiPoint"",""coordinates"":[]}"
351_0000000000000000021e,1875846777,6127010,38900,H1,067,01155137,440,A,41067,+45.5535419,-123.0976146,06,,G4020,Washington,Washington County,41,2022-11-17,66.85137048137608,1668643200000,"{""type"":""MultiPoint"",""coordinates"":[]}"
352_0000000000000000021b,4845034547,31873103,38900,H1,005,01155127,440,A,41005,+45.1604934,-122.1951274,06,,G4020,Clackamas,Clackamas County,41,2022-11-18,55.17682419051278,1668729600000,"{""type"":""MultiPoint"",""coordinates"":[]}"
352_0000000000000000021c,1116558776,88222268,38900,H1,051,01135861,440,A,41051,+45.5477107,-122.4173625,06,,G4020,Multnomah,Multnomah County,41,2022-11-18,53.686108920396514,1668729600000,"{""type"":""MultiPoint"",""coordinates"":[]}"
352_0000000000000000021e,1875846777,6127010,38900,H1,067,01155137,440,A,41067,+45.5535419,-123.0976146,06,,G4020,Washington,Washington County,41,2022-11-18,53.65833201512154,1668729600000,"{""type"":""MultiPoint"",""coordinates"":[]}"
353_0000000000000000021b,4845034547,31873103,38900,H1,005,01155127,440,A,41005,+45.1604934,-122.1951274,06,,G4020,Clackamas,Clackamas County,41,2022-11-19,56.9399226012394,1668816000000,"{""type"":""MultiPoint"",""coordinates"":[]}"
353_0000000000000000021c,1116558776,88222268,38900,H1,051,01135861,440,A,41051,+45.5477107,-122.4173625,06,,G4020,Multnomah,Multnomah County,41,2022-11-19,52.37829758221571,1668816000000,"{""type"":""MultiPoint"",""coordinates"":[]}"
353_0000000000000000021e,1875846777,6127010,38900,H1,067,01155137,440,A,41067,+45.5535419,-123.0976146,06,,G4020,Washington,Washington County,41,2022-11-19,53.92713120368728,1668816000000,"{""type"":""MultiPoint"",""coordinates"":[]}"
354_0000000000000000021b,4845034547,31873103,38900,H1,005,01155127,440,A,41005,+45.1604934,-122.1951274,06,,G4020,Clackamas,Clackamas County,41,2022-11-20,60.857624893753105,1668902400000,"{""type"":""MultiPoint"",""coordinates"":[]}"
354_0000000000000000021c,1116558776,88222268,38900,H1,051,01135861,440,A,41051,+45.5477107,-122.4173625,06,,G4020,Multnomah,Multnomah County,41,2022-11-20,63.61589537815797,1668902400000,"{""type"":""MultiPoint"",""coordinates"":[]}"
354_0000000000000000021e,1875846777,6127010,38900,H1,067,01155137,440,A,41067,+45.5535419,-123.0976146,06,,G4020,Washington,Washington County,41,2022-11-20,63.55996357322148,1668902400000,"{""type"":""MultiPoint"",""coordinates"":[]}"
355_0000000000000000021b,4845034547,31873103,38900,H1,005,01155127,440,A,41005,+45.1604934,-122.1951274,06,,G4020,Clackamas,Clackamas County,41,2022-11-21,68.76902312779907,1668988800000,"{""type"":""MultiPoint"",""coordinates"":[]}"
355_0000000000000000021c,1116558776,88222268,38900,H1,051,01135861,440,A,41051,+45.5477107,-122.4173625,06,,G4020,Multnomah,Multnomah County,41,2022-11-21,69.72882467573027,1668988800000,"{""type"":""MultiPoint"",""coordinates"":[]}"
355_0000000000000000021e,1875846777,6127010,38900,H1,067,01155137,440,A,41067,+45.5535419,-123.0976146,06,,G4020,Washington,Washington County,41,2022-11-21,71.26387669855603,1668988800000,"{""type"":""MultiPoint"",""coordinates"":[]}"
356_0000000000000000021b,4845034547,31873103,38900,H1,005,01155127,440,A,41005,+45.1604934,-122.1951274,06,,G4020,Clackamas,Clackamas County,41,2022-11-22,73.4904512928559,1669075200000,"{""type"":""MultiPoint"",""coordinates"":[]}"
356_0000000000000000021c,1116558776,88222268,38900,H1,051,01135861,440,A,41051,+45.5477107,-122.4173625,06,,G4020,Multnomah,Multnomah County,41,2022-11-22,77.33249919001835,1669075200000,"{""type"":""MultiPoint"",""coordinates"":[]}"
356_0000000000000000021e,1875846777,6127010,38900,H1,067,01155137,440,A,41067,+45.5535419,-123.0976146,06,,G4020,Washington,Washington County,41,2022-11-22,79.07594183063874,1669075200000,"{""type"":""MultiPoint"",""coordinates"":[]}"
357_0000000000000000021b,4845034547,31873103,38900,H1,005,01155127,440,A,41005,+45.1604934,-122.1951274,06,,G4020,Clackamas,Clackamas County,41,2022-11-23,93.14890503591315,1669161600000,"{""type"":""MultiPoint"",""coordinates"":[]}"
357_0000000000000000021c,1116558776,88222268,38900,H1,051,01135861,440,A,41051,+45.5477107,-122.4173625,06,,G4020,Multnomah,Multnomah County,41,2022-11-23,95.05708252732839,1669161600000,"{""type"":""MultiPoint"",""coordinates"":[]}"
357_0000000000000000021e,1875846777,6127010,38900,H1,067,01155137,440,A,41067,+45.5535419,-123.0976146,06,,G4020,Washington,Washington County,41,2022-11-23,95.06749477979484,1669161600000,"{""type"":""MultiPoint"",""coordinates"":[]}"
358_0000000000000000021b,4845034547,31873103,38900,H1,005,01155127,440,A,41005,+45.1604934,-122.1951274,06,,G4020,Clackamas,Clackamas County,41,2022-11-24,70.99854169160763,1669248000000,"{""type"":""MultiPoint"",""coordinates"":[]}"
358_0000000000000000021c,1116558776,88222268,38900,H1,051,01135861,440,A,41051,+45.5477107,-122.4173625,06,,G4020,Multnomah,Multnomah County,41,2022-11-24,77.27823250970687,1669248000000,"{""type"":""MultiPoint"",""coordinates"":[]}"
358_0000000000000000021e,1875846777,6127010,38900,H1,067,01155137,440,A,41067,+45.5535419,-123.0976146,06,,G4020,Washington,Washington County,41,2022-11-24,80.60086573390723,1669248000000,"{""type"":""MultiPoint"",""coordinates"":[]}"
359_0000000000000000021b,4845034547,31873103,38900,H1,005,01155127,440,A,41005,+45.1604934,-122.1951274,06,,G4020,Clackamas,Clackamas County,41,2022-11-25,65.82149991096468,1669334400000,"{""type"":""MultiPoint"",""coordinates"":[]}"
359_0000000000000000021c,1116558776,88222268,38900,H1,051,01135861,440,A,41051,+45.5477107,-122.4173625,06,,G4020,Multnomah,Multnomah County,41,2022-11-25,74.95368182906132,1669334400000,"{""type"":""MultiPoint"",""coordinates"":[]}"
359_0000000000000000021e,1875846777,6127010,38900,H1,067,01155137,440,A,41067,+45.5535419,-123.0976146,06,,G4020,Washington,Washington County,41,2022-11-25,76.39094050353202,1669334400000,"{""type"":""MultiPoint"",""coordinates"":[]}"
360_0000000000000000021b,4845034547,31873103,38900,H1,005,01155127,440,A,41005,+45.1604934,-122.1951274,06,,G4020,Clackamas,Clackamas County,41,2022-11-26,93.4073644198938,1669420800000,"{""type"":""MultiPoint"",""coordinates"":[]}"
360_0000000000000000021c,1116558776,88222268,38900,H1,051,01135861,440,A,41051,+45.5477107,-122.4173625,06,,G4020,Multnomah,Multnomah County,41,2022-11-26,95.82436462553311,1669420800000,"{""type"":""MultiPoint"",""coordinates"":[]}"
360_0000000000000000021e,1875846777,6127010,38900,H1,067,01155137,440,A,41067,+45.5535419,-123.0976146,06,,G4020,Washington,Washington County,41,2022-11-26,94.47175305408963,1669420800000,"{""type"":""MultiPoint"",""coordinates"":[]}"
361_0000000000000000021b,4845034547,31873103,38900,H1,005,01155127,440,A,41005,+45.1604934,-122.1951274,06,,G4020,Clackamas,Clackamas County,41,2022-11-27,92.09491789140522,1669507200000,"{""type"":""MultiPoint"",""coordinates"":[]}"
361_0000000000000000021c,1116558776,88222268,38900,H1,051,01135861,440,A,41051,+45.5477107,-122.4173625,06,,G4020,Multnomah,Multnomah County,41,2022-11-27,92.19506394576754,1669507200000,"{""type"":""MultiPoint"",""coordinates"":[]}"
361_0000000000000000021e,1875846777,6127010,38900,H1,067,01155137,440,A,41067,+45.5535419,-123.0976146,06,,G4020,Washington,Washington County,41,2022-11-27,91.71975073085683,1669507200000,"{""type"":""MultiPoint"",""coordinates"":[]}"
362_0000000000000000021b,4845034547,31873103,38900,H1,005,01155127,440,A,41005,+45.1604934,-122.1951274,06,,G4020,Clackamas,Clackamas County,41,2022-11-28,95.56891119273376,1669593600000,"{""type"":""MultiPoint"",""coordinates"":[]}"
362_0000000000000000021c,1116558776,88222268,38900,H1,051,01135861,440,A,41051,+45.5477107,-122.4173625,06,,G4020,Multnomah,Multnomah County,41,2022-11-28,96.16207836254097,1669593600000,"{""type"":""MultiPoint"",""coordinates"":[]}"
362_0000000000000000021e,1875846777,6127010,38900,H1,067,01155137,440,A,41067,+45.5535419,-123.0976146,06,,G4020,Washington,Washington County,41,2022-11-28,93.97326450414738,1669593600000,"{""type"":""MultiPoint"",""coordinates"":[]}"
363_0000000000000000021b,4845034547,31873103,38900,H1,005,01155127,440,A,41005,+45.1604934,-122.1951274,06,,G4020,Clackamas,Clackamas County,41,2022-11-29,91.74949930887112,1669680000000,"{""type"":""MultiPoint"",""coordinates"":[]}"
363_0000000000000000021c,1116558776,88222268,38900,H1,051,01135861,440,A,41051,+45.5477107,-122.4173625,06,,G4020,Multnomah,Multnomah County,41,2022-11-29,94.30459244401672,1669680000000,"{""type"":""MultiPoint"",""coordinates"":[]}"
363_0000000000000000021e,1875846777,6127010,38900,H1,067,01155137,440,A,41067,+45.5535419,-123.0976146,06,,G4020,Washington,Washington County,41,2022-11-29,91.59690286498106,1669680000000,"{""type"":""MultiPoint"",""coordinates"":[]}"
364_0000000000000000021b,4845034547,31873103,38900,H1,005,01155127,440,A,41005,+45.1604934,-122.1951274,06,,G4020,Clackamas,Clackamas County,41,2022-11-30,94.41731125472701,1669766400000,"{""type"":""MultiPoint"",""coordinates"":[]}"
364_0000000000000000021c,1116558776,88222268,38900,H1,051,01135861,440,A,41051,+45.5477107,-122.4173625,06,,G4020,Multnomah,Multnomah County,41,2022-11-30,96.28675691022192,1669766400000,"{""type"":""MultiPoint"",""coordinates"":[]}"
364_0000000000000000021e,1875846777,6127010,38900,H1,067,01155137,440,A,41067,+45.5535419,-123.0976146,06,,G4020,Washington,Washington County,41,2022-11-30,97.23647324890395,1669766400000,"{""type"":""MultiPoint"",""coordinates"":[]}"
365_0000000000000000021b,4845034547,31873103,38900,H1,005,01155127,440,A,41005,+45.1604934,-122.1951274,06,,G4020,Clackamas,Clackamas County,41,2022-12-01,91.11351729209554,1669852800000,"{""type"":""MultiPoint"",""coordinates"":[]}"
365_0000000000000000021c,1116558776,88222268,38900,H1,051,01135861,440,A,41051,+45.5477107,-122.4173625,06,,G4020,Multnomah,Multnomah County,41,2022-12-01,94.27261493456984,1669852800000,"{""type"":""MultiPoint"",""coordinates"":[]}"
365_0000000000000000021e,1875846777,6127010,38900,H1,067,01155137,440,A,41067,+45.5535419,-123.0976146,06,,G4020,Washington,Washington County,41,2022-12-01,95.15430881612716,1669852800000,"{""type"":""MultiPoint"",""coordinates"":[]}"
366_0000000000000000021b,4845034547,31873103,38900,H1,005,01155127,440,A,41005,+45.1604934,-122.1951274,06,,G4020,Clackamas,Clackamas County,41,2022-12-02,81.8750238952329,1669939200000,"{""type"":""MultiPoint"",""coordinates"":[]}"
366_0000000000000000021c,1116558776,88222268,38900,H1,051,01135861,440,A,41051,+45.5477107,-122.4173625,06,,G4020,Multnomah,Multnomah County,41,2022-12-02,86.25902773437691,1669939200000,"{""type"":""MultiPoint"",""coordinates"":[]}"
366_0000000000000000021e,1875846777,6127010,38900,H1,067,01155137,440,A,41067,+45.5535419,-123.0976146,06,,G4020,Washington,Washington County,41,2022-12-02,89.06940825625196,1669939200000,"{""type"":""MultiPoint"",""coordinates"":[]}"
367_0000000000000000021b,4845034547,31873103,38900,H1,005,01155127,440,A,41005,+45.1604934,-122.1951274,06,,G4020,Clackamas,Clackamas County,41,2022-12-03,68.4035695716903,1670025600000,"{""type"":""MultiPoint"",""coordinates"":[]}"
367_0000000000000000021c,1116558776,88222268,38900,H1,051,01135861,440,A,41051,+45.5477107,-122.4173625,06,,G4020,Multnomah,Multnomah County,41,2022-12-03,63.87361235173512,1670025600000,"{""type"":""MultiPoint"",""coordinates"":[]}"
367_0000000000000000021e,1875846777,6127010,38900,H1,067,01155137,440,A,41067,+45.5535419,-123.0976146,06,,G4020,Washington,Washington County,41,2022-12-03,65.08951913568087,1670025600000,"{""type"":""MultiPoint"",""coordinates"":[]}"
368_0000000000000000021b,4845034547,31873103,38900,H1,005,01155127,440,A,41005,+45.1604934,-122.1951274,06,,G4020,Clackamas,Clackamas County,41,2022-12-04,74.39475480040342,1670112000000,"{""type"":""MultiPoint"",""coordinates"":[]}"
368_0000000000000000021c,1116558776,88222268,38900,H1,051,01135861,440,A,41051,+45.5477107,-122.4173625,06,,G4020,Multnomah,Multnomah County,41,2022-12-04,65.54375675094082,1670112000000,"{""type"":""MultiPoint"",""coordinates"":[]}"
368_0000000000000000021e,1875846777,6127010,38900,H1,067,01155137,440,A,41067,+45.5535419,-123.0976146,06,,G4020,Washington,Washington County,41,2022-12-04,62.83079039768204,1670112000000,"{""type"":""MultiPoint"",""coordinates"":[]}"
369_0000000000000000021b,4845034547,31873103,38900,H1,005,01155127,440,A,41005,+45.1604934,-122.1951274,06,,G4020,Clackamas,Clackamas County,41,2022-12-05,90.07890617324082,1670198400000,"{""type"":""MultiPoint"",""coordinates"":[]}"
369_0000000000000000021c,1116558776,88222268,38900,H1,051,01135861,440,A,41051,+45.5477107,-122.4173625,06,,G4020,Multnomah,Multnomah County,41,2022-12-05,87.94890709255313,1670198400000,"{""type"":""MultiPoint"",""coordinates"":[]}"
369_0000000000000000021e,1875846777,6127010,38900,H1,067,01155137,440,A,41067,+45.5535419,-123.0976146,06,,G4020,Washington,Washington County,41,2022-12-05,89.77751768924244,1670198400000,"{""type"":""MultiPoint"",""coordinates"":[]}"
370_0000000000000000021b,4845034547,31873103,38900,H1,005,01155127,440,A,41005,+45.1604934,-122.1951274,06,,G4020,Clackamas,Clackamas County,41,2022-12-06,90.05884041708106,1670284800000,"{""type"":""MultiPoint"",""coordinates"":[]}"
370_0000000000000000021c,1116558776,88222268,38900,H1,051,01135861,440,A,41051,+45.5477107,-122.4173625,06,,G4020,Multnomah,Multnomah County,41,2022-12-06,87.88428072195435,1670284800000,"{""type"":""MultiPoint"",""coordinates"":[]}"
370_0000000000000000021e,1875846777,6127010,38900,H1,067,01155137,440,A,41067,+45.5535419,-123.0976146,06,,G4020,Washington,Washington County,41,2022-12-06,92.45953911081786,1670284800000,"{""type"":""MultiPoint"",""coordinates"":[]}"
371_0000000000000000021b,4845034547,31873103,38900,H1,005,01155127,440,A,41005,+45.1604934,-122.1951274,06,,G4020,Clackamas,Clackamas County,41,2022-12-07,86.57533589931991,1670371200000,"{""type"":""MultiPoint"",""coordinates"":[]}"
371_0000000000000000021c,1116558776,88222268,38900,H1,051,01135861,440,A,41051,+45.5477107,-122.4173625,06,,G4020,Multnomah,Multnomah County,41,2022-12-07,88.50156066366901,1670371200000,"{""type"":""MultiPoint"",""coordinates"":[]}"
371_0000000000000000021e,1875846777,6127010,38900,H1,067,01155137,440,A,41067,+45.5535419,-123.0976146,06,,G4020,Washington,Washington County,41,2022-12-07,91.89028612076399,1670371200000,"{""type"":""MultiPoint"",""coordinates"":[]}"
372_0000000000000000021b,4845034547,31873103,38900,H1,005,01155127,440,A,41005,+45.1604934,-122.1951274,06,,G4020,Clackamas,Clackamas County,41,2022-12-08,86.08175693606857,1670457600000,"{""type"":""MultiPoint"",""coordinates"":[]}"
372_0000000000000000021c,1116558776,88222268,38900,H1,051,01135861,440,A,41051,+45.5477107,-122.4173625,06,,G4020,Multnomah,Multnomah County,41,2022-12-08,89.90254286609296,1670457600000,"{""type"":""MultiPoint"",""coordinates"":[]}"
372_0000000000000000021e,1875846777,6127010,38900,H1,067,01155137,440,A,41067,+45.5535419,-123.0976146,06,,G4020,Washington,Washington County,41,2022-12-08,91.32783371984225,1670457600000,"{""type"":""MultiPoint"",""coordinates"":[]}"
373_0000000000000000021b,4845034547,31873103,38900,H1,005,01155127,440,A,41005,+45.1604934,-122.1951274,06,,G4020,Clackamas,Clackamas County,41,2022-12-09,93.57105776964814,1670544000000,"{""type"":""MultiPoint"",""coordinates"":[]}"
373_0000000000000000021c,1116558776,88222268,38900,H1,051,01135861,440,A,41051,+45.5477107,-122.4173625,06,,G4020,Multnomah,Multnomah County,41,2022-12-09,96.86385011012725,1670544000000,"{""type"":""MultiPoint"",""coordinates"":[]}"
373_0000000000000000021e,1875846777,6127010,38900,H1,067,01155137,440,A,41067,+45.5535419,-123.0976146,06,,G4020,Washington,Washington County,41,2022-12-09,98.36763106169698,1670544000000,"{""type"":""MultiPoint"",""coordinates"":[]}"
374_0000000000000000021b,4845034547,31873103,38900,H1,005,01155127,440,A,41005,+45.1604934,-122.1951274,06,,G4020,Clackamas,Clackamas County,41,2022-12-10,90.74681141223223,1670630400000,"{""type"":""MultiPoint"",""coordinates"":[]}"
374_0000000000000000021c,1116558776,88222268,38900,H1,051,01135861,440,A,41051,+45.5477107,-122.4173625,06,,G4020,Multnomah,Multnomah County,41,2022-12-10,95.65532119982986,1670630400000,"{""type"":""MultiPoint"",""coordinates"":[]}"
374_0000000000000000021e,1875846777,6127010,38900,H1,067,01155137,440,A,41067,+45.5535419,-123.0976146,06,,G4020,Washington,Washington County,41,2022-12-10,97.97995442735075,1670630400000,"{""type"":""MultiPoint"",""coordinates"":[]}"
375_0000000000000000021b,4845034547,31873103,38900,H1,005,01155127,440,A,41005,+45.1604934,-122.1951274,06,,G4020,Clackamas,Clackamas County,41,2022-12-11,95.67253841785293,1670716800000,"{""type"":""MultiPoint"",""coordinates"":[]}"
375_0000000000000000021c,1116558776,88222268,38900,H1,051,01135861,440,A,41051,+45.5477107,-122.4173625,06,,G4020,Multnomah,Multnomah County,41,2022-12-11,96.7843256112195,1670716800000,"{""type"":""MultiPoint"",""coordinates"":[]}"
375_0000000000000000021e,1875846777,6127010,38900,H1,067,01155137,440,A,41067,+45.5535419,-123.0976146,06,,G4020,Washington,Washington County,41,2022-12-11,97.9756010963028,1670716800000,"{""type"":""MultiPoint"",""coordinates"":[]}"
376_0000000000000000021b,4845034547,31873103,38900,H1,005,01155127,440,A,41005,+45.1604934,-122.1951274,06,,G4020,Clackamas,Clackamas County,41,2022-12-12,95.19389811771181,1670803200000,"{""type"":""MultiPoint"",""coordinates"":[]}"
376_0000000000000000021c,1116558776,88222268,38900,H1,051,01135861,440,A,41051,+45.5477107,-122.4173625,06,,G4020,Multnomah,Multnomah County,41,2022-12-12,94.41296761858639,1670803200000,"{""type"":""MultiPoint"",""coordinates"":[]}"
376_0000000000000000021e,1875846777,6127010,38900,H1,067,01155137,440,A,41067,+45.5535419,-123.0976146,06,,G4020,Washington,Washington County,41,2022-12-12,92.05329080278433,1670803200000,"{""type"":""MultiPoint"",""coordinates"":[]}"
377_0000000000000000021b,4845034547,31873103,38900,H1,005,01155127,440,A,41005,+45.1604934,-122.1951274,06,,G4020,Clackamas,Clackamas County,41,2022-12-13,91.50988962859763,1670889600000,"{""type"":""MultiPoint"",""coordinates"":[]}"
377_0000000000000000021c,1116558776,88222268,38900,H1,051,01135861,440,A,41051,+45.5477107,-122.4173625,06,,G4020,Multnomah,Multnomah County,41,2022-12-13,90.59106727666783,1670889600000,"{""type"":""MultiPoint"",""coordinates"":[]}"
377_0000000000000000021e,1875846777,6127010,38900,H1,067,01155137,440,A,41067,+45.5535419,-123.0976146,06,,G4020,Washington,Washington County,41,2022-12-13,88.4688680677157,1670889600000,"{""type"":""MultiPoint"",""coordinates"":[]}"
378_0000000000000000021b,4845034547,31873103,38900,H1,005,01155127,440,A,41005,+45.1604934,-122.1951274,06,,G4020,Clackamas,Clackamas County,41,2022-12-14,88.17990954820395,1670976000000,"{""type"":""MultiPoint"",""coordinates"":[]}"
378_0000000000000000021c,1116558776,88222268,38900,H1,051,01135861,440,A,41051,+45.5477107,-122.4173625,06,,G4020,Multnomah,Multnomah County,41,2022-12-14,87.67020770963215,1670976000000,"{""type"":""MultiPoint"",""coordinates"":[]}"
378_0000000000000000021e,1875846777,6127010,38900,H1,067,01155137,440,A,41067,+45.5535419,-123.0976146,06,,G4020,Washington,Washington County,41,2022-12-14,85.21534143125102,1670976000000,"{""type"":""MultiPoint"",""coordinates"":[]}"
379_0000000000000000021b,4845034547,31873103,38900,H1,005,01155127,440,A,41005,+45.1604934,-122.1951274,06,,G4020,Clackamas,Clackamas County,41,2022-12-15,78.74261859682831,1671062400000,"{""type"":""MultiPoint"",""coordinates"":[]}"
379_0000000000000000021c,1116558776,88222268,38900,H1,051,01135861,440,A,41051,+45.5477107,-122.4173625,06,,G4020,Multnomah,Multnomah County,41,2022-12-15,81.99432148395842,1671062400000,"{""type"":""MultiPoint"",""coordinates"":[]}"
379_0000000000000000021e,1875846777,6127010,38900,H1,067,01155137,440,A,41067,+45.5535419,-123.0976146,06,,G4020,Washington,Washington County,41,2022-12-15,84.34293903709941,1671062400000,"{""type"":""MultiPoint"",""coordinates"":[]}"
380_0000000000000000021b,4845034547,31873103,38900,H1,005,01155127,440,A,41005,+45.1604934,-122.1951274,06,,G4020,Clackamas,Clackamas County,41,2022-12-16,72.45823770226416,1671148800000,"{""type"":""MultiPoint"",""coordinates"":[]}"
380_0000000000000000021c,1116558776,88222268,38900,H1,051,01135861,440,A,41051,+45.5477107,-122.4173625,06,,G4020,Multnomah,Multnomah County,41,2022-12-16,73.27239378620096,1671148800000,"{""type"":""MultiPoint"",""coordinates"":[]}"
380_0000000000000000021e,1875846777,6127010,38900,H1,067,01155137,440,A,41067,+45.5535419,-123.0976146,06,,G4020,Washington,Washington County,41,2022-12-16,69.35435058138516,1671148800000,"{""type"":""MultiPoint"",""coordinates"":[]}"
381_0000000000000000021b,4845034547,31873103,38900,H1,005,01155127,440,A,41005,+45.1604934,-122.1951274,06,,G4020,Clackamas,Clackamas County,41,2022-12-17,67.75004455825422,1671235200000,"{""type"":""MultiPoint"",""coordinates"":[]}"
381_0000000000000000021c,1116558776,88222268,38900,H1,051,01135861,440,A,41051,+45.5477107,-122.4173625,06,,G4020,Multnomah,Multnomah County,41,2022-12-17,72.78937256646533,1671235200000,"{""type"":""MultiPoint"",""coordinates"":[]}"
381_0000000000000000021e,1875846777,6127010,38900,H1,067,01155137,440,A,41067,+45.5535419,-123.0976146,06,,G4020,Washington,Washington County,41,2022-12-17,72.93060906457322,1671235200000,"{""type"":""MultiPoint"",""coordinates"":[]}"
382_0000000000000000021b,4845034547,31873103,38900,H1,005,01155127,440,A,41005,+45.1604934,-122.1951274,06,,G4020,Clackamas,Clackamas County,41,2022-12-18,87.16522283943364,1671321600000,"{""type"":""MultiPoint"",""coordinates"":[]}"
382_0000000000000000021c,1116558776,88222268,38900,H1,051,01135861,440,A,41051,+45.5477107,-122.4173625,06,,G4020,Multnomah,Multnomah County,41,2022-12-18,91.22214046054226,1671321600000,"{""type"":""MultiPoint"",""coordinates"":[]}"
382_0000000000000000021e,1875846777,6127010,38900,H1,067,01155137,440,A,41067,+45.5535419,-123.0976146,06,,G4020,Washington,Washington County,41,2022-12-18,93.03926425327383,1671321600000,"{""type"":""MultiPoint"",""coordinates"":[]}"
383_0000000000000000021b,4845034547,31873103,38900,H1,005,01155127,440,A,41005,+45.1604934,-122.1951274,06,,G4020,Clackamas,Clackamas County,41,2022-12-19,95.19696763441311,1671408000000,"{""type"":""MultiPoint"",""coordinates"":[]}"
383_0000000000000000021c,1116558776,88222268,38900,H1,051,01135861,440,A,41051,+45.5477107,-122.4173625,06,,G4020,Multnomah,Multnomah County,41,2022-12-19,96.14996868284899,1671408000000,"{""type"":""MultiPoint"",""coordinates"":[]}"
383_0000000000000000021e,1875846777,6127010,38900,H1,067,01155137,440,A,41067,+45.5535419,-123.0976146,06,,G4020,Washington,Washington County,41,2022-12-19,94.25802027314845,1671408000000,"{""type"":""MultiPoint"",""coordinates"":[]}"
384_0000000000000000021b,4845034547,31873103,38900,H1,005,01155127,440,A,41005,+45.1604934,-122.1951274,06,,G4020,Clackamas,Clackamas County,41,2022-12-20,92.93476921452445,1671494400000,"{""type"":""MultiPoint"",""coordinates"":[]}"
384_0000000000000000021c,1116558776,88222268,38900,H1,051,01135861,440,A,41051,+45.5477107,-122.4173625,06,,G4020,Multnomah,Multnomah County,41,2022-12-20,97.59153386553213,1671494400000,"{""type"":""MultiPoint"",""coordinates"":[]}"
384_0000000000000000021e,1875846777,6127010,38900,H1,067,01155137,440,A,41067,+45.5535419,-123.0976146,06,,G4020,Washington,Washington County,41,2022-12-20,98.68891497948361,1671494400000,"{""type"":""MultiPoint"",""coordinates"":[]}"
385_0000000000000000021b,4845034547,31873103,38900,H1,005,01155127,440,A,41005,+45.1604934,-122.1951274,06,,G4020,Clackamas,Clackamas County,41,2022-12-21,91.40275171007633,1671580800000,"{""type"":""MultiPoint"",""coordinates"":[]}"
385_0000000000000000021c,1116558776,88222268,38900,H1,051,01135861,440,A,41051,+45.5477107,-122.4173625,06,,G4020,Multnomah,Multnomah County,41,2022-12-21,88.10110932285171,1671580800000,"{""type"":""MultiPoint"",""coordinates"":[]}"
385_0000000000000000021e,1875846777,6127010,38900,H1,067,01155137,440,A,41067,+45.5535419,-123.0976146,06,,G4020,Washington,Washington County,41,2022-12-21,89.39424827758334,1671580800000,"{""type"":""MultiPoint"",""coordinates"":[]}"
386_0000000000000000021b,4845034547,31873103,38900,H1,005,01155127,440,A,41005,+45.1604934,-122.1951274,06,,G4020,Clackamas,Clackamas County,41,2022-12-22,53.42529963253113,1671667200000,"{""type"":""MultiPoint"",""coordinates"":[]}"
386_0000000000000000021c,1116558776,88222268,38900,H1,051,01135861,440,A,41051,+45.5477107,-122.4173625,06,,G4020,Multnomah,Multnomah County,41,2022-12-22,43.262391247099735,1671667200000,"{""type"":""MultiPoint"",""coordinates"":[]}"
386_0000000000000000021e,1875846777,6127010,38900,H1,067,01155137,440,A,41067,+45.5535419,-123.0976146,06,,G4020,Washington,Washington County,41,2022-12-22,38.672467689825105,1671667200000,"{""type"":""MultiPoint"",""coordinates"":[]}"
387_0000000000000000021b,4845034547,31873103,38900,H1,005,01155127,440,A,41005,+45.1604934,-122.1951274,06,,G4020,Clackamas,Clackamas County,41,2022-12-23,83.6328532759007,1671753600000,"{""type"":""MultiPoint"",""coordinates"":[]}"
387_0000000000000000021c,1116558776,88222268,38900,H1,051,01135861,440,A,41051,+45.5477107,-122.4173625,06,,G4020,Multnomah,Multnomah County,41,2022-12-23,77.27694911843967,1671753600000,"{""type"":""MultiPoint"",""coordinates"":[]}"
387_0000000000000000021e,1875846777,6127010,38900,H1,067,01155137,440,A,41067,+45.5535419,-123.0976146,06,,G4020,Washington,Washington County,41,2022-12-23,81.67037713017578,1671753600000,"{""type"":""MultiPoint"",""coordinates"":[]}"
388_0000000000000000021b,4845034547,31873103,38900,H1,005,01155127,440,A,41005,+45.1604934,-122.1951274,06,,G4020,Clackamas,Clackamas County,41,2022-12-24,96.49059464679152,1671840000000,"{""type"":""MultiPoint"",""coordinates"":[]}"
388_0000000000000000021c,1116558776,88222268,38900,H1,051,01135861,440,A,41051,+45.5477107,-122.4173625,06,,G4020,Multnomah,Multnomah County,41,2022-12-24,96.8003955784181,1671840000000,"{""type"":""MultiPoint"",""coordinates"":[]}"
388_0000000000000000021e,1875846777,6127010,38900,H1,067,01155137,440,A,41067,+45.5535419,-123.0976146,06,,G4020,Washington,Washington County,41,2022-12-24,98.40196414741725,1671840000000,"{""type"":""MultiPoint"",""coordinates"":[]}"
389_0000000000000000021b,4845034547,31873103,38900,H1,005,01155127,440,A,41005,+45.1604934,-122.1951274,06,,G4020,Clackamas,Clackamas County,41,2022-12-25,98.48343115190046,1671926400000,"{""type"":""MultiPoint"",""coordinates"":[]}"
389_0000000000000000021c,1116558776,88222268,38900,H1,051,01135861,440,A,41051,+45.5477107,-122.4173625,06,,G4020,Multnomah,Multnomah County,41,2022-12-25,98.53190170716952,1671926400000,"{""type"":""MultiPoint"",""coordinates"":[]}"
389_0000000000000000021e,1875846777,6127010,38900,H1,067,01155137,440,A,41067,+45.5535419,-123.0976146,06,,G4020,Washington,Washington County,41,2022-12-25,99.04855508648475,1671926400000,"{""type"":""MultiPoint"",""coordinates"":[]}"
390_0000000000000000021b,4845034547,31873103,38900,H1,005,01155127,440,A,41005,+45.1604934,-122.1951274,06,,G4020,Clackamas,Clackamas County,41,2022-12-26,96.6852480265898,1672012800000,"{""type"":""MultiPoint"",""coordinates"":[]}"
390_0000000000000000021c,1116558776,88222268,38900,H1,051,01135861,440,A,41051,+45.5477107,-122.4173625,06,,G4020,Multnomah,Multnomah County,41,2022-12-26,96.79423909796644,1672012800000,"{""type"":""MultiPoint"",""coordinates"":[]}"
390_0000000000000000021e,1875846777,6127010,38900,H1,067,01155137,440,A,41067,+45.5535419,-123.0976146,06,,G4020,Washington,Washington County,41,2022-12-26,99.07441340006967,1672012800000,"{""type"":""MultiPoint"",""coordinates"":[]}"
391_0000000000000000021b,4845034547,31873103,38900,H1,005,01155127,440,A,41005,+45.1604934,-122.1951274,06,,G4020,Clackamas,Clackamas County,41,2022-12-27,95.41680710156315,1672099200000,"{""type"":""MultiPoint"",""coordinates"":[]}"
391_0000000000000000021c,1116558776,88222268,38900,H1,051,01135861,440,A,41051,+45.5477107,-122.4173625,06,,G4020,Multnomah,Multnomah County,41,2022-12-27,96.45894257694167,1672099200000,"{""type"":""MultiPoint"",""coordinates"":[]}"
391_0000000000000000021e,1875846777,6127010,38900,H1,067,01155137,440,A,41067,+45.5535419,-123.0976146,06,,G4020,Washington,Washington County,41,2022-12-27,98.3215947110837,1672099200000,"{""type"":""MultiPoint"",""coordinates"":[]}"
392_0000000000000000021b,4845034547,31873103,38900,H1,005,01155127,440,A,41005,+45.1604934,-122.1951274,06,,G4020,Clackamas,Clackamas County,41,2022-12-28,95.52057963683278,1672185600000,"{""type"":""MultiPoint"",""coordinates"":[]}"
392_0000000000000000021c,1116558776,88222268,38900,H1,051,01135861,440,A,41051,+45.5477107,-122.4173625,06,,G4020,Multnomah,Multnomah County,41,2022-12-28,96.81787520185442,1672185600000,"{""type"":""MultiPoint"",""coordinates"":[]}"
392_0000000000000000021e,1875846777,6127010,38900,H1,067,01155137,440,A,41067,+45.5535419,-123.0976146,06,,G4020,Washington,Washington County,41,2022-12-28,97.17322727010055,1672185600000,"{""type"":""MultiPoint"",""coordinates"":[]}"
393_0000000000000000021b,4845034547,31873103,38900,H1,005,01155127,440,A,41005,+45.1604934,-122.1951274,06,,G4020,Clackamas,Clackamas County,41,2022-12-29,95.16879889658074,1672272000000,"{""type"":""MultiPoint"",""coordinates"":[]}"
393_0000000000000000021c,1116558776,88222268,38900,H1,051,01135861,440,A,41051,+45.5477107,-122.4173625,06,,G4020,Multnomah,Multnomah County,41,2022-12-29,96.92958908010304,1672272000000,"{""type"":""MultiPoint"",""coordinates"":[]}"
393_0000000000000000021e,1875846777,6127010,38900,H1,067,01155137,440,A,41067,+45.5535419,-123.0976146,06,,G4020,Washington,Washington County,41,2022-12-29,97.5436422913373,1672272000000,"{""type"":""MultiPoint"",""coordinates"":[]}"
394_0000000000000000021b,4845034547,31873103,38900,H1,005,01155127,440,A,41005,+45.1604934,-122.1951274,06,,G4020,Clackamas,Clackamas County,41,2022-12-30,96.69996440802531,1672358400000,"{""type"":""MultiPoint"",""coordinates"":[]}"
394_0000000000000000021c,1116558776,88222268,38900,H1,051,01135861,440,A,41051,+45.5477107,-122.4173625,06,,G4020,Multnomah,Multnomah County,41,2022-12-30,97.35314693598666,1672358400000,"{""type"":""MultiPoint"",""coordinates"":[]}"
394_0000000000000000021e,1875846777,6127010,38900,H1,067,01155137,440,A,41067,+45.5535419,-123.0976146,06,,G4020,Washington,Washington County,41,2022-12-30,98.14476202856227,1672358400000,"{""type"":""MultiPoint"",""coordinates"":[]}"
395_0000000000000000021b,4845034547,31873103,38900,H1,005,01155127,440,A,41005,+45.1604934,-122.1951274,06,,G4020,Clackamas,Clackamas County,41,2022-12-31,95.56664789905857,1672444800000,"{""type"":""MultiPoint"",""coordinates"":[]}"
395_0000000000000000021c,1116558776,88222268,38900,H1,051,01135861,440,A,41051,+45.5477107,-122.4173625,06,,G4020,Multnomah,Multnomah County,41,2022-12-31,96.86729231565015,1672444800000,"{""type"":""MultiPoint"",""coordinates"":[]}"
395_0000000000000000021e,1875846777,6127010,38900,H1,067,01155137,440,A,41067,+45.5535419,-123.0976146,06,,G4020,Washington,Washington County,41,2022-12-31,95.86939219087172,1672444800000,"{""type"":""MultiPoint"",""coordinates"":[]}"
396_0000000000000000021b,4845034547,31873103,38900,H1,005,01155127,440,A,41005,+45.1604934,-122.1951274,06,,G4020,Clackamas,Clackamas County,41,2023-01-01,91.5655120025721,1672531200000,"{""type"":""MultiPoint"",""coordinates"":[]}"
396_0000000000000000021c,1116558776,88222268,38900,H1,051,01135861,440,A,41051,+45.5477107,-122.4173625,06,,G4020,Multnomah,Multnomah County,41,2023-01-01,93.5552846933852,1672531200000,"{""type"":""MultiPoint"",""coordinates"":[]}"
396_0000000000000000021e,1875846777,6127010,38900,H1,067,01155137,440,A,41067,+45.5535419,-123.0976146,06,,G4020,Washington,Washington County,41,2023-01-01,92.49731553074871,1672531200000,"{""type"":""MultiPoint"",""coordinates"":[]}"
397_0000000000000000021b,4845034547,31873103,38900,H1,005,01155127,440,A,41005,+45.1604934,-122.1951274,06,,G4020,Clackamas,Clackamas County,41,2023-01-02,80.98485312818902,1672617600000,"{""type"":""MultiPoint"",""coordinates"":[]}"
397_0000000000000000021c,1116558776,88222268,38900,H1,051,01135861,440,A,41051,+45.5477107,-122.4173625,06,,G4020,Multnomah,Multnomah County,41,2023-01-02,82.75246163887408,1672617600000,"{""type"":""MultiPoint"",""coordinates"":[]}"
397_0000000000000000021e,1875846777,6127010,38900,H1,067,01155137,440,A,41067,+45.5535419,-123.0976146,06,,G4020,Washington,Washington County,41,2023-01-02,85.05467392573104,1672617600000,"{""type"":""MultiPoint"",""coordinates"":[]}"
398_0000000000000000021b,4845034547,31873103,38900,H1,005,01155127,440,A,41005,+45.1604934,-122.1951274,06,,G4020,Clackamas,Clackamas County,41,2023-01-03,85.52030612266671,1672704000000,"{""type"":""MultiPoint"",""coordinates"":[]}"
398_0000000000000000021c,1116558776,88222268,38900,H1,051,01135861,440,A,41051,+45.5477107,-122.4173625,06,,G4020,Multnomah,Multnomah County,41,2023-01-03,86.19239611539349,1672704000000,"{""type"":""MultiPoint"",""coordinates"":[]}"
398_0000000000000000021e,1875846777,6127010,38900,H1,067,01155137,440,A,41067,+45.5535419,-123.0976146,06,,G4020,Washington,Washington County,41,2023-01-03,90.96313853901381,1672704000000,"{""type"":""MultiPoint"",""coordinates"":[]}"
399_0000000000000000021b,4845034547,31873103,38900,H1,005,01155127,440,A,41005,+45.1604934,-122.1951274,06,,G4020,Clackamas,Clackamas County,41,2023-01-04,86.81697326944392,1672790400000,"{""type"":""MultiPoint"",""coordinates"":[]}"
399_0000000000000000021c,1116558776,88222268,38900,H1,051,01135861,440,A,41051,+45.5477107,-122.4173625,06,,G4020,Multnomah,Multnomah County,41,2023-01-04,85.80039677219308,1672790400000,"{""type"":""MultiPoint"",""coordinates"":[]}"
399_0000000000000000021e,1875846777,6127010,38900,H1,067,01155137,440,A,41067,+45.5535419,-123.0976146,06,,G4020,Washington,Washington County,41,2023-01-04,90.0421371289669,1672790400000,"{""type"":""MultiPoint"",""coordinates"":[]}"
400_0000000000000000021b,4845034547,31873103,38900,H1,005,01155127,440,A,41005,+45.1604934,-122.1951274,06,,G4020,Clackamas,Clackamas County,41,2023-01-05,73.64471046992401,1672876800000,"{""type"":""MultiPoint"",""coordinates"":[]}"
400_0000000000000000021c,1116558776,88222268,38900,H1,051,01135861,440,A,41051,+45.5477107,-122.4173625,06,,G4020,Multnomah,Multnomah County,41,2023-01-05,72.93088821013681,1672876800000,"{""type"":""MultiPoint"",""coordinates"":[]}"
400_0000000000000000021e,1875846777,6127010,38900,H1,067,01155137,440,A,41067,+45.5535419,-123.0976146,06,,G4020,Washington,Washington County,41,2023-01-05,76.15491096466488,1672876800000,"{""type"":""MultiPoint"",""coordinates"":[]}"
401_0000000000000000021b,4845034547,31873103,38900,H1,005,01155127,440,A,41005,+45.1604934,-122.1951274,06,,G4020,Clackamas,Clackamas County,41,2023-01-06,85.43336989550207,1672963200000,"{""type"":""MultiPoint"",""coordinates"":[]}"
401_0000000000000000021c,1116558776,88222268,38900,H1,051,01135861,440,A,41051,+45.5477107,-122.4173625,06,,G4020,Multnomah,Multnomah County,41,2023-01-06,90.05126716658,1672963200000,"{""type"":""MultiPoint"",""coordinates"":[]}"
401_0000000000000000021e,1875846777,6127010,38900,H1,067,01155137,440,A,41067,+45.5535419,-123.0976146,06,,G4020,Washington,Washington County,41,2023-01-06,92.03207248359325,1672963200000,"{""type"":""MultiPoint"",""coordinates"":[]}"
402_0000000000000000021b,4845034547,31873103,38900,H1,005,01155127,440,A,41005,+45.1604934,-122.1951274,06,,G4020,Clackamas,Clackamas County,41,2023-01-07,87.84339692306345,1673049600000,"{""type"":""MultiPoint"",""coordinates"":[]}"
402_0000000000000000021c,1116558776,88222268,38900,H1,051,01135861,440,A,41051,+45.5477107,-122.4173625,06,,G4020,Multnomah,Multnomah County,41,2023-01-07,91.16445426920899,1673049600000,"{""type"":""MultiPoint"",""coordinates"":[]}"
402_0000000000000000021e,1875846777,6127010,38900,H1,067,01155137,440,A,41067,+45.5535419,-123.0976146,06,,G4020,Washington,Washington County,41,2023-01-07,96.72599358713019,1673049600000,"{""type"":""MultiPoint"",""coordinates"":[]}"
403_0000000000000000021b,4845034547,31873103,38900,H1,005,01155127,440,A,41005,+45.1604934,-122.1951274,06,,G4020,Clackamas,Clackamas County,41,2023-01-08,90.80569211981087,1673136000000,"{""type"":""MultiPoint"",""coordinates"":[]}"
403_0000000000000000021c,1116558776,88222268,38900,H1,051,01135861,440,A,41051,+45.5477107,-122.4173625,06,,G4020,Multnomah,Multnomah County,41,2023-01-08,93.07199527945109,1673136000000,"{""type"":""MultiPoint"",""coordinates"":[]}"
403_0000000000000000021e,1875846777,6127010,38900,H1,067,01155137,440,A,41067,+45.5535419,-123.0976146,06,,G4020,Washington,Washington County,41,2023-01-08,96.1276474027444,1673136000000,"{""type"":""MultiPoint"",""coordinates"":[]}"
404_0000000000000000021b,4845034547,31873103,38900,H1,005,01155127,440,A,41005,+45.1604934,-122.1951274,06,,G4020,Clackamas,Clackamas County,41,2023-01-09,87.24046090064363,1673222400000,"{""type"":""MultiPoint"",""coordinates"":[]}"
404_0000000000000000021c,1116558776,88222268,38900,H1,051,01135861,440,A,41051,+45.5477107,-122.4173625,06,,G4020,Multnomah,Multnomah County,41,2023-01-09,90.27621807050237,1673222400000,"{""type"":""MultiPoint"",""coordinates"":[]}"
404_0000000000000000021e,1875846777,6127010,38900,H1,067,01155137,440,A,41067,+45.5535419,-123.0976146,06,,G4020,Washington,Washington County,41,2023-01-09,93.56638489331121,1673222400000,"{""type"":""MultiPoint"",""coordinates"":[]}"
405_0000000000000000021b,4845034547,31873103,38900,H1,005,01155127,440,A,41005,+45.1604934,-122.1951274,06,,G4020,Clackamas,Clackamas County,41,2023-01-10,78.15212908224468,1673308800000,"{""type"":""MultiPoint"",""coordinates"":[]}"
405_0000000000000000021c,1116558776,88222268,38900,H1,051,01135861,440,A,41051,+45.5477107,-122.4173625,06,,G4020,Multnomah,Multnomah County,41,2023-01-10,84.70748307323018,1673308800000,"{""type"":""MultiPoint"",""coordinates"":[]}"
405_0000000000000000021e,1875846777,6127010,38900,H1,067,01155137,440,A,41067,+45.5535419,-123.0976146,06,,G4020,Washington,Washington County,41,2023-01-10,86.6977610349273,1673308800000,"{""type"":""MultiPoint"",""coordinates"":[]}"
406_0000000000000000021b,4845034547,31873103,38900,H1,005,01155127,440,A,41005,+45.1604934,-122.1951274,06,,G4020,Clackamas,Clackamas County,41,2023-01-11,83.74149824412447,1673395200000,"{""type"":""MultiPoint"",""coordinates"":[]}"
406_0000000000000000021c,1116558776,88222268,38900,H1,051,01135861,440,A,41051,+45.5477107,-122.4173625,06,,G4020,Multnomah,Multnomah County,41,2023-01-11,84.18280410599951,1673395200000,"{""type"":""MultiPoint"",""coordinates"":[]}"
406_0000000000000000021e,1875846777,6127010,38900,H1,067,01155137,440,A,41067,+45.5535419,-123.0976146,06,,G4020,Washington,Washington County,41,2023-01-11,86.58755147262077,1673395200000,"{""type"":""MultiPoint"",""coordinates"":[]}"
407_0000000000000000021b,4845034547,31873103,38900,H1,005,01155127,440,A,41005,+45.1604934,-122.1951274,06,,G4020,Clackamas,Clackamas County,41,2023-01-12,92.67251241728694,1673481600000,"{""type"":""MultiPoint"",""coordinates"":[]}"
407_0000000000000000021c,1116558776,88222268,38900,H1,051,01135861,440,A,41051,+45.5477107,-122.4173625,06,,G4020,Multnomah,Multnomah County,41,2023-01-12,94.23324242404821,1673481600000,"{""type"":""MultiPoint"",""coordinates"":[]}"
407_0000000000000000021e,1875846777,6127010,38900,H1,067,01155137,440,A,41067,+45.5535419,-123.0976146,06,,G4020,Washington,Washington County,41,2023-01-12,97.2634740716729,1673481600000,"{""type"":""MultiPoint"",""coordinates"":[]}"
408_0000000000000000021b,4845034547,31873103,38900,H1,005,01155127,440,A,41005,+45.1604934,-122.1951274,06,,G4020,Clackamas,Clackamas County,41,2023-01-13,90.70818025694291,1673568000000,"{""type"":""MultiPoint"",""coordinates"":[]}"
408_0000000000000000021c,1116558776,88222268,38900,H1,051,01135861,440,A,41051,+45.5477107,-122.4173625,06,,G4020,Multnomah,Multnomah County,41,2023-01-13,94.49716727812012,1673568000000,"{""type"":""MultiPoint"",""coordinates"":[]}"
408_0000000000000000021e,1875846777,6127010,38900,H1,067,01155137,440,A,41067,+45.5535419,-123.0976146,06,,G4020,Washington,Washington County,41,2023-01-13,96.71460662890928,1673568000000,"{""type"":""MultiPoint"",""coordinates"":[]}"
409_0000000000000000021b,4845034547,31873103,38900,H1,005,01155127,440,A,41005,+45.1604934,-122.1951274,06,,G4020,Clackamas,Clackamas County,41,2023-01-14,92.70489921292862,1673654400000,"{""type"":""MultiPoint"",""coordinates"":[]}"
409_0000000000000000021c,1116558776,88222268,38900,H1,051,01135861,440,A,41051,+45.5477107,-122.4173625,06,,G4020,Multnomah,Multnomah County,41,2023-01-14,94.78083091073383,1673654400000,"{""type"":""MultiPoint"",""coordinates"":[]}"
409_0000000000000000021e,1875846777,6127010,38900,H1,067,01155137,440,A,41067,+45.5535419,-123.0976146,06,,G4020,Washington,Washington County,41,2023-01-14,97.17159593673135,1673654400000,"{""type"":""MultiPoint"",""coordinates"":[]}"
410_0000000000000000021b,4845034547,31873103,38900,H1,005,01155127,440,A,41005,+45.1604934,-122.1951274,06,,G4020,Clackamas,Clackamas County,41,2023-01-15,93.7168481511136,1673740800000,"{""type"":""MultiPoint"",""coordinates"":[]}"
410_0000000000000000021c,1116558776,88222268,38900,H1,051,01135861,440,A,41051,+45.5477107,-122.4173625,06,,G4020,Multnomah,Multnomah County,41,2023-01-15,96.07562686600617,1673740800000,"{""type"":""MultiPoint"",""coordinates"":[]}"
410_0000000000000000021e,1875846777,6127010,38900,H1,067,01155137,440,A,41067,+45.5535419,-123.0976146,06,,G4020,Washington,Washington County,41,2023-01-15,97.08036499993358,1673740800000,"{""type"":""MultiPoint"",""coordinates"":[]}"
411_0000000000000000021b,4845034547,31873103,38900,H1,005,01155127,440,A,41005,+45.1604934,-122.1951274,06,,G4020,Clackamas,Clackamas County,41,2023-01-16,91.30448412699673,1673827200000,"{""type"":""MultiPoint"",""coordinates"":[]}"
411_0000000000000000021c,1116558776,88222268,38900,H1,051,01135861,440,A,41051,+45.5477107,-122.4173625,06,,G4020,Multnomah,Multnomah County,41,2023-01-16,93.28413295828584,1673827200000,"{""type"":""MultiPoint"",""coordinates"":[]}"
411_0000000000000000021e,1875846777,6127010,38900,H1,067,01155137,440,A,41067,+45.5535419,-123.0976146,06,,G4020,Washington,Washington County,41,2023-01-16,96.27158566011668,1673827200000,"{""type"":""MultiPoint"",""coordinates"":[]}"
412_0000000000000000021b,4845034547,31873103,38900,H1,005,01155127,440,A,41005,+45.1604934,-122.1951274,06,,G4020,Clackamas,Clackamas County,41,2023-01-17,92.93345926020719,1673913600000,"{""type"":""MultiPoint"",""coordinates"":[]}"
412_0000000000000000021c,1116558776,88222268,38900,H1,051,01135861,440,A,41051,+45.5477107,-122.4173625,06,,G4020,Multnomah,Multnomah County,41,2023-01-17,95.35345669367875,1673913600000,"{""type"":""MultiPoint"",""coordinates"":[]}"
412_0000000000000000021e,1875846777,6127010,38900,H1,067,01155137,440,A,41067,+45.5535419,-123.0976146,06,,G4020,Washington,Washington County,41,2023-01-17,96.13035035991462,1673913600000,"{""type"":""MultiPoint"",""coordinates"":[]}"
413_0000000000000000021b,4845034547,31873103,38900,H1,005,01155127,440,A,41005,+45.1604934,-122.1951274,06,,G4020,Clackamas,Clackamas County,41,2023-01-18,89.07574342335631,1674000000000,"{""type"":""MultiPoint"",""coordinates"":[]}"
413_0000000000000000021c,1116558776,88222268,38900,H1,051,01135861,440,A,41051,+45.5477107,-122.4173625,06,,G4020,Multnomah,Multnomah County,41,2023-01-18,94.43909851858977,1674000000000,"{""type"":""MultiPoint"",""coordinates"":[]}"
413_0000000000000000021e,1875846777,6127010,38900,H1,067,01155137,440,A,41067,+45.5535419,-123.0976146,06,,G4020,Washington,Washington County,41,2023-01-18,95.36143282831317,1674000000000,"{""type"":""MultiPoint"",""coordinates"":[]}"
414_0000000000000000021b,4845034547,31873103,38900,H1,005,01155127,440,A,41005,+45.1604934,-122.1951274,06,,G4020,Clackamas,Clackamas County,41,2023-01-19,92.15875286797817,1674086400000,"{""type"":""MultiPoint"",""coordinates"":[]}"
414_0000000000000000021c,1116558776,88222268,38900,H1,051,01135861,440,A,41051,+45.5477107,-122.4173625,06,,G4020,Multnomah,Multnomah County,41,2023-01-19,94.4637565014856,1674086400000,"{""type"":""MultiPoint"",""coordinates"":[]}"
414_0000000000000000021e,1875846777,6127010,38900,H1,067,01155137,440,A,41067,+45.5535419,-123.0976146,06,,G4020,Washington,Washington County,41,2023-01-19,93.17758465395968,1674086400000,"{""type"":""MultiPoint"",""coordinates"":[]}"
415_0000000000000000021b,4845034547,31873103,38900,H1,005,01155127,440,A,41005,+45.1604934,-122.1951274,06,,G4020,Clackamas,Clackamas County,41,2023-01-20,78.73517508706213,1674172800000,"{""type"":""MultiPoint"",""coordinates"":[]}"
415_0000000000000000021c,1116558776,88222268,38900,H1,051,01135861,440,A,41051,+45.5477107,-122.4173625,06,,G4020,Multnomah,Multnomah County,41,2023-01-20,86.28360550799133,1674172800000,"{""type"":""MultiPoint"",""coordinates"":[]}"
415_0000000000000000021e,1875846777,6127010,38900,H1,067,01155137,440,A,41067,+45.5535419,-123.0976146,06,,G4020,Washington,Washington County,41,2023-01-20,87.57098876151785,1674172800000,"{""type"":""MultiPoint"",""coordinates"":[]}"
416_0000000000000000021b,4845034547,31873103,38900,H1,005,01155127,440,A,41005,+45.1604934,-122.1951274,06,,G4020,Clackamas,Clackamas County,41,2023-01-21,74.8932347507309,1674259200000,"{""type"":""MultiPoint"",""coordinates"":[]}"
416_0000000000000000021c,1116558776,88222268,38900,H1,051,01135861,440,A,41051,+45.5477107,-122.4173625,06,,G4020,Multnomah,Multnomah County,41,2023-01-21,84.08993730829916,1674259200000,"{""type"":""MultiPoint"",""coordinates"":[]}"
416_0000000000000000021e,1875846777,6127010,38900,H1,067,01155137,440,A,41067,+45.5535419,-123.0976146,06,,G4020,Washington,Washington County,41,2023-01-21,86.45109675545362,1674259200000,"{""type"":""MultiPoint"",""coordinates"":[]}"
417_0000000000000000021b,4845034547,31873103,38900,H1,005,01155127,440,A,41005,+45.1604934,-122.1951274,06,,G4020,Clackamas,Clackamas County,41,2023-01-22,92.06919576095522,1674345600000,"{""type"":""MultiPoint"",""coordinates"":[]}"
417_0000000000000000021c,1116558776,88222268,38900,H1,051,01135861,440,A,41051,+45.5477107,-122.4173625,06,,G4020,Multnomah,Multnomah County,41,2023-01-22,95.59106127278741,1674345600000,"{""type"":""MultiPoint"",""coordinates"":[]}"
417_0000000000000000021e,1875846777,6127010,38900,H1,067,01155137,440,A,41067,+45.5535419,-123.0976146,06,,G4020,Washington,Washington County,41,2023-01-22,93.37229219539384,1674345600000,"{""type"":""MultiPoint"",""coordinates"":[]}"
418_0000000000000000021b,4845034547,31873103,38900,H1,005,01155127,440,A,41005,+45.1604934,-122.1951274,06,,G4020,Clackamas,Clackamas County,41,2023-01-23,86.65488781552108,1674432000000,"{""type"":""MultiPoint"",""coordinates"":[]}"
418_0000000000000000021c,1116558776,88222268,38900,H1,051,01135861,440,A,41051,+45.5477107,-122.4173625,06,,G4020,Multnomah,Multnomah County,41,2023-01-23,90.47508057256502,1674432000000,"{""type"":""MultiPoint"",""coordinates"":[]}"
418_0000000000000000021e,1875846777,6127010,38900,H1,067,01155137,440,A,41067,+45.5535419,-123.0976146,06,,G4020,Washington,Washington County,41,2023-01-23,87.84090110744405,1674432000000,"{""type"":""MultiPoint"",""coordinates"":[]}"
419_0000000000000000021b,4845034547,31873103,38900,H1,005,01155127,440,A,41005,+45.1604934,-122.1951274,06,,G4020,Clackamas,Clackamas County,41,2023-01-24,81.8166149391778,1674518400000,"{""type"":""MultiPoint"",""coordinates"":[]}"
419_0000000000000000021c,1116558776,88222268,38900,H1,051,01135861,440,A,41051,+45.5477107,-122.4173625,06,,G4020,Multnomah,Multnomah County,41,2023-01-24,86.3260172443836,1674518400000,"{""type"":""MultiPoint"",""coordinates"":[]}"
419_0000000000000000021e,1875846777,6127010,38900,H1,067,01155137,440,A,41067,+45.5535419,-123.0976146,06,,G4020,Washington,Washington County,41,2023-01-24,87.86572616260862,1674518400000,"{""type"":""MultiPoint"",""coordinates"":[]}"
420_0000000000000000021b,4845034547,31873103,38900,H1,005,01155127,440,A,41005,+45.1604934,-122.1951274,06,,G4020,Clackamas,Clackamas County,41,2023-01-25,89.92064163931283,1674604800000,"{""type"":""MultiPoint"",""coordinates"":[]}"
420_0000000000000000021c,1116558776,88222268,38900,H1,051,01135861,440,A,41051,+45.5477107,-122.4173625,06,,G4020,Multnomah,Multnomah County,41,2023-01-25,90.7979651423974,1674604800000,"{""type"":""MultiPoint"",""coordinates"":[]}"
420_0000000000000000021e,1875846777,6127010,38900,H1,067,01155137,440,A,41067,+45.5535419,-123.0976146,06,,G4020,Washington,Washington County,41,2023-01-25,90.86194093232307,1674604800000,"{""type"":""MultiPoint"",""coordinates"":[]}"
421_0000000000000000021b,4845034547,31873103,38900,H1,005,01155127,440,A,41005,+45.1604934,-122.1951274,06,,G4020,Clackamas,Clackamas County,41,2023-01-26,85.14106790056941,1674691200000,"{""type"":""MultiPoint"",""coordinates"":[]}"
421_0000000000000000021c,1116558776,88222268,38900,H1,051,01135861,440,A,41051,+45.5477107,-122.4173625,06,,G4020,Multnomah,Multnomah County,41,2023-01-26,89.16389501165614,1674691200000,"{""type"":""MultiPoint"",""coordinates"":[]}"
421_0000000000000000021e,1875846777,6127010,38900,H1,067,01155137,440,A,41067,+45.5535419,-123.0976146,06,,G4020,Washington,Washington County,41,2023-01-26,88.8125945805643,1674691200000,"{""type"":""MultiPoint"",""coordinates"":[]}"
422_0000000000000000021b,4845034547,31873103,38900,H1,005,01155127,440,A,41005,+45.1604934,-122.1951274,06,,G4020,Clackamas,Clackamas County,41,2023-01-27,94.93297785324523,1674777600000,"{""type"":""MultiPoint"",""coordinates"":[]}"
422_0000000000000000021c,1116558776,88222268,38900,H1,051,01135861,440,A,41051,+45.5477107,-122.4173625,06,,G4020,Multnomah,Multnomah County,41,2023-01-27,94.63671702498507,1674777600000,"{""type"":""MultiPoint"",""coordinates"":[]}"
422_0000000000000000021e,1875846777,6127010,38900,H1,067,01155137,440,A,41067,+45.5535419,-123.0976146,06,,G4020,Washington,Washington County,41,2023-01-27,92.16816874662027,1674777600000,"{""type"":""MultiPoint"",""coordinates"":[]}"
423_0000000000000000021b,4845034547,31873103,38900,H1,005,01155127,440,A,41005,+45.1604934,-122.1951274,06,,G4020,Clackamas,Clackamas County,41,2023-01-28,95.46336818281196,1674864000000,"{""type"":""MultiPoint"",""coordinates"":[]}"
423_0000000000000000021c,1116558776,88222268,38900,H1,051,01135861,440,A,41051,+45.5477107,-122.4173625,06,,G4020,Multnomah,Multnomah County,41,2023-01-28,96.30852009013543,1674864000000,"{""type"":""MultiPoint"",""coordinates"":[]}"
423_0000000000000000021e,1875846777,6127010,38900,H1,067,01155137,440,A,41067,+45.5535419,-123.0976146,06,,G4020,Washington,Washington County,41,2023-01-28,92.64301322026311,1674864000000,"{""type"":""MultiPoint"",""coordinates"":[]}"
424_0000000000000000021b,4845034547,31873103,38900,H1,005,01155127,440,A,41005,+45.1604934,-122.1951274,06,,G4020,Clackamas,Clackamas County,41,2023-01-29,50.588250509789134,1674950400000,"{""type"":""MultiPoint"",""coordinates"":[]}"
424_0000000000000000021c,1116558776,88222268,38900,H1,051,01135861,440,A,41051,+45.5477107,-122.4173625,06,,G4020,Multnomah,Multnomah County,41,2023-01-29,50.546375904896394,1674950400000,"{""type"":""MultiPoint"",""coordinates"":[]}"
424_0000000000000000021e,1875846777,6127010,38900,H1,067,01155137,440,A,41067,+45.5535419,-123.0976146,06,,G4020,Washington,Washington County,41,2023-01-29,56.12867717272275,1674950400000,"{""type"":""MultiPoint"",""coordinates"":[]}"
425_0000000000000000021b,4845034547,31873103,38900,H1,005,01155127,440,A,41005,+45.1604934,-122.1951274,06,,G4020,Clackamas,Clackamas County,41,2023-01-30,39.08674116876702,1675036800000,"{""type"":""MultiPoint"",""coordinates"":[]}"
425_0000000000000000021c,1116558776,88222268,38900,H1,051,01135861,440,A,41051,+45.5477107,-122.4173625,06,,G4020,Multnomah,Multnomah County,41,2023-01-30,41.821844101903714,1675036800000,"{""type"":""MultiPoint"",""coordinates"":[]}"
425_0000000000000000021e,1875846777,6127010,38900,H1,067,01155137,440,A,41067,+45.5535419,-123.0976146,06,,G4020,Washington,Washington County,41,2023-01-30,40.947266106571554,1675036800000,"{""type"":""MultiPoint"",""coordinates"":[]}"
426_0000000000000000021b,4845034547,31873103,38900,H1,005,01155127,440,A,41005,+45.1604934,-122.1951274,06,,G4020,Clackamas,Clackamas County,41,2023-01-31,46.077423482806495,1675123200000,"{""type"":""MultiPoint"",""coordinates"":[]}"
426_0000000000000000021c,1116558776,88222268,38900,H1,051,01135861,440,A,41051,+45.5477107,-122.4173625,06,,G4020,Multnomah,Multnomah County,41,2023-01-31,54.11066916166551,1675123200000,"{""type"":""MultiPoint"",""coordinates"":[]}"
426_0000000000000000021e,1875846777,6127010,38900,H1,067,01155137,440,A,41067,+45.5535419,-123.0976146,06,,G4020,Washington,Washington County,41,2023-01-31,53.39672437222478,1675123200000,"{""type"":""MultiPoint"",""coordinates"":[]}"
427_0000000000000000021b,4845034547,31873103,38900,H1,005,01155127,440,A,41005,+45.1604934,-122.1951274,06,,G4020,Clackamas,Clackamas County,41,2023-02-01,52.873974206345146,1675209600000,"{""type"":""MultiPoint"",""coordinates"":[]}"
427_0000000000000000021c,1116558776,88222268,38900,H1,051,01135861,440,A,41051,+45.5477107,-122.4173625,06,,G4020,Multnomah,Multnomah County,41,2023-02-01,63.79775786172968,1675209600000,"{""type"":""MultiPoint"",""coordinates"":[]}"
427_0000000000000000021e,1875846777,6127010,38900,H1,067,01155137,440,A,41067,+45.5535419,-123.0976146,06,,G4020,Washington,Washington County,41,2023-02-01,61.5284581267412,1675209600000,"{""type"":""MultiPoint"",""coordinates"":[]}"
428_0000000000000000021b,4845034547,31873103,38900,H1,005,01155127,440,A,41005,+45.1604934,-122.1951274,06,,G4020,Clackamas,Clackamas County,41,2023-02-02,61.90125845253756,1675296000000,"{""type"":""MultiPoint"",""coordinates"":[]}"
428_0000000000000000021c,1116558776,88222268,38900,H1,051,01135861,440,A,41051,+45.5477107,-122.4173625,06,,G4020,Multnomah,Multnomah County,41,2023-02-02,68.18909057050253,1675296000000,"{""type"":""MultiPoint"",""coordinates"":[]}"
428_0000000000000000021e,1875846777,6127010,38900,H1,067,01155137,440,A,41067,+45.5535419,-123.0976146,06,,G4020,Washington,Washington County,41,2023-02-02,63.032968420388606,1675296000000,"{""type"":""MultiPoint"",""coordinates"":[]}"
429_0000000000000000021b,4845034547,31873103,38900,H1,005,01155127,440,A,41005,+45.1604934,-122.1951274,06,,G4020,Clackamas,Clackamas County,41,2023-02-03,72.32084567471493,1675382400000,"{""type"":""MultiPoint"",""coordinates"":[]}"
429_0000000000000000021c,1116558776,88222268,38900,H1,051,01135861,440,A,41051,+45.5477107,-122.4173625,06,,G4020,Multnomah,Multnomah County,41,2023-02-03,74.1372582649017,1675382400000,"{""type"":""MultiPoint"",""coordinates"":[]}"
429_0000000000000000021e,1875846777,6127010,38900,H1,067,01155137,440,A,41067,+45.5535419,-123.0976146,06,,G4020,Washington,Washington County,41,2023-02-03,75.40244682795334,1675382400000,"{""type"":""MultiPoint"",""coordinates"":[]}"
430_0000000000000000021b,4845034547,31873103,38900,H1,005,01155127,440,A,41005,+45.1604934,-122.1951274,06,,G4020,Clackamas,Clackamas County,41,2023-02-04,95.05881808912653,1675468800000,"{""type"":""MultiPoint"",""coordinates"":[]}"
430_0000000000000000021c,1116558776,88222268,38900,H1,051,01135861,440,A,41051,+45.5477107,-122.4173625,06,,G4020,Multnomah,Multnomah County,41,2023-02-04,96.16945642315503,1675468800000,"{""type"":""MultiPoint"",""coordinates"":[]}"
430_0000000000000000021e,1875846777,6127010,38900,H1,067,01155137,440,A,41067,+45.5535419,-123.0976146,06,,G4020,Washington,Washington County,41,2023-02-04,96.4289281637325,1675468800000,"{""type"":""MultiPoint"",""coordinates"":[]}"
431_0000000000000000021b,4845034547,31873103,38900,H1,005,01155127,440,A,41005,+45.1604934,-122.1951274,06,,G4020,Clackamas,Clackamas County,41,2023-02-05,94.63486231923615,1675555200000,"{""type"":""MultiPoint"",""coordinates"":[]}"
431_0000000000000000021c,1116558776,88222268,38900,H1,051,01135861,440,A,41051,+45.5477107,-122.4173625,06,,G4020,Multnomah,Multnomah County,41,2023-02-05,92.90107955206933,1675555200000,"{""type"":""MultiPoint"",""coordinates"":[]}"
431_0000000000000000021e,1875846777,6127010,38900,H1,067,01155137,440,A,41067,+45.5535419,-123.0976146,06,,G4020,Washington,Washington County,41,2023-02-05,93.44074085675938,1675555200000,"{""type"":""MultiPoint"",""coordinates"":[]}"
432_0000000000000000021b,4845034547,31873103,38900,H1,005,01155127,440,A,41005,+45.1604934,-122.1951274,06,,G4020,Clackamas,Clackamas County,41,2023-02-06,95.94393475258613,1675641600000,"{""type"":""MultiPoint"",""coordinates"":[]}"
432_0000000000000000021c,1116558776,88222268,38900,H1,051,01135861,440,A,41051,+45.5477107,-122.4173625,06,,G4020,Multnomah,Multnomah County,41,2023-02-06,96.820157422006,1675641600000,"{""type"":""MultiPoint"",""coordinates"":[]}"
432_0000000000000000021e,1875846777,6127010,38900,H1,067,01155137,440,A,41067,+45.5535419,-123.0976146,06,,G4020,Washington,Washington County,41,2023-02-06,94.61654019846507,1675641600000,"{""type"":""MultiPoint"",""coordinates"":[]}"
433_0000000000000000021b,4845034547,31873103,38900,H1,005,01155127,440,A,41005,+45.1604934,-122.1951274,06,,G4020,Clackamas,Clackamas County,41,2023-02-07,90.85171569653616,1675728000000,"{""type"":""MultiPoint"",""coordinates"":[]}"
433_0000000000000000021c,1116558776,88222268,38900,H1,051,01135861,440,A,41051,+45.5477107,-122.4173625,06,,G4020,Multnomah,Multnomah County,41,2023-02-07,92.8866680182879,1675728000000,"{""type"":""MultiPoint"",""coordinates"":[]}"
433_0000000000000000021e,1875846777,6127010,38900,H1,067,01155137,440,A,41067,+45.5535419,-123.0976146,06,,G4020,Washington,Washington County,41,2023-02-07,94.50110362461672,1675728000000,"{""type"":""MultiPoint"",""coordinates"":[]}"
434_0000000000000000021b,4845034547,31873103,38900,H1,005,01155127,440,A,41005,+45.1604934,-122.1951274,06,,G4020,Clackamas,Clackamas County,41,2023-02-08,89.07306684217262,1675814400000,"{""type"":""MultiPoint"",""coordinates"":[]}"
434_0000000000000000021c,1116558776,88222268,38900,H1,051,01135861,440,A,41051,+45.5477107,-122.4173625,06,,G4020,Multnomah,Multnomah County,41,2023-02-08,90.6138806131422,1675814400000,"{""type"":""MultiPoint"",""coordinates"":[]}"
434_0000000000000000021e,1875846777,6127010,38900,H1,067,01155137,440,A,41067,+45.5535419,-123.0976146,06,,G4020,Washington,Washington County,41,2023-02-08,89.15161805542806,1675814400000,"{""type"":""MultiPoint"",""coordinates"":[]}"
435_0000000000000000021b,4845034547,31873103,38900,H1,005,01155127,440,A,41005,+45.1604934,-122.1951274,06,,G4020,Clackamas,Clackamas County,41,2023-02-09,69.94768793125449,1675900800000,"{""type"":""MultiPoint"",""coordinates"":[]}"
435_0000000000000000021c,1116558776,88222268,38900,H1,051,01135861,440,A,41051,+45.5477107,-122.4173625,06,,G4020,Multnomah,Multnomah County,41,2023-02-09,72.99463542473978,1675900800000,"{""type"":""MultiPoint"",""coordinates"":[]}"
435_0000000000000000021e,1875846777,6127010,38900,H1,067,01155137,440,A,41067,+45.5535419,-123.0976146,06,,G4020,Washington,Washington County,41,2023-02-09,75.28991832349361,1675900800000,"{""type"":""MultiPoint"",""coordinates"":[]}"
436_0000000000000000021b,4845034547,31873103,38900,H1,005,01155127,440,A,41005,+45.1604934,-122.1951274,06,,G4020,Clackamas,Clackamas County,41,2023-02-10,87.81256884291986,1675987200000,"{""type"":""MultiPoint"",""coordinates"":[]}"
436_0000000000000000021c,1116558776,88222268,38900,H1,051,01135861,440,A,41051,+45.5477107,-122.4173625,06,,G4020,Multnomah,Multnomah County,41,2023-02-10,87.00904770040368,1675987200000,"{""type"":""MultiPoint"",""coordinates"":[]}"
436_0000000000000000021e,1875846777,6127010,38900,H1,067,01155137,440,A,41067,+45.5535419,-123.0976146,06,,G4020,Washington,Washington County,41,2023-02-10,87.98412774781849,1675987200000,"{""type"":""MultiPoint"",""coordinates"":[]}"
437_0000000000000000021b,4845034547,31873103,38900,H1,005,01155127,440,A,41005,+45.1604934,-122.1951274,06,,G4020,Clackamas,Clackamas County,41,2023-02-11,88.9420824303218,1676073600000,"{""type"":""MultiPoint"",""coordinates"":[]}"
437_0000000000000000021c,1116558776,88222268,38900,H1,051,01135861,440,A,41051,+45.5477107,-122.4173625,06,,G4020,Multnomah,Multnomah County,41,2023-02-11,85.64417791791526,1676073600000,"{""type"":""MultiPoint"",""coordinates"":[]}"
437_0000000000000000021e,1875846777,6127010,38900,H1,067,01155137,440,A,41067,+45.5535419,-123.0976146,06,,G4020,Washington,Washington County,41,2023-02-11,82.68430606357259,1676073600000,"{""type"":""MultiPoint"",""coordinates"":[]}"
438_0000000000000000021b,4845034547,31873103,38900,H1,005,01155127,440,A,41005,+45.1604934,-122.1951274,06,,G4020,Clackamas,Clackamas County,41,2023-02-12,78.14025891096927,1676160000000,"{""type"":""MultiPoint"",""coordinates"":[]}"
438_0000000000000000021c,1116558776,88222268,38900,H1,051,01135861,440,A,41051,+45.5477107,-122.4173625,06,,G4020,Multnomah,Multnomah County,41,2023-02-12,78.88081070251775,1676160000000,"{""type"":""MultiPoint"",""coordinates"":[]}"
438_0000000000000000021e,1875846777,6127010,38900,H1,067,01155137,440,A,41067,+45.5535419,-123.0976146,06,,G4020,Washington,Washington County,41,2023-02-12,76.76986062172674,1676160000000,"{""type"":""MultiPoint"",""coordinates"":[]}"
439_0000000000000000021b,4845034547,31873103,38900,H1,005,01155127,440,A,41005,+45.1604934,-122.1951274,06,,G4020,Clackamas,Clackamas County,41,2023-02-13,88.00048266633861,1676246400000,"{""type"":""MultiPoint"",""coordinates"":[]}"
439_0000000000000000021c,1116558776,88222268,38900,H1,051,01135861,440,A,41051,+45.5477107,-122.4173625,06,,G4020,Multnomah,Multnomah County,41,2023-02-13,88.97610812667001,1676246400000,"{""type"":""MultiPoint"",""coordinates"":[]}"
439_0000000000000000021e,1875846777,6127010,38900,H1,067,01155137,440,A,41067,+45.5535419,-123.0976146,06,,G4020,Washington,Washington County,41,2023-02-13,87.69739637279197,1676246400000,"{""type"":""MultiPoint"",""coordinates"":[]}"
440_0000000000000000021b,4845034547,31873103,38900,H1,005,01155127,440,A,41005,+45.1604934,-122.1951274,06,,G4020,Clackamas,Clackamas County,41,2023-02-14,84.63973756850969,1676332800000,"{""type"":""MultiPoint"",""coordinates"":[]}"
440_0000000000000000021c,1116558776,88222268,38900,H1,051,01135861,440,A,41051,+45.5477107,-122.4173625,06,,G4020,Multnomah,Multnomah County,41,2023-02-14,85.0444802711164,1676332800000,"{""type"":""MultiPoint"",""coordinates"":[]}"
440_0000000000000000021e,1875846777,6127010,38900,H1,067,01155137,440,A,41067,+45.5535419,-123.0976146,06,,G4020,Washington,Washington County,41,2023-02-14,81.92468979123508,1676332800000,"{""type"":""MultiPoint"",""coordinates"":[]}"
441_0000000000000000021b,4845034547,31873103,38900,H1,005,01155127,440,A,41005,+45.1604934,-122.1951274,06,,G4020,Clackamas,Clackamas County,41,2023-02-15,76.85936082336892,1676419200000,"{""type"":""MultiPoint"",""coordinates"":[]}"
441_0000000000000000021c,1116558776,88222268,38900,H1,051,01135861,440,A,41051,+45.5477107,-122.4173625,06,,G4020,Multnomah,Multnomah County,41,2023-02-15,77.39732148555797,1676419200000,"{""type"":""MultiPoint"",""coordinates"":[]}"
441_0000000000000000021e,1875846777,6127010,38900,H1,067,01155137,440,A,41067,+45.5535419,-123.0976146,06,,G4020,Washington,Washington County,41,2023-02-15,72.80531988914065,1676419200000,"{""type"":""MultiPoint"",""coordinates"":[]}"
442_0000000000000000021b,4845034547,31873103,38900,H1,005,01155127,440,A,41005,+45.1604934,-122.1951274,06,,G4020,Clackamas,Clackamas County,41,2023-02-16,71.3480561745536,1676505600000,"{""type"":""MultiPoint"",""coordinates"":[]}"
442_0000000000000000021c,1116558776,88222268,38900,H1,051,01135861,440,A,41051,+45.5477107,-122.4173625,06,,G4020,Multnomah,Multnomah County,41,2023-02-16,77.00067577057317,1676505600000,"{""type"":""MultiPoint"",""coordinates"":[]}"
442_0000000000000000021e,1875846777,6127010,38900,H1,067,01155137,440,A,41067,+45.5535419,-123.0976146,06,,G4020,Washington,Washington County,41,2023-02-16,77.34139013604441,1676505600000,"{""type"":""MultiPoint"",""coordinates"":[]}"
443_0000000000000000021b,4845034547,31873103,38900,H1,005,01155127,440,A,41005,+45.1604934,-122.1951274,06,,G4020,Clackamas,Clackamas County,41,2023-02-17,68.06586095197068,1676592000000,"{""type"":""MultiPoint"",""coordinates"":[]}"
443_0000000000000000021c,1116558776,88222268,38900,H1,051,01135861,440,A,41051,+45.5477107,-122.4173625,06,,G4020,Multnomah,Multnomah County,41,2023-02-17,71.5594187850053,1676592000000,"{""type"":""MultiPoint"",""coordinates"":[]}"
443_0000000000000000021e,1875846777,6127010,38900,H1,067,01155137,440,A,41067,+45.5535419,-123.0976146,06,,G4020,Washington,Washington County,41,2023-02-17,81.5859360619092,1676592000000,"{""type"":""MultiPoint"",""coordinates"":[]}"
444_0000000000000000021b,4845034547,31873103,38900,H1,005,01155127,440,A,41005,+45.1604934,-122.1951274,06,,G4020,Clackamas,Clackamas County,41,2023-02-18,88.64274943394736,1676678400000,"{""type"":""MultiPoint"",""coordinates"":[]}"
444_0000000000000000021c,1116558776,88222268,38900,H1,051,01135861,440,A,41051,+45.5477107,-122.4173625,06,,G4020,Multnomah,Multnomah County,41,2023-02-18,92.2954239993783,1676678400000,"{""type"":""MultiPoint"",""coordinates"":[]}"
444_0000000000000000021e,1875846777,6127010,38900,H1,067,01155137,440,A,41067,+45.5535419,-123.0976146,06,,G4020,Washington,Washington County,41,2023-02-18,94.91062765104489,1676678400000,"{""type"":""MultiPoint"",""coordinates"":[]}"
445_0000000000000000021b,4845034547,31873103,38900,H1,005,01155127,440,A,41005,+45.1604934,-122.1951274,06,,G4020,Clackamas,Clackamas County,41,2023-02-19,94.19535739113704,1676764800000,"{""type"":""MultiPoint"",""coordinates"":[]}"
445_0000000000000000021c,1116558776,88222268,38900,H1,051,01135861,440,A,41051,+45.5477107,-122.4173625,06,,G4020,Multnomah,Multnomah County,41,2023-02-19,95.80902579720112,1676764800000,"{""type"":""MultiPoint"",""coordinates"":[]}"
445_0000000000000000021e,1875846777,6127010,38900,H1,067,01155137,440,A,41067,+45.5535419,-123.0976146,06,,G4020,Washington,Washington County,41,2023-02-19,92.19698025935756,1676764800000,"{""type"":""MultiPoint"",""coordinates"":[]}"
446_0000000000000000021b,4845034547,31873103,38900,H1,005,01155127,440,A,41005,+45.1604934,-122.1951274,06,,G4020,Clackamas,Clackamas County,41,2023-02-20,95.94132764212111,1676851200000,"{""type"":""MultiPoint"",""coordinates"":[]}"
446_0000000000000000021c,1116558776,88222268,38900,H1,051,01135861,440,A,41051,+45.5477107,-122.4173625,06,,G4020,Multnomah,Multnomah County,41,2023-02-20,96.80698221443325,1676851200000,"{""type"":""MultiPoint"",""coordinates"":[]}"
446_0000000000000000021e,1875846777,6127010,38900,H1,067,01155137,440,A,41067,+45.5535419,-123.0976146,06,,G4020,Washington,Washington County,41,2023-02-20,93.05147855702108,1676851200000,"{""type"":""MultiPoint"",""coordinates"":[]}"
447_0000000000000000021b,4845034547,31873103,38900,H1,005,01155127,440,A,41005,+45.1604934,-122.1951274,06,,G4020,Clackamas,Clackamas County,41,2023-02-21,93.93621958046862,1676937600000,"{""type"":""MultiPoint"",""coordinates"":[]}"
447_0000000000000000021c,1116558776,88222268,38900,H1,051,01135861,440,A,41051,+45.5477107,-122.4173625,06,,G4020,Multnomah,Multnomah County,41,2023-02-21,93.52531803113031,1676937600000,"{""type"":""MultiPoint"",""coordinates"":[]}"
447_0000000000000000021e,1875846777,6127010,38900,H1,067,01155137,440,A,41067,+45.5535419,-123.0976146,06,,G4020,Washington,Washington County,41,2023-02-21,89.36342961808683,1676937600000,"{""type"":""MultiPoint"",""coordinates"":[]}"
448_0000000000000000021b,4845034547,31873103,38900,H1,005,01155127,440,A,41005,+45.1604934,-122.1951274,06,,G4020,Clackamas,Clackamas County,41,2023-02-22,87.96007138675647,1677024000000,"{""type"":""MultiPoint"",""coordinates"":[]}"
448_0000000000000000021c,1116558776,88222268,38900,H1,051,01135861,440,A,41051,+45.5477107,-122.4173625,06,,G4020,Multnomah,Multnomah County,41,2023-02-22,90.74094801218995,1677024000000,"{""type"":""MultiPoint"",""coordinates"":[]}"
448_0000000000000000021e,1875846777,6127010,38900,H1,067,01155137,440,A,41067,+45.5535419,-123.0976146,06,,G4020,Washington,Washington County,41,2023-02-22,95.65293421929339,1677024000000,"{""type"":""MultiPoint"",""coordinates"":[]}"
449_0000000000000000021b,4845034547,31873103,38900,H1,005,01155127,440,A,41005,+45.1604934,-122.1951274,06,,G4020,Clackamas,Clackamas County,41,2023-02-23,65.58013340352363,1677110400000,"{""type"":""MultiPoint"",""coordinates"":[]}"
449_0000000000000000021c,1116558776,88222268,38900,H1,051,01135861,440,A,41051,+45.5477107,-122.4173625,06,,G4020,Multnomah,Multnomah County,41,2023-02-23,57.54949213213176,1677110400000,"{""type"":""MultiPoint"",""coordinates"":[]}"
449_0000000000000000021e,1875846777,6127010,38900,H1,067,01155137,440,A,41067,+45.5535419,-123.0976146,06,,G4020,Washington,Washington County,41,2023-02-23,72.26463205015558,1677110400000,"{""type"":""MultiPoint"",""coordinates"":[]}"
450_0000000000000000021b,4845034547,31873103,38900,H1,005,01155127,440,A,41005,+45.1604934,-122.1951274,06,,G4020,Clackamas,Clackamas County,41,2023-02-24,53.83382001746821,1677196800000,"{""type"":""MultiPoint"",""coordinates"":[]}"
450_0000000000000000021c,1116558776,88222268,38900,H1,051,01135861,440,A,41051,+45.5477107,-122.4173625,06,,G4020,Multnomah,Multnomah County,41,2023-02-24,46.668641036353165,1677196800000,"{""type"":""MultiPoint"",""coordinates"":[]}"
450_0000000000000000021e,1875846777,6127010,38900,H1,067,01155137,440,A,41067,+45.5535419,-123.0976146,06,,G4020,Washington,Washington County,41,2023-02-24,51.433136947884186,1677196800000,"{""type"":""MultiPoint"",""coordinates"":[]}"
451_0000000000000000021b,4845034547,31873103,38900,H1,005,01155127,440,A,41005,+45.1604934,-122.1951274,06,,G4020,Clackamas,Clackamas County,41,2023-02-25,59.36643273979709,1677283200000,"{""type"":""MultiPoint"",""coordinates"":[]}"
451_0000000000000000021c,1116558776,88222268,38900,H1,051,01135861,440,A,41051,+45.5477107,-122.4173625,06,,G4020,Multnomah,Multnomah County,41,2023-02-25,58.18279659476491,1677283200000,"{""type"":""MultiPoint"",""coordinates"":[]}"
451_0000000000000000021e,1875846777,6127010,38900,H1,067,01155137,440,A,41067,+45.5535419,-123.0976146,06,,G4020,Washington,Washington County,41,2023-02-25,57.086014415509574,1677283200000,"{""type"":""MultiPoint"",""coordinates"":[]}"
452_0000000000000000021b,4845034547,31873103,38900,H1,005,01155127,440,A,41005,+45.1604934,-122.1951274,06,,G4020,Clackamas,Clackamas County,41,2023-02-26,80.64040124841453,1677369600000,"{""type"":""MultiPoint"",""coordinates"":[]}"
452_0000000000000000021c,1116558776,88222268,38900,H1,051,01135861,440,A,41051,+45.5477107,-122.4173625,06,,G4020,Multnomah,Multnomah County,41,2023-02-26,81.09599226617227,1677369600000,"{""type"":""MultiPoint"",""coordinates"":[]}"
452_0000000000000000021e,1875846777,6127010,38900,H1,067,01155137,440,A,41067,+45.5535419,-123.0976146,06,,G4020,Washington,Washington County,41,2023-02-26,83.63691284183624,1677369600000,"{""type"":""MultiPoint"",""coordinates"":[]}"
453_0000000000000000021b,4845034547,31873103,38900,H1,005,01155127,440,A,41005,+45.1604934,-122.1951274,06,,G4020,Clackamas,Clackamas County,41,2023-02-27,80.55959734303374,1677456000000,"{""type"":""MultiPoint"",""coordinates"":[]}"
453_0000000000000000021c,1116558776,88222268,38900,H1,051,01135861,440,A,41051,+45.5477107,-122.4173625,06,,G4020,Multnomah,Multnomah County,41,2023-02-27,87.65886287072658,1677456000000,"{""type"":""MultiPoint"",""coordinates"":[]}"
453_0000000000000000021e,1875846777,6127010,38900,H1,067,01155137,440,A,41067,+45.5535419,-123.0976146,06,,G4020,Washington,Washington County,41,2023-02-27,89.93590258336974,1677456000000,"{""type"":""MultiPoint"",""coordinates"":[]}"
454_0000000000000000021b,4845034547,31873103,38900,H1,005,01155127,440,A,41005,+45.1604934,-122.1951274,06,,G4020,Clackamas,Clackamas County,41,2023-02-28,87.85800613522994,1677542400000,"{""type"":""MultiPoint"",""coordinates"":[]}"
454_0000000000000000021c,1116558776,88222268,38900,H1,051,01135861,440,A,41051,+45.5477107,-122.4173625,06,,G4020,Multnomah,Multnomah County,41,2023-02-28,92.0812530422599,1677542400000,"{""type"":""MultiPoint"",""coordinates"":[]}"
454_0000000000000000021e,1875846777,6127010,38900,H1,067,01155137,440,A,41067,+45.5535419,-123.0976146,06,,G4020,Washington,Washington County,41,2023-02-28,94.20009827397939,1677542400000,"{""type"":""MultiPoint"",""coordinates"":[]}"
455_0000000000000000021b,4845034547,31873103,38900,H1,005,01155127,440,A,41005,+45.1604934,-122.1951274,06,,G4020,Clackamas,Clackamas County,41,2023-03-01,83.76586432623034,1677628800000,"{""type"":""MultiPoint"",""coordinates"":[]}"
455_0000000000000000021c,1116558776,88222268,38900,H1,051,01135861,440,A,41051,+45.5477107,-122.4173625,06,,G4020,Multnomah,Multnomah County,41,2023-03-01,87.53398945792074,1677628800000,"{""type"":""MultiPoint"",""coordinates"":[]}"
455_0000000000000000021e,1875846777,6127010,38900,H1,067,01155137,440,A,41067,+45.5535419,-123.0976146,06,,G4020,Washington,Washington County,41,2023-03-01,85.90130265475567,1677628800000,"{""type"":""MultiPoint"",""coordinates"":[]}"
456_0000000000000000021b,4845034547,31873103,38900,H1,005,01155127,440,A,41005,+45.1604934,-122.1951274,06,,G4020,Clackamas,Clackamas County,41,2023-03-02,82.41078288210093,1677715200000,"{""type"":""MultiPoint"",""coordinates"":[]}"
456_0000000000000000021c,1116558776,88222268,38900,H1,051,01135861,440,A,41051,+45.5477107,-122.4173625,06,,G4020,Multnomah,Multnomah County,41,2023-03-02,85.64984258319673,1677715200000,"{""type"":""MultiPoint"",""coordinates"":[]}"
456_0000000000000000021e,1875846777,6127010,38900,H1,067,01155137,440,A,41067,+45.5535419,-123.0976146,06,,G4020,Washington,Washington County,41,2023-03-02,88.5249449302695,1677715200000,"{""type"":""MultiPoint"",""coordinates"":[]}"
457_0000000000000000021b,4845034547,31873103,38900,H1,005,01155127,440,A,41005,+45.1604934,-122.1951274,06,,G4020,Clackamas,Clackamas County,41,2023-03-03,88.28549355175261,1677801600000,"{""type"":""MultiPoint"",""coordinates"":[]}"
457_0000000000000000021c,1116558776,88222268,38900,H1,051,01135861,440,A,41051,+45.5477107,-122.4173625,06,,G4020,Multnomah,Multnomah County,41,2023-03-03,90.35264045932281,1677801600000,"{""type"":""MultiPoint"",""coordinates"":[]}"
457_0000000000000000021e,1875846777,6127010,38900,H1,067,01155137,440,A,41067,+45.5535419,-123.0976146,06,,G4020,Washington,Washington County,41,2023-03-03,92.48976785637511,1677801600000,"{""type"":""MultiPoint"",""coordinates"":[]}"
458_0000000000000000021b,4845034547,31873103,38900,H1,005,01155127,440,A,41005,+45.1604934,-122.1951274,06,,G4020,Clackamas,Clackamas County,41,2023-03-04,85.39507986105238,1677888000000,"{""type"":""MultiPoint"",""coordinates"":[]}"
458_0000000000000000021c,1116558776,88222268,38900,H1,051,01135861,440,A,41051,+45.5477107,-122.4173625,06,,G4020,Multnomah,Multnomah County,41,2023-03-04,90.6961351376185,1677888000000,"{""type"":""MultiPoint"",""coordinates"":[]}"
458_0000000000000000021e,1875846777,6127010,38900,H1,067,01155137,440,A,41067,+45.5535419,-123.0976146,06,,G4020,Washington,Washington County,41,2023-03-04,94.91462510639532,1677888000000,"{""type"":""MultiPoint"",""coordinates"":[]}"
459_0000000000000000021b,4845034547,31873103,38900,H1,005,01155127,440,A,41005,+45.1604934,-122.1951274,06,,G4020,Clackamas,Clackamas County,41,2023-03-05,84.61362493685942,1677974400000,"{""type"":""MultiPoint"",""coordinates"":[]}"
459_0000000000000000021c,1116558776,88222268,38900,H1,051,01135861,440,A,41051,+45.5477107,-122.4173625,06,,G4020,Multnomah,Multnomah County,41,2023-03-05,86.45388743129703,1677974400000,"{""type"":""MultiPoint"",""coordinates"":[]}"
459_0000000000000000021e,1875846777,6127010,38900,H1,067,01155137,440,A,41067,+45.5535419,-123.0976146,06,,G4020,Washington,Washington County,41,2023-03-05,89.90966500232047,1677974400000,"{""type"":""MultiPoint"",""coordinates"":[]}"
460_0000000000000000021b,4845034547,31873103,38900,H1,005,01155127,440,A,41005,+45.1604934,-122.1951274,06,,G4020,Clackamas,Clackamas County,41,2023-03-06,79.99554701791148,1678060800000,"{""type"":""MultiPoint"",""coordinates"":[]}"
460_0000000000000000021c,1116558776,88222268,38900,H1,051,01135861,440,A,41051,+45.5477107,-122.4173625,06,,G4020,Multnomah,Multnomah County,41,2023-03-06,83.9885981301593,1678060800000,"{""type"":""MultiPoint"",""coordinates"":[]}"
460_0000000000000000021e,1875846777,6127010,38900,H1,067,01155137,440,A,41067,+45.5535419,-123.0976146,06,,G4020,Washington,Washington County,41,2023-03-06,87.54224636308054,1678060800000,"{""type"":""MultiPoint"",""coordinates"":[]}"
461_0000000000000000021b,4845034547,31873103,38900,H1,005,01155127,440,A,41005,+45.1604934,-122.1951274,06,,G4020,Clackamas,Clackamas County,41,2023-03-07,84.97385068286621,1678147200000,"{""type"":""MultiPoint"",""coordinates"":[]}"
461_0000000000000000021c,1116558776,88222268,38900,H1,051,01135861,440,A,41051,+45.5477107,-122.4173625,06,,G4020,Multnomah,Multnomah County,41,2023-03-07,86.33520613432735,1678147200000,"{""type"":""MultiPoint"",""coordinates"":[]}"
461_0000000000000000021e,1875846777,6127010,38900,H1,067,01155137,440,A,41067,+45.5535419,-123.0976146,06,,G4020,Washington,Washington County,41,2023-03-07,91.04384595971653,1678147200000,"{""type"":""MultiPoint"",""coordinates"":[]}"
462_0000000000000000021b,4845034547,31873103,38900,H1,005,01155127,440,A,41005,+45.1604934,-122.1951274,06,,G4020,Clackamas,Clackamas County,41,2023-03-08,86.20240792810081,1678233600000,"{""type"":""MultiPoint"",""coordinates"":[]}"
462_0000000000000000021c,1116558776,88222268,38900,H1,051,01135861,440,A,41051,+45.5477107,-122.4173625,06,,G4020,Multnomah,Multnomah County,41,2023-03-08,88.58862847955504,1678233600000,"{""type"":""MultiPoint"",""coordinates"":[]}"
462_0000000000000000021e,1875846777,6127010,38900,H1,067,01155137,440,A,41067,+45.5535419,-123.0976146,06,,G4020,Washington,Washington County,41,2023-03-08,88.23216605299672,1678233600000,"{""type"":""MultiPoint"",""coordinates"":[]}"
463_0000000000000000021b,4845034547,31873103,38900,H1,005,01155127,440,A,41005,+45.1604934,-122.1951274,06,,G4020,Clackamas,Clackamas County,41,2023-03-09,80.93492742142789,1678320000000,"{""type"":""MultiPoint"",""coordinates"":[]}"
463_0000000000000000021c,1116558776,88222268,38900,H1,051,01135861,440,A,41051,+45.5477107,-122.4173625,06,,G4020,Multnomah,Multnomah County,41,2023-03-09,86.53056606269595,1678320000000,"{""type"":""MultiPoint"",""coordinates"":[]}"
463_0000000000000000021e,1875846777,6127010,38900,H1,067,01155137,440,A,41067,+45.5535419,-123.0976146,06,,G4020,Washington,Washington County,41,2023-03-09,90.07799246423941,1678320000000,"{""type"":""MultiPoint"",""coordinates"":[]}"
464_0000000000000000021b,4845034547,31873103,38900,H1,005,01155127,440,A,41005,+45.1604934,-122.1951274,06,,G4020,Clackamas,Clackamas County,41,2023-03-10,88.2709313376113,1678406400000,"{""type"":""MultiPoint"",""coordinates"":[]}"
464_0000000000000000021c,1116558776,88222268,38900,H1,051,01135861,440,A,41051,+45.5477107,-122.4173625,06,,G4020,Multnomah,Multnomah County,41,2023-03-10,92.52703921612158,1678406400000,"{""type"":""MultiPoint"",""coordinates"":[]}"
464_0000000000000000021e,1875846777,6127010,38900,H1,067,01155137,440,A,41067,+45.5535419,-123.0976146,06,,G4020,Washington,Washington County,41,2023-03-10,92.34963384050494,1678406400000,"{""type"":""MultiPoint"",""coordinates"":[]}"
465_0000000000000000021b,4845034547,31873103,38900,H1,005,01155127,440,A,41005,+45.1604934,-122.1951274,06,,G4020,Clackamas,Clackamas County,41,2023-03-11,84.99659463303904,1678492800000,"{""type"":""MultiPoint"",""coordinates"":[]}"
465_0000000000000000021c,1116558776,88222268,38900,H1,051,01135861,440,A,41051,+45.5477107,-122.4173625,06,,G4020,Multnomah,Multnomah County,41,2023-03-11,87.50320012773966,1678492800000,"{""type"":""MultiPoint"",""coordinates"":[]}"
465_0000000000000000021e,1875846777,6127010,38900,H1,067,01155137,440,A,41067,+45.5535419,-123.0976146,06,,G4020,Washington,Washington County,41,2023-03-11,87.75130287917847,1678492800000,"{""type"":""MultiPoint"",""coordinates"":[]}"
466_0000000000000000021b,4845034547,31873103,38900,H1,005,01155127,440,A,41005,+45.1604934,-122.1951274,06,,G4020,Clackamas,Clackamas County,41,2023-03-12,85.54873309791377,1678579200000,"{""type"":""MultiPoint"",""coordinates"":[]}"
466_0000000000000000021c,1116558776,88222268,38900,H1,051,01135861,440,A,41051,+45.5477107,-122.4173625,06,,G4020,Multnomah,Multnomah County,41,2023-03-12,85.12558514807674,1678579200000,"{""type"":""MultiPoint"",""coordinates"":[]}"
466_0000000000000000021e,1875846777,6127010,38900,H1,067,01155137,440,A,41067,+45.5535419,-123.0976146,06,,G4020,Washington,Washington County,41,2023-03-12,86.75744549126317,1678579200000,"{""type"":""MultiPoint"",""coordinates"":[]}"
467_0000000000000000021b,4845034547,31873103,38900,H1,005,01155127,440,A,41005,+45.1604934,-122.1951274,06,,G4020,Clackamas,Clackamas County,41,2023-03-13,94.81799638618442,1678665600000,"{""type"":""MultiPoint"",""coordinates"":[]}"
467_0000000000000000021c,1116558776,88222268,38900,H1,051,01135861,440,A,41051,+45.5477107,-122.4173625,06,,G4020,Multnomah,Multnomah County,41,2023-03-13,96.72758472581782,1678665600000,"{""type"":""MultiPoint"",""coordinates"":[]}"
467_0000000000000000021e,1875846777,6127010,38900,H1,067,01155137,440,A,41067,+45.5535419,-123.0976146,06,,G4020,Washington,Washington County,41,2023-03-13,97.98472822551734,1678665600000,"{""type"":""MultiPoint"",""coordinates"":[]}"
468_0000000000000000021b,4845034547,31873103,38900,H1,005,01155127,440,A,41005,+45.1604934,-122.1951274,06,,G4020,Clackamas,Clackamas County,41,2023-03-14,83.77959059296981,1678752000000,"{""type"":""MultiPoint"",""coordinates"":[]}"
468_0000000000000000021c,1116558776,88222268,38900,H1,051,01135861,440,A,41051,+45.5477107,-122.4173625,06,,G4020,Multnomah,Multnomah County,41,2023-03-14,83.05320948282927,1678752000000,"{""type"":""MultiPoint"",""coordinates"":[]}"
468_0000000000000000021e,1875846777,6127010,38900,H1,067,01155137,440,A,41067,+45.5535419,-123.0976146,06,,G4020,Washington,Washington County,41,2023-03-14,83.50453418954216,1678752000000,"{""type"":""MultiPoint"",""coordinates"":[]}"
469_0000000000000000021b,4845034547,31873103,38900,H1,005,01155127,440,A,41005,+45.1604934,-122.1951274,06,,G4020,Clackamas,Clackamas County,41,2023-03-15,78.12734883545761,1678838400000,"{""type"":""MultiPoint"",""coordinates"":[]}"
469_0000000000000000021c,1116558776,88222268,38900,H1,051,01135861,440,A,41051,+45.5477107,-122.4173625,06,,G4020,Multnomah,Multnomah County,41,2023-03-15,76.33998843177457,1678838400000,"{""type"":""MultiPoint"",""coordinates"":[]}"
469_0000000000000000021e,1875846777,6127010,38900,H1,067,01155137,440,A,41067,+45.5535419,-123.0976146,06,,G4020,Washington,Washington County,41,2023-03-15,74.98354544925296,1678838400000,"{""type"":""MultiPoint"",""coordinates"":[]}"
470_0000000000000000021b,4845034547,31873103,38900,H1,005,01155127,440,A,41005,+45.1604934,-122.1951274,06,,G4020,Clackamas,Clackamas County,41,2023-03-16,69.41006248950336,1678924800000,"{""type"":""MultiPoint"",""coordinates"":[]}"
470_0000000000000000021c,1116558776,88222268,38900,H1,051,01135861,440,A,41051,+45.5477107,-122.4173625,06,,G4020,Multnomah,Multnomah County,41,2023-03-16,67.74833753212158,1678924800000,"{""type"":""MultiPoint"",""coordinates"":[]}"
470_0000000000000000021e,1875846777,6127010,38900,H1,067,01155137,440,A,41067,+45.5535419,-123.0976146,06,,G4020,Washington,Washington County,41,2023-03-16,70.28849846308132,1678924800000,"{""type"":""MultiPoint"",""coordinates"":[]}"
471_0000000000000000021b,4845034547,31873103,38900,H1,005,01155127,440,A,41005,+45.1604934,-122.1951274,06,,G4020,Clackamas,Clackamas County,41,2023-03-17,67.16680866054791,1679011200000,"{""type"":""MultiPoint"",""coordinates"":[]}"
471_0000000000000000021c,1116558776,88222268,38900,H1,051,01135861,440,A,41051,+45.5477107,-122.4173625,06,,G4020,Multnomah,Multnomah County,41,2023-03-17,59.866362877571156,1679011200000,"{""type"":""MultiPoint"",""coordinates"":[]}"
471_0000000000000000021e,1875846777,6127010,38900,H1,067,01155137,440,A,41067,+45.5535419,-123.0976146,06,,G4020,Washington,Washington County,41,2023-03-17,58.568929441212894,1679011200000,"{""type"":""MultiPoint"",""coordinates"":[]}"
472_0000000000000000021b,4845034547,31873103,38900,H1,005,01155127,440,A,41005,+45.1604934,-122.1951274,06,,G4020,Clackamas,Clackamas County,41,2023-03-18,69.98782110051991,1679097600000,"{""type"":""MultiPoint"",""coordinates"":[]}"
472_0000000000000000021c,1116558776,88222268,38900,H1,051,01135861,440,A,41051,+45.5477107,-122.4173625,06,,G4020,Multnomah,Multnomah County,41,2023-03-18,66.95668704702149,1679097600000,"{""type"":""MultiPoint"",""coordinates"":[]}"
472_0000000000000000021e,1875846777,6127010,38900,H1,067,01155137,440,A,41067,+45.5535419,-123.0976146,06,,G4020,Washington,Washington County,41,2023-03-18,72.30736129020445,1679097600000,"{""type"":""MultiPoint"",""coordinates"":[]}"
473_0000000000000000021b,4845034547,31873103,38900,H1,005,01155127,440,A,41005,+45.1604934,-122.1951274,06,,G4020,Clackamas,Clackamas County,41,2023-03-19,74.25314912296889,1679184000000,"{""type"":""MultiPoint"",""coordinates"":[]}"
473_0000000000000000021c,1116558776,88222268,38900,H1,051,01135861,440,A,41051,+45.5477107,-122.4173625,06,,G4020,Multnomah,Multnomah County,41,2023-03-19,68.34864497261943,1679184000000,"{""type"":""MultiPoint"",""coordinates"":[]}"
473_0000000000000000021e,1875846777,6127010,38900,H1,067,01155137,440,A,41067,+45.5535419,-123.0976146,06,,G4020,Washington,Washington County,41,2023-03-19,70.14324006350346,1679184000000,"{""type"":""MultiPoint"",""coordinates"":[]}"
474_0000000000000000021b,4845034547,31873103,38900,H1,005,01155127,440,A,41005,+45.1604934,-122.1951274,06,,G4020,Clackamas,Clackamas County,41,2023-03-20,93.7384811377817,1679270400000,"{""type"":""MultiPoint"",""coordinates"":[]}"
474_0000000000000000021c,1116558776,88222268,38900,H1,051,01135861,440,A,41051,+45.5477107,-122.4173625,06,,G4020,Multnomah,Multnomah County,41,2023-03-20,94.08834056644959,1679270400000,"{""type"":""MultiPoint"",""coordinates"":[]}"
474_0000000000000000021e,1875846777,6127010,38900,H1,067,01155137,440,A,41067,+45.5535419,-123.0976146,06,,G4020,Washington,Washington County,41,2023-03-20,97.0045880686185,1679270400000,"{""type"":""MultiPoint"",""coordinates"":[]}"
475_0000000000000000021b,4845034547,31873103,38900,H1,005,01155127,440,A,41005,+45.1604934,-122.1951274,06,,G4020,Clackamas,Clackamas County,41,2023-03-21,81.7972347088284,1679356800000,"{""type"":""MultiPoint"",""coordinates"":[]}"
475_0000000000000000021c,1116558776,88222268,38900,H1,051,01135861,440,A,41051,+45.5477107,-122.4173625,06,,G4020,Multnomah,Multnomah County,41,2023-03-21,83.13435808918959,1679356800000,"{""type"":""MultiPoint"",""coordinates"":[]}"
475_0000000000000000021e,1875846777,6127010,38900,H1,067,01155137,440,A,41067,+45.5535419,-123.0976146,06,,G4020,Washington,Washington County,41,2023-03-21,84.32484054065661,1679356800000,"{""type"":""MultiPoint"",""coordinates"":[]}"
476_0000000000000000021b,4845034547,31873103,38900,H1,005,01155127,440,A,41005,+45.1604934,-122.1951274,06,,G4020,Clackamas,Clackamas County,41,2023-03-22,71.03063199536601,1679443200000,"{""type"":""MultiPoint"",""coordinates"":[]}"
476_0000000000000000021c,1116558776,88222268,38900,H1,051,01135861,440,A,41051,+45.5477107,-122.4173625,06,,G4020,Multnomah,Multnomah County,41,2023-03-22,68.69695864958237,1679443200000,"{""type"":""MultiPoint"",""coordinates"":[]}"
476_0000000000000000021e,1875846777,6127010,38900,H1,067,01155137,440,A,41067,+45.5535419,-123.0976146,06,,G4020,Washington,Washington County,41,2023-03-22,70.00203562869038,1679443200000,"{""type"":""MultiPoint"",""coordinates"":[]}"
477_0000000000000000021b,4845034547,31873103,38900,H1,005,01155127,440,A,41005,+45.1604934,-122.1951274,06,,G4020,Clackamas,Clackamas County,41,2023-03-23,92.24083973058731,1679529600000,"{""type"":""MultiPoint"",""coordinates"":[]}"
477_0000000000000000021c,1116558776,88222268,38900,H1,051,01135861,440,A,41051,+45.5477107,-122.4173625,06,,G4020,Multnomah,Multnomah County,41,2023-03-23,91.00334717570405,1679529600000,"{""type"":""MultiPoint"",""coordinates"":[]}"
477_0000000000000000021e,1875846777,6127010,38900,H1,067,01155137,440,A,41067,+45.5535419,-123.0976146,06,,G4020,Washington,Washington County,41,2023-03-23,90.31733911256707,1679529600000,"{""type"":""MultiPoint"",""coordinates"":[]}"
478_0000000000000000021b,4845034547,31873103,38900,H1,005,01155127,440,A,41005,+45.1604934,-122.1951274,06,,G4020,Clackamas,Clackamas County,41,2023-03-24,90.35699632523011,1679616000000,"{""type"":""MultiPoint"",""coordinates"":[]}"
478_0000000000000000021c,1116558776,88222268,38900,H1,051,01135861,440,A,41051,+45.5477107,-122.4173625,06,,G4020,Multnomah,Multnomah County,41,2023-03-24,93.02034297406563,1679616000000,"{""type"":""MultiPoint"",""coordinates"":[]}"
478_0000000000000000021e,1875846777,6127010,38900,H1,067,01155137,440,A,41067,+45.5535419,-123.0976146,06,,G4020,Washington,Washington County,41,2023-03-24,92.35011515558386,1679616000000,"{""type"":""MultiPoint"",""coordinates"":[]}"
479_0000000000000000021b,4845034547,31873103,38900,H1,005,01155127,440,A,41005,+45.1604934,-122.1951274,06,,G4020,Clackamas,Clackamas County,41,2023-03-25,88.58264067150182,1679702400000,"{""type"":""MultiPoint"",""coordinates"":[]}"
479_0000000000000000021c,1116558776,88222268,38900,H1,051,01135861,440,A,41051,+45.5477107,-122.4173625,06,,G4020,Multnomah,Multnomah County,41,2023-03-25,89.7754769375191,1679702400000,"{""type"":""MultiPoint"",""coordinates"":[]}"
479_0000000000000000021e,1875846777,6127010,38900,H1,067,01155137,440,A,41067,+45.5535419,-123.0976146,06,,G4020,Washington,Washington County,41,2023-03-25,88.1409066530036,1679702400000,"{""type"":""MultiPoint"",""coordinates"":[]}"
480_0000000000000000021b,4845034547,31873103,38900,H1,005,01155127,440,A,41005,+45.1604934,-122.1951274,06,,G4020,Clackamas,Clackamas County,41,2023-03-26,88.35689010030377,1679788800000,"{""type"":""MultiPoint"",""coordinates"":[]}"
480_0000000000000000021c,1116558776,88222268,38900,H1,051,01135861,440,A,41051,+45.5477107,-122.4173625,06,,G4020,Multnomah,Multnomah County,41,2023-03-26,91.13200850040637,1679788800000,"{""type"":""MultiPoint"",""coordinates"":[]}"
480_0000000000000000021e,1875846777,6127010,38900,H1,067,01155137,440,A,41067,+45.5535419,-123.0976146,06,,G4020,Washington,Washington County,41,2023-03-26,91.43323541335674,1679788800000,"{""type"":""MultiPoint"",""coordinates"":[]}"
481_0000000000000000021b,4845034547,31873103,38900,H1,005,01155127,440,A,41005,+45.1604934,-122.1951274,06,,G4020,Clackamas,Clackamas County,41,2023-03-27,76.14934621046173,1679875200000,"{""type"":""MultiPoint"",""coordinates"":[]}"
481_0000000000000000021c,1116558776,88222268,38900,H1,051,01135861,440,A,41051,+45.5477107,-122.4173625,06,,G4020,Multnomah,Multnomah County,41,2023-03-27,77.95094589374803,1679875200000,"{""type"":""MultiPoint"",""coordinates"":[]}"
481_0000000000000000021e,1875846777,6127010,38900,H1,067,01155137,440,A,41067,+45.5535419,-123.0976146,06,,G4020,Washington,Washington County,41,2023-03-27,81.1471678672481,1679875200000,"{""type"":""MultiPoint"",""coordinates"":[]}"
482_0000000000000000021b,4845034547,31873103,38900,H1,005,01155127,440,A,41005,+45.1604934,-122.1951274,06,,G4020,Clackamas,Clackamas County,41,2023-03-28,82.9784916727061,1679961600000,"{""type"":""MultiPoint"",""coordinates"":[]}"
482_0000000000000000021c,1116558776,88222268,38900,H1,051,01135861,440,A,41051,+45.5477107,-122.4173625,06,,G4020,Multnomah,Multnomah County,41,2023-03-28,75.46047723578137,1679961600000,"{""type"":""MultiPoint"",""coordinates"":[]}"
482_0000000000000000021e,1875846777,6127010,38900,H1,067,01155137,440,A,41067,+45.5535419,-123.0976146,06,,G4020,Washington,Washington County,41,2023-03-28,81.87040866960184,1679961600000,"{""type"":""MultiPoint"",""coordinates"":[]}"
483_0000000000000000021b,4845034547,31873103,38900,H1,005,01155127,440,A,41005,+45.1604934,-122.1951274,06,,G4020,Clackamas,Clackamas County,41,2023-03-29,87.70543624959323,1680048000000,"{""type"":""MultiPoint"",""coordinates"":[]}"
483_0000000000000000021c,1116558776,88222268,38900,H1,051,01135861,440,A,41051,+45.5477107,-122.4173625,06,,G4020,Multnomah,Multnomah County,41,2023-03-29,88.09299676003228,1680048000000,"{""type"":""MultiPoint"",""coordinates"":[]}"
483_0000000000000000021e,1875846777,6127010,38900,H1,067,01155137,440,A,41067,+45.5535419,-123.0976146,06,,G4020,Washington,Washington County,41,2023-03-29,90.28209866082638,1680048000000,"{""type"":""MultiPoint"",""coordinates"":[]}"
484_0000000000000000021b,4845034547,31873103,38900,H1,005,01155127,440,A,41005,+45.1604934,-122.1951274,06,,G4020,Clackamas,Clackamas County,41,2023-03-30,82.01395258924522,1680134400000,"{""type"":""MultiPoint"",""coordinates"":[]}"
484_0000000000000000021c,1116558776,88222268,38900,H1,051,01135861,440,A,41051,+45.5477107,-122.4173625,06,,G4020,Multnomah,Multnomah County,41,2023-03-30,78.51791479719984,1680134400000,"{""type"":""MultiPoint"",""coordinates"":[]}"
484_0000000000000000021e,1875846777,6127010,38900,H1,067,01155137,440,A,41067,+45.5535419,-123.0976146,06,,G4020,Washington,Washington County,41,2023-03-30,78.99220020160499,1680134400000,"{""type"":""MultiPoint"",""coordinates"":[]}"
485_0000000000000000021b,4845034547,31873103,38900,H1,005,01155127,440,A,41005,+45.1604934,-122.1951274,06,,G4020,Clackamas,Clackamas County,41,2023-03-31,86.23499224124117,1680220800000,"{""type"":""MultiPoint"",""coordinates"":[]}"
485_0000000000000000021c,1116558776,88222268,38900,H1,051,01135861,440,A,41051,+45.5477107,-122.4173625,06,,G4020,Multnomah,Multnomah County,41,2023-03-31,82.50353979931599,1680220800000,"{""type"":""MultiPoint"",""coordinates"":[]}"
485_0000000000000000021e,1875846777,6127010,38900,H1,067,01155137,440,A,41067,+45.5535419,-123.0976146,06,,G4020,Washington,Washington County,41,2023-03-31,82.01819317579336,1680220800000,"{""type"":""MultiPoint"",""coordinates"":[]}"
486_0000000000000000021b,4845034547,31873103,38900,H1,005,01155127,440,A,41005,+45.1604934,-122.1951274,06,,G4020,Clackamas,Clackamas County,41,2023-04-01,94.55404544135861,1680307200000,"{""type"":""MultiPoint"",""coordinates"":[]}"
486_0000000000000000021c,1116558776,88222268,38900,H1,051,01135861,440,A,41051,+45.5477107,-122.4173625,06,,G4020,Multnomah,Multnomah County,41,2023-04-01,95.49377957377457,1680307200000,"{""type"":""MultiPoint"",""coordinates"":[]}"
486_0000000000000000021e,1875846777,6127010,38900,H1,067,01155137,440,A,41067,+45.5535419,-123.0976146,06,,G4020,Washington,Washington County,41,2023-04-01,95.60008564012752,1680307200000,"{""type"":""MultiPoint"",""coordinates"":[]}"
487_0000000000000000021b,4845034547,31873103,38900,H1,005,01155127,440,A,41005,+45.1604934,-122.1951274,06,,G4020,Clackamas,Clackamas County,41,2023-04-02,90.9222501473644,1680393600000,"{""type"":""MultiPoint"",""coordinates"":[]}"
487_0000000000000000021c,1116558776,88222268,38900,H1,051,01135861,440,A,41051,+45.5477107,-122.4173625,06,,G4020,Multnomah,Multnomah County,41,2023-04-02,93.52505251721873,1680393600000,"{""type"":""MultiPoint"",""coordinates"":[]}"
487_0000000000000000021e,1875846777,6127010,38900,H1,067,01155137,440,A,41067,+45.5535419,-123.0976146,06,,G4020,Washington,Washington County,41,2023-04-02,93.56067096732686,1680393600000,"{""type"":""MultiPoint"",""coordinates"":[]}"
488_0000000000000000021b,4845034547,31873103,38900,H1,005,01155127,440,A,41005,+45.1604934,-122.1951274,06,,G4020,Clackamas,Clackamas County,41,2023-04-03,89.50698498523283,1680480000000,"{""type"":""MultiPoint"",""coordinates"":[]}"
488_0000000000000000021c,1116558776,88222268,38900,H1,051,01135861,440,A,41051,+45.5477107,-122.4173625,06,,G4020,Multnomah,Multnomah County,41,2023-04-03,90.27015094080707,1680480000000,"{""type"":""MultiPoint"",""coordinates"":[]}"
488_0000000000000000021e,1875846777,6127010,38900,H1,067,01155137,440,A,41067,+45.5535419,-123.0976146,06,,G4020,Washington,Washington County,41,2023-04-03,90.1475687728484,1680480000000,"{""type"":""MultiPoint"",""coordinates"":[]}"
489_0000000000000000021b,4845034547,31873103,38900,H1,005,01155127,440,A,41005,+45.1604934,-122.1951274,06,,G4020,Clackamas,Clackamas County,41,2023-04-04,88.3788256967763,1680566400000,"{""type"":""MultiPoint"",""coordinates"":[]}"
489_0000000000000000021c,1116558776,88222268,38900,H1,051,01135861,440,A,41051,+45.5477107,-122.4173625,06,,G4020,Multnomah,Multnomah County,41,2023-04-04,88.71113856209124,1680566400000,"{""type"":""MultiPoint"",""coordinates"":[]}"
489_0000000000000000021e,1875846777,6127010,38900,H1,067,01155137,440,A,41067,+45.5535419,-123.0976146,06,,G4020,Washington,Washington County,41,2023-04-04,86.61217290378733,1680566400000,"{""type"":""MultiPoint"",""coordinates"":[]}"
490_0000000000000000021b,4845034547,31873103,38900,H1,005,01155127,440,A,41005,+45.1604934,-122.1951274,06,,G4020,Clackamas,Clackamas County,41,2023-04-05,79.58864566802842,1680652800000,"{""type"":""MultiPoint"",""coordinates"":[]}"
490_0000000000000000021c,1116558776,88222268,38900,H1,051,01135861,440,A,41051,+45.5477107,-122.4173625,06,,G4020,Multnomah,Multnomah County,41,2023-04-05,81.2607567842792,1680652800000,"{""type"":""MultiPoint"",""coordinates"":[]}"
490_0000000000000000021e,1875846777,6127010,38900,H1,067,01155137,440,A,41067,+45.5535419,-123.0976146,06,,G4020,Washington,Washington County,41,2023-04-05,86.57392735356713,1680652800000,"{""type"":""MultiPoint"",""coordinates"":[]}"
491_0000000000000000021b,4845034547,31873103,38900,H1,005,01155127,440,A,41005,+45.1604934,-122.1951274,06,,G4020,Clackamas,Clackamas County,41,2023-04-06,89.23035300274005,1680739200000,"{""type"":""MultiPoint"",""coordinates"":[]}"
491_0000000000000000021c,1116558776,88222268,38900,H1,051,01135861,440,A,41051,+45.5477107,-122.4173625,06,,G4020,Multnomah,Multnomah County,41,2023-04-06,90.00497155882078,1680739200000,"{""type"":""MultiPoint"",""coordinates"":[]}"
491_0000000000000000021e,1875846777,6127010,38900,H1,067,01155137,440,A,41067,+45.5535419,-123.0976146,06,,G4020,Washington,Washington County,41,2023-04-06,95.98637011992818,1680739200000,"{""type"":""MultiPoint"",""coordinates"":[]}"
492_0000000000000000021b,4845034547,31873103,38900,H1,005,01155127,440,A,41005,+45.1604934,-122.1951274,06,,G4020,Clackamas,Clackamas County,41,2023-04-07,92.3481398275864,1680825600000,"{""type"":""MultiPoint"",""coordinates"":[]}"
492_0000000000000000021c,1116558776,88222268,38900,H1,051,01135861,440,A,41051,+45.5477107,-122.4173625,06,,G4020,Multnomah,Multnomah County,41,2023-04-07,94.32032937047751,1680825600000,"{""type"":""MultiPoint"",""coordinates"":[]}"
492_0000000000000000021e,1875846777,6127010,38900,H1,067,01155137,440,A,41067,+45.5535419,-123.0976146,06,,G4020,Washington,Washington County,41,2023-04-07,95.97158746347627,1680825600000,"{""type"":""MultiPoint"",""coordinates"":[]}"
493_0000000000000000021b,4845034547,31873103,38900,H1,005,01155127,440,A,41005,+45.1604934,-122.1951274,06,,G4020,Clackamas,Clackamas County,41,2023-04-08,82.00563590833158,1680912000000,"{""type"":""MultiPoint"",""coordinates"":[]}"
493_0000000000000000021c,1116558776,88222268,38900,H1,051,01135861,440,A,41051,+45.5477107,-122.4173625,06,,G4020,Multnomah,Multnomah County,41,2023-04-08,82.1103442698881,1680912000000,"{""type"":""MultiPoint"",""coordinates"":[]}"
493_0000000000000000021e,1875846777,6127010,38900,H1,067,01155137,440,A,41067,+45.5535419,-123.0976146,06,,G4020,Washington,Washington County,41,2023-04-08,80.09711158018342,1680912000000,"{""type"":""MultiPoint"",""coordinates"":[]}"
494_0000000000000000021b,4845034547,31873103,38900,H1,005,01155127,440,A,41005,+45.1604934,-122.1951274,06,,G4020,Clackamas,Clackamas County,41,2023-04-09,85.38210785993572,1680998400000,"{""type"":""MultiPoint"",""coordinates"":[]}"
494_0000000000000000021c,1116558776,88222268,38900,H1,051,01135861,440,A,41051,+45.5477107,-122.4173625,06,,G4020,Multnomah,Multnomah County,41,2023-04-09,90.32609929862902,1680998400000,"{""type"":""MultiPoint"",""coordinates"":[]}"
494_0000000000000000021e,1875846777,6127010,38900,H1,067,01155137,440,A,41067,+45.5535419,-123.0976146,06,,G4020,Washington,Washington County,41,2023-04-09,92.70653737547639,1680998400000,"{""type"":""MultiPoint"",""coordinates"":[]}"
495_0000000000000000021b,4845034547,31873103,38900,H1,005,01155127,440,A,41005,+45.1604934,-122.1951274,06,,G4020,Clackamas,Clackamas County,41,2023-04-10,97.28661650562474,1681084800000,"{""type"":""MultiPoint"",""coordinates"":[]}"
495_0000000000000000021c,1116558776,88222268,38900,H1,051,01135861,440,A,41051,+45.5477107,-122.4173625,06,,G4020,Multnomah,Multnomah County,41,2023-04-10,97.71138837123468,1681084800000,"{""type"":""MultiPoint"",""coordinates"":[]}"
495_0000000000000000021e,1875846777,6127010,38900,H1,067,01155137,440,A,41067,+45.5535419,-123.0976146,06,,G4020,Washington,Washington County,41,2023-04-10,99.11834459475432,1681084800000,"{""type"":""MultiPoint"",""coordinates"":[]}"
496_0000000000000000021b,4845034547,31873103,38900,H1,005,01155127,440,A,41005,+45.1604934,-122.1951274,06,,G4020,Clackamas,Clackamas County,41,2023-04-11,94.3285823371641,1681171200000,"{""type"":""MultiPoint"",""coordinates"":[]}"
496_0000000000000000021c,1116558776,88222268,38900,H1,051,01135861,440,A,41051,+45.5477107,-122.4173625,06,,G4020,Multnomah,Multnomah County,41,2023-04-11,95.25313017557545,1681171200000,"{""type"":""MultiPoint"",""coordinates"":[]}"
496_0000000000000000021e,1875846777,6127010,38900,H1,067,01155137,440,A,41067,+45.5535419,-123.0976146,06,,G4020,Washington,Washington County,41,2023-04-11,94.10597278983462,1681171200000,"{""type"":""MultiPoint"",""coordinates"":[]}"
497_0000000000000000021b,4845034547,31873103,38900,H1,005,01155127,440,A,41005,+45.1604934,-122.1951274,06,,G4020,Clackamas,Clackamas County,41,2023-04-12,82.0800897770836,1681257600000,"{""type"":""MultiPoint"",""coordinates"":[]}"
497_0000000000000000021c,1116558776,88222268,38900,H1,051,01135861,440,A,41051,+45.5477107,-122.4173625,06,,G4020,Multnomah,Multnomah County,41,2023-04-12,86.53998629615023,1681257600000,"{""type"":""MultiPoint"",""coordinates"":[]}"
497_0000000000000000021e,1875846777,6127010,38900,H1,067,01155137,440,A,41067,+45.5535419,-123.0976146,06,,G4020,Washington,Washington County,41,2023-04-12,87.89437237702155,1681257600000,"{""type"":""MultiPoint"",""coordinates"":[]}"
498_0000000000000000021b,4845034547,31873103,38900,H1,005,01155127,440,A,41005,+45.1604934,-122.1951274,06,,G4020,Clackamas,Clackamas County,41,2023-04-13,80.51674782279278,1681344000000,"{""type"":""MultiPoint"",""coordinates"":[]}"
498_0000000000000000021c,1116558776,88222268,38900,H1,051,01135861,440,A,41051,+45.5477107,-122.4173625,06,,G4020,Multnomah,Multnomah County,41,2023-04-13,80.91495395229366,1681344000000,"{""type"":""MultiPoint"",""coordinates"":[]}"
498_0000000000000000021e,1875846777,6127010,38900,H1,067,01155137,440,A,41067,+45.5535419,-123.0976146,06,,G4020,Washington,Washington County,41,2023-04-13,78.3934703296151,1681344000000,"{""type"":""MultiPoint"",""coordinates"":[]}"
499_0000000000000000021b,4845034547,31873103,38900,H1,005,01155127,440,A,41005,+45.1604934,-122.1951274,06,,G4020,Clackamas,Clackamas County,41,2023-04-14,68.26883010358563,1681430400000,"{""type"":""MultiPoint"",""coordinates"":[]}"
499_0000000000000000021c,1116558776,88222268,38900,H1,051,01135861,440,A,41051,+45.5477107,-122.4173625,06,,G4020,Multnomah,Multnomah County,41,2023-04-14,68.78720568273556,1681430400000,"{""type"":""MultiPoint"",""coordinates"":[]}"
499_0000000000000000021e,1875846777,6127010,38900,H1,067,01155137,440,A,41067,+45.5535419,-123.0976146,06,,G4020,Washington,Washington County,41,2023-04-14,71.73757928328877,1681430400000,"{""type"":""MultiPoint"",""coordinates"":[]}"
500_0000000000000000021b,4845034547,31873103,38900,H1,005,01155127,440,A,41005,+45.1604934,-122.1951274,06,,G4020,Clackamas,Clackamas County,41,2023-04-15,72.17233478662033,1681516800000,"{""type"":""MultiPoint"",""coordinates"":[]}"
500_0000000000000000021c,1116558776,88222268,38900,H1,051,01135861,440,A,41051,+45.5477107,-122.4173625,06,,G4020,Multnomah,Multnomah County,41,2023-04-15,72.21872044414732,1681516800000,"{""type"":""MultiPoint"",""coordinates"":[]}"
500_0000000000000000021e,1875846777,6127010,38900,H1,067,01155137,440,A,41067,+45.5535419,-123.0976146,06,,G4020,Washington,Washington County,41,2023-04-15,77.48449810058628,1681516800000,"{""type"":""MultiPoint"",""coordinates"":[]}"
501_0000000000000000021b,4845034547,31873103,38900,H1,005,01155127,440,A,41005,+45.1604934,-122.1951274,06,,G4020,Clackamas,Clackamas County,41,2023-04-16,85.6587565110139,1681603200000,"{""type"":""MultiPoint"",""coordinates"":[]}"
501_0000000000000000021c,1116558776,88222268,38900,H1,051,01135861,440,A,41051,+45.5477107,-122.4173625,06,,G4020,Multnomah,Multnomah County,41,2023-04-16,84.19043714284534,1681603200000,"{""type"":""MultiPoint"",""coordinates"":[]}"
501_0000000000000000021e,1875846777,6127010,38900,H1,067,01155137,440,A,41067,+45.5535419,-123.0976146,06,,G4020,Washington,Washington County,41,2023-04-16,83.82744736163319,1681603200000,"{""type"":""MultiPoint"",""coordinates"":[]}"
502_0000000000000000021b,4845034547,31873103,38900,H1,005,01155127,440,A,41005,+45.1604934,-122.1951274,06,,G4020,Clackamas,Clackamas County,41,2023-04-17,82.54591168362468,1681689600000,"{""type"":""MultiPoint"",""coordinates"":[]}"
502_0000000000000000021c,1116558776,88222268,38900,H1,051,01135861,440,A,41051,+45.5477107,-122.4173625,06,,G4020,Multnomah,Multnomah County,41,2023-04-17,82.82209925530437,1681689600000,"{""type"":""MultiPoint"",""coordinates"":[]}"
502_0000000000000000021e,1875846777,6127010,38900,H1,067,01155137,440,A,41067,+45.5535419,-123.0976146,06,,G4020,Washington,Washington County,41,2023-04-17,83.93568517663272,1681689600000,"{""type"":""MultiPoint"",""coordinates"":[]}"
503_0000000000000000021b,4845034547,31873103,38900,H1,005,01155127,440,A,41005,+45.1604934,-122.1951274,06,,G4020,Clackamas,Clackamas County,41,2023-04-18,85.41937261900102,1681776000000,"{""type"":""MultiPoint"",""coordinates"":[]}"
503_0000000000000000021c,1116558776,88222268,38900,H1,051,01135861,440,A,41051,+45.5477107,-122.4173625,06,,G4020,Multnomah,Multnomah County,41,2023-04-18,89.00772719407138,1681776000000,"{""type"":""MultiPoint"",""coordinates"":[]}"
503_0000000000000000021e,1875846777,6127010,38900,H1,067,01155137,440,A,41067,+45.5535419,-123.0976146,06,,G4020,Washington,Washington County,41,2023-04-18,92.74556426970827,1681776000000,"{""type"":""MultiPoint"",""coordinates"":[]}"
504_0000000000000000021b,4845034547,31873103,38900,H1,005,01155127,440,A,41005,+45.1604934,-122.1951274,06,,G4020,Clackamas,Clackamas County,41,2023-04-19,89.61857689849155,1681862400000,"{""type"":""MultiPoint"",""coordinates"":[]}"
504_0000000000000000021c,1116558776,88222268,38900,H1,051,01135861,440,A,41051,+45.5477107,-122.4173625,06,,G4020,Multnomah,Multnomah County,41,2023-04-19,93.0937000592933,1681862400000,"{""type"":""MultiPoint"",""coordinates"":[]}"
504_0000000000000000021e,1875846777,6127010,38900,H1,067,01155137,440,A,41067,+45.5535419,-123.0976146,06,,G4020,Washington,Washington County,41,2023-04-19,93.83066847743493,1681862400000,"{""type"":""MultiPoint"",""coordinates"":[]}"
505_0000000000000000021b,4845034547,31873103,38900,H1,005,01155127,440,A,41005,+45.1604934,-122.1951274,06,,G4020,Clackamas,Clackamas County,41,2023-04-20,88.60161031357674,1681948800000,"{""type"":""MultiPoint"",""coordinates"":[]}"
505_0000000000000000021c,1116558776,88222268,38900,H1,051,01135861,440,A,41051,+45.5477107,-122.4173625,06,,G4020,Multnomah,Multnomah County,41,2023-04-20,90.67836789691856,1681948800000,"{""type"":""MultiPoint"",""coordinates"":[]}"
505_0000000000000000021e,1875846777,6127010,38900,H1,067,01155137,440,A,41067,+45.5535419,-123.0976146,06,,G4020,Washington,Washington County,41,2023-04-20,92.00305497893409,1681948800000,"{""type"":""MultiPoint"",""coordinates"":[]}"
506_0000000000000000021b,4845034547,31873103,38900,H1,005,01155127,440,A,41005,+45.1604934,-122.1951274,06,,G4020,Clackamas,Clackamas County,41,2023-04-21,87.39626678550906,1682035200000,"{""type"":""MultiPoint"",""coordinates"":[]}"
506_0000000000000000021c,1116558776,88222268,38900,H1,051,01135861,440,A,41051,+45.5477107,-122.4173625,06,,G4020,Multnomah,Multnomah County,41,2023-04-21,86.6684450329443,1682035200000,"{""type"":""MultiPoint"",""coordinates"":[]}"
506_0000000000000000021e,1875846777,6127010,38900,H1,067,01155137,440,A,41067,+45.5535419,-123.0976146,06,,G4020,Washington,Washington County,41,2023-04-21,85.94677406095148,1682035200000,"{""type"":""MultiPoint"",""coordinates"":[]}"
507_0000000000000000021b,4845034547,31873103,38900,H1,005,01155127,440,A,41005,+45.1604934,-122.1951274,06,,G4020,Clackamas,Clackamas County,41,2023-04-22,83.59661382796969,1682121600000,"{""type"":""MultiPoint"",""coordinates"":[]}"
507_0000000000000000021c,1116558776,88222268,38900,H1,051,01135861,440,A,41051,+45.5477107,-122.4173625,06,,G4020,Multnomah,Multnomah County,41,2023-04-22,79.40780954702544,1682121600000,"{""type"":""MultiPoint"",""coordinates"":[]}"
507_0000000000000000021e,1875846777,6127010,38900,H1,067,01155137,440,A,41067,+45.5535419,-123.0976146,06,,G4020,Washington,Washington County,41,2023-04-22,82.57948778006316,1682121600000,"{""type"":""MultiPoint"",""coordinates"":[]}"
508_0000000000000000021b,4845034547,31873103,38900,H1,005,01155127,440,A,41005,+45.1604934,-122.1951274,06,,G4020,Clackamas,Clackamas County,41,2023-04-23,90.0402562228751,1682208000000,"{""type"":""MultiPoint"",""coordinates"":[]}"
508_0000000000000000021c,1116558776,88222268,38900,H1,051,01135861,440,A,41051,+45.5477107,-122.4173625,06,,G4020,Multnomah,Multnomah County,41,2023-04-23,86.83171104029678,1682208000000,"{""type"":""MultiPoint"",""coordinates"":[]}"
508_0000000000000000021e,1875846777,6127010,38900,H1,067,01155137,440,A,41067,+45.5535419,-123.0976146,06,,G4020,Washington,Washington County,41,2023-04-23,85.6530009316246,1682208000000,"{""type"":""MultiPoint"",""coordinates"":[]}"
509_0000000000000000021b,4845034547,31873103,38900,H1,005,01155127,440,A,41005,+45.1604934,-122.1951274,06,,G4020,Clackamas,Clackamas County,41,2023-04-24,85.14675610652998,1682294400000,"{""type"":""MultiPoint"",""coordinates"":[]}"
509_0000000000000000021c,1116558776,88222268,38900,H1,051,01135861,440,A,41051,+45.5477107,-122.4173625,06,,G4020,Multnomah,Multnomah County,41,2023-04-24,82.53457471921122,1682294400000,"{""type"":""MultiPoint"",""coordinates"":[]}"
509_0000000000000000021e,1875846777,6127010,38900,H1,067,01155137,440,A,41067,+45.5535419,-123.0976146,06,,G4020,Washington,Washington County,41,2023-04-24,80.58627867868496,1682294400000,"{""type"":""MultiPoint"",""coordinates"":[]}"
510_0000000000000000021b,4845034547,31873103,38900,H1,005,01155127,440,A,41005,+45.1604934,-122.1951274,06,,G4020,Clackamas,Clackamas County,41,2023-04-25,76.08553165732395,1682380800000,"{""type"":""MultiPoint"",""coordinates"":[]}"
510_0000000000000000021c,1116558776,88222268,38900,H1,051,01135861,440,A,41051,+45.5477107,-122.4173625,06,,G4020,Multnomah,Multnomah County,41,2023-04-25,74.55438210238195,1682380800000,"{""type"":""MultiPoint"",""coordinates"":[]}"
510_0000000000000000021e,1875846777,6127010,38900,H1,067,01155137,440,A,41067,+45.5535419,-123.0976146,06,,G4020,Washington,Washington County,41,2023-04-25,71.77473529144856,1682380800000,"{""type"":""MultiPoint"",""coordinates"":[]}"
511_0000000000000000021b,4845034547,31873103,38900,H1,005,01155127,440,A,41005,+45.1604934,-122.1951274,06,,G4020,Clackamas,Clackamas County,41,2023-04-26,69.03824061552739,1682467200000,"{""type"":""MultiPoint"",""coordinates"":[]}"
511_0000000000000000021c,1116558776,88222268,38900,H1,051,01135861,440,A,41051,+45.5477107,-122.4173625,06,,G4020,Multnomah,Multnomah County,41,2023-04-26,67.19725961221667,1682467200000,"{""type"":""MultiPoint"",""coordinates"":[]}"
511_0000000000000000021e,1875846777,6127010,38900,H1,067,01155137,440,A,41067,+45.5535419,-123.0976146,06,,G4020,Washington,Washington County,41,2023-04-26,65.63753921950715,1682467200000,"{""type"":""MultiPoint"",""coordinates"":[]}"
512_0000000000000000021b,4845034547,31873103,38900,H1,005,01155127,440,A,41005,+45.1604934,-122.1951274,06,,G4020,Clackamas,Clackamas County,41,2023-04-27,70.79943375710334,1682553600000,"{""type"":""MultiPoint"",""coordinates"":[]}"
512_0000000000000000021c,1116558776,88222268,38900,H1,051,01135861,440,A,41051,+45.5477107,-122.4173625,06,,G4020,Multnomah,Multnomah County,41,2023-04-27,70.82047243030264,1682553600000,"{""type"":""MultiPoint"",""coordinates"":[]}"
512_0000000000000000021e,1875846777,6127010,38900,H1,067,01155137,440,A,41067,+45.5535419,-123.0976146,06,,G4020,Washington,Washington County,41,2023-04-27,69.68244249888845,1682553600000,"{""type"":""MultiPoint"",""coordinates"":[]}"
513_0000000000000000021b,4845034547,31873103,38900,H1,005,01155127,440,A,41005,+45.1604934,-122.1951274,06,,G4020,Clackamas,Clackamas County,41,2023-04-28,53.57510101558134,1682640000000,"{""type"":""MultiPoint"",""coordinates"":[]}"
513_0000000000000000021c,1116558776,88222268,38900,H1,051,01135861,440,A,41051,+45.5477107,-122.4173625,06,,G4020,Multnomah,Multnomah County,41,2023-04-28,54.255187909835755,1682640000000,"{""type"":""MultiPoint"",""coordinates"":[]}"
513_0000000000000000021e,1875846777,6127010,38900,H1,067,01155137,440,A,41067,+45.5535419,-123.0976146,06,,G4020,Washington,Washington County,41,2023-04-28,58.054432920597094,1682640000000,"{""type"":""MultiPoint"",""coordinates"":[]}"
514_0000000000000000021b,4845034547,31873103,38900,H1,005,01155127,440,A,41005,+45.1604934,-122.1951274,06,,G4020,Clackamas,Clackamas County,41,2023-04-29,67.00335831322614,1682726400000,"{""type"":""MultiPoint"",""coordinates"":[]}"
514_0000000000000000021c,1116558776,88222268,38900,H1,051,01135861,440,A,41051,+45.5477107,-122.4173625,06,,G4020,Multnomah,Multnomah County,41,2023-04-29,66.26713001404191,1682726400000,"{""type"":""MultiPoint"",""coordinates"":[]}"
514_0000000000000000021e,1875846777,6127010,38900,H1,067,01155137,440,A,41067,+45.5535419,-123.0976146,06,,G4020,Washington,Washington County,41,2023-04-29,68.17673222136368,1682726400000,"{""type"":""MultiPoint"",""coordinates"":[]}"
515_0000000000000000021b,4845034547,31873103,38900,H1,005,01155127,440,A,41005,+45.1604934,-122.1951274,06,,G4020,Clackamas,Clackamas County,41,2023-04-30,79.01888996064568,1682812800000,"{""type"":""MultiPoint"",""coordinates"":[]}"
515_0000000000000000021c,1116558776,88222268,38900,H1,051,01135861,440,A,41051,+45.5477107,-122.4173625,06,,G4020,Multnomah,Multnomah County,41,2023-04-30,76.37937040002952,1682812800000,"{""type"":""MultiPoint"",""coordinates"":[]}"
515_0000000000000000021e,1875846777,6127010,38900,H1,067,01155137,440,A,41067,+45.5535419,-123.0976146,06,,G4020,Washington,Washington County,41,2023-04-30,74.07009817665303,1682812800000,"{""type"":""MultiPoint"",""coordinates"":[]}"
516_0000000000000000021b,4845034547,31873103,38900,H1,005,01155127,440,A,41005,+45.1604934,-122.1951274,06,,G4020,Clackamas,Clackamas County,41,2023-05-01,79.96193764119603,1682899200000,"{""type"":""MultiPoint"",""coordinates"":[]}"
516_0000000000000000021c,1116558776,88222268,38900,H1,051,01135861,440,A,41051,+45.5477107,-122.4173625,06,,G4020,Multnomah,Multnomah County,41,2023-05-01,75.01740548756689,1682899200000,"{""type"":""MultiPoint"",""coordinates"":[]}"
516_0000000000000000021e,1875846777,6127010,38900,H1,067,01155137,440,A,41067,+45.5535419,-123.0976146,06,,G4020,Washington,Washington County,41,2023-05-01,72.30323220621035,1682899200000,"{""type"":""MultiPoint"",""coordinates"":[]}"
517_0000000000000000021b,4845034547,31873103,38900,H1,005,01155127,440,A,41005,+45.1604934,-122.1951274,06,,G4020,Clackamas,Clackamas County,41,2023-05-02,80.3188855790868,1682985600000,"{""type"":""MultiPoint"",""coordinates"":[]}"
517_0000000000000000021c,1116558776,88222268,38900,H1,051,01135861,440,A,41051,+45.5477107,-122.4173625,06,,G4020,Multnomah,Multnomah County,41,2023-05-02,77.41608226203469,1682985600000,"{""type"":""MultiPoint"",""coordinates"":[]}"
517_0000000000000000021e,1875846777,6127010,38900,H1,067,01155137,440,A,41067,+45.5535419,-123.0976146,06,,G4020,Washington,Washington County,41,2023-05-02,74.66432387056369,1682985600000,"{""type"":""MultiPoint"",""coordinates"":[]}"
518_0000000000000000021b,4845034547,31873103,38900,H1,005,01155127,440,A,41005,+45.1604934,-122.1951274,06,,G4020,Clackamas,Clackamas County,41,2023-05-03,79.70421043053557,1683072000000,"{""type"":""MultiPoint"",""coordinates"":[]}"
518_0000000000000000021c,1116558776,88222268,38900,H1,051,01135861,440,A,41051,+45.5477107,-122.4173625,06,,G4020,Multnomah,Multnomah County,41,2023-05-03,78.24957057588308,1683072000000,"{""type"":""MultiPoint"",""coordinates"":[]}"
518_0000000000000000021e,1875846777,6127010,38900,H1,067,01155137,440,A,41067,+45.5535419,-123.0976146,06,,G4020,Washington,Washington County,41,2023-05-03,76.98754332745344,1683072000000,"{""type"":""MultiPoint"",""coordinates"":[]}"
519_0000000000000000021b,4845034547,31873103,38900,H1,005,01155127,440,A,41005,+45.1604934,-122.1951274,06,,G4020,Clackamas,Clackamas County,41,2023-05-04,90.33713919590718,1683158400000,"{""type"":""MultiPoint"",""coordinates"":[]}"
519_0000000000000000021c,1116558776,88222268,38900,H1,051,01135861,440,A,41051,+45.5477107,-122.4173625,06,,G4020,Multnomah,Multnomah County,41,2023-05-04,87.26364621042411,1683158400000,"{""type"":""MultiPoint"",""coordinates"":[]}"
519_0000000000000000021e,1875846777,6127010,38900,H1,067,01155137,440,A,41067,+45.5535419,-123.0976146,06,,G4020,Washington,Washington County,41,2023-05-04,85.38823998742933,1683158400000,"{""type"":""MultiPoint"",""coordinates"":[]}"
520_0000000000000000021b,4845034547,31873103,38900,H1,005,01155127,440,A,41005,+45.1604934,-122.1951274,06,,G4020,Clackamas,Clackamas County,41,2023-05-05,90.04154151285998,1683244800000,"{""type"":""MultiPoint"",""coordinates"":[]}"
520_0000000000000000021c,1116558776,88222268,38900,H1,051,01135861,440,A,41051,+45.5477107,-122.4173625,06,,G4020,Multnomah,Multnomah County,41,2023-05-05,93.61414711889206,1683244800000,"{""type"":""MultiPoint"",""coordinates"":[]}"
520_0000000000000000021e,1875846777,6127010,38900,H1,067,01155137,440,A,41067,+45.5535419,-123.0976146,06,,G4020,Washington,Washington County,41,2023-05-05,92.27998379111968,1683244800000,"{""type"":""MultiPoint"",""coordinates"":[]}"
521_0000000000000000021b,4845034547,31873103,38900,H1,005,01155127,440,A,41005,+45.1604934,-122.1951274,06,,G4020,Clackamas,Clackamas County,41,2023-05-06,86.11975307976553,1683331200000,"{""type"":""MultiPoint"",""coordinates"":[]}"
521_0000000000000000021c,1116558776,88222268,38900,H1,051,01135861,440,A,41051,+45.5477107,-122.4173625,06,,G4020,Multnomah,Multnomah County,41,2023-05-06,87.0773258983959,1683331200000,"{""type"":""MultiPoint"",""coordinates"":[]}"
521_0000000000000000021e,1875846777,6127010,38900,H1,067,01155137,440,A,41067,+45.5535419,-123.0976146,06,,G4020,Washington,Washington County,41,2023-05-06,88.87865094519027,1683331200000,"{""type"":""MultiPoint"",""coordinates"":[]}"
522_0000000000000000021b,4845034547,31873103,38900,H1,005,01155127,440,A,41005,+45.1604934,-122.1951274,06,,G4020,Clackamas,Clackamas County,41,2023-05-07,80.8998891002946,1683417600000,"{""type"":""MultiPoint"",""coordinates"":[]}"
522_0000000000000000021c,1116558776,88222268,38900,H1,051,01135861,440,A,41051,+45.5477107,-122.4173625,06,,G4020,Multnomah,Multnomah County,41,2023-05-07,78.59696438121183,1683417600000,"{""type"":""MultiPoint"",""coordinates"":[]}"
522_0000000000000000021e,1875846777,6127010,38900,H1,067,01155137,440,A,41067,+45.5535419,-123.0976146,06,,G4020,Washington,Washington County,41,2023-05-07,73.9291643126732,1683417600000,"{""type"":""MultiPoint"",""coordinates"":[]}"
523_0000000000000000021b,4845034547,31873103,38900,H1,005,01155127,440,A,41005,+45.1604934,-122.1951274,06,,G4020,Clackamas,Clackamas County,41,2023-05-08,77.39149614844405,1683504000000,"{""type"":""MultiPoint"",""coordinates"":[]}"
523_0000000000000000021c,1116558776,88222268,38900,H1,051,01135861,440,A,41051,+45.5477107,-122.4173625,06,,G4020,Multnomah,Multnomah County,41,2023-05-08,70.50460780197137,1683504000000,"{""type"":""MultiPoint"",""coordinates"":[]}"
523_0000000000000000021e,1875846777,6127010,38900,H1,067,01155137,440,A,41067,+45.5535419,-123.0976146,06,,G4020,Washington,Washington County,41,2023-05-08,71.08883793817718,1683504000000,"{""type"":""MultiPoint"",""coordinates"":[]}"
524_0000000000000000021b,4845034547,31873103,38900,H1,005,01155127,440,A,41005,+45.1604934,-122.1951274,06,,G4020,Clackamas,Clackamas County,41,2023-05-09,86.24464355837658,1683590400000,"{""type"":""MultiPoint"",""coordinates"":[]}"
524_0000000000000000021c,1116558776,88222268,38900,H1,051,01135861,440,A,41051,+45.5477107,-122.4173625,06,,G4020,Multnomah,Multnomah County,41,2023-05-09,83.2415174302392,1683590400000,"{""type"":""MultiPoint"",""coordinates"":[]}"
524_0000000000000000021e,1875846777,6127010,38900,H1,067,01155137,440,A,41067,+45.5535419,-123.0976146,06,,G4020,Washington,Washington County,41,2023-05-09,79.5596465980015,1683590400000,"{""type"":""MultiPoint"",""coordinates"":[]}"
525_0000000000000000021b,4845034547,31873103,38900,H1,005,01155127,440,A,41005,+45.1604934,-122.1951274,06,,G4020,Clackamas,Clackamas County,41,2023-05-10,70.81456447050765,1683676800000,"{""type"":""MultiPoint"",""coordinates"":[]}"
525_0000000000000000021c,1116558776,88222268,38900,H1,051,01135861,440,A,41051,+45.5477107,-122.4173625,06,,G4020,Multnomah,Multnomah County,41,2023-05-10,68.04339447003117,1683676800000,"{""type"":""MultiPoint"",""coordinates"":[]}"
525_0000000000000000021e,1875846777,6127010,38900,H1,067,01155137,440,A,41067,+45.5535419,-123.0976146,06,,G4020,Washington,Washington County,41,2023-05-10,70.00309464548957,1683676800000,"{""type"":""MultiPoint"",""coordinates"":[]}"
526_0000000000000000021b,4845034547,31873103,38900,H1,005,01155127,440,A,41005,+45.1604934,-122.1951274,06,,G4020,Clackamas,Clackamas County,41,2023-05-11,72.79310342145747,1683763200000,"{""type"":""MultiPoint"",""coordinates"":[]}"
526_0000000000000000021c,1116558776,88222268,38900,H1,051,01135861,440,A,41051,+45.5477107,-122.4173625,06,,G4020,Multnomah,Multnomah County,41,2023-05-11,70.02685456618303,1683763200000,"{""type"":""MultiPoint"",""coordinates"":[]}"
526_0000000000000000021e,1875846777,6127010,38900,H1,067,01155137,440,A,41067,+45.5535419,-123.0976146,06,,G4020,Washington,Washington County,41,2023-05-11,69.13106253399457,1683763200000,"{""type"":""MultiPoint"",""coordinates"":[]}"
527_0000000000000000021b,4845034547,31873103,38900,H1,005,01155127,440,A,41005,+45.1604934,-122.1951274,06,,G4020,Clackamas,Clackamas County,41,2023-05-12,62.109388982426196,1683849600000,"{""type"":""MultiPoint"",""coordinates"":[]}"
527_0000000000000000021c,1116558776,88222268,38900,H1,051,01135861,440,A,41051,+45.5477107,-122.4173625,06,,G4020,Multnomah,Multnomah County,41,2023-05-12,60.21075831889386,1683849600000,"{""type"":""MultiPoint"",""coordinates"":[]}"
527_0000000000000000021e,1875846777,6127010,38900,H1,067,01155137,440,A,41067,+45.5535419,-123.0976146,06,,G4020,Washington,Washington County,41,2023-05-12,64.31601109621901,1683849600000,"{""type"":""MultiPoint"",""coordinates"":[]}"
528_0000000000000000021b,4845034547,31873103,38900,H1,005,01155127,440,A,41005,+45.1604934,-122.1951274,06,,G4020,Clackamas,Clackamas County,41,2023-05-13,47.51940042516565,1683936000000,"{""type"":""MultiPoint"",""coordinates"":[]}"
528_0000000000000000021c,1116558776,88222268,38900,H1,051,01135861,440,A,41051,+45.5477107,-122.4173625,06,,G4020,Multnomah,Multnomah County,41,2023-05-13,50.72750005635733,1683936000000,"{""type"":""MultiPoint"",""coordinates"":[]}"
528_0000000000000000021e,1875846777,6127010,38900,H1,067,01155137,440,A,41067,+45.5535419,-123.0976146,06,,G4020,Washington,Washington County,41,2023-05-13,53.34714528021391,1683936000000,"{""type"":""MultiPoint"",""coordinates"":[]}"
529_0000000000000000021b,4845034547,31873103,38900,H1,005,01155127,440,A,41005,+45.1604934,-122.1951274,06,,G4020,Clackamas,Clackamas County,41,2023-05-14,44.63783462125052,1684022400000,"{""type"":""MultiPoint"",""coordinates"":[]}"
529_0000000000000000021c,1116558776,88222268,38900,H1,051,01135861,440,A,41051,+45.5477107,-122.4173625,06,,G4020,Multnomah,Multnomah County,41,2023-05-14,47.66082938526399,1684022400000,"{""type"":""MultiPoint"",""coordinates"":[]}"
529_0000000000000000021e,1875846777,6127010,38900,H1,067,01155137,440,A,41067,+45.5535419,-123.0976146,06,,G4020,Washington,Washington County,41,2023-05-14,49.57297895846297,1684022400000,"{""type"":""MultiPoint"",""coordinates"":[]}"
530_0000000000000000021b,4845034547,31873103,38900,H1,005,01155127,440,A,41005,+45.1604934,-122.1951274,06,,G4020,Clackamas,Clackamas County,41,2023-05-15,54.52217160810289,1684108800000,"{""type"":""MultiPoint"",""coordinates"":[]}"
530_0000000000000000021c,1116558776,88222268,38900,H1,051,01135861,440,A,41051,+45.5477107,-122.4173625,06,,G4020,Multnomah,Multnomah County,41,2023-05-15,52.831352581667076,1684108800000,"{""type"":""MultiPoint"",""coordinates"":[]}"
530_0000000000000000021e,1875846777,6127010,38900,H1,067,01155137,440,A,41067,+45.5535419,-123.0976146,06,,G4020,Washington,Washington County,41,2023-05-15,48.74690007018653,1684108800000,"{""type"":""MultiPoint"",""coordinates"":[]}"
531_0000000000000000021b,4845034547,31873103,38900,H1,005,01155127,440,A,41005,+45.1604934,-122.1951274,06,,G4020,Clackamas,Clackamas County,41,2023-05-16,67.00560135506976,1684195200000,"{""type"":""MultiPoint"",""coordinates"":[]}"
531_0000000000000000021c,1116558776,88222268,38900,H1,051,01135861,440,A,41051,+45.5477107,-122.4173625,06,,G4020,Multnomah,Multnomah County,41,2023-05-16,68.26166347425405,1684195200000,"{""type"":""MultiPoint"",""coordinates"":[]}"
531_0000000000000000021e,1875846777,6127010,38900,H1,067,01155137,440,A,41067,+45.5535419,-123.0976146,06,,G4020,Washington,Washington County,41,2023-05-16,62.943579235495505,1684195200000,"{""type"":""MultiPoint"",""coordinates"":[]}"
532_0000000000000000021b,4845034547,31873103,38900,H1,005,01155127,440,A,41005,+45.1604934,-122.1951274,06,,G4020,Clackamas,Clackamas County,41,2023-05-17,62.418965954910206,1684281600000,"{""type"":""MultiPoint"",""coordinates"":[]}"
532_0000000000000000021c,1116558776,88222268,38900,H1,051,01135861,440,A,41051,+45.5477107,-122.4173625,06,,G4020,Multnomah,Multnomah County,41,2023-05-17,62.60429116973932,1684281600000,"{""type"":""MultiPoint"",""coordinates"":[]}"
532_0000000000000000021e,1875846777,6127010,38900,H1,067,01155137,440,A,41067,+45.5535419,-123.0976146,06,,G4020,Washington,Washington County,41,2023-05-17,62.90856257656356,1684281600000,"{""type"":""MultiPoint"",""coordinates"":[]}"
533_0000000000000000021b,4845034547,31873103,38900,H1,005,01155127,440,A,41005,+45.1604934,-122.1951274,06,,G4020,Clackamas,Clackamas County,41,2023-05-18,68.3269282350077,1684368000000,"{""type"":""MultiPoint"",""coordinates"":[]}"
533_0000000000000000021c,1116558776,88222268,38900,H1,051,01135861,440,A,41051,+45.5477107,-122.4173625,06,,G4020,Multnomah,Multnomah County,41,2023-05-18,66.57560715398073,1684368000000,"{""type"":""MultiPoint"",""coordinates"":[]}"
533_0000000000000000021e,1875846777,6127010,38900,H1,067,01155137,440,A,41067,+45.5535419,-123.0976146,06,,G4020,Washington,Washington County,41,2023-05-18,67.29230623897327,1684368000000,"{""type"":""MultiPoint"",""coordinates"":[]}"
534_0000000000000000021b,4845034547,31873103,38900,H1,005,01155127,440,A,41005,+45.1604934,-122.1951274,06,,G4020,Clackamas,Clackamas County,41,2023-05-19,71.90987370270396,1684454400000,"{""type"":""MultiPoint"",""coordinates"":[]}"
534_0000000000000000021c,1116558776,88222268,38900,H1,051,01135861,440,A,41051,+45.5477107,-122.4173625,06,,G4020,Multnomah,Multnomah County,41,2023-05-19,68.69804168076219,1684454400000,"{""type"":""MultiPoint"",""coordinates"":[]}"
534_0000000000000000021e,1875846777,6127010,38900,H1,067,01155137,440,A,41067,+45.5535419,-123.0976146,06,,G4020,Washington,Washington County,41,2023-05-19,66.93248068793812,1684454400000,"{""type"":""MultiPoint"",""coordinates"":[]}"
535_0000000000000000021b,4845034547,31873103,38900,H1,005,01155127,440,A,41005,+45.1604934,-122.1951274,06,,G4020,Clackamas,Clackamas County,41,2023-05-20,73.80949670828772,1684540800000,"{""type"":""MultiPoint"",""coordinates"":[]}"
535_0000000000000000021c,1116558776,88222268,38900,H1,051,01135861,440,A,41051,+45.5477107,-122.4173625,06,,G4020,Multnomah,Multnomah County,41,2023-05-20,68.99149381629096,1684540800000,"{""type"":""MultiPoint"",""coordinates"":[]}"
535_0000000000000000021e,1875846777,6127010,38900,H1,067,01155137,440,A,41067,+45.5535419,-123.0976146,06,,G4020,Washington,Washington County,41,2023-05-20,66.26339029476554,1684540800000,"{""type"":""MultiPoint"",""coordinates"":[]}"
536_0000000000000000021b,4845034547,31873103,38900,H1,005,01155127,440,A,41005,+45.1604934,-122.1951274,06,,G4020,Clackamas,Clackamas County,41,2023-05-21,70.92203882430378,1684627200000,"{""type"":""MultiPoint"",""coordinates"":[]}"
536_0000000000000000021c,1116558776,88222268,38900,H1,051,01135861,440,A,41051,+45.5477107,-122.4173625,06,,G4020,Multnomah,Multnomah County,41,2023-05-21,67.53114472262116,1684627200000,"{""type"":""MultiPoint"",""coordinates"":[]}"
536_0000000000000000021e,1875846777,6127010,38900,H1,067,01155137,440,A,41067,+45.5535419,-123.0976146,06,,G4020,Washington,Washington County,41,2023-05-21,66.72352904762991,1684627200000,"{""type"":""MultiPoint"",""coordinates"":[]}"
537_0000000000000000021b,4845034547,31873103,38900,H1,005,01155127,440,A,41005,+45.1604934,-122.1951274,06,,G4020,Clackamas,Clackamas County,41,2023-05-22,68.39704912623571,1684713600000,"{""type"":""MultiPoint"",""coordinates"":[]}"
537_0000000000000000021c,1116558776,88222268,38900,H1,051,01135861,440,A,41051,+45.5477107,-122.4173625,06,,G4020,Multnomah,Multnomah County,41,2023-05-22,66.05418519441676,1684713600000,"{""type"":""MultiPoint"",""coordinates"":[]}"
537_0000000000000000021e,1875846777,6127010,38900,H1,067,01155137,440,A,41067,+45.5535419,-123.0976146,06,,G4020,Washington,Washington County,41,2023-05-22,65.99278812917579,1684713600000,"{""type"":""MultiPoint"",""coordinates"":[]}"
538_0000000000000000021b,4845034547,31873103,38900,H1,005,01155127,440,A,41005,+45.1604934,-122.1951274,06,,G4020,Clackamas,Clackamas County,41,2023-05-23,63.53822937992678,1684800000000,"{""type"":""MultiPoint"",""coordinates"":[]}"
538_0000000000000000021c,1116558776,88222268,38900,H1,051,01135861,440,A,41051,+45.5477107,-122.4173625,06,,G4020,Multnomah,Multnomah County,41,2023-05-23,62.18492283281167,1684800000000,"{""type"":""MultiPoint"",""coordinates"":[]}"
538_0000000000000000021e,1875846777,6127010,38900,H1,067,01155137,440,A,41067,+45.5535419,-123.0976146,06,,G4020,Washington,Washington County,41,2023-05-23,62.678681284146926,1684800000000,"{""type"":""MultiPoint"",""coordinates"":[]}"
539_0000000000000000021b,4845034547,31873103,38900,H1,005,01155127,440,A,41005,+45.1604934,-122.1951274,06,,G4020,Clackamas,Clackamas County,41,2023-05-24,61.66411020578714,1684886400000,"{""type"":""MultiPoint"",""coordinates"":[]}"
539_0000000000000000021c,1116558776,88222268,38900,H1,051,01135861,440,A,41051,+45.5477107,-122.4173625,06,,G4020,Multnomah,Multnomah County,41,2023-05-24,61.719759384073306,1684886400000,"{""type"":""MultiPoint"",""coordinates"":[]}"
539_0000000000000000021e,1875846777,6127010,38900,H1,067,01155137,440,A,41067,+45.5535419,-123.0976146,06,,G4020,Washington,Washington County,41,2023-05-24,62.98482653577621,1684886400000,"{""type"":""MultiPoint"",""coordinates"":[]}"
540_0000000000000000021b,4845034547,31873103,38900,H1,005,01155127,440,A,41005,+45.1604934,-122.1951274,06,,G4020,Clackamas,Clackamas County,41,2023-05-25,59.33925797667734,1684972800000,"{""type"":""MultiPoint"",""coordinates"":[]}"
540_0000000000000000021c,1116558776,88222268,38900,H1,051,01135861,440,A,41051,+45.5477107,-122.4173625,06,,G4020,Multnomah,Multnomah County,41,2023-05-25,56.973436145428025,1684972800000,"{""type"":""MultiPoint"",""coordinates"":[]}"
540_0000000000000000021e,1875846777,6127010,38900,H1,067,01155137,440,A,41067,+45.5535419,-123.0976146,06,,G4020,Washington,Washington County,41,2023-05-25,57.02653948765428,1684972800000,"{""type"":""MultiPoint"",""coordinates"":[]}"
541_0000000000000000021b,4845034547,31873103,38900,H1,005,01155127,440,A,41005,+45.1604934,-122.1951274,06,,G4020,Clackamas,Clackamas County,41,2023-05-26,54.27328766759164,1685059200000,"{""type"":""MultiPoint"",""coordinates"":[]}"
541_0000000000000000021c,1116558776,88222268,38900,H1,051,01135861,440,A,41051,+45.5477107,-122.4173625,06,,G4020,Multnomah,Multnomah County,41,2023-05-26,52.60476099406444,1685059200000,"{""type"":""MultiPoint"",""coordinates"":[]}"
541_0000000000000000021e,1875846777,6127010,38900,H1,067,01155137,440,A,41067,+45.5535419,-123.0976146,06,,G4020,Washington,Washington County,41,2023-05-26,53.2865249098896,1685059200000,"{""type"":""MultiPoint"",""coordinates"":[]}"
542_0000000000000000021b,4845034547,31873103,38900,H1,005,01155127,440,A,41005,+45.1604934,-122.1951274,06,,G4020,Clackamas,Clackamas County,41,2023-05-27,65.1130874547528,1685145600000,"{""type"":""MultiPoint"",""coordinates"":[]}"
542_0000000000000000021c,1116558776,88222268,38900,H1,051,01135861,440,A,41051,+45.5477107,-122.4173625,06,,G4020,Multnomah,Multnomah County,41,2023-05-27,62.24669248018412,1685145600000,"{""type"":""MultiPoint"",""coordinates"":[]}"
542_0000000000000000021e,1875846777,6127010,38900,H1,067,01155137,440,A,41067,+45.5535419,-123.0976146,06,,G4020,Washington,Washington County,41,2023-05-27,63.07977564261591,1685145600000,"{""type"":""MultiPoint"",""coordinates"":[]}"
543_0000000000000000021b,4845034547,31873103,38900,H1,005,01155127,440,A,41005,+45.1604934,-122.1951274,06,,G4020,Clackamas,Clackamas County,41,2023-05-28,61.4121621274924,1685232000000,"{""type"":""MultiPoint"",""coordinates"":[]}"
543_0000000000000000021c,1116558776,88222268,38900,H1,051,01135861,440,A,41051,+45.5477107,-122.4173625,06,,G4020,Multnomah,Multnomah County,41,2023-05-28,61.09493354497918,1685232000000,"{""type"":""MultiPoint"",""coordinates"":[]}"
543_0000000000000000021e,1875846777,6127010,38900,H1,067,01155137,440,A,41067,+45.5535419,-123.0976146,06,,G4020,Washington,Washington County,41,2023-05-28,60.48917463434379,1685232000000,"{""type"":""MultiPoint"",""coordinates"":[]}"
544_0000000000000000021b,4845034547,31873103,38900,H1,005,01155127,440,A,41005,+45.1604934,-122.1951274,06,,G4020,Clackamas,Clackamas County,41,2023-05-29,58.31694129082443,1685318400000,"{""type"":""MultiPoint"",""coordinates"":[]}"
544_0000000000000000021c,1116558776,88222268,38900,H1,051,01135861,440,A,41051,+45.5477107,-122.4173625,06,,G4020,Multnomah,Multnomah County,41,2023-05-29,60.44584542584741,1685318400000,"{""type"":""MultiPoint"",""coordinates"":[]}"
544_0000000000000000021e,1875846777,6127010,38900,H1,067,01155137,440,A,41067,+45.5535419,-123.0976146,06,,G4020,Washington,Washington County,41,2023-05-29,60.036465852508094,1685318400000,"{""type"":""MultiPoint"",""coordinates"":[]}"
545_0000000000000000021b,4845034547,31873103,38900,H1,005,01155127,440,A,41005,+45.1604934,-122.1951274,06,,G4020,Clackamas,Clackamas County,41,2023-05-30,62.88515933006167,1685404800000,"{""type"":""MultiPoint"",""coordinates"":[]}"
545_0000000000000000021c,1116558776,88222268,38900,H1,051,01135861,440,A,41051,+45.5477107,-122.4173625,06,,G4020,Multnomah,Multnomah County,41,2023-05-30,60.85614031899728,1685404800000,"{""type"":""MultiPoint"",""coordinates"":[]}"
545_0000000000000000021e,1875846777,6127010,38900,H1,067,01155137,440,A,41067,+45.5535419,-123.0976146,06,,G4020,Washington,Washington County,41,2023-05-30,60.848687220685136,1685404800000,"{""type"":""MultiPoint"",""coordinates"":[]}"
546_0000000000000000021b,4845034547,31873103,38900,H1,005,01155127,440,A,41005,+45.1604934,-122.1951274,06,,G4020,Clackamas,Clackamas County,41,2023-05-31,60.190320078005804,1685491200000,"{""type"":""MultiPoint"",""coordinates"":[]}"
546_0000000000000000021c,1116558776,88222268,38900,H1,051,01135861,440,A,41051,+45.5477107,-122.4173625,06,,G4020,Multnomah,Multnomah County,41,2023-05-31,58.60260037132988,1685491200000,"{""type"":""MultiPoint"",""coordinates"":[]}"
546_0000000000000000021e,1875846777,6127010,38900,H1,067,01155137,440,A,41067,+45.5535419,-123.0976146,06,,G4020,Washington,Washington County,41,2023-05-31,59.58678672383972,1685491200000,"{""type"":""MultiPoint"",""coordinates"":[]}"
547_0000000000000000021b,4845034547,31873103,38900,H1,005,01155127,440,A,41005,+45.1604934,-122.1951274,06,,G4020,Clackamas,Clackamas County,41,2023-06-01,60.348064192206415,1685577600000,"{""type"":""MultiPoint"",""coordinates"":[]}"
547_0000000000000000021c,1116558776,88222268,38900,H1,051,01135861,440,A,41051,+45.5477107,-122.4173625,06,,G4020,Multnomah,Multnomah County,41,2023-06-01,60.02771173803299,1685577600000,"{""type"":""MultiPoint"",""coordinates"":[]}"
547_0000000000000000021e,1875846777,6127010,38900,H1,067,01155137,440,A,41067,+45.5535419,-123.0976146,06,,G4020,Washington,Washington County,41,2023-06-01,60.176478577744504,1685577600000,"{""type"":""MultiPoint"",""coordinates"":[]}"
548_0000000000000000021b,4845034547,31873103,38900,H1,005,01155127,440,A,41005,+45.1604934,-122.1951274,06,,G4020,Clackamas,Clackamas County,41,2023-06-02,54.884634340923114,1685664000000,"{""type"":""MultiPoint"",""coordinates"":[]}"
548_0000000000000000021c,1116558776,88222268,38900,H1,051,01135861,440,A,41051,+45.5477107,-122.4173625,06,,G4020,Multnomah,Multnomah County,41,2023-06-02,55.0721652250191,1685664000000,"{""type"":""MultiPoint"",""coordinates"":[]}"
548_0000000000000000021e,1875846777,6127010,38900,H1,067,01155137,440,A,41067,+45.5535419,-123.0976146,06,,G4020,Washington,Washington County,41,2023-06-02,56.45501965650225,1685664000000,"{""type"":""MultiPoint"",""coordinates"":[]}"
549_0000000000000000021b,4845034547,31873103,38900,H1,005,01155127,440,A,41005,+45.1604934,-122.1951274,06,,G4020,Clackamas,Clackamas County,41,2023-06-03,49.67921088606245,1685750400000,"{""type"":""MultiPoint"",""coordinates"":[]}"
549_0000000000000000021c,1116558776,88222268,38900,H1,051,01135861,440,A,41051,+45.5477107,-122.4173625,06,,G4020,Multnomah,Multnomah County,41,2023-06-03,49.17723825585137,1685750400000,"{""type"":""MultiPoint"",""coordinates"":[]}"
549_0000000000000000021e,1875846777,6127010,38900,H1,067,01155137,440,A,41067,+45.5535419,-123.0976146,06,,G4020,Washington,Washington County,41,2023-06-03,51.36402210455902,1685750400000,"{""type"":""MultiPoint"",""coordinates"":[]}"
550_0000000000000000021b,4845034547,31873103,38900,H1,005,01155127,440,A,41005,+45.1604934,-122.1951274,06,,G4020,Clackamas,Clackamas County,41,2023-06-04,56.28110200290039,1685836800000,"{""type"":""MultiPoint"",""coordinates"":[]}"
550_0000000000000000021c,1116558776,88222268,38900,H1,051,01135861,440,A,41051,+45.5477107,-122.4173625,06,,G4020,Multnomah,Multnomah County,41,2023-06-04,55.40317957519623,1685836800000,"{""type"":""MultiPoint"",""coordinates"":[]}"
550_0000000000000000021e,1875846777,6127010,38900,H1,067,01155137,440,A,41067,+45.5535419,-123.0976146,06,,G4020,Washington,Washington County,41,2023-06-04,56.60828046937305,1685836800000,"{""type"":""MultiPoint"",""coordinates"":[]}"
551_0000000000000000021b,4845034547,31873103,38900,H1,005,01155127,440,A,41005,+45.1604934,-122.1951274,06,,G4020,Clackamas,Clackamas County,41,2023-06-05,38.31990634796618,1685923200000,"{""type"":""MultiPoint"",""coordinates"":[]}"
551_0000000000000000021c,1116558776,88222268,38900,H1,051,01135861,440,A,41051,+45.5477107,-122.4173625,06,,G4020,Multnomah,Multnomah County,41,2023-06-05,35.77518678442245,1685923200000,"{""type"":""MultiPoint"",""coordinates"":[]}"
551_0000000000000000021e,1875846777,6127010,38900,H1,067,01155137,440,A,41067,+45.5535419,-123.0976146,06,,G4020,Washington,Washington County,41,2023-06-05,37.29102164553708,1685923200000,"{""type"":""MultiPoint"",""coordinates"":[]}"
552_0000000000000000021b,4845034547,31873103,38900,H1,005,01155127,440,A,41005,+45.1604934,-122.1951274,06,,G4020,Clackamas,Clackamas County,41,2023-06-06,36.90079004509583,1686009600000,"{""type"":""MultiPoint"",""coordinates"":[]}"
552_0000000000000000021c,1116558776,88222268,38900,H1,051,01135861,440,A,41051,+45.5477107,-122.4173625,06,,G4020,Multnomah,Multnomah County,41,2023-06-06,34.829415139077675,1686009600000,"{""type"":""MultiPoint"",""coordinates"":[]}"
552_0000000000000000021e,1875846777,6127010,38900,H1,067,01155137,440,A,41067,+45.5535419,-123.0976146,06,,G4020,Washington,Washington County,41,2023-06-06,30.30607502987992,1686009600000,"{""type"":""MultiPoint"",""coordinates"":[]}"
553_0000000000000000021b,4845034547,31873103,38900,H1,005,01155127,440,A,41005,+45.1604934,-122.1951274,06,,G4020,Clackamas,Clackamas County,41,2023-06-07,41.917967850833456,1686096000000,"{""type"":""MultiPoint"",""coordinates"":[]}"
553_0000000000000000021c,1116558776,88222268,38900,H1,051,01135861,440,A,41051,+45.5477107,-122.4173625,06,,G4020,Multnomah,Multnomah County,41,2023-06-07,43.15085208587372,1686096000000,"{""type"":""MultiPoint"",""coordinates"":[]}"
553_0000000000000000021e,1875846777,6127010,38900,H1,067,01155137,440,A,41067,+45.5535419,-123.0976146,06,,G4020,Washington,Washington County,41,2023-06-07,43.49167899168159,1686096000000,"{""type"":""MultiPoint"",""coordinates"":[]}"
554_0000000000000000021b,4845034547,31873103,38900,H1,005,01155127,440,A,41005,+45.1604934,-122.1951274,06,,G4020,Clackamas,Clackamas County,41,2023-06-08,58.87603447265442,1686182400000,"{""type"":""MultiPoint"",""coordinates"":[]}"
554_0000000000000000021c,1116558776,88222268,38900,H1,051,01135861,440,A,41051,+45.5477107,-122.4173625,06,,G4020,Multnomah,Multnomah County,41,2023-06-08,55.55696359043119,1686182400000,"{""type"":""MultiPoint"",""coordinates"":[]}"
554_0000000000000000021e,1875846777,6127010,38900,H1,067,01155137,440,A,41067,+45.5535419,-123.0976146,06,,G4020,Washington,Washington County,41,2023-06-08,56.044722636018676,1686182400000,"{""type"":""MultiPoint"",""coordinates"":[]}"
555_0000000000000000021b,4845034547,31873103,38900,H1,005,01155127,440,A,41005,+45.1604934,-122.1951274,06,,G4020,Clackamas,Clackamas County,41,2023-06-09,80.89241677272129,1686268800000,"{""type"":""MultiPoint"",""coordinates"":[]}"
555_0000000000000000021c,1116558776,88222268,38900,H1,051,01135861,440,A,41051,+45.5477107,-122.4173625,06,,G4020,Multnomah,Multnomah County,41,2023-06-09,75.30764512062373,1686268800000,"{""type"":""MultiPoint"",""coordinates"":[]}"
555_0000000000000000021e,1875846777,6127010,38900,H1,067,01155137,440,A,41067,+45.5535419,-123.0976146,06,,G4020,Washington,Washington County,41,2023-06-09,70.86658539607062,1686268800000,"{""type"":""MultiPoint"",""coordinates"":[]}"
556_0000000000000000021b,4845034547,31873103,38900,H1,005,01155127,440,A,41005,+45.1604934,-122.1951274,06,,G4020,Clackamas,Clackamas County,41,2023-06-10,78.5158458744333,1686355200000,"{""type"":""MultiPoint"",""coordinates"":[]}"
556_0000000000000000021c,1116558776,88222268,38900,H1,051,01135861,440,A,41051,+45.5477107,-122.4173625,06,,G4020,Multnomah,Multnomah County,41,2023-06-10,80.81331594125338,1686355200000,"{""type"":""MultiPoint"",""coordinates"":[]}"
556_0000000000000000021e,1875846777,6127010,38900,H1,067,01155137,440,A,41067,+45.5535419,-123.0976146,06,,G4020,Washington,Washington County,41,2023-06-10,77.94342169167196,1686355200000,"{""type"":""MultiPoint"",""coordinates"":[]}"
557_0000000000000000021b,4845034547,31873103,38900,H1,005,01155127,440,A,41005,+45.1604934,-122.1951274,06,,G4020,Clackamas,Clackamas County,41,2023-06-11,64.21082723924945,1686441600000,"{""type"":""MultiPoint"",""coordinates"":[]}"
557_0000000000000000021c,1116558776,88222268,38900,H1,051,01135861,440,A,41051,+45.5477107,-122.4173625,06,,G4020,Multnomah,Multnomah County,41,2023-06-11,64.26867018218242,1686441600000,"{""type"":""MultiPoint"",""coordinates"":[]}"
557_0000000000000000021e,1875846777,6127010,38900,H1,067,01155137,440,A,41067,+45.5535419,-123.0976146,06,,G4020,Washington,Washington County,41,2023-06-11,62.85158975363832,1686441600000,"{""type"":""MultiPoint"",""coordinates"":[]}"
558_0000000000000000021b,4845034547,31873103,38900,H1,005,01155127,440,A,41005,+45.1604934,-122.1951274,06,,G4020,Clackamas,Clackamas County,41,2023-06-12,64.93045918878344,1686528000000,"{""type"":""MultiPoint"",""coordinates"":[]}"
558_0000000000000000021c,1116558776,88222268,38900,H1,051,01135861,440,A,41051,+45.5477107,-122.4173625,06,,G4020,Multnomah,Multnomah County,41,2023-06-12,63.956390987753785,1686528000000,"{""type"":""MultiPoint"",""coordinates"":[]}"
558_0000000000000000021e,1875846777,6127010,38900,H1,067,01155137,440,A,41067,+45.5535419,-123.0976146,06,,G4020,Washington,Washington County,41,2023-06-12,62.11213338813236,1686528000000,"{""type"":""MultiPoint"",""coordinates"":[]}"
559_0000000000000000021b,4845034547,31873103,38900,H1,005,01155127,440,A,41005,+45.1604934,-122.1951274,06,,G4020,Clackamas,Clackamas County,41,2023-06-13,64.92322743748566,1686614400000,"{""type"":""MultiPoint"",""coordinates"":[]}"
559_0000000000000000021c,1116558776,88222268,38900,H1,051,01135861,440,A,41051,+45.5477107,-122.4173625,06,,G4020,Multnomah,Multnomah County,41,2023-06-13,62.80485439259737,1686614400000,"{""type"":""MultiPoint"",""coordinates"":[]}"
559_0000000000000000021e,1875846777,6127010,38900,H1,067,01155137,440,A,41067,+45.5535419,-123.0976146,06,,G4020,Washington,Washington County,41,2023-06-13,62.45630949105431,1686614400000,"{""type"":""MultiPoint"",""coordinates"":[]}"
560_0000000000000000021b,4845034547,31873103,38900,H1,005,01155127,440,A,41005,+45.1604934,-122.1951274,06,,G4020,Clackamas,Clackamas County,41,2023-06-14,63.150675169563435,1686700800000,"{""type"":""MultiPoint"",""coordinates"":[]}"
560_0000000000000000021c,1116558776,88222268,38900,H1,051,01135861,440,A,41051,+45.5477107,-122.4173625,06,,G4020,Multnomah,Multnomah County,41,2023-06-14,61.35963301367693,1686700800000,"{""type"":""MultiPoint"",""coordinates"":[]}"
560_0000000000000000021e,1875846777,6127010,38900,H1,067,01155137,440,A,41067,+45.5535419,-123.0976146,06,,G4020,Washington,Washington County,41,2023-06-14,62.07125790285134,1686700800000,"{""type"":""MultiPoint"",""coordinates"":[]}"
561_0000000000000000021b,4845034547,31873103,38900,H1,005,01155127,440,A,41005,+45.1604934,-122.1951274,06,,G4020,Clackamas,Clackamas County,41,2023-06-15,63.32913112572083,1686787200000,"{""type"":""MultiPoint"",""coordinates"":[]}"
561_0000000000000000021c,1116558776,88222268,38900,H1,051,01135861,440,A,41051,+45.5477107,-122.4173625,06,,G4020,Multnomah,Multnomah County,41,2023-06-15,63.10003842961527,1686787200000,"{""type"":""MultiPoint"",""coordinates"":[]}"
561_0000000000000000021e,1875846777,6127010,38900,H1,067,01155137,440,A,41067,+45.5535419,-123.0976146,06,,G4020,Washington,Washington County,41,2023-06-15,62.24606487098077,1686787200000,"{""type"":""MultiPoint"",""coordinates"":[]}"
562_0000000000000000021b,4845034547,31873103,38900,H1,005,01155127,440,A,41005,+45.1604934,-122.1951274,06,,G4020,Clackamas,Clackamas County,41,2023-06-16,55.154553744247,1686873600000,"{""type"":""MultiPoint"",""coordinates"":[]}"
562_0000000000000000021c,1116558776,88222268,38900,H1,051,01135861,440,A,41051,+45.5477107,-122.4173625,06,,G4020,Multnomah,Multnomah County,41,2023-06-16,55.54644906982071,1686873600000,"{""type"":""MultiPoint"",""coordinates"":[]}"
562_0000000000000000021e,1875846777,6127010,38900,H1,067,01155137,440,A,41067,+45.5535419,-123.0976146,06,,G4020,Washington,Washington County,41,2023-06-16,56.60769779042771,1686873600000,"{""type"":""MultiPoint"",""coordinates"":[]}"
563_0000000000000000021b,4845034547,31873103,38900,H1,005,01155127,440,A,41005,+45.1604934,-122.1951274,06,,G4020,Clackamas,Clackamas County,41,2023-06-17,68.59806878408827,1686960000000,"{""type"":""MultiPoint"",""coordinates"":[]}"
563_0000000000000000021c,1116558776,88222268,38900,H1,051,01135861,440,A,41051,+45.5477107,-122.4173625,06,,G4020,Multnomah,Multnomah County,41,2023-06-17,66.9165271177299,1686960000000,"{""type"":""MultiPoint"",""coordinates"":[]}"
563_0000000000000000021e,1875846777,6127010,38900,H1,067,01155137,440,A,41067,+45.5535419,-123.0976146,06,,G4020,Washington,Washington County,41,2023-06-17,67.07966836521037,1686960000000,"{""type"":""MultiPoint"",""coordinates"":[]}"
564_0000000000000000021b,4845034547,31873103,38900,H1,005,01155127,440,A,41005,+45.1604934,-122.1951274,06,,G4020,Clackamas,Clackamas County,41,2023-06-18,73.16349578483289,1687046400000,"{""type"":""MultiPoint"",""coordinates"":[]}"
564_0000000000000000021c,1116558776,88222268,38900,H1,051,01135861,440,A,41051,+45.5477107,-122.4173625,06,,G4020,Multnomah,Multnomah County,41,2023-06-18,70.73765826092765,1687046400000,"{""type"":""MultiPoint"",""coordinates"":[]}"
564_0000000000000000021e,1875846777,6127010,38900,H1,067,01155137,440,A,41067,+45.5535419,-123.0976146,06,,G4020,Washington,Washington County,41,2023-06-18,70.47585775819405,1687046400000,"{""type"":""MultiPoint"",""coordinates"":[]}"
565_0000000000000000021b,4845034547,31873103,38900,H1,005,01155127,440,A,41005,+45.1604934,-122.1951274,06,,G4020,Clackamas,Clackamas County,41,2023-06-19,88.0758784631029,1687132800000,"{""type"":""MultiPoint"",""coordinates"":[]}"
565_0000000000000000021c,1116558776,88222268,38900,H1,051,01135861,440,A,41051,+45.5477107,-122.4173625,06,,G4020,Multnomah,Multnomah County,41,2023-06-19,86.92456262797207,1687132800000,"{""type"":""MultiPoint"",""coordinates"":[]}"
565_0000000000000000021e,1875846777,6127010,38900,H1,067,01155137,440,A,41067,+45.5535419,-123.0976146,06,,G4020,Washington,Washington County,41,2023-06-19,79.18271829149298,1687132800000,"{""type"":""MultiPoint"",""coordinates"":[]}"
566_0000000000000000021b,4845034547,31873103,38900,H1,005,01155127,440,A,41005,+45.1604934,-122.1951274,06,,G4020,Clackamas,Clackamas County,41,2023-06-20,75.85317011657862,1687219200000,"{""type"":""MultiPoint"",""coordinates"":[]}"
566_0000000000000000021c,1116558776,88222268,38900,H1,051,01135861,440,A,41051,+45.5477107,-122.4173625,06,,G4020,Multnomah,Multnomah County,41,2023-06-20,77.27539921256019,1687219200000,"{""type"":""MultiPoint"",""coordinates"":[]}"
566_0000000000000000021e,1875846777,6127010,38900,H1,067,01155137,440,A,41067,+45.5535419,-123.0976146,06,,G4020,Washington,Washington County,41,2023-06-20,70.9966694138414,1687219200000,"{""type"":""MultiPoint"",""coordinates"":[]}"
567_0000000000000000021b,4845034547,31873103,38900,H1,005,01155127,440,A,41005,+45.1604934,-122.1951274,06,,G4020,Clackamas,Clackamas County,41,2023-06-21,64.75213491712846,1687305600000,"{""type"":""MultiPoint"",""coordinates"":[]}"
567_0000000000000000021c,1116558776,88222268,38900,H1,051,01135861,440,A,41051,+45.5477107,-122.4173625,06,,G4020,Multnomah,Multnomah County,41,2023-06-21,68.7057663654262,1687305600000,"{""type"":""MultiPoint"",""coordinates"":[]}"
567_0000000000000000021e,1875846777,6127010,38900,H1,067,01155137,440,A,41067,+45.5535419,-123.0976146,06,,G4020,Washington,Washington County,41,2023-06-21,69.34334718957444,1687305600000,"{""type"":""MultiPoint"",""coordinates"":[]}"
568_0000000000000000021b,4845034547,31873103,38900,H1,005,01155127,440,A,41005,+45.1604934,-122.1951274,06,,G4020,Clackamas,Clackamas County,41,2023-06-22,50.40769551129196,1687392000000,"{""type"":""MultiPoint"",""coordinates"":[]}"
568_0000000000000000021c,1116558776,88222268,38900,H1,051,01135861,440,A,41051,+45.5477107,-122.4173625,06,,G4020,Multnomah,Multnomah County,41,2023-06-22,52.124244248236785,1687392000000,"{""type"":""MultiPoint"",""coordinates"":[]}"
568_0000000000000000021e,1875846777,6127010,38900,H1,067,01155137,440,A,41067,+45.5535419,-123.0976146,06,,G4020,Washington,Washington County,41,2023-06-22,49.63519159953521,1687392000000,"{""type"":""MultiPoint"",""coordinates"":[]}"
569_0000000000000000021b,4845034547,31873103,38900,H1,005,01155127,440,A,41005,+45.1604934,-122.1951274,06,,G4020,Clackamas,Clackamas County,41,2023-06-23,54.22228257886307,1687478400000,"{""type"":""MultiPoint"",""coordinates"":[]}"
569_0000000000000000021c,1116558776,88222268,38900,H1,051,01135861,440,A,41051,+45.5477107,-122.4173625,06,,G4020,Multnomah,Multnomah County,41,2023-06-23,54.9116612760784,1687478400000,"{""type"":""MultiPoint"",""coordinates"":[]}"
569_0000000000000000021e,1875846777,6127010,38900,H1,067,01155137,440,A,41067,+45.5535419,-123.0976146,06,,G4020,Washington,Washington County,41,2023-06-23,55.34994874911348,1687478400000,"{""type"":""MultiPoint"",""coordinates"":[]}"
570_0000000000000000021b,4845034547,31873103,38900,H1,005,01155127,440,A,41005,+45.1604934,-122.1951274,06,,G4020,Clackamas,Clackamas County,41,2023-06-24,58.08899294433784,1687564800000,"{""type"":""MultiPoint"",""coordinates"":[]}"
570_0000000000000000021c,1116558776,88222268,38900,H1,051,01135861,440,A,41051,+45.5477107,-122.4173625,06,,G4020,Multnomah,Multnomah County,41,2023-06-24,59.131593372016226,1687564800000,"{""type"":""MultiPoint"",""coordinates"":[]}"
570_0000000000000000021e,1875846777,6127010,38900,H1,067,01155137,440,A,41067,+45.5535419,-123.0976146,06,,G4020,Washington,Washington County,41,2023-06-24,55.19518358773205,1687564800000,"{""type"":""MultiPoint"",""coordinates"":[]}"
571_0000000000000000021b,4845034547,31873103,38900,H1,005,01155127,440,A,41005,+45.1604934,-122.1951274,06,,G4020,Clackamas,Clackamas County,41,2023-06-25,47.78172690898968,1687651200000,"{""type"":""MultiPoint"",""coordinates"":[]}"
571_0000000000000000021c,1116558776,88222268,38900,H1,051,01135861,440,A,41051,+45.5477107,-122.4173625,06,,G4020,Multnomah,Multnomah County,41,2023-06-25,53.2468458412447,1687651200000,"{""type"":""MultiPoint"",""coordinates"":[]}"
571_0000000000000000021e,1875846777,6127010,38900,H1,067,01155137,440,A,41067,+45.5535419,-123.0976146,06,,G4020,Washington,Washington County,41,2023-06-25,55.0680898675151,1687651200000,"{""type"":""MultiPoint"",""coordinates"":[]}"
572_0000000000000000021b,4845034547,31873103,38900,H1,005,01155127,440,A,41005,+45.1604934,-122.1951274,06,,G4020,Clackamas,Clackamas County,41,2023-06-26,61.984621683035726,1687737600000,"{""type"":""MultiPoint"",""coordinates"":[]}"
572_0000000000000000021c,1116558776,88222268,38900,H1,051,01135861,440,A,41051,+45.5477107,-122.4173625,06,,G4020,Multnomah,Multnomah County,41,2023-06-26,60.93497985760724,1687737600000,"{""type"":""MultiPoint"",""coordinates"":[]}"
572_0000000000000000021e,1875846777,6127010,38900,H1,067,01155137,440,A,41067,+45.5535419,-123.0976146,06,,G4020,Washington,Washington County,41,2023-06-26,57.40744365512893,1687737600000,"{""type"":""MultiPoint"",""coordinates"":[]}"
573_0000000000000000021b,4845034547,31873103,38900,H1,005,01155127,440,A,41005,+45.1604934,-122.1951274,06,,G4020,Clackamas,Clackamas County,41,2023-06-27,63.71617605371021,1687824000000,"{""type"":""MultiPoint"",""coordinates"":[]}"
573_0000000000000000021c,1116558776,88222268,38900,H1,051,01135861,440,A,41051,+45.5477107,-122.4173625,06,,G4020,Multnomah,Multnomah County,41,2023-06-27,62.64282213422024,1687824000000,"{""type"":""MultiPoint"",""coordinates"":[]}"
573_0000000000000000021e,1875846777,6127010,38900,H1,067,01155137,440,A,41067,+45.5535419,-123.0976146,06,,G4020,Washington,Washington County,41,2023-06-27,60.521575362568946,1687824000000,"{""type"":""MultiPoint"",""coordinates"":[]}"
574_0000000000000000021b,4845034547,31873103,38900,H1,005,01155127,440,A,41005,+45.1604934,-122.1951274,06,,G4020,Clackamas,Clackamas County,41,2023-06-28,62.508067662918755,1687910400000,"{""type"":""MultiPoint"",""coordinates"":[]}"
574_0000000000000000021c,1116558776,88222268,38900,H1,051,01135861,440,A,41051,+45.5477107,-122.4173625,06,,G4020,Multnomah,Multnomah County,41,2023-06-28,61.65215052185342,1687910400000,"{""type"":""MultiPoint"",""coordinates"":[]}"
574_0000000000000000021e,1875846777,6127010,38900,H1,067,01155137,440,A,41067,+45.5535419,-123.0976146,06,,G4020,Washington,Washington County,41,2023-06-28,58.313437518055224,1687910400000,"{""type"":""MultiPoint"",""coordinates"":[]}"
575_0000000000000000021b,4845034547,31873103,38900,H1,005,01155127,440,A,41005,+45.1604934,-122.1951274,06,,G4020,Clackamas,Clackamas County,41,2023-06-29,53.95846140715985,1687996800000,"{""type"":""MultiPoint"",""coordinates"":[]}"
575_0000000000000000021c,1116558776,88222268,38900,H1,051,01135861,440,A,41051,+45.5477107,-122.4173625,06,,G4020,Multnomah,Multnomah County,41,2023-06-29,55.32575389892222,1687996800000,"{""type"":""MultiPoint"",""coordinates"":[]}"
575_0000000000000000021e,1875846777,6127010,38900,H1,067,01155137,440,A,41067,+45.5535419,-123.0976146,06,,G4020,Washington,Washington County,41,2023-06-29,54.11834505715813,1687996800000,"{""type"":""MultiPoint"",""coordinates"":[]}"
576_0000000000000000021b,4845034547,31873103,38900,H1,005,01155127,440,A,41005,+45.1604934,-122.1951274,06,,G4020,Clackamas,Clackamas County,41,2023-06-30,52.912674218670354,1688083200000,"{""type"":""MultiPoint"",""coordinates"":[]}"
576_0000000000000000021c,1116558776,88222268,38900,H1,051,01135861,440,A,41051,+45.5477107,-122.4173625,06,,G4020,Multnomah,Multnomah County,41,2023-06-30,56.24092481706681,1688083200000,"{""type"":""MultiPoint"",""coordinates"":[]}"
576_0000000000000000021e,1875846777,6127010,38900,H1,067,01155137,440,A,41067,+45.5535419,-123.0976146,06,,G4020,Washington,Washington County,41,2023-06-30,57.407358487475086,1688083200000,"{""type"":""MultiPoint"",""coordinates"":[]}"
577_0000000000000000021b,4845034547,31873103,38900,H1,005,01155127,440,A,41005,+45.1604934,-122.1951274,06,,G4020,Clackamas,Clackamas County,41,2023-07-01,45.204143087847996,1688169600000,"{""type"":""MultiPoint"",""coordinates"":[]}"
577_0000000000000000021c,1116558776,88222268,38900,H1,051,01135861,440,A,41051,+45.5477107,-122.4173625,06,,G4020,Multnomah,Multnomah County,41,2023-07-01,47.84554389465374,1688169600000,"{""type"":""MultiPoint"",""coordinates"":[]}"
577_0000000000000000021e,1875846777,6127010,38900,H1,067,01155137,440,A,41067,+45.5535419,-123.0976146,06,,G4020,Washington,Washington County,41,2023-07-01,47.02624846502399,1688169600000,"{""type"":""MultiPoint"",""coordinates"":[]}"
578_0000000000000000021b,4845034547,31873103,38900,H1,005,01155127,440,A,41005,+45.1604934,-122.1951274,06,,G4020,Clackamas,Clackamas County,41,2023-07-02,48.28073650541538,1688256000000,"{""type"":""MultiPoint"",""coordinates"":[]}"
578_0000000000000000021c,1116558776,88222268,38900,H1,051,01135861,440,A,41051,+45.5477107,-122.4173625,06,,G4020,Multnomah,Multnomah County,41,2023-07-02,51.59017949306954,1688256000000,"{""type"":""MultiPoint"",""coordinates"":[]}"
578_0000000000000000021e,1875846777,6127010,38900,H1,067,01155137,440,A,41067,+45.5535419,-123.0976146,06,,G4020,Washington,Washington County,41,2023-07-02,52.4568938007117,1688256000000,"{""type"":""MultiPoint"",""coordinates"":[]}"
579_0000000000000000021b,4845034547,31873103,38900,H1,005,01155127,440,A,41005,+45.1604934,-122.1951274,06,,G4020,Clackamas,Clackamas County,41,2023-07-03,38.35624232499959,1688342400000,"{""type"":""MultiPoint"",""coordinates"":[]}"
579_0000000000000000021c,1116558776,88222268,38900,H1,051,01135861,440,A,41051,+45.5477107,-122.4173625,06,,G4020,Multnomah,Multnomah County,41,2023-07-03,39.860570002608085,1688342400000,"{""type"":""MultiPoint"",""coordinates"":[]}"
579_0000000000000000021e,1875846777,6127010,38900,H1,067,01155137,440,A,41067,+45.5535419,-123.0976146,06,,G4020,Washington,Washington County,41,2023-07-03,37.66981550209301,1688342400000,"{""type"":""MultiPoint"",""coordinates"":[]}"
580_0000000000000000021b,4845034547,31873103,38900,H1,005,01155127,440,A,41005,+45.1604934,-122.1951274,06,,G4020,Clackamas,Clackamas County,41,2023-07-04,31.600567188865018,1688428800000,"{""type"":""MultiPoint"",""coordinates"":[]}"
580_0000000000000000021c,1116558776,88222268,38900,H1,051,01135861,440,A,41051,+45.5477107,-122.4173625,06,,G4020,Multnomah,Multnomah County,41,2023-07-04,33.267357185135985,1688428800000,"{""type"":""MultiPoint"",""coordinates"":[]}"
580_0000000000000000021e,1875846777,6127010,38900,H1,067,01155137,440,A,41067,+45.5535419,-123.0976146,06,,G4020,Washington,Washington County,41,2023-07-04,35.81349452579807,1688428800000,"{""type"":""MultiPoint"",""coordinates"":[]}"
581_0000000000000000021b,4845034547,31873103,38900,H1,005,01155127,440,A,41005,+45.1604934,-122.1951274,06,,G4020,Clackamas,Clackamas County,41,2023-07-05,29.277411274528937,1688515200000,"{""type"":""MultiPoint"",""coordinates"":[]}"
581_0000000000000000021c,1116558776,88222268,38900,H1,051,01135861,440,A,41051,+45.5477107,-122.4173625,06,,G4020,Multnomah,Multnomah County,41,2023-07-05,31.70804180543941,1688515200000,"{""type"":""MultiPoint"",""coordinates"":[]}"
581_0000000000000000021e,1875846777,6127010,38900,H1,067,01155137,440,A,41067,+45.5535419,-123.0976146,06,,G4020,Washington,Washington County,41,2023-07-05,31.406921835803534,1688515200000,"{""type"":""MultiPoint"",""coordinates"":[]}"
582_0000000000000000021b,4845034547,31873103,38900,H1,005,01155127,440,A,41005,+45.1604934,-122.1951274,06,,G4020,Clackamas,Clackamas County,41,2023-07-06,38.70243185452547,1688601600000,"{""type"":""MultiPoint"",""coordinates"":[]}"
582_0000000000000000021c,1116558776,88222268,38900,H1,051,01135861,440,A,41051,+45.5477107,-122.4173625,06,,G4020,Multnomah,Multnomah County,41,2023-07-06,40.3465939525007,1688601600000,"{""type"":""MultiPoint"",""coordinates"":[]}"
582_0000000000000000021e,1875846777,6127010,38900,H1,067,01155137,440,A,41067,+45.5535419,-123.0976146,06,,G4020,Washington,Washington County,41,2023-07-06,41.90935817863338,1688601600000,"{""type"":""MultiPoint"",""coordinates"":[]}"
583_0000000000000000021b,4845034547,31873103,38900,H1,005,01155127,440,A,41005,+45.1604934,-122.1951274,06,,G4020,Clackamas,Clackamas County,41,2023-07-07,49.66985928103779,1688688000000,"{""type"":""MultiPoint"",""coordinates"":[]}"
583_0000000000000000021c,1116558776,88222268,38900,H1,051,01135861,440,A,41051,+45.5477107,-122.4173625,06,,G4020,Multnomah,Multnomah County,41,2023-07-07,51.281058825705564,1688688000000,"{""type"":""MultiPoint"",""coordinates"":[]}"
583_0000000000000000021e,1875846777,6127010,38900,H1,067,01155137,440,A,41067,+45.5535419,-123.0976146,06,,G4020,Washington,Washington County,41,2023-07-07,51.95308832076483,1688688000000,"{""type"":""MultiPoint"",""coordinates"":[]}"
584_0000000000000000021b,4845034547,31873103,38900,H1,005,01155127,440,A,41005,+45.1604934,-122.1951274,06,,G4020,Clackamas,Clackamas County,41,2023-07-08,52.13001795882699,1688774400000,"{""type"":""MultiPoint"",""coordinates"":[]}"
584_0000000000000000021c,1116558776,88222268,38900,H1,051,01135861,440,A,41051,+45.5477107,-122.4173625,06,,G4020,Multnomah,Multnomah County,41,2023-07-08,55.48356136152566,1688774400000,"{""type"":""MultiPoint"",""coordinates"":[]}"
584_0000000000000000021e,1875846777,6127010,38900,H1,067,01155137,440,A,41067,+45.5535419,-123.0976146,06,,G4020,Washington,Washington County,41,2023-07-08,55.00482303902214,1688774400000,"{""type"":""MultiPoint"",""coordinates"":[]}"
585_0000000000000000021b,4845034547,31873103,38900,H1,005,01155127,440,A,41005,+45.1604934,-122.1951274,06,,G4020,Clackamas,Clackamas County,41,2023-07-09,54.57838176701392,1688860800000,"{""type"":""MultiPoint"",""coordinates"":[]}"
585_0000000000000000021c,1116558776,88222268,38900,H1,051,01135861,440,A,41051,+45.5477107,-122.4173625,06,,G4020,Multnomah,Multnomah County,41,2023-07-09,55.970724310171654,1688860800000,"{""type"":""MultiPoint"",""coordinates"":[]}"
585_0000000000000000021e,1875846777,6127010,38900,H1,067,01155137,440,A,41067,+45.5535419,-123.0976146,06,,G4020,Washington,Washington County,41,2023-07-09,56.18625773680832,1688860800000,"{""type"":""MultiPoint"",""coordinates"":[]}"
586_0000000000000000021b,4845034547,31873103,38900,H1,005,01155127,440,A,41005,+45.1604934,-122.1951274,06,,G4020,Clackamas,Clackamas County,41,2023-07-10,57.7944481888896,1688947200000,"{""type"":""MultiPoint"",""coordinates"":[]}"
586_0000000000000000021c,1116558776,88222268,38900,H1,051,01135861,440,A,41051,+45.5477107,-122.4173625,06,,G4020,Multnomah,Multnomah County,41,2023-07-10,59.51143145799814,1688947200000,"{""type"":""MultiPoint"",""coordinates"":[]}"
586_0000000000000000021e,1875846777,6127010,38900,H1,067,01155137,440,A,41067,+45.5535419,-123.0976146,06,,G4020,Washington,Washington County,41,2023-07-10,63.496454235985325,1688947200000,"{""type"":""MultiPoint"",""coordinates"":[]}"
587_0000000000000000021b,4845034547,31873103,38900,H1,005,01155127,440,A,41005,+45.1604934,-122.1951274,06,,G4020,Clackamas,Clackamas County,41,2023-07-11,61.49392435340441,1689033600000,"{""type"":""MultiPoint"",""coordinates"":[]}"
587_0000000000000000021c,1116558776,88222268,38900,H1,051,01135861,440,A,41051,+45.5477107,-122.4173625,06,,G4020,Multnomah,Multnomah County,41,2023-07-11,62.43916227036584,1689033600000,"{""type"":""MultiPoint"",""coordinates"":[]}"
587_0000000000000000021e,1875846777,6127010,38900,H1,067,01155137,440,A,41067,+45.5535419,-123.0976146,06,,G4020,Washington,Washington County,41,2023-07-11,64.39248984434472,1689033600000,"{""type"":""MultiPoint"",""coordinates"":[]}"
588_0000000000000000021b,4845034547,31873103,38900,H1,005,01155127,440,A,41005,+45.1604934,-122.1951274,06,,G4020,Clackamas,Clackamas County,41,2023-07-12,57.723603797705664,1689120000000,"{""type"":""MultiPoint"",""coordinates"":[]}"
588_0000000000000000021c,1116558776,88222268,38900,H1,051,01135861,440,A,41051,+45.5477107,-122.4173625,06,,G4020,Multnomah,Multnomah County,41,2023-07-12,58.94965738882226,1689120000000,"{""type"":""MultiPoint"",""coordinates"":[]}"
588_0000000000000000021e,1875846777,6127010,38900,H1,067,01155137,440,A,41067,+45.5535419,-123.0976146,06,,G4020,Washington,Washington County,41,2023-07-12,59.733794897528696,1689120000000,"{""type"":""MultiPoint"",""coordinates"":[]}"
589_0000000000000000021b,4845034547,31873103,38900,H1,005,01155127,440,A,41005,+45.1604934,-122.1951274,06,,G4020,Clackamas,Clackamas County,41,2023-07-13,56.68989553647815,1689206400000,"{""type"":""MultiPoint"",""coordinates"":[]}"
589_0000000000000000021c,1116558776,88222268,38900,H1,051,01135861,440,A,41051,+45.5477107,-122.4173625,06,,G4020,Multnomah,Multnomah County,41,2023-07-13,55.558161056401616,1689206400000,"{""type"":""MultiPoint"",""coordinates"":[]}"
589_0000000000000000021e,1875846777,6127010,38900,H1,067,01155137,440,A,41067,+45.5535419,-123.0976146,06,,G4020,Washington,Washington County,41,2023-07-13,56.681046359590354,1689206400000,"{""type"":""MultiPoint"",""coordinates"":[]}"
590_0000000000000000021b,4845034547,31873103,38900,H1,005,01155127,440,A,41005,+45.1604934,-122.1951274,06,,G4020,Clackamas,Clackamas County,41,2023-07-14,45.32329149042042,1689292800000,"{""type"":""MultiPoint"",""coordinates"":[]}"
590_0000000000000000021c,1116558776,88222268,38900,H1,051,01135861,440,A,41051,+45.5477107,-122.4173625,06,,G4020,Multnomah,Multnomah County,41,2023-07-14,47.649989401418964,1689292800000,"{""type"":""MultiPoint"",""coordinates"":[]}"
590_0000000000000000021e,1875846777,6127010,38900,H1,067,01155137,440,A,41067,+45.5535419,-123.0976146,06,,G4020,Washington,Washington County,41,2023-07-14,49.884754300345314,1689292800000,"{""type"":""MultiPoint"",""coordinates"":[]}"
591_0000000000000000021b,4845034547,31873103,38900,H1,005,01155127,440,A,41005,+45.1604934,-122.1951274,06,,G4020,Clackamas,Clackamas County,41,2023-07-15,34.96422184049106,1689379200000,"{""type"":""MultiPoint"",""coordinates"":[]}"
591_0000000000000000021c,1116558776,88222268,38900,H1,051,01135861,440,A,41051,+45.5477107,-122.4173625,06,,G4020,Multnomah,Multnomah County,41,2023-07-15,40.24169311537775,1689379200000,"{""type"":""MultiPoint"",""coordinates"":[]}"
591_0000000000000000021e,1875846777,6127010,38900,H1,067,01155137,440,A,41067,+45.5535419,-123.0976146,06,,G4020,Washington,Washington County,41,2023-07-15,43.270875362711294,1689379200000,"{""type"":""MultiPoint"",""coordinates"":[]}"
592_0000000000000000021b,4845034547,31873103,38900,H1,005,01155127,440,A,41005,+45.1604934,-122.1951274,06,,G4020,Clackamas,Clackamas County,41,2023-07-16,41.17289567437262,1689465600000,"{""type"":""MultiPoint"",""coordinates"":[]}"
592_0000000000000000021c,1116558776,88222268,38900,H1,051,01135861,440,A,41051,+45.5477107,-122.4173625,06,,G4020,Multnomah,Multnomah County,41,2023-07-16,45.228497932528,1689465600000,"{""type"":""MultiPoint"",""coordinates"":[]}"
592_0000000000000000021e,1875846777,6127010,38900,H1,067,01155137,440,A,41067,+45.5535419,-123.0976146,06,,G4020,Washington,Washington County,41,2023-07-16,47.07631080158498,1689465600000,"{""type"":""MultiPoint"",""coordinates"":[]}"
593_0000000000000000021b,4845034547,31873103,38900,H1,005,01155127,440,A,41005,+45.1604934,-122.1951274,06,,G4020,Clackamas,Clackamas County,41,2023-07-17,54.983170548094975,1689552000000,"{""type"":""MultiPoint"",""coordinates"":[]}"
593_0000000000000000021c,1116558776,88222268,38900,H1,051,01135861,440,A,41051,+45.5477107,-122.4173625,06,,G4020,Multnomah,Multnomah County,41,2023-07-17,56.51348449492219,1689552000000,"{""type"":""MultiPoint"",""coordinates"":[]}"
593_0000000000000000021e,1875846777,6127010,38900,H1,067,01155137,440,A,41067,+45.5535419,-123.0976146,06,,G4020,Washington,Washington County,41,2023-07-17,59.2774625684264,1689552000000,"{""type"":""MultiPoint"",""coordinates"":[]}"
594_0000000000000000021b,4845034547,31873103,38900,H1,005,01155127,440,A,41005,+45.1604934,-122.1951274,06,,G4020,Clackamas,Clackamas County,41,2023-07-18,48.72267645157384,1689638400000,"{""type"":""MultiPoint"",""coordinates"":[]}"
594_0000000000000000021c,1116558776,88222268,38900,H1,051,01135861,440,A,41051,+45.5477107,-122.4173625,06,,G4020,Multnomah,Multnomah County,41,2023-07-18,50.37865181761394,1689638400000,"{""type"":""MultiPoint"",""coordinates"":[]}"
594_0000000000000000021e,1875846777,6127010,38900,H1,067,01155137,440,A,41067,+45.5535419,-123.0976146,06,,G4020,Washington,Washington County,41,2023-07-18,51.58098208379557,1689638400000,"{""type"":""MultiPoint"",""coordinates"":[]}"
595_0000000000000000021b,4845034547,31873103,38900,H1,005,01155127,440,A,41005,+45.1604934,-122.1951274,06,,G4020,Clackamas,Clackamas County,41,2023-07-19,34.944040037387225,1689724800000,"{""type"":""MultiPoint"",""coordinates"":[]}"
595_0000000000000000021c,1116558776,88222268,38900,H1,051,01135861,440,A,41051,+45.5477107,-122.4173625,06,,G4020,Multnomah,Multnomah County,41,2023-07-19,37.398583163411374,1689724800000,"{""type"":""MultiPoint"",""coordinates"":[]}"
595_0000000000000000021e,1875846777,6127010,38900,H1,067,01155137,440,A,41067,+45.5535419,-123.0976146,06,,G4020,Washington,Washington County,41,2023-07-19,43.803367034235926,1689724800000,"{""type"":""MultiPoint"",""coordinates"":[]}"
596_0000000000000000021b,4845034547,31873103,38900,H1,005,01155127,440,A,41005,+45.1604934,-122.1951274,06,,G4020,Clackamas,Clackamas County,41,2023-07-20,45.726615162879725,1689811200000,"{""type"":""MultiPoint"",""coordinates"":[]}"
596_0000000000000000021c,1116558776,88222268,38900,H1,051,01135861,440,A,41051,+45.5477107,-122.4173625,06,,G4020,Multnomah,Multnomah County,41,2023-07-20,47.208341570637685,1689811200000,"{""type"":""MultiPoint"",""coordinates"":[]}"
596_0000000000000000021e,1875846777,6127010,38900,H1,067,01155137,440,A,41067,+45.5535419,-123.0976146,06,,G4020,Washington,Washington County,41,2023-07-20,52.36778974935292,1689811200000,"{""type"":""MultiPoint"",""coordinates"":[]}"
597_0000000000000000021b,4845034547,31873103,38900,H1,005,01155127,440,A,41005,+45.1604934,-122.1951274,06,,G4020,Clackamas,Clackamas County,41,2023-07-21,52.54100216695616,1689897600000,"{""type"":""MultiPoint"",""coordinates"":[]}"
597_0000000000000000021c,1116558776,88222268,38900,H1,051,01135861,440,A,41051,+45.5477107,-122.4173625,06,,G4020,Multnomah,Multnomah County,41,2023-07-21,53.233168015729866,1689897600000,"{""type"":""MultiPoint"",""coordinates"":[]}"
597_0000000000000000021e,1875846777,6127010,38900,H1,067,01155137,440,A,41067,+45.5535419,-123.0976146,06,,G4020,Washington,Washington County,41,2023-07-21,54.21873928812943,1689897600000,"{""type"":""MultiPoint"",""coordinates"":[]}"
598_0000000000000000021b,4845034547,31873103,38900,H1,005,01155127,440,A,41005,+45.1604934,-122.1951274,06,,G4020,Clackamas,Clackamas County,41,2023-07-22,48.683117430407485,1689984000000,"{""type"":""MultiPoint"",""coordinates"":[]}"
598_0000000000000000021c,1116558776,88222268,38900,H1,051,01135861,440,A,41051,+45.5477107,-122.4173625,06,,G4020,Multnomah,Multnomah County,41,2023-07-22,51.788127037831366,1689984000000,"{""type"":""MultiPoint"",""coordinates"":[]}"
598_0000000000000000021e,1875846777,6127010,38900,H1,067,01155137,440,A,41067,+45.5535419,-123.0976146,06,,G4020,Washington,Washington County,41,2023-07-22,53.83494530734508,1689984000000,"{""type"":""MultiPoint"",""coordinates"":[]}"
599_0000000000000000021b,4845034547,31873103,38900,H1,005,01155127,440,A,41005,+45.1604934,-122.1951274,06,,G4020,Clackamas,Clackamas County,41,2023-07-23,50.97590978337625,1690070400000,"{""type"":""MultiPoint"",""coordinates"":[]}"
599_0000000000000000021c,1116558776,88222268,38900,H1,051,01135861,440,A,41051,+45.5477107,-122.4173625,06,,G4020,Multnomah,Multnomah County,41,2023-07-23,51.51450945702788,1690070400000,"{""type"":""MultiPoint"",""coordinates"":[]}"
599_0000000000000000021e,1875846777,6127010,38900,H1,067,01155137,440,A,41067,+45.5535419,-123.0976146,06,,G4020,Washington,Washington County,41,2023-07-23,50.0965329595957,1690070400000,"{""type"":""MultiPoint"",""coordinates"":[]}"
600_0000000000000000021b,4845034547,31873103,38900,H1,005,01155127,440,A,41005,+45.1604934,-122.1951274,06,,G4020,Clackamas,Clackamas County,41,2023-07-24,51.97196688344119,1690156800000,"{""type"":""MultiPoint"",""coordinates"":[]}"
600_0000000000000000021c,1116558776,88222268,38900,H1,051,01135861,440,A,41051,+45.5477107,-122.4173625,06,,G4020,Multnomah,Multnomah County,41,2023-07-24,54.57839527266648,1690156800000,"{""type"":""MultiPoint"",""coordinates"":[]}"
600_0000000000000000021e,1875846777,6127010,38900,H1,067,01155137,440,A,41067,+45.5535419,-123.0976146,06,,G4020,Washington,Washington County,41,2023-07-24,61.157525592347355,1690156800000,"{""type"":""MultiPoint"",""coordinates"":[]}"
601_0000000000000000021b,4845034547,31873103,38900,H1,005,01155127,440,A,41005,+45.1604934,-122.1951274,06,,G4020,Clackamas,Clackamas County,41,2023-07-25,68.30662490133749,1690243200000,"{""type"":""MultiPoint"",""coordinates"":[]}"
601_0000000000000000021c,1116558776,88222268,38900,H1,051,01135861,440,A,41051,+45.5477107,-122.4173625,06,,G4020,Multnomah,Multnomah County,41,2023-07-25,65.16148865056839,1690243200000,"{""type"":""MultiPoint"",""coordinates"":[]}"
601_0000000000000000021e,1875846777,6127010,38900,H1,067,01155137,440,A,41067,+45.5535419,-123.0976146,06,,G4020,Washington,Washington County,41,2023-07-25,63.390369184873784,1690243200000,"{""type"":""MultiPoint"",""coordinates"":[]}"
602_0000000000000000021b,4845034547,31873103,38900,H1,005,01155127,440,A,41005,+45.1604934,-122.1951274,06,,G4020,Clackamas,Clackamas County,41,2023-07-26,48.033257144913975,1690329600000,"{""type"":""MultiPoint"",""coordinates"":[]}"
602_0000000000000000021c,1116558776,88222268,38900,H1,051,01135861,440,A,41051,+45.5477107,-122.4173625,06,,G4020,Multnomah,Multnomah County,41,2023-07-26,50.8341321267296,1690329600000,"{""type"":""MultiPoint"",""coordinates"":[]}"
602_0000000000000000021e,1875846777,6127010,38900,H1,067,01155137,440,A,41067,+45.5535419,-123.0976146,06,,G4020,Washington,Washington County,41,2023-07-26,52.76808665833271,1690329600000,"{""type"":""MultiPoint"",""coordinates"":[]}"
603_0000000000000000021b,4845034547,31873103,38900,H1,005,01155127,440,A,41005,+45.1604934,-122.1951274,06,,G4020,Clackamas,Clackamas County,41,2023-07-27,47.780132064406885,1690416000000,"{""type"":""MultiPoint"",""coordinates"":[]}"
603_0000000000000000021c,1116558776,88222268,38900,H1,051,01135861,440,A,41051,+45.5477107,-122.4173625,06,,G4020,Multnomah,Multnomah County,41,2023-07-27,51.30699684063627,1690416000000,"{""type"":""MultiPoint"",""coordinates"":[]}"
603_0000000000000000021e,1875846777,6127010,38900,H1,067,01155137,440,A,41067,+45.5535419,-123.0976146,06,,G4020,Washington,Washington County,41,2023-07-27,56.570709017016185,1690416000000,"{""type"":""MultiPoint"",""coordinates"":[]}"
604_0000000000000000021b,4845034547,31873103,38900,H1,005,01155127,440,A,41005,+45.1604934,-122.1951274,06,,G4020,Clackamas,Clackamas County,41,2023-07-28,52.725406408869894,1690502400000,"{""type"":""MultiPoint"",""coordinates"":[]}"
604_0000000000000000021c,1116558776,88222268,38900,H1,051,01135861,440,A,41051,+45.5477107,-122.4173625,06,,G4020,Multnomah,Multnomah County,41,2023-07-28,55.940609105447045,1690502400000,"{""type"":""MultiPoint"",""coordinates"":[]}"
604_0000000000000000021e,1875846777,6127010,38900,H1,067,01155137,440,A,41067,+45.5535419,-123.0976146,06,,G4020,Washington,Washington County,41,2023-07-28,59.07354869579967,1690502400000,"{""type"":""MultiPoint"",""coordinates"":[]}"
605_0000000000000000021b,4845034547,31873103,38900,H1,005,01155127,440,A,41005,+45.1604934,-122.1951274,06,,G4020,Clackamas,Clackamas County,41,2023-07-29,55.447562610197195,1690588800000,"{""type"":""MultiPoint"",""coordinates"":[]}"
605_0000000000000000021c,1116558776,88222268,38900,H1,051,01135861,440,A,41051,+45.5477107,-122.4173625,06,,G4020,Multnomah,Multnomah County,41,2023-07-29,55.62108526719896,1690588800000,"{""type"":""MultiPoint"",""coordinates"":[]}"
605_0000000000000000021e,1875846777,6127010,38900,H1,067,01155137,440,A,41067,+45.5535419,-123.0976146,06,,G4020,Washington,Washington County,41,2023-07-29,57.27853726234552,1690588800000,"{""type"":""MultiPoint"",""coordinates"":[]}"
606_0000000000000000021b,4845034547,31873103,38900,H1,005,01155127,440,A,41005,+45.1604934,-122.1951274,06,,G4020,Clackamas,Clackamas County,41,2023-07-30,54.14559522488984,1690675200000,"{""type"":""MultiPoint"",""coordinates"":[]}"
606_0000000000000000021c,1116558776,88222268,38900,H1,051,01135861,440,A,41051,+45.5477107,-122.4173625,06,,G4020,Multnomah,Multnomah County,41,2023-07-30,54.9410436960209,1690675200000,"{""type"":""MultiPoint"",""coordinates"":[]}"
606_0000000000000000021e,1875846777,6127010,38900,H1,067,01155137,440,A,41067,+45.5535419,-123.0976146,06,,G4020,Washington,Washington County,41,2023-07-30,56.79262145781236,1690675200000,"{""type"":""MultiPoint"",""coordinates"":[]}"
607_0000000000000000021b,4845034547,31873103,38900,H1,005,01155127,440,A,41005,+45.1604934,-122.1951274,06,,G4020,Clackamas,Clackamas County,41,2023-07-31,48.39267698007004,1690761600000,"{""type"":""MultiPoint"",""coordinates"":[]}"
607_0000000000000000021c,1116558776,88222268,38900,H1,051,01135861,440,A,41051,+45.5477107,-122.4173625,06,,G4020,Multnomah,Multnomah County,41,2023-07-31,51.34976973660221,1690761600000,"{""type"":""MultiPoint"",""coordinates"":[]}"
607_0000000000000000021e,1875846777,6127010,38900,H1,067,01155137,440,A,41067,+45.5535419,-123.0976146,06,,G4020,Washington,Washington County,41,2023-07-31,54.49957221386272,1690761600000,"{""type"":""MultiPoint"",""coordinates"":[]}"
608_0000000000000000021b,4845034547,31873103,38900,H1,005,01155127,440,A,41005,+45.1604934,-122.1951274,06,,G4020,Clackamas,Clackamas County,41,2023-08-01,43.46105094993121,1690848000000,"{""type"":""MultiPoint"",""coordinates"":[]}"
608_0000000000000000021c,1116558776,88222268,38900,H1,051,01135861,440,A,41051,+45.5477107,-122.4173625,06,,G4020,Multnomah,Multnomah County,41,2023-08-01,48.86581710316703,1690848000000,"{""type"":""MultiPoint"",""coordinates"":[]}"
608_0000000000000000021e,1875846777,6127010,38900,H1,067,01155137,440,A,41067,+45.5535419,-123.0976146,06,,G4020,Washington,Washington County,41,2023-08-01,53.85501671435087,1690848000000,"{""type"":""MultiPoint"",""coordinates"":[]}"
609_0000000000000000021b,4845034547,31873103,38900,H1,005,01155127,440,A,41005,+45.1604934,-122.1951274,06,,G4020,Clackamas,Clackamas County,41,2023-08-02,37.88093214441997,1690934400000,"{""type"":""MultiPoint"",""coordinates"":[]}"
609_0000000000000000021c,1116558776,88222268,38900,H1,051,01135861,440,A,41051,+45.5477107,-122.4173625,06,,G4020,Multnomah,Multnomah County,41,2023-08-02,41.91624119233951,1690934400000,"{""type"":""MultiPoint"",""coordinates"":[]}"
609_0000000000000000021e,1875846777,6127010,38900,H1,067,01155137,440,A,41067,+45.5535419,-123.0976146,06,,G4020,Washington,Washington County,41,2023-08-02,43.778260452797646,1690934400000,"{""type"":""MultiPoint"",""coordinates"":[]}"
610_0000000000000000021b,4845034547,31873103,38900,H1,005,01155127,440,A,41005,+45.1604934,-122.1951274,06,,G4020,Clackamas,Clackamas County,41,2023-08-03,44.36193456911351,1691020800000,"{""type"":""MultiPoint"",""coordinates"":[]}"
610_0000000000000000021c,1116558776,88222268,38900,H1,051,01135861,440,A,41051,+45.5477107,-122.4173625,06,,G4020,Multnomah,Multnomah County,41,2023-08-03,49.699390151731215,1691020800000,"{""type"":""MultiPoint"",""coordinates"":[]}"
610_0000000000000000021e,1875846777,6127010,38900,H1,067,01155137,440,A,41067,+45.5535419,-123.0976146,06,,G4020,Washington,Washington County,41,2023-08-03,53.54283262740449,1691020800000,"{""type"":""MultiPoint"",""coordinates"":[]}"
611_0000000000000000021b,4845034547,31873103,38900,H1,005,01155127,440,A,41005,+45.1604934,-122.1951274,06,,G4020,Clackamas,Clackamas County,41,2023-08-04,53.251825573572226,1691107200000,"{""type"":""MultiPoint"",""coordinates"":[]}"
611_0000000000000000021c,1116558776,88222268,38900,H1,051,01135861,440,A,41051,+45.5477107,-122.4173625,06,,G4020,Multnomah,Multnomah County,41,2023-08-04,54.91742093106244,1691107200000,"{""type"":""MultiPoint"",""coordinates"":[]}"
611_0000000000000000021e,1875846777,6127010,38900,H1,067,01155137,440,A,41067,+45.5535419,-123.0976146,06,,G4020,Washington,Washington County,41,2023-08-04,52.08734244822826,1691107200000,"{""type"":""MultiPoint"",""coordinates"":[]}"
612_0000000000000000021b,4845034547,31873103,38900,H1,005,01155127,440,A,41005,+45.1604934,-122.1951274,06,,G4020,Clackamas,Clackamas County,41,2023-08-05,61.64919069635126,1691193600000,"{""type"":""MultiPoint"",""coordinates"":[]}"
612_0000000000000000021c,1116558776,88222268,38900,H1,051,01135861,440,A,41051,+45.5477107,-122.4173625,06,,G4020,Multnomah,Multnomah County,41,2023-08-05,58.14396300282396,1691193600000,"{""type"":""MultiPoint"",""coordinates"":[]}"
612_0000000000000000021e,1875846777,6127010,38900,H1,067,01155137,440,A,41067,+45.5535419,-123.0976146,06,,G4020,Washington,Washington County,41,2023-08-05,55.72383465761171,1691193600000,"{""type"":""MultiPoint"",""coordinates"":[]}"
613_0000000000000000021b,4845034547,31873103,38900,H1,005,01155127,440,A,41005,+45.1604934,-122.1951274,06,,G4020,Clackamas,Clackamas County,41,2023-08-06,70.37216096666972,1691280000000,"{""type"":""MultiPoint"",""coordinates"":[]}"
613_0000000000000000021c,1116558776,88222268,38900,H1,051,01135861,440,A,41051,+45.5477107,-122.4173625,06,,G4020,Multnomah,Multnomah County,41,2023-08-06,69.54435936259758,1691280000000,"{""type"":""MultiPoint"",""coordinates"":[]}"
613_0000000000000000021e,1875846777,6127010,38900,H1,067,01155137,440,A,41067,+45.5535419,-123.0976146,06,,G4020,Washington,Washington County,41,2023-08-06,65.33633738529744,1691280000000,"{""type"":""MultiPoint"",""coordinates"":[]}"
614_0000000000000000021b,4845034547,31873103,38900,H1,005,01155127,440,A,41005,+45.1604934,-122.1951274,06,,G4020,Clackamas,Clackamas County,41,2023-08-07,66.84992972920024,1691366400000,"{""type"":""MultiPoint"",""coordinates"":[]}"
614_0000000000000000021c,1116558776,88222268,38900,H1,051,01135861,440,A,41051,+45.5477107,-122.4173625,06,,G4020,Multnomah,Multnomah County,41,2023-08-07,66.90928437394966,1691366400000,"{""type"":""MultiPoint"",""coordinates"":[]}"
614_0000000000000000021e,1875846777,6127010,38900,H1,067,01155137,440,A,41067,+45.5535419,-123.0976146,06,,G4020,Washington,Washington County,41,2023-08-07,64.39289233625715,1691366400000,"{""type"":""MultiPoint"",""coordinates"":[]}"
615_0000000000000000021b,4845034547,31873103,38900,H1,005,01155127,440,A,41005,+45.1604934,-122.1951274,06,,G4020,Clackamas,Clackamas County,41,2023-08-08,58.59795988269557,1691452800000,"{""type"":""MultiPoint"",""coordinates"":[]}"
615_0000000000000000021c,1116558776,88222268,38900,H1,051,01135861,440,A,41051,+45.5477107,-122.4173625,06,,G4020,Multnomah,Multnomah County,41,2023-08-08,60.949177184393974,1691452800000,"{""type"":""MultiPoint"",""coordinates"":[]}"
615_0000000000000000021e,1875846777,6127010,38900,H1,067,01155137,440,A,41067,+45.5535419,-123.0976146,06,,G4020,Washington,Washington County,41,2023-08-08,60.701194353127526,1691452800000,"{""type"":""MultiPoint"",""coordinates"":[]}"
616_0000000000000000021b,4845034547,31873103,38900,H1,005,01155127,440,A,41005,+45.1604934,-122.1951274,06,,G4020,Clackamas,Clackamas County,41,2023-08-09,52.984913357710994,1691539200000,"{""type"":""MultiPoint"",""coordinates"":[]}"
616_0000000000000000021c,1116558776,88222268,38900,H1,051,01135861,440,A,41051,+45.5477107,-122.4173625,06,,G4020,Multnomah,Multnomah County,41,2023-08-09,56.86796678087785,1691539200000,"{""type"":""MultiPoint"",""coordinates"":[]}"
616_0000000000000000021e,1875846777,6127010,38900,H1,067,01155137,440,A,41067,+45.5535419,-123.0976146,06,,G4020,Washington,Washington County,41,2023-08-09,62.32316338573412,1691539200000,"{""type"":""MultiPoint"",""coordinates"":[]}"
617_0000000000000000021b,4845034547,31873103,38900,H1,005,01155127,440,A,41005,+45.1604934,-122.1951274,06,,G4020,Clackamas,Clackamas County,41,2023-08-10,64.51476633986007,1691625600000,"{""type"":""MultiPoint"",""coordinates"":[]}"
617_0000000000000000021c,1116558776,88222268,38900,H1,051,01135861,440,A,41051,+45.5477107,-122.4173625,06,,G4020,Multnomah,Multnomah County,41,2023-08-10,63.979740572299626,1691625600000,"{""type"":""MultiPoint"",""coordinates"":[]}"
617_0000000000000000021e,1875846777,6127010,38900,H1,067,01155137,440,A,41067,+45.5535419,-123.0976146,06,,G4020,Washington,Washington County,41,2023-08-10,66.3179759868691,1691625600000,"{""type"":""MultiPoint"",""coordinates"":[]}"
618_0000000000000000021b,4845034547,31873103,38900,H1,005,01155127,440,A,41005,+45.1604934,-122.1951274,06,,G4020,Clackamas,Clackamas County,41,2023-08-11,54.282259777302556,1691712000000,"{""type"":""MultiPoint"",""coordinates"":[]}"
618_0000000000000000021c,1116558776,88222268,38900,H1,051,01135861,440,A,41051,+45.5477107,-122.4173625,06,,G4020,Multnomah,Multnomah County,41,2023-08-11,55.7042253823293,1691712000000,"{""type"":""MultiPoint"",""coordinates"":[]}"
618_0000000000000000021e,1875846777,6127010,38900,H1,067,01155137,440,A,41067,+45.5535419,-123.0976146,06,,G4020,Washington,Washington County,41,2023-08-11,57.568049847006804,1691712000000,"{""type"":""MultiPoint"",""coordinates"":[]}"
619_0000000000000000021b,4845034547,31873103,38900,H1,005,01155127,440,A,41005,+45.1604934,-122.1951274,06,,G4020,Clackamas,Clackamas County,41,2023-08-12,51.34521195106624,1691798400000,"{""type"":""MultiPoint"",""coordinates"":[]}"
619_0000000000000000021c,1116558776,88222268,38900,H1,051,01135861,440,A,41051,+45.5477107,-122.4173625,06,,G4020,Multnomah,Multnomah County,41,2023-08-12,54.37702236363048,1691798400000,"{""type"":""MultiPoint"",""coordinates"":[]}"
619_0000000000000000021e,1875846777,6127010,38900,H1,067,01155137,440,A,41067,+45.5535419,-123.0976146,06,,G4020,Washington,Washington County,41,2023-08-12,56.99860529063986,1691798400000,"{""type"":""MultiPoint"",""coordinates"":[]}"
620_0000000000000000021b,4845034547,31873103,38900,H1,005,01155127,440,A,41005,+45.1604934,-122.1951274,06,,G4020,Clackamas,Clackamas County,41,2023-08-13,42.502740614465424,1691884800000,"{""type"":""MultiPoint"",""coordinates"":[]}"
620_0000000000000000021c,1116558776,88222268,38900,H1,051,01135861,440,A,41051,+45.5477107,-122.4173625,06,,G4020,Multnomah,Multnomah County,41,2023-08-13,42.71609333701675,1691884800000,"{""type"":""MultiPoint"",""coordinates"":[]}"
620_0000000000000000021e,1875846777,6127010,38900,H1,067,01155137,440,A,41067,+45.5535419,-123.0976146,06,,G4020,Washington,Washington County,41,2023-08-13,44.78713095837128,1691884800000,"{""type"":""MultiPoint"",""coordinates"":[]}"
621_0000000000000000021b,4845034547,31873103,38900,H1,005,01155127,440,A,41005,+45.1604934,-122.1951274,06,,G4020,Clackamas,Clackamas County,41,2023-08-14,29.058020434643176,1691971200000,"{""type"":""MultiPoint"",""coordinates"":[]}"
621_0000000000000000021c,1116558776,88222268,38900,H1,051,01135861,440,A,41051,+45.5477107,-122.4173625,06,,G4020,Multnomah,Multnomah County,41,2023-08-14,32.61976692425524,1691971200000,"{""type"":""MultiPoint"",""coordinates"":[]}"
621_0000000000000000021e,1875846777,6127010,38900,H1,067,01155137,440,A,41067,+45.5535419,-123.0976146,06,,G4020,Washington,Washington County,41,2023-08-14,34.64273770014827,1691971200000,"{""type"":""MultiPoint"",""coordinates"":[]}"
622_0000000000000000021b,4845034547,31873103,38900,H1,005,01155127,440,A,41005,+45.1604934,-122.1951274,06,,G4020,Clackamas,Clackamas County,41,2023-08-15,32.57151794092465,1692057600000,"{""type"":""MultiPoint"",""coordinates"":[]}"
622_0000000000000000021c,1116558776,88222268,38900,H1,051,01135861,440,A,41051,+45.5477107,-122.4173625,06,,G4020,Multnomah,Multnomah County,41,2023-08-15,36.06440214484773,1692057600000,"{""type"":""MultiPoint"",""coordinates"":[]}"
622_0000000000000000021e,1875846777,6127010,38900,H1,067,01155137,440,A,41067,+45.5535419,-123.0976146,06,,G4020,Washington,Washington County,41,2023-08-15,35.08152921245427,1692057600000,"{""type"":""MultiPoint"",""coordinates"":[]}"
623_0000000000000000021b,4845034547,31873103,38900,H1,005,01155127,440,A,41005,+45.1604934,-122.1951274,06,,G4020,Clackamas,Clackamas County,41,2023-08-16,38.596842737590165,1692144000000,"{""type"":""MultiPoint"",""coordinates"":[]}"
623_0000000000000000021c,1116558776,88222268,38900,H1,051,01135861,440,A,41051,+45.5477107,-122.4173625,06,,G4020,Multnomah,Multnomah County,41,2023-08-16,39.10309373018665,1692144000000,"{""type"":""MultiPoint"",""coordinates"":[]}"
623_0000000000000000021e,1875846777,6127010,38900,H1,067,01155137,440,A,41067,+45.5535419,-123.0976146,06,,G4020,Washington,Washington County,41,2023-08-16,39.4677699239522,1692144000000,"{""type"":""MultiPoint"",""coordinates"":[]}"
624_0000000000000000021b,4845034547,31873103,38900,H1,005,01155127,440,A,41005,+45.1604934,-122.1951274,06,,G4020,Clackamas,Clackamas County,41,2023-08-17,36.03925867142213,1692230400000,"{""type"":""MultiPoint"",""coordinates"":[]}"
624_0000000000000000021c,1116558776,88222268,38900,H1,051,01135861,440,A,41051,+45.5477107,-122.4173625,06,,G4020,Multnomah,Multnomah County,41,2023-08-17,36.914762245012575,1692230400000,"{""type"":""MultiPoint"",""coordinates"":[]}"
624_0000000000000000021e,1875846777,6127010,38900,H1,067,01155137,440,A,41067,+45.5535419,-123.0976146,06,,G4020,Washington,Washington County,41,2023-08-17,37.50794551782952,1692230400000,"{""type"":""MultiPoint"",""coordinates"":[]}"
625_0000000000000000021b,4845034547,31873103,38900,H1,005,01155127,440,A,41005,+45.1604934,-122.1951274,06,,G4020,Clackamas,Clackamas County,41,2023-08-18,44.76384600027572,1692316800000,"{""type"":""MultiPoint"",""coordinates"":[]}"
625_0000000000000000021c,1116558776,88222268,38900,H1,051,01135861,440,A,41051,+45.5477107,-122.4173625,06,,G4020,Multnomah,Multnomah County,41,2023-08-18,47.734916204427485,1692316800000,"{""type"":""MultiPoint"",""coordinates"":[]}"
625_0000000000000000021e,1875846777,6127010,38900,H1,067,01155137,440,A,41067,+45.5535419,-123.0976146,06,,G4020,Washington,Washington County,41,2023-08-18,51.025849305444915,1692316800000,"{""type"":""MultiPoint"",""coordinates"":[]}"
626_0000000000000000021b,4845034547,31873103,38900,H1,005,01155127,440,A,41005,+45.1604934,-122.1951274,06,,G4020,Clackamas,Clackamas County,41,2023-08-19,37.567444866369115,1692403200000,"{""type"":""MultiPoint"",""coordinates"":[]}"
626_0000000000000000021c,1116558776,88222268,38900,H1,051,01135861,440,A,41051,+45.5477107,-122.4173625,06,,G4020,Multnomah,Multnomah County,41,2023-08-19,43.15991620926642,1692403200000,"{""type"":""MultiPoint"",""coordinates"":[]}"
626_0000000000000000021e,1875846777,6127010,38900,H1,067,01155137,440,A,41067,+45.5535419,-123.0976146,06,,G4020,Washington,Washington County,41,2023-08-19,48.728548643276525,1692403200000,"{""type"":""MultiPoint"",""coordinates"":[]}"
627_0000000000000000021b,4845034547,31873103,38900,H1,005,01155127,440,A,41005,+45.1604934,-122.1951274,06,,G4020,Clackamas,Clackamas County,41,2023-08-20,28.807356328690425,1692489600000,"{""type"":""MultiPoint"",""coordinates"":[]}"
627_0000000000000000021c,1116558776,88222268,38900,H1,051,01135861,440,A,41051,+45.5477107,-122.4173625,06,,G4020,Multnomah,Multnomah County,41,2023-08-20,31.19573327908158,1692489600000,"{""type"":""MultiPoint"",""coordinates"":[]}"
627_0000000000000000021e,1875846777,6127010,38900,H1,067,01155137,440,A,41067,+45.5535419,-123.0976146,06,,G4020,Washington,Washington County,41,2023-08-20,34.03446415449972,1692489600000,"{""type"":""MultiPoint"",""coordinates"":[]}"
628_0000000000000000021b,4845034547,31873103,38900,H1,005,01155127,440,A,41005,+45.1604934,-122.1951274,06,,G4020,Clackamas,Clackamas County,41,2023-08-21,41.84074447735204,1692576000000,"{""type"":""MultiPoint"",""coordinates"":[]}"
628_0000000000000000021c,1116558776,88222268,38900,H1,051,01135861,440,A,41051,+45.5477107,-122.4173625,06,,G4020,Multnomah,Multnomah County,41,2023-08-21,44.79029651287946,1692576000000,"{""type"":""MultiPoint"",""coordinates"":[]}"
628_0000000000000000021e,1875846777,6127010,38900,H1,067,01155137,440,A,41067,+45.5535419,-123.0976146,06,,G4020,Washington,Washington County,41,2023-08-21,47.506944215789396,1692576000000,"{""type"":""MultiPoint"",""coordinates"":[]}"
629_0000000000000000021b,4845034547,31873103,38900,H1,005,01155127,440,A,41005,+45.1604934,-122.1951274,06,,G4020,Clackamas,Clackamas County,41,2023-08-22,54.2232218781175,1692662400000,"{""type"":""MultiPoint"",""coordinates"":[]}"
629_0000000000000000021c,1116558776,88222268,38900,H1,051,01135861,440,A,41051,+45.5477107,-122.4173625,06,,G4020,Multnomah,Multnomah County,41,2023-08-22,56.87438270834396,1692662400000,"{""type"":""MultiPoint"",""coordinates"":[]}"
629_0000000000000000021e,1875846777,6127010,38900,H1,067,01155137,440,A,41067,+45.5535419,-123.0976146,06,,G4020,Washington,Washington County,41,2023-08-22,61.12431126601104,1692662400000,"{""type"":""MultiPoint"",""coordinates"":[]}"
630_0000000000000000021b,4845034547,31873103,38900,H1,005,01155127,440,A,41005,+45.1604934,-122.1951274,06,,G4020,Clackamas,Clackamas County,41,2023-08-23,54.11146804428511,1692748800000,"{""type"":""MultiPoint"",""coordinates"":[]}"
630_0000000000000000021c,1116558776,88222268,38900,H1,051,01135861,440,A,41051,+45.5477107,-122.4173625,06,,G4020,Multnomah,Multnomah County,41,2023-08-23,56.1871196714875,1692748800000,"{""type"":""MultiPoint"",""coordinates"":[]}"
630_0000000000000000021e,1875846777,6127010,38900,H1,067,01155137,440,A,41067,+45.5535419,-123.0976146,06,,G4020,Washington,Washington County,41,2023-08-23,58.99627702887846,1692748800000,"{""type"":""MultiPoint"",""coordinates"":[]}"
631_0000000000000000021b,4845034547,31873103,38900,H1,005,01155127,440,A,41005,+45.1604934,-122.1951274,06,,G4020,Clackamas,Clackamas County,41,2023-08-24,43.06671512040627,1692835200000,"{""type"":""MultiPoint"",""coordinates"":[]}"
631_0000000000000000021c,1116558776,88222268,38900,H1,051,01135861,440,A,41051,+45.5477107,-122.4173625,06,,G4020,Multnomah,Multnomah County,41,2023-08-24,46.09160458315185,1692835200000,"{""type"":""MultiPoint"",""coordinates"":[]}"
631_0000000000000000021e,1875846777,6127010,38900,H1,067,01155137,440,A,41067,+45.5535419,-123.0976146,06,,G4020,Washington,Washington County,41,2023-08-24,48.34565062950567,1692835200000,"{""type"":""MultiPoint"",""coordinates"":[]}"
632_0000000000000000021b,4845034547,31873103,38900,H1,005,01155127,440,A,41005,+45.1604934,-122.1951274,06,,G4020,Clackamas,Clackamas County,41,2023-08-25,36.05683436359184,1692921600000,"{""type"":""MultiPoint"",""coordinates"":[]}"
632_0000000000000000021c,1116558776,88222268,38900,H1,051,01135861,440,A,41051,+45.5477107,-122.4173625,06,,G4020,Multnomah,Multnomah County,41,2023-08-25,36.386572021755946,1692921600000,"{""type"":""MultiPoint"",""coordinates"":[]}"
632_0000000000000000021e,1875846777,6127010,38900,H1,067,01155137,440,A,41067,+45.5535419,-123.0976146,06,,G4020,Washington,Washington County,41,2023-08-25,37.325822382910445,1692921600000,"{""type"":""MultiPoint"",""coordinates"":[]}"
633_0000000000000000021b,4845034547,31873103,38900,H1,005,01155127,440,A,41005,+45.1604934,-122.1951274,06,,G4020,Clackamas,Clackamas County,41,2023-08-26,44.904144809096195,1693008000000,"{""type"":""MultiPoint"",""coordinates"":[]}"
633_0000000000000000021c,1116558776,88222268,38900,H1,051,01135861,440,A,41051,+45.5477107,-122.4173625,06,,G4020,Multnomah,Multnomah County,41,2023-08-26,45.515415032207095,1693008000000,"{""type"":""MultiPoint"",""coordinates"":[]}"
633_0000000000000000021e,1875846777,6127010,38900,H1,067,01155137,440,A,41067,+45.5535419,-123.0976146,06,,G4020,Washington,Washington County,41,2023-08-26,53.849836081090025,1693008000000,"{""type"":""MultiPoint"",""coordinates"":[]}"
634_0000000000000000021b,4845034547,31873103,38900,H1,005,01155127,440,A,41005,+45.1604934,-122.1951274,06,,G4020,Clackamas,Clackamas County,41,2023-08-27,52.50224660186669,1693094400000,"{""type"":""MultiPoint"",""coordinates"":[]}"
634_0000000000000000021c,1116558776,88222268,38900,H1,051,01135861,440,A,41051,+45.5477107,-122.4173625,06,,G4020,Multnomah,Multnomah County,41,2023-08-27,53.83684433132214,1693094400000,"{""type"":""MultiPoint"",""coordinates"":[]}"
634_0000000000000000021e,1875846777,6127010,38900,H1,067,01155137,440,A,41067,+45.5535419,-123.0976146,06,,G4020,Washington,Washington County,41,2023-08-27,59.12581629591983,1693094400000,"{""type"":""MultiPoint"",""coordinates"":[]}"
635_0000000000000000021b,4845034547,31873103,38900,H1,005,01155127,440,A,41005,+45.1604934,-122.1951274,06,,G4020,Clackamas,Clackamas County,41,2023-08-28,64.6422018936691,1693180800000,"{""type"":""MultiPoint"",""coordinates"":[]}"
635_0000000000000000021c,1116558776,88222268,38900,H1,051,01135861,440,A,41051,+45.5477107,-122.4173625,06,,G4020,Multnomah,Multnomah County,41,2023-08-28,64.20506727627868,1693180800000,"{""type"":""MultiPoint"",""coordinates"":[]}"
635_0000000000000000021e,1875846777,6127010,38900,H1,067,01155137,440,A,41067,+45.5535419,-123.0976146,06,,G4020,Washington,Washington County,41,2023-08-28,63.988090473819,1693180800000,"{""type"":""MultiPoint"",""coordinates"":[]}"
636_0000000000000000021b,4845034547,31873103,38900,H1,005,01155127,440,A,41005,+45.1604934,-122.1951274,06,,G4020,Clackamas,Clackamas County,41,2023-08-29,70.32046591416746,1693267200000,"{""type"":""MultiPoint"",""coordinates"":[]}"
636_0000000000000000021c,1116558776,88222268,38900,H1,051,01135861,440,A,41051,+45.5477107,-122.4173625,06,,G4020,Multnomah,Multnomah County,41,2023-08-29,67.81952146007838,1693267200000,"{""type"":""MultiPoint"",""coordinates"":[]}"
636_0000000000000000021e,1875846777,6127010,38900,H1,067,01155137,440,A,41067,+45.5535419,-123.0976146,06,,G4020,Washington,Washington County,41,2023-08-29,65.84879442349137,1693267200000,"{""type"":""MultiPoint"",""coordinates"":[]}"
637_0000000000000000021b,4845034547,31873103,38900,H1,005,01155127,440,A,41005,+45.1604934,-122.1951274,06,,G4020,Clackamas,Clackamas County,41,2023-08-30,76.10523582930438,1693353600000,"{""type"":""MultiPoint"",""coordinates"":[]}"
637_0000000000000000021c,1116558776,88222268,38900,H1,051,01135861,440,A,41051,+45.5477107,-122.4173625,06,,G4020,Multnomah,Multnomah County,41,2023-08-30,74.69609352182032,1693353600000,"{""type"":""MultiPoint"",""coordinates"":[]}"
637_0000000000000000021e,1875846777,6127010,38900,H1,067,01155137,440,A,41067,+45.5535419,-123.0976146,06,,G4020,Washington,Washington County,41,2023-08-30,71.58355492923923,1693353600000,"{""type"":""MultiPoint"",""coordinates"":[]}"
638_0000000000000000021b,4845034547,31873103,38900,H1,005,01155127,440,A,41005,+45.1604934,-122.1951274,06,,G4020,Clackamas,Clackamas County,41,2023-08-31,80.53549175507435,1693440000000,"{""type"":""MultiPoint"",""coordinates"":[]}"
638_0000000000000000021c,1116558776,88222268,38900,H1,051,01135861,440,A,41051,+45.5477107,-122.4173625,06,,G4020,Multnomah,Multnomah County,41,2023-08-31,80.68729446943726,1693440000000,"{""type"":""MultiPoint"",""coordinates"":[]}"
638_0000000000000000021e,1875846777,6127010,38900,H1,067,01155137,440,A,41067,+45.5535419,-123.0976146,06,,G4020,Washington,Washington County,41,2023-08-31,80.74434960763139,1693440000000,"{""type"":""MultiPoint"",""coordinates"":[]}"
639_0000000000000000021b,4845034547,31873103,38900,H1,005,01155127,440,A,41005,+45.1604934,-122.1951274,06,,G4020,Clackamas,Clackamas County,41,2023-09-01,85.55978953899293,1693526400000,"{""type"":""MultiPoint"",""coordinates"":[]}"
639_0000000000000000021c,1116558776,88222268,38900,H1,051,01135861,440,A,41051,+45.5477107,-122.4173625,06,,G4020,Multnomah,Multnomah County,41,2023-09-01,83.07379897219337,1693526400000,"{""type"":""MultiPoint"",""coordinates"":[]}"
639_0000000000000000021e,1875846777,6127010,38900,H1,067,01155137,440,A,41067,+45.5535419,-123.0976146,06,,G4020,Washington,Washington County,41,2023-09-01,83.69471073731476,1693526400000,"{""type"":""MultiPoint"",""coordinates"":[]}"
640_0000000000000000021b,4845034547,31873103,38900,H1,005,01155127,440,A,41005,+45.1604934,-122.1951274,06,,G4020,Clackamas,Clackamas County,41,2023-09-02,62.51207369640361,1693612800000,"{""type"":""MultiPoint"",""coordinates"":[]}"
640_0000000000000000021c,1116558776,88222268,38900,H1,051,01135861,440,A,41051,+45.5477107,-122.4173625,06,,G4020,Multnomah,Multnomah County,41,2023-09-02,60.512137631359444,1693612800000,"{""type"":""MultiPoint"",""coordinates"":[]}"
640_0000000000000000021e,1875846777,6127010,38900,H1,067,01155137,440,A,41067,+45.5535419,-123.0976146,06,,G4020,Washington,Washington County,41,2023-09-02,60.06705849564088,1693612800000,"{""type"":""MultiPoint"",""coordinates"":[]}"
641_0000000000000000021b,4845034547,31873103,38900,H1,005,01155127,440,A,41005,+45.1604934,-122.1951274,06,,G4020,Clackamas,Clackamas County,41,2023-09-03,80.991045628646,1693699200000,"{""type"":""MultiPoint"",""coordinates"":[]}"
641_0000000000000000021c,1116558776,88222268,38900,H1,051,01135861,440,A,41051,+45.5477107,-122.4173625,06,,G4020,Multnomah,Multnomah County,41,2023-09-03,77.61031497447992,1693699200000,"{""type"":""MultiPoint"",""coordinates"":[]}"
641_0000000000000000021e,1875846777,6127010,38900,H1,067,01155137,440,A,41067,+45.5535419,-123.0976146,06,,G4020,Washington,Washington County,41,2023-09-03,75.54784924750729,1693699200000,"{""type"":""MultiPoint"",""coordinates"":[]}"
642_0000000000000000021b,4845034547,31873103,38900,H1,005,01155127,440,A,41005,+45.1604934,-122.1951274,06,,G4020,Clackamas,Clackamas County,41,2023-09-04,78.86148109830076,1693785600000,"{""type"":""MultiPoint"",""coordinates"":[]}"
642_0000000000000000021c,1116558776,88222268,38900,H1,051,01135861,440,A,41051,+45.5477107,-122.4173625,06,,G4020,Multnomah,Multnomah County,41,2023-09-04,76.58310122671892,1693785600000,"{""type"":""MultiPoint"",""coordinates"":[]}"
642_0000000000000000021e,1875846777,6127010,38900,H1,067,01155137,440,A,41067,+45.5535419,-123.0976146,06,,G4020,Washington,Washington County,41,2023-09-04,72.55642076926264,1693785600000,"{""type"":""MultiPoint"",""coordinates"":[]}"
643_0000000000000000021b,4845034547,31873103,38900,H1,005,01155127,440,A,41005,+45.1604934,-122.1951274,06,,G4020,Clackamas,Clackamas County,41,2023-09-05,70.77081520303291,1693872000000,"{""type"":""MultiPoint"",""coordinates"":[]}"
643_0000000000000000021c,1116558776,88222268,38900,H1,051,01135861,440,A,41051,+45.5477107,-122.4173625,06,,G4020,Multnomah,Multnomah County,41,2023-09-05,69.53430678635426,1693872000000,"{""type"":""MultiPoint"",""coordinates"":[]}"
643_0000000000000000021e,1875846777,6127010,38900,H1,067,01155137,440,A,41067,+45.5535419,-123.0976146,06,,G4020,Washington,Washington County,41,2023-09-05,67.28238053093533,1693872000000,"{""type"":""MultiPoint"",""coordinates"":[]}"
644_0000000000000000021b,4845034547,31873103,38900,H1,005,01155127,440,A,41005,+45.1604934,-122.1951274,06,,G4020,Clackamas,Clackamas County,41,2023-09-06,61.5820272458666,1693958400000,"{""type"":""MultiPoint"",""coordinates"":[]}"
644_0000000000000000021c,1116558776,88222268,38900,H1,051,01135861,440,A,41051,+45.5477107,-122.4173625,06,,G4020,Multnomah,Multnomah County,41,2023-09-06,63.86796680068481,1693958400000,"{""type"":""MultiPoint"",""coordinates"":[]}"
644_0000000000000000021e,1875846777,6127010,38900,H1,067,01155137,440,A,41067,+45.5535419,-123.0976146,06,,G4020,Washington,Washington County,41,2023-09-06,66.09018581774518,1693958400000,"{""type"":""MultiPoint"",""coordinates"":[]}"
645_0000000000000000021b,4845034547,31873103,38900,H1,005,01155127,440,A,41005,+45.1604934,-122.1951274,06,,G4020,Clackamas,Clackamas County,41,2023-09-07,70.57914736409498,1694044800000,"{""type"":""MultiPoint"",""coordinates"":[]}"
645_0000000000000000021c,1116558776,88222268,38900,H1,051,01135861,440,A,41051,+45.5477107,-122.4173625,06,,G4020,Multnomah,Multnomah County,41,2023-09-07,70.92050313066,1694044800000,"{""type"":""MultiPoint"",""coordinates"":[]}"
645_0000000000000000021e,1875846777,6127010,38900,H1,067,01155137,440,A,41067,+45.5535419,-123.0976146,06,,G4020,Washington,Washington County,41,2023-09-07,69.43211131184384,1694044800000,"{""type"":""MultiPoint"",""coordinates"":[]}"
646_0000000000000000021b,4845034547,31873103,38900,H1,005,01155127,440,A,41005,+45.1604934,-122.1951274,06,,G4020,Clackamas,Clackamas County,41,2023-09-08,68.76449423353242,1694131200000,"{""type"":""MultiPoint"",""coordinates"":[]}"
646_0000000000000000021c,1116558776,88222268,38900,H1,051,01135861,440,A,41051,+45.5477107,-122.4173625,06,,G4020,Multnomah,Multnomah County,41,2023-09-08,66.24447803499993,1694131200000,"{""type"":""MultiPoint"",""coordinates"":[]}"
646_0000000000000000021e,1875846777,6127010,38900,H1,067,01155137,440,A,41067,+45.5535419,-123.0976146,06,,G4020,Washington,Washington County,41,2023-09-08,64.69864832052998,1694131200000,"{""type"":""MultiPoint"",""coordinates"":[]}"
647_0000000000000000021b,4845034547,31873103,38900,H1,005,01155127,440,A,41005,+45.1604934,-122.1951274,06,,G4020,Clackamas,Clackamas County,41,2023-09-09,57.63511734404958,1694217600000,"{""type"":""MultiPoint"",""coordinates"":[]}"
647_0000000000000000021c,1116558776,88222268,38900,H1,051,01135861,440,A,41051,+45.5477107,-122.4173625,06,,G4020,Multnomah,Multnomah County,41,2023-09-09,55.16894722864891,1694217600000,"{""type"":""MultiPoint"",""coordinates"":[]}"
647_0000000000000000021e,1875846777,6127010,38900,H1,067,01155137,440,A,41067,+45.5535419,-123.0976146,06,,G4020,Washington,Washington County,41,2023-09-09,55.54679244757537,1694217600000,"{""type"":""MultiPoint"",""coordinates"":[]}"
648_0000000000000000021b,4845034547,31873103,38900,H1,005,01155127,440,A,41005,+45.1604934,-122.1951274,06,,G4020,Clackamas,Clackamas County,41,2023-09-10,57.78297704305184,1694304000000,"{""type"":""MultiPoint"",""coordinates"":[]}"
648_0000000000000000021c,1116558776,88222268,38900,H1,051,01135861,440,A,41051,+45.5477107,-122.4173625,06,,G4020,Multnomah,Multnomah County,41,2023-09-10,56.100238403093364,1694304000000,"{""type"":""MultiPoint"",""coordinates"":[]}"
648_0000000000000000021e,1875846777,6127010,38900,H1,067,01155137,440,A,41067,+45.5535419,-123.0976146,06,,G4020,Washington,Washington County,41,2023-09-10,58.94362093110065,1694304000000,"{""type"":""MultiPoint"",""coordinates"":[]}"
649_0000000000000000021b,4845034547,31873103,38900,H1,005,01155127,440,A,41005,+45.1604934,-122.1951274,06,,G4020,Clackamas,Clackamas County,41,2023-09-11,59.977236036076675,1694390400000,"{""type"":""MultiPoint"",""coordinates"":[]}"
649_0000000000000000021c,1116558776,88222268,38900,H1,051,01135861,440,A,41051,+45.5477107,-122.4173625,06,,G4020,Multnomah,Multnomah County,41,2023-09-11,59.486494645091334,1694390400000,"{""type"":""MultiPoint"",""coordinates"":[]}"
649_0000000000000000021e,1875846777,6127010,38900,H1,067,01155137,440,A,41067,+45.5535419,-123.0976146,06,,G4020,Washington,Washington County,41,2023-09-11,62.06370508911406,1694390400000,"{""type"":""MultiPoint"",""coordinates"":[]}"
650_0000000000000000021b,4845034547,31873103,38900,H1,005,01155127,440,A,41005,+45.1604934,-122.1951274,06,,G4020,Clackamas,Clackamas County,41,2023-09-12,68.97324305325469,1694476800000,"{""type"":""MultiPoint"",""coordinates"":[]}"
650_0000000000000000021c,1116558776,88222268,38900,H1,051,01135861,440,A,41051,+45.5477107,-122.4173625,06,,G4020,Multnomah,Multnomah County,41,2023-09-12,66.32330946633911,1694476800000,"{""type"":""MultiPoint"",""coordinates"":[]}"
650_0000000000000000021e,1875846777,6127010,38900,H1,067,01155137,440,A,41067,+45.5535419,-123.0976146,06,,G4020,Washington,Washington County,41,2023-09-12,66.89798896394208,1694476800000,"{""type"":""MultiPoint"",""coordinates"":[]}"
651_0000000000000000021b,4845034547,31873103,38900,H1,005,01155127,440,A,41005,+45.1604934,-122.1951274,06,,G4020,Clackamas,Clackamas County,41,2023-09-13,66.37145304260643,1694563200000,"{""type"":""MultiPoint"",""coordinates"":[]}"
651_0000000000000000021c,1116558776,88222268,38900,H1,051,01135861,440,A,41051,+45.5477107,-122.4173625,06,,G4020,Multnomah,Multnomah County,41,2023-09-13,66.58183280859325,1694563200000,"{""type"":""MultiPoint"",""coordinates"":[]}"
651_0000000000000000021e,1875846777,6127010,38900,H1,067,01155137,440,A,41067,+45.5535419,-123.0976146,06,,G4020,Washington,Washington County,41,2023-09-13,69.4581123783354,1694563200000,"{""type"":""MultiPoint"",""coordinates"":[]}"
652_0000000000000000021b,4845034547,31873103,38900,H1,005,01155127,440,A,41005,+45.1604934,-122.1951274,06,,G4020,Clackamas,Clackamas County,41,2023-09-14,51.75315332116067,1694649600000,"{""type"":""MultiPoint"",""coordinates"":[]}"
652_0000000000000000021c,1116558776,88222268,38900,H1,051,01135861,440,A,41051,+45.5477107,-122.4173625,06,,G4020,Multnomah,Multnomah County,41,2023-09-14,53.80579791549513,1694649600000,"{""type"":""MultiPoint"",""coordinates"":[]}"
652_0000000000000000021e,1875846777,6127010,38900,H1,067,01155137,440,A,41067,+45.5535419,-123.0976146,06,,G4020,Washington,Washington County,41,2023-09-14,53.76949151580508,1694649600000,"{""type"":""MultiPoint"",""coordinates"":[]}"
653_0000000000000000021b,4845034547,31873103,38900,H1,005,01155127,440,A,41005,+45.1604934,-122.1951274,06,,G4020,Clackamas,Clackamas County,41,2023-09-15,37.30544691931976,1694736000000,"{""type"":""MultiPoint"",""coordinates"":[]}"
653_0000000000000000021c,1116558776,88222268,38900,H1,051,01135861,440,A,41051,+45.5477107,-122.4173625,06,,G4020,Multnomah,Multnomah County,41,2023-09-15,40.3726652270272,1694736000000,"{""type"":""MultiPoint"",""coordinates"":[]}"
653_0000000000000000021e,1875846777,6127010,38900,H1,067,01155137,440,A,41067,+45.5535419,-123.0976146,06,,G4020,Washington,Washington County,41,2023-09-15,43.1968646698585,1694736000000,"{""type"":""MultiPoint"",""coordinates"":[]}"
654_0000000000000000021b,4845034547,31873103,38900,H1,005,01155127,440,A,41005,+45.1604934,-122.1951274,06,,G4020,Clackamas,Clackamas County,41,2023-09-16,42.86617532291555,1694822400000,"{""type"":""MultiPoint"",""coordinates"":[]}"
654_0000000000000000021c,1116558776,88222268,38900,H1,051,01135861,440,A,41051,+45.5477107,-122.4173625,06,,G4020,Multnomah,Multnomah County,41,2023-09-16,46.68215743976045,1694822400000,"{""type"":""MultiPoint"",""coordinates"":[]}"
654_0000000000000000021e,1875846777,6127010,38900,H1,067,01155137,440,A,41067,+45.5535419,-123.0976146,06,,G4020,Washington,Washington County,41,2023-09-16,53.12086349554311,1694822400000,"{""type"":""MultiPoint"",""coordinates"":[]}"
655_0000000000000000021b,4845034547,31873103,38900,H1,005,01155127,440,A,41005,+45.1604934,-122.1951274,06,,G4020,Clackamas,Clackamas County,41,2023-09-17,53.32637321387466,1694908800000,"{""type"":""MultiPoint"",""coordinates"":[]}"
655_0000000000000000021c,1116558776,88222268,38900,H1,051,01135861,440,A,41051,+45.5477107,-122.4173625,06,,G4020,Multnomah,Multnomah County,41,2023-09-17,56.30435352683267,1694908800000,"{""type"":""MultiPoint"",""coordinates"":[]}"
655_0000000000000000021e,1875846777,6127010,38900,H1,067,01155137,440,A,41067,+45.5535419,-123.0976146,06,,G4020,Washington,Washington County,41,2023-09-17,56.80882948766731,1694908800000,"{""type"":""MultiPoint"",""coordinates"":[]}"
656_0000000000000000021b,4845034547,31873103,38900,H1,005,01155127,440,A,41005,+45.1604934,-122.1951274,06,,G4020,Clackamas,Clackamas County,41,2023-09-18,59.27628664119151,1694995200000,"{""type"":""MultiPoint"",""coordinates"":[]}"
656_0000000000000000021c,1116558776,88222268,38900,H1,051,01135861,440,A,41051,+45.5477107,-122.4173625,06,,G4020,Multnomah,Multnomah County,41,2023-09-18,56.3414938263654,1694995200000,"{""type"":""MultiPoint"",""coordinates"":[]}"
656_0000000000000000021e,1875846777,6127010,38900,H1,067,01155137,440,A,41067,+45.5535419,-123.0976146,06,,G4020,Washington,Washington County,41,2023-09-18,51.76148987454577,1694995200000,"{""type"":""MultiPoint"",""coordinates"":[]}"
657_0000000000000000021b,4845034547,31873103,38900,H1,005,01155127,440,A,41005,+45.1604934,-122.1951274,06,,G4020,Clackamas,Clackamas County,41,2023-09-19,57.72374149108548,1695081600000,"{""type"":""MultiPoint"",""coordinates"":[]}"
657_0000000000000000021c,1116558776,88222268,38900,H1,051,01135861,440,A,41051,+45.5477107,-122.4173625,06,,G4020,Multnomah,Multnomah County,41,2023-09-19,57.12082544568099,1695081600000,"{""type"":""MultiPoint"",""coordinates"":[]}"
657_0000000000000000021e,1875846777,6127010,38900,H1,067,01155137,440,A,41067,+45.5535419,-123.0976146,06,,G4020,Washington,Washington County,41,2023-09-19,57.54936441611794,1695081600000,"{""type"":""MultiPoint"",""coordinates"":[]}"
658_0000000000000000021b,4845034547,31873103,38900,H1,005,01155127,440,A,41005,+45.1604934,-122.1951274,06,,G4020,Clackamas,Clackamas County,41,2023-09-20,73.60778783401727,1695168000000,"{""type"":""MultiPoint"",""coordinates"":[]}"
658_0000000000000000021c,1116558776,88222268,38900,H1,051,01135861,440,A,41051,+45.5477107,-122.4173625,06,,G4020,Multnomah,Multnomah County,41,2023-09-20,67.41321577760165,1695168000000,"{""type"":""MultiPoint"",""coordinates"":[]}"
658_0000000000000000021e,1875846777,6127010,38900,H1,067,01155137,440,A,41067,+45.5535419,-123.0976146,06,,G4020,Washington,Washington County,41,2023-09-20,63.73967825271833,1695168000000,"{""type"":""MultiPoint"",""coordinates"":[]}"
659_0000000000000000021b,4845034547,31873103,38900,H1,005,01155127,440,A,41005,+45.1604934,-122.1951274,06,,G4020,Clackamas,Clackamas County,41,2023-09-21,70.80498086895948,1695254400000,"{""type"":""MultiPoint"",""coordinates"":[]}"
659_0000000000000000021c,1116558776,88222268,38900,H1,051,01135861,440,A,41051,+45.5477107,-122.4173625,06,,G4020,Multnomah,Multnomah County,41,2023-09-21,64.23572377891695,1695254400000,"{""type"":""MultiPoint"",""coordinates"":[]}"
659_0000000000000000021e,1875846777,6127010,38900,H1,067,01155137,440,A,41067,+45.5535419,-123.0976146,06,,G4020,Washington,Washington County,41,2023-09-21,60.303162274824885,1695254400000,"{""type"":""MultiPoint"",""coordinates"":[]}"
660_0000000000000000021b,4845034547,31873103,38900,H1,005,01155127,440,A,41005,+45.1604934,-122.1951274,06,,G4020,Clackamas,Clackamas County,41,2023-09-22,57.394338410610345,1695340800000,"{""type"":""MultiPoint"",""coordinates"":[]}"
660_0000000000000000021c,1116558776,88222268,38900,H1,051,01135861,440,A,41051,+45.5477107,-122.4173625,06,,G4020,Multnomah,Multnomah County,41,2023-09-22,54.63744627282695,1695340800000,"{""type"":""MultiPoint"",""coordinates"":[]}"
660_0000000000000000021e,1875846777,6127010,38900,H1,067,01155137,440,A,41067,+45.5535419,-123.0976146,06,,G4020,Washington,Washington County,41,2023-09-22,48.74449540937061,1695340800000,"{""type"":""MultiPoint"",""coordinates"":[]}"
661_0000000000000000021b,4845034547,31873103,38900,H1,005,01155127,440,A,41005,+45.1604934,-122.1951274,06,,G4020,Clackamas,Clackamas County,41,2023-09-23,55.79078510007408,1695427200000,"{""type"":""MultiPoint"",""coordinates"":[]}"
661_0000000000000000021c,1116558776,88222268,38900,H1,051,01135861,440,A,41051,+45.5477107,-122.4173625,06,,G4020,Multnomah,Multnomah County,41,2023-09-23,56.96708316060664,1695427200000,"{""type"":""MultiPoint"",""coordinates"":[]}"
661_0000000000000000021e,1875846777,6127010,38900,H1,067,01155137,440,A,41067,+45.5535419,-123.0976146,06,,G4020,Washington,Washington County,41,2023-09-23,62.36701810275189,1695427200000,"{""type"":""MultiPoint"",""coordinates"":[]}"
662_0000000000000000021b,4845034547,31873103,38900,H1,005,01155127,440,A,41005,+45.1604934,-122.1951274,06,,G4020,Clackamas,Clackamas County,41,2023-09-24,91.2253705822045,1695513600000,"{""type"":""MultiPoint"",""coordinates"":[]}"
662_0000000000000000021c,1116558776,88222268,38900,H1,051,01135861,440,A,41051,+45.5477107,-122.4173625,06,,G4020,Multnomah,Multnomah County,41,2023-09-24,92.05229481507459,1695513600000,"{""type"":""MultiPoint"",""coordinates"":[]}"
662_0000000000000000021e,1875846777,6127010,38900,H1,067,01155137,440,A,41067,+45.5535419,-123.0976146,06,,G4020,Washington,Washington County,41,2023-09-24,95.70928966487509,1695513600000,"{""type"":""MultiPoint"",""coordinates"":[]}"
663_0000000000000000021b,4845034547,31873103,38900,H1,005,01155127,440,A,41005,+45.1604934,-122.1951274,06,,G4020,Clackamas,Clackamas County,41,2023-09-25,92.39032768169585,1695600000000,"{""type"":""MultiPoint"",""coordinates"":[]}"
663_0000000000000000021c,1116558776,88222268,38900,H1,051,01135861,440,A,41051,+45.5477107,-122.4173625,06,,G4020,Multnomah,Multnomah County,41,2023-09-25,93.06035696885107,1695600000000,"{""type"":""MultiPoint"",""coordinates"":[]}"
663_0000000000000000021e,1875846777,6127010,38900,H1,067,01155137,440,A,41067,+45.5535419,-123.0976146,06,,G4020,Washington,Washington County,41,2023-09-25,95.1761198881856,1695600000000,"{""type"":""MultiPoint"",""coordinates"":[]}"
664_0000000000000000021b,4845034547,31873103,38900,H1,005,01155127,440,A,41005,+45.1604934,-122.1951274,06,,G4020,Clackamas,Clackamas County,41,2023-09-26,89.22371936404568,1695686400000,"{""type"":""MultiPoint"",""coordinates"":[]}"
664_0000000000000000021c,1116558776,88222268,38900,H1,051,01135861,440,A,41051,+45.5477107,-122.4173625,06,,G4020,Multnomah,Multnomah County,41,2023-09-26,87.83153650288862,1695686400000,"{""type"":""MultiPoint"",""coordinates"":[]}"
664_0000000000000000021e,1875846777,6127010,38900,H1,067,01155137,440,A,41067,+45.5535419,-123.0976146,06,,G4020,Washington,Washington County,41,2023-09-26,90.86959794840777,1695686400000,"{""type"":""MultiPoint"",""coordinates"":[]}"
665_0000000000000000021b,4845034547,31873103,38900,H1,005,01155127,440,A,41005,+45.1604934,-122.1951274,06,,G4020,Clackamas,Clackamas County,41,2023-09-27,88.41325796778636,1695772800000,"{""type"":""MultiPoint"",""coordinates"":[]}"
665_0000000000000000021c,1116558776,88222268,38900,H1,051,01135861,440,A,41051,+45.5477107,-122.4173625,06,,G4020,Multnomah,Multnomah County,41,2023-09-27,89.75450549695144,1695772800000,"{""type"":""MultiPoint"",""coordinates"":[]}"
665_0000000000000000021e,1875846777,6127010,38900,H1,067,01155137,440,A,41067,+45.5535419,-123.0976146,06,,G4020,Washington,Washington County,41,2023-09-27,88.72755124398088,1695772800000,"{""type"":""MultiPoint"",""coordinates"":[]}"
666_0000000000000000021b,4845034547,31873103,38900,H1,005,01155127,440,A,41005,+45.1604934,-122.1951274,06,,G4020,Clackamas,Clackamas County,41,2023-09-28,88.91078550381448,1695859200000,"{""type"":""MultiPoint"",""coordinates"":[]}"
666_0000000000000000021c,1116558776,88222268,38900,H1,051,01135861,440,A,41051,+45.5477107,-122.4173625,06,,G4020,Multnomah,Multnomah County,41,2023-09-28,89.08684481689545,1695859200000,"{""type"":""MultiPoint"",""coordinates"":[]}"
666_0000000000000000021e,1875846777,6127010,38900,H1,067,01155137,440,A,41067,+45.5535419,-123.0976146,06,,G4020,Washington,Washington County,41,2023-09-28,84.75222698094605,1695859200000,"{""type"":""MultiPoint"",""coordinates"":[]}"
667_0000000000000000021b,4845034547,31873103,38900,H1,005,01155127,440,A,41005,+45.1604934,-122.1951274,06,,G4020,Clackamas,Clackamas County,41,2023-09-29,88.17248671543985,1695945600000,"{""type"":""MultiPoint"",""coordinates"":[]}"
667_0000000000000000021c,1116558776,88222268,38900,H1,051,01135861,440,A,41051,+45.5477107,-122.4173625,06,,G4020,Multnomah,Multnomah County,41,2023-09-29,86.05794604458389,1695945600000,"{""type"":""MultiPoint"",""coordinates"":[]}"
667_0000000000000000021e,1875846777,6127010,38900,H1,067,01155137,440,A,41067,+45.5535419,-123.0976146,06,,G4020,Washington,Washington County,41,2023-09-29,86.26419084312512,1695945600000,"{""type"":""MultiPoint"",""coordinates"":[]}"
668_0000000000000000021b,4845034547,31873103,38900,H1,005,01155127,440,A,41005,+45.1604934,-122.1951274,06,,G4020,Clackamas,Clackamas County,41,2023-09-30,78.91777091746039,1696032000000,"{""type"":""MultiPoint"",""coordinates"":[]}"
668_0000000000000000021c,1116558776,88222268,38900,H1,051,01135861,440,A,41051,+45.5477107,-122.4173625,06,,G4020,Multnomah,Multnomah County,41,2023-09-30,71.22903495408389,1696032000000,"{""type"":""MultiPoint"",""coordinates"":[]}"
668_0000000000000000021e,1875846777,6127010,38900,H1,067,01155137,440,A,41067,+45.5535419,-123.0976146,06,,G4020,Washington,Washington County,41,2023-09-30,67.17669935094139,1696032000000,"{""type"":""MultiPoint"",""coordinates"":[]}"
669_0000000000000000021b,4845034547,31873103,38900,H1,005,01155127,440,A,41005,+45.1604934,-122.1951274,06,,G4020,Clackamas,Clackamas County,41,2023-10-01,71.1452711824793,1696118400000,"{""type"":""MultiPoint"",""coordinates"":[]}"
669_0000000000000000021c,1116558776,88222268,38900,H1,051,01135861,440,A,41051,+45.5477107,-122.4173625,06,,G4020,Multnomah,Multnomah County,41,2023-10-01,70.44479659343459,1696118400000,"{""type"":""MultiPoint"",""coordinates"":[]}"
669_0000000000000000021e,1875846777,6127010,38900,H1,067,01155137,440,A,41067,+45.5535419,-123.0976146,06,,G4020,Washington,Washington County,41,2023-10-01,69.17015678563646,1696118400000,"{""type"":""MultiPoint"",""coordinates"":[]}"
670_0000000000000000021b,4845034547,31873103,38900,H1,005,01155127,440,A,41005,+45.1604934,-122.1951274,06,,G4020,Clackamas,Clackamas County,41,2023-10-02,78.47650743728943,1696204800000,"{""type"":""MultiPoint"",""coordinates"":[]}"
670_0000000000000000021c,1116558776,88222268,38900,H1,051,01135861,440,A,41051,+45.5477107,-122.4173625,06,,G4020,Multnomah,Multnomah County,41,2023-10-02,79.53450929051985,1696204800000,"{""type"":""MultiPoint"",""coordinates"":[]}"
670_0000000000000000021e,1875846777,6127010,38900,H1,067,01155137,440,A,41067,+45.5535419,-123.0976146,06,,G4020,Washington,Washington County,41,2023-10-02,82.66090771909087,1696204800000,"{""type"":""MultiPoint"",""coordinates"":[]}"
671_0000000000000000021b,4845034547,31873103,38900,H1,005,01155127,440,A,41005,+45.1604934,-122.1951274,06,,G4020,Clackamas,Clackamas County,41,2023-10-03,97.13356686587849,1696291200000,"{""type"":""MultiPoint"",""coordinates"":[]}"
671_0000000000000000021c,1116558776,88222268,38900,H1,051,01135861,440,A,41051,+45.5477107,-122.4173625,06,,G4020,Multnomah,Multnomah County,41,2023-10-03,94.53189980846977,1696291200000,"{""type"":""MultiPoint"",""coordinates"":[]}"
671_0000000000000000021e,1875846777,6127010,38900,H1,067,01155137,440,A,41067,+45.5535419,-123.0976146,06,,G4020,Washington,Washington County,41,2023-10-03,92.83375950419037,1696291200000,"{""type"":""MultiPoint"",""coordinates"":[]}"
672_0000000000000000021b,4845034547,31873103,38900,H1,005,01155127,440,A,41005,+45.1604934,-122.1951274,06,,G4020,Clackamas,Clackamas County,41,2023-10-04,86.50433806202858,1696377600000,"{""type"":""MultiPoint"",""coordinates"":[]}"
672_0000000000000000021c,1116558776,88222268,38900,H1,051,01135861,440,A,41051,+45.5477107,-122.4173625,06,,G4020,Multnomah,Multnomah County,41,2023-10-04,84.86847265350218,1696377600000,"{""type"":""MultiPoint"",""coordinates"":[]}"
672_0000000000000000021e,1875846777,6127010,38900,H1,067,01155137,440,A,41067,+45.5535419,-123.0976146,06,,G4020,Washington,Washington County,41,2023-10-04,84.02160753062216,1696377600000,"{""type"":""MultiPoint"",""coordinates"":[]}"
673_0000000000000000021b,4845034547,31873103,38900,H1,005,01155127,440,A,41005,+45.1604934,-122.1951274,06,,G4020,Clackamas,Clackamas County,41,2023-10-05,75.69971925391745,1696464000000,"{""type"":""MultiPoint"",""coordinates"":[]}"
673_0000000000000000021c,1116558776,88222268,38900,H1,051,01135861,440,A,41051,+45.5477107,-122.4173625,06,,G4020,Multnomah,Multnomah County,41,2023-10-05,77.65656674124915,1696464000000,"{""type"":""MultiPoint"",""coordinates"":[]}"
673_0000000000000000021e,1875846777,6127010,38900,H1,067,01155137,440,A,41067,+45.5535419,-123.0976146,06,,G4020,Washington,Washington County,41,2023-10-05,75.68568691242565,1696464000000,"{""type"":""MultiPoint"",""coordinates"":[]}"
674_0000000000000000021b,4845034547,31873103,38900,H1,005,01155127,440,A,41005,+45.1604934,-122.1951274,06,,G4020,Clackamas,Clackamas County,41,2023-10-06,63.06682098546327,1696550400000,"{""type"":""MultiPoint"",""coordinates"":[]}"
674_0000000000000000021c,1116558776,88222268,38900,H1,051,01135861,440,A,41051,+45.5477107,-122.4173625,06,,G4020,Multnomah,Multnomah County,41,2023-10-06,63.26706786682714,1696550400000,"{""type"":""MultiPoint"",""coordinates"":[]}"
674_0000000000000000021e,1875846777,6127010,38900,H1,067,01155137,440,A,41067,+45.5535419,-123.0976146,06,,G4020,Washington,Washington County,41,2023-10-06,65.43414866433758,1696550400000,"{""type"":""MultiPoint"",""coordinates"":[]}"
675_0000000000000000021b,4845034547,31873103,38900,H1,005,01155127,440,A,41005,+45.1604934,-122.1951274,06,,G4020,Clackamas,Clackamas County,41,2023-10-07,61.99344100660479,1696636800000,"{""type"":""MultiPoint"",""coordinates"":[]}"
675_0000000000000000021c,1116558776,88222268,38900,H1,051,01135861,440,A,41051,+45.5477107,-122.4173625,06,,G4020,Multnomah,Multnomah County,41,2023-10-07,55.84498398891877,1696636800000,"{""type"":""MultiPoint"",""coordinates"":[]}"
675_0000000000000000021e,1875846777,6127010,38900,H1,067,01155137,440,A,41067,+45.5535419,-123.0976146,06,,G4020,Washington,Washington County,41,2023-10-07,55.306828521749175,1696636800000,"{""type"":""MultiPoint"",""coordinates"":[]}"
676_0000000000000000021b,4845034547,31873103,38900,H1,005,01155127,440,A,41005,+45.1604934,-122.1951274,06,,G4020,Clackamas,Clackamas County,41,2023-10-08,70.0376597898342,1696723200000,"{""type"":""MultiPoint"",""coordinates"":[]}"
676_0000000000000000021c,1116558776,88222268,38900,H1,051,01135861,440,A,41051,+45.5477107,-122.4173625,06,,G4020,Multnomah,Multnomah County,41,2023-10-08,70.47024821360198,1696723200000,"{""type"":""MultiPoint"",""coordinates"":[]}"
676_0000000000000000021e,1875846777,6127010,38900,H1,067,01155137,440,A,41067,+45.5535419,-123.0976146,06,,G4020,Washington,Washington County,41,2023-10-08,75.41554910366946,1696723200000,"{""type"":""MultiPoint"",""coordinates"":[]}"
677_0000000000000000021b,4845034547,31873103,38900,H1,005,01155127,440,A,41005,+45.1604934,-122.1951274,06,,G4020,Clackamas,Clackamas County,41,2023-10-09,78.47925501378351,1696809600000,"{""type"":""MultiPoint"",""coordinates"":[]}"
677_0000000000000000021c,1116558776,88222268,38900,H1,051,01135861,440,A,41051,+45.5477107,-122.4173625,06,,G4020,Multnomah,Multnomah County,41,2023-10-09,79.53556265017431,1696809600000,"{""type"":""MultiPoint"",""coordinates"":[]}"
677_0000000000000000021e,1875846777,6127010,38900,H1,067,01155137,440,A,41067,+45.5535419,-123.0976146,06,,G4020,Washington,Washington County,41,2023-10-09,74.7902832506665,1696809600000,"{""type"":""MultiPoint"",""coordinates"":[]}"
678_0000000000000000021b,4845034547,31873103,38900,H1,005,01155127,440,A,41005,+45.1604934,-122.1951274,06,,G4020,Clackamas,Clackamas County,41,2023-10-10,94.15912876075384,1696896000000,"{""type"":""MultiPoint"",""coordinates"":[]}"
678_0000000000000000021c,1116558776,88222268,38900,H1,051,01135861,440,A,41051,+45.5477107,-122.4173625,06,,G4020,Multnomah,Multnomah County,41,2023-10-10,94.34797979116418,1696896000000,"{""type"":""MultiPoint"",""coordinates"":[]}"
678_0000000000000000021e,1875846777,6127010,38900,H1,067,01155137,440,A,41067,+45.5535419,-123.0976146,06,,G4020,Washington,Washington County,41,2023-10-10,94.14045964007269,1696896000000,"{""type"":""MultiPoint"",""coordinates"":[]}"
679_0000000000000000021b,4845034547,31873103,38900,H1,005,01155127,440,A,41005,+45.1604934,-122.1951274,06,,G4020,Clackamas,Clackamas County,41,2023-10-11,96.14022674765758,1696982400000,"{""type"":""MultiPoint"",""coordinates"":[]}"
679_0000000000000000021c,1116558776,88222268,38900,H1,051,01135861,440,A,41051,+45.5477107,-122.4173625,06,,G4020,Multnomah,Multnomah County,41,2023-10-11,94.86798814971337,1696982400000,"{""type"":""MultiPoint"",""coordinates"":[]}"
679_0000000000000000021e,1875846777,6127010,38900,H1,067,01155137,440,A,41067,+45.5535419,-123.0976146,06,,G4020,Washington,Washington County,41,2023-10-11,93.8299064302086,1696982400000,"{""type"":""MultiPoint"",""coordinates"":[]}"
680_0000000000000000021b,4845034547,31873103,38900,H1,005,01155127,440,A,41005,+45.1604934,-122.1951274,06,,G4020,Clackamas,Clackamas County,41,2023-10-12,84.01798297636185,1697068800000,"{""type"":""MultiPoint"",""coordinates"":[]}"
680_0000000000000000021c,1116558776,88222268,38900,H1,051,01135861,440,A,41051,+45.5477107,-122.4173625,06,,G4020,Multnomah,Multnomah County,41,2023-10-12,83.9197430945871,1697068800000,"{""type"":""MultiPoint"",""coordinates"":[]}"
680_0000000000000000021e,1875846777,6127010,38900,H1,067,01155137,440,A,41067,+45.5535419,-123.0976146,06,,G4020,Washington,Washington County,41,2023-10-12,85.75680360742582,1697068800000,"{""type"":""MultiPoint"",""coordinates"":[]}"
681_0000000000000000021b,4845034547,31873103,38900,H1,005,01155127,440,A,41005,+45.1604934,-122.1951274,06,,G4020,Clackamas,Clackamas County,41,2023-10-13,64.49929885800826,1697155200000,"{""type"":""MultiPoint"",""coordinates"":[]}"
681_0000000000000000021c,1116558776,88222268,38900,H1,051,01135861,440,A,41051,+45.5477107,-122.4173625,06,,G4020,Multnomah,Multnomah County,41,2023-10-13,61.703207858843655,1697155200000,"{""type"":""MultiPoint"",""coordinates"":[]}"
681_0000000000000000021e,1875846777,6127010,38900,H1,067,01155137,440,A,41067,+45.5535419,-123.0976146,06,,G4020,Washington,Washington County,41,2023-10-13,63.87632248507383,1697155200000,"{""type"":""MultiPoint"",""coordinates"":[]}"
682_0000000000000000021b,4845034547,31873103,38900,H1,005,01155127,440,A,41005,+45.1604934,-122.1951274,06,,G4020,Clackamas,Clackamas County,41,2023-10-14,88.35082806023004,1697241600000,"{""type"":""MultiPoint"",""coordinates"":[]}"
682_0000000000000000021c,1116558776,88222268,38900,H1,051,01135861,440,A,41051,+45.5477107,-122.4173625,06,,G4020,Multnomah,Multnomah County,41,2023-10-14,86.84597807963783,1697241600000,"{""type"":""MultiPoint"",""coordinates"":[]}"
682_0000000000000000021e,1875846777,6127010,38900,H1,067,01155137,440,A,41067,+45.5535419,-123.0976146,06,,G4020,Washington,Washington County,41,2023-10-14,91.65834183076883,1697241600000,"{""type"":""MultiPoint"",""coordinates"":[]}"
683_0000000000000000021b,4845034547,31873103,38900,H1,005,01155127,440,A,41005,+45.1604934,-122.1951274,06,,G4020,Clackamas,Clackamas County,41,2023-10-15,86.03490256805557,1697328000000,"{""type"":""MultiPoint"",""coordinates"":[]}"
683_0000000000000000021c,1116558776,88222268,38900,H1,051,01135861,440,A,41051,+45.5477107,-122.4173625,06,,G4020,Multnomah,Multnomah County,41,2023-10-15,87.27668147793851,1697328000000,"{""type"":""MultiPoint"",""coordinates"":[]}"
683_0000000000000000021e,1875846777,6127010,38900,H1,067,01155137,440,A,41067,+45.5535419,-123.0976146,06,,G4020,Washington,Washington County,41,2023-10-15,91.70245778417797,1697328000000,"{""type"":""MultiPoint"",""coordinates"":[]}"
684_0000000000000000021b,4845034547,31873103,38900,H1,005,01155127,440,A,41005,+45.1604934,-122.1951274,06,,G4020,Clackamas,Clackamas County,41,2023-10-16,90.12760245826249,1697414400000,"{""type"":""MultiPoint"",""coordinates"":[]}"
684_0000000000000000021c,1116558776,88222268,38900,H1,051,01135861,440,A,41051,+45.5477107,-122.4173625,06,,G4020,Multnomah,Multnomah County,41,2023-10-16,86.36502219576053,1697414400000,"{""type"":""MultiPoint"",""coordinates"":[]}"
684_0000000000000000021e,1875846777,6127010,38900,H1,067,01155137,440,A,41067,+45.5535419,-123.0976146,06,,G4020,Washington,Washington County,41,2023-10-16,90.27873423406602,1697414400000,"{""type"":""MultiPoint"",""coordinates"":[]}"
685_0000000000000000021b,4845034547,31873103,38900,H1,005,01155127,440,A,41005,+45.1604934,-122.1951274,06,,G4020,Clackamas,Clackamas County,41,2023-10-17,85.65516840976858,1697500800000,"{""type"":""MultiPoint"",""coordinates"":[]}"
685_0000000000000000021c,1116558776,88222268,38900,H1,051,01135861,440,A,41051,+45.5477107,-122.4173625,06,,G4020,Multnomah,Multnomah County,41,2023-10-17,89.22418212983511,1697500800000,"{""type"":""MultiPoint"",""coordinates"":[]}"
685_0000000000000000021e,1875846777,6127010,38900,H1,067,01155137,440,A,41067,+45.5535419,-123.0976146,06,,G4020,Washington,Washington County,41,2023-10-17,92.17899511937638,1697500800000,"{""type"":""MultiPoint"",""coordinates"":[]}"
686_0000000000000000021b,4845034547,31873103,38900,H1,005,01155127,440,A,41005,+45.1604934,-122.1951274,06,,G4020,Clackamas,Clackamas County,41,2023-10-18,71.86833819544387,1697587200000,"{""type"":""MultiPoint"",""coordinates"":[]}"
686_0000000000000000021c,1116558776,88222268,38900,H1,051,01135861,440,A,41051,+45.5477107,-122.4173625,06,,G4020,Multnomah,Multnomah County,41,2023-10-18,75.01579669324909,1697587200000,"{""type"":""MultiPoint"",""coordinates"":[]}"
686_0000000000000000021e,1875846777,6127010,38900,H1,067,01155137,440,A,41067,+45.5535419,-123.0976146,06,,G4020,Washington,Washington County,41,2023-10-18,74.8840808458258,1697587200000,"{""type"":""MultiPoint"",""coordinates"":[]}"
687_0000000000000000021b,4845034547,31873103,38900,H1,005,01155127,440,A,41005,+45.1604934,-122.1951274,06,,G4020,Clackamas,Clackamas County,41,2023-10-19,72.35008674107122,1697673600000,"{""type"":""MultiPoint"",""coordinates"":[]}"
687_0000000000000000021c,1116558776,88222268,38900,H1,051,01135861,440,A,41051,+45.5477107,-122.4173625,06,,G4020,Multnomah,Multnomah County,41,2023-10-19,76.57628889582338,1697673600000,"{""type"":""MultiPoint"",""coordinates"":[]}"
687_0000000000000000021e,1875846777,6127010,38900,H1,067,01155137,440,A,41067,+45.5535419,-123.0976146,06,,G4020,Washington,Washington County,41,2023-10-19,77.07811817621096,1697673600000,"{""type"":""MultiPoint"",""coordinates"":[]}"
688_0000000000000000021b,4845034547,31873103,38900,H1,005,01155127,440,A,41005,+45.1604934,-122.1951274,06,,G4020,Clackamas,Clackamas County,41,2023-10-20,76.27635224918345,1697760000000,"{""type"":""MultiPoint"",""coordinates"":[]}"
688_0000000000000000021c,1116558776,88222268,38900,H1,051,01135861,440,A,41051,+45.5477107,-122.4173625,06,,G4020,Multnomah,Multnomah County,41,2023-10-20,82.11882929730612,1697760000000,"{""type"":""MultiPoint"",""coordinates"":[]}"
688_0000000000000000021e,1875846777,6127010,38900,H1,067,01155137,440,A,41067,+45.5535419,-123.0976146,06,,G4020,Washington,Washington County,41,2023-10-20,87.69235588936529,1697760000000,"{""type"":""MultiPoint"",""coordinates"":[]}"
689_0000000000000000021b,4845034547,31873103,38900,H1,005,01155127,440,A,41005,+45.1604934,-122.1951274,06,,G4020,Clackamas,Clackamas County,41,2023-10-21,82.08369770324605,1697846400000,"{""type"":""MultiPoint"",""coordinates"":[]}"
689_0000000000000000021c,1116558776,88222268,38900,H1,051,01135861,440,A,41051,+45.5477107,-122.4173625,06,,G4020,Multnomah,Multnomah County,41,2023-10-21,85.50031633344601,1697846400000,"{""type"":""MultiPoint"",""coordinates"":[]}"
689_0000000000000000021e,1875846777,6127010,38900,H1,067,01155137,440,A,41067,+45.5535419,-123.0976146,06,,G4020,Washington,Washington County,41,2023-10-21,86.45397309246837,1697846400000,"{""type"":""MultiPoint"",""coordinates"":[]}"
690_0000000000000000021b,4845034547,31873103,38900,H1,005,01155127,440,A,41005,+45.1604934,-122.1951274,06,,G4020,Clackamas,Clackamas County,41,2023-10-22,89.35390447571305,1697932800000,"{""type"":""MultiPoint"",""coordinates"":[]}"
690_0000000000000000021c,1116558776,88222268,38900,H1,051,01135861,440,A,41051,+45.5477107,-122.4173625,06,,G4020,Multnomah,Multnomah County,41,2023-10-22,90.87338198308852,1697932800000,"{""type"":""MultiPoint"",""coordinates"":[]}"
690_0000000000000000021e,1875846777,6127010,38900,H1,067,01155137,440,A,41067,+45.5535419,-123.0976146,06,,G4020,Washington,Washington County,41,2023-10-22,89.99068166437608,1697932800000,"{""type"":""MultiPoint"",""coordinates"":[]}"
691_0000000000000000021b,4845034547,31873103,38900,H1,005,01155127,440,A,41005,+45.1604934,-122.1951274,06,,G4020,Clackamas,Clackamas County,41,2023-10-23,86.98219984954432,1698019200000,"{""type"":""MultiPoint"",""coordinates"":[]}"
691_0000000000000000021c,1116558776,88222268,38900,H1,051,01135861,440,A,41051,+45.5477107,-122.4173625,06,,G4020,Multnomah,Multnomah County,41,2023-10-23,84.84990095673281,1698019200000,"{""type"":""MultiPoint"",""coordinates"":[]}"
691_0000000000000000021e,1875846777,6127010,38900,H1,067,01155137,440,A,41067,+45.5535419,-123.0976146,06,,G4020,Washington,Washington County,41,2023-10-23,82.43333858907411,1698019200000,"{""type"":""MultiPoint"",""coordinates"":[]}"
692_0000000000000000021b,4845034547,31873103,38900,H1,005,01155127,440,A,41005,+45.1604934,-122.1951274,06,,G4020,Clackamas,Clackamas County,41,2023-10-24,83.8929291214911,1698105600000,"{""type"":""MultiPoint"",""coordinates"":[]}"
692_0000000000000000021c,1116558776,88222268,38900,H1,051,01135861,440,A,41051,+45.5477107,-122.4173625,06,,G4020,Multnomah,Multnomah County,41,2023-10-24,81.24509170012445,1698105600000,"{""type"":""MultiPoint"",""coordinates"":[]}"
692_0000000000000000021e,1875846777,6127010,38900,H1,067,01155137,440,A,41067,+45.5535419,-123.0976146,06,,G4020,Washington,Washington County,41,2023-10-24,84.14803336574002,1698105600000,"{""type"":""MultiPoint"",""coordinates"":[]}"
693_0000000000000000021b,4845034547,31873103,38900,H1,005,01155127,440,A,41005,+45.1604934,-122.1951274,06,,G4020,Clackamas,Clackamas County,41,2023-10-25,96.60657860166967,1698192000000,"{""type"":""MultiPoint"",""coordinates"":[]}"
693_0000000000000000021c,1116558776,88222268,38900,H1,051,01135861,440,A,41051,+45.5477107,-122.4173625,06,,G4020,Multnomah,Multnomah County,41,2023-10-25,96.55519706383241,1698192000000,"{""type"":""MultiPoint"",""coordinates"":[]}"
693_0000000000000000021e,1875846777,6127010,38900,H1,067,01155137,440,A,41067,+45.5535419,-123.0976146,06,,G4020,Washington,Washington County,41,2023-10-25,95.92096487448609,1698192000000,"{""type"":""MultiPoint"",""coordinates"":[]}"
694_0000000000000000021b,4845034547,31873103,38900,H1,005,01155127,440,A,41005,+45.1604934,-122.1951274,06,,G4020,Clackamas,Clackamas County,41,2023-10-26,87.51550442991604,1698278400000,"{""type"":""MultiPoint"",""coordinates"":[]}"
694_0000000000000000021c,1116558776,88222268,38900,H1,051,01135861,440,A,41051,+45.5477107,-122.4173625,06,,G4020,Multnomah,Multnomah County,41,2023-10-26,90.2529965021093,1698278400000,"{""type"":""MultiPoint"",""coordinates"":[]}"
694_0000000000000000021e,1875846777,6127010,38900,H1,067,01155137,440,A,41067,+45.5535419,-123.0976146,06,,G4020,Washington,Washington County,41,2023-10-26,90.81961143783677,1698278400000,"{""type"":""MultiPoint"",""coordinates"":[]}"
695_0000000000000000021b,4845034547,31873103,38900,H1,005,01155127,440,A,41005,+45.1604934,-122.1951274,06,,G4020,Clackamas,Clackamas County,41,2023-10-27,78.70162772023109,1698364800000,"{""type"":""MultiPoint"",""coordinates"":[]}"
695_0000000000000000021c,1116558776,88222268,38900,H1,051,01135861,440,A,41051,+45.5477107,-122.4173625,06,,G4020,Multnomah,Multnomah County,41,2023-10-27,79.79273565647098,1698364800000,"{""type"":""MultiPoint"",""coordinates"":[]}"
695_0000000000000000021e,1875846777,6127010,38900,H1,067,01155137,440,A,41067,+45.5535419,-123.0976146,06,,G4020,Washington,Washington County,41,2023-10-27,82.07960550906441,1698364800000,"{""type"":""MultiPoint"",""coordinates"":[]}"
696_0000000000000000021b,4845034547,31873103,38900,H1,005,01155127,440,A,41005,+45.1604934,-122.1951274,06,,G4020,Clackamas,Clackamas County,41,2023-10-28,59.17825528432311,1698451200000,"{""type"":""MultiPoint"",""coordinates"":[]}"
696_0000000000000000021c,1116558776,88222268,38900,H1,051,01135861,440,A,41051,+45.5477107,-122.4173625,06,,G4020,Multnomah,Multnomah County,41,2023-10-28,64.2186078502394,1698451200000,"{""type"":""MultiPoint"",""coordinates"":[]}"
696_0000000000000000021e,1875846777,6127010,38900,H1,067,01155137,440,A,41067,+45.5535419,-123.0976146,06,,G4020,Washington,Washington County,41,2023-10-28,62.30654619670924,1698451200000,"{""type"":""MultiPoint"",""coordinates"":[]}"
697_0000000000000000021b,4845034547,31873103,38900,H1,005,01155127,440,A,41005,+45.1604934,-122.1951274,06,,G4020,Clackamas,Clackamas County,41,2023-10-29,55.08805323397688,1698537600000,"{""type"":""MultiPoint"",""coordinates"":[]}"
697_0000000000000000021c,1116558776,88222268,38900,H1,051,01135861,440,A,41051,+45.5477107,-122.4173625,06,,G4020,Multnomah,Multnomah County,41,2023-10-29,57.6016607802706,1698537600000,"{""type"":""MultiPoint"",""coordinates"":[]}"
697_0000000000000000021e,1875846777,6127010,38900,H1,067,01155137,440,A,41067,+45.5535419,-123.0976146,06,,G4020,Washington,Washington County,41,2023-10-29,56.99029107353447,1698537600000,"{""type"":""MultiPoint"",""coordinates"":[]}"
698_0000000000000000021b,4845034547,31873103,38900,H1,005,01155127,440,A,41005,+45.1604934,-122.1951274,06,,G4020,Clackamas,Clackamas County,41,2023-10-30,61.89125900205595,1698624000000,"{""type"":""MultiPoint"",""coordinates"":[]}"
698_0000000000000000021c,1116558776,88222268,38900,H1,051,01135861,440,A,41051,+45.5477107,-122.4173625,06,,G4020,Multnomah,Multnomah County,41,2023-10-30,60.427186604694135,1698624000000,"{""type"":""MultiPoint"",""coordinates"":[]}"
698_0000000000000000021e,1875846777,6127010,38900,H1,067,01155137,440,A,41067,+45.5535419,-123.0976146,06,,G4020,Washington,Washington County,41,2023-10-30,58.83430793372219,1698624000000,"{""type"":""MultiPoint"",""coordinates"":[]}"
699_0000000000000000021b,4845034547,31873103,38900,H1,005,01155127,440,A,41005,+45.1604934,-122.1951274,06,,G4020,Clackamas,Clackamas County,41,2023-10-31,64.54776717067222,1698710400000,"{""type"":""MultiPoint"",""coordinates"":[]}"
699_0000000000000000021c,1116558776,88222268,38900,H1,051,01135861,440,A,41051,+45.5477107,-122.4173625,06,,G4020,Multnomah,Multnomah County,41,2023-10-31,63.55893149439102,1698710400000,"{""type"":""MultiPoint"",""coordinates"":[]}"
699_0000000000000000021e,1875846777,6127010,38900,H1,067,01155137,440,A,41067,+45.5535419,-123.0976146,06,,G4020,Washington,Washington County,41,2023-10-31,61.25672758180702,1698710400000,"{""type"":""MultiPoint"",""coordinates"":[]}"
700_0000000000000000021b,4845034547,31873103,38900,H1,005,01155127,440,A,41005,+45.1604934,-122.1951274,06,,G4020,Clackamas,Clackamas County,41,2023-11-01,77.16863649660921,1698796800000,"{""type"":""MultiPoint"",""coordinates"":[]}"
700_0000000000000000021c,1116558776,88222268,38900,H1,051,01135861,440,A,41051,+45.5477107,-122.4173625,06,,G4020,Multnomah,Multnomah County,41,2023-11-01,75.19570048800874,1698796800000,"{""type"":""MultiPoint"",""coordinates"":[]}"
700_0000000000000000021e,1875846777,6127010,38900,H1,067,01155137,440,A,41067,+45.5535419,-123.0976146,06,,G4020,Washington,Washington County,41,2023-11-01,76.55385609616678,1698796800000,"{""type"":""MultiPoint"",""coordinates"":[]}"
701_0000000000000000021b,4845034547,31873103,38900,H1,005,01155127,440,A,41005,+45.1604934,-122.1951274,06,,G4020,Clackamas,Clackamas County,41,2023-11-02,98.28291655583585,1698883200000,"{""type"":""MultiPoint"",""coordinates"":[]}"
701_0000000000000000021c,1116558776,88222268,38900,H1,051,01135861,440,A,41051,+45.5477107,-122.4173625,06,,G4020,Multnomah,Multnomah County,41,2023-11-02,98.01613535861456,1698883200000,"{""type"":""MultiPoint"",""coordinates"":[]}"
701_0000000000000000021e,1875846777,6127010,38900,H1,067,01155137,440,A,41067,+45.5535419,-123.0976146,06,,G4020,Washington,Washington County,41,2023-11-02,97.54935482571538,1698883200000,"{""type"":""MultiPoint"",""coordinates"":[]}"
702_0000000000000000021b,4845034547,31873103,38900,H1,005,01155127,440,A,41005,+45.1604934,-122.1951274,06,,G4020,Clackamas,Clackamas County,41,2023-11-03,93.9194620341236,1698969600000,"{""type"":""MultiPoint"",""coordinates"":[]}"
702_0000000000000000021c,1116558776,88222268,38900,H1,051,01135861,440,A,41051,+45.5477107,-122.4173625,06,,G4020,Multnomah,Multnomah County,41,2023-11-03,94.32416972094433,1698969600000,"{""type"":""MultiPoint"",""coordinates"":[]}"
702_0000000000000000021e,1875846777,6127010,38900,H1,067,01155137,440,A,41067,+45.5535419,-123.0976146,06,,G4020,Washington,Washington County,41,2023-11-03,94.99537794540215,1698969600000,"{""type"":""MultiPoint"",""coordinates"":[]}"
703_0000000000000000021b,4845034547,31873103,38900,H1,005,01155127,440,A,41005,+45.1604934,-122.1951274,06,,G4020,Clackamas,Clackamas County,41,2023-11-04,97.74043890742612,1699056000000,"{""type"":""MultiPoint"",""coordinates"":[]}"
703_0000000000000000021c,1116558776,88222268,38900,H1,051,01135861,440,A,41051,+45.5477107,-122.4173625,06,,G4020,Multnomah,Multnomah County,41,2023-11-04,96.9828449647545,1699056000000,"{""type"":""MultiPoint"",""coordinates"":[]}"
703_0000000000000000021e,1875846777,6127010,38900,H1,067,01155137,440,A,41067,+45.5535419,-123.0976146,06,,G4020,Washington,Washington County,41,2023-11-04,98.02813126943944,1699056000000,"{""type"":""MultiPoint"",""coordinates"":[]}"
704_0000000000000000021b,4845034547,31873103,38900,H1,005,01155127,440,A,41005,+45.1604934,-122.1951274,06,,G4020,Clackamas,Clackamas County,41,2023-11-05,90.91496070524077,1699142400000,"{""type"":""MultiPoint"",""coordinates"":[]}"
704_0000000000000000021c,1116558776,88222268,38900,H1,051,01135861,440,A,41051,+45.5477107,-122.4173625,06,,G4020,Multnomah,Multnomah County,41,2023-11-05,93.17769839724522,1699142400000,"{""type"":""MultiPoint"",""coordinates"":[]}"
704_0000000000000000021e,1875846777,6127010,38900,H1,067,01155137,440,A,41067,+45.5535419,-123.0976146,06,,G4020,Washington,Washington County,41,2023-11-05,95.25803213725428,1699142400000,"{""type"":""MultiPoint"",""coordinates"":[]}"
705_0000000000000000021b,4845034547,31873103,38900,H1,005,01155127,440,A,41005,+45.1604934,-122.1951274,06,,G4020,Clackamas,Clackamas County,41,2023-11-06,94.88079973773148,1699228800000,"{""type"":""MultiPoint"",""coordinates"":[]}"
705_0000000000000000021c,1116558776,88222268,38900,H1,051,01135861,440,A,41051,+45.5477107,-122.4173625,06,,G4020,Multnomah,Multnomah County,41,2023-11-06,95.3379652540135,1699228800000,"{""type"":""MultiPoint"",""coordinates"":[]}"
705_0000000000000000021e,1875846777,6127010,38900,H1,067,01155137,440,A,41067,+45.5535419,-123.0976146,06,,G4020,Washington,Washington County,41,2023-11-06,96.25320493256795,1699228800000,"{""type"":""MultiPoint"",""coordinates"":[]}"
706_0000000000000000021b,4845034547,31873103,38900,H1,005,01155127,440,A,41005,+45.1604934,-122.1951274,06,,G4020,Clackamas,Clackamas County,41,2023-11-07,96.67842332460502,1699315200000,"{""type"":""MultiPoint"",""coordinates"":[]}"
706_0000000000000000021c,1116558776,88222268,38900,H1,051,01135861,440,A,41051,+45.5477107,-122.4173625,06,,G4020,Multnomah,Multnomah County,41,2023-11-07,94.60614251226535,1699315200000,"{""type"":""MultiPoint"",""coordinates"":[]}"
706_0000000000000000021e,1875846777,6127010,38900,H1,067,01155137,440,A,41067,+45.5535419,-123.0976146,06,,G4020,Washington,Washington County,41,2023-11-07,90.87121212976828,1699315200000,"{""type"":""MultiPoint"",""coordinates"":[]}"
707_0000000000000000021b,4845034547,31873103,38900,H1,005,01155127,440,A,41005,+45.1604934,-122.1951274,06,,G4020,Clackamas,Clackamas County,41,2023-11-08,84.78443174625467,1699401600000,"{""type"":""MultiPoint"",""coordinates"":[]}"
707_0000000000000000021c,1116558776,88222268,38900,H1,051,01135861,440,A,41051,+45.5477107,-122.4173625,06,,G4020,Multnomah,Multnomah County,41,2023-11-08,83.35744597445384,1699401600000,"{""type"":""MultiPoint"",""coordinates"":[]}"
707_0000000000000000021e,1875846777,6127010,38900,H1,067,01155137,440,A,41067,+45.5535419,-123.0976146,06,,G4020,Washington,Washington County,41,2023-11-08,82.05851148539624,1699401600000,"{""type"":""MultiPoint"",""coordinates"":[]}"
708_0000000000000000021b,4845034547,31873103,38900,H1,005,01155127,440,A,41005,+45.1604934,-122.1951274,06,,G4020,Clackamas,Clackamas County,41,2023-11-09,73.72260875884967,1699488000000,"{""type"":""MultiPoint"",""coordinates"":[]}"
708_0000000000000000021c,1116558776,88222268,38900,H1,051,01135861,440,A,41051,+45.5477107,-122.4173625,06,,G4020,Multnomah,Multnomah County,41,2023-11-09,80.35471256559903,1699488000000,"{""type"":""MultiPoint"",""coordinates"":[]}"
708_0000000000000000021e,1875846777,6127010,38900,H1,067,01155137,440,A,41067,+45.5535419,-123.0976146,06,,G4020,Washington,Washington County,41,2023-11-09,79.88384656318178,1699488000000,"{""type"":""MultiPoint"",""coordinates"":[]}"
709_0000000000000000021b,4845034547,31873103,38900,H1,005,01155127,440,A,41005,+45.1604934,-122.1951274,06,,G4020,Clackamas,Clackamas County,41,2023-11-10,83.52373517205525,1699574400000,"{""type"":""MultiPoint"",""coordinates"":[]}"
709_0000000000000000021c,1116558776,88222268,38900,H1,051,01135861,440,A,41051,+45.5477107,-122.4173625,06,,G4020,Multnomah,Multnomah County,41,2023-11-10,90.14972063690858,1699574400000,"{""type"":""MultiPoint"",""coordinates"":[]}"
709_0000000000000000021e,1875846777,6127010,38900,H1,067,01155137,440,A,41067,+45.5535419,-123.0976146,06,,G4020,Washington,Washington County,41,2023-11-10,92.36008904983728,1699574400000,"{""type"":""MultiPoint"",""coordinates"":[]}"
710_0000000000000000021b,4845034547,31873103,38900,H1,005,01155127,440,A,41005,+45.1604934,-122.1951274,06,,G4020,Clackamas,Clackamas County,41,2023-11-11,86.72609348806787,1699660800000,"{""type"":""MultiPoint"",""coordinates"":[]}"
710_0000000000000000021c,1116558776,88222268,38900,H1,051,01135861,440,A,41051,+45.5477107,-122.4173625,06,,G4020,Multnomah,Multnomah County,41,2023-11-11,88.70284661312996,1699660800000,"{""type"":""MultiPoint"",""coordinates"":[]}"
710_0000000000000000021e,1875846777,6127010,38900,H1,067,01155137,440,A,41067,+45.5535419,-123.0976146,06,,G4020,Washington,Washington County,41,2023-11-11,90.67562030425003,1699660800000,"{""type"":""MultiPoint"",""coordinates"":[]}"
711_0000000000000000021b,4845034547,31873103,38900,H1,005,01155127,440,A,41005,+45.1604934,-122.1951274,06,,G4020,Clackamas,Clackamas County,41,2023-11-12,88.58008860066411,1699747200000,"{""type"":""MultiPoint"",""coordinates"":[]}"
711_0000000000000000021c,1116558776,88222268,38900,H1,051,01135861,440,A,41051,+45.5477107,-122.4173625,06,,G4020,Multnomah,Multnomah County,41,2023-11-12,90.7203523920726,1699747200000,"{""type"":""MultiPoint"",""coordinates"":[]}"
711_0000000000000000021e,1875846777,6127010,38900,H1,067,01155137,440,A,41067,+45.5535419,-123.0976146,06,,G4020,Washington,Washington County,41,2023-11-12,92.41218738480525,1699747200000,"{""type"":""MultiPoint"",""coordinates"":[]}"
712_0000000000000000021b,4845034547,31873103,38900,H1,005,01155127,440,A,41005,+45.1604934,-122.1951274,06,,G4020,Clackamas,Clackamas County,41,2023-11-13,85.21238706854473,1699833600000,"{""type"":""MultiPoint"",""coordinates"":[]}"
712_0000000000000000021c,1116558776,88222268,38900,H1,051,01135861,440,A,41051,+45.5477107,-122.4173625,06,,G4020,Multnomah,Multnomah County,41,2023-11-13,89.84765484924665,1699833600000,"{""type"":""MultiPoint"",""coordinates"":[]}"
712_0000000000000000021e,1875846777,6127010,38900,H1,067,01155137,440,A,41067,+45.5535419,-123.0976146,06,,G4020,Washington,Washington County,41,2023-11-13,91.38833025257101,1699833600000,"{""type"":""MultiPoint"",""coordinates"":[]}"
713_0000000000000000021b,4845034547,31873103,38900,H1,005,01155127,440,A,41005,+45.1604934,-122.1951274,06,,G4020,Clackamas,Clackamas County,41,2023-11-14,82.13455780410561,1699920000000,"{""type"":""MultiPoint"",""coordinates"":[]}"
713_0000000000000000021c,1116558776,88222268,38900,H1,051,01135861,440,A,41051,+45.5477107,-122.4173625,06,,G4020,Multnomah,Multnomah County,41,2023-11-14,80.77816213795491,1699920000000,"{""type"":""MultiPoint"",""coordinates"":[]}"
713_0000000000000000021e,1875846777,6127010,38900,H1,067,01155137,440,A,41067,+45.5535419,-123.0976146,06,,G4020,Washington,Washington County,41,2023-11-14,76.56377090831586,1699920000000,"{""type"":""MultiPoint"",""coordinates"":[]}"
714_0000000000000000021b,4845034547,31873103,38900,H1,005,01155127,440,A,41005,+45.1604934,-122.1951274,06,,G4020,Clackamas,Clackamas County,41,2023-11-15,88.74419855171742,1700006400000,"{""type"":""MultiPoint"",""coordinates"":[]}"
714_0000000000000000021c,1116558776,88222268,38900,H1,051,01135861,440,A,41051,+45.5477107,-122.4173625,06,,G4020,Multnomah,Multnomah County,41,2023-11-15,89.01362754231674,1700006400000,"{""type"":""MultiPoint"",""coordinates"":[]}"
714_0000000000000000021e,1875846777,6127010,38900,H1,067,01155137,440,A,41067,+45.5535419,-123.0976146,06,,G4020,Washington,Washington County,41,2023-11-15,89.92233907444616,1700006400000,"{""type"":""MultiPoint"",""coordinates"":[]}"
715_0000000000000000021b,4845034547,31873103,38900,H1,005,01155127,440,A,41005,+45.1604934,-122.1951274,06,,G4020,Clackamas,Clackamas County,41,2023-11-16,90.05264097141574,1700092800000,"{""type"":""MultiPoint"",""coordinates"":[]}"
715_0000000000000000021c,1116558776,88222268,38900,H1,051,01135861,440,A,41051,+45.5477107,-122.4173625,06,,G4020,Multnomah,Multnomah County,41,2023-11-16,89.93813694658299,1700092800000,"{""type"":""MultiPoint"",""coordinates"":[]}"
715_0000000000000000021e,1875846777,6127010,38900,H1,067,01155137,440,A,41067,+45.5535419,-123.0976146,06,,G4020,Washington,Washington County,41,2023-11-16,88.63289400756427,1700092800000,"{""type"":""MultiPoint"",""coordinates"":[]}"
716_0000000000000000021b,4845034547,31873103,38900,H1,005,01155127,440,A,41005,+45.1604934,-122.1951274,06,,G4020,Clackamas,Clackamas County,41,2023-11-17,84.62614031867915,1700179200000,"{""type"":""MultiPoint"",""coordinates"":[]}"
716_0000000000000000021c,1116558776,88222268,38900,H1,051,01135861,440,A,41051,+45.5477107,-122.4173625,06,,G4020,Multnomah,Multnomah County,41,2023-11-17,79.8141638156531,1700179200000,"{""type"":""MultiPoint"",""coordinates"":[]}"
716_0000000000000000021e,1875846777,6127010,38900,H1,067,01155137,440,A,41067,+45.5535419,-123.0976146,06,,G4020,Washington,Washington County,41,2023-11-17,81.41838193832496,1700179200000,"{""type"":""MultiPoint"",""coordinates"":[]}"
717_0000000000000000021b,4845034547,31873103,38900,H1,005,01155127,440,A,41005,+45.1604934,-122.1951274,06,,G4020,Clackamas,Clackamas County,41,2023-11-18,83.70939302090478,1700265600000,"{""type"":""MultiPoint"",""coordinates"":[]}"
717_0000000000000000021c,1116558776,88222268,38900,H1,051,01135861,440,A,41051,+45.5477107,-122.4173625,06,,G4020,Multnomah,Multnomah County,41,2023-11-18,78.56000719544463,1700265600000,"{""type"":""MultiPoint"",""coordinates"":[]}"
717_0000000000000000021e,1875846777,6127010,38900,H1,067,01155137,440,A,41067,+45.5535419,-123.0976146,06,,G4020,Washington,Washington County,41,2023-11-18,79.05963715400935,1700265600000,"{""type"":""MultiPoint"",""coordinates"":[]}"
718_0000000000000000021b,4845034547,31873103,38900,H1,005,01155127,440,A,41005,+45.1604934,-122.1951274,06,,G4020,Clackamas,Clackamas County,41,2023-11-19,94.10509646208793,1700352000000,"{""type"":""MultiPoint"",""coordinates"":[]}"
718_0000000000000000021c,1116558776,88222268,38900,H1,051,01135861,440,A,41051,+45.5477107,-122.4173625,06,,G4020,Multnomah,Multnomah County,41,2023-11-19,91.8360164510812,1700352000000,"{""type"":""MultiPoint"",""coordinates"":[]}"
718_0000000000000000021e,1875846777,6127010,38900,H1,067,01155137,440,A,41067,+45.5535419,-123.0976146,06,,G4020,Washington,Washington County,41,2023-11-19,88.6620640187476,1700352000000,"{""type"":""MultiPoint"",""coordinates"":[]}"
719_0000000000000000021b,4845034547,31873103,38900,H1,005,01155127,440,A,41005,+45.1604934,-122.1951274,06,,G4020,Clackamas,Clackamas County,41,2023-11-20,83.79403070427976,1700438400000,"{""type"":""MultiPoint"",""coordinates"":[]}"
719_0000000000000000021c,1116558776,88222268,38900,H1,051,01135861,440,A,41051,+45.5477107,-122.4173625,06,,G4020,Multnomah,Multnomah County,41,2023-11-20,86.94900856657362,1700438400000,"{""type"":""MultiPoint"",""coordinates"":[]}"
719_0000000000000000021e,1875846777,6127010,38900,H1,067,01155137,440,A,41067,+45.5535419,-123.0976146,06,,G4020,Washington,Washington County,41,2023-11-20,84.98425300855794,1700438400000,"{""type"":""MultiPoint"",""coordinates"":[]}"
720_0000000000000000021b,4845034547,31873103,38900,H1,005,01155127,440,A,41005,+45.1604934,-122.1951274,06,,G4020,Clackamas,Clackamas County,41,2023-11-21,63.85070089482321,1700524800000,"{""type"":""MultiPoint"",""coordinates"":[]}"
720_0000000000000000021c,1116558776,88222268,38900,H1,051,01135861,440,A,41051,+45.5477107,-122.4173625,06,,G4020,Multnomah,Multnomah County,41,2023-11-21,65.79298733107368,1700524800000,"{""type"":""MultiPoint"",""coordinates"":[]}"
720_0000000000000000021e,1875846777,6127010,38900,H1,067,01155137,440,A,41067,+45.5535419,-123.0976146,06,,G4020,Washington,Washington County,41,2023-11-21,69.17445607935457,1700524800000,"{""type"":""MultiPoint"",""coordinates"":[]}"
721_0000000000000000021b,4845034547,31873103,38900,H1,005,01155127,440,A,41005,+45.1604934,-122.1951274,06,,G4020,Clackamas,Clackamas County,41,2023-11-22,84.60595603495608,1700611200000,"{""type"":""MultiPoint"",""coordinates"":[]}"
721_0000000000000000021c,1116558776,88222268,38900,H1,051,01135861,440,A,41051,+45.5477107,-122.4173625,06,,G4020,Multnomah,Multnomah County,41,2023-11-22,88.56666453112891,1700611200000,"{""type"":""MultiPoint"",""coordinates"":[]}"
721_0000000000000000021e,1875846777,6127010,38900,H1,067,01155137,440,A,41067,+45.5535419,-123.0976146,06,,G4020,Washington,Washington County,41,2023-11-22,89.11081842435702,1700611200000,"{""type"":""MultiPoint"",""coordinates"":[]}"
722_0000000000000000021b,4845034547,31873103,38900,H1,005,01155127,440,A,41005,+45.1604934,-122.1951274,06,,G4020,Clackamas,Clackamas County,41,2023-11-23,89.73642603258472,1700697600000,"{""type"":""MultiPoint"",""coordinates"":[]}"
722_0000000000000000021c,1116558776,88222268,38900,H1,051,01135861,440,A,41051,+45.5477107,-122.4173625,06,,G4020,Multnomah,Multnomah County,41,2023-11-23,87.60641853440436,1700697600000,"{""type"":""MultiPoint"",""coordinates"":[]}"
722_0000000000000000021e,1875846777,6127010,38900,H1,067,01155137,440,A,41067,+45.5535419,-123.0976146,06,,G4020,Washington,Washington County,41,2023-11-23,82.56353394031265,1700697600000,"{""type"":""MultiPoint"",""coordinates"":[]}"
723_0000000000000000021b,4845034547,31873103,38900,H1,005,01155127,440,A,41005,+45.1604934,-122.1951274,06,,G4020,Clackamas,Clackamas County,41,2023-11-24,73.36970497351474,1700784000000,"{""type"":""MultiPoint"",""coordinates"":[]}"
723_0000000000000000021c,1116558776,88222268,38900,H1,051,01135861,440,A,41051,+45.5477107,-122.4173625,06,,G4020,Multnomah,Multnomah County,41,2023-11-24,76.56534302322878,1700784000000,"{""type"":""MultiPoint"",""coordinates"":[]}"
723_0000000000000000021e,1875846777,6127010,38900,H1,067,01155137,440,A,41067,+45.5535419,-123.0976146,06,,G4020,Washington,Washington County,41,2023-11-24,80.12193463723558,1700784000000,"{""type"":""MultiPoint"",""coordinates"":[]}"
724_0000000000000000021b,4845034547,31873103,38900,H1,005,01155127,440,A,41005,+45.1604934,-122.1951274,06,,G4020,Clackamas,Clackamas County,41,2023-11-25,67.9181680192106,1700870400000,"{""type"":""MultiPoint"",""coordinates"":[]}"
724_0000000000000000021c,1116558776,88222268,38900,H1,051,01135861,440,A,41051,+45.5477107,-122.4173625,06,,G4020,Multnomah,Multnomah County,41,2023-11-25,76.50440044516355,1700870400000,"{""type"":""MultiPoint"",""coordinates"":[]}"
724_0000000000000000021e,1875846777,6127010,38900,H1,067,01155137,440,A,41067,+45.5535419,-123.0976146,06,,G4020,Washington,Washington County,41,2023-11-25,78.1577009491492,1700870400000,"{""type"":""MultiPoint"",""coordinates"":[]}"
725_0000000000000000021b,4845034547,31873103,38900,H1,005,01155127,440,A,41005,+45.1604934,-122.1951274,06,,G4020,Clackamas,Clackamas County,41,2023-11-26,64.77448955562093,1700956800000,"{""type"":""MultiPoint"",""coordinates"":[]}"
725_0000000000000000021c,1116558776,88222268,38900,H1,051,01135861,440,A,41051,+45.5477107,-122.4173625,06,,G4020,Multnomah,Multnomah County,41,2023-11-26,69.6945797268807,1700956800000,"{""type"":""MultiPoint"",""coordinates"":[]}"
725_0000000000000000021e,1875846777,6127010,38900,H1,067,01155137,440,A,41067,+45.5535419,-123.0976146,06,,G4020,Washington,Washington County,41,2023-11-26,68.22525129764313,1700956800000,"{""type"":""MultiPoint"",""coordinates"":[]}"
726_0000000000000000021b,4845034547,31873103,38900,H1,005,01155127,440,A,41005,+45.1604934,-122.1951274,06,,G4020,Clackamas,Clackamas County,41,2023-11-27,73.28547316649741,1701043200000,"{""type"":""MultiPoint"",""coordinates"":[]}"
726_0000000000000000021c,1116558776,88222268,38900,H1,051,01135861,440,A,41051,+45.5477107,-122.4173625,06,,G4020,Multnomah,Multnomah County,41,2023-11-27,74.82175355831276,1701043200000,"{""type"":""MultiPoint"",""coordinates"":[]}"
726_0000000000000000021e,1875846777,6127010,38900,H1,067,01155137,440,A,41067,+45.5535419,-123.0976146,06,,G4020,Washington,Washington County,41,2023-11-27,72.85839552816805,1701043200000,"{""type"":""MultiPoint"",""coordinates"":[]}"
727_0000000000000000021b,4845034547,31873103,38900,H1,005,01155127,440,A,41005,+45.1604934,-122.1951274,06,,G4020,Clackamas,Clackamas County,41,2023-11-28,73.78120487535257,1701129600000,"{""type"":""MultiPoint"",""coordinates"":[]}"
727_0000000000000000021c,1116558776,88222268,38900,H1,051,01135861,440,A,41051,+45.5477107,-122.4173625,06,,G4020,Multnomah,Multnomah County,41,2023-11-28,74.86261748252623,1701129600000,"{""type"":""MultiPoint"",""coordinates"":[]}"
727_0000000000000000021e,1875846777,6127010,38900,H1,067,01155137,440,A,41067,+45.5535419,-123.0976146,06,,G4020,Washington,Washington County,41,2023-11-28,73.99545342915877,1701129600000,"{""type"":""MultiPoint"",""coordinates"":[]}"
728_0000000000000000021b,4845034547,31873103,38900,H1,005,01155127,440,A,41005,+45.1604934,-122.1951274,06,,G4020,Clackamas,Clackamas County,41,2023-11-29,69.54000457369662,1701216000000,"{""type"":""MultiPoint"",""coordinates"":[]}"
728_0000000000000000021c,1116558776,88222268,38900,H1,051,01135861,440,A,41051,+45.5477107,-122.4173625,06,,G4020,Multnomah,Multnomah County,41,2023-11-29,74.74650299568076,1701216000000,"{""type"":""MultiPoint"",""coordinates"":[]}"
728_0000000000000000021e,1875846777,6127010,38900,H1,067,01155137,440,A,41067,+45.5535419,-123.0976146,06,,G4020,Washington,Washington County,41,2023-11-29,69.38308306383364,1701216000000,"{""type"":""MultiPoint"",""coordinates"":[]}"
729_0000000000000000021b,4845034547,31873103,38900,H1,005,01155127,440,A,41005,+45.1604934,-122.1951274,06,,G4020,Clackamas,Clackamas County,41,2023-11-30,84.00157644249222,1701302400000,"{""type"":""MultiPoint"",""coordinates"":[]}"
729_0000000000000000021c,1116558776,88222268,38900,H1,051,01135861,440,A,41051,+45.5477107,-122.4173625,06,,G4020,Multnomah,Multnomah County,41,2023-11-30,86.47194037775606,1701302400000,"{""type"":""MultiPoint"",""coordinates"":[]}"
729_0000000000000000021e,1875846777,6127010,38900,H1,067,01155137,440,A,41067,+45.5535419,-123.0976146,06,,G4020,Washington,Washington County,41,2023-11-30,84.87909860669977,1701302400000,"{""type"":""MultiPoint"",""coordinates"":[]}"
730_0000000000000000021b,4845034547,31873103,38900,H1,005,01155127,440,A,41005,+45.1604934,-122.1951274,06,,G4020,Clackamas,Clackamas County,41,2023-12-01,97.77646062261614,1701388800000,"{""type"":""MultiPoint"",""coordinates"":[]}"
730_0000000000000000021c,1116558776,88222268,38900,H1,051,01135861,440,A,41051,+45.5477107,-122.4173625,06,,G4020,Multnomah,Multnomah County,41,2023-12-01,97.25620387556647,1701388800000,"{""type"":""MultiPoint"",""coordinates"":[]}"
730_0000000000000000021e,1875846777,6127010,38900,H1,067,01155137,440,A,41067,+45.5535419,-123.0976146,06,,G4020,Washington,Washington County,41,2023-12-01,97.0440373631703,1701388800000,"{""type"":""MultiPoint"",""coordinates"":[]}"
731_0000000000000000021b,4845034547,31873103,38900,H1,005,01155127,440,A,41005,+45.1604934,-122.1951274,06,,G4020,Clackamas,Clackamas County,41,2023-12-02,97.75810300730232,1701475200000,"{""type"":""MultiPoint"",""coordinates"":[]}"
731_0000000000000000021c,1116558776,88222268,38900,H1,051,01135861,440,A,41051,+45.5477107,-122.4173625,06,,G4020,Multnomah,Multnomah County,41,2023-12-02,96.44224374560362,1701475200000,"{""type"":""MultiPoint"",""coordinates"":[]}"
731_0000000000000000021e,1875846777,6127010,38900,H1,067,01155137,440,A,41067,+45.5535419,-123.0976146,06,,G4020,Washington,Washington County,41,2023-12-02,94.83657442764363,1701475200000,"{""type"":""MultiPoint"",""coordinates"":[]}"
732_0000000000000000021b,4845034547,31873103,38900,H1,005,01155127,440,A,41005,+45.1604934,-122.1951274,06,,G4020,Clackamas,Clackamas County,41,2023-12-03,99.13985583726384,1701561600000,"{""type"":""MultiPoint"",""coordinates"":[]}"
732_0000000000000000021c,1116558776,88222268,38900,H1,051,01135861,440,A,41051,+45.5477107,-122.4173625,06,,G4020,Multnomah,Multnomah County,41,2023-12-03,98.77451463486837,1701561600000,"{""type"":""MultiPoint"",""coordinates"":[]}"
732_0000000000000000021e,1875846777,6127010,38900,H1,067,01155137,440,A,41067,+45.5535419,-123.0976146,06,,G4020,Washington,Washington County,41,2023-12-03,98.28240855676414,1701561600000,"{""type"":""MultiPoint"",""coordinates"":[]}"
733_0000000000000000021b,4845034547,31873103,38900,H1,005,01155127,440,A,41005,+45.1604934,-122.1951274,06,,G4020,Clackamas,Clackamas County,41,2023-12-04,97.68699760139559,1701648000000,"{""type"":""MultiPoint"",""coordinates"":[]}"
733_0000000000000000021c,1116558776,88222268,38900,H1,051,01135861,440,A,41051,+45.5477107,-122.4173625,06,,G4020,Multnomah,Multnomah County,41,2023-12-04,98.37431894777616,1701648000000,"{""type"":""MultiPoint"",""coordinates"":[]}"
733_0000000000000000021e,1875846777,6127010,38900,H1,067,01155137,440,A,41067,+45.5535419,-123.0976146,06,,G4020,Washington,Washington County,41,2023-12-04,97.76146451009626,1701648000000,"{""type"":""MultiPoint"",""coordinates"":[]}"
734_0000000000000000021b,4845034547,31873103,38900,H1,005,01155127,440,A,41005,+45.1604934,-122.1951274,06,,G4020,Clackamas,Clackamas County,41,2023-12-05,93.80600203694551,1701734400000,"{""type"":""MultiPoint"",""coordinates"":[]}"
734_0000000000000000021c,1116558776,88222268,38900,H1,051,01135861,440,A,41051,+45.5477107,-122.4173625,06,,G4020,Multnomah,Multnomah County,41,2023-12-05,97.32979083158615,1701734400000,"{""type"":""MultiPoint"",""coordinates"":[]}"
734_0000000000000000021e,1875846777,6127010,38900,H1,067,01155137,440,A,41067,+45.5535419,-123.0976146,06,,G4020,Washington,Washington County,41,2023-12-05,97.95110206438628,1701734400000,"{""type"":""MultiPoint"",""coordinates"":[]}"
735_0000000000000000021b,4845034547,31873103,38900,H1,005,01155127,440,A,41005,+45.1604934,-122.1951274,06,,G4020,Clackamas,Clackamas County,41,2023-12-06,99.17755349782307,1701820800000,"{""type"":""MultiPoint"",""coordinates"":[]}"
735_0000000000000000021c,1116558776,88222268,38900,H1,051,01135861,440,A,41051,+45.5477107,-122.4173625,06,,G4020,Multnomah,Multnomah County,41,2023-12-06,98.46244419368546,1701820800000,"{""type"":""MultiPoint"",""coordinates"":[]}"
735_0000000000000000021e,1875846777,6127010,38900,H1,067,01155137,440,A,41067,+45.5535419,-123.0976146,06,,G4020,Washington,Washington County,41,2023-12-06,99.047670834538,1701820800000,"{""type"":""MultiPoint"",""coordinates"":[]}"
736_0000000000000000021b,4845034547,31873103,38900,H1,005,01155127,440,A,41005,+45.1604934,-122.1951274,06,,G4020,Clackamas,Clackamas County,41,2023-12-07,96.41346424423165,1701907200000,"{""type"":""MultiPoint"",""coordinates"":[]}"
736_0000000000000000021c,1116558776,88222268,38900,H1,051,01135861,440,A,41051,+45.5477107,-122.4173625,06,,G4020,Multnomah,Multnomah County,41,2023-12-07,95.95986345908244,1701907200000,"{""type"":""MultiPoint"",""coordinates"":[]}"
736_0000000000000000021e,1875846777,6127010,38900,H1,067,01155137,440,A,41067,+45.5535419,-123.0976146,06,,G4020,Washington,Washington County,41,2023-12-07,94.98325738537957,1701907200000,"{""type"":""MultiPoint"",""coordinates"":[]}"
737_0000000000000000021b,4845034547,31873103,38900,H1,005,01155127,440,A,41005,+45.1604934,-122.1951274,06,,G4020,Clackamas,Clackamas County,41,2023-12-08,92.94166218068712,1701993600000,"{""type"":""MultiPoint"",""coordinates"":[]}"
737_0000000000000000021c,1116558776,88222268,38900,H1,051,01135861,440,A,41051,+45.5477107,-122.4173625,06,,G4020,Multnomah,Multnomah County,41,2023-12-08,96.010867448401,1701993600000,"{""type"":""MultiPoint"",""coordinates"":[]}"
737_0000000000000000021e,1875846777,6127010,38900,H1,067,01155137,440,A,41067,+45.5535419,-123.0976146,06,,G4020,Washington,Washington County,41,2023-12-08,95.53857759404697,1701993600000,"{""type"":""MultiPoint"",""coordinates"":[]}"
738_0000000000000000021b,4845034547,31873103,38900,H1,005,01155127,440,A,41005,+45.1604934,-122.1951274,06,,G4020,Clackamas,Clackamas County,41,2023-12-09,82.57677391283248,1702080000000,"{""type"":""MultiPoint"",""coordinates"":[]}"
738_0000000000000000021c,1116558776,88222268,38900,H1,051,01135861,440,A,41051,+45.5477107,-122.4173625,06,,G4020,Multnomah,Multnomah County,41,2023-12-09,91.44633617465415,1702080000000,"{""type"":""MultiPoint"",""coordinates"":[]}"
738_0000000000000000021e,1875846777,6127010,38900,H1,067,01155137,440,A,41067,+45.5535419,-123.0976146,06,,G4020,Washington,Washington County,41,2023-12-09,94.46365486903117,1702080000000,"{""type"":""MultiPoint"",""coordinates"":[]}"
739_0000000000000000021b,4845034547,31873103,38900,H1,005,01155127,440,A,41005,+45.1604934,-122.1951274,06,,G4020,Clackamas,Clackamas County,41,2023-12-10,95.36536023814595,1702166400000,"{""type"":""MultiPoint"",""coordinates"":[]}"
739_0000000000000000021c,1116558776,88222268,38900,H1,051,01135861,440,A,41051,+45.5477107,-122.4173625,06,,G4020,Multnomah,Multnomah County,41,2023-12-10,98.11472951378808,1702166400000,"{""type"":""MultiPoint"",""coordinates"":[]}"
739_0000000000000000021e,1875846777,6127010,38900,H1,067,01155137,440,A,41067,+45.5535419,-123.0976146,06,,G4020,Washington,Washington County,41,2023-12-10,98.41841684553818,1702166400000,"{""type"":""MultiPoint"",""coordinates"":[]}"
740_0000000000000000021b,4845034547,31873103,38900,H1,005,01155127,440,A,41005,+45.1604934,-122.1951274,06,,G4020,Clackamas,Clackamas County,41,2023-12-11,98.97589799167207,1702252800000,"{""type"":""MultiPoint"",""coordinates"":[]}"
740_0000000000000000021c,1116558776,88222268,38900,H1,051,01135861,440,A,41051,+45.5477107,-122.4173625,06,,G4020,Multnomah,Multnomah County,41,2023-12-11,98.3089289802574,1702252800000,"{""type"":""MultiPoint"",""coordinates"":[]}"
740_0000000000000000021e,1875846777,6127010,38900,H1,067,01155137,440,A,41067,+45.5535419,-123.0976146,06,,G4020,Washington,Washington County,41,2023-12-11,97.56208717342533,1702252800000,"{""type"":""MultiPoint"",""coordinates"":[]}"
741_0000000000000000021b,4845034547,31873103,38900,H1,005,01155127,440,A,41005,+45.1604934,-122.1951274,06,,G4020,Clackamas,Clackamas County,41,2023-12-12,88.89281447001233,1702339200000,"{""type"":""MultiPoint"",""coordinates"":[]}"
741_0000000000000000021c,1116558776,88222268,38900,H1,051,01135861,440,A,41051,+45.5477107,-122.4173625,06,,G4020,Multnomah,Multnomah County,41,2023-12-12,86.59153744129424,1702339200000,"{""type"":""MultiPoint"",""coordinates"":[]}"
741_0000000000000000021e,1875846777,6127010,38900,H1,067,01155137,440,A,41067,+45.5535419,-123.0976146,06,,G4020,Washington,Washington County,41,2023-12-12,89.47579057312956,1702339200000,"{""type"":""MultiPoint"",""coordinates"":[]}"
742_0000000000000000021b,4845034547,31873103,38900,H1,005,01155127,440,A,41005,+45.1604934,-122.1951274,06,,G4020,Clackamas,Clackamas County,41,2023-12-13,76.95279553320478,1702425600000,"{""type"":""MultiPoint"",""coordinates"":[]}"
742_0000000000000000021c,1116558776,88222268,38900,H1,051,01135861,440,A,41051,+45.5477107,-122.4173625,06,,G4020,Multnomah,Multnomah County,41,2023-12-13,76.26345771435433,1702425600000,"{""type"":""MultiPoint"",""coordinates"":[]}"
742_0000000000000000021e,1875846777,6127010,38900,H1,067,01155137,440,A,41067,+45.5535419,-123.0976146,06,,G4020,Washington,Washington County,41,2023-12-13,80.04756675756381,1702425600000,"{""type"":""MultiPoint"",""coordinates"":[]}"
743_0000000000000000021b,4845034547,31873103,38900,H1,005,01155127,440,A,41005,+45.1604934,-122.1951274,06,,G4020,Clackamas,Clackamas County,41,2023-12-14,76.20391932062184,1702512000000,"{""type"":""MultiPoint"",""coordinates"":[]}"
743_0000000000000000021c,1116558776,88222268,38900,H1,051,01135861,440,A,41051,+45.5477107,-122.4173625,06,,G4020,Multnomah,Multnomah County,41,2023-12-14,79.68370818082718,1702512000000,"{""type"":""MultiPoint"",""coordinates"":[]}"
743_0000000000000000021e,1875846777,6127010,38900,H1,067,01155137,440,A,41067,+45.5535419,-123.0976146,06,,G4020,Washington,Washington County,41,2023-12-14,83.49979059925322,1702512000000,"{""type"":""MultiPoint"",""coordinates"":[]}"
744_0000000000000000021b,4845034547,31873103,38900,H1,005,01155127,440,A,41005,+45.1604934,-122.1951274,06,,G4020,Clackamas,Clackamas County,41,2023-12-15,82.08853990590674,1702598400000,"{""type"":""MultiPoint"",""coordinates"":[]}"
744_0000000000000000021c,1116558776,88222268,38900,H1,051,01135861,440,A,41051,+45.5477107,-122.4173625,06,,G4020,Multnomah,Multnomah County,41,2023-12-15,79.57810969812913,1702598400000,"{""type"":""MultiPoint"",""coordinates"":[]}"
744_0000000000000000021e,1875846777,6127010,38900,H1,067,01155137,440,A,41067,+45.5535419,-123.0976146,06,,G4020,Washington,Washington County,41,2023-12-15,82.21194335737302,1702598400000,"{""type"":""MultiPoint"",""coordinates"":[]}"
745_0000000000000000021b,4845034547,31873103,38900,H1,005,01155127,440,A,41005,+45.1604934,-122.1951274,06,,G4020,Clackamas,Clackamas County,41,2023-12-16,76.2910959792814,1702684800000,"{""type"":""MultiPoint"",""coordinates"":[]}"
745_0000000000000000021c,1116558776,88222268,38900,H1,051,01135861,440,A,41051,+45.5477107,-122.4173625,06,,G4020,Multnomah,Multnomah County,41,2023-12-16,76.10659721813326,1702684800000,"{""type"":""MultiPoint"",""coordinates"":[]}"
745_0000000000000000021e,1875846777,6127010,38900,H1,067,01155137,440,A,41067,+45.5535419,-123.0976146,06,,G4020,Washington,Washington County,41,2023-12-16,73.02080794947756,1702684800000,"{""type"":""MultiPoint"",""coordinates"":[]}"
746_0000000000000000021b,4845034547,31873103,38900,H1,005,01155127,440,A,41005,+45.1604934,-122.1951274,06,,G4020,Clackamas,Clackamas County,41,2023-12-17,65.2585917551271,1702771200000,"{""type"":""MultiPoint"",""coordinates"":[]}"
746_0000000000000000021c,1116558776,88222268,38900,H1,051,01135861,440,A,41051,+45.5477107,-122.4173625,06,,G4020,Multnomah,Multnomah County,41,2023-12-17,69.38876559301097,1702771200000,"{""type"":""MultiPoint"",""coordinates"":[]}"
746_0000000000000000021e,1875846777,6127010,38900,H1,067,01155137,440,A,41067,+45.5535419,-123.0976146,06,,G4020,Washington,Washington County,41,2023-12-17,65.1973417114891,1702771200000,"{""type"":""MultiPoint"",""coordinates"":[]}"
747_0000000000000000021b,4845034547,31873103,38900,H1,005,01155127,440,A,41005,+45.1604934,-122.1951274,06,,G4020,Clackamas,Clackamas County,41,2023-12-18,71.92384799116357,1702857600000,"{""type"":""MultiPoint"",""coordinates"":[]}"
747_0000000000000000021c,1116558776,88222268,38900,H1,051,01135861,440,A,41051,+45.5477107,-122.4173625,06,,G4020,Multnomah,Multnomah County,41,2023-12-18,69.1678614886873,1702857600000,"{""type"":""MultiPoint"",""coordinates"":[]}"
747_0000000000000000021e,1875846777,6127010,38900,H1,067,01155137,440,A,41067,+45.5535419,-123.0976146,06,,G4020,Washington,Washington County,41,2023-12-18,73.43036487714673,1702857600000,"{""type"":""MultiPoint"",""coordinates"":[]}"
748_0000000000000000021b,4845034547,31873103,38900,H1,005,01155127,440,A,41005,+45.1604934,-122.1951274,06,,G4020,Clackamas,Clackamas County,41,2023-12-19,96.71818940349306,1702944000000,"{""type"":""MultiPoint"",""coordinates"":[]}"
748_0000000000000000021c,1116558776,88222268,38900,H1,051,01135861,440,A,41051,+45.5477107,-122.4173625,06,,G4020,Multnomah,Multnomah County,41,2023-12-19,94.40781971480868,1702944000000,"{""type"":""MultiPoint"",""coordinates"":[]}"
748_0000000000000000021e,1875846777,6127010,38900,H1,067,01155137,440,A,41067,+45.5535419,-123.0976146,06,,G4020,Washington,Washington County,41,2023-12-19,96.24997399175142,1702944000000,"{""type"":""MultiPoint"",""coordinates"":[]}"
749_0000000000000000021b,4845034547,31873103,38900,H1,005,01155127,440,A,41005,+45.1604934,-122.1951274,06,,G4020,Clackamas,Clackamas County,41,2023-12-20,94.70105805648981,1703030400000,"{""type"":""MultiPoint"",""coordinates"":[]}"
749_0000000000000000021c,1116558776,88222268,38900,H1,051,01135861,440,A,41051,+45.5477107,-122.4173625,06,,G4020,Multnomah,Multnomah County,41,2023-12-20,91.52692891708934,1703030400000,"{""type"":""MultiPoint"",""coordinates"":[]}"
749_0000000000000000021e,1875846777,6127010,38900,H1,067,01155137,440,A,41067,+45.5535419,-123.0976146,06,,G4020,Washington,Washington County,41,2023-12-20,93.78681903539547,1703030400000,"{""type"":""MultiPoint"",""coordinates"":[]}"
750_0000000000000000021b,4845034547,31873103,38900,H1,005,01155127,440,A,41005,+45.1604934,-122.1951274,06,,G4020,Clackamas,Clackamas County,41,2023-12-21,88.86609802212303,1703116800000,"{""type"":""MultiPoint"",""coordinates"":[]}"
750_0000000000000000021c,1116558776,88222268,38900,H1,051,01135861,440,A,41051,+45.5477107,-122.4173625,06,,G4020,Multnomah,Multnomah County,41,2023-12-21,89.60393736819385,1703116800000,"{""type"":""MultiPoint"",""coordinates"":[]}"
750_0000000000000000021e,1875846777,6127010,38900,H1,067,01155137,440,A,41067,+45.5535419,-123.0976146,06,,G4020,Washington,Washington County,41,2023-12-21,90.99614461199502,1703116800000,"{""type"":""MultiPoint"",""coordinates"":[]}"
751_0000000000000000021b,4845034547,31873103,38900,H1,005,01155127,440,A,41005,+45.1604934,-122.1951274,06,,G4020,Clackamas,Clackamas County,41,2023-12-22,93.44905811631222,1703203200000,"{""type"":""MultiPoint"",""coordinates"":[]}"
751_0000000000000000021c,1116558776,88222268,38900,H1,051,01135861,440,A,41051,+45.5477107,-122.4173625,06,,G4020,Multnomah,Multnomah County,41,2023-12-22,94.25221814620608,1703203200000,"{""type"":""MultiPoint"",""coordinates"":[]}"
751_0000000000000000021e,1875846777,6127010,38900,H1,067,01155137,440,A,41067,+45.5535419,-123.0976146,06,,G4020,Washington,Washington County,41,2023-12-22,96.1941042062426,1703203200000,"{""type"":""MultiPoint"",""coordinates"":[]}"
752_0000000000000000021b,4845034547,31873103,38900,H1,005,01155127,440,A,41005,+45.1604934,-122.1951274,06,,G4020,Clackamas,Clackamas County,41,2023-12-23,88.32277851502162,1703289600000,"{""type"":""MultiPoint"",""coordinates"":[]}"
752_0000000000000000021c,1116558776,88222268,38900,H1,051,01135861,440,A,41051,+45.5477107,-122.4173625,06,,G4020,Multnomah,Multnomah County,41,2023-12-23,92.26670258532523,1703289600000,"{""type"":""MultiPoint"",""coordinates"":[]}"
752_0000000000000000021e,1875846777,6127010,38900,H1,067,01155137,440,A,41067,+45.5535419,-123.0976146,06,,G4020,Washington,Washington County,41,2023-12-23,92.69052159889921,1703289600000,"{""type"":""MultiPoint"",""coordinates"":[]}"
753_0000000000000000021b,4845034547,31873103,38900,H1,005,01155127,440,A,41005,+45.1604934,-122.1951274,06,,G4020,Clackamas,Clackamas County,41,2023-12-24,72.91940687252772,1703376000000,"{""type"":""MultiPoint"",""coordinates"":[]}"
753_0000000000000000021c,1116558776,88222268,38900,H1,051,01135861,440,A,41051,+45.5477107,-122.4173625,06,,G4020,Multnomah,Multnomah County,41,2023-12-24,78.19740493968033,1703376000000,"{""type"":""MultiPoint"",""coordinates"":[]}"
753_0000000000000000021e,1875846777,6127010,38900,H1,067,01155137,440,A,41067,+45.5535419,-123.0976146,06,,G4020,Washington,Washington County,41,2023-12-24,83.89129267853939,1703376000000,"{""type"":""MultiPoint"",""coordinates"":[]}"
754_0000000000000000021b,4845034547,31873103,38900,H1,005,01155127,440,A,41005,+45.1604934,-122.1951274,06,,G4020,Clackamas,Clackamas County,41,2023-12-25,89.24801858478233,1703462400000,"{""type"":""MultiPoint"",""coordinates"":[]}"
754_0000000000000000021c,1116558776,88222268,38900,H1,051,01135861,440,A,41051,+45.5477107,-122.4173625,06,,G4020,Multnomah,Multnomah County,41,2023-12-25,86.49113873136619,1703462400000,"{""type"":""MultiPoint"",""coordinates"":[]}"
754_0000000000000000021e,1875846777,6127010,38900,H1,067,01155137,440,A,41067,+45.5535419,-123.0976146,06,,G4020,Washington,Washington County,41,2023-12-25,92.68196075578372,1703462400000,"{""type"":""MultiPoint"",""coordinates"":[]}"
755_0000000000000000021b,4845034547,31873103,38900,H1,005,01155127,440,A,41005,+45.1604934,-122.1951274,06,,G4020,Clackamas,Clackamas County,41,2023-12-26,96.40971646223939,1703548800000,"{""type"":""MultiPoint"",""coordinates"":[]}"
755_0000000000000000021c,1116558776,88222268,38900,H1,051,01135861,440,A,41051,+45.5477107,-122.4173625,06,,G4020,Multnomah,Multnomah County,41,2023-12-26,95.70128753645186,1703548800000,"{""type"":""MultiPoint"",""coordinates"":[]}"
755_0000000000000000021e,1875846777,6127010,38900,H1,067,01155137,440,A,41067,+45.5535419,-123.0976146,06,,G4020,Washington,Washington County,41,2023-12-26,97.58523763516202,1703548800000,"{""type"":""MultiPoint"",""coordinates"":[]}"
756_0000000000000000021b,4845034547,31873103,38900,H1,005,01155127,440,A,41005,+45.1604934,-122.1951274,06,,G4020,Clackamas,Clackamas County,41,2023-12-27,82.40828574084883,1703635200000,"{""type"":""MultiPoint"",""coordinates"":[]}"
756_0000000000000000021c,1116558776,88222268,38900,H1,051,01135861,440,A,41051,+45.5477107,-122.4173625,06,,G4020,Multnomah,Multnomah County,41,2023-12-27,77.39274636500288,1703635200000,"{""type"":""MultiPoint"",""coordinates"":[]}"
756_0000000000000000021e,1875846777,6127010,38900,H1,067,01155137,440,A,41067,+45.5535419,-123.0976146,06,,G4020,Washington,Washington County,41,2023-12-27,81.86542506958908,1703635200000,"{""type"":""MultiPoint"",""coordinates"":[]}"
757_0000000000000000021b,4845034547,31873103,38900,H1,005,01155127,440,A,41005,+45.1604934,-122.1951274,06,,G4020,Clackamas,Clackamas County,41,2023-12-28,90.42662917711904,1703721600000,"{""type"":""MultiPoint"",""coordinates"":[]}"
757_0000000000000000021c,1116558776,88222268,38900,H1,051,01135861,440,A,41051,+45.5477107,-122.4173625,06,,G4020,Multnomah,Multnomah County,41,2023-12-28,90.99488695070694,1703721600000,"{""type"":""MultiPoint"",""coordinates"":[]}"
757_0000000000000000021e,1875846777,6127010,38900,H1,067,01155137,440,A,41067,+45.5535419,-123.0976146,06,,G4020,Washington,Washington County,41,2023-12-28,95.3720529529717,1703721600000,"{""type"":""MultiPoint"",""coordinates"":[]}"
758_0000000000000000021b,4845034547,31873103,38900,H1,005,01155127,440,A,41005,+45.1604934,-122.1951274,06,,G4020,Clackamas,Clackamas County,41,2023-12-29,83.26133982995336,1703808000000,"{""type"":""MultiPoint"",""coordinates"":[]}"
758_0000000000000000021c,1116558776,88222268,38900,H1,051,01135861,440,A,41051,+45.5477107,-122.4173625,06,,G4020,Multnomah,Multnomah County,41,2023-12-29,76.0541159273193,1703808000000,"{""type"":""MultiPoint"",""coordinates"":[]}"
758_0000000000000000021e,1875846777,6127010,38900,H1,067,01155137,440,A,41067,+45.5535419,-123.0976146,06,,G4020,Washington,Washington County,41,2023-12-29,81.4511112991384,1703808000000,"{""type"":""MultiPoint"",""coordinates"":[]}"
759_0000000000000000021b,4845034547,31873103,38900,H1,005,01155127,440,A,41005,+45.1604934,-122.1951274,06,,G4020,Clackamas,Clackamas County,41,2023-12-30,93.76827357604645,1703894400000,"{""type"":""MultiPoint"",""coordinates"":[]}"
759_0000000000000000021c,1116558776,88222268,38900,H1,051,01135861,440,A,41051,+45.5477107,-122.4173625,06,,G4020,Multnomah,Multnomah County,41,2023-12-30,92.33236226088465,1703894400000,"{""type"":""MultiPoint"",""coordinates"":[]}"
759_0000000000000000021e,1875846777,6127010,38900,H1,067,01155137,440,A,41067,+45.5535419,-123.0976146,06,,G4020,Washington,Washington County,41,2023-12-30,95.35518864414689,1703894400000,"{""type"":""MultiPoint"",""coordinates"":[]}"
760_0000000000000000021b,4845034547,31873103,38900,H1,005,01155127,440,A,41005,+45.1604934,-122.1951274,06,,G4020,Clackamas,Clackamas County,41,2023-12-31,93.71438467210662,1703980800000,"{""type"":""MultiPoint"",""coordinates"":[]}"
760_0000000000000000021c,1116558776,88222268,38900,H1,051,01135861,440,A,41051,+45.5477107,-122.4173625,06,,G4020,Multnomah,Multnomah County,41,2023-12-31,94.57051326398994,1703980800000,"{""type"":""MultiPoint"",""coordinates"":[]}"
760_0000000000000000021e,1875846777,6127010,38900,H1,067,01155137,440,A,41067,+45.5535419,-123.0976146,06,,G4020,Washington,Washington County,41,2023-12-31,95.57097449411212,1703980800000,"{""type"":""MultiPoint"",""coordinates"":[]}"
761_0000000000000000021b,4845034547,31873103,38900,H1,005,01155127,440,A,41005,+45.1604934,-122.1951274,06,,G4020,Clackamas,Clackamas County,41,2024-01-01,87.75639480617829,1704067200000,"{""type"":""MultiPoint"",""coordinates"":[]}"
761_0000000000000000021c,1116558776,88222268,38900,H1,051,01135861,440,A,41051,+45.5477107,-122.4173625,06,,G4020,Multnomah,Multnomah County,41,2024-01-01,88.76699490341312,1704067200000,"{""type"":""MultiPoint"",""coordinates"":[]}"
761_0000000000000000021e,1875846777,6127010,38900,H1,067,01155137,440,A,41067,+45.5535419,-123.0976146,06,,G4020,Washington,Washington County,41,2024-01-01,92.14287880077269,1704067200000,"{""type"":""MultiPoint"",""coordinates"":[]}"
762_0000000000000000021b,4845034547,31873103,38900,H1,005,01155127,440,A,41005,+45.1604934,-122.1951274,06,,G4020,Clackamas,Clackamas County,41,2024-01-02,88.13959966239783,1704153600000,"{""type"":""MultiPoint"",""coordinates"":[]}"
762_0000000000000000021c,1116558776,88222268,38900,H1,051,01135861,440,A,41051,+45.5477107,-122.4173625,06,,G4020,Multnomah,Multnomah County,41,2024-01-02,86.42267716598353,1704153600000,"{""type"":""MultiPoint"",""coordinates"":[]}"
762_0000000000000000021e,1875846777,6127010,38900,H1,067,01155137,440,A,41067,+45.5535419,-123.0976146,06,,G4020,Washington,Washington County,41,2024-01-02,88.78569891560987,1704153600000,"{""type"":""MultiPoint"",""coordinates"":[]}"
763_0000000000000000021b,4845034547,31873103,38900,H1,005,01155127,440,A,41005,+45.1604934,-122.1951274,06,,G4020,Clackamas,Clackamas County,41,2024-01-03,95.7555540671564,1704240000000,"{""type"":""MultiPoint"",""coordinates"":[]}"
763_0000000000000000021c,1116558776,88222268,38900,H1,051,01135861,440,A,41051,+45.5477107,-122.4173625,06,,G4020,Multnomah,Multnomah County,41,2024-01-03,95.6762379220236,1704240000000,"{""type"":""MultiPoint"",""coordinates"":[]}"
763_0000000000000000021e,1875846777,6127010,38900,H1,067,01155137,440,A,41067,+45.5535419,-123.0976146,06,,G4020,Washington,Washington County,41,2024-01-03,94.99303630030292,1704240000000,"{""type"":""MultiPoint"",""coordinates"":[]}"
764_0000000000000000021b,4845034547,31873103,38900,H1,005,01155127,440,A,41005,+45.1604934,-122.1951274,06,,G4020,Clackamas,Clackamas County,41,2024-01-04,98.75593460127052,1704326400000,"{""type"":""MultiPoint"",""coordinates"":[]}"
764_0000000000000000021c,1116558776,88222268,38900,H1,051,01135861,440,A,41051,+45.5477107,-122.4173625,06,,G4020,Multnomah,Multnomah County,41,2024-01-04,98.64237943790911,1704326400000,"{""type"":""MultiPoint"",""coordinates"":[]}"
764_0000000000000000021e,1875846777,6127010,38900,H1,067,01155137,440,A,41067,+45.5535419,-123.0976146,06,,G4020,Washington,Washington County,41,2024-01-04,98.0356579796956,1704326400000,"{""type"":""MultiPoint"",""coordinates"":[]}"
765_0000000000000000021b,4845034547,31873103,38900,H1,005,01155127,440,A,41005,+45.1604934,-122.1951274,06,,G4020,Clackamas,Clackamas County,41,2024-01-05,95.66688961034828,1704412800000,"{""type"":""MultiPoint"",""coordinates"":[]}"
765_0000000000000000021c,1116558776,88222268,38900,H1,051,01135861,440,A,41051,+45.5477107,-122.4173625,06,,G4020,Multnomah,Multnomah County,41,2024-01-05,96.74546173726843,1704412800000,"{""type"":""MultiPoint"",""coordinates"":[]}"
765_0000000000000000021e,1875846777,6127010,38900,H1,067,01155137,440,A,41067,+45.5535419,-123.0976146,06,,G4020,Washington,Washington County,41,2024-01-05,94.97191992269323,1704412800000,"{""type"":""MultiPoint"",""coordinates"":[]}"
766_0000000000000000021b,4845034547,31873103,38900,H1,005,01155127,440,A,41005,+45.1604934,-122.1951274,06,,G4020,Clackamas,Clackamas County,41,2024-01-06,89.245094437834,1704499200000,"{""type"":""MultiPoint"",""coordinates"":[]}"
766_0000000000000000021c,1116558776,88222268,38900,H1,051,01135861,440,A,41051,+45.5477107,-122.4173625,06,,G4020,Multnomah,Multnomah County,41,2024-01-06,92.29951368215683,1704499200000,"{""type"":""MultiPoint"",""coordinates"":[]}"
766_0000000000000000021e,1875846777,6127010,38900,H1,067,01155137,440,A,41067,+45.5535419,-123.0976146,06,,G4020,Washington,Washington County,41,2024-01-06,92.5719536243064,1704499200000,"{""type"":""MultiPoint"",""coordinates"":[]}"
767_0000000000000000021b,4845034547,31873103,38900,H1,005,01155127,440,A,41005,+45.1604934,-122.1951274,06,,G4020,Clackamas,Clackamas County,41,2024-01-07,94.48078914482457,1704585600000,"{""type"":""MultiPoint"",""coordinates"":[]}"
767_0000000000000000021c,1116558776,88222268,38900,H1,051,01135861,440,A,41051,+45.5477107,-122.4173625,06,,G4020,Multnomah,Multnomah County,41,2024-01-07,95.96743403461224,1704585600000,"{""type"":""MultiPoint"",""coordinates"":[]}"
767_0000000000000000021e,1875846777,6127010,38900,H1,067,01155137,440,A,41067,+45.5535419,-123.0976146,06,,G4020,Washington,Washington County,41,2024-01-07,94.15652747664464,1704585600000,"{""type"":""MultiPoint"",""coordinates"":[]}"
768_0000000000000000021b,4845034547,31873103,38900,H1,005,01155127,440,A,41005,+45.1604934,-122.1951274,06,,G4020,Clackamas,Clackamas County,41,2024-01-08,94.50869318893855,1704672000000,"{""type"":""MultiPoint"",""coordinates"":[]}"
768_0000000000000000021c,1116558776,88222268,38900,H1,051,01135861,440,A,41051,+45.5477107,-122.4173625,06,,G4020,Multnomah,Multnomah County,41,2024-01-08,97.04521843515845,1704672000000,"{""type"":""MultiPoint"",""coordinates"":[]}"
768_0000000000000000021e,1875846777,6127010,38900,H1,067,01155137,440,A,41067,+45.5535419,-123.0976146,06,,G4020,Washington,Washington County,41,2024-01-08,97.02600903491478,1704672000000,"{""type"":""MultiPoint"",""coordinates"":[]}"
769_0000000000000000021b,4845034547,31873103,38900,H1,005,01155127,440,A,41005,+45.1604934,-122.1951274,06,,G4020,Clackamas,Clackamas County,41,2024-01-09,95.39102820932783,1704758400000,"{""type"":""MultiPoint"",""coordinates"":[]}"
769_0000000000000000021c,1116558776,88222268,38900,H1,051,01135861,440,A,41051,+45.5477107,-122.4173625,06,,G4020,Multnomah,Multnomah County,41,2024-01-09,96.55973840894406,1704758400000,"{""type"":""MultiPoint"",""coordinates"":[]}"
769_0000000000000000021e,1875846777,6127010,38900,H1,067,01155137,440,A,41067,+45.5535419,-123.0976146,06,,G4020,Washington,Washington County,41,2024-01-09,94.948931522583,1704758400000,"{""type"":""MultiPoint"",""coordinates"":[]}"
770_0000000000000000021b,4845034547,31873103,38900,H1,005,01155127,440,A,41005,+45.1604934,-122.1951274,06,,G4020,Clackamas,Clackamas County,41,2024-01-10,93.78121283068337,1704844800000,"{""type"":""MultiPoint"",""coordinates"":[]}"
770_0000000000000000021c,1116558776,88222268,38900,H1,051,01135861,440,A,41051,+45.5477107,-122.4173625,06,,G4020,Multnomah,Multnomah County,41,2024-01-10,95.48590668120886,1704844800000,"{""type"":""MultiPoint"",""coordinates"":[]}"
770_0000000000000000021e,1875846777,6127010,38900,H1,067,01155137,440,A,41067,+45.5535419,-123.0976146,06,,G4020,Washington,Washington County,41,2024-01-10,94.60127342477291,1704844800000,"{""type"":""MultiPoint"",""coordinates"":[]}"
771_0000000000000000021b,4845034547,31873103,38900,H1,005,01155127,440,A,41005,+45.1604934,-122.1951274,06,,G4020,Clackamas,Clackamas County,41,2024-01-11,95.85285007833339,1704931200000,"{""type"":""MultiPoint"",""coordinates"":[]}"
771_0000000000000000021c,1116558776,88222268,38900,H1,051,01135861,440,A,41051,+45.5477107,-122.4173625,06,,G4020,Multnomah,Multnomah County,41,2024-01-11,96.53266855347798,1704931200000,"{""type"":""MultiPoint"",""coordinates"":[]}"
771_0000000000000000021e,1875846777,6127010,38900,H1,067,01155137,440,A,41067,+45.5535419,-123.0976146,06,,G4020,Washington,Washington County,41,2024-01-11,95.2338687420059,1704931200000,"{""type"":""MultiPoint"",""coordinates"":[]}"
772_0000000000000000021b,4845034547,31873103,38900,H1,005,01155127,440,A,41005,+45.1604934,-122.1951274,06,,G4020,Clackamas,Clackamas County,41,2024-01-12,94.21866639802109,1705017600000,"{""type"":""MultiPoint"",""coordinates"":[]}"
772_0000000000000000021c,1116558776,88222268,38900,H1,051,01135861,440,A,41051,+45.5477107,-122.4173625,06,,G4020,Multnomah,Multnomah County,41,2024-01-12,88.69484859443352,1705017600000,"{""type"":""MultiPoint"",""coordinates"":[]}"
772_0000000000000000021e,1875846777,6127010,38900,H1,067,01155137,440,A,41067,+45.5535419,-123.0976146,06,,G4020,Washington,Washington County,41,2024-01-12,80.44664429935214,1705017600000,"{""type"":""MultiPoint"",""coordinates"":[]}"
773_0000000000000000021b,4845034547,31873103,38900,H1,005,01155127,440,A,41005,+45.1604934,-122.1951274,06,,G4020,Clackamas,Clackamas County,41,2024-01-13,75.82728261463582,1705104000000,"{""type"":""MultiPoint"",""coordinates"":[]}"
773_0000000000000000021c,1116558776,88222268,38900,H1,051,01135861,440,A,41051,+45.5477107,-122.4173625,06,,G4020,Multnomah,Multnomah County,41,2024-01-13,59.79617200131122,1705104000000,"{""type"":""MultiPoint"",""coordinates"":[]}"
773_0000000000000000021e,1875846777,6127010,38900,H1,067,01155137,440,A,41067,+45.5535419,-123.0976146,06,,G4020,Washington,Washington County,41,2024-01-13,57.96125682074712,1705104000000,"{""type"":""MultiPoint"",""coordinates"":[]}"
774_0000000000000000021b,4845034547,31873103,38900,H1,005,01155127,440,A,41005,+45.1604934,-122.1951274,06,,G4020,Clackamas,Clackamas County,41,2024-01-14,76.30088223789978,1705190400000,"{""type"":""MultiPoint"",""coordinates"":[]}"
774_0000000000000000021c,1116558776,88222268,38900,H1,051,01135861,440,A,41051,+45.5477107,-122.4173625,06,,G4020,Multnomah,Multnomah County,41,2024-01-14,71.00804821530099,1705190400000,"{""type"":""MultiPoint"",""coordinates"":[]}"
774_0000000000000000021e,1875846777,6127010,38900,H1,067,01155137,440,A,41067,+45.5535419,-123.0976146,06,,G4020,Washington,Washington County,41,2024-01-14,74.34324490206441,1705190400000,"{""type"":""MultiPoint"",""coordinates"":[]}"
775_0000000000000000021b,4845034547,31873103,38900,H1,005,01155127,440,A,41005,+45.1604934,-122.1951274,06,,G4020,Clackamas,Clackamas County,41,2024-01-15,74.42718014078588,1705276800000,"{""type"":""MultiPoint"",""coordinates"":[]}"
775_0000000000000000021c,1116558776,88222268,38900,H1,051,01135861,440,A,41051,+45.5477107,-122.4173625,06,,G4020,Multnomah,Multnomah County,41,2024-01-15,69.25976249662462,1705276800000,"{""type"":""MultiPoint"",""coordinates"":[]}"
775_0000000000000000021e,1875846777,6127010,38900,H1,067,01155137,440,A,41067,+45.5535419,-123.0976146,06,,G4020,Washington,Washington County,41,2024-01-15,70.41494072858492,1705276800000,"{""type"":""MultiPoint"",""coordinates"":[]}"
776_0000000000000000021b,4845034547,31873103,38900,H1,005,01155127,440,A,41005,+45.1604934,-122.1951274,06,,G4020,Clackamas,Clackamas County,41,2024-01-16,69.42297021210696,1705363200000,"{""type"":""MultiPoint"",""coordinates"":[]}"
776_0000000000000000021c,1116558776,88222268,38900,H1,051,01135861,440,A,41051,+45.5477107,-122.4173625,06,,G4020,Multnomah,Multnomah County,41,2024-01-16,65.87077026833805,1705363200000,"{""type"":""MultiPoint"",""coordinates"":[]}"
776_0000000000000000021e,1875846777,6127010,38900,H1,067,01155137,440,A,41067,+45.5535419,-123.0976146,06,,G4020,Washington,Washington County,41,2024-01-16,65.1344522765054,1705363200000,"{""type"":""MultiPoint"",""coordinates"":[]}"
777_0000000000000000021b,4845034547,31873103,38900,H1,005,01155127,440,A,41005,+45.1604934,-122.1951274,06,,G4020,Clackamas,Clackamas County,41,2024-01-17,92.56303750809735,1705449600000,"{""type"":""MultiPoint"",""coordinates"":[]}"
777_0000000000000000021c,1116558776,88222268,38900,H1,051,01135861,440,A,41051,+45.5477107,-122.4173625,06,,G4020,Multnomah,Multnomah County,41,2024-01-17,88.93750688491376,1705449600000,"{""type"":""MultiPoint"",""coordinates"":[]}"
777_0000000000000000021e,1875846777,6127010,38900,H1,067,01155137,440,A,41067,+45.5535419,-123.0976146,06,,G4020,Washington,Washington County,41,2024-01-17,92.36569290837237,1705449600000,"{""type"":""MultiPoint"",""coordinates"":[]}"
778_0000000000000000021b,4845034547,31873103,38900,H1,005,01155127,440,A,41005,+45.1604934,-122.1951274,06,,G4020,Clackamas,Clackamas County,41,2024-01-18,96.4412114466334,1705536000000,"{""type"":""MultiPoint"",""coordinates"":[]}"
778_0000000000000000021c,1116558776,88222268,38900,H1,051,01135861,440,A,41051,+45.5477107,-122.4173625,06,,G4020,Multnomah,Multnomah County,41,2024-01-18,95.54381883548996,1705536000000,"{""type"":""MultiPoint"",""coordinates"":[]}"
778_0000000000000000021e,1875846777,6127010,38900,H1,067,01155137,440,A,41067,+45.5535419,-123.0976146,06,,G4020,Washington,Washington County,41,2024-01-18,97.59463674856794,1705536000000,"{""type"":""MultiPoint"",""coordinates"":[]}"
779_0000000000000000021b,4845034547,31873103,38900,H1,005,01155127,440,A,41005,+45.1604934,-122.1951274,06,,G4020,Clackamas,Clackamas County,41,2024-01-19,79.30673321065179,1705622400000,"{""type"":""MultiPoint"",""coordinates"":[]}"
779_0000000000000000021c,1116558776,88222268,38900,H1,051,01135861,440,A,41051,+45.5477107,-122.4173625,06,,G4020,Multnomah,Multnomah County,41,2024-01-19,78.2358056522508,1705622400000,"{""type"":""MultiPoint"",""coordinates"":[]}"
779_0000000000000000021e,1875846777,6127010,38900,H1,067,01155137,440,A,41067,+45.5535419,-123.0976146,06,,G4020,Washington,Washington County,41,2024-01-19,81.42321528181472,1705622400000,"{""type"":""MultiPoint"",""coordinates"":[]}"
780_0000000000000000021b,4845034547,31873103,38900,H1,005,01155127,440,A,41005,+45.1604934,-122.1951274,06,,G4020,Clackamas,Clackamas County,41,2024-01-20,79.02587915000025,1705708800000,"{""type"":""MultiPoint"",""coordinates"":[]}"
780_0000000000000000021c,1116558776,88222268,38900,H1,051,01135861,440,A,41051,+45.5477107,-122.4173625,06,,G4020,Multnomah,Multnomah County,41,2024-01-20,75.37469054561737,1705708800000,"{""type"":""MultiPoint"",""coordinates"":[]}"
780_0000000000000000021e,1875846777,6127010,38900,H1,067,01155137,440,A,41067,+45.5535419,-123.0976146,06,,G4020,Washington,Washington County,41,2024-01-20,74.73352497477471,1705708800000,"{""type"":""MultiPoint"",""coordinates"":[]}"
781_0000000000000000021b,4845034547,31873103,38900,H1,005,01155127,440,A,41005,+45.1604934,-122.1951274,06,,G4020,Clackamas,Clackamas County,41,2024-01-21,89.74747990287628,1705795200000,"{""type"":""MultiPoint"",""coordinates"":[]}"
781_0000000000000000021c,1116558776,88222268,38900,H1,051,01135861,440,A,41051,+45.5477107,-122.4173625,06,,G4020,Multnomah,Multnomah County,41,2024-01-21,89.75119717386289,1705795200000,"{""type"":""MultiPoint"",""coordinates"":[]}"
781_0000000000000000021e,1875846777,6127010,38900,H1,067,01155137,440,A,41067,+45.5535419,-123.0976146,06,,G4020,Washington,Washington County,41,2024-01-21,94.99362656689908,1705795200000,"{""type"":""MultiPoint"",""coordinates"":[]}"
782_0000000000000000021b,4845034547,31873103,38900,H1,005,01155127,440,A,41005,+45.1604934,-122.1951274,06,,G4020,Clackamas,Clackamas County,41,2024-01-22,95.2106484111431,1705881600000,"{""type"":""MultiPoint"",""coordinates"":[]}"
782_0000000000000000021c,1116558776,88222268,38900,H1,051,01135861,440,A,41051,+45.5477107,-122.4173625,06,,G4020,Multnomah,Multnomah County,41,2024-01-22,95.323220551583,1705881600000,"{""type"":""MultiPoint"",""coordinates"":[]}"
782_0000000000000000021e,1875846777,6127010,38900,H1,067,01155137,440,A,41067,+45.5535419,-123.0976146,06,,G4020,Washington,Washington County,41,2024-01-22,98.49840813374783,1705881600000,"{""type"":""MultiPoint"",""coordinates"":[]}"
783_0000000000000000021b,4845034547,31873103,38900,H1,005,01155127,440,A,41005,+45.1604934,-122.1951274,06,,G4020,Clackamas,Clackamas County,41,2024-01-23,96.17079638938652,1705968000000,"{""type"":""MultiPoint"",""coordinates"":[]}"
783_0000000000000000021c,1116558776,88222268,38900,H1,051,01135861,440,A,41051,+45.5477107,-122.4173625,06,,G4020,Multnomah,Multnomah County,41,2024-01-23,95.7315228201529,1705968000000,"{""type"":""MultiPoint"",""coordinates"":[]}"
783_0000000000000000021e,1875846777,6127010,38900,H1,067,01155137,440,A,41067,+45.5535419,-123.0976146,06,,G4020,Washington,Washington County,41,2024-01-23,93.58728722014028,1705968000000,"{""type"":""MultiPoint"",""coordinates"":[]}"
784_0000000000000000021b,4845034547,31873103,38900,H1,005,01155127,440,A,41005,+45.1604934,-122.1951274,06,,G4020,Clackamas,Clackamas County,41,2024-01-24,93.74096739025485,1706054400000,"{""type"":""MultiPoint"",""coordinates"":[]}"
784_0000000000000000021c,1116558776,88222268,38900,H1,051,01135861,440,A,41051,+45.5477107,-122.4173625,06,,G4020,Multnomah,Multnomah County,41,2024-01-24,94.95402668736705,1706054400000,"{""type"":""MultiPoint"",""coordinates"":[]}"
784_0000000000000000021e,1875846777,6127010,38900,H1,067,01155137,440,A,41067,+45.5535419,-123.0976146,06,,G4020,Washington,Washington County,41,2024-01-24,94.20747777818849,1706054400000,"{""type"":""MultiPoint"",""coordinates"":[]}"
785_0000000000000000021b,4845034547,31873103,38900,H1,005,01155127,440,A,41005,+45.1604934,-122.1951274,06,,G4020,Clackamas,Clackamas County,41,2024-01-25,92.01201266962919,1706140800000,"{""type"":""MultiPoint"",""coordinates"":[]}"
785_0000000000000000021c,1116558776,88222268,38900,H1,051,01135861,440,A,41051,+45.5477107,-122.4173625,06,,G4020,Multnomah,Multnomah County,41,2024-01-25,95.25018998550652,1706140800000,"{""type"":""MultiPoint"",""coordinates"":[]}"
785_0000000000000000021e,1875846777,6127010,38900,H1,067,01155137,440,A,41067,+45.5535419,-123.0976146,06,,G4020,Washington,Washington County,41,2024-01-25,97.43447512055914,1706140800000,"{""type"":""MultiPoint"",""coordinates"":[]}"
786_0000000000000000021b,4845034547,31873103,38900,H1,005,01155127,440,A,41005,+45.1604934,-122.1951274,06,,G4020,Clackamas,Clackamas County,41,2024-01-26,91.58406103635637,1706227200000,"{""type"":""MultiPoint"",""coordinates"":[]}"
786_0000000000000000021c,1116558776,88222268,38900,H1,051,01135861,440,A,41051,+45.5477107,-122.4173625,06,,G4020,Multnomah,Multnomah County,41,2024-01-26,94.52981635467471,1706227200000,"{""type"":""MultiPoint"",""coordinates"":[]}"
786_0000000000000000021e,1875846777,6127010,38900,H1,067,01155137,440,A,41067,+45.5535419,-123.0976146,06,,G4020,Washington,Washington County,41,2024-01-26,97.51445116937022,1706227200000,"{""type"":""MultiPoint"",""coordinates"":[]}"
787_0000000000000000021b,4845034547,31873103,38900,H1,005,01155127,440,A,41005,+45.1604934,-122.1951274,06,,G4020,Clackamas,Clackamas County,41,2024-01-27,95.87003865261072,1706313600000,"{""type"":""MultiPoint"",""coordinates"":[]}"
787_0000000000000000021c,1116558776,88222268,38900,H1,051,01135861,440,A,41051,+45.5477107,-122.4173625,06,,G4020,Multnomah,Multnomah County,41,2024-01-27,96.01925756641553,1706313600000,"{""type"":""MultiPoint"",""coordinates"":[]}"
787_0000000000000000021e,1875846777,6127010,38900,H1,067,01155137,440,A,41067,+45.5535419,-123.0976146,06,,G4020,Washington,Washington County,41,2024-01-27,98.594068873669,1706313600000,"{""type"":""MultiPoint"",""coordinates"":[]}"
788_0000000000000000021b,4845034547,31873103,38900,H1,005,01155127,440,A,41005,+45.1604934,-122.1951274,06,,G4020,Clackamas,Clackamas County,41,2024-01-28,94.64093235600953,1706400000000,"{""type"":""MultiPoint"",""coordinates"":[]}"
788_0000000000000000021c,1116558776,88222268,38900,H1,051,01135861,440,A,41051,+45.5477107,-122.4173625,06,,G4020,Multnomah,Multnomah County,41,2024-01-28,96.64533989302754,1706400000000,"{""type"":""MultiPoint"",""coordinates"":[]}"
788_0000000000000000021e,1875846777,6127010,38900,H1,067,01155137,440,A,41067,+45.5535419,-123.0976146,06,,G4020,Washington,Washington County,41,2024-01-28,96.41129578235545,1706400000000,"{""type"":""MultiPoint"",""coordinates"":[]}"
789_0000000000000000021b,4845034547,31873103,38900,H1,005,01155127,440,A,41005,+45.1604934,-122.1951274,06,,G4020,Clackamas,Clackamas County,41,2024-01-29,84.9166198021685,1706486400000,"{""type"":""MultiPoint"",""coordinates"":[]}"
789_0000000000000000021c,1116558776,88222268,38900,H1,051,01135861,440,A,41051,+45.5477107,-122.4173625,06,,G4020,Multnomah,Multnomah County,41,2024-01-29,87.66612930078458,1706486400000,"{""type"":""MultiPoint"",""coordinates"":[]}"
789_0000000000000000021e,1875846777,6127010,38900,H1,067,01155137,440,A,41067,+45.5535419,-123.0976146,06,,G4020,Washington,Washington County,41,2024-01-29,88.67721234525004,1706486400000,"{""type"":""MultiPoint"",""coordinates"":[]}"
790_0000000000000000021b,4845034547,31873103,38900,H1,005,01155127,440,A,41005,+45.1604934,-122.1951274,06,,G4020,Clackamas,Clackamas County,41,2024-01-30,86.23146040896641,1706572800000,"{""type"":""MultiPoint"",""coordinates"":[]}"
790_0000000000000000021c,1116558776,88222268,38900,H1,051,01135861,440,A,41051,+45.5477107,-122.4173625,06,,G4020,Multnomah,Multnomah County,41,2024-01-30,86.20051418191439,1706572800000,"{""type"":""MultiPoint"",""coordinates"":[]}"
790_0000000000000000021e,1875846777,6127010,38900,H1,067,01155137,440,A,41067,+45.5535419,-123.0976146,06,,G4020,Washington,Washington County,41,2024-01-30,87.92246390380602,1706572800000,"{""type"":""MultiPoint"",""coordinates"":[]}"
791_0000000000000000021b,4845034547,31873103,38900,H1,005,01155127,440,A,41005,+45.1604934,-122.1951274,06,,G4020,Clackamas,Clackamas County,41,2024-01-31,86.78444752585123,1706659200000,"{""type"":""MultiPoint"",""coordinates"":[]}"
791_0000000000000000021c,1116558776,88222268,38900,H1,051,01135861,440,A,41051,+45.5477107,-122.4173625,06,,G4020,Multnomah,Multnomah County,41,2024-01-31,85.05187684357261,1706659200000,"{""type"":""MultiPoint"",""coordinates"":[]}"
791_0000000000000000021e,1875846777,6127010,38900,H1,067,01155137,440,A,41067,+45.5535419,-123.0976146,06,,G4020,Washington,Washington County,41,2024-01-31,87.3594938730948,1706659200000,"{""type"":""MultiPoint"",""coordinates"":[]}"
792_0000000000000000021b,4845034547,31873103,38900,H1,005,01155127,440,A,41005,+45.1604934,-122.1951274,06,,G4020,Clackamas,Clackamas County,41,2024-02-01,89.19302464214229,1706745600000,"{""type"":""MultiPoint"",""coordinates"":[]}"
792_0000000000000000021c,1116558776,88222268,38900,H1,051,01135861,440,A,41051,+45.5477107,-122.4173625,06,,G4020,Multnomah,Multnomah County,41,2024-02-01,91.51885556797671,1706745600000,"{""type"":""MultiPoint"",""coordinates"":[]}"
792_0000000000000000021e,1875846777,6127010,38900,H1,067,01155137,440,A,41067,+45.5535419,-123.0976146,06,,G4020,Washington,Washington County,41,2024-02-01,91.45112839746209,1706745600000,"{""type"":""MultiPoint"",""coordinates"":[]}"
793_0000000000000000021b,4845034547,31873103,38900,H1,005,01155127,440,A,41005,+45.1604934,-122.1951274,06,,G4020,Clackamas,Clackamas County,41,2024-02-02,81.70852070068527,1706832000000,"{""type"":""MultiPoint"",""coordinates"":[]}"
793_0000000000000000021c,1116558776,88222268,38900,H1,051,01135861,440,A,41051,+45.5477107,-122.4173625,06,,G4020,Multnomah,Multnomah County,41,2024-02-02,84.02934988025271,1706832000000,"{""type"":""MultiPoint"",""coordinates"":[]}"
793_0000000000000000021e,1875846777,6127010,38900,H1,067,01155137,440,A,41067,+45.5535419,-123.0976146,06,,G4020,Washington,Washington County,41,2024-02-02,83.69099846884524,1706832000000,"{""type"":""MultiPoint"",""coordinates"":[]}"
794_0000000000000000021b,4845034547,31873103,38900,H1,005,01155127,440,A,41005,+45.1604934,-122.1951274,06,,G4020,Clackamas,Clackamas County,41,2024-02-03,79.733381800281,1706918400000,"{""type"":""MultiPoint"",""coordinates"":[]}"
794_0000000000000000021c,1116558776,88222268,38900,H1,051,01135861,440,A,41051,+45.5477107,-122.4173625,06,,G4020,Multnomah,Multnomah County,41,2024-02-03,81.22509634263727,1706918400000,"{""type"":""MultiPoint"",""coordinates"":[]}"
794_0000000000000000021e,1875846777,6127010,38900,H1,067,01155137,440,A,41067,+45.5535419,-123.0976146,06,,G4020,Washington,Washington County,41,2024-02-03,83.3076297335401,1706918400000,"{""type"":""MultiPoint"",""coordinates"":[]}"
795_0000000000000000021b,4845034547,31873103,38900,H1,005,01155127,440,A,41005,+45.1604934,-122.1951274,06,,G4020,Clackamas,Clackamas County,41,2024-02-04,75.89612039240475,1707004800000,"{""type"":""MultiPoint"",""coordinates"":[]}"
795_0000000000000000021c,1116558776,88222268,38900,H1,051,01135861,440,A,41051,+45.5477107,-122.4173625,06,,G4020,Multnomah,Multnomah County,41,2024-02-04,77.0184073231546,1707004800000,"{""type"":""MultiPoint"",""coordinates"":[]}"
795_0000000000000000021e,1875846777,6127010,38900,H1,067,01155137,440,A,41067,+45.5535419,-123.0976146,06,,G4020,Washington,Washington County,41,2024-02-04,83.07741957461614,1707004800000,"{""type"":""MultiPoint"",""coordinates"":[]}"
796_0000000000000000021b,4845034547,31873103,38900,H1,005,01155127,440,A,41005,+45.1604934,-122.1951274,06,,G4020,Clackamas,Clackamas County,41,2024-02-05,84.11768235520455,1707091200000,"{""type"":""MultiPoint"",""coordinates"":[]}"
796_0000000000000000021c,1116558776,88222268,38900,H1,051,01135861,440,A,41051,+45.5477107,-122.4173625,06,,G4020,Multnomah,Multnomah County,41,2024-02-05,82.34990564216417,1707091200000,"{""type"":""MultiPoint"",""coordinates"":[]}"
796_0000000000000000021e,1875846777,6127010,38900,H1,067,01155137,440,A,41067,+45.5535419,-123.0976146,06,,G4020,Washington,Washington County,41,2024-02-05,81.32327610034177,1707091200000,"{""type"":""MultiPoint"",""coordinates"":[]}"
797_0000000000000000021b,4845034547,31873103,38900,H1,005,01155127,440,A,41005,+45.1604934,-122.1951274,06,,G4020,Clackamas,Clackamas County,41,2024-02-06,96.01324695274293,1707177600000,"{""type"":""MultiPoint"",""coordinates"":[]}"
797_0000000000000000021c,1116558776,88222268,38900,H1,051,01135861,440,A,41051,+45.5477107,-122.4173625,06,,G4020,Multnomah,Multnomah County,41,2024-02-06,95.98128226800085,1707177600000,"{""type"":""MultiPoint"",""coordinates"":[]}"
797_0000000000000000021e,1875846777,6127010,38900,H1,067,01155137,440,A,41067,+45.5535419,-123.0976146,06,,G4020,Washington,Washington County,41,2024-02-06,95.74038598016114,1707177600000,"{""type"":""MultiPoint"",""coordinates"":[]}"
798_0000000000000000021b,4845034547,31873103,38900,H1,005,01155127,440,A,41005,+45.1604934,-122.1951274,06,,G4020,Clackamas,Clackamas County,41,2024-02-07,91.19785259159376,1707264000000,"{""type"":""MultiPoint"",""coordinates"":[]}"
798_0000000000000000021c,1116558776,88222268,38900,H1,051,01135861,440,A,41051,+45.5477107,-122.4173625,06,,G4020,Multnomah,Multnomah County,41,2024-02-07,89.14579922571497,1707264000000,"{""type"":""MultiPoint"",""coordinates"":[]}"
798_0000000000000000021e,1875846777,6127010,38900,H1,067,01155137,440,A,41067,+45.5535419,-123.0976146,06,,G4020,Washington,Washington County,41,2024-02-07,90.27984769097621,1707264000000,"{""type"":""MultiPoint"",""coordinates"":[]}"
799_0000000000000000021b,4845034547,31873103,38900,H1,005,01155127,440,A,41005,+45.1604934,-122.1951274,06,,G4020,Clackamas,Clackamas County,41,2024-02-08,92.66727375699148,1707350400000,"{""type"":""MultiPoint"",""coordinates"":[]}"
799_0000000000000000021c,1116558776,88222268,38900,H1,051,01135861,440,A,41051,+45.5477107,-122.4173625,06,,G4020,Multnomah,Multnomah County,41,2024-02-08,89.30384651110384,1707350400000,"{""type"":""MultiPoint"",""coordinates"":[]}"
799_0000000000000000021e,1875846777,6127010,38900,H1,067,01155137,440,A,41067,+45.5535419,-123.0976146,06,,G4020,Washington,Washington County,41,2024-02-08,88.8559236548181,1707350400000,"{""type"":""MultiPoint"",""coordinates"":[]}"
800_0000000000000000021b,4845034547,31873103,38900,H1,005,01155127,440,A,41005,+45.1604934,-122.1951274,06,,G4020,Clackamas,Clackamas County,41,2024-02-09,90.94363353245826,1707436800000,"{""type"":""MultiPoint"",""coordinates"":[]}"
800_0000000000000000021c,1116558776,88222268,38900,H1,051,01135861,440,A,41051,+45.5477107,-122.4173625,06,,G4020,Multnomah,Multnomah County,41,2024-02-09,90.60387798354783,1707436800000,"{""type"":""MultiPoint"",""coordinates"":[]}"
800_0000000000000000021e,1875846777,6127010,38900,H1,067,01155137,440,A,41067,+45.5535419,-123.0976146,06,,G4020,Washington,Washington County,41,2024-02-09,87.29889809099888,1707436800000,"{""type"":""MultiPoint"",""coordinates"":[]}"
801_0000000000000000021b,4845034547,31873103,38900,H1,005,01155127,440,A,41005,+45.1604934,-122.1951274,06,,G4020,Clackamas,Clackamas County,41,2024-02-10,85.78986869726198,1707523200000,"{""type"":""MultiPoint"",""coordinates"":[]}"
801_0000000000000000021c,1116558776,88222268,38900,H1,051,01135861,440,A,41051,+45.5477107,-122.4173625,06,,G4020,Multnomah,Multnomah County,41,2024-02-10,87.41109377750911,1707523200000,"{""type"":""MultiPoint"",""coordinates"":[]}"
801_0000000000000000021e,1875846777,6127010,38900,H1,067,01155137,440,A,41067,+45.5535419,-123.0976146,06,,G4020,Washington,Washington County,41,2024-02-10,91.43417095486677,1707523200000,"{""type"":""MultiPoint"",""coordinates"":[]}"
802_0000000000000000021b,4845034547,31873103,38900,H1,005,01155127,440,A,41005,+45.1604934,-122.1951274,06,,G4020,Clackamas,Clackamas County,41,2024-02-11,88.64971569531919,1707609600000,"{""type"":""MultiPoint"",""coordinates"":[]}"
802_0000000000000000021c,1116558776,88222268,38900,H1,051,01135861,440,A,41051,+45.5477107,-122.4173625,06,,G4020,Multnomah,Multnomah County,41,2024-02-11,90.18645996826095,1707609600000,"{""type"":""MultiPoint"",""coordinates"":[]}"
802_0000000000000000021e,1875846777,6127010,38900,H1,067,01155137,440,A,41067,+45.5535419,-123.0976146,06,,G4020,Washington,Washington County,41,2024-02-11,92.18645568987974,1707609600000,"{""type"":""MultiPoint"",""coordinates"":[]}"
803_0000000000000000021b,4845034547,31873103,38900,H1,005,01155127,440,A,41005,+45.1604934,-122.1951274,06,,G4020,Clackamas,Clackamas County,41,2024-02-12,92.40924480996951,1707696000000,"{""type"":""MultiPoint"",""coordinates"":[]}"
803_0000000000000000021c,1116558776,88222268,38900,H1,051,01135861,440,A,41051,+45.5477107,-122.4173625,06,,G4020,Multnomah,Multnomah County,41,2024-02-12,91.8424117514734,1707696000000,"{""type"":""MultiPoint"",""coordinates"":[]}"
803_0000000000000000021e,1875846777,6127010,38900,H1,067,01155137,440,A,41067,+45.5535419,-123.0976146,06,,G4020,Washington,Washington County,41,2024-02-12,87.47609869052911,1707696000000,"{""type"":""MultiPoint"",""coordinates"":[]}"
804_0000000000000000021b,4845034547,31873103,38900,H1,005,01155127,440,A,41005,+45.1604934,-122.1951274,06,,G4020,Clackamas,Clackamas County,41,2024-02-13,81.65110684460265,1707782400000,"{""type"":""MultiPoint"",""coordinates"":[]}"
804_0000000000000000021c,1116558776,88222268,38900,H1,051,01135861,440,A,41051,+45.5477107,-122.4173625,06,,G4020,Multnomah,Multnomah County,41,2024-02-13,85.20797680568512,1707782400000,"{""type"":""MultiPoint"",""coordinates"":[]}"
804_0000000000000000021e,1875846777,6127010,38900,H1,067,01155137,440,A,41067,+45.5535419,-123.0976146,06,,G4020,Washington,Washington County,41,2024-02-13,84.72806145292968,1707782400000,"{""type"":""MultiPoint"",""coordinates"":[]}"
805_0000000000000000021b,4845034547,31873103,38900,H1,005,01155127,440,A,41005,+45.1604934,-122.1951274,06,,G4020,Clackamas,Clackamas County,41,2024-02-14,84.97830430031914,1707868800000,"{""type"":""MultiPoint"",""coordinates"":[]}"
805_0000000000000000021c,1116558776,88222268,38900,H1,051,01135861,440,A,41051,+45.5477107,-122.4173625,06,,G4020,Multnomah,Multnomah County,41,2024-02-14,81.65506752218006,1707868800000,"{""type"":""MultiPoint"",""coordinates"":[]}"
805_0000000000000000021e,1875846777,6127010,38900,H1,067,01155137,440,A,41067,+45.5535419,-123.0976146,06,,G4020,Washington,Washington County,41,2024-02-14,83.95990907152999,1707868800000,"{""type"":""MultiPoint"",""coordinates"":[]}"
806_0000000000000000021b,4845034547,31873103,38900,H1,005,01155127,440,A,41005,+45.1604934,-122.1951274,06,,G4020,Clackamas,Clackamas County,41,2024-02-15,95.24090884234866,1707955200000,"{""type"":""MultiPoint"",""coordinates"":[]}"
806_0000000000000000021c,1116558776,88222268,38900,H1,051,01135861,440,A,41051,+45.5477107,-122.4173625,06,,G4020,Multnomah,Multnomah County,41,2024-02-15,93.13848512138662,1707955200000,"{""type"":""MultiPoint"",""coordinates"":[]}"
806_0000000000000000021e,1875846777,6127010,38900,H1,067,01155137,440,A,41067,+45.5535419,-123.0976146,06,,G4020,Washington,Washington County,41,2024-02-15,94.63997958186842,1707955200000,"{""type"":""MultiPoint"",""coordinates"":[]}"
807_0000000000000000021b,4845034547,31873103,38900,H1,005,01155127,440,A,41005,+45.1604934,-122.1951274,06,,G4020,Clackamas,Clackamas County,41,2024-02-16,83.10184356909333,1708041600000,"{""type"":""MultiPoint"",""coordinates"":[]}"
807_0000000000000000021c,1116558776,88222268,38900,H1,051,01135861,440,A,41051,+45.5477107,-122.4173625,06,,G4020,Multnomah,Multnomah County,41,2024-02-16,79.50652309802841,1708041600000,"{""type"":""MultiPoint"",""coordinates"":[]}"
807_0000000000000000021e,1875846777,6127010,38900,H1,067,01155137,440,A,41067,+45.5535419,-123.0976146,06,,G4020,Washington,Washington County,41,2024-02-16,82.54980345354045,1708041600000,"{""type"":""MultiPoint"",""coordinates"":[]}"
808_0000000000000000021b,4845034547,31873103,38900,H1,005,01155127,440,A,41005,+45.1604934,-122.1951274,06,,G4020,Clackamas,Clackamas County,41,2024-02-17,67.5905643181406,1708128000000,"{""type"":""MultiPoint"",""coordinates"":[]}"
808_0000000000000000021c,1116558776,88222268,38900,H1,051,01135861,440,A,41051,+45.5477107,-122.4173625,06,,G4020,Multnomah,Multnomah County,41,2024-02-17,58.64483273324707,1708128000000,"{""type"":""MultiPoint"",""coordinates"":[]}"
808_0000000000000000021e,1875846777,6127010,38900,H1,067,01155137,440,A,41067,+45.5535419,-123.0976146,06,,G4020,Washington,Washington County,41,2024-02-17,59.7657093494286,1708128000000,"{""type"":""MultiPoint"",""coordinates"":[]}"
809_0000000000000000021b,4845034547,31873103,38900,H1,005,01155127,440,A,41005,+45.1604934,-122.1951274,06,,G4020,Clackamas,Clackamas County,41,2024-02-18,86.31682885017862,1708214400000,"{""type"":""MultiPoint"",""coordinates"":[]}"
809_0000000000000000021c,1116558776,88222268,38900,H1,051,01135861,440,A,41051,+45.5477107,-122.4173625,06,,G4020,Multnomah,Multnomah County,41,2024-02-18,80.30465375096003,1708214400000,"{""type"":""MultiPoint"",""coordinates"":[]}"
809_0000000000000000021e,1875846777,6127010,38900,H1,067,01155137,440,A,41067,+45.5535419,-123.0976146,06,,G4020,Washington,Washington County,41,2024-02-18,88.19023428524764,1708214400000,"{""type"":""MultiPoint"",""coordinates"":[]}"
810_0000000000000000021b,4845034547,31873103,38900,H1,005,01155127,440,A,41005,+45.1604934,-122.1951274,06,,G4020,Clackamas,Clackamas County,41,2024-02-19,82.48649499051822,1708300800000,"{""type"":""MultiPoint"",""coordinates"":[]}"
810_0000000000000000021c,1116558776,88222268,38900,H1,051,01135861,440,A,41051,+45.5477107,-122.4173625,06,,G4020,Multnomah,Multnomah County,41,2024-02-19,78.22511733858626,1708300800000,"{""type"":""MultiPoint"",""coordinates"":[]}"
810_0000000000000000021e,1875846777,6127010,38900,H1,067,01155137,440,A,41067,+45.5535419,-123.0976146,06,,G4020,Washington,Washington County,41,2024-02-19,82.22210133258541,1708300800000,"{""type"":""MultiPoint"",""coordinates"":[]}"
811_0000000000000000021b,4845034547,31873103,38900,H1,005,01155127,440,A,41005,+45.1604934,-122.1951274,06,,G4020,Clackamas,Clackamas County,41,2024-02-20,85.81558580152895,1708387200000,"{""type"":""MultiPoint"",""coordinates"":[]}"
811_0000000000000000021c,1116558776,88222268,38900,H1,051,01135861,440,A,41051,+45.5477107,-122.4173625,06,,G4020,Multnomah,Multnomah County,41,2024-02-20,82.07700177730797,1708387200000,"{""type"":""MultiPoint"",""coordinates"":[]}"
811_0000000000000000021e,1875846777,6127010,38900,H1,067,01155137,440,A,41067,+45.5535419,-123.0976146,06,,G4020,Washington,Washington County,41,2024-02-20,85.88455557156428,1708387200000,"{""type"":""MultiPoint"",""coordinates"":[]}"
812_0000000000000000021b,4845034547,31873103,38900,H1,005,01155127,440,A,41005,+45.1604934,-122.1951274,06,,G4020,Clackamas,Clackamas County,41,2024-02-21,92.22807665125733,1708473600000,"{""type"":""MultiPoint"",""coordinates"":[]}"
812_0000000000000000021c,1116558776,88222268,38900,H1,051,01135861,440,A,41051,+45.5477107,-122.4173625,06,,G4020,Multnomah,Multnomah County,41,2024-02-21,91.52176325675747,1708473600000,"{""type"":""MultiPoint"",""coordinates"":[]}"
812_0000000000000000021e,1875846777,6127010,38900,H1,067,01155137,440,A,41067,+45.5535419,-123.0976146,06,,G4020,Washington,Washington County,41,2024-02-21,94.7787778811037,1708473600000,"{""type"":""MultiPoint"",""coordinates"":[]}"
813_0000000000000000021b,4845034547,31873103,38900,H1,005,01155127,440,A,41005,+45.1604934,-122.1951274,06,,G4020,Clackamas,Clackamas County,41,2024-02-22,87.65952364348848,1708560000000,"{""type"":""MultiPoint"",""coordinates"":[]}"
813_0000000000000000021c,1116558776,88222268,38900,H1,051,01135861,440,A,41051,+45.5477107,-122.4173625,06,,G4020,Multnomah,Multnomah County,41,2024-02-22,87.5445655038004,1708560000000,"{""type"":""MultiPoint"",""coordinates"":[]}"
813_0000000000000000021e,1875846777,6127010,38900,H1,067,01155137,440,A,41067,+45.5535419,-123.0976146,06,,G4020,Washington,Washington County,41,2024-02-22,89.14999915225634,1708560000000,"{""type"":""MultiPoint"",""coordinates"":[]}"
814_0000000000000000021b,4845034547,31873103,38900,H1,005,01155127,440,A,41005,+45.1604934,-122.1951274,06,,G4020,Clackamas,Clackamas County,41,2024-02-23,76.13118601971472,1708646400000,"{""type"":""MultiPoint"",""coordinates"":[]}"
814_0000000000000000021c,1116558776,88222268,38900,H1,051,01135861,440,A,41051,+45.5477107,-122.4173625,06,,G4020,Multnomah,Multnomah County,41,2024-02-23,77.15336707794447,1708646400000,"{""type"":""MultiPoint"",""coordinates"":[]}"
814_0000000000000000021e,1875846777,6127010,38900,H1,067,01155137,440,A,41067,+45.5535419,-123.0976146,06,,G4020,Washington,Washington County,41,2024-02-23,77.59671290464212,1708646400000,"{""type"":""MultiPoint"",""coordinates"":[]}"
815_0000000000000000021b,4845034547,31873103,38900,H1,005,01155127,440,A,41005,+45.1604934,-122.1951274,06,,G4020,Clackamas,Clackamas County,41,2024-02-24,75.69541458571933,1708732800000,"{""type"":""MultiPoint"",""coordinates"":[]}"
815_0000000000000000021c,1116558776,88222268,38900,H1,051,01135861,440,A,41051,+45.5477107,-122.4173625,06,,G4020,Multnomah,Multnomah County,41,2024-02-24,77.0363451544355,1708732800000,"{""type"":""MultiPoint"",""coordinates"":[]}"
815_0000000000000000021e,1875846777,6127010,38900,H1,067,01155137,440,A,41067,+45.5535419,-123.0976146,06,,G4020,Washington,Washington County,41,2024-02-24,80.53093101460887,1708732800000,"{""type"":""MultiPoint"",""coordinates"":[]}"
816_0000000000000000021b,4845034547,31873103,38900,H1,005,01155127,440,A,41005,+45.1604934,-122.1951274,06,,G4020,Clackamas,Clackamas County,41,2024-02-25,88.4647004006257,1708819200000,"{""type"":""MultiPoint"",""coordinates"":[]}"
816_0000000000000000021c,1116558776,88222268,38900,H1,051,01135861,440,A,41051,+45.5477107,-122.4173625,06,,G4020,Multnomah,Multnomah County,41,2024-02-25,88.74655662535773,1708819200000,"{""type"":""MultiPoint"",""coordinates"":[]}"
816_0000000000000000021e,1875846777,6127010,38900,H1,067,01155137,440,A,41067,+45.5535419,-123.0976146,06,,G4020,Washington,Washington County,41,2024-02-25,88.48265579949269,1708819200000,"{""type"":""MultiPoint"",""coordinates"":[]}"
817_0000000000000000021b,4845034547,31873103,38900,H1,005,01155127,440,A,41005,+45.1604934,-122.1951274,06,,G4020,Clackamas,Clackamas County,41,2024-02-26,94.5710634219476,1708905600000,"{""type"":""MultiPoint"",""coordinates"":[]}"
817_0000000000000000021c,1116558776,88222268,38900,H1,051,01135861,440,A,41051,+45.5477107,-122.4173625,06,,G4020,Multnomah,Multnomah County,41,2024-02-26,94.61700917831887,1708905600000,"{""type"":""MultiPoint"",""coordinates"":[]}"
817_0000000000000000021e,1875846777,6127010,38900,H1,067,01155137,440,A,41067,+45.5535419,-123.0976146,06,,G4020,Washington,Washington County,41,2024-02-26,93.09761664311813,1708905600000,"{""type"":""MultiPoint"",""coordinates"":[]}"
818_0000000000000000021b,4845034547,31873103,38900,H1,005,01155127,440,A,41005,+45.1604934,-122.1951274,06,,G4020,Clackamas,Clackamas County,41,2024-02-27,90.28250827116251,1708992000000,"{""type"":""MultiPoint"",""coordinates"":[]}"
818_0000000000000000021c,1116558776,88222268,38900,H1,051,01135861,440,A,41051,+45.5477107,-122.4173625,06,,G4020,Multnomah,Multnomah County,41,2024-02-27,90.14578537910545,1708992000000,"{""type"":""MultiPoint"",""coordinates"":[]}"
818_0000000000000000021e,1875846777,6127010,38900,H1,067,01155137,440,A,41067,+45.5535419,-123.0976146,06,,G4020,Washington,Washington County,41,2024-02-27,88.61734833403834,1708992000000,"{""type"":""MultiPoint"",""coordinates"":[]}"
819_0000000000000000021b,4845034547,31873103,38900,H1,005,01155127,440,A,41005,+45.1604934,-122.1951274,06,,G4020,Clackamas,Clackamas County,41,2024-02-28,93.82824551291108,1709078400000,"{""type"":""MultiPoint"",""coordinates"":[]}"
819_0000000000000000021c,1116558776,88222268,38900,H1,051,01135861,440,A,41051,+45.5477107,-122.4173625,06,,G4020,Multnomah,Multnomah County,41,2024-02-28,96.8914618385921,1709078400000,"{""type"":""MultiPoint"",""coordinates"":[]}"
819_0000000000000000021e,1875846777,6127010,38900,H1,067,01155137,440,A,41067,+45.5535419,-123.0976146,06,,G4020,Washington,Washington County,41,2024-02-28,98.67867213438974,1709078400000,"{""type"":""MultiPoint"",""coordinates"":[]}"
820_0000000000000000021b,4845034547,31873103,38900,H1,005,01155127,440,A,41005,+45.1604934,-122.1951274,06,,G4020,Clackamas,Clackamas County,41,2024-02-29,94.76713884399332,1709164800000,"{""type"":""MultiPoint"",""coordinates"":[]}"
820_0000000000000000021c,1116558776,88222268,38900,H1,051,01135861,440,A,41051,+45.5477107,-122.4173625,06,,G4020,Multnomah,Multnomah County,41,2024-02-29,97.01538981170899,1709164800000,"{""type"":""MultiPoint"",""coordinates"":[]}"
820_0000000000000000021e,1875846777,6127010,38900,H1,067,01155137,440,A,41067,+45.5535419,-123.0976146,06,,G4020,Washington,Washington County,41,2024-02-29,97.83672648736851,1709164800000,"{""type"":""MultiPoint"",""coordinates"":[]}"
821_0000000000000000021b,4845034547,31873103,38900,H1,005,01155127,440,A,41005,+45.1604934,-122.1951274,06,,G4020,Clackamas,Clackamas County,41,2024-03-01,85.05304381545169,1709251200000,"{""type"":""MultiPoint"",""coordinates"":[]}"
821_0000000000000000021c,1116558776,88222268,38900,H1,051,01135861,440,A,41051,+45.5477107,-122.4173625,06,,G4020,Multnomah,Multnomah County,41,2024-03-01,90.45266480946651,1709251200000,"{""type"":""MultiPoint"",""coordinates"":[]}"
821_0000000000000000021e,1875846777,6127010,38900,H1,067,01155137,440,A,41067,+45.5535419,-123.0976146,06,,G4020,Washington,Washington County,41,2024-03-01,92.75710854129608,1709251200000,"{""type"":""MultiPoint"",""coordinates"":[]}"
822_0000000000000000021b,4845034547,31873103,38900,H1,005,01155127,440,A,41005,+45.1604934,-122.1951274,06,,G4020,Clackamas,Clackamas County,41,2024-03-02,81.92349917267715,1709337600000,"{""type"":""MultiPoint"",""coordinates"":[]}"
822_0000000000000000021c,1116558776,88222268,38900,H1,051,01135861,440,A,41051,+45.5477107,-122.4173625,06,,G4020,Multnomah,Multnomah County,41,2024-03-02,87.83374816166469,1709337600000,"{""type"":""MultiPoint"",""coordinates"":[]}"
822_0000000000000000021e,1875846777,6127010,38900,H1,067,01155137,440,A,41067,+45.5535419,-123.0976146,06,,G4020,Washington,Washington County,41,2024-03-02,90.45555370203712,1709337600000,"{""type"":""MultiPoint"",""coordinates"":[]}"
823_0000000000000000021b,4845034547,31873103,38900,H1,005,01155127,440,A,41005,+45.1604934,-122.1951274,06,,G4020,Clackamas,Clackamas County,41,2024-03-03,82.99515848021956,1709424000000,"{""type"":""MultiPoint"",""coordinates"":[]}"
823_0000000000000000021c,1116558776,88222268,38900,H1,051,01135861,440,A,41051,+45.5477107,-122.4173625,06,,G4020,Multnomah,Multnomah County,41,2024-03-03,88.1134824578993,1709424000000,"{""type"":""MultiPoint"",""coordinates"":[]}"
823_0000000000000000021e,1875846777,6127010,38900,H1,067,01155137,440,A,41067,+45.5535419,-123.0976146,06,,G4020,Washington,Washington County,41,2024-03-03,92.5179877084919,1709424000000,"{""type"":""MultiPoint"",""coordinates"":[]}"
824_0000000000000000021b,4845034547,31873103,38900,H1,005,01155127,440,A,41005,+45.1604934,-122.1951274,06,,G4020,Clackamas,Clackamas County,41,2024-03-04,85.83733655735706,1709510400000,"{""type"":""MultiPoint"",""coordinates"":[]}"
824_0000000000000000021c,1116558776,88222268,38900,H1,051,01135861,440,A,41051,+45.5477107,-122.4173625,06,,G4020,Multnomah,Multnomah County,41,2024-03-04,89.88996959018702,1709510400000,"{""type"":""MultiPoint"",""coordinates"":[]}"
824_0000000000000000021e,1875846777,6127010,38900,H1,067,01155137,440,A,41067,+45.5535419,-123.0976146,06,,G4020,Washington,Washington County,41,2024-03-04,92.72822742737783,1709510400000,"{""type"":""MultiPoint"",""coordinates"":[]}"
825_0000000000000000021b,4845034547,31873103,38900,H1,005,01155127,440,A,41005,+45.1604934,-122.1951274,06,,G4020,Clackamas,Clackamas County,41,2024-03-05,85.49123587724287,1709596800000,"{""type"":""MultiPoint"",""coordinates"":[]}"
825_0000000000000000021c,1116558776,88222268,38900,H1,051,01135861,440,A,41051,+45.5477107,-122.4173625,06,,G4020,Multnomah,Multnomah County,41,2024-03-05,87.29951221248581,1709596800000,"{""type"":""MultiPoint"",""coordinates"":[]}"
825_0000000000000000021e,1875846777,6127010,38900,H1,067,01155137,440,A,41067,+45.5535419,-123.0976146,06,,G4020,Washington,Washington County,41,2024-03-05,88.44989277077376,1709596800000,"{""type"":""MultiPoint"",""coordinates"":[]}"
826_0000000000000000021b,4845034547,31873103,38900,H1,005,01155127,440,A,41005,+45.1604934,-122.1951274,06,,G4020,Clackamas,Clackamas County,41,2024-03-06,74.45699985167543,1709683200000,"{""type"":""MultiPoint"",""coordinates"":[]}"
826_0000000000000000021c,1116558776,88222268,38900,H1,051,01135861,440,A,41051,+45.5477107,-122.4173625,06,,G4020,Multnomah,Multnomah County,41,2024-03-06,71.08375264429641,1709683200000,"{""type"":""MultiPoint"",""coordinates"":[]}"
826_0000000000000000021e,1875846777,6127010,38900,H1,067,01155137,440,A,41067,+45.5535419,-123.0976146,06,,G4020,Washington,Washington County,41,2024-03-06,70.60823193851584,1709683200000,"{""type"":""MultiPoint"",""coordinates"":[]}"
827_0000000000000000021b,4845034547,31873103,38900,H1,005,01155127,440,A,41005,+45.1604934,-122.1951274,06,,G4020,Clackamas,Clackamas County,41,2024-03-07,73.16339688242728,1709769600000,"{""type"":""MultiPoint"",""coordinates"":[]}"
827_0000000000000000021c,1116558776,88222268,38900,H1,051,01135861,440,A,41051,+45.5477107,-122.4173625,06,,G4020,Multnomah,Multnomah County,41,2024-03-07,72.55255644169506,1709769600000,"{""type"":""MultiPoint"",""coordinates"":[]}"
827_0000000000000000021e,1875846777,6127010,38900,H1,067,01155137,440,A,41067,+45.5535419,-123.0976146,06,,G4020,Washington,Washington County,41,2024-03-07,71.38164850009501,1709769600000,"{""type"":""MultiPoint"",""coordinates"":[]}"
828_0000000000000000021b,4845034547,31873103,38900,H1,005,01155127,440,A,41005,+45.1604934,-122.1951274,06,,G4020,Clackamas,Clackamas County,41,2024-03-08,66.78334475952958,1709856000000,"{""type"":""MultiPoint"",""coordinates"":[]}"
828_0000000000000000021c,1116558776,88222268,38900,H1,051,01135861,440,A,41051,+45.5477107,-122.4173625,06,,G4020,Multnomah,Multnomah County,41,2024-03-08,71.02908517349204,1709856000000,"{""type"":""MultiPoint"",""coordinates"":[]}"
828_0000000000000000021e,1875846777,6127010,38900,H1,067,01155137,440,A,41067,+45.5535419,-123.0976146,06,,G4020,Washington,Washington County,41,2024-03-08,70.03017121303297,1709856000000,"{""type"":""MultiPoint"",""coordinates"":[]}"
829_0000000000000000021b,4845034547,31873103,38900,H1,005,01155127,440,A,41005,+45.1604934,-122.1951274,06,,G4020,Clackamas,Clackamas County,41,2024-03-09,79.09786846730628,1709942400000,"{""type"":""MultiPoint"",""coordinates"":[]}"
829_0000000000000000021c,1116558776,88222268,38900,H1,051,01135861,440,A,41051,+45.5477107,-122.4173625,06,,G4020,Multnomah,Multnomah County,41,2024-03-09,80.05042882982096,1709942400000,"{""type"":""MultiPoint"",""coordinates"":[]}"
829_0000000000000000021e,1875846777,6127010,38900,H1,067,01155137,440,A,41067,+45.5535419,-123.0976146,06,,G4020,Washington,Washington County,41,2024-03-09,83.2636571203111,1709942400000,"{""type"":""MultiPoint"",""coordinates"":[]}"
830_0000000000000000021b,4845034547,31873103,38900,H1,005,01155127,440,A,41005,+45.1604934,-122.1951274,06,,G4020,Clackamas,Clackamas County,41,2024-03-10,83.06739080450707,1710028800000,"{""type"":""MultiPoint"",""coordinates"":[]}"
830_0000000000000000021c,1116558776,88222268,38900,H1,051,01135861,440,A,41051,+45.5477107,-122.4173625,06,,G4020,Multnomah,Multnomah County,41,2024-03-10,88.3006742346184,1710028800000,"{""type"":""MultiPoint"",""coordinates"":[]}"
830_0000000000000000021e,1875846777,6127010,38900,H1,067,01155137,440,A,41067,+45.5535419,-123.0976146,06,,G4020,Washington,Washington County,41,2024-03-10,92.1586076141506,1710028800000,"{""type"":""MultiPoint"",""coordinates"":[]}"
831_0000000000000000021b,4845034547,31873103,38900,H1,005,01155127,440,A,41005,+45.1604934,-122.1951274,06,,G4020,Clackamas,Clackamas County,41,2024-03-11,91.27352083854115,1710115200000,"{""type"":""MultiPoint"",""coordinates"":[]}"
831_0000000000000000021c,1116558776,88222268,38900,H1,051,01135861,440,A,41051,+45.5477107,-122.4173625,06,,G4020,Multnomah,Multnomah County,41,2024-03-11,94.0083338347193,1710115200000,"{""type"":""MultiPoint"",""coordinates"":[]}"
831_0000000000000000021e,1875846777,6127010,38900,H1,067,01155137,440,A,41067,+45.5535419,-123.0976146,06,,G4020,Washington,Washington County,41,2024-03-11,96.66071280582547,1710115200000,"{""type"":""MultiPoint"",""coordinates"":[]}"
832_0000000000000000021b,4845034547,31873103,38900,H1,005,01155127,440,A,41005,+45.1604934,-122.1951274,06,,G4020,Clackamas,Clackamas County,41,2024-03-12,94.87284446482872,1710201600000,"{""type"":""MultiPoint"",""coordinates"":[]}"
832_0000000000000000021c,1116558776,88222268,38900,H1,051,01135861,440,A,41051,+45.5477107,-122.4173625,06,,G4020,Multnomah,Multnomah County,41,2024-03-12,94.50669129850046,1710201600000,"{""type"":""MultiPoint"",""coordinates"":[]}"
832_0000000000000000021e,1875846777,6127010,38900,H1,067,01155137,440,A,41067,+45.5535419,-123.0976146,06,,G4020,Washington,Washington County,41,2024-03-12,94.1175421819161,1710201600000,"{""type"":""MultiPoint"",""coordinates"":[]}"
833_0000000000000000021b,4845034547,31873103,38900,H1,005,01155127,440,A,41005,+45.1604934,-122.1951274,06,,G4020,Clackamas,Clackamas County,41,2024-03-13,87.28411939020575,1710288000000,"{""type"":""MultiPoint"",""coordinates"":[]}"
833_0000000000000000021c,1116558776,88222268,38900,H1,051,01135861,440,A,41051,+45.5477107,-122.4173625,06,,G4020,Multnomah,Multnomah County,41,2024-03-13,84.22840430380253,1710288000000,"{""type"":""MultiPoint"",""coordinates"":[]}"
833_0000000000000000021e,1875846777,6127010,38900,H1,067,01155137,440,A,41067,+45.5535419,-123.0976146,06,,G4020,Washington,Washington County,41,2024-03-13,80.74619677300535,1710288000000,"{""type"":""MultiPoint"",""coordinates"":[]}"
834_0000000000000000021b,4845034547,31873103,38900,H1,005,01155127,440,A,41005,+45.1604934,-122.1951274,06,,G4020,Clackamas,Clackamas County,41,2024-03-14,71.23739928668944,1710374400000,"{""type"":""MultiPoint"",""coordinates"":[]}"
834_0000000000000000021c,1116558776,88222268,38900,H1,051,01135861,440,A,41051,+45.5477107,-122.4173625,06,,G4020,Multnomah,Multnomah County,41,2024-03-14,68.82295553236048,1710374400000,"{""type"":""MultiPoint"",""coordinates"":[]}"
834_0000000000000000021e,1875846777,6127010,38900,H1,067,01155137,440,A,41067,+45.5535419,-123.0976146,06,,G4020,Washington,Washington County,41,2024-03-14,68.81220049218199,1710374400000,"{""type"":""MultiPoint"",""coordinates"":[]}"
835_0000000000000000021b,4845034547,31873103,38900,H1,005,01155127,440,A,41005,+45.1604934,-122.1951274,06,,G4020,Clackamas,Clackamas County,41,2024-03-15,62.97595986818496,1710460800000,"{""type"":""MultiPoint"",""coordinates"":[]}"
835_0000000000000000021c,1116558776,88222268,38900,H1,051,01135861,440,A,41051,+45.5477107,-122.4173625,06,,G4020,Multnomah,Multnomah County,41,2024-03-15,61.62220083357206,1710460800000,"{""type"":""MultiPoint"",""coordinates"":[]}"
835_0000000000000000021e,1875846777,6127010,38900,H1,067,01155137,440,A,41067,+45.5535419,-123.0976146,06,,G4020,Washington,Washington County,41,2024-03-15,59.38180340672246,1710460800000,"{""type"":""MultiPoint"",""coordinates"":[]}"
836_0000000000000000021b,4845034547,31873103,38900,H1,005,01155127,440,A,41005,+45.1604934,-122.1951274,06,,G4020,Clackamas,Clackamas County,41,2024-03-16,61.30923420909456,1710547200000,"{""type"":""MultiPoint"",""coordinates"":[]}"
836_0000000000000000021c,1116558776,88222268,38900,H1,051,01135861,440,A,41051,+45.5477107,-122.4173625,06,,G4020,Multnomah,Multnomah County,41,2024-03-16,58.6804192063569,1710547200000,"{""type"":""MultiPoint"",""coordinates"":[]}"
836_0000000000000000021e,1875846777,6127010,38900,H1,067,01155137,440,A,41067,+45.5535419,-123.0976146,06,,G4020,Washington,Washington County,41,2024-03-16,54.87539159702427,1710547200000,"{""type"":""MultiPoint"",""coordinates"":[]}"
837_0000000000000000021b,4845034547,31873103,38900,H1,005,01155127,440,A,41005,+45.1604934,-122.1951274,06,,G4020,Clackamas,Clackamas County,41,2024-03-17,67.65621378794354,1710633600000,"{""type"":""MultiPoint"",""coordinates"":[]}"
837_0000000000000000021c,1116558776,88222268,38900,H1,051,01135861,440,A,41051,+45.5477107,-122.4173625,06,,G4020,Multnomah,Multnomah County,41,2024-03-17,66.45605258376311,1710633600000,"{""type"":""MultiPoint"",""coordinates"":[]}"
837_0000000000000000021e,1875846777,6127010,38900,H1,067,01155137,440,A,41067,+45.5535419,-123.0976146,06,,G4020,Washington,Washington County,41,2024-03-17,64.59424678641669,1710633600000,"{""type"":""MultiPoint"",""coordinates"":[]}"
838_0000000000000000021b,4845034547,31873103,38900,H1,005,01155127,440,A,41005,+45.1604934,-122.1951274,06,,G4020,Clackamas,Clackamas County,41,2024-03-18,66.9874820412859,1710720000000,"{""type"":""MultiPoint"",""coordinates"":[]}"
838_0000000000000000021c,1116558776,88222268,38900,H1,051,01135861,440,A,41051,+45.5477107,-122.4173625,06,,G4020,Multnomah,Multnomah County,41,2024-03-18,68.9447463613998,1710720000000,"{""type"":""MultiPoint"",""coordinates"":[]}"
838_0000000000000000021e,1875846777,6127010,38900,H1,067,01155137,440,A,41067,+45.5535419,-123.0976146,06,,G4020,Washington,Washington County,41,2024-03-18,70.72508895271842,1710720000000,"{""type"":""MultiPoint"",""coordinates"":[]}"
839_0000000000000000021b,4845034547,31873103,38900,H1,005,01155127,440,A,41005,+45.1604934,-122.1951274,06,,G4020,Clackamas,Clackamas County,41,2024-03-19,71.96025438273384,1710806400000,"{""type"":""MultiPoint"",""coordinates"":[]}"
839_0000000000000000021c,1116558776,88222268,38900,H1,051,01135861,440,A,41051,+45.5477107,-122.4173625,06,,G4020,Multnomah,Multnomah County,41,2024-03-19,73.21106065698199,1710806400000,"{""type"":""MultiPoint"",""coordinates"":[]}"
839_0000000000000000021e,1875846777,6127010,38900,H1,067,01155137,440,A,41067,+45.5535419,-123.0976146,06,,G4020,Washington,Washington County,41,2024-03-19,76.47308324222108,1710806400000,"{""type"":""MultiPoint"",""coordinates"":[]}"
840_0000000000000000021b,4845034547,31873103,38900,H1,005,01155127,440,A,41005,+45.1604934,-122.1951274,06,,G4020,Clackamas,Clackamas County,41,2024-03-20,81.85741772462103,1710892800000,"{""type"":""MultiPoint"",""coordinates"":[]}"
840_0000000000000000021c,1116558776,88222268,38900,H1,051,01135861,440,A,41051,+45.5477107,-122.4173625,06,,G4020,Multnomah,Multnomah County,41,2024-03-20,80.93820863824402,1710892800000,"{""type"":""MultiPoint"",""coordinates"":[]}"
840_0000000000000000021e,1875846777,6127010,38900,H1,067,01155137,440,A,41067,+45.5535419,-123.0976146,06,,G4020,Washington,Washington County,41,2024-03-20,79.53846996690142,1710892800000,"{""type"":""MultiPoint"",""coordinates"":[]}"
841_0000000000000000021b,4845034547,31873103,38900,H1,005,01155127,440,A,41005,+45.1604934,-122.1951274,06,,G4020,Clackamas,Clackamas County,41,2024-03-21,83.0361667913609,1710979200000,"{""type"":""MultiPoint"",""coordinates"":[]}"
841_0000000000000000021c,1116558776,88222268,38900,H1,051,01135861,440,A,41051,+45.5477107,-122.4173625,06,,G4020,Multnomah,Multnomah County,41,2024-03-21,85.2081428143357,1710979200000,"{""type"":""MultiPoint"",""coordinates"":[]}"
841_0000000000000000021e,1875846777,6127010,38900,H1,067,01155137,440,A,41067,+45.5535419,-123.0976146,06,,G4020,Washington,Washington County,41,2024-03-21,88.03730394765645,1710979200000,"{""type"":""MultiPoint"",""coordinates"":[]}"
842_0000000000000000021b,4845034547,31873103,38900,H1,005,01155127,440,A,41005,+45.1604934,-122.1951274,06,,G4020,Clackamas,Clackamas County,41,2024-03-22,85.30893568652957,1711065600000,"{""type"":""MultiPoint"",""coordinates"":[]}"
842_0000000000000000021c,1116558776,88222268,38900,H1,051,01135861,440,A,41051,+45.5477107,-122.4173625,06,,G4020,Multnomah,Multnomah County,41,2024-03-22,86.84147259988227,1711065600000,"{""type"":""MultiPoint"",""coordinates"":[]}"
842_0000000000000000021e,1875846777,6127010,38900,H1,067,01155137,440,A,41067,+45.5535419,-123.0976146,06,,G4020,Washington,Washington County,41,2024-03-22,91.42893755373153,1711065600000,"{""type"":""MultiPoint"",""coordinates"":[]}"
843_0000000000000000021b,4845034547,31873103,38900,H1,005,01155127,440,A,41005,+45.1604934,-122.1951274,06,,G4020,Clackamas,Clackamas County,41,2024-03-23,89.993995091478,1711152000000,"{""type"":""MultiPoint"",""coordinates"":[]}"
843_0000000000000000021c,1116558776,88222268,38900,H1,051,01135861,440,A,41051,+45.5477107,-122.4173625,06,,G4020,Multnomah,Multnomah County,41,2024-03-23,90.66405805876292,1711152000000,"{""type"":""MultiPoint"",""coordinates"":[]}"
843_0000000000000000021e,1875846777,6127010,38900,H1,067,01155137,440,A,41067,+45.5535419,-123.0976146,06,,G4020,Washington,Washington County,41,2024-03-23,92.2134705485624,1711152000000,"{""type"":""MultiPoint"",""coordinates"":[]}"
844_0000000000000000021b,4845034547,31873103,38900,H1,005,01155127,440,A,41005,+45.1604934,-122.1951274,06,,G4020,Clackamas,Clackamas County,41,2024-03-24,93.88815203279519,1711238400000,"{""type"":""MultiPoint"",""coordinates"":[]}"
844_0000000000000000021c,1116558776,88222268,38900,H1,051,01135861,440,A,41051,+45.5477107,-122.4173625,06,,G4020,Multnomah,Multnomah County,41,2024-03-24,92.07569237031662,1711238400000,"{""type"":""MultiPoint"",""coordinates"":[]}"
844_0000000000000000021e,1875846777,6127010,38900,H1,067,01155137,440,A,41067,+45.5535419,-123.0976146,06,,G4020,Washington,Washington County,41,2024-03-24,92.67571393112935,1711238400000,"{""type"":""MultiPoint"",""coordinates"":[]}"
845_0000000000000000021b,4845034547,31873103,38900,H1,005,01155127,440,A,41005,+45.1604934,-122.1951274,06,,G4020,Clackamas,Clackamas County,41,2024-03-25,92.83974142840933,1711324800000,"{""type"":""MultiPoint"",""coordinates"":[]}"
845_0000000000000000021c,1116558776,88222268,38900,H1,051,01135861,440,A,41051,+45.5477107,-122.4173625,06,,G4020,Multnomah,Multnomah County,41,2024-03-25,93.39041701383846,1711324800000,"{""type"":""MultiPoint"",""coordinates"":[]}"
845_0000000000000000021e,1875846777,6127010,38900,H1,067,01155137,440,A,41067,+45.5535419,-123.0976146,06,,G4020,Washington,Washington County,41,2024-03-25,89.91057135023738,1711324800000,"{""type"":""MultiPoint"",""coordinates"":[]}"
846_0000000000000000021b,4845034547,31873103,38900,H1,005,01155127,440,A,41005,+45.1604934,-122.1951274,06,,G4020,Clackamas,Clackamas County,41,2024-03-26,94.83617821312107,1711411200000,"{""type"":""MultiPoint"",""coordinates"":[]}"
846_0000000000000000021c,1116558776,88222268,38900,H1,051,01135861,440,A,41051,+45.5477107,-122.4173625,06,,G4020,Multnomah,Multnomah County,41,2024-03-26,94.23069148498722,1711411200000,"{""type"":""MultiPoint"",""coordinates"":[]}"
846_0000000000000000021e,1875846777,6127010,38900,H1,067,01155137,440,A,41067,+45.5535419,-123.0976146,06,,G4020,Washington,Washington County,41,2024-03-26,91.89025046778434,1711411200000,"{""type"":""MultiPoint"",""coordinates"":[]}"
847_0000000000000000021b,4845034547,31873103,38900,H1,005,01155127,440,A,41005,+45.1604934,-122.1951274,06,,G4020,Clackamas,Clackamas County,41,2024-03-27,90.4178144871286,1711497600000,"{""type"":""MultiPoint"",""coordinates"":[]}"
847_0000000000000000021c,1116558776,88222268,38900,H1,051,01135861,440,A,41051,+45.5477107,-122.4173625,06,,G4020,Multnomah,Multnomah County,41,2024-03-27,90.79889979560859,1711497600000,"{""type"":""MultiPoint"",""coordinates"":[]}"
847_0000000000000000021e,1875846777,6127010,38900,H1,067,01155137,440,A,41067,+45.5535419,-123.0976146,06,,G4020,Washington,Washington County,41,2024-03-27,89.65084381827276,1711497600000,"{""type"":""MultiPoint"",""coordinates"":[]}"
848_0000000000000000021b,4845034547,31873103,38900,H1,005,01155127,440,A,41005,+45.1604934,-122.1951274,06,,G4020,Clackamas,Clackamas County,41,2024-03-28,84.8040201739711,1711584000000,"{""type"":""MultiPoint"",""coordinates"":[]}"
848_0000000000000000021c,1116558776,88222268,38900,H1,051,01135861,440,A,41051,+45.5477107,-122.4173625,06,,G4020,Multnomah,Multnomah County,41,2024-03-28,88.5082079590462,1711584000000,"{""type"":""MultiPoint"",""coordinates"":[]}"
848_0000000000000000021e,1875846777,6127010,38900,H1,067,01155137,440,A,41067,+45.5535419,-123.0976146,06,,G4020,Washington,Washington County,41,2024-03-28,93.04790904037317,1711584000000,"{""type"":""MultiPoint"",""coordinates"":[]}"
849_0000000000000000021b,4845034547,31873103,38900,H1,005,01155127,440,A,41005,+45.1604934,-122.1951274,06,,G4020,Clackamas,Clackamas County,41,2024-03-29,75.99115887070005,1711670400000,"{""type"":""MultiPoint"",""coordinates"":[]}"
849_0000000000000000021c,1116558776,88222268,38900,H1,051,01135861,440,A,41051,+45.5477107,-122.4173625,06,,G4020,Multnomah,Multnomah County,41,2024-03-29,77.16855393378471,1711670400000,"{""type"":""MultiPoint"",""coordinates"":[]}"
849_0000000000000000021e,1875846777,6127010,38900,H1,067,01155137,440,A,41067,+45.5535419,-123.0976146,06,,G4020,Washington,Washington County,41,2024-03-29,80.08249540954289,1711670400000,"{""type"":""MultiPoint"",""coordinates"":[]}"
850_0000000000000000021b,4845034547,31873103,38900,H1,005,01155127,440,A,41005,+45.1604934,-122.1951274,06,,G4020,Clackamas,Clackamas County,41,2024-03-30,61.28437955637467,1711756800000,"{""type"":""MultiPoint"",""coordinates"":[]}"
850_0000000000000000021c,1116558776,88222268,38900,H1,051,01135861,440,A,41051,+45.5477107,-122.4173625,06,,G4020,Multnomah,Multnomah County,41,2024-03-30,59.062526379335026,1711756800000,"{""type"":""MultiPoint"",""coordinates"":[]}"
850_0000000000000000021e,1875846777,6127010,38900,H1,067,01155137,440,A,41067,+45.5535419,-123.0976146,06,,G4020,Washington,Washington County,41,2024-03-30,58.63059423380485,1711756800000,"{""type"":""MultiPoint"",""coordinates"":[]}"
851_0000000000000000021b,4845034547,31873103,38900,H1,005,01155127,440,A,41005,+45.1604934,-122.1951274,06,,G4020,Clackamas,Clackamas County,41,2024-03-31,69.41563714251858,1711843200000,"{""type"":""MultiPoint"",""coordinates"":[]}"
851_0000000000000000021c,1116558776,88222268,38900,H1,051,01135861,440,A,41051,+45.5477107,-122.4173625,06,,G4020,Multnomah,Multnomah County,41,2024-03-31,68.07294713576933,1711843200000,"{""type"":""MultiPoint"",""coordinates"":[]}"
851_0000000000000000021e,1875846777,6127010,38900,H1,067,01155137,440,A,41067,+45.5535419,-123.0976146,06,,G4020,Washington,Washington County,41,2024-03-31,68.4001506624663,1711843200000,"{""type"":""MultiPoint"",""coordinates"":[]}"
852_0000000000000000021b,4845034547,31873103,38900,H1,005,01155127,440,A,41005,+45.1604934,-122.1951274,06,,G4020,Clackamas,Clackamas County,41,2024-04-01,66.96199227517816,1711929600000,"{""type"":""MultiPoint"",""coordinates"":[]}"
852_0000000000000000021c,1116558776,88222268,38900,H1,051,01135861,440,A,41051,+45.5477107,-122.4173625,06,,G4020,Multnomah,Multnomah County,41,2024-04-01,66.72281353550098,1711929600000,"{""type"":""MultiPoint"",""coordinates"":[]}"
852_0000000000000000021e,1875846777,6127010,38900,H1,067,01155137,440,A,41067,+45.5535419,-123.0976146,06,,G4020,Washington,Washington County,41,2024-04-01,69.5691434198768,1711929600000,"{""type"":""MultiPoint"",""coordinates"":[]}"
853_0000000000000000021b,4845034547,31873103,38900,H1,005,01155127,440,A,41005,+45.1604934,-122.1951274,06,,G4020,Clackamas,Clackamas County,41,2024-04-02,73.60890324943725,1712016000000,"{""type"":""MultiPoint"",""coordinates"":[]}"
853_0000000000000000021c,1116558776,88222268,38900,H1,051,01135861,440,A,41051,+45.5477107,-122.4173625,06,,G4020,Multnomah,Multnomah County,41,2024-04-02,73.29160042585362,1712016000000,"{""type"":""MultiPoint"",""coordinates"":[]}"
853_0000000000000000021e,1875846777,6127010,38900,H1,067,01155137,440,A,41067,+45.5535419,-123.0976146,06,,G4020,Washington,Washington County,41,2024-04-02,77.09497138245591,1712016000000,"{""type"":""MultiPoint"",""coordinates"":[]}"
854_0000000000000000021b,4845034547,31873103,38900,H1,005,01155127,440,A,41005,+45.1604934,-122.1951274,06,,G4020,Clackamas,Clackamas County,41,2024-04-03,80.41230799977896,1712102400000,"{""type"":""MultiPoint"",""coordinates"":[]}"
854_0000000000000000021c,1116558776,88222268,38900,H1,051,01135861,440,A,41051,+45.5477107,-122.4173625,06,,G4020,Multnomah,Multnomah County,41,2024-04-03,78.78879984630069,1712102400000,"{""type"":""MultiPoint"",""coordinates"":[]}"
854_0000000000000000021e,1875846777,6127010,38900,H1,067,01155137,440,A,41067,+45.5535419,-123.0976146,06,,G4020,Washington,Washington County,41,2024-04-03,80.10516854712957,1712102400000,"{""type"":""MultiPoint"",""coordinates"":[]}"
855_0000000000000000021b,4845034547,31873103,38900,H1,005,01155127,440,A,41005,+45.1604934,-122.1951274,06,,G4020,Clackamas,Clackamas County,41,2024-04-04,87.70846639617066,1712188800000,"{""type"":""MultiPoint"",""coordinates"":[]}"
855_0000000000000000021c,1116558776,88222268,38900,H1,051,01135861,440,A,41051,+45.5477107,-122.4173625,06,,G4020,Multnomah,Multnomah County,41,2024-04-04,79.82079687007217,1712188800000,"{""type"":""MultiPoint"",""coordinates"":[]}"
855_0000000000000000021e,1875846777,6127010,38900,H1,067,01155137,440,A,41067,+45.5535419,-123.0976146,06,,G4020,Washington,Washington County,41,2024-04-04,75.08242317655376,1712188800000,"{""type"":""MultiPoint"",""coordinates"":[]}"
856_0000000000000000021b,4845034547,31873103,38900,H1,005,01155127,440,A,41005,+45.1604934,-122.1951274,06,,G4020,Clackamas,Clackamas County,41,2024-04-05,84.55568789020829,1712275200000,"{""type"":""MultiPoint"",""coordinates"":[]}"
856_0000000000000000021c,1116558776,88222268,38900,H1,051,01135861,440,A,41051,+45.5477107,-122.4173625,06,,G4020,Multnomah,Multnomah County,41,2024-04-05,85.12231908045315,1712275200000,"{""type"":""MultiPoint"",""coordinates"":[]}"
856_0000000000000000021e,1875846777,6127010,38900,H1,067,01155137,440,A,41067,+45.5535419,-123.0976146,06,,G4020,Washington,Washington County,41,2024-04-05,80.92441278316659,1712275200000,"{""type"":""MultiPoint"",""coordinates"":[]}"
857_0000000000000000021b,4845034547,31873103,38900,H1,005,01155127,440,A,41005,+45.1604934,-122.1951274,06,,G4020,Clackamas,Clackamas County,41,2024-04-06,88.94655644673622,1712361600000,"{""type"":""MultiPoint"",""coordinates"":[]}"
857_0000000000000000021c,1116558776,88222268,38900,H1,051,01135861,440,A,41051,+45.5477107,-122.4173625,06,,G4020,Multnomah,Multnomah County,41,2024-04-06,90.74694279664851,1712361600000,"{""type"":""MultiPoint"",""coordinates"":[]}"
857_0000000000000000021e,1875846777,6127010,38900,H1,067,01155137,440,A,41067,+45.5535419,-123.0976146,06,,G4020,Washington,Washington County,41,2024-04-06,86.004301817871,1712361600000,"{""type"":""MultiPoint"",""coordinates"":[]}"
858_0000000000000000021b,4845034547,31873103,38900,H1,005,01155127,440,A,41005,+45.1604934,-122.1951274,06,,G4020,Clackamas,Clackamas County,41,2024-04-07,91.7771832199365,1712448000000,"{""type"":""MultiPoint"",""coordinates"":[]}"
858_0000000000000000021c,1116558776,88222268,38900,H1,051,01135861,440,A,41051,+45.5477107,-122.4173625,06,,G4020,Multnomah,Multnomah County,41,2024-04-07,92.15931589564454,1712448000000,"{""type"":""MultiPoint"",""coordinates"":[]}"
858_0000000000000000021e,1875846777,6127010,38900,H1,067,01155137,440,A,41067,+45.5535419,-123.0976146,06,,G4020,Washington,Washington County,41,2024-04-07,92.20760133248932,1712448000000,"{""type"":""MultiPoint"",""coordinates"":[]}"
859_0000000000000000021b,4845034547,31873103,38900,H1,005,01155127,440,A,41005,+45.1604934,-122.1951274,06,,G4020,Clackamas,Clackamas County,41,2024-04-08,85.0130038315846,1712534400000,"{""type"":""MultiPoint"",""coordinates"":[]}"
859_0000000000000000021c,1116558776,88222268,38900,H1,051,01135861,440,A,41051,+45.5477107,-122.4173625,06,,G4020,Multnomah,Multnomah County,41,2024-04-08,84.5913478070874,1712534400000,"{""type"":""MultiPoint"",""coordinates"":[]}"
859_0000000000000000021e,1875846777,6127010,38900,H1,067,01155137,440,A,41067,+45.5535419,-123.0976146,06,,G4020,Washington,Washington County,41,2024-04-08,84.67672432776229,1712534400000,"{""type"":""MultiPoint"",""coordinates"":[]}"
860_0000000000000000021b,4845034547,31873103,38900,H1,005,01155127,440,A,41005,+45.1604934,-122.1951274,06,,G4020,Clackamas,Clackamas County,41,2024-04-09,86.31295786380875,1712620800000,"{""type"":""MultiPoint"",""coordinates"":[]}"
860_0000000000000000021c,1116558776,88222268,38900,H1,051,01135861,440,A,41051,+45.5477107,-122.4173625,06,,G4020,Multnomah,Multnomah County,41,2024-04-09,85.65459725733714,1712620800000,"{""type"":""MultiPoint"",""coordinates"":[]}"
860_0000000000000000021e,1875846777,6127010,38900,H1,067,01155137,440,A,41067,+45.5535419,-123.0976146,06,,G4020,Washington,Washington County,41,2024-04-09,81.89384620776798,1712620800000,"{""type"":""MultiPoint"",""coordinates"":[]}"
861_0000000000000000021b,4845034547,31873103,38900,H1,005,01155127,440,A,41005,+45.1604934,-122.1951274,06,,G4020,Clackamas,Clackamas County,41,2024-04-10,72.18043180020447,1712707200000,"{""type"":""MultiPoint"",""coordinates"":[]}"
861_0000000000000000021c,1116558776,88222268,38900,H1,051,01135861,440,A,41051,+45.5477107,-122.4173625,06,,G4020,Multnomah,Multnomah County,41,2024-04-10,69.8852595945448,1712707200000,"{""type"":""MultiPoint"",""coordinates"":[]}"
861_0000000000000000021e,1875846777,6127010,38900,H1,067,01155137,440,A,41067,+45.5535419,-123.0976146,06,,G4020,Washington,Washington County,41,2024-04-10,68.57732498066213,1712707200000,"{""type"":""MultiPoint"",""coordinates"":[]}"
862_0000000000000000021b,4845034547,31873103,38900,H1,005,01155127,440,A,41005,+45.1604934,-122.1951274,06,,G4020,Clackamas,Clackamas County,41,2024-04-11,69.8716395506262,1712793600000,"{""type"":""MultiPoint"",""coordinates"":[]}"
862_0000000000000000021c,1116558776,88222268,38900,H1,051,01135861,440,A,41051,+45.5477107,-122.4173625,06,,G4020,Multnomah,Multnomah County,41,2024-04-11,67.90345451901653,1712793600000,"{""type"":""MultiPoint"",""coordinates"":[]}"
862_0000000000000000021e,1875846777,6127010,38900,H1,067,01155137,440,A,41067,+45.5535419,-123.0976146,06,,G4020,Washington,Washington County,41,2024-04-11,72.73475857695065,1712793600000,"{""type"":""MultiPoint"",""coordinates"":[]}"
863_0000000000000000021b,4845034547,31873103,38900,H1,005,01155127,440,A,41005,+45.1604934,-122.1951274,06,,G4020,Clackamas,Clackamas County,41,2024-04-12,78.58767529698076,1712880000000,"{""type"":""MultiPoint"",""coordinates"":[]}"
863_0000000000000000021c,1116558776,88222268,38900,H1,051,01135861,440,A,41051,+45.5477107,-122.4173625,06,,G4020,Multnomah,Multnomah County,41,2024-04-12,75.01772443089821,1712880000000,"{""type"":""MultiPoint"",""coordinates"":[]}"
863_0000000000000000021e,1875846777,6127010,38900,H1,067,01155137,440,A,41067,+45.5535419,-123.0976146,06,,G4020,Washington,Washington County,41,2024-04-12,77.09046142704223,1712880000000,"{""type"":""MultiPoint"",""coordinates"":[]}"
864_0000000000000000021b,4845034547,31873103,38900,H1,005,01155127,440,A,41005,+45.1604934,-122.1951274,06,,G4020,Clackamas,Clackamas County,41,2024-04-13,75.62119109351178,1712966400000,"{""type"":""MultiPoint"",""coordinates"":[]}"
864_0000000000000000021c,1116558776,88222268,38900,H1,051,01135861,440,A,41051,+45.5477107,-122.4173625,06,,G4020,Multnomah,Multnomah County,41,2024-04-13,71.35745396479807,1712966400000,"{""type"":""MultiPoint"",""coordinates"":[]}"
864_0000000000000000021e,1875846777,6127010,38900,H1,067,01155137,440,A,41067,+45.5535419,-123.0976146,06,,G4020,Washington,Washington County,41,2024-04-13,68.22072869050791,1712966400000,"{""type"":""MultiPoint"",""coordinates"":[]}"
865_0000000000000000021b,4845034547,31873103,38900,H1,005,01155127,440,A,41005,+45.1604934,-122.1951274,06,,G4020,Clackamas,Clackamas County,41,2024-04-14,82.43677943714229,1713052800000,"{""type"":""MultiPoint"",""coordinates"":[]}"
865_0000000000000000021c,1116558776,88222268,38900,H1,051,01135861,440,A,41051,+45.5477107,-122.4173625,06,,G4020,Multnomah,Multnomah County,41,2024-04-14,75.22585362438855,1713052800000,"{""type"":""MultiPoint"",""coordinates"":[]}"
865_0000000000000000021e,1875846777,6127010,38900,H1,067,01155137,440,A,41067,+45.5535419,-123.0976146,06,,G4020,Washington,Washington County,41,2024-04-14,72.09450547608432,1713052800000,"{""type"":""MultiPoint"",""coordinates"":[]}"
866_0000000000000000021b,4845034547,31873103,38900,H1,005,01155127,440,A,41005,+45.1604934,-122.1951274,06,,G4020,Clackamas,Clackamas County,41,2024-04-15,76.4673510352774,1713139200000,"{""type"":""MultiPoint"",""coordinates"":[]}"
866_0000000000000000021c,1116558776,88222268,38900,H1,051,01135861,440,A,41051,+45.5477107,-122.4173625,06,,G4020,Multnomah,Multnomah County,41,2024-04-15,71.34171053147804,1713139200000,"{""type"":""MultiPoint"",""coordinates"":[]}"
866_0000000000000000021e,1875846777,6127010,38900,H1,067,01155137,440,A,41067,+45.5535419,-123.0976146,06,,G4020,Washington,Washington County,41,2024-04-15,69.83607510006667,1713139200000,"{""type"":""MultiPoint"",""coordinates"":[]}"
867_0000000000000000021b,4845034547,31873103,38900,H1,005,01155127,440,A,41005,+45.1604934,-122.1951274,06,,G4020,Clackamas,Clackamas County,41,2024-04-16,72.26307388856019,1713225600000,"{""type"":""MultiPoint"",""coordinates"":[]}"
867_0000000000000000021c,1116558776,88222268,38900,H1,051,01135861,440,A,41051,+45.5477107,-122.4173625,06,,G4020,Multnomah,Multnomah County,41,2024-04-16,66.42403844498546,1713225600000,"{""type"":""MultiPoint"",""coordinates"":[]}"
867_0000000000000000021e,1875846777,6127010,38900,H1,067,01155137,440,A,41067,+45.5535419,-123.0976146,06,,G4020,Washington,Washington County,41,2024-04-16,64.76740427311763,1713225600000,"{""type"":""MultiPoint"",""coordinates"":[]}"
868_0000000000000000021b,4845034547,31873103,38900,H1,005,01155127,440,A,41005,+45.1604934,-122.1951274,06,,G4020,Clackamas,Clackamas County,41,2024-04-17,59.87604375980784,1713312000000,"{""type"":""MultiPoint"",""coordinates"":[]}"
868_0000000000000000021c,1116558776,88222268,38900,H1,051,01135861,440,A,41051,+45.5477107,-122.4173625,06,,G4020,Multnomah,Multnomah County,41,2024-04-17,60.57763163897023,1713312000000,"{""type"":""MultiPoint"",""coordinates"":[]}"
868_0000000000000000021e,1875846777,6127010,38900,H1,067,01155137,440,A,41067,+45.5535419,-123.0976146,06,,G4020,Washington,Washington County,41,2024-04-17,62.24606933564701,1713312000000,"{""type"":""MultiPoint"",""coordinates"":[]}"
869_0000000000000000021b,4845034547,31873103,38900,H1,005,01155127,440,A,41005,+45.1604934,-122.1951274,06,,G4020,Clackamas,Clackamas County,41,2024-04-18,46.01970512871185,1713398400000,"{""type"":""MultiPoint"",""coordinates"":[]}"
869_0000000000000000021c,1116558776,88222268,38900,H1,051,01135861,440,A,41051,+45.5477107,-122.4173625,06,,G4020,Multnomah,Multnomah County,41,2024-04-18,49.97554085864029,1713398400000,"{""type"":""MultiPoint"",""coordinates"":[]}"
869_0000000000000000021e,1875846777,6127010,38900,H1,067,01155137,440,A,41067,+45.5535419,-123.0976146,06,,G4020,Washington,Washington County,41,2024-04-18,49.37733032463333,1713398400000,"{""type"":""MultiPoint"",""coordinates"":[]}"
870_0000000000000000021b,4845034547,31873103,38900,H1,005,01155127,440,A,41005,+45.1604934,-122.1951274,06,,G4020,Clackamas,Clackamas County,41,2024-04-19,39.39011246993191,1713484800000,"{""type"":""MultiPoint"",""coordinates"":[]}"
870_0000000000000000021c,1116558776,88222268,38900,H1,051,01135861,440,A,41051,+45.5477107,-122.4173625,06,,G4020,Multnomah,Multnomah County,41,2024-04-19,41.80505558764027,1713484800000,"{""type"":""MultiPoint"",""coordinates"":[]}"
870_0000000000000000021e,1875846777,6127010,38900,H1,067,01155137,440,A,41067,+45.5535419,-123.0976146,06,,G4020,Washington,Washington County,41,2024-04-19,43.7850212992416,1713484800000,"{""type"":""MultiPoint"",""coordinates"":[]}"
871_0000000000000000021b,4845034547,31873103,38900,H1,005,01155127,440,A,41005,+45.1604934,-122.1951274,06,,G4020,Clackamas,Clackamas County,41,2024-04-20,45.87661906686232,1713571200000,"{""type"":""MultiPoint"",""coordinates"":[]}"
871_0000000000000000021c,1116558776,88222268,38900,H1,051,01135861,440,A,41051,+45.5477107,-122.4173625,06,,G4020,Multnomah,Multnomah County,41,2024-04-20,43.27486647556147,1713571200000,"{""type"":""MultiPoint"",""coordinates"":[]}"
871_0000000000000000021e,1875846777,6127010,38900,H1,067,01155137,440,A,41067,+45.5535419,-123.0976146,06,,G4020,Washington,Washington County,41,2024-04-20,47.24299559328454,1713571200000,"{""type"":""MultiPoint"",""coordinates"":[]}"
872_0000000000000000021b,4845034547,31873103,38900,H1,005,01155127,440,A,41005,+45.1604934,-122.1951274,06,,G4020,Clackamas,Clackamas County,41,2024-04-21,72.71426858508079,1713657600000,"{""type"":""MultiPoint"",""coordinates"":[]}"
872_0000000000000000021c,1116558776,88222268,38900,H1,051,01135861,440,A,41051,+45.5477107,-122.4173625,06,,G4020,Multnomah,Multnomah County,41,2024-04-21,73.58893280114427,1713657600000,"{""type"":""MultiPoint"",""coordinates"":[]}"
872_0000000000000000021e,1875846777,6127010,38900,H1,067,01155137,440,A,41067,+45.5535419,-123.0976146,06,,G4020,Washington,Washington County,41,2024-04-21,72.37904919037045,1713657600000,"{""type"":""MultiPoint"",""coordinates"":[]}"
873_0000000000000000021b,4845034547,31873103,38900,H1,005,01155127,440,A,41005,+45.1604934,-122.1951274,06,,G4020,Clackamas,Clackamas County,41,2024-04-22,59.717938908850556,1713744000000,"{""type"":""MultiPoint"",""coordinates"":[]}"
873_0000000000000000021c,1116558776,88222268,38900,H1,051,01135861,440,A,41051,+45.5477107,-122.4173625,06,,G4020,Multnomah,Multnomah County,41,2024-04-22,61.56952855597921,1713744000000,"{""type"":""MultiPoint"",""coordinates"":[]}"
873_0000000000000000021e,1875846777,6127010,38900,H1,067,01155137,440,A,41067,+45.5535419,-123.0976146,06,,G4020,Washington,Washington County,41,2024-04-22,61.409830992115076,1713744000000,"{""type"":""MultiPoint"",""coordinates"":[]}"
874_0000000000000000021b,4845034547,31873103,38900,H1,005,01155127,440,A,41005,+45.1604934,-122.1951274,06,,G4020,Clackamas,Clackamas County,41,2024-04-23,47.41830059645567,1713830400000,"{""type"":""MultiPoint"",""coordinates"":[]}"
874_0000000000000000021c,1116558776,88222268,38900,H1,051,01135861,440,A,41051,+45.5477107,-122.4173625,06,,G4020,Multnomah,Multnomah County,41,2024-04-23,48.676410279231234,1713830400000,"{""type"":""MultiPoint"",""coordinates"":[]}"
874_0000000000000000021e,1875846777,6127010,38900,H1,067,01155137,440,A,41067,+45.5535419,-123.0976146,06,,G4020,Washington,Washington County,41,2024-04-23,50.27486761581935,1713830400000,"{""type"":""MultiPoint"",""coordinates"":[]}"
875_0000000000000000021b,4845034547,31873103,38900,H1,005,01155127,440,A,41005,+45.1604934,-122.1951274,06,,G4020,Clackamas,Clackamas County,41,2024-04-24,67.37364981149776,1713916800000,"{""type"":""MultiPoint"",""coordinates"":[]}"
875_0000000000000000021c,1116558776,88222268,38900,H1,051,01135861,440,A,41051,+45.5477107,-122.4173625,06,,G4020,Multnomah,Multnomah County,41,2024-04-24,65.3273293691,1713916800000,"{""type"":""MultiPoint"",""coordinates"":[]}"
875_0000000000000000021e,1875846777,6127010,38900,H1,067,01155137,440,A,41067,+45.5535419,-123.0976146,06,,G4020,Washington,Washington County,41,2024-04-24,68.90774132161091,1713916800000,"{""type"":""MultiPoint"",""coordinates"":[]}"
876_0000000000000000021b,4845034547,31873103,38900,H1,005,01155127,440,A,41005,+45.1604934,-122.1951274,06,,G4020,Clackamas,Clackamas County,41,2024-04-25,87.56149618077255,1714003200000,"{""type"":""MultiPoint"",""coordinates"":[]}"
876_0000000000000000021c,1116558776,88222268,38900,H1,051,01135861,440,A,41051,+45.5477107,-122.4173625,06,,G4020,Multnomah,Multnomah County,41,2024-04-25,86.06182341744233,1714003200000,"{""type"":""MultiPoint"",""coordinates"":[]}"
876_0000000000000000021e,1875846777,6127010,38900,H1,067,01155137,440,A,41067,+45.5535419,-123.0976146,06,,G4020,Washington,Washington County,41,2024-04-25,87.73369018989162,1714003200000,"{""type"":""MultiPoint"",""coordinates"":[]}"
877_0000000000000000021b,4845034547,31873103,38900,H1,005,01155127,440,A,41005,+45.1604934,-122.1951274,06,,G4020,Clackamas,Clackamas County,41,2024-04-26,96.17946976640722,1714089600000,"{""type"":""MultiPoint"",""coordinates"":[]}"
877_0000000000000000021c,1116558776,88222268,38900,H1,051,01135861,440,A,41051,+45.5477107,-122.4173625,06,,G4020,Multnomah,Multnomah County,41,2024-04-26,95.18469830134589,1714089600000,"{""type"":""MultiPoint"",""coordinates"":[]}"
877_0000000000000000021e,1875846777,6127010,38900,H1,067,01155137,440,A,41067,+45.5535419,-123.0976146,06,,G4020,Washington,Washington County,41,2024-04-26,95.15895123672745,1714089600000,"{""type"":""MultiPoint"",""coordinates"":[]}"
878_0000000000000000021b,4845034547,31873103,38900,H1,005,01155127,440,A,41005,+45.1604934,-122.1951274,06,,G4020,Clackamas,Clackamas County,41,2024-04-27,90.91344611828517,1714176000000,"{""type"":""MultiPoint"",""coordinates"":[]}"
878_0000000000000000021c,1116558776,88222268,38900,H1,051,01135861,440,A,41051,+45.5477107,-122.4173625,06,,G4020,Multnomah,Multnomah County,41,2024-04-27,90.8266104726499,1714176000000,"{""type"":""MultiPoint"",""coordinates"":[]}"
878_0000000000000000021e,1875846777,6127010,38900,H1,067,01155137,440,A,41067,+45.5535419,-123.0976146,06,,G4020,Washington,Washington County,41,2024-04-27,89.5246207874868,1714176000000,"{""type"":""MultiPoint"",""coordinates"":[]}"
879_0000000000000000021b,4845034547,31873103,38900,H1,005,01155127,440,A,41005,+45.1604934,-122.1951274,06,,G4020,Clackamas,Clackamas County,41,2024-04-28,87.79939813264647,1714262400000,"{""type"":""MultiPoint"",""coordinates"":[]}"
879_0000000000000000021c,1116558776,88222268,38900,H1,051,01135861,440,A,41051,+45.5477107,-122.4173625,06,,G4020,Multnomah,Multnomah County,41,2024-04-28,88.63098762824518,1714262400000,"{""type"":""MultiPoint"",""coordinates"":[]}"
879_0000000000000000021e,1875846777,6127010,38900,H1,067,01155137,440,A,41067,+45.5535419,-123.0976146,06,,G4020,Washington,Washington County,41,2024-04-28,86.96835175144204,1714262400000,"{""type"":""MultiPoint"",""coordinates"":[]}"
880_0000000000000000021b,4845034547,31873103,38900,H1,005,01155127,440,A,41005,+45.1604934,-122.1951274,06,,G4020,Clackamas,Clackamas County,41,2024-04-29,91.69426829834795,1714348800000,"{""type"":""MultiPoint"",""coordinates"":[]}"
880_0000000000000000021c,1116558776,88222268,38900,H1,051,01135861,440,A,41051,+45.5477107,-122.4173625,06,,G4020,Multnomah,Multnomah County,41,2024-04-29,89.62404768321439,1714348800000,"{""type"":""MultiPoint"",""coordinates"":[]}"
880_0000000000000000021e,1875846777,6127010,38900,H1,067,01155137,440,A,41067,+45.5535419,-123.0976146,06,,G4020,Washington,Washington County,41,2024-04-29,86.24554977840509,1714348800000,"{""type"":""MultiPoint"",""coordinates"":[]}"
881_0000000000000000021b,4845034547,31873103,38900,H1,005,01155127,440,A,41005,+45.1604934,-122.1951274,06,,G4020,Clackamas,Clackamas County,41,2024-04-30,91.80566313134811,1714435200000,"{""type"":""MultiPoint"",""coordinates"":[]}"
881_0000000000000000021c,1116558776,88222268,38900,H1,051,01135861,440,A,41051,+45.5477107,-122.4173625,06,,G4020,Multnomah,Multnomah County,41,2024-04-30,92.46662707120659,1714435200000,"{""type"":""MultiPoint"",""coordinates"":[]}"
881_0000000000000000021e,1875846777,6127010,38900,H1,067,01155137,440,A,41067,+45.5535419,-123.0976146,06,,G4020,Washington,Washington County,41,2024-04-30,87.20076497618297,1714435200000,"{""type"":""MultiPoint"",""coordinates"":[]}"
882_0000000000000000021b,4845034547,31873103,38900,H1,005,01155127,440,A,41005,+45.1604934,-122.1951274,06,,G4020,Clackamas,Clackamas County,41,2024-05-01,83.54739313370722,1714521600000,"{""type"":""MultiPoint"",""coordinates"":[]}"
882_0000000000000000021c,1116558776,88222268,38900,H1,051,01135861,440,A,41051,+45.5477107,-122.4173625,06,,G4020,Multnomah,Multnomah County,41,2024-05-01,86.19288778712601,1714521600000,"{""type"":""MultiPoint"",""coordinates"":[]}"
882_0000000000000000021e,1875846777,6127010,38900,H1,067,01155137,440,A,41067,+45.5535419,-123.0976146,06,,G4020,Washington,Washington County,41,2024-05-01,81.58320185273324,1714521600000,"{""type"":""MultiPoint"",""coordinates"":[]}"
883_0000000000000000021b,4845034547,31873103,38900,H1,005,01155127,440,A,41005,+45.1604934,-122.1951274,06,,G4020,Clackamas,Clackamas County,41,2024-05-02,80.27433505921144,1714608000000,"{""type"":""MultiPoint"",""coordinates"":[]}"
883_0000000000000000021c,1116558776,88222268,38900,H1,051,01135861,440,A,41051,+45.5477107,-122.4173625,06,,G4020,Multnomah,Multnomah County,41,2024-05-02,74.78418334554368,1714608000000,"{""type"":""MultiPoint"",""coordinates"":[]}"
883_0000000000000000021e,1875846777,6127010,38900,H1,067,01155137,440,A,41067,+45.5535419,-123.0976146,06,,G4020,Washington,Washington County,41,2024-05-02,76.94694126478053,1714608000000,"{""type"":""MultiPoint"",""coordinates"":[]}"
884_0000000000000000021b,4845034547,31873103,38900,H1,005,01155127,440,A,41005,+45.1604934,-122.1951274,06,,G4020,Clackamas,Clackamas County,41,2024-05-03,76.62977727263934,1714694400000,"{""type"":""MultiPoint"",""coordinates"":[]}"
884_0000000000000000021c,1116558776,88222268,38900,H1,051,01135861,440,A,41051,+45.5477107,-122.4173625,06,,G4020,Multnomah,Multnomah County,41,2024-05-03,74.76591934705651,1714694400000,"{""type"":""MultiPoint"",""coordinates"":[]}"
884_0000000000000000021e,1875846777,6127010,38900,H1,067,01155137,440,A,41067,+45.5535419,-123.0976146,06,,G4020,Washington,Washington County,41,2024-05-03,78.27395297104067,1714694400000,"{""type"":""MultiPoint"",""coordinates"":[]}"
885_0000000000000000021b,4845034547,31873103,38900,H1,005,01155127,440,A,41005,+45.1604934,-122.1951274,06,,G4020,Clackamas,Clackamas County,41,2024-05-04,98.37930465179414,1714780800000,"{""type"":""MultiPoint"",""coordinates"":[]}"
885_0000000000000000021c,1116558776,88222268,38900,H1,051,01135861,440,A,41051,+45.5477107,-122.4173625,06,,G4020,Multnomah,Multnomah County,41,2024-05-04,97.25613302998605,1714780800000,"{""type"":""MultiPoint"",""coordinates"":[]}"
885_0000000000000000021e,1875846777,6127010,38900,H1,067,01155137,440,A,41067,+45.5535419,-123.0976146,06,,G4020,Washington,Washington County,41,2024-05-04,98.57532037447045,1714780800000,"{""type"":""MultiPoint"",""coordinates"":[]}"
886_0000000000000000021b,4845034547,31873103,38900,H1,005,01155127,440,A,41005,+45.1604934,-122.1951274,06,,G4020,Clackamas,Clackamas County,41,2024-05-05,96.9983411795536,1714867200000,"{""type"":""MultiPoint"",""coordinates"":[]}"
886_0000000000000000021c,1116558776,88222268,38900,H1,051,01135861,440,A,41051,+45.5477107,-122.4173625,06,,G4020,Multnomah,Multnomah County,41,2024-05-05,97.89711727951855,1714867200000,"{""type"":""MultiPoint"",""coordinates"":[]}"
886_0000000000000000021e,1875846777,6127010,38900,H1,067,01155137,440,A,41067,+45.5535419,-123.0976146,06,,G4020,Washington,Washington County,41,2024-05-05,94.64424397703009,1714867200000,"{""type"":""MultiPoint"",""coordinates"":[]}"
887_0000000000000000021b,4845034547,31873103,38900,H1,005,01155127,440,A,41005,+45.1604934,-122.1951274,06,,G4020,Clackamas,Clackamas County,41,2024-05-06,96.31396002124352,1714953600000,"{""type"":""MultiPoint"",""coordinates"":[]}"
887_0000000000000000021c,1116558776,88222268,38900,H1,051,01135861,440,A,41051,+45.5477107,-122.4173625,06,,G4020,Multnomah,Multnomah County,41,2024-05-06,95.12099332090695,1714953600000,"{""type"":""MultiPoint"",""coordinates"":[]}"
887_0000000000000000021e,1875846777,6127010,38900,H1,067,01155137,440,A,41067,+45.5535419,-123.0976146,06,,G4020,Washington,Washington County,41,2024-05-06,90.8439313312509,1714953600000,"{""type"":""MultiPoint"",""coordinates"":[]}"
888_0000000000000000021b,4845034547,31873103,38900,H1,005,01155127,440,A,41005,+45.1604934,-122.1951274,06,,G4020,Clackamas,Clackamas County,41,2024-05-07,89.87711540362724,1715040000000,"{""type"":""MultiPoint"",""coordinates"":[]}"
888_0000000000000000021c,1116558776,88222268,38900,H1,051,01135861,440,A,41051,+45.5477107,-122.4173625,06,,G4020,Multnomah,Multnomah County,41,2024-05-07,88.45642801134697,1715040000000,"{""type"":""MultiPoint"",""coordinates"":[]}"
888_0000000000000000021e,1875846777,6127010,38900,H1,067,01155137,440,A,41067,+45.5535419,-123.0976146,06,,G4020,Washington,Washington County,41,2024-05-07,84.96172698959359,1715040000000,"{""type"":""MultiPoint"",""coordinates"":[]}"
889_0000000000000000021b,4845034547,31873103,38900,H1,005,01155127,440,A,41005,+45.1604934,-122.1951274,06,,G4020,Clackamas,Clackamas County,41,2024-05-08,75.77285529503796,1715126400000,"{""type"":""MultiPoint"",""coordinates"":[]}"
889_0000000000000000021c,1116558776,88222268,38900,H1,051,01135861,440,A,41051,+45.5477107,-122.4173625,06,,G4020,Multnomah,Multnomah County,41,2024-05-08,71.23311993998516,1715126400000,"{""type"":""MultiPoint"",""coordinates"":[]}"
889_0000000000000000021e,1875846777,6127010,38900,H1,067,01155137,440,A,41067,+45.5535419,-123.0976146,06,,G4020,Washington,Washington County,41,2024-05-08,68.36525604704332,1715126400000,"{""type"":""MultiPoint"",""coordinates"":[]}"
890_0000000000000000021b,4845034547,31873103,38900,H1,005,01155127,440,A,41005,+45.1604934,-122.1951274,06,,G4020,Clackamas,Clackamas County,41,2024-05-09,61.42911701251451,1715212800000,"{""type"":""MultiPoint"",""coordinates"":[]}"
890_0000000000000000021c,1116558776,88222268,38900,H1,051,01135861,440,A,41051,+45.5477107,-122.4173625,06,,G4020,Multnomah,Multnomah County,41,2024-05-09,59.89455972900731,1715212800000,"{""type"":""MultiPoint"",""coordinates"":[]}"
890_0000000000000000021e,1875846777,6127010,38900,H1,067,01155137,440,A,41067,+45.5535419,-123.0976146,06,,G4020,Washington,Washington County,41,2024-05-09,57.978372205440614,1715212800000,"{""type"":""MultiPoint"",""coordinates"":[]}"
891_0000000000000000021b,4845034547,31873103,38900,H1,005,01155127,440,A,41005,+45.1604934,-122.1951274,06,,G4020,Clackamas,Clackamas County,41,2024-05-10,55.53621073627044,1715299200000,"{""type"":""MultiPoint"",""coordinates"":[]}"
891_0000000000000000021c,1116558776,88222268,38900,H1,051,01135861,440,A,41051,+45.5477107,-122.4173625,06,,G4020,Multnomah,Multnomah County,41,2024-05-10,57.58224916257272,1715299200000,"{""type"":""MultiPoint"",""coordinates"":[]}"
891_0000000000000000021e,1875846777,6127010,38900,H1,067,01155137,440,A,41067,+45.5535419,-123.0976146,06,,G4020,Washington,Washington County,41,2024-05-10,59.50408226472816,1715299200000,"{""type"":""MultiPoint"",""coordinates"":[]}"
892_0000000000000000021b,4845034547,31873103,38900,H1,005,01155127,440,A,41005,+45.1604934,-122.1951274,06,,G4020,Clackamas,Clackamas County,41,2024-05-11,60.688194593419034,1715385600000,"{""type"":""MultiPoint"",""coordinates"":[]}"
892_0000000000000000021c,1116558776,88222268,38900,H1,051,01135861,440,A,41051,+45.5477107,-122.4173625,06,,G4020,Multnomah,Multnomah County,41,2024-05-11,64.09164519813064,1715385600000,"{""type"":""MultiPoint"",""coordinates"":[]}"
892_0000000000000000021e,1875846777,6127010,38900,H1,067,01155137,440,A,41067,+45.5535419,-123.0976146,06,,G4020,Washington,Washington County,41,2024-05-11,66.04396161692577,1715385600000,"{""type"":""MultiPoint"",""coordinates"":[]}"
893_0000000000000000021b,4845034547,31873103,38900,H1,005,01155127,440,A,41005,+45.1604934,-122.1951274,06,,G4020,Clackamas,Clackamas County,41,2024-05-12,67.07563227412324,1715472000000,"{""type"":""MultiPoint"",""coordinates"":[]}"
893_0000000000000000021c,1116558776,88222268,38900,H1,051,01135861,440,A,41051,+45.5477107,-122.4173625,06,,G4020,Multnomah,Multnomah County,41,2024-05-12,66.45720166345433,1715472000000,"{""type"":""MultiPoint"",""coordinates"":[]}"
893_0000000000000000021e,1875846777,6127010,38900,H1,067,01155137,440,A,41067,+45.5535419,-123.0976146,06,,G4020,Washington,Washington County,41,2024-05-12,65.05858611094925,1715472000000,"{""type"":""MultiPoint"",""coordinates"":[]}"
894_0000000000000000021b,4845034547,31873103,38900,H1,005,01155127,440,A,41005,+45.1604934,-122.1951274,06,,G4020,Clackamas,Clackamas County,41,2024-05-13,70.54122637217968,1715558400000,"{""type"":""MultiPoint"",""coordinates"":[]}"
894_0000000000000000021c,1116558776,88222268,38900,H1,051,01135861,440,A,41051,+45.5477107,-122.4173625,06,,G4020,Multnomah,Multnomah County,41,2024-05-13,71.3020627833123,1715558400000,"{""type"":""MultiPoint"",""coordinates"":[]}"
894_0000000000000000021e,1875846777,6127010,38900,H1,067,01155137,440,A,41067,+45.5535419,-123.0976146,06,,G4020,Washington,Washington County,41,2024-05-13,71.18596479844759,1715558400000,"{""type"":""MultiPoint"",""coordinates"":[]}"
895_0000000000000000021b,4845034547,31873103,38900,H1,005,01155127,440,A,41005,+45.1604934,-122.1951274,06,,G4020,Clackamas,Clackamas County,41,2024-05-14,72.12007794268821,1715644800000,"{""type"":""MultiPoint"",""coordinates"":[]}"
895_0000000000000000021c,1116558776,88222268,38900,H1,051,01135861,440,A,41051,+45.5477107,-122.4173625,06,,G4020,Multnomah,Multnomah County,41,2024-05-14,71.4112692230548,1715644800000,"{""type"":""MultiPoint"",""coordinates"":[]}"
895_0000000000000000021e,1875846777,6127010,38900,H1,067,01155137,440,A,41067,+45.5535419,-123.0976146,06,,G4020,Washington,Washington County,41,2024-05-14,70.68353607319439,1715644800000,"{""type"":""MultiPoint"",""coordinates"":[]}"
896_0000000000000000021b,4845034547,31873103,38900,H1,005,01155127,440,A,41005,+45.1604934,-122.1951274,06,,G4020,Clackamas,Clackamas County,41,2024-05-15,65.08310164291247,1715731200000,"{""type"":""MultiPoint"",""coordinates"":[]}"
896_0000000000000000021c,1116558776,88222268,38900,H1,051,01135861,440,A,41051,+45.5477107,-122.4173625,06,,G4020,Multnomah,Multnomah County,41,2024-05-15,65.25520639161947,1715731200000,"{""type"":""MultiPoint"",""coordinates"":[]}"
896_0000000000000000021e,1875846777,6127010,38900,H1,067,01155137,440,A,41067,+45.5535419,-123.0976146,06,,G4020,Washington,Washington County,41,2024-05-15,66.55155262383019,1715731200000,"{""type"":""MultiPoint"",""coordinates"":[]}"
897_0000000000000000021b,4845034547,31873103,38900,H1,005,01155127,440,A,41005,+45.1604934,-122.1951274,06,,G4020,Clackamas,Clackamas County,41,2024-05-16,73.80790197628511,1715817600000,"{""type"":""MultiPoint"",""coordinates"":[]}"
897_0000000000000000021c,1116558776,88222268,38900,H1,051,01135861,440,A,41051,+45.5477107,-122.4173625,06,,G4020,Multnomah,Multnomah County,41,2024-05-16,73.03328975341383,1715817600000,"{""type"":""MultiPoint"",""coordinates"":[]}"
897_0000000000000000021e,1875846777,6127010,38900,H1,067,01155137,440,A,41067,+45.5535419,-123.0976146,06,,G4020,Washington,Washington County,41,2024-05-16,71.87611909202704,1715817600000,"{""type"":""MultiPoint"",""coordinates"":[]}"
898_0000000000000000021b,4845034547,31873103,38900,H1,005,01155127,440,A,41005,+45.1604934,-122.1951274,06,,G4020,Clackamas,Clackamas County,41,2024-05-17,68.6827495041835,1715904000000,"{""type"":""MultiPoint"",""coordinates"":[]}"
898_0000000000000000021c,1116558776,88222268,38900,H1,051,01135861,440,A,41051,+45.5477107,-122.4173625,06,,G4020,Multnomah,Multnomah County,41,2024-05-17,64.3394075038389,1715904000000,"{""type"":""MultiPoint"",""coordinates"":[]}"
898_0000000000000000021e,1875846777,6127010,38900,H1,067,01155137,440,A,41067,+45.5535419,-123.0976146,06,,G4020,Washington,Washington County,41,2024-05-17,62.780438201398844,1715904000000,"{""type"":""MultiPoint"",""coordinates"":[]}"
899_0000000000000000021b,4845034547,31873103,38900,H1,005,01155127,440,A,41005,+45.1604934,-122.1951274,06,,G4020,Clackamas,Clackamas County,41,2024-05-18,65.94957178723558,1715990400000,"{""type"":""MultiPoint"",""coordinates"":[]}"
899_0000000000000000021c,1116558776,88222268,38900,H1,051,01135861,440,A,41051,+45.5477107,-122.4173625,06,,G4020,Multnomah,Multnomah County,41,2024-05-18,66.77945180634427,1715990400000,"{""type"":""MultiPoint"",""coordinates"":[]}"
899_0000000000000000021e,1875846777,6127010,38900,H1,067,01155137,440,A,41067,+45.5535419,-123.0976146,06,,G4020,Washington,Washington County,41,2024-05-18,68.90995529640861,1715990400000,"{""type"":""MultiPoint"",""coordinates"":[]}"
900_0000000000000000021b,4845034547,31873103,38900,H1,005,01155127,440,A,41005,+45.1604934,-122.1951274,06,,G4020,Clackamas,Clackamas County,41,2024-05-19,80.26654130361935,1716076800000,"{""type"":""MultiPoint"",""coordinates"":[]}"
900_0000000000000000021c,1116558776,88222268,38900,H1,051,01135861,440,A,41051,+45.5477107,-122.4173625,06,,G4020,Multnomah,Multnomah County,41,2024-05-19,79.5801804033209,1716076800000,"{""type"":""MultiPoint"",""coordinates"":[]}"
900_0000000000000000021e,1875846777,6127010,38900,H1,067,01155137,440,A,41067,+45.5535419,-123.0976146,06,,G4020,Washington,Washington County,41,2024-05-19,75.36443021361157,1716076800000,"{""type"":""MultiPoint"",""coordinates"":[]}"
901_0000000000000000021b,4845034547,31873103,38900,H1,005,01155127,440,A,41005,+45.1604934,-122.1951274,06,,G4020,Clackamas,Clackamas County,41,2024-05-20,72.99123824220953,1716163200000,"{""type"":""MultiPoint"",""coordinates"":[]}"
901_0000000000000000021c,1116558776,88222268,38900,H1,051,01135861,440,A,41051,+45.5477107,-122.4173625,06,,G4020,Multnomah,Multnomah County,41,2024-05-20,70.0468912229442,1716163200000,"{""type"":""MultiPoint"",""coordinates"":[]}"
901_0000000000000000021e,1875846777,6127010,38900,H1,067,01155137,440,A,41067,+45.5535419,-123.0976146,06,,G4020,Washington,Washington County,41,2024-05-20,67.24628551641409,1716163200000,"{""type"":""MultiPoint"",""coordinates"":[]}"
902_0000000000000000021b,4845034547,31873103,38900,H1,005,01155127,440,A,41005,+45.1604934,-122.1951274,06,,G4020,Clackamas,Clackamas County,41,2024-05-21,76.45061275526237,1716249600000,"{""type"":""MultiPoint"",""coordinates"":[]}"
902_0000000000000000021c,1116558776,88222268,38900,H1,051,01135861,440,A,41051,+45.5477107,-122.4173625,06,,G4020,Multnomah,Multnomah County,41,2024-05-21,77.94451994863022,1716249600000,"{""type"":""MultiPoint"",""coordinates"":[]}"
902_0000000000000000021e,1875846777,6127010,38900,H1,067,01155137,440,A,41067,+45.5535419,-123.0976146,06,,G4020,Washington,Washington County,41,2024-05-21,79.69905536182004,1716249600000,"{""type"":""MultiPoint"",""coordinates"":[]}"
903_0000000000000000021b,4845034547,31873103,38900,H1,005,01155127,440,A,41005,+45.1604934,-122.1951274,06,,G4020,Clackamas,Clackamas County,41,2024-05-22,94.1825835185025,1716336000000,"{""type"":""MultiPoint"",""coordinates"":[]}"
903_0000000000000000021c,1116558776,88222268,38900,H1,051,01135861,440,A,41051,+45.5477107,-122.4173625,06,,G4020,Multnomah,Multnomah County,41,2024-05-22,89.79555641351787,1716336000000,"{""type"":""MultiPoint"",""coordinates"":[]}"
903_0000000000000000021e,1875846777,6127010,38900,H1,067,01155137,440,A,41067,+45.5535419,-123.0976146,06,,G4020,Washington,Washington County,41,2024-05-22,83.75726372782809,1716336000000,"{""type"":""MultiPoint"",""coordinates"":[]}"
904_0000000000000000021b,4845034547,31873103,38900,H1,005,01155127,440,A,41005,+45.1604934,-122.1951274,06,,G4020,Clackamas,Clackamas County,41,2024-05-23,81.3519158448813,1716422400000,"{""type"":""MultiPoint"",""coordinates"":[]}"
904_0000000000000000021c,1116558776,88222268,38900,H1,051,01135861,440,A,41051,+45.5477107,-122.4173625,06,,G4020,Multnomah,Multnomah County,41,2024-05-23,77.02713206093814,1716422400000,"{""type"":""MultiPoint"",""coordinates"":[]}"
904_0000000000000000021e,1875846777,6127010,38900,H1,067,01155137,440,A,41067,+45.5535419,-123.0976146,06,,G4020,Washington,Washington County,41,2024-05-23,73.14750227683892,1716422400000,"{""type"":""MultiPoint"",""coordinates"":[]}"
905_0000000000000000021b,4845034547,31873103,38900,H1,005,01155127,440,A,41005,+45.1604934,-122.1951274,06,,G4020,Clackamas,Clackamas County,41,2024-05-24,73.70632190309003,1716508800000,"{""type"":""MultiPoint"",""coordinates"":[]}"
905_0000000000000000021c,1116558776,88222268,38900,H1,051,01135861,440,A,41051,+45.5477107,-122.4173625,06,,G4020,Multnomah,Multnomah County,41,2024-05-24,73.19681596256564,1716508800000,"{""type"":""MultiPoint"",""coordinates"":[]}"
905_0000000000000000021e,1875846777,6127010,38900,H1,067,01155137,440,A,41067,+45.5535419,-123.0976146,06,,G4020,Washington,Washington County,41,2024-05-24,74.84456101079601,1716508800000,"{""type"":""MultiPoint"",""coordinates"":[]}"
906_0000000000000000021b,4845034547,31873103,38900,H1,005,01155127,440,A,41005,+45.1604934,-122.1951274,06,,G4020,Clackamas,Clackamas County,41,2024-05-25,81.96791282681967,1716595200000,"{""type"":""MultiPoint"",""coordinates"":[]}"
906_0000000000000000021c,1116558776,88222268,38900,H1,051,01135861,440,A,41051,+45.5477107,-122.4173625,06,,G4020,Multnomah,Multnomah County,41,2024-05-25,78.17956989031842,1716595200000,"{""type"":""MultiPoint"",""coordinates"":[]}"
906_0000000000000000021e,1875846777,6127010,38900,H1,067,01155137,440,A,41067,+45.5535419,-123.0976146,06,,G4020,Washington,Washington County,41,2024-05-25,74.6558053672452,1716595200000,"{""type"":""MultiPoint"",""coordinates"":[]}"
907_0000000000000000021b,4845034547,31873103,38900,H1,005,01155127,440,A,41005,+45.1604934,-122.1951274,06,,G4020,Clackamas,Clackamas County,41,2024-05-26,70.06353633050516,1716681600000,"{""type"":""MultiPoint"",""coordinates"":[]}"
907_0000000000000000021c,1116558776,88222268,38900,H1,051,01135861,440,A,41051,+45.5477107,-122.4173625,06,,G4020,Multnomah,Multnomah County,41,2024-05-26,69.62897964416003,1716681600000,"{""type"":""MultiPoint"",""coordinates"":[]}"
907_0000000000000000021e,1875846777,6127010,38900,H1,067,01155137,440,A,41067,+45.5535419,-123.0976146,06,,G4020,Washington,Washington County,41,2024-05-26,71.63375621559167,1716681600000,"{""type"":""MultiPoint"",""coordinates"":[]}"
908_0000000000000000021b,4845034547,31873103,38900,H1,005,01155127,440,A,41005,+45.1604934,-122.1951274,06,,G4020,Clackamas,Clackamas County,41,2024-05-27,72.56990860662164,1716768000000,"{""type"":""MultiPoint"",""coordinates"":[]}"
908_0000000000000000021c,1116558776,88222268,38900,H1,051,01135861,440,A,41051,+45.5477107,-122.4173625,06,,G4020,Multnomah,Multnomah County,41,2024-05-27,72.59472711766091,1716768000000,"{""type"":""MultiPoint"",""coordinates"":[]}"
908_0000000000000000021e,1875846777,6127010,38900,H1,067,01155137,440,A,41067,+45.5535419,-123.0976146,06,,G4020,Washington,Washington County,41,2024-05-27,72.99768807211323,1716768000000,"{""type"":""MultiPoint"",""coordinates"":[]}"
909_0000000000000000021b,4845034547,31873103,38900,H1,005,01155127,440,A,41005,+45.1604934,-122.1951274,06,,G4020,Clackamas,Clackamas County,41,2024-05-28,79.82316693788377,1716854400000,"{""type"":""MultiPoint"",""coordinates"":[]}"
909_0000000000000000021c,1116558776,88222268,38900,H1,051,01135861,440,A,41051,+45.5477107,-122.4173625,06,,G4020,Multnomah,Multnomah County,41,2024-05-28,76.11789734890104,1716854400000,"{""type"":""MultiPoint"",""coordinates"":[]}"
909_0000000000000000021e,1875846777,6127010,38900,H1,067,01155137,440,A,41067,+45.5535419,-123.0976146,06,,G4020,Washington,Washington County,41,2024-05-28,76.22290848005028,1716854400000,"{""type"":""MultiPoint"",""coordinates"":[]}"
910_0000000000000000021b,4845034547,31873103,38900,H1,005,01155127,440,A,41005,+45.1604934,-122.1951274,06,,G4020,Clackamas,Clackamas County,41,2024-05-29,82.54847222948044,1716940800000,"{""type"":""MultiPoint"",""coordinates"":[]}"
910_0000000000000000021c,1116558776,88222268,38900,H1,051,01135861,440,A,41051,+45.5477107,-122.4173625,06,,G4020,Multnomah,Multnomah County,41,2024-05-29,80.00895854488398,1716940800000,"{""type"":""MultiPoint"",""coordinates"":[]}"
910_0000000000000000021e,1875846777,6127010,38900,H1,067,01155137,440,A,41067,+45.5535419,-123.0976146,06,,G4020,Washington,Washington County,41,2024-05-29,75.14613034454072,1716940800000,"{""type"":""MultiPoint"",""coordinates"":[]}"
911_0000000000000000021b,4845034547,31873103,38900,H1,005,01155127,440,A,41005,+45.1604934,-122.1951274,06,,G4020,Clackamas,Clackamas County,41,2024-05-30,69.42418816129255,1717027200000,"{""type"":""MultiPoint"",""coordinates"":[]}"
911_0000000000000000021c,1116558776,88222268,38900,H1,051,01135861,440,A,41051,+45.5477107,-122.4173625,06,,G4020,Multnomah,Multnomah County,41,2024-05-30,67.32189445226909,1717027200000,"{""type"":""MultiPoint"",""coordinates"":[]}"
911_0000000000000000021e,1875846777,6127010,38900,H1,067,01155137,440,A,41067,+45.5535419,-123.0976146,06,,G4020,Washington,Washington County,41,2024-05-30,66.24629745651285,1717027200000,"{""type"":""MultiPoint"",""coordinates"":[]}"
912_0000000000000000021b,4845034547,31873103,38900,H1,005,01155127,440,A,41005,+45.1604934,-122.1951274,06,,G4020,Clackamas,Clackamas County,41,2024-05-31,61.34156326841694,1717113600000,"{""type"":""MultiPoint"",""coordinates"":[]}"
912_0000000000000000021c,1116558776,88222268,38900,H1,051,01135861,440,A,41051,+45.5477107,-122.4173625,06,,G4020,Multnomah,Multnomah County,41,2024-05-31,60.07739192152789,1717113600000,"{""type"":""MultiPoint"",""coordinates"":[]}"
912_0000000000000000021e,1875846777,6127010,38900,H1,067,01155137,440,A,41067,+45.5535419,-123.0976146,06,,G4020,Washington,Washington County,41,2024-05-31,59.528636101408416,1717113600000,"{""type"":""MultiPoint"",""coordinates"":[]}"
913_0000000000000000021b,4845034547,31873103,38900,H1,005,01155127,440,A,41005,+45.1604934,-122.1951274,06,,G4020,Clackamas,Clackamas County,41,2024-06-01,67.89343672126371,1717200000000,"{""type"":""MultiPoint"",""coordinates"":[]}"
913_0000000000000000021c,1116558776,88222268,38900,H1,051,01135861,440,A,41051,+45.5477107,-122.4173625,06,,G4020,Multnomah,Multnomah County,41,2024-06-01,65.26690785849212,1717200000000,"{""type"":""MultiPoint"",""coordinates"":[]}"
913_0000000000000000021e,1875846777,6127010,38900,H1,067,01155137,440,A,41067,+45.5535419,-123.0976146,06,,G4020,Washington,Washington County,41,2024-06-01,64.44147645545263,1717200000000,"{""type"":""MultiPoint"",""coordinates"":[]}"
914_0000000000000000021b,4845034547,31873103,38900,H1,005,01155127,440,A,41005,+45.1604934,-122.1951274,06,,G4020,Clackamas,Clackamas County,41,2024-06-02,82.55846262587347,1717286400000,"{""type"":""MultiPoint"",""coordinates"":[]}"
914_0000000000000000021c,1116558776,88222268,38900,H1,051,01135861,440,A,41051,+45.5477107,-122.4173625,06,,G4020,Multnomah,Multnomah County,41,2024-06-02,82.37296098831483,1717286400000,"{""type"":""MultiPoint"",""coordinates"":[]}"
914_0000000000000000021e,1875846777,6127010,38900,H1,067,01155137,440,A,41067,+45.5535419,-123.0976146,06,,G4020,Washington,Washington County,41,2024-06-02,83.5881368975266,1717286400000,"{""type"":""MultiPoint"",""coordinates"":[]}"
915_0000000000000000021b,4845034547,31873103,38900,H1,005,01155127,440,A,41005,+45.1604934,-122.1951274,06,,G4020,Clackamas,Clackamas County,41,2024-06-03,88.86566814038933,1717372800000,"{""type"":""MultiPoint"",""coordinates"":[]}"
915_0000000000000000021c,1116558776,88222268,38900,H1,051,01135861,440,A,41051,+45.5477107,-122.4173625,06,,G4020,Multnomah,Multnomah County,41,2024-06-03,87.07122099452059,1717372800000,"{""type"":""MultiPoint"",""coordinates"":[]}"
915_0000000000000000021e,1875846777,6127010,38900,H1,067,01155137,440,A,41067,+45.5535419,-123.0976146,06,,G4020,Washington,Washington County,41,2024-06-03,83.41263360589683,1717372800000,"{""type"":""MultiPoint"",""coordinates"":[]}"
916_0000000000000000021b,4845034547,31873103,38900,H1,005,01155127,440,A,41005,+45.1604934,-122.1951274,06,,G4020,Clackamas,Clackamas County,41,2024-06-04,85.35583226882795,1717459200000,"{""type"":""MultiPoint"",""coordinates"":[]}"
916_0000000000000000021c,1116558776,88222268,38900,H1,051,01135861,440,A,41051,+45.5477107,-122.4173625,06,,G4020,Multnomah,Multnomah County,41,2024-06-04,85.76828710423227,1717459200000,"{""type"":""MultiPoint"",""coordinates"":[]}"
916_0000000000000000021e,1875846777,6127010,38900,H1,067,01155137,440,A,41067,+45.5535419,-123.0976146,06,,G4020,Washington,Washington County,41,2024-06-04,85.38863831478773,1717459200000,"{""type"":""MultiPoint"",""coordinates"":[]}"
917_0000000000000000021b,4845034547,31873103,38900,H1,005,01155127,440,A,41005,+45.1604934,-122.1951274,06,,G4020,Clackamas,Clackamas County,41,2024-06-05,79.8344243834075,1717545600000,"{""type"":""MultiPoint"",""coordinates"":[]}"
917_0000000000000000021c,1116558776,88222268,38900,H1,051,01135861,440,A,41051,+45.5477107,-122.4173625,06,,G4020,Multnomah,Multnomah County,41,2024-06-05,77.94039611109521,1717545600000,"{""type"":""MultiPoint"",""coordinates"":[]}"
917_0000000000000000021e,1875846777,6127010,38900,H1,067,01155137,440,A,41067,+45.5535419,-123.0976146,06,,G4020,Washington,Washington County,41,2024-06-05,76.17923585945177,1717545600000,"{""type"":""MultiPoint"",""coordinates"":[]}"
918_0000000000000000021b,4845034547,31873103,38900,H1,005,01155127,440,A,41005,+45.1604934,-122.1951274,06,,G4020,Clackamas,Clackamas County,41,2024-06-06,61.924912185120334,1717632000000,"{""type"":""MultiPoint"",""coordinates"":[]}"
918_0000000000000000021c,1116558776,88222268,38900,H1,051,01135861,440,A,41051,+45.5477107,-122.4173625,06,,G4020,Multnomah,Multnomah County,41,2024-06-06,61.010623956063476,1717632000000,"{""type"":""MultiPoint"",""coordinates"":[]}"
918_0000000000000000021e,1875846777,6127010,38900,H1,067,01155137,440,A,41067,+45.5535419,-123.0976146,06,,G4020,Washington,Washington County,41,2024-06-06,60.78530432757326,1717632000000,"{""type"":""MultiPoint"",""coordinates"":[]}"
919_0000000000000000021b,4845034547,31873103,38900,H1,005,01155127,440,A,41005,+45.1604934,-122.1951274,06,,G4020,Clackamas,Clackamas County,41,2024-06-07,63.817215442514815,1717718400000,"{""type"":""MultiPoint"",""coordinates"":[]}"
919_0000000000000000021c,1116558776,88222268,38900,H1,051,01135861,440,A,41051,+45.5477107,-122.4173625,06,,G4020,Multnomah,Multnomah County,41,2024-06-07,63.29558274013805,1717718400000,"{""type"":""MultiPoint"",""coordinates"":[]}"
919_0000000000000000021e,1875846777,6127010,38900,H1,067,01155137,440,A,41067,+45.5535419,-123.0976146,06,,G4020,Washington,Washington County,41,2024-06-07,59.90775431549409,1717718400000,"{""type"":""MultiPoint"",""coordinates"":[]}"
920_0000000000000000021b,4845034547,31873103,38900,H1,005,01155127,440,A,41005,+45.1604934,-122.1951274,06,,G4020,Clackamas,Clackamas County,41,2024-06-08,68.27143773852603,1717804800000,"{""type"":""MultiPoint"",""coordinates"":[]}"
920_0000000000000000021c,1116558776,88222268,38900,H1,051,01135861,440,A,41051,+45.5477107,-122.4173625,06,,G4020,Multnomah,Multnomah County,41,2024-06-08,65.27755285110379,1717804800000,"{""type"":""MultiPoint"",""coordinates"":[]}"
920_0000000000000000021e,1875846777,6127010,38900,H1,067,01155137,440,A,41067,+45.5535419,-123.0976146,06,,G4020,Washington,Washington County,41,2024-06-08,60.777096249463824,1717804800000,"{""type"":""MultiPoint"",""coordinates"":[]}"
921_0000000000000000021b,4845034547,31873103,38900,H1,005,01155127,440,A,41005,+45.1604934,-122.1951274,06,,G4020,Clackamas,Clackamas County,41,2024-06-09,66.57057641311485,1717891200000,"{""type"":""MultiPoint"",""coordinates"":[]}"
921_0000000000000000021c,1116558776,88222268,38900,H1,051,01135861,440,A,41051,+45.5477107,-122.4173625,06,,G4020,Multnomah,Multnomah County,41,2024-06-09,65.0936382385734,1717891200000,"{""type"":""MultiPoint"",""coordinates"":[]}"
921_0000000000000000021e,1875846777,6127010,38900,H1,067,01155137,440,A,41067,+45.5535419,-123.0976146,06,,G4020,Washington,Washington County,41,2024-06-09,61.75675188593824,1717891200000,"{""type"":""MultiPoint"",""coordinates"":[]}"
922_0000000000000000021b,4845034547,31873103,38900,H1,005,01155127,440,A,41005,+45.1604934,-122.1951274,06,,G4020,Clackamas,Clackamas County,41,2024-06-10,68.09657455601226,1717977600000,"{""type"":""MultiPoint"",""coordinates"":[]}"
922_0000000000000000021c,1116558776,88222268,38900,H1,051,01135861,440,A,41051,+45.5477107,-122.4173625,06,,G4020,Multnomah,Multnomah County,41,2024-06-10,67.36496666882049,1717977600000,"{""type"":""MultiPoint"",""coordinates"":[]}"
922_0000000000000000021e,1875846777,6127010,38900,H1,067,01155137,440,A,41067,+45.5535419,-123.0976146,06,,G4020,Washington,Washington County,41,2024-06-10,63.101488986375855,1717977600000,"{""type"":""MultiPoint"",""coordinates"":[]}"
923_0000000000000000021b,4845034547,31873103,38900,H1,005,01155127,440,A,41005,+45.1604934,-122.1951274,06,,G4020,Clackamas,Clackamas County,41,2024-06-11,64.97339694572133,1718064000000,"{""type"":""MultiPoint"",""coordinates"":[]}"
923_0000000000000000021c,1116558776,88222268,38900,H1,051,01135861,440,A,41051,+45.5477107,-122.4173625,06,,G4020,Multnomah,Multnomah County,41,2024-06-11,65.09873739841706,1718064000000,"{""type"":""MultiPoint"",""coordinates"":[]}"
923_0000000000000000021e,1875846777,6127010,38900,H1,067,01155137,440,A,41067,+45.5535419,-123.0976146,06,,G4020,Washington,Washington County,41,2024-06-11,67.33664447201602,1718064000000,"{""type"":""MultiPoint"",""coordinates"":[]}"
924_0000000000000000021b,4845034547,31873103,38900,H1,005,01155127,440,A,41005,+45.1604934,-122.1951274,06,,G4020,Clackamas,Clackamas County,41,2024-06-12,63.75323216159499,1718150400000,"{""type"":""MultiPoint"",""coordinates"":[]}"
924_0000000000000000021c,1116558776,88222268,38900,H1,051,01135861,440,A,41051,+45.5477107,-122.4173625,06,,G4020,Multnomah,Multnomah County,41,2024-06-12,64.39304028171244,1718150400000,"{""type"":""MultiPoint"",""coordinates"":[]}"
924_0000000000000000021e,1875846777,6127010,38900,H1,067,01155137,440,A,41067,+45.5535419,-123.0976146,06,,G4020,Washington,Washington County,41,2024-06-12,62.841580235601086,1718150400000,"{""type"":""MultiPoint"",""coordinates"":[]}"
925_0000000000000000021b,4845034547,31873103,38900,H1,005,01155127,440,A,41005,+45.1604934,-122.1951274,06,,G4020,Clackamas,Clackamas County,41,2024-06-13,58.83146914566494,1718236800000,"{""type"":""MultiPoint"",""coordinates"":[]}"
925_0000000000000000021c,1116558776,88222268,38900,H1,051,01135861,440,A,41051,+45.5477107,-122.4173625,06,,G4020,Multnomah,Multnomah County,41,2024-06-13,60.65227436421491,1718236800000,"{""type"":""MultiPoint"",""coordinates"":[]}"
925_0000000000000000021e,1875846777,6127010,38900,H1,067,01155137,440,A,41067,+45.5535419,-123.0976146,06,,G4020,Washington,Washington County,41,2024-06-13,61.04600966602903,1718236800000,"{""type"":""MultiPoint"",""coordinates"":[]}"
926_0000000000000000021b,4845034547,31873103,38900,H1,005,01155127,440,A,41005,+45.1604934,-122.1951274,06,,G4020,Clackamas,Clackamas County,41,2024-06-14,64.47626462317422,1718323200000,"{""type"":""MultiPoint"",""coordinates"":[]}"
926_0000000000000000021c,1116558776,88222268,38900,H1,051,01135861,440,A,41051,+45.5477107,-122.4173625,06,,G4020,Multnomah,Multnomah County,41,2024-06-14,64.85307368001733,1718323200000,"{""type"":""MultiPoint"",""coordinates"":[]}"
926_0000000000000000021e,1875846777,6127010,38900,H1,067,01155137,440,A,41067,+45.5535419,-123.0976146,06,,G4020,Washington,Washington County,41,2024-06-14,65.35229552106833,1718323200000,"{""type"":""MultiPoint"",""coordinates"":[]}"
927_0000000000000000021b,4845034547,31873103,38900,H1,005,01155127,440,A,41005,+45.1604934,-122.1951274,06,,G4020,Clackamas,Clackamas County,41,2024-06-15,79.0529249320825,1718409600000,"{""type"":""MultiPoint"",""coordinates"":[]}"
927_0000000000000000021c,1116558776,88222268,38900,H1,051,01135861,440,A,41051,+45.5477107,-122.4173625,06,,G4020,Multnomah,Multnomah County,41,2024-06-15,75.2463613538064,1718409600000,"{""type"":""MultiPoint"",""coordinates"":[]}"
927_0000000000000000021e,1875846777,6127010,38900,H1,067,01155137,440,A,41067,+45.5535419,-123.0976146,06,,G4020,Washington,Washington County,41,2024-06-15,74.60623540768782,1718409600000,"{""type"":""MultiPoint"",""coordinates"":[]}"
928_0000000000000000021b,4845034547,31873103,38900,H1,005,01155127,440,A,41005,+45.1604934,-122.1951274,06,,G4020,Clackamas,Clackamas County,41,2024-06-16,76.51036291654016,1718496000000,"{""type"":""MultiPoint"",""coordinates"":[]}"
928_0000000000000000021c,1116558776,88222268,38900,H1,051,01135861,440,A,41051,+45.5477107,-122.4173625,06,,G4020,Multnomah,Multnomah County,41,2024-06-16,71.70787093621989,1718496000000,"{""type"":""MultiPoint"",""coordinates"":[]}"
928_0000000000000000021e,1875846777,6127010,38900,H1,067,01155137,440,A,41067,+45.5535419,-123.0976146,06,,G4020,Washington,Washington County,41,2024-06-16,74.64666586400958,1718496000000,"{""type"":""MultiPoint"",""coordinates"":[]}"
929_0000000000000000021b,4845034547,31873103,38900,H1,005,01155127,440,A,41005,+45.1604934,-122.1951274,06,,G4020,Clackamas,Clackamas County,41,2024-06-17,85.44831632400196,1718582400000,"{""type"":""MultiPoint"",""coordinates"":[]}"
929_0000000000000000021c,1116558776,88222268,38900,H1,051,01135861,440,A,41051,+45.5477107,-122.4173625,06,,G4020,Multnomah,Multnomah County,41,2024-06-17,78.61657136889737,1718582400000,"{""type"":""MultiPoint"",""coordinates"":[]}"
929_0000000000000000021e,1875846777,6127010,38900,H1,067,01155137,440,A,41067,+45.5535419,-123.0976146,06,,G4020,Washington,Washington County,41,2024-06-17,74.85786476632042,1718582400000,"{""type"":""MultiPoint"",""coordinates"":[]}"
930_0000000000000000021b,4845034547,31873103,38900,H1,005,01155127,440,A,41005,+45.1604934,-122.1951274,06,,G4020,Clackamas,Clackamas County,41,2024-06-18,72.13635464216048,1718668800000,"{""type"":""MultiPoint"",""coordinates"":[]}"
930_0000000000000000021c,1116558776,88222268,38900,H1,051,01135861,440,A,41051,+45.5477107,-122.4173625,06,,G4020,Multnomah,Multnomah County,41,2024-06-18,70.04908647531747,1718668800000,"{""type"":""MultiPoint"",""coordinates"":[]}"
930_0000000000000000021e,1875846777,6127010,38900,H1,067,01155137,440,A,41067,+45.5535419,-123.0976146,06,,G4020,Washington,Washington County,41,2024-06-18,68.24143052997537,1718668800000,"{""type"":""MultiPoint"",""coordinates"":[]}"
931_0000000000000000021b,4845034547,31873103,38900,H1,005,01155127,440,A,41005,+45.1604934,-122.1951274,06,,G4020,Clackamas,Clackamas County,41,2024-06-19,59.64720245464618,1718755200000,"{""type"":""MultiPoint"",""coordinates"":[]}"
931_0000000000000000021c,1116558776,88222268,38900,H1,051,01135861,440,A,41051,+45.5477107,-122.4173625,06,,G4020,Multnomah,Multnomah County,41,2024-06-19,58.44645068403265,1718755200000,"{""type"":""MultiPoint"",""coordinates"":[]}"
931_0000000000000000021e,1875846777,6127010,38900,H1,067,01155137,440,A,41067,+45.5535419,-123.0976146,06,,G4020,Washington,Washington County,41,2024-06-19,60.11381745801251,1718755200000,"{""type"":""MultiPoint"",""coordinates"":[]}"
932_0000000000000000021b,4845034547,31873103,38900,H1,005,01155127,440,A,41005,+45.1604934,-122.1951274,06,,G4020,Clackamas,Clackamas County,41,2024-06-20,50.49740427533231,1718841600000,"{""type"":""MultiPoint"",""coordinates"":[]}"
932_0000000000000000021c,1116558776,88222268,38900,H1,051,01135861,440,A,41051,+45.5477107,-122.4173625,06,,G4020,Multnomah,Multnomah County,41,2024-06-20,51.10361701751151,1718841600000,"{""type"":""MultiPoint"",""coordinates"":[]}"
932_0000000000000000021e,1875846777,6127010,38900,H1,067,01155137,440,A,41067,+45.5535419,-123.0976146,06,,G4020,Washington,Washington County,41,2024-06-20,54.61646018814863,1718841600000,"{""type"":""MultiPoint"",""coordinates"":[]}"
933_0000000000000000021b,4845034547,31873103,38900,H1,005,01155127,440,A,41005,+45.1604934,-122.1951274,06,,G4020,Clackamas,Clackamas County,41,2024-06-21,52.0653488688849,1718928000000,"{""type"":""MultiPoint"",""coordinates"":[]}"
933_0000000000000000021c,1116558776,88222268,38900,H1,051,01135861,440,A,41051,+45.5477107,-122.4173625,06,,G4020,Multnomah,Multnomah County,41,2024-06-21,52.26302164872331,1718928000000,"{""type"":""MultiPoint"",""coordinates"":[]}"
933_0000000000000000021e,1875846777,6127010,38900,H1,067,01155137,440,A,41067,+45.5535419,-123.0976146,06,,G4020,Washington,Washington County,41,2024-06-21,53.030468684243615,1718928000000,"{""type"":""MultiPoint"",""coordinates"":[]}"
934_0000000000000000021b,4845034547,31873103,38900,H1,005,01155127,440,A,41005,+45.1604934,-122.1951274,06,,G4020,Clackamas,Clackamas County,41,2024-06-22,55.11907577070179,1719014400000,"{""type"":""MultiPoint"",""coordinates"":[]}"
934_0000000000000000021c,1116558776,88222268,38900,H1,051,01135861,440,A,41051,+45.5477107,-122.4173625,06,,G4020,Multnomah,Multnomah County,41,2024-06-22,51.604549004985834,1719014400000,"{""type"":""MultiPoint"",""coordinates"":[]}"
934_0000000000000000021e,1875846777,6127010,38900,H1,067,01155137,440,A,41067,+45.5535419,-123.0976146,06,,G4020,Washington,Washington County,41,2024-06-22,47.90592444961648,1719014400000,"{""type"":""MultiPoint"",""coordinates"":[]}"
935_0000000000000000021b,4845034547,31873103,38900,H1,005,01155127,440,A,41005,+45.1604934,-122.1951274,06,,G4020,Clackamas,Clackamas County,41,2024-06-23,66.46528330469566,1719100800000,"{""type"":""MultiPoint"",""coordinates"":[]}"
935_0000000000000000021c,1116558776,88222268,38900,H1,051,01135861,440,A,41051,+45.5477107,-122.4173625,06,,G4020,Multnomah,Multnomah County,41,2024-06-23,63.603519922898826,1719100800000,"{""type"":""MultiPoint"",""coordinates"":[]}"
935_0000000000000000021e,1875846777,6127010,38900,H1,067,01155137,440,A,41067,+45.5535419,-123.0976146,06,,G4020,Washington,Washington County,41,2024-06-23,64.19876485527627,1719100800000,"{""type"":""MultiPoint"",""coordinates"":[]}"
936_0000000000000000021b,4845034547,31873103,38900,H1,005,01155127,440,A,41005,+45.1604934,-122.1951274,06,,G4020,Clackamas,Clackamas County,41,2024-06-24,66.73462863889851,1719187200000,"{""type"":""MultiPoint"",""coordinates"":[]}"
936_0000000000000000021c,1116558776,88222268,38900,H1,051,01135861,440,A,41051,+45.5477107,-122.4173625,06,,G4020,Multnomah,Multnomah County,41,2024-06-24,66.8526414871514,1719187200000,"{""type"":""MultiPoint"",""coordinates"":[]}"
936_0000000000000000021e,1875846777,6127010,38900,H1,067,01155137,440,A,41067,+45.5535419,-123.0976146,06,,G4020,Washington,Washington County,41,2024-06-24,66.22847570332567,1719187200000,"{""type"":""MultiPoint"",""coordinates"":[]}"
937_0000000000000000021b,4845034547,31873103,38900,H1,005,01155127,440,A,41005,+45.1604934,-122.1951274,06,,G4020,Clackamas,Clackamas County,41,2024-06-25,58.75764546489595,1719273600000,"{""type"":""MultiPoint"",""coordinates"":[]}"
937_0000000000000000021c,1116558776,88222268,38900,H1,051,01135861,440,A,41051,+45.5477107,-122.4173625,06,,G4020,Multnomah,Multnomah County,41,2024-06-25,57.23857517116832,1719273600000,"{""type"":""MultiPoint"",""coordinates"":[]}"
937_0000000000000000021e,1875846777,6127010,38900,H1,067,01155137,440,A,41067,+45.5535419,-123.0976146,06,,G4020,Washington,Washington County,41,2024-06-25,56.580490977857,1719273600000,"{""type"":""MultiPoint"",""coordinates"":[]}"
938_0000000000000000021b,4845034547,31873103,38900,H1,005,01155127,440,A,41005,+45.1604934,-122.1951274,06,,G4020,Clackamas,Clackamas County,41,2024-06-26,65.78016201088677,1719360000000,"{""type"":""MultiPoint"",""coordinates"":[]}"
938_0000000000000000021c,1116558776,88222268,38900,H1,051,01135861,440,A,41051,+45.5477107,-122.4173625,06,,G4020,Multnomah,Multnomah County,41,2024-06-26,63.99361833916061,1719360000000,"{""type"":""MultiPoint"",""coordinates"":[]}"
938_0000000000000000021e,1875846777,6127010,38900,H1,067,01155137,440,A,41067,+45.5535419,-123.0976146,06,,G4020,Washington,Washington County,41,2024-06-26,66.19953196568365,1719360000000,"{""type"":""MultiPoint"",""coordinates"":[]}"
939_0000000000000000021b,4845034547,31873103,38900,H1,005,01155127,440,A,41005,+45.1604934,-122.1951274,06,,G4020,Clackamas,Clackamas County,41,2024-06-27,76.0168630667528,1719446400000,"{""type"":""MultiPoint"",""coordinates"":[]}"
939_0000000000000000021c,1116558776,88222268,38900,H1,051,01135861,440,A,41051,+45.5477107,-122.4173625,06,,G4020,Multnomah,Multnomah County,41,2024-06-27,73.53867506558464,1719446400000,"{""type"":""MultiPoint"",""coordinates"":[]}"
939_0000000000000000021e,1875846777,6127010,38900,H1,067,01155137,440,A,41067,+45.5535419,-123.0976146,06,,G4020,Washington,Washington County,41,2024-06-27,72.15763036020498,1719446400000,"{""type"":""MultiPoint"",""coordinates"":[]}"
940_0000000000000000021b,4845034547,31873103,38900,H1,005,01155127,440,A,41005,+45.1604934,-122.1951274,06,,G4020,Clackamas,Clackamas County,41,2024-06-28,69.37537942499281,1719532800000,"{""type"":""MultiPoint"",""coordinates"":[]}"
940_0000000000000000021c,1116558776,88222268,38900,H1,051,01135861,440,A,41051,+45.5477107,-122.4173625,06,,G4020,Multnomah,Multnomah County,41,2024-06-28,68.63713515029104,1719532800000,"{""type"":""MultiPoint"",""coordinates"":[]}"
940_0000000000000000021e,1875846777,6127010,38900,H1,067,01155137,440,A,41067,+45.5535419,-123.0976146,06,,G4020,Washington,Washington County,41,2024-06-28,66.00977290386076,1719532800000,"{""type"":""MultiPoint"",""coordinates"":[]}"
941_0000000000000000021b,4845034547,31873103,38900,H1,005,01155127,440,A,41005,+45.1604934,-122.1951274,06,,G4020,Clackamas,Clackamas County,41,2024-06-29,62.039847318844636,1719619200000,"{""type"":""MultiPoint"",""coordinates"":[]}"
941_0000000000000000021c,1116558776,88222268,38900,H1,051,01135861,440,A,41051,+45.5477107,-122.4173625,06,,G4020,Multnomah,Multnomah County,41,2024-06-29,61.76372528311619,1719619200000,"{""type"":""MultiPoint"",""coordinates"":[]}"
941_0000000000000000021e,1875846777,6127010,38900,H1,067,01155137,440,A,41067,+45.5535419,-123.0976146,06,,G4020,Washington,Washington County,41,2024-06-29,61.3641986396732,1719619200000,"{""type"":""MultiPoint"",""coordinates"":[]}"
942_0000000000000000021b,4845034547,31873103,38900,H1,005,01155127,440,A,41005,+45.1604934,-122.1951274,06,,G4020,Clackamas,Clackamas County,41,2024-06-30,75.04215561446699,1719705600000,"{""type"":""MultiPoint"",""coordinates"":[]}"
942_0000000000000000021c,1116558776,88222268,38900,H1,051,01135861,440,A,41051,+45.5477107,-122.4173625,06,,G4020,Multnomah,Multnomah County,41,2024-06-30,72.3345031624619,1719705600000,"{""type"":""MultiPoint"",""coordinates"":[]}"
942_0000000000000000021e,1875846777,6127010,38900,H1,067,01155137,440,A,41067,+45.5535419,-123.0976146,06,,G4020,Washington,Washington County,41,2024-06-30,68.3906712590812,1719705600000,"{""type"":""MultiPoint"",""coordinates"":[]}"
943_0000000000000000021b,4845034547,31873103,38900,H1,005,01155127,440,A,41005,+45.1604934,-122.1951274,06,,G4020,Clackamas,Clackamas County,41,2024-07-01,68.166335327016,1719792000000,"{""type"":""MultiPoint"",""coordinates"":[]}"
943_0000000000000000021c,1116558776,88222268,38900,H1,051,01135861,440,A,41051,+45.5477107,-122.4173625,06,,G4020,Multnomah,Multnomah County,41,2024-07-01,66.82587492333487,1719792000000,"{""type"":""MultiPoint"",""coordinates"":[]}"
943_0000000000000000021e,1875846777,6127010,38900,H1,067,01155137,440,A,41067,+45.5535419,-123.0976146,06,,G4020,Washington,Washington County,41,2024-07-01,66.6792975310264,1719792000000,"{""type"":""MultiPoint"",""coordinates"":[]}"
944_0000000000000000021b,4845034547,31873103,38900,H1,005,01155127,440,A,41005,+45.1604934,-122.1951274,06,,G4020,Clackamas,Clackamas County,41,2024-07-02,66.3207188545326,1719878400000,"{""type"":""MultiPoint"",""coordinates"":[]}"
944_0000000000000000021c,1116558776,88222268,38900,H1,051,01135861,440,A,41051,+45.5477107,-122.4173625,06,,G4020,Multnomah,Multnomah County,41,2024-07-02,67.77317901373439,1719878400000,"{""type"":""MultiPoint"",""coordinates"":[]}"
944_0000000000000000021e,1875846777,6127010,38900,H1,067,01155137,440,A,41067,+45.5535419,-123.0976146,06,,G4020,Washington,Washington County,41,2024-07-02,66.80372720066927,1719878400000,"{""type"":""MultiPoint"",""coordinates"":[]}"
945_0000000000000000021b,4845034547,31873103,38900,H1,005,01155127,440,A,41005,+45.1604934,-122.1951274,06,,G4020,Clackamas,Clackamas County,41,2024-07-03,63.16089375209787,1719964800000,"{""type"":""MultiPoint"",""coordinates"":[]}"
945_0000000000000000021c,1116558776,88222268,38900,H1,051,01135861,440,A,41051,+45.5477107,-122.4173625,06,,G4020,Multnomah,Multnomah County,41,2024-07-03,64.51165680138524,1719964800000,"{""type"":""MultiPoint"",""coordinates"":[]}"
945_0000000000000000021e,1875846777,6127010,38900,H1,067,01155137,440,A,41067,+45.5535419,-123.0976146,06,,G4020,Washington,Washington County,41,2024-07-03,63.10557891300032,1719964800000,"{""type"":""MultiPoint"",""coordinates"":[]}"
946_0000000000000000021b,4845034547,31873103,38900,H1,005,01155127,440,A,41005,+45.1604934,-122.1951274,06,,G4020,Clackamas,Clackamas County,41,2024-07-04,51.96669187640007,1720051200000,"{""type"":""MultiPoint"",""coordinates"":[]}"
946_0000000000000000021c,1116558776,88222268,38900,H1,051,01135861,440,A,41051,+45.5477107,-122.4173625,06,,G4020,Multnomah,Multnomah County,41,2024-07-04,53.67191233528421,1720051200000,"{""type"":""MultiPoint"",""coordinates"":[]}"
946_0000000000000000021e,1875846777,6127010,38900,H1,067,01155137,440,A,41067,+45.5535419,-123.0976146,06,,G4020,Washington,Washington County,41,2024-07-04,50.61242505107595,1720051200000,"{""type"":""MultiPoint"",""coordinates"":[]}"
947_0000000000000000021b,4845034547,31873103,38900,H1,005,01155127,440,A,41005,+45.1604934,-122.1951274,06,,G4020,Clackamas,Clackamas County,41,2024-07-05,46.70469755414224,1720137600000,"{""type"":""MultiPoint"",""coordinates"":[]}"
947_0000000000000000021c,1116558776,88222268,38900,H1,051,01135861,440,A,41051,+45.5477107,-122.4173625,06,,G4020,Multnomah,Multnomah County,41,2024-07-05,44.751996844497185,1720137600000,"{""type"":""MultiPoint"",""coordinates"":[]}"
947_0000000000000000021e,1875846777,6127010,38900,H1,067,01155137,440,A,41067,+45.5535419,-123.0976146,06,,G4020,Washington,Washington County,41,2024-07-05,34.888155986117326,1720137600000,"{""type"":""MultiPoint"",""coordinates"":[]}"
948_0000000000000000021b,4845034547,31873103,38900,H1,005,01155127,440,A,41005,+45.1604934,-122.1951274,06,,G4020,Clackamas,Clackamas County,41,2024-07-06,35.73719666037639,1720224000000,"{""type"":""MultiPoint"",""coordinates"":[]}"
948_0000000000000000021c,1116558776,88222268,38900,H1,051,01135861,440,A,41051,+45.5477107,-122.4173625,06,,G4020,Multnomah,Multnomah County,41,2024-07-06,39.09065432103971,1720224000000,"{""type"":""MultiPoint"",""coordinates"":[]}"
948_0000000000000000021e,1875846777,6127010,38900,H1,067,01155137,440,A,41067,+45.5535419,-123.0976146,06,,G4020,Washington,Washington County,41,2024-07-06,34.716005708738315,1720224000000,"{""type"":""MultiPoint"",""coordinates"":[]}"
949_0000000000000000021b,4845034547,31873103,38900,H1,005,01155127,440,A,41005,+45.1604934,-122.1951274,06,,G4020,Clackamas,Clackamas County,41,2024-07-07,35.53249643937829,1720310400000,"{""type"":""MultiPoint"",""coordinates"":[]}"
949_0000000000000000021c,1116558776,88222268,38900,H1,051,01135861,440,A,41051,+45.5477107,-122.4173625,06,,G4020,Multnomah,Multnomah County,41,2024-07-07,38.41349554492112,1720310400000,"{""type"":""MultiPoint"",""coordinates"":[]}"
949_0000000000000000021e,1875846777,6127010,38900,H1,067,01155137,440,A,41067,+45.5535419,-123.0976146,06,,G4020,Washington,Washington County,41,2024-07-07,36.8412959032558,1720310400000,"{""type"":""MultiPoint"",""coordinates"":[]}"
950_0000000000000000021b,4845034547,31873103,38900,H1,005,01155127,440,A,41005,+45.1604934,-122.1951274,06,,G4020,Clackamas,Clackamas County,41,2024-07-08,36.52435314749876,1720396800000,"{""type"":""MultiPoint"",""coordinates"":[]}"
950_0000000000000000021c,1116558776,88222268,38900,H1,051,01135861,440,A,41051,+45.5477107,-122.4173625,06,,G4020,Multnomah,Multnomah County,41,2024-07-08,37.49162383352582,1720396800000,"{""type"":""MultiPoint"",""coordinates"":[]}"
950_0000000000000000021e,1875846777,6127010,38900,H1,067,01155137,440,A,41067,+45.5535419,-123.0976146,06,,G4020,Washington,Washington County,41,2024-07-08,33.51346096427001,1720396800000,"{""type"":""MultiPoint"",""coordinates"":[]}"
951_0000000000000000021b,4845034547,31873103,38900,H1,005,01155127,440,A,41005,+45.1604934,-122.1951274,06,,G4020,Clackamas,Clackamas County,41,2024-07-09,33.97981939132333,1720483200000,"{""type"":""MultiPoint"",""coordinates"":[]}"
951_0000000000000000021c,1116558776,88222268,38900,H1,051,01135861,440,A,41051,+45.5477107,-122.4173625,06,,G4020,Multnomah,Multnomah County,41,2024-07-09,35.364118862237426,1720483200000,"{""type"":""MultiPoint"",""coordinates"":[]}"
951_0000000000000000021e,1875846777,6127010,38900,H1,067,01155137,440,A,41067,+45.5535419,-123.0976146,06,,G4020,Washington,Washington County,41,2024-07-09,34.40614747281655,1720483200000,"{""type"":""MultiPoint"",""coordinates"":[]}"
952_0000000000000000021b,4845034547,31873103,38900,H1,005,01155127,440,A,41005,+45.1604934,-122.1951274,06,,G4020,Clackamas,Clackamas County,41,2024-07-10,33.21374949840257,1720569600000,"{""type"":""MultiPoint"",""coordinates"":[]}"
952_0000000000000000021c,1116558776,88222268,38900,H1,051,01135861,440,A,41051,+45.5477107,-122.4173625,06,,G4020,Multnomah,Multnomah County,41,2024-07-10,33.30198725563679,1720569600000,"{""type"":""MultiPoint"",""coordinates"":[]}"
952_0000000000000000021e,1875846777,6127010,38900,H1,067,01155137,440,A,41067,+45.5535419,-123.0976146,06,,G4020,Washington,Washington County,41,2024-07-10,32.5667372084633,1720569600000,"{""type"":""MultiPoint"",""coordinates"":[]}"
953_0000000000000000021b,4845034547,31873103,38900,H1,005,01155127,440,A,41005,+45.1604934,-122.1951274,06,,G4020,Clackamas,Clackamas County,41,2024-07-11,47.19712589783256,1720656000000,"{""type"":""MultiPoint"",""coordinates"":[]}"
953_0000000000000000021c,1116558776,88222268,38900,H1,051,01135861,440,A,41051,+45.5477107,-122.4173625,06,,G4020,Multnomah,Multnomah County,41,2024-07-11,50.675236570351075,1720656000000,"{""type"":""MultiPoint"",""coordinates"":[]}"
953_0000000000000000021e,1875846777,6127010,38900,H1,067,01155137,440,A,41067,+45.5535419,-123.0976146,06,,G4020,Washington,Washington County,41,2024-07-11,50.94098717802535,1720656000000,"{""type"":""MultiPoint"",""coordinates"":[]}"
954_0000000000000000021b,4845034547,31873103,38900,H1,005,01155127,440,A,41005,+45.1604934,-122.1951274,06,,G4020,Clackamas,Clackamas County,41,2024-07-12,50.13341564741761,1720742400000,"{""type"":""MultiPoint"",""coordinates"":[]}"
954_0000000000000000021c,1116558776,88222268,38900,H1,051,01135861,440,A,41051,+45.5477107,-122.4173625,06,,G4020,Multnomah,Multnomah County,41,2024-07-12,52.224634453257,1720742400000,"{""type"":""MultiPoint"",""coordinates"":[]}"
954_0000000000000000021e,1875846777,6127010,38900,H1,067,01155137,440,A,41067,+45.5535419,-123.0976146,06,,G4020,Washington,Washington County,41,2024-07-12,52.0841637767482,1720742400000,"{""type"":""MultiPoint"",""coordinates"":[]}"
955_0000000000000000021b,4845034547,31873103,38900,H1,005,01155127,440,A,41005,+45.1604934,-122.1951274,06,,G4020,Clackamas,Clackamas County,41,2024-07-13,48.48484883434961,1720828800000,"{""type"":""MultiPoint"",""coordinates"":[]}"
955_0000000000000000021c,1116558776,88222268,38900,H1,051,01135861,440,A,41051,+45.5477107,-122.4173625,06,,G4020,Multnomah,Multnomah County,41,2024-07-13,51.45197947333762,1720828800000,"{""type"":""MultiPoint"",""coordinates"":[]}"
955_0000000000000000021e,1875846777,6127010,38900,H1,067,01155137,440,A,41067,+45.5535419,-123.0976146,06,,G4020,Washington,Washington County,41,2024-07-13,50.58752296509411,1720828800000,"{""type"":""MultiPoint"",""coordinates"":[]}"
956_0000000000000000021b,4845034547,31873103,38900,H1,005,01155127,440,A,41005,+45.1604934,-122.1951274,06,,G4020,Clackamas,Clackamas County,41,2024-07-14,47.615773546355406,1720915200000,"{""type"":""MultiPoint"",""coordinates"":[]}"
956_0000000000000000021c,1116558776,88222268,38900,H1,051,01135861,440,A,41051,+45.5477107,-122.4173625,06,,G4020,Multnomah,Multnomah County,41,2024-07-14,48.539373614864886,1720915200000,"{""type"":""MultiPoint"",""coordinates"":[]}"
956_0000000000000000021e,1875846777,6127010,38900,H1,067,01155137,440,A,41067,+45.5535419,-123.0976146,06,,G4020,Washington,Washington County,41,2024-07-14,47.209821243792426,1720915200000,"{""type"":""MultiPoint"",""coordinates"":[]}"
957_0000000000000000021b,4845034547,31873103,38900,H1,005,01155127,440,A,41005,+45.1604934,-122.1951274,06,,G4020,Clackamas,Clackamas County,41,2024-07-15,46.82033797110639,1721001600000,"{""type"":""MultiPoint"",""coordinates"":[]}"
957_0000000000000000021c,1116558776,88222268,38900,H1,051,01135861,440,A,41051,+45.5477107,-122.4173625,06,,G4020,Multnomah,Multnomah County,41,2024-07-15,51.41262014979399,1721001600000,"{""type"":""MultiPoint"",""coordinates"":[]}"
957_0000000000000000021e,1875846777,6127010,38900,H1,067,01155137,440,A,41067,+45.5535419,-123.0976146,06,,G4020,Washington,Washington County,41,2024-07-15,52.503406654566504,1721001600000,"{""type"":""MultiPoint"",""coordinates"":[]}"
958_0000000000000000021b,4845034547,31873103,38900,H1,005,01155127,440,A,41005,+45.1604934,-122.1951274,06,,G4020,Clackamas,Clackamas County,41,2024-07-16,42.0249111950372,1721088000000,"{""type"":""MultiPoint"",""coordinates"":[]}"
958_0000000000000000021c,1116558776,88222268,38900,H1,051,01135861,440,A,41051,+45.5477107,-122.4173625,06,,G4020,Multnomah,Multnomah County,41,2024-07-16,48.73454315845145,1721088000000,"{""type"":""MultiPoint"",""coordinates"":[]}"
958_0000000000000000021e,1875846777,6127010,38900,H1,067,01155137,440,A,41067,+45.5535419,-123.0976146,06,,G4020,Washington,Washington County,41,2024-07-16,47.59593562503007,1721088000000,"{""type"":""MultiPoint"",""coordinates"":[]}"
959_0000000000000000021b,4845034547,31873103,38900,H1,005,01155127,440,A,41005,+45.1604934,-122.1951274,06,,G4020,Clackamas,Clackamas County,41,2024-07-17,45.42942541775566,1721174400000,"{""type"":""MultiPoint"",""coordinates"":[]}"
959_0000000000000000021c,1116558776,88222268,38900,H1,051,01135861,440,A,41051,+45.5477107,-122.4173625,06,,G4020,Multnomah,Multnomah County,41,2024-07-17,45.74212007434381,1721174400000,"{""type"":""MultiPoint"",""coordinates"":[]}"
959_0000000000000000021e,1875846777,6127010,38900,H1,067,01155137,440,A,41067,+45.5535419,-123.0976146,06,,G4020,Washington,Washington County,41,2024-07-17,47.48084852705042,1721174400000,"{""type"":""MultiPoint"",""coordinates"":[]}"
960_0000000000000000021b,4845034547,31873103,38900,H1,005,01155127,440,A,41005,+45.1604934,-122.1951274,06,,G4020,Clackamas,Clackamas County,41,2024-07-18,50.63641495002634,1721260800000,"{""type"":""MultiPoint"",""coordinates"":[]}"
960_0000000000000000021c,1116558776,88222268,38900,H1,051,01135861,440,A,41051,+45.5477107,-122.4173625,06,,G4020,Multnomah,Multnomah County,41,2024-07-18,52.07932517502556,1721260800000,"{""type"":""MultiPoint"",""coordinates"":[]}"
960_0000000000000000021e,1875846777,6127010,38900,H1,067,01155137,440,A,41067,+45.5535419,-123.0976146,06,,G4020,Washington,Washington County,41,2024-07-18,49.61416644037723,1721260800000,"{""type"":""MultiPoint"",""coordinates"":[]}"
961_0000000000000000021b,4845034547,31873103,38900,H1,005,01155127,440,A,41005,+45.1604934,-122.1951274,06,,G4020,Clackamas,Clackamas County,41,2024-07-19,49.799968509250576,1721347200000,"{""type"":""MultiPoint"",""coordinates"":[]}"
961_0000000000000000021c,1116558776,88222268,38900,H1,051,01135861,440,A,41051,+45.5477107,-122.4173625,06,,G4020,Multnomah,Multnomah County,41,2024-07-19,51.52424738733586,1721347200000,"{""type"":""MultiPoint"",""coordinates"":[]}"
961_0000000000000000021e,1875846777,6127010,38900,H1,067,01155137,440,A,41067,+45.5535419,-123.0976146,06,,G4020,Washington,Washington County,41,2024-07-19,52.05071913939391,1721347200000,"{""type"":""MultiPoint"",""coordinates"":[]}"
962_0000000000000000021b,4845034547,31873103,38900,H1,005,01155127,440,A,41005,+45.1604934,-122.1951274,06,,G4020,Clackamas,Clackamas County,41,2024-07-20,45.614104544251376,1721433600000,"{""type"":""MultiPoint"",""coordinates"":[]}"
962_0000000000000000021c,1116558776,88222268,38900,H1,051,01135861,440,A,41051,+45.5477107,-122.4173625,06,,G4020,Multnomah,Multnomah County,41,2024-07-20,47.7686499121107,1721433600000,"{""type"":""MultiPoint"",""coordinates"":[]}"
962_0000000000000000021e,1875846777,6127010,38900,H1,067,01155137,440,A,41067,+45.5535419,-123.0976146,06,,G4020,Washington,Washington County,41,2024-07-20,50.8439905539609,1721433600000,"{""type"":""MultiPoint"",""coordinates"":[]}"
963_0000000000000000021b,4845034547,31873103,38900,H1,005,01155127,440,A,41005,+45.1604934,-122.1951274,06,,G4020,Clackamas,Clackamas County,41,2024-07-21,53.54435937028704,1721520000000,"{""type"":""MultiPoint"",""coordinates"":[]}"
963_0000000000000000021c,1116558776,88222268,38900,H1,051,01135861,440,A,41051,+45.5477107,-122.4173625,06,,G4020,Multnomah,Multnomah County,41,2024-07-21,54.31038898997033,1721520000000,"{""type"":""MultiPoint"",""coordinates"":[]}"
963_0000000000000000021e,1875846777,6127010,38900,H1,067,01155137,440,A,41067,+45.5535419,-123.0976146,06,,G4020,Washington,Washington County,41,2024-07-21,55.95339681808012,1721520000000,"{""type"":""MultiPoint"",""coordinates"":[]}"
964_0000000000000000021b,4845034547,31873103,38900,H1,005,01155127,440,A,41005,+45.1604934,-122.1951274,06,,G4020,Clackamas,Clackamas County,41,2024-07-22,61.90049706099144,1721606400000,"{""type"":""MultiPoint"",""coordinates"":[]}"
964_0000000000000000021c,1116558776,88222268,38900,H1,051,01135861,440,A,41051,+45.5477107,-122.4173625,06,,G4020,Multnomah,Multnomah County,41,2024-07-22,60.80333117594473,1721606400000,"{""type"":""MultiPoint"",""coordinates"":[]}"
964_0000000000000000021e,1875846777,6127010,38900,H1,067,01155137,440,A,41067,+45.5535419,-123.0976146,06,,G4020,Washington,Washington County,41,2024-07-22,59.494919019740294,1721606400000,"{""type"":""MultiPoint"",""coordinates"":[]}"
965_0000000000000000021b,4845034547,31873103,38900,H1,005,01155127,440,A,41005,+45.1604934,-122.1951274,06,,G4020,Clackamas,Clackamas County,41,2024-07-23,53.635870135584575,1721692800000,"{""type"":""MultiPoint"",""coordinates"":[]}"
965_0000000000000000021c,1116558776,88222268,38900,H1,051,01135861,440,A,41051,+45.5477107,-122.4173625,06,,G4020,Multnomah,Multnomah County,41,2024-07-23,56.91643995779002,1721692800000,"{""type"":""MultiPoint"",""coordinates"":[]}"
965_0000000000000000021e,1875846777,6127010,38900,H1,067,01155137,440,A,41067,+45.5535419,-123.0976146,06,,G4020,Washington,Washington County,41,2024-07-23,56.8178094746886,1721692800000,"{""type"":""MultiPoint"",""coordinates"":[]}"
966_0000000000000000021b,4845034547,31873103,38900,H1,005,01155127,440,A,41005,+45.1604934,-122.1951274,06,,G4020,Clackamas,Clackamas County,41,2024-07-24,51.94267877321151,1721779200000,"{""type"":""MultiPoint"",""coordinates"":[]}"
966_0000000000000000021c,1116558776,88222268,38900,H1,051,01135861,440,A,41051,+45.5477107,-122.4173625,06,,G4020,Multnomah,Multnomah County,41,2024-07-24,53.4562147792932,1721779200000,"{""type"":""MultiPoint"",""coordinates"":[]}"
966_0000000000000000021e,1875846777,6127010,38900,H1,067,01155137,440,A,41067,+45.5535419,-123.0976146,06,,G4020,Washington,Washington County,41,2024-07-24,54.94540320481291,1721779200000,"{""type"":""MultiPoint"",""coordinates"":[]}"
967_0000000000000000021b,4845034547,31873103,38900,H1,005,01155127,440,A,41005,+45.1604934,-122.1951274,06,,G4020,Clackamas,Clackamas County,41,2024-07-25,59.7605670228462,1721865600000,"{""type"":""MultiPoint"",""coordinates"":[]}"
967_0000000000000000021c,1116558776,88222268,38900,H1,051,01135861,440,A,41051,+45.5477107,-122.4173625,06,,G4020,Multnomah,Multnomah County,41,2024-07-25,59.94505726791326,1721865600000,"{""type"":""MultiPoint"",""coordinates"":[]}"
967_0000000000000000021e,1875846777,6127010,38900,H1,067,01155137,440,A,41067,+45.5535419,-123.0976146,06,,G4020,Washington,Washington County,41,2024-07-25,61.48774456999015,1721865600000,"{""type"":""MultiPoint"",""coordinates"":[]}"
968_0000000000000000021b,4845034547,31873103,38900,H1,005,01155127,440,A,41005,+45.1604934,-122.1951274,06,,G4020,Clackamas,Clackamas County,41,2024-07-26,54.66236088655746,1721952000000,"{""type"":""MultiPoint"",""coordinates"":[]}"
968_0000000000000000021c,1116558776,88222268,38900,H1,051,01135861,440,A,41051,+45.5477107,-122.4173625,06,,G4020,Multnomah,Multnomah County,41,2024-07-26,54.20453604449284,1721952000000,"{""type"":""MultiPoint"",""coordinates"":[]}"
968_0000000000000000021e,1875846777,6127010,38900,H1,067,01155137,440,A,41067,+45.5535419,-123.0976146,06,,G4020,Washington,Washington County,41,2024-07-26,55.465310723327484,1721952000000,"{""type"":""MultiPoint"",""coordinates"":[]}"
969_0000000000000000021b,4845034547,31873103,38900,H1,005,01155127,440,A,41005,+45.1604934,-122.1951274,06,,G4020,Clackamas,Clackamas County,41,2024-07-27,52.99037727246897,1722038400000,"{""type"":""MultiPoint"",""coordinates"":[]}"
969_0000000000000000021c,1116558776,88222268,38900,H1,051,01135861,440,A,41051,+45.5477107,-122.4173625,06,,G4020,Multnomah,Multnomah County,41,2024-07-27,55.362552423660894,1722038400000,"{""type"":""MultiPoint"",""coordinates"":[]}"
969_0000000000000000021e,1875846777,6127010,38900,H1,067,01155137,440,A,41067,+45.5535419,-123.0976146,06,,G4020,Washington,Washington County,41,2024-07-27,57.13719674644917,1722038400000,"{""type"":""MultiPoint"",""coordinates"":[]}"
970_0000000000000000021b,4845034547,31873103,38900,H1,005,01155127,440,A,41005,+45.1604934,-122.1951274,06,,G4020,Clackamas,Clackamas County,41,2024-07-28,59.53396929477887,1722124800000,"{""type"":""MultiPoint"",""coordinates"":[]}"
970_0000000000000000021c,1116558776,88222268,38900,H1,051,01135861,440,A,41051,+45.5477107,-122.4173625,06,,G4020,Multnomah,Multnomah County,41,2024-07-28,60.871084453840474,1722124800000,"{""type"":""MultiPoint"",""coordinates"":[]}"
970_0000000000000000021e,1875846777,6127010,38900,H1,067,01155137,440,A,41067,+45.5535419,-123.0976146,06,,G4020,Washington,Washington County,41,2024-07-28,62.68201399001707,1722124800000,"{""type"":""MultiPoint"",""coordinates"":[]}"
971_0000000000000000021b,4845034547,31873103,38900,H1,005,01155127,440,A,41005,+45.1604934,-122.1951274,06,,G4020,Clackamas,Clackamas County,41,2024-07-29,69.46084361206537,1722211200000,"{""type"":""MultiPoint"",""coordinates"":[]}"
971_0000000000000000021c,1116558776,88222268,38900,H1,051,01135861,440,A,41051,+45.5477107,-122.4173625,06,,G4020,Multnomah,Multnomah County,41,2024-07-29,69.89711768107148,1722211200000,"{""type"":""MultiPoint"",""coordinates"":[]}"
971_0000000000000000021e,1875846777,6127010,38900,H1,067,01155137,440,A,41067,+45.5535419,-123.0976146,06,,G4020,Washington,Washington County,41,2024-07-29,73.37872969623925,1722211200000,"{""type"":""MultiPoint"",""coordinates"":[]}"
972_0000000000000000021b,4845034547,31873103,38900,H1,005,01155127,440,A,41005,+45.1604934,-122.1951274,06,,G4020,Clackamas,Clackamas County,41,2024-07-30,83.33391832277682,1722297600000,"{""type"":""MultiPoint"",""coordinates"":[]}"
972_0000000000000000021c,1116558776,88222268,38900,H1,051,01135861,440,A,41051,+45.5477107,-122.4173625,06,,G4020,Multnomah,Multnomah County,41,2024-07-30,83.91188377476676,1722297600000,"{""type"":""MultiPoint"",""coordinates"":[]}"
972_0000000000000000021e,1875846777,6127010,38900,H1,067,01155137,440,A,41067,+45.5535419,-123.0976146,06,,G4020,Washington,Washington County,41,2024-07-30,81.30690698403006,1722297600000,"{""type"":""MultiPoint"",""coordinates"":[]}"
973_0000000000000000021b,4845034547,31873103,38900,H1,005,01155127,440,A,41005,+45.1604934,-122.1951274,06,,G4020,Clackamas,Clackamas County,41,2024-07-31,68.43763574673672,1722384000000,"{""type"":""MultiPoint"",""coordinates"":[]}"
973_0000000000000000021c,1116558776,88222268,38900,H1,051,01135861,440,A,41051,+45.5477107,-122.4173625,06,,G4020,Multnomah,Multnomah County,41,2024-07-31,70.68736010954687,1722384000000,"{""type"":""MultiPoint"",""coordinates"":[]}"
973_0000000000000000021e,1875846777,6127010,38900,H1,067,01155137,440,A,41067,+45.5535419,-123.0976146,06,,G4020,Washington,Washington County,41,2024-07-31,71.38289586286925,1722384000000,"{""type"":""MultiPoint"",""coordinates"":[]}"
974_0000000000000000021b,4845034547,31873103,38900,H1,005,01155127,440,A,41005,+45.1604934,-122.1951274,06,,G4020,Clackamas,Clackamas County,41,2024-08-01,59.17534384172076,1722470400000,"{""type"":""MultiPoint"",""coordinates"":[]}"
974_0000000000000000021c,1116558776,88222268,38900,H1,051,01135861,440,A,41051,+45.5477107,-122.4173625,06,,G4020,Multnomah,Multnomah County,41,2024-08-01,60.19769077583852,1722470400000,"{""type"":""MultiPoint"",""coordinates"":[]}"
974_0000000000000000021e,1875846777,6127010,38900,H1,067,01155137,440,A,41067,+45.5535419,-123.0976146,06,,G4020,Washington,Washington County,41,2024-08-01,58.45371239191256,1722470400000,"{""type"":""MultiPoint"",""coordinates"":[]}"
975_0000000000000000021b,4845034547,31873103,38900,H1,005,01155127,440,A,41005,+45.1604934,-122.1951274,06,,G4020,Clackamas,Clackamas County,41,2024-08-02,56.36475186617209,1722556800000,"{""type"":""MultiPoint"",""coordinates"":[]}"
975_0000000000000000021c,1116558776,88222268,38900,H1,051,01135861,440,A,41051,+45.5477107,-122.4173625,06,,G4020,Multnomah,Multnomah County,41,2024-08-02,55.16255754080996,1722556800000,"{""type"":""MultiPoint"",""coordinates"":[]}"
975_0000000000000000021e,1875846777,6127010,38900,H1,067,01155137,440,A,41067,+45.5535419,-123.0976146,06,,G4020,Washington,Washington County,41,2024-08-02,55.433421018382205,1722556800000,"{""type"":""MultiPoint"",""coordinates"":[]}"
976_0000000000000000021b,4845034547,31873103,38900,H1,005,01155127,440,A,41005,+45.1604934,-122.1951274,06,,G4020,Clackamas,Clackamas County,41,2024-08-03,60.04170484833093,1722643200000,"{""type"":""MultiPoint"",""coordinates"":[]}"
976_0000000000000000021c,1116558776,88222268,38900,H1,051,01135861,440,A,41051,+45.5477107,-122.4173625,06,,G4020,Multnomah,Multnomah County,41,2024-08-03,56.74402080656711,1722643200000,"{""type"":""MultiPoint"",""coordinates"":[]}"
976_0000000000000000021e,1875846777,6127010,38900,H1,067,01155137,440,A,41067,+45.5535419,-123.0976146,06,,G4020,Washington,Washington County,41,2024-08-03,51.17892061091054,1722643200000,"{""type"":""MultiPoint"",""coordinates"":[]}"
977_0000000000000000021b,4845034547,31873103,38900,H1,005,01155127,440,A,41005,+45.1604934,-122.1951274,06,,G4020,Clackamas,Clackamas County,41,2024-08-04,48.435718230462626,1722729600000,"{""type"":""MultiPoint"",""coordinates"":[]}"
977_0000000000000000021c,1116558776,88222268,38900,H1,051,01135861,440,A,41051,+45.5477107,-122.4173625,06,,G4020,Multnomah,Multnomah County,41,2024-08-04,50.265732690207095,1722729600000,"{""type"":""MultiPoint"",""coordinates"":[]}"
977_0000000000000000021e,1875846777,6127010,38900,H1,067,01155137,440,A,41067,+45.5535419,-123.0976146,06,,G4020,Washington,Washington County,41,2024-08-04,49.11863506506084,1722729600000,"{""type"":""MultiPoint"",""coordinates"":[]}"
978_0000000000000000021b,4845034547,31873103,38900,H1,005,01155127,440,A,41005,+45.1604934,-122.1951274,06,,G4020,Clackamas,Clackamas County,41,2024-08-05,50.747190948611504,1722816000000,"{""type"":""MultiPoint"",""coordinates"":[]}"
978_0000000000000000021c,1116558776,88222268,38900,H1,051,01135861,440,A,41051,+45.5477107,-122.4173625,06,,G4020,Multnomah,Multnomah County,41,2024-08-05,51.184986249095594,1722816000000,"{""type"":""MultiPoint"",""coordinates"":[]}"
978_0000000000000000021e,1875846777,6127010,38900,H1,067,01155137,440,A,41067,+45.5535419,-123.0976146,06,,G4020,Washington,Washington County,41,2024-08-05,48.059044197444976,1722816000000,"{""type"":""MultiPoint"",""coordinates"":[]}"
979_0000000000000000021b,4845034547,31873103,38900,H1,005,01155127,440,A,41005,+45.1604934,-122.1951274,06,,G4020,Clackamas,Clackamas County,41,2024-08-06,50.776494987773646,1722902400000,"{""type"":""MultiPoint"",""coordinates"":[]}"
979_0000000000000000021c,1116558776,88222268,38900,H1,051,01135861,440,A,41051,+45.5477107,-122.4173625,06,,G4020,Multnomah,Multnomah County,41,2024-08-06,53.866909912724125,1722902400000,"{""type"":""MultiPoint"",""coordinates"":[]}"
979_0000000000000000021e,1875846777,6127010,38900,H1,067,01155137,440,A,41067,+45.5535419,-123.0976146,06,,G4020,Washington,Washington County,41,2024-08-06,54.37402225555431,1722902400000,"{""type"":""MultiPoint"",""coordinates"":[]}"
980_0000000000000000021b,4845034547,31873103,38900,H1,005,01155127,440,A,41005,+45.1604934,-122.1951274,06,,G4020,Clackamas,Clackamas County,41,2024-08-07,51.03404327181291,1722988800000,"{""type"":""MultiPoint"",""coordinates"":[]}"
980_0000000000000000021c,1116558776,88222268,38900,H1,051,01135861,440,A,41051,+45.5477107,-122.4173625,06,,G4020,Multnomah,Multnomah County,41,2024-08-07,55.91858773450288,1722988800000,"{""type"":""MultiPoint"",""coordinates"":[]}"
980_0000000000000000021e,1875846777,6127010,38900,H1,067,01155137,440,A,41067,+45.5535419,-123.0976146,06,,G4020,Washington,Washington County,41,2024-08-07,58.186393991191714,1722988800000,"{""type"":""MultiPoint"",""coordinates"":[]}"
981_0000000000000000021b,4845034547,31873103,38900,H1,005,01155127,440,A,41005,+45.1604934,-122.1951274,06,,G4020,Clackamas,Clackamas County,41,2024-08-08,52.75282657654673,1723075200000,"{""type"":""MultiPoint"",""coordinates"":[]}"
981_0000000000000000021c,1116558776,88222268,38900,H1,051,01135861,440,A,41051,+45.5477107,-122.4173625,06,,G4020,Multnomah,Multnomah County,41,2024-08-08,53.13723776177397,1723075200000,"{""type"":""MultiPoint"",""coordinates"":[]}"
981_0000000000000000021e,1875846777,6127010,38900,H1,067,01155137,440,A,41067,+45.5535419,-123.0976146,06,,G4020,Washington,Washington County,41,2024-08-08,54.051462989324676,1723075200000,"{""type"":""MultiPoint"",""coordinates"":[]}"
982_0000000000000000021b,4845034547,31873103,38900,H1,005,01155127,440,A,41005,+45.1604934,-122.1951274,06,,G4020,Clackamas,Clackamas County,41,2024-08-09,52.969230507299656,1723161600000,"{""type"":""MultiPoint"",""coordinates"":[]}"
982_0000000000000000021c,1116558776,88222268,38900,H1,051,01135861,440,A,41051,+45.5477107,-122.4173625,06,,G4020,Multnomah,Multnomah County,41,2024-08-09,54.00908870671572,1723161600000,"{""type"":""MultiPoint"",""coordinates"":[]}"
982_0000000000000000021e,1875846777,6127010,38900,H1,067,01155137,440,A,41067,+45.5535419,-123.0976146,06,,G4020,Washington,Washington County,41,2024-08-09,56.35839177020908,1723161600000,"{""type"":""MultiPoint"",""coordinates"":[]}"
983_0000000000000000021b,4845034547,31873103,38900,H1,005,01155127,440,A,41005,+45.1604934,-122.1951274,06,,G4020,Clackamas,Clackamas County,41,2024-08-10,59.481827710010776,1723248000000,"{""type"":""MultiPoint"",""coordinates"":[]}"
983_0000000000000000021c,1116558776,88222268,38900,H1,051,01135861,440,A,41051,+45.5477107,-122.4173625,06,,G4020,Multnomah,Multnomah County,41,2024-08-10,57.74437338907417,1723248000000,"{""type"":""MultiPoint"",""coordinates"":[]}"
983_0000000000000000021e,1875846777,6127010,38900,H1,067,01155137,440,A,41067,+45.5535419,-123.0976146,06,,G4020,Washington,Washington County,41,2024-08-10,55.45610042606774,1723248000000,"{""type"":""MultiPoint"",""coordinates"":[]}"
984_0000000000000000021b,4845034547,31873103,38900,H1,005,01155127,440,A,41005,+45.1604934,-122.1951274,06,,G4020,Clackamas,Clackamas County,41,2024-08-11,60.35338304820727,1723334400000,"{""type"":""MultiPoint"",""coordinates"":[]}"
984_0000000000000000021c,1116558776,88222268,38900,H1,051,01135861,440,A,41051,+45.5477107,-122.4173625,06,,G4020,Multnomah,Multnomah County,41,2024-08-11,62.30652904243322,1723334400000,"{""type"":""MultiPoint"",""coordinates"":[]}"
984_0000000000000000021e,1875846777,6127010,38900,H1,067,01155137,440,A,41067,+45.5535419,-123.0976146,06,,G4020,Washington,Washington County,41,2024-08-11,64.83708126901739,1723334400000,"{""type"":""MultiPoint"",""coordinates"":[]}"
985_0000000000000000021b,4845034547,31873103,38900,H1,005,01155127,440,A,41005,+45.1604934,-122.1951274,06,,G4020,Clackamas,Clackamas County,41,2024-08-12,67.14414099799879,1723420800000,"{""type"":""MultiPoint"",""coordinates"":[]}"
985_0000000000000000021c,1116558776,88222268,38900,H1,051,01135861,440,A,41051,+45.5477107,-122.4173625,06,,G4020,Multnomah,Multnomah County,41,2024-08-12,64.76995790680687,1723420800000,"{""type"":""MultiPoint"",""coordinates"":[]}"
985_0000000000000000021e,1875846777,6127010,38900,H1,067,01155137,440,A,41067,+45.5535419,-123.0976146,06,,G4020,Washington,Washington County,41,2024-08-12,63.122281935009994,1723420800000,"{""type"":""MultiPoint"",""coordinates"":[]}"
986_0000000000000000021b,4845034547,31873103,38900,H1,005,01155127,440,A,41005,+45.1604934,-122.1951274,06,,G4020,Clackamas,Clackamas County,41,2024-08-13,62.23406589650823,1723507200000,"{""type"":""MultiPoint"",""coordinates"":[]}"
986_0000000000000000021c,1116558776,88222268,38900,H1,051,01135861,440,A,41051,+45.5477107,-122.4173625,06,,G4020,Multnomah,Multnomah County,41,2024-08-13,62.95703650950353,1723507200000,"{""type"":""MultiPoint"",""coordinates"":[]}"
986_0000000000000000021e,1875846777,6127010,38900,H1,067,01155137,440,A,41067,+45.5535419,-123.0976146,06,,G4020,Washington,Washington County,41,2024-08-13,65.8193410419037,1723507200000,"{""type"":""MultiPoint"",""coordinates"":[]}"
987_0000000000000000021b,4845034547,31873103,38900,H1,005,01155127,440,A,41005,+45.1604934,-122.1951274,06,,G4020,Clackamas,Clackamas County,41,2024-08-14,62.70610716868244,1723593600000,"{""type"":""MultiPoint"",""coordinates"":[]}"
987_0000000000000000021c,1116558776,88222268,38900,H1,051,01135861,440,A,41051,+45.5477107,-122.4173625,06,,G4020,Multnomah,Multnomah County,41,2024-08-14,65.49485172281409,1723593600000,"{""type"":""MultiPoint"",""coordinates"":[]}"
987_0000000000000000021e,1875846777,6127010,38900,H1,067,01155137,440,A,41067,+45.5535419,-123.0976146,06,,G4020,Washington,Washington County,41,2024-08-14,64.53952870352542,1723593600000,"{""type"":""MultiPoint"",""coordinates"":[]}"
988_0000000000000000021b,4845034547,31873103,38900,H1,005,01155127,440,A,41005,+45.1604934,-122.1951274,06,,G4020,Clackamas,Clackamas County,41,2024-08-15,69.79664511586826,1723680000000,"{""type"":""MultiPoint"",""coordinates"":[]}"
988_0000000000000000021c,1116558776,88222268,38900,H1,051,01135861,440,A,41051,+45.5477107,-122.4173625,06,,G4020,Multnomah,Multnomah County,41,2024-08-15,66.86498205858987,1723680000000,"{""type"":""MultiPoint"",""coordinates"":[]}"
988_0000000000000000021e,1875846777,6127010,38900,H1,067,01155137,440,A,41067,+45.5535419,-123.0976146,06,,G4020,Washington,Washington County,41,2024-08-15,65.94401899100968,1723680000000,"{""type"":""MultiPoint"",""coordinates"":[]}"
989_0000000000000000021b,4845034547,31873103,38900,H1,005,01155127,440,A,41005,+45.1604934,-122.1951274,06,,G4020,Clackamas,Clackamas County,41,2024-08-16,67.81623309238631,1723766400000,"{""type"":""MultiPoint"",""coordinates"":[]}"
989_0000000000000000021c,1116558776,88222268,38900,H1,051,01135861,440,A,41051,+45.5477107,-122.4173625,06,,G4020,Multnomah,Multnomah County,41,2024-08-16,66.83198388837268,1723766400000,"{""type"":""MultiPoint"",""coordinates"":[]}"
989_0000000000000000021e,1875846777,6127010,38900,H1,067,01155137,440,A,41067,+45.5535419,-123.0976146,06,,G4020,Washington,Washington County,41,2024-08-16,67.936058239787,1723766400000,"{""type"":""MultiPoint"",""coordinates"":[]}"
990_0000000000000000021b,4845034547,31873103,38900,H1,005,01155127,440,A,41005,+45.1604934,-122.1951274,06,,G4020,Clackamas,Clackamas County,41,2024-08-17,56.08286261892105,1723852800000,"{""type"":""MultiPoint"",""coordinates"":[]}"
990_0000000000000000021c,1116558776,88222268,38900,H1,051,01135861,440,A,41051,+45.5477107,-122.4173625,06,,G4020,Multnomah,Multnomah County,41,2024-08-17,56.65544081494582,1723852800000,"{""type"":""MultiPoint"",""coordinates"":[]}"
990_0000000000000000021e,1875846777,6127010,38900,H1,067,01155137,440,A,41067,+45.5535419,-123.0976146,06,,G4020,Washington,Washington County,41,2024-08-17,58.29693488259833,1723852800000,"{""type"":""MultiPoint"",""coordinates"":[]}"
991_0000000000000000021b,4845034547,31873103,38900,H1,005,01155127,440,A,41005,+45.1604934,-122.1951274,06,,G4020,Clackamas,Clackamas County,41,2024-08-18,80.54173194661448,1723939200000,"{""type"":""MultiPoint"",""coordinates"":[]}"
991_0000000000000000021c,1116558776,88222268,38900,H1,051,01135861,440,A,41051,+45.5477107,-122.4173625,06,,G4020,Multnomah,Multnomah County,41,2024-08-18,77.90580590811078,1723939200000,"{""type"":""MultiPoint"",""coordinates"":[]}"
991_0000000000000000021e,1875846777,6127010,38900,H1,067,01155137,440,A,41067,+45.5535419,-123.0976146,06,,G4020,Washington,Washington County,41,2024-08-18,82.92414773458219,1723939200000,"{""type"":""MultiPoint"",""coordinates"":[]}"
992_0000000000000000021b,4845034547,31873103,38900,H1,005,01155127,440,A,41005,+45.1604934,-122.1951274,06,,G4020,Clackamas,Clackamas County,41,2024-08-19,68.37303735678948,1724025600000,"{""type"":""MultiPoint"",""coordinates"":[]}"
992_0000000000000000021c,1116558776,88222268,38900,H1,051,01135861,440,A,41051,+45.5477107,-122.4173625,06,,G4020,Multnomah,Multnomah County,41,2024-08-19,64.14358764405127,1724025600000,"{""type"":""MultiPoint"",""coordinates"":[]}"
992_0000000000000000021e,1875846777,6127010,38900,H1,067,01155137,440,A,41067,+45.5535419,-123.0976146,06,,G4020,Washington,Washington County,41,2024-08-19,63.223422231209625,1724025600000,"{""type"":""MultiPoint"",""coordinates"":[]}"
993_0000000000000000021b,4845034547,31873103,38900,H1,005,01155127,440,A,41005,+45.1604934,-122.1951274,06,,G4020,Clackamas,Clackamas County,41,2024-08-20,62.733353654429344,1724112000000,"{""type"":""MultiPoint"",""coordinates"":[]}"
993_0000000000000000021c,1116558776,88222268,38900,H1,051,01135861,440,A,41051,+45.5477107,-122.4173625,06,,G4020,Multnomah,Multnomah County,41,2024-08-20,61.55433693574572,1724112000000,"{""type"":""MultiPoint"",""coordinates"":[]}"
993_0000000000000000021e,1875846777,6127010,38900,H1,067,01155137,440,A,41067,+45.5535419,-123.0976146,06,,G4020,Washington,Washington County,41,2024-08-20,66.52821956941524,1724112000000,"{""type"":""MultiPoint"",""coordinates"":[]}"
994_0000000000000000021b,4845034547,31873103,38900,H1,005,01155127,440,A,41005,+45.1604934,-122.1951274,06,,G4020,Clackamas,Clackamas County,41,2024-08-21,67.29543783057791,1724198400000,"{""type"":""MultiPoint"",""coordinates"":[]}"
994_0000000000000000021c,1116558776,88222268,38900,H1,051,01135861,440,A,41051,+45.5477107,-122.4173625,06,,G4020,Multnomah,Multnomah County,41,2024-08-21,68.38881368150163,1724198400000,"{""type"":""MultiPoint"",""coordinates"":[]}"
994_0000000000000000021e,1875846777,6127010,38900,H1,067,01155137,440,A,41067,+45.5535419,-123.0976146,06,,G4020,Washington,Washington County,41,2024-08-21,71.47404121766463,1724198400000,"{""type"":""MultiPoint"",""coordinates"":[]}"
995_0000000000000000021b,4845034547,31873103,38900,H1,005,01155127,440,A,41005,+45.1604934,-122.1951274,06,,G4020,Clackamas,Clackamas County,41,2024-08-22,76.49101336738939,1724284800000,"{""type"":""MultiPoint"",""coordinates"":[]}"
995_0000000000000000021c,1116558776,88222268,38900,H1,051,01135861,440,A,41051,+45.5477107,-122.4173625,06,,G4020,Multnomah,Multnomah County,41,2024-08-22,74.39487046915796,1724284800000,"{""type"":""MultiPoint"",""coordinates"":[]}"
995_0000000000000000021e,1875846777,6127010,38900,H1,067,01155137,440,A,41067,+45.5535419,-123.0976146,06,,G4020,Washington,Washington County,41,2024-08-22,79.51742582956454,1724284800000,"{""type"":""MultiPoint"",""coordinates"":[]}"
996_0000000000000000021b,4845034547,31873103,38900,H1,005,01155127,440,A,41005,+45.1604934,-122.1951274,06,,G4020,Clackamas,Clackamas County,41,2024-08-23,87.95392907296694,1724371200000,"{""type"":""MultiPoint"",""coordinates"":[]}"
996_0000000000000000021c,1116558776,88222268,38900,H1,051,01135861,440,A,41051,+45.5477107,-122.4173625,06,,G4020,Multnomah,Multnomah County,41,2024-08-23,85.97093000565457,1724371200000,"{""type"":""MultiPoint"",""coordinates"":[]}"
996_0000000000000000021e,1875846777,6127010,38900,H1,067,01155137,440,A,41067,+45.5535419,-123.0976146,06,,G4020,Washington,Washington County,41,2024-08-23,83.21091860629181,1724371200000,"{""type"":""MultiPoint"",""coordinates"":[]}"
997_0000000000000000021b,4845034547,31873103,38900,H1,005,01155127,440,A,41005,+45.1604934,-122.1951274,06,,G4020,Clackamas,Clackamas County,41,2024-08-24,77.39486466489586,1724457600000,"{""type"":""MultiPoint"",""coordinates"":[]}"
997_0000000000000000021c,1116558776,88222268,38900,H1,051,01135861,440,A,41051,+45.5477107,-122.4173625,06,,G4020,Multnomah,Multnomah County,41,2024-08-24,75.63787712475346,1724457600000,"{""type"":""MultiPoint"",""coordinates"":[]}"
997_0000000000000000021e,1875846777,6127010,38900,H1,067,01155137,440,A,41067,+45.5535419,-123.0976146,06,,G4020,Washington,Washington County,41,2024-08-24,78.94004033116596,1724457600000,"{""type"":""MultiPoint"",""coordinates"":[]}"
998_0000000000000000021b,4845034547,31873103,38900,H1,005,01155127,440,A,41005,+45.1604934,-122.1951274,06,,G4020,Clackamas,Clackamas County,41,2024-08-25,69.46689583037302,1724544000000,"{""type"":""MultiPoint"",""coordinates"":[]}"
998_0000000000000000021c,1116558776,88222268,38900,H1,051,01135861,440,A,41051,+45.5477107,-122.4173625,06,,G4020,Multnomah,Multnomah County,41,2024-08-25,68.14447855080782,1724544000000,"{""type"":""MultiPoint"",""coordinates"":[]}"
998_0000000000000000021e,1875846777,6127010,38900,H1,067,01155137,440,A,41067,+45.5535419,-123.0976146,06,,G4020,Washington,Washington County,41,2024-08-25,68.73390201534157,1724544000000,"{""type"":""MultiPoint"",""coordinates"":[]}"
999_0000000000000000021b,4845034547,31873103,38900,H1,005,01155127,440,A,41005,+45.1604934,-122.1951274,06,,G4020,Clackamas,Clackamas County,41,2024-08-26,65.71025415349361,1724630400000,"{""type"":""MultiPoint"",""coordinates"":[]}"
999_0000000000000000021c,1116558776,88222268,38900,H1,051,01135861,440,A,41051,+45.5477107,-122.4173625,06,,G4020,Multnomah,Multnomah County,41,2024-08-26,64.47345841241055,1724630400000,"{""type"":""MultiPoint"",""coordinates"":[]}"
999_0000000000000000021e,1875846777,6127010,38900,H1,067,01155137,440,A,41067,+45.5535419,-123.0976146,06,,G4020,Washington,Washington County,41,2024-08-26,64.89728928535015,1724630400000,"{""type"":""MultiPoint"",""coordinates"":[]}"
1000_0000000000000000021b,4845034547,31873103,38900,H1,005,01155127,440,A,41005,+45.1604934,-122.1951274,06,,G4020,Clackamas,Clackamas County,41,2024-08-27,67.21838218594816,1724716800000,"{""type"":""MultiPoint"",""coordinates"":[]}"
1000_0000000000000000021c,1116558776,88222268,38900,H1,051,01135861,440,A,41051,+45.5477107,-122.4173625,06,,G4020,Multnomah,Multnomah County,41,2024-08-27,63.76977517374496,1724716800000,"{""type"":""MultiPoint"",""coordinates"":[]}"
1000_0000000000000000021e,1875846777,6127010,38900,H1,067,01155137,440,A,41067,+45.5535419,-123.0976146,06,,G4020,Washington,Washington County,41,2024-08-27,63.298132044885236,1724716800000,"{""type"":""MultiPoint"",""coordinates"":[]}"
1001_0000000000000000021b,4845034547,31873103,38900,H1,005,01155127,440,A,41005,+45.1604934,-122.1951274,06,,G4020,Clackamas,Clackamas County,41,2024-08-28,59.576890369279155,1724803200000,"{""type"":""MultiPoint"",""coordinates"":[]}"
1001_0000000000000000021c,1116558776,88222268,38900,H1,051,01135861,440,A,41051,+45.5477107,-122.4173625,06,,G4020,Multnomah,Multnomah County,41,2024-08-28,61.43197606791714,1724803200000,"{""type"":""MultiPoint"",""coordinates"":[]}"
1001_0000000000000000021e,1875846777,6127010,38900,H1,067,01155137,440,A,41067,+45.5535419,-123.0976146,06,,G4020,Washington,Washington County,41,2024-08-28,62.84045275375167,1724803200000,"{""type"":""MultiPoint"",""coordinates"":[]}"
1002_0000000000000000021b,4845034547,31873103,38900,H1,005,01155127,440,A,41005,+45.1604934,-122.1951274,06,,G4020,Clackamas,Clackamas County,41,2024-08-29,40.706363953875226,1724889600000,"{""type"":""MultiPoint"",""coordinates"":[]}"
1002_0000000000000000021c,1116558776,88222268,38900,H1,051,01135861,440,A,41051,+45.5477107,-122.4173625,06,,G4020,Multnomah,Multnomah County,41,2024-08-29,45.65852279396372,1724889600000,"{""type"":""MultiPoint"",""coordinates"":[]}"
1002_0000000000000000021e,1875846777,6127010,38900,H1,067,01155137,440,A,41067,+45.5535419,-123.0976146,06,,G4020,Washington,Washington County,41,2024-08-29,46.31772788865938,1724889600000,"{""type"":""MultiPoint"",""coordinates"":[]}"
1003_0000000000000000021b,4845034547,31873103,38900,H1,005,01155127,440,A,41005,+45.1604934,-122.1951274,06,,G4020,Clackamas,Clackamas County,41,2024-08-30,40.32352873782392,1724976000000,"{""type"":""MultiPoint"",""coordinates"":[]}"
1003_0000000000000000021c,1116558776,88222268,38900,H1,051,01135861,440,A,41051,+45.5477107,-122.4173625,06,,G4020,Multnomah,Multnomah County,41,2024-08-30,42.07583277488968,1724976000000,"{""type"":""MultiPoint"",""coordinates"":[]}"
1003_0000000000000000021e,1875846777,6127010,38900,H1,067,01155137,440,A,41067,+45.5535419,-123.0976146,06,,G4020,Washington,Washington County,41,2024-08-30,44.847197837098534,1724976000000,"{""type"":""MultiPoint"",""coordinates"":[]}"
1004_0000000000000000021b,4845034547,31873103,38900,H1,005,01155127,440,A,41005,+45.1604934,-122.1951274,06,,G4020,Clackamas,Clackamas County,41,2024-08-31,45.08282489802728,1725062400000,"{""type"":""MultiPoint"",""coordinates"":[]}"
1004_0000000000000000021c,1116558776,88222268,38900,H1,051,01135861,440,A,41051,+45.5477107,-122.4173625,06,,G4020,Multnomah,Multnomah County,41,2024-08-31,45.81997824602098,1725062400000,"{""type"":""MultiPoint"",""coordinates"":[]}"
1004_0000000000000000021e,1875846777,6127010,38900,H1,067,01155137,440,A,41067,+45.5535419,-123.0976146,06,,G4020,Washington,Washington County,41,2024-08-31,47.487607014590665,1725062400000,"{""type"":""MultiPoint"",""coordinates"":[]}"
1005_0000000000000000021b,4845034547,31873103,38900,H1,005,01155127,440,A,41005,+45.1604934,-122.1951274,06,,G4020,Clackamas,Clackamas County,41,2024-09-01,48.13827343464967,1725148800000,"{""type"":""MultiPoint"",""coordinates"":[]}"
1005_0000000000000000021c,1116558776,88222268,38900,H1,051,01135861,440,A,41051,+45.5477107,-122.4173625,06,,G4020,Multnomah,Multnomah County,41,2024-09-01,50.674907230181354,1725148800000,"{""type"":""MultiPoint"",""coordinates"":[]}"
1005_0000000000000000021e,1875846777,6127010,38900,H1,067,01155137,440,A,41067,+45.5535419,-123.0976146,06,,G4020,Washington,Washington County,41,2024-09-01,58.68420117830312,1725148800000,"{""type"":""MultiPoint"",""coordinates"":[]}"
1006_0000000000000000021b,4845034547,31873103,38900,H1,005,01155127,440,A,41005,+45.1604934,-122.1951274,06,,G4020,Clackamas,Clackamas County,41,2024-09-02,67.04115102755257,1725235200000,"{""type"":""MultiPoint"",""coordinates"":[]}"
1006_0000000000000000021c,1116558776,88222268,38900,H1,051,01135861,440,A,41051,+45.5477107,-122.4173625,06,,G4020,Multnomah,Multnomah County,41,2024-09-02,66.76399255047954,1725235200000,"{""type"":""MultiPoint"",""coordinates"":[]}"
1006_0000000000000000021e,1875846777,6127010,38900,H1,067,01155137,440,A,41067,+45.5535419,-123.0976146,06,,G4020,Washington,Washington County,41,2024-09-02,65.63956815141655,1725235200000,"{""type"":""MultiPoint"",""coordinates"":[]}"
1007_0000000000000000021b,4845034547,31873103,38900,H1,005,01155127,440,A,41005,+45.1604934,-122.1951274,06,,G4020,Clackamas,Clackamas County,41,2024-09-03,70.61658491316334,1725321600000,"{""type"":""MultiPoint"",""coordinates"":[]}"
1007_0000000000000000021c,1116558776,88222268,38900,H1,051,01135861,440,A,41051,+45.5477107,-122.4173625,06,,G4020,Multnomah,Multnomah County,41,2024-09-03,68.11057734919011,1725321600000,"{""type"":""MultiPoint"",""coordinates"":[]}"
1007_0000000000000000021e,1875846777,6127010,38900,H1,067,01155137,440,A,41067,+45.5535419,-123.0976146,06,,G4020,Washington,Washington County,41,2024-09-03,67.34860271001193,1725321600000,"{""type"":""MultiPoint"",""coordinates"":[]}"
1008_0000000000000000021b,4845034547,31873103,38900,H1,005,01155127,440,A,41005,+45.1604934,-122.1951274,06,,G4020,Clackamas,Clackamas County,41,2024-09-04,56.14386135904099,1725408000000,"{""type"":""MultiPoint"",""coordinates"":[]}"
1008_0000000000000000021c,1116558776,88222268,38900,H1,051,01135861,440,A,41051,+45.5477107,-122.4173625,06,,G4020,Multnomah,Multnomah County,41,2024-09-04,58.11639985256721,1725408000000,"{""type"":""MultiPoint"",""coordinates"":[]}"
1008_0000000000000000021e,1875846777,6127010,38900,H1,067,01155137,440,A,41067,+45.5535419,-123.0976146,06,,G4020,Washington,Washington County,41,2024-09-04,58.666862213156854,1725408000000,"{""type"":""MultiPoint"",""coordinates"":[]}"
1009_0000000000000000021b,4845034547,31873103,38900,H1,005,01155127,440,A,41005,+45.1604934,-122.1951274,06,,G4020,Clackamas,Clackamas County,41,2024-09-05,41.3248540874221,1725494400000,"{""type"":""MultiPoint"",""coordinates"":[]}"
1009_0000000000000000021c,1116558776,88222268,38900,H1,051,01135861,440,A,41051,+45.5477107,-122.4173625,06,,G4020,Multnomah,Multnomah County,41,2024-09-05,42.418505675122695,1725494400000,"{""type"":""MultiPoint"",""coordinates"":[]}"
1009_0000000000000000021e,1875846777,6127010,38900,H1,067,01155137,440,A,41067,+45.5535419,-123.0976146,06,,G4020,Washington,Washington County,41,2024-09-05,44.44821174755316,1725494400000,"{""type"":""MultiPoint"",""coordinates"":[]}"
1010_0000000000000000021b,4845034547,31873103,38900,H1,005,01155127,440,A,41005,+45.1604934,-122.1951274,06,,G4020,Clackamas,Clackamas County,41,2024-09-06,42.45950688448207,1725580800000,"{""type"":""MultiPoint"",""coordinates"":[]}"
1010_0000000000000000021c,1116558776,88222268,38900,H1,051,01135861,440,A,41051,+45.5477107,-122.4173625,06,,G4020,Multnomah,Multnomah County,41,2024-09-06,41.13379365507894,1725580800000,"{""type"":""MultiPoint"",""coordinates"":[]}"
1010_0000000000000000021e,1875846777,6127010,38900,H1,067,01155137,440,A,41067,+45.5535419,-123.0976146,06,,G4020,Washington,Washington County,41,2024-09-06,43.779314459972035,1725580800000,"{""type"":""MultiPoint"",""coordinates"":[]}"
1011_0000000000000000021b,4845034547,31873103,38900,H1,005,01155127,440,A,41005,+45.1604934,-122.1951274,06,,G4020,Clackamas,Clackamas County,41,2024-09-07,52.95429726610269,1725667200000,"{""type"":""MultiPoint"",""coordinates"":[]}"
1011_0000000000000000021c,1116558776,88222268,38900,H1,051,01135861,440,A,41051,+45.5477107,-122.4173625,06,,G4020,Multnomah,Multnomah County,41,2024-09-07,51.91732168067339,1725667200000,"{""type"":""MultiPoint"",""coordinates"":[]}"
1011_0000000000000000021e,1875846777,6127010,38900,H1,067,01155137,440,A,41067,+45.5535419,-123.0976146,06,,G4020,Washington,Washington County,41,2024-09-07,56.30492078500159,1725667200000,"{""type"":""MultiPoint"",""coordinates"":[]}"
1012_0000000000000000021b,4845034547,31873103,38900,H1,005,01155127,440,A,41005,+45.1604934,-122.1951274,06,,G4020,Clackamas,Clackamas County,41,2024-09-08,64.31841397956325,1725753600000,"{""type"":""MultiPoint"",""coordinates"":[]}"
1012_0000000000000000021c,1116558776,88222268,38900,H1,051,01135861,440,A,41051,+45.5477107,-122.4173625,06,,G4020,Multnomah,Multnomah County,41,2024-09-08,65.5721377308318,1725753600000,"{""type"":""MultiPoint"",""coordinates"":[]}"
1012_0000000000000000021e,1875846777,6127010,38900,H1,067,01155137,440,A,41067,+45.5535419,-123.0976146,06,,G4020,Washington,Washington County,41,2024-09-08,64.58965044551894,1725753600000,"{""type"":""MultiPoint"",""coordinates"":[]}"
1013_0000000000000000021b,4845034547,31873103,38900,H1,005,01155127,440,A,41005,+45.1604934,-122.1951274,06,,G4020,Clackamas,Clackamas County,41,2024-09-09,64.95925057948331,1725840000000,"{""type"":""MultiPoint"",""coordinates"":[]}"
1013_0000000000000000021c,1116558776,88222268,38900,H1,051,01135861,440,A,41051,+45.5477107,-122.4173625,06,,G4020,Multnomah,Multnomah County,41,2024-09-09,65.86522232347863,1725840000000,"{""type"":""MultiPoint"",""coordinates"":[]}"
1013_0000000000000000021e,1875846777,6127010,38900,H1,067,01155137,440,A,41067,+45.5535419,-123.0976146,06,,G4020,Washington,Washington County,41,2024-09-09,63.72119645953617,1725840000000,"{""type"":""MultiPoint"",""coordinates"":[]}"
1014_0000000000000000021b,4845034547,31873103,38900,H1,005,01155127,440,A,41005,+45.1604934,-122.1951274,06,,G4020,Clackamas,Clackamas County,41,2024-09-10,64.44880520833436,1725926400000,"{""type"":""MultiPoint"",""coordinates"":[]}"
1014_0000000000000000021c,1116558776,88222268,38900,H1,051,01135861,440,A,41051,+45.5477107,-122.4173625,06,,G4020,Multnomah,Multnomah County,41,2024-09-10,61.39780026584345,1725926400000,"{""type"":""MultiPoint"",""coordinates"":[]}"
1014_0000000000000000021e,1875846777,6127010,38900,H1,067,01155137,440,A,41067,+45.5535419,-123.0976146,06,,G4020,Washington,Washington County,41,2024-09-10,54.84755120488472,1725926400000,"{""type"":""MultiPoint"",""coordinates"":[]}"
1015_0000000000000000021b,4845034547,31873103,38900,H1,005,01155127,440,A,41005,+45.1604934,-122.1951274,06,,G4020,Clackamas,Clackamas County,41,2024-09-11,63.68549201205139,1726012800000,"{""type"":""MultiPoint"",""coordinates"":[]}"
1015_0000000000000000021c,1116558776,88222268,38900,H1,051,01135861,440,A,41051,+45.5477107,-122.4173625,06,,G4020,Multnomah,Multnomah County,41,2024-09-11,62.71814576476368,1726012800000,"{""type"":""MultiPoint"",""coordinates"":[]}"
1015_0000000000000000021e,1875846777,6127010,38900,H1,067,01155137,440,A,41067,+45.5535419,-123.0976146,06,,G4020,Washington,Washington County,41,2024-09-11,69.67777719180495,1726012800000,"{""type"":""MultiPoint"",""coordinates"":[]}"
1016_0000000000000000021b,4845034547,31873103,38900,H1,005,01155127,440,A,41005,+45.1604934,-122.1951274,06,,G4020,Clackamas,Clackamas County,41,2024-09-12,89.28469489125595,1726099200000,"{""type"":""MultiPoint"",""coordinates"":[]}"
1016_0000000000000000021c,1116558776,88222268,38900,H1,051,01135861,440,A,41051,+45.5477107,-122.4173625,06,,G4020,Multnomah,Multnomah County,41,2024-09-12,86.19311223147442,1726099200000,"{""type"":""MultiPoint"",""coordinates"":[]}"
1016_0000000000000000021e,1875846777,6127010,38900,H1,067,01155137,440,A,41067,+45.5535419,-123.0976146,06,,G4020,Washington,Washington County,41,2024-09-12,84.69006648471931,1726099200000,"{""type"":""MultiPoint"",""coordinates"":[]}"
1017_0000000000000000021b,4845034547,31873103,38900,H1,005,01155127,440,A,41005,+45.1604934,-122.1951274,06,,G4020,Clackamas,Clackamas County,41,2024-09-13,76.96620628478944,1726185600000,"{""type"":""MultiPoint"",""coordinates"":[]}"
1017_0000000000000000021c,1116558776,88222268,38900,H1,051,01135861,440,A,41051,+45.5477107,-122.4173625,06,,G4020,Multnomah,Multnomah County,41,2024-09-13,74.37677265651128,1726185600000,"{""type"":""MultiPoint"",""coordinates"":[]}"
1017_0000000000000000021e,1875846777,6127010,38900,H1,067,01155137,440,A,41067,+45.5535419,-123.0976146,06,,G4020,Washington,Washington County,41,2024-09-13,73.15003213888596,1726185600000,"{""type"":""MultiPoint"",""coordinates"":[]}"
1018_0000000000000000021b,4845034547,31873103,38900,H1,005,01155127,440,A,41005,+45.1604934,-122.1951274,06,,G4020,Clackamas,Clackamas County,41,2024-09-14,70.59553491049604,1726272000000,"{""type"":""MultiPoint"",""coordinates"":[]}"
1018_0000000000000000021c,1116558776,88222268,38900,H1,051,01135861,440,A,41051,+45.5477107,-122.4173625,06,,G4020,Multnomah,Multnomah County,41,2024-09-14,71.50204384511014,1726272000000,"{""type"":""MultiPoint"",""coordinates"":[]}"
1018_0000000000000000021e,1875846777,6127010,38900,H1,067,01155137,440,A,41067,+45.5535419,-123.0976146,06,,G4020,Washington,Washington County,41,2024-09-14,74.5307981067834,1726272000000,"{""type"":""MultiPoint"",""coordinates"":[]}"
1019_0000000000000000021b,4845034547,31873103,38900,H1,005,01155127,440,A,41005,+45.1604934,-122.1951274,06,,G4020,Clackamas,Clackamas County,41,2024-09-15,79.30897811909084,1726358400000,"{""type"":""MultiPoint"",""coordinates"":[]}"
1019_0000000000000000021c,1116558776,88222268,38900,H1,051,01135861,440,A,41051,+45.5477107,-122.4173625,06,,G4020,Multnomah,Multnomah County,41,2024-09-15,77.32974192294715,1726358400000,"{""type"":""MultiPoint"",""coordinates"":[]}"
1019_0000000000000000021e,1875846777,6127010,38900,H1,067,01155137,440,A,41067,+45.5535419,-123.0976146,06,,G4020,Washington,Washington County,41,2024-09-15,78.43191892561212,1726358400000,"{""type"":""MultiPoint"",""coordinates"":[]}"
1020_0000000000000000021b,4845034547,31873103,38900,H1,005,01155127,440,A,41005,+45.1604934,-122.1951274,06,,G4020,Clackamas,Clackamas County,41,2024-09-16,75.14994033750865,1726444800000,"{""type"":""MultiPoint"",""coordinates"":[]}"
1020_0000000000000000021c,1116558776,88222268,38900,H1,051,01135861,440,A,41051,+45.5477107,-122.4173625,06,,G4020,Multnomah,Multnomah County,41,2024-09-16,73.01011371103579,1726444800000,"{""type"":""MultiPoint"",""coordinates"":[]}"
1020_0000000000000000021e,1875846777,6127010,38900,H1,067,01155137,440,A,41067,+45.5535419,-123.0976146,06,,G4020,Washington,Washington County,41,2024-09-16,69.799448101811,1726444800000,"{""type"":""MultiPoint"",""coordinates"":[]}"
1021_0000000000000000021b,4845034547,31873103,38900,H1,005,01155127,440,A,41005,+45.1604934,-122.1951274,06,,G4020,Clackamas,Clackamas County,41,2024-09-17,79.90299983731363,1726531200000,"{""type"":""MultiPoint"",""coordinates"":[]}"
1021_0000000000000000021c,1116558776,88222268,38900,H1,051,01135861,440,A,41051,+45.5477107,-122.4173625,06,,G4020,Multnomah,Multnomah County,41,2024-09-17,77.8595638464166,1726531200000,"{""type"":""MultiPoint"",""coordinates"":[]}"
1021_0000000000000000021e,1875846777,6127010,38900,H1,067,01155137,440,A,41067,+45.5535419,-123.0976146,06,,G4020,Washington,Washington County,41,2024-09-17,79.19001967326157,1726531200000,"{""type"":""MultiPoint"",""coordinates"":[]}"
1022_0000000000000000021b,4845034547,31873103,38900,H1,005,01155127,440,A,41005,+45.1604934,-122.1951274,06,,G4020,Clackamas,Clackamas County,41,2024-09-18,81.94362781869225,1726617600000,"{""type"":""MultiPoint"",""coordinates"":[]}"
1022_0000000000000000021c,1116558776,88222268,38900,H1,051,01135861,440,A,41051,+45.5477107,-122.4173625,06,,G4020,Multnomah,Multnomah County,41,2024-09-18,82.68871134035024,1726617600000,"{""type"":""MultiPoint"",""coordinates"":[]}"
1022_0000000000000000021e,1875846777,6127010,38900,H1,067,01155137,440,A,41067,+45.5535419,-123.0976146,06,,G4020,Washington,Washington County,41,2024-09-18,84.67514341249698,1726617600000,"{""type"":""MultiPoint"",""coordinates"":[]}"
1023_0000000000000000021b,4845034547,31873103,38900,H1,005,01155127,440,A,41005,+45.1604934,-122.1951274,06,,G4020,Clackamas,Clackamas County,41,2024-09-19,76.35348432731212,1726704000000,"{""type"":""MultiPoint"",""coordinates"":[]}"
1023_0000000000000000021c,1116558776,88222268,38900,H1,051,01135861,440,A,41051,+45.5477107,-122.4173625,06,,G4020,Multnomah,Multnomah County,41,2024-09-19,77.5445397737569,1726704000000,"{""type"":""MultiPoint"",""coordinates"":[]}"
1023_0000000000000000021e,1875846777,6127010,38900,H1,067,01155137,440,A,41067,+45.5535419,-123.0976146,06,,G4020,Washington,Washington County,41,2024-09-19,76.81783010413834,1726704000000,"{""type"":""MultiPoint"",""coordinates"":[]}"
1024_0000000000000000021b,4845034547,31873103,38900,H1,005,01155127,440,A,41005,+45.1604934,-122.1951274,06,,G4020,Clackamas,Clackamas County,41,2024-09-20,70.32400699815406,1726790400000,"{""type"":""MultiPoint"",""coordinates"":[]}"
1024_0000000000000000021c,1116558776,88222268,38900,H1,051,01135861,440,A,41051,+45.5477107,-122.4173625,06,,G4020,Multnomah,Multnomah County,41,2024-09-20,70.11486668095905,1726790400000,"{""type"":""MultiPoint"",""coordinates"":[]}"
1024_0000000000000000021e,1875846777,6127010,38900,H1,067,01155137,440,A,41067,+45.5535419,-123.0976146,06,,G4020,Washington,Washington County,41,2024-09-20,69.03713737594639,1726790400000,"{""type"":""MultiPoint"",""coordinates"":[]}"
1025_0000000000000000021b,4845034547,31873103,38900,H1,005,01155127,440,A,41005,+45.1604934,-122.1951274,06,,G4020,Clackamas,Clackamas County,41,2024-09-21,63.50673374911206,1726876800000,"{""type"":""MultiPoint"",""coordinates"":[]}"
1025_0000000000000000021c,1116558776,88222268,38900,H1,051,01135861,440,A,41051,+45.5477107,-122.4173625,06,,G4020,Multnomah,Multnomah County,41,2024-09-21,64.28195253260974,1726876800000,"{""type"":""MultiPoint"",""coordinates"":[]}"
1025_0000000000000000021e,1875846777,6127010,38900,H1,067,01155137,440,A,41067,+45.5535419,-123.0976146,06,,G4020,Washington,Washington County,41,2024-09-21,66.77971909240686,1726876800000,"{""type"":""MultiPoint"",""coordinates"":[]}"
1026_0000000000000000021b,4845034547,31873103,38900,H1,005,01155127,440,A,41005,+45.1604934,-122.1951274,06,,G4020,Clackamas,Clackamas County,41,2024-09-22,59.11939780316556,1726963200000,"{""type"":""MultiPoint"",""coordinates"":[]}"
1026_0000000000000000021c,1116558776,88222268,38900,H1,051,01135861,440,A,41051,+45.5477107,-122.4173625,06,,G4020,Multnomah,Multnomah County,41,2024-09-22,61.08877782035739,1726963200000,"{""type"":""MultiPoint"",""coordinates"":[]}"
1026_0000000000000000021e,1875846777,6127010,38900,H1,067,01155137,440,A,41067,+45.5535419,-123.0976146,06,,G4020,Washington,Washington County,41,2024-09-22,63.964803913698546,1726963200000,"{""type"":""MultiPoint"",""coordinates"":[]}"
1027_0000000000000000021b,4845034547,31873103,38900,H1,005,01155127,440,A,41005,+45.1604934,-122.1951274,06,,G4020,Clackamas,Clackamas County,41,2024-09-23,69.78037692741452,1727049600000,"{""type"":""MultiPoint"",""coordinates"":[]}"
1027_0000000000000000021c,1116558776,88222268,38900,H1,051,01135861,440,A,41051,+45.5477107,-122.4173625,06,,G4020,Multnomah,Multnomah County,41,2024-09-23,70.89312843892436,1727049600000,"{""type"":""MultiPoint"",""coordinates"":[]}"
1027_0000000000000000021e,1875846777,6127010,38900,H1,067,01155137,440,A,41067,+45.5535419,-123.0976146,06,,G4020,Washington,Washington County,41,2024-09-23,74.41276552594218,1727049600000,"{""type"":""MultiPoint"",""coordinates"":[]}"
1028_0000000000000000021b,4845034547,31873103,38900,H1,005,01155127,440,A,41005,+45.1604934,-122.1951274,06,,G4020,Clackamas,Clackamas County,41,2024-09-24,68.06115985511144,1727136000000,"{""type"":""MultiPoint"",""coordinates"":[]}"
1028_0000000000000000021c,1116558776,88222268,38900,H1,051,01135861,440,A,41051,+45.5477107,-122.4173625,06,,G4020,Multnomah,Multnomah County,41,2024-09-24,69.34655174090894,1727136000000,"{""type"":""MultiPoint"",""coordinates"":[]}"
1028_0000000000000000021e,1875846777,6127010,38900,H1,067,01155137,440,A,41067,+45.5535419,-123.0976146,06,,G4020,Washington,Washington County,41,2024-09-24,71.66267984245208,1727136000000,"{""type"":""MultiPoint"",""coordinates"":[]}"
1029_0000000000000000021b,4845034547,31873103,38900,H1,005,01155127,440,A,41005,+45.1604934,-122.1951274,06,,G4020,Clackamas,Clackamas County,41,2024-09-25,77.62288099015073,1727222400000,"{""type"":""MultiPoint"",""coordinates"":[]}"
1029_0000000000000000021c,1116558776,88222268,38900,H1,051,01135861,440,A,41051,+45.5477107,-122.4173625,06,,G4020,Multnomah,Multnomah County,41,2024-09-25,78.949977268145,1727222400000,"{""type"":""MultiPoint"",""coordinates"":[]}"
1029_0000000000000000021e,1875846777,6127010,38900,H1,067,01155137,440,A,41067,+45.5535419,-123.0976146,06,,G4020,Washington,Washington County,41,2024-09-25,82.6176633791868,1727222400000,"{""type"":""MultiPoint"",""coordinates"":[]}"
1030_0000000000000000021b,4845034547,31873103,38900,H1,005,01155127,440,A,41005,+45.1604934,-122.1951274,06,,G4020,Clackamas,Clackamas County,41,2024-09-26,79.3818695084766,1727308800000,"{""type"":""MultiPoint"",""coordinates"":[]}"
1030_0000000000000000021c,1116558776,88222268,38900,H1,051,01135861,440,A,41051,+45.5477107,-122.4173625,06,,G4020,Multnomah,Multnomah County,41,2024-09-26,80.97262809225846,1727308800000,"{""type"":""MultiPoint"",""coordinates"":[]}"
1030_0000000000000000021e,1875846777,6127010,38900,H1,067,01155137,440,A,41067,+45.5535419,-123.0976146,06,,G4020,Washington,Washington County,41,2024-09-26,82.59512117902008,1727308800000,"{""type"":""MultiPoint"",""coordinates"":[]}"
1031_0000000000000000021b,4845034547,31873103,38900,H1,005,01155127,440,A,41005,+45.1604934,-122.1951274,06,,G4020,Clackamas,Clackamas County,41,2024-09-27,66.6591977160339,1727395200000,"{""type"":""MultiPoint"",""coordinates"":[]}"
1031_0000000000000000021c,1116558776,88222268,38900,H1,051,01135861,440,A,41051,+45.5477107,-122.4173625,06,,G4020,Multnomah,Multnomah County,41,2024-09-27,70.21237557237068,1727395200000,"{""type"":""MultiPoint"",""coordinates"":[]}"
1031_0000000000000000021e,1875846777,6127010,38900,H1,067,01155137,440,A,41067,+45.5535419,-123.0976146,06,,G4020,Washington,Washington County,41,2024-09-27,69.47155637223204,1727395200000,"{""type"":""MultiPoint"",""coordinates"":[]}"
1032_0000000000000000021b,4845034547,31873103,38900,H1,005,01155127,440,A,41005,+45.1604934,-122.1951274,06,,G4020,Clackamas,Clackamas County,41,2024-09-28,72.02209997943802,1727481600000,"{""type"":""MultiPoint"",""coordinates"":[]}"
1032_0000000000000000021c,1116558776,88222268,38900,H1,051,01135861,440,A,41051,+45.5477107,-122.4173625,06,,G4020,Multnomah,Multnomah County,41,2024-09-28,71.45562285815058,1727481600000,"{""type"":""MultiPoint"",""coordinates"":[]}"
1032_0000000000000000021e,1875846777,6127010,38900,H1,067,01155137,440,A,41067,+45.5535419,-123.0976146,06,,G4020,Washington,Washington County,41,2024-09-28,68.70572820237804,1727481600000,"{""type"":""MultiPoint"",""coordinates"":[]}"
1033_0000000000000000021b,4845034547,31873103,38900,H1,005,01155127,440,A,41005,+45.1604934,-122.1951274,06,,G4020,Clackamas,Clackamas County,41,2024-09-29,68.0612833563268,1727568000000,"{""type"":""MultiPoint"",""coordinates"":[]}"
1033_0000000000000000021c,1116558776,88222268,38900,H1,051,01135861,440,A,41051,+45.5477107,-122.4173625,06,,G4020,Multnomah,Multnomah County,41,2024-09-29,67.51364029868195,1727568000000,"{""type"":""MultiPoint"",""coordinates"":[]}"
1033_0000000000000000021e,1875846777,6127010,38900,H1,067,01155137,440,A,41067,+45.5535419,-123.0976146,06,,G4020,Washington,Washington County,41,2024-09-29,67.46838927050152,1727568000000,"{""type"":""MultiPoint"",""coordinates"":[]}"
1034_0000000000000000021b,4845034547,31873103,38900,H1,005,01155127,440,A,41005,+45.1604934,-122.1951274,06,,G4020,Clackamas,Clackamas County,41,2024-09-30,57.22172730466533,1727654400000,"{""type"":""MultiPoint"",""coordinates"":[]}"
1034_0000000000000000021c,1116558776,88222268,38900,H1,051,01135861,440,A,41051,+45.5477107,-122.4173625,06,,G4020,Multnomah,Multnomah County,41,2024-09-30,61.344450527321634,1727654400000,"{""type"":""MultiPoint"",""coordinates"":[]}"
1034_0000000000000000021e,1875846777,6127010,38900,H1,067,01155137,440,A,41067,+45.5535419,-123.0976146,06,,G4020,Washington,Washington County,41,2024-09-30,64.17103639845898,1727654400000,"{""type"":""MultiPoint"",""coordinates"":[]}"
1035_0000000000000000021b,4845034547,31873103,38900,H1,005,01155127,440,A,41005,+45.1604934,-122.1951274,06,,G4020,Clackamas,Clackamas County,41,2024-10-01,41.79860826207308,1727740800000,"{""type"":""MultiPoint"",""coordinates"":[]}"
1035_0000000000000000021c,1116558776,88222268,38900,H1,051,01135861,440,A,41051,+45.5477107,-122.4173625,06,,G4020,Multnomah,Multnomah County,41,2024-10-01,45.75242739877703,1727740800000,"{""type"":""MultiPoint"",""coordinates"":[]}"
1035_0000000000000000021e,1875846777,6127010,38900,H1,067,01155137,440,A,41067,+45.5535419,-123.0976146,06,,G4020,Washington,Washington County,41,2024-10-01,45.236682698016224,1727740800000,"{""type"":""MultiPoint"",""coordinates"":[]}"
1036_0000000000000000021b,4845034547,31873103,38900,H1,005,01155127,440,A,41005,+45.1604934,-122.1951274,06,,G4020,Clackamas,Clackamas County,41,2024-10-02,61.16115029846538,1727827200000,"{""type"":""MultiPoint"",""coordinates"":[]}"
1036_0000000000000000021c,1116558776,88222268,38900,H1,051,01135861,440,A,41051,+45.5477107,-122.4173625,06,,G4020,Multnomah,Multnomah County,41,2024-10-02,62.92510922390264,1727827200000,"{""type"":""MultiPoint"",""coordinates"":[]}"
1036_0000000000000000021e,1875846777,6127010,38900,H1,067,01155137,440,A,41067,+45.5535419,-123.0976146,06,,G4020,Washington,Washington County,41,2024-10-02,61.94022777090076,1727827200000,"{""type"":""MultiPoint"",""coordinates"":[]}"
1037_0000000000000000021b,4845034547,31873103,38900,H1,005,01155127,440,A,41005,+45.1604934,-122.1951274,06,,G4020,Clackamas,Clackamas County,41,2024-10-03,55.25788762889316,1727913600000,"{""type"":""MultiPoint"",""coordinates"":[]}"
1037_0000000000000000021c,1116558776,88222268,38900,H1,051,01135861,440,A,41051,+45.5477107,-122.4173625,06,,G4020,Multnomah,Multnomah County,41,2024-10-03,57.32588069402259,1727913600000,"{""type"":""MultiPoint"",""coordinates"":[]}"
1037_0000000000000000021e,1875846777,6127010,38900,H1,067,01155137,440,A,41067,+45.5535419,-123.0976146,06,,G4020,Washington,Washington County,41,2024-10-03,54.28776298558497,1727913600000,"{""type"":""MultiPoint"",""coordinates"":[]}"
1038_0000000000000000021b,4845034547,31873103,38900,H1,005,01155127,440,A,41005,+45.1604934,-122.1951274,06,,G4020,Clackamas,Clackamas County,41,2024-10-04,62.42119128827671,1728000000000,"{""type"":""MultiPoint"",""coordinates"":[]}"
1038_0000000000000000021c,1116558776,88222268,38900,H1,051,01135861,440,A,41051,+45.5477107,-122.4173625,06,,G4020,Multnomah,Multnomah County,41,2024-10-04,64.96604468965153,1728000000000,"{""type"":""MultiPoint"",""coordinates"":[]}"
1038_0000000000000000021e,1875846777,6127010,38900,H1,067,01155137,440,A,41067,+45.5535419,-123.0976146,06,,G4020,Washington,Washington County,41,2024-10-04,68.3425467052008,1728000000000,"{""type"":""MultiPoint"",""coordinates"":[]}"
1039_0000000000000000021b,4845034547,31873103,38900,H1,005,01155127,440,A,41005,+45.1604934,-122.1951274,06,,G4020,Clackamas,Clackamas County,41,2024-10-05,74.76127080158234,1728086400000,"{""type"":""MultiPoint"",""coordinates"":[]}"
1039_0000000000000000021c,1116558776,88222268,38900,H1,051,01135861,440,A,41051,+45.5477107,-122.4173625,06,,G4020,Multnomah,Multnomah County,41,2024-10-05,79.3890295738379,1728086400000,"{""type"":""MultiPoint"",""coordinates"":[]}"
1039_0000000000000000021e,1875846777,6127010,38900,H1,067,01155137,440,A,41067,+45.5535419,-123.0976146,06,,G4020,Washington,Washington County,41,2024-10-05,80.43574848458985,1728086400000,"{""type"":""MultiPoint"",""coordinates"":[]}"
1040_0000000000000000021b,4845034547,31873103,38900,H1,005,01155127,440,A,41005,+45.1604934,-122.1951274,06,,G4020,Clackamas,Clackamas County,41,2024-10-06,61.65766197067621,1728172800000,"{""type"":""MultiPoint"",""coordinates"":[]}"
1040_0000000000000000021c,1116558776,88222268,38900,H1,051,01135861,440,A,41051,+45.5477107,-122.4173625,06,,G4020,Multnomah,Multnomah County,41,2024-10-06,65.27428251454799,1728172800000,"{""type"":""MultiPoint"",""coordinates"":[]}"
1040_0000000000000000021e,1875846777,6127010,38900,H1,067,01155137,440,A,41067,+45.5535419,-123.0976146,06,,G4020,Washington,Washington County,41,2024-10-06,65.77793424755487,1728172800000,"{""type"":""MultiPoint"",""coordinates"":[]}"
1041_0000000000000000021b,4845034547,31873103,38900,H1,005,01155127,440,A,41005,+45.1604934,-122.1951274,06,,G4020,Clackamas,Clackamas County,41,2024-10-07,62.791054252437156,1728259200000,"{""type"":""MultiPoint"",""coordinates"":[]}"
1041_0000000000000000021c,1116558776,88222268,38900,H1,051,01135861,440,A,41051,+45.5477107,-122.4173625,06,,G4020,Multnomah,Multnomah County,41,2024-10-07,67.19182446105881,1728259200000,"{""type"":""MultiPoint"",""coordinates"":[]}"
1041_0000000000000000021e,1875846777,6127010,38900,H1,067,01155137,440,A,41067,+45.5535419,-123.0976146,06,,G4020,Washington,Washington County,41,2024-10-07,68.08401657402419,1728259200000,"{""type"":""MultiPoint"",""coordinates"":[]}"
1042_0000000000000000021b,4845034547,31873103,38900,H1,005,01155127,440,A,41005,+45.1604934,-122.1951274,06,,G4020,Clackamas,Clackamas County,41,2024-10-08,65.3135107962569,1728345600000,"{""type"":""MultiPoint"",""coordinates"":[]}"
1042_0000000000000000021c,1116558776,88222268,38900,H1,051,01135861,440,A,41051,+45.5477107,-122.4173625,06,,G4020,Multnomah,Multnomah County,41,2024-10-08,73.87895116799993,1728345600000,"{""type"":""MultiPoint"",""coordinates"":[]}"
1042_0000000000000000021e,1875846777,6127010,38900,H1,067,01155137,440,A,41067,+45.5535419,-123.0976146,06,,G4020,Washington,Washington County,41,2024-10-08,81.02598521286573,1728345600000,"{""type"":""MultiPoint"",""coordinates"":[]}"
1043_0000000000000000021b,4845034547,31873103,38900,H1,005,01155127,440,A,41005,+45.1604934,-122.1951274,06,,G4020,Clackamas,Clackamas County,41,2024-10-09,89.0205504359985,1728432000000,"{""type"":""MultiPoint"",""coordinates"":[]}"
1043_0000000000000000021c,1116558776,88222268,38900,H1,051,01135861,440,A,41051,+45.5477107,-122.4173625,06,,G4020,Multnomah,Multnomah County,41,2024-10-09,86.57533664095787,1728432000000,"{""type"":""MultiPoint"",""coordinates"":[]}"
1043_0000000000000000021e,1875846777,6127010,38900,H1,067,01155137,440,A,41067,+45.5535419,-123.0976146,06,,G4020,Washington,Washington County,41,2024-10-09,81.98916294864449,1728432000000,"{""type"":""MultiPoint"",""coordinates"":[]}"
1044_0000000000000000021b,4845034547,31873103,38900,H1,005,01155127,440,A,41005,+45.1604934,-122.1951274,06,,G4020,Clackamas,Clackamas County,41,2024-10-10,72.75224160317691,1728518400000,"{""type"":""MultiPoint"",""coordinates"":[]}"
1044_0000000000000000021c,1116558776,88222268,38900,H1,051,01135861,440,A,41051,+45.5477107,-122.4173625,06,,G4020,Multnomah,Multnomah County,41,2024-10-10,70.60610096605498,1728518400000,"{""type"":""MultiPoint"",""coordinates"":[]}"
1044_0000000000000000021e,1875846777,6127010,38900,H1,067,01155137,440,A,41067,+45.5535419,-123.0976146,06,,G4020,Washington,Washington County,41,2024-10-10,71.32818462266775,1728518400000,"{""type"":""MultiPoint"",""coordinates"":[]}"
1045_0000000000000000021b,4845034547,31873103,38900,H1,005,01155127,440,A,41005,+45.1604934,-122.1951274,06,,G4020,Clackamas,Clackamas County,41,2024-10-11,62.77278258079369,1728604800000,"{""type"":""MultiPoint"",""coordinates"":[]}"
1045_0000000000000000021c,1116558776,88222268,38900,H1,051,01135861,440,A,41051,+45.5477107,-122.4173625,06,,G4020,Multnomah,Multnomah County,41,2024-10-11,62.08518014303613,1728604800000,"{""type"":""MultiPoint"",""coordinates"":[]}"
1045_0000000000000000021e,1875846777,6127010,38900,H1,067,01155137,440,A,41067,+45.5535419,-123.0976146,06,,G4020,Washington,Washington County,41,2024-10-11,63.55964182083294,1728604800000,"{""type"":""MultiPoint"",""coordinates"":[]}"
1046_0000000000000000021b,4845034547,31873103,38900,H1,005,01155127,440,A,41005,+45.1604934,-122.1951274,06,,G4020,Clackamas,Clackamas County,41,2024-10-12,60.74202223560632,1728691200000,"{""type"":""MultiPoint"",""coordinates"":[]}"
1046_0000000000000000021c,1116558776,88222268,38900,H1,051,01135861,440,A,41051,+45.5477107,-122.4173625,06,,G4020,Multnomah,Multnomah County,41,2024-10-12,61.21171099251041,1728691200000,"{""type"":""MultiPoint"",""coordinates"":[]}"
1046_0000000000000000021e,1875846777,6127010,38900,H1,067,01155137,440,A,41067,+45.5535419,-123.0976146,06,,G4020,Washington,Washington County,41,2024-10-12,62.71697921786661,1728691200000,"{""type"":""MultiPoint"",""coordinates"":[]}"
1047_0000000000000000021b,4845034547,31873103,38900,H1,005,01155127,440,A,41005,+45.1604934,-122.1951274,06,,G4020,Clackamas,Clackamas County,41,2024-10-13,67.19602690111094,1728777600000,"{""type"":""MultiPoint"",""coordinates"":[]}"
1047_0000000000000000021c,1116558776,88222268,38900,H1,051,01135861,440,A,41051,+45.5477107,-122.4173625,06,,G4020,Multnomah,Multnomah County,41,2024-10-13,67.87268935204905,1728777600000,"{""type"":""MultiPoint"",""coordinates"":[]}"
1047_0000000000000000021e,1875846777,6127010,38900,H1,067,01155137,440,A,41067,+45.5535419,-123.0976146,06,,G4020,Washington,Washington County,41,2024-10-13,75.29267392318448,1728777600000,"{""type"":""MultiPoint"",""coordinates"":[]}"
1048_0000000000000000021b,4845034547,31873103,38900,H1,005,01155127,440,A,41005,+45.1604934,-122.1951274,06,,G4020,Clackamas,Clackamas County,41,2024-10-14,72.22573712514318,1728864000000,"{""type"":""MultiPoint"",""coordinates"":[]}"
1048_0000000000000000021c,1116558776,88222268,38900,H1,051,01135861,440,A,41051,+45.5477107,-122.4173625,06,,G4020,Multnomah,Multnomah County,41,2024-10-14,76.23546812956546,1728864000000,"{""type"":""MultiPoint"",""coordinates"":[]}"
1048_0000000000000000021e,1875846777,6127010,38900,H1,067,01155137,440,A,41067,+45.5535419,-123.0976146,06,,G4020,Washington,Washington County,41,2024-10-14,82.96053388056299,1728864000000,"{""type"":""MultiPoint"",""coordinates"":[]}"
1049_0000000000000000021b,4845034547,31873103,38900,H1,005,01155127,440,A,41005,+45.1604934,-122.1951274,06,,G4020,Clackamas,Clackamas County,41,2024-10-15,85.92583388426644,1728950400000,"{""type"":""MultiPoint"",""coordinates"":[]}"
1049_0000000000000000021c,1116558776,88222268,38900,H1,051,01135861,440,A,41051,+45.5477107,-122.4173625,06,,G4020,Multnomah,Multnomah County,41,2024-10-15,85.87423561930841,1728950400000,"{""type"":""MultiPoint"",""coordinates"":[]}"
1049_0000000000000000021e,1875846777,6127010,38900,H1,067,01155137,440,A,41067,+45.5535419,-123.0976146,06,,G4020,Washington,Washington County,41,2024-10-15,88.9199554738455,1728950400000,"{""type"":""MultiPoint"",""coordinates"":[]}"
1050_0000000000000000021b,4845034547,31873103,38900,H1,005,01155127,440,A,41005,+45.1604934,-122.1951274,06,,G4020,Clackamas,Clackamas County,41,2024-10-16,92.37305009744675,1729036800000,"{""type"":""MultiPoint"",""coordinates"":[]}"
1050_0000000000000000021c,1116558776,88222268,38900,H1,051,01135861,440,A,41051,+45.5477107,-122.4173625,06,,G4020,Multnomah,Multnomah County,41,2024-10-16,92.01344555439785,1729036800000,"{""type"":""MultiPoint"",""coordinates"":[]}"
1050_0000000000000000021e,1875846777,6127010,38900,H1,067,01155137,440,A,41067,+45.5535419,-123.0976146,06,,G4020,Washington,Washington County,41,2024-10-16,87.47999961334072,1729036800000,"{""type"":""MultiPoint"",""coordinates"":[]}"
1051_0000000000000000021b,4845034547,31873103,38900,H1,005,01155127,440,A,41005,+45.1604934,-122.1951274,06,,G4020,Clackamas,Clackamas County,41,2024-10-17,90.80020103145849,1729123200000,"{""type"":""MultiPoint"",""coordinates"":[]}"
1051_0000000000000000021c,1116558776,88222268,38900,H1,051,01135861,440,A,41051,+45.5477107,-122.4173625,06,,G4020,Multnomah,Multnomah County,41,2024-10-17,88.63454064658039,1729123200000,"{""type"":""MultiPoint"",""coordinates"":[]}"
1051_0000000000000000021e,1875846777,6127010,38900,H1,067,01155137,440,A,41067,+45.5535419,-123.0976146,06,,G4020,Washington,Washington County,41,2024-10-17,81.43082482122414,1729123200000,"{""type"":""MultiPoint"",""coordinates"":[]}"
1052_0000000000000000021b,4845034547,31873103,38900,H1,005,01155127,440,A,41005,+45.1604934,-122.1951274,06,,G4020,Clackamas,Clackamas County,41,2024-10-18,85.00531381792874,1729209600000,"{""type"":""MultiPoint"",""coordinates"":[]}"
1052_0000000000000000021c,1116558776,88222268,38900,H1,051,01135861,440,A,41051,+45.5477107,-122.4173625,06,,G4020,Multnomah,Multnomah County,41,2024-10-18,86.44932923227167,1729209600000,"{""type"":""MultiPoint"",""coordinates"":[]}"
1052_0000000000000000021e,1875846777,6127010,38900,H1,067,01155137,440,A,41067,+45.5535419,-123.0976146,06,,G4020,Washington,Washington County,41,2024-10-18,85.61072340748288,1729209600000,"{""type"":""MultiPoint"",""coordinates"":[]}"
1053_0000000000000000021b,4845034547,31873103,38900,H1,005,01155127,440,A,41005,+45.1604934,-122.1951274,06,,G4020,Clackamas,Clackamas County,41,2024-10-19,59.40234671905846,1729296000000,"{""type"":""MultiPoint"",""coordinates"":[]}"
1053_0000000000000000021c,1116558776,88222268,38900,H1,051,01135861,440,A,41051,+45.5477107,-122.4173625,06,,G4020,Multnomah,Multnomah County,41,2024-10-19,71.47904705808426,1729296000000,"{""type"":""MultiPoint"",""coordinates"":[]}"
1053_0000000000000000021e,1875846777,6127010,38900,H1,067,01155137,440,A,41067,+45.5535419,-123.0976146,06,,G4020,Washington,Washington County,41,2024-10-19,75.63510643120514,1729296000000,"{""type"":""MultiPoint"",""coordinates"":[]}"
1054_0000000000000000021b,4845034547,31873103,38900,H1,005,01155127,440,A,41005,+45.1604934,-122.1951274,06,,G4020,Clackamas,Clackamas County,41,2024-10-20,78.83787621408072,1729382400000,"{""type"":""MultiPoint"",""coordinates"":[]}"
1054_0000000000000000021c,1116558776,88222268,38900,H1,051,01135861,440,A,41051,+45.5477107,-122.4173625,06,,G4020,Multnomah,Multnomah County,41,2024-10-20,80.49568450894658,1729382400000,"{""type"":""MultiPoint"",""coordinates"":[]}"
1054_0000000000000000021e,1875846777,6127010,38900,H1,067,01155137,440,A,41067,+45.5535419,-123.0976146,06,,G4020,Washington,Washington County,41,2024-10-20,84.83349515544121,1729382400000,"{""type"":""MultiPoint"",""coordinates"":[]}"
1055_0000000000000000021b,4845034547,31873103,38900,H1,005,01155127,440,A,41005,+45.1604934,-122.1951274,06,,G4020,Clackamas,Clackamas County,41,2024-10-21,92.26976850948846,1729468800000,"{""type"":""MultiPoint"",""coordinates"":[]}"
1055_0000000000000000021c,1116558776,88222268,38900,H1,051,01135861,440,A,41051,+45.5477107,-122.4173625,06,,G4020,Multnomah,Multnomah County,41,2024-10-21,92.6409339834188,1729468800000,"{""type"":""MultiPoint"",""coordinates"":[]}"
1055_0000000000000000021e,1875846777,6127010,38900,H1,067,01155137,440,A,41067,+45.5535419,-123.0976146,06,,G4020,Washington,Washington County,41,2024-10-21,93.06143370960447,1729468800000,"{""type"":""MultiPoint"",""coordinates"":[]}"
1056_0000000000000000021b,4845034547,31873103,38900,H1,005,01155127,440,A,41005,+45.1604934,-122.1951274,06,,G4020,Clackamas,Clackamas County,41,2024-10-22,82.78145873328357,1729555200000,"{""type"":""MultiPoint"",""coordinates"":[]}"
1056_0000000000000000021c,1116558776,88222268,38900,H1,051,01135861,440,A,41051,+45.5477107,-122.4173625,06,,G4020,Multnomah,Multnomah County,41,2024-10-22,79.94581201872491,1729555200000,"{""type"":""MultiPoint"",""coordinates"":[]}"
1056_0000000000000000021e,1875846777,6127010,38900,H1,067,01155137,440,A,41067,+45.5535419,-123.0976146,06,,G4020,Washington,Washington County,41,2024-10-22,79.49072001003903,1729555200000,"{""type"":""MultiPoint"",""coordinates"":[]}"
1057_0000000000000000021b,4845034547,31873103,38900,H1,005,01155127,440,A,41005,+45.1604934,-122.1951274,06,,G4020,Clackamas,Clackamas County,41,2024-10-23,79.69496862954159,1729641600000,"{""type"":""MultiPoint"",""coordinates"":[]}"
1057_0000000000000000021c,1116558776,88222268,38900,H1,051,01135861,440,A,41051,+45.5477107,-122.4173625,06,,G4020,Multnomah,Multnomah County,41,2024-10-23,78.32777826725052,1729641600000,"{""type"":""MultiPoint"",""coordinates"":[]}"
1057_0000000000000000021e,1875846777,6127010,38900,H1,067,01155137,440,A,41067,+45.5535419,-123.0976146,06,,G4020,Washington,Washington County,41,2024-10-23,74.69232703738095,1729641600000,"{""type"":""MultiPoint"",""coordinates"":[]}"
1058_0000000000000000021b,4845034547,31873103,38900,H1,005,01155127,440,A,41005,+45.1604934,-122.1951274,06,,G4020,Clackamas,Clackamas County,41,2024-10-24,76.89998989631299,1729728000000,"{""type"":""MultiPoint"",""coordinates"":[]}"
1058_0000000000000000021c,1116558776,88222268,38900,H1,051,01135861,440,A,41051,+45.5477107,-122.4173625,06,,G4020,Multnomah,Multnomah County,41,2024-10-24,77.98253489039185,1729728000000,"{""type"":""MultiPoint"",""coordinates"":[]}"
1058_0000000000000000021e,1875846777,6127010,38900,H1,067,01155137,440,A,41067,+45.5535419,-123.0976146,06,,G4020,Washington,Washington County,41,2024-10-24,77.73931063770948,1729728000000,"{""type"":""MultiPoint"",""coordinates"":[]}"
1059_0000000000000000021b,4845034547,31873103,38900,H1,005,01155127,440,A,41005,+45.1604934,-122.1951274,06,,G4020,Clackamas,Clackamas County,41,2024-10-25,65.09446857281687,1729814400000,"{""type"":""MultiPoint"",""coordinates"":[]}"
1059_0000000000000000021c,1116558776,88222268,38900,H1,051,01135861,440,A,41051,+45.5477107,-122.4173625,06,,G4020,Multnomah,Multnomah County,41,2024-10-25,67.02175176131918,1729814400000,"{""type"":""MultiPoint"",""coordinates"":[]}"
1059_0000000000000000021e,1875846777,6127010,38900,H1,067,01155137,440,A,41067,+45.5535419,-123.0976146,06,,G4020,Washington,Washington County,41,2024-10-25,67.39315859253615,1729814400000,"{""type"":""MultiPoint"",""coordinates"":[]}"
1060_0000000000000000021b,4845034547,31873103,38900,H1,005,01155127,440,A,41005,+45.1604934,-122.1951274,06,,G4020,Clackamas,Clackamas County,41,2024-10-26,70.71168661904628,1729900800000,"{""type"":""MultiPoint"",""coordinates"":[]}"
1060_0000000000000000021c,1116558776,88222268,38900,H1,051,01135861,440,A,41051,+45.5477107,-122.4173625,06,,G4020,Multnomah,Multnomah County,41,2024-10-26,77.80636929404635,1729900800000,"{""type"":""MultiPoint"",""coordinates"":[]}"
1060_0000000000000000021e,1875846777,6127010,38900,H1,067,01155137,440,A,41067,+45.5535419,-123.0976146,06,,G4020,Washington,Washington County,41,2024-10-26,80.46636989952047,1729900800000,"{""type"":""MultiPoint"",""coordinates"":[]}"
1061_0000000000000000021b,4845034547,31873103,38900,H1,005,01155127,440,A,41005,+45.1604934,-122.1951274,06,,G4020,Clackamas,Clackamas County,41,2024-10-27,92.09424746264907,1729987200000,"{""type"":""MultiPoint"",""coordinates"":[]}"
1061_0000000000000000021c,1116558776,88222268,38900,H1,051,01135861,440,A,41051,+45.5477107,-122.4173625,06,,G4020,Multnomah,Multnomah County,41,2024-10-27,94.42196272110701,1729987200000,"{""type"":""MultiPoint"",""coordinates"":[]}"
1061_0000000000000000021e,1875846777,6127010,38900,H1,067,01155137,440,A,41067,+45.5535419,-123.0976146,06,,G4020,Washington,Washington County,41,2024-10-27,95.46005650510746,1729987200000,"{""type"":""MultiPoint"",""coordinates"":[]}"
1062_0000000000000000021b,4845034547,31873103,38900,H1,005,01155127,440,A,41005,+45.1604934,-122.1951274,06,,G4020,Clackamas,Clackamas County,41,2024-10-28,94.59563539022258,1730073600000,"{""type"":""MultiPoint"",""coordinates"":[]}"
1062_0000000000000000021c,1116558776,88222268,38900,H1,051,01135861,440,A,41051,+45.5477107,-122.4173625,06,,G4020,Multnomah,Multnomah County,41,2024-10-28,95.57403728458065,1730073600000,"{""type"":""MultiPoint"",""coordinates"":[]}"
1062_0000000000000000021e,1875846777,6127010,38900,H1,067,01155137,440,A,41067,+45.5535419,-123.0976146,06,,G4020,Washington,Washington County,41,2024-10-28,94.50801177970976,1730073600000,"{""type"":""MultiPoint"",""coordinates"":[]}"
1063_0000000000000000021b,4845034547,31873103,38900,H1,005,01155127,440,A,41005,+45.1604934,-122.1951274,06,,G4020,Clackamas,Clackamas County,41,2024-10-29,89.58090081507801,1730160000000,"{""type"":""MultiPoint"",""coordinates"":[]}"
1063_0000000000000000021c,1116558776,88222268,38900,H1,051,01135861,440,A,41051,+45.5477107,-122.4173625,06,,G4020,Multnomah,Multnomah County,41,2024-10-29,91.21530423245895,1730160000000,"{""type"":""MultiPoint"",""coordinates"":[]}"
1063_0000000000000000021e,1875846777,6127010,38900,H1,067,01155137,440,A,41067,+45.5535419,-123.0976146,06,,G4020,Washington,Washington County,41,2024-10-29,88.12044438878948,1730160000000,"{""type"":""MultiPoint"",""coordinates"":[]}"
1064_0000000000000000021b,4845034547,31873103,38900,H1,005,01155127,440,A,41005,+45.1604934,-122.1951274,06,,G4020,Clackamas,Clackamas County,41,2024-10-30,82.30563004817716,1730246400000,"{""type"":""MultiPoint"",""coordinates"":[]}"
1064_0000000000000000021c,1116558776,88222268,38900,H1,051,01135861,440,A,41051,+45.5477107,-122.4173625,06,,G4020,Multnomah,Multnomah County,41,2024-10-30,87.86871597992041,1730246400000,"{""type"":""MultiPoint"",""coordinates"":[]}"
1064_0000000000000000021e,1875846777,6127010,38900,H1,067,01155137,440,A,41067,+45.5535419,-123.0976146,06,,G4020,Washington,Washington County,41,2024-10-30,88.1066038775705,1730246400000,"{""type"":""MultiPoint"",""coordinates"":[]}"
1065_0000000000000000021b,4845034547,31873103,38900,H1,005,01155127,440,A,41005,+45.1604934,-122.1951274,06,,G4020,Clackamas,Clackamas County,41,2024-10-31,97.30899592154347,1730332800000,"{""type"":""MultiPoint"",""coordinates"":[]}"
1065_0000000000000000021c,1116558776,88222268,38900,H1,051,01135861,440,A,41051,+45.5477107,-122.4173625,06,,G4020,Multnomah,Multnomah County,41,2024-10-31,97.94029319183203,1730332800000,"{""type"":""MultiPoint"",""coordinates"":[]}"
1065_0000000000000000021e,1875846777,6127010,38900,H1,067,01155137,440,A,41067,+45.5535419,-123.0976146,06,,G4020,Washington,Washington County,41,2024-10-31,98.2781987788501,1730332800000,"{""type"":""MultiPoint"",""coordinates"":[]}"
1066_0000000000000000021b,4845034547,31873103,38900,H1,005,01155127,440,A,41005,+45.1604934,-122.1951274,06,,G4020,Clackamas,Clackamas County,41,2024-11-01,96.6834617609508,1730419200000,"{""type"":""MultiPoint"",""coordinates"":[]}"
1066_0000000000000000021c,1116558776,88222268,38900,H1,051,01135861,440,A,41051,+45.5477107,-122.4173625,06,,G4020,Multnomah,Multnomah County,41,2024-11-01,96.98838360293135,1730419200000,"{""type"":""MultiPoint"",""coordinates"":[]}"
1066_0000000000000000021e,1875846777,6127010,38900,H1,067,01155137,440,A,41067,+45.5535419,-123.0976146,06,,G4020,Washington,Washington County,41,2024-11-01,97.57211882792505,1730419200000,"{""type"":""MultiPoint"",""coordinates"":[]}"
1067_0000000000000000021b,4845034547,31873103,38900,H1,005,01155127,440,A,41005,+45.1604934,-122.1951274,06,,G4020,Clackamas,Clackamas County,41,2024-11-02,97.24853956243852,1730505600000,"{""type"":""MultiPoint"",""coordinates"":[]}"
1067_0000000000000000021c,1116558776,88222268,38900,H1,051,01135861,440,A,41051,+45.5477107,-122.4173625,06,,G4020,Multnomah,Multnomah County,41,2024-11-02,96.50631734609507,1730505600000,"{""type"":""MultiPoint"",""coordinates"":[]}"
1067_0000000000000000021e,1875846777,6127010,38900,H1,067,01155137,440,A,41067,+45.5535419,-123.0976146,06,,G4020,Washington,Washington County,41,2024-11-02,95.26895034261749,1730505600000,"{""type"":""MultiPoint"",""coordinates"":[]}"
1068_0000000000000000021b,4845034547,31873103,38900,H1,005,01155127,440,A,41005,+45.1604934,-122.1951274,06,,G4020,Clackamas,Clackamas County,41,2024-11-03,95.05283379465982,1730592000000,"{""type"":""MultiPoint"",""coordinates"":[]}"
1068_0000000000000000021c,1116558776,88222268,38900,H1,051,01135861,440,A,41051,+45.5477107,-122.4173625,06,,G4020,Multnomah,Multnomah County,41,2024-11-03,92.21521906794088,1730592000000,"{""type"":""MultiPoint"",""coordinates"":[]}"
1068_0000000000000000021e,1875846777,6127010,38900,H1,067,01155137,440,A,41067,+45.5535419,-123.0976146,06,,G4020,Washington,Washington County,41,2024-11-03,89.37528744616235,1730592000000,"{""type"":""MultiPoint"",""coordinates"":[]}"
1069_0000000000000000021b,4845034547,31873103,38900,H1,005,01155127,440,A,41005,+45.1604934,-122.1951274,06,,G4020,Clackamas,Clackamas County,41,2024-11-04,90.86738322492174,1730678400000,"{""type"":""MultiPoint"",""coordinates"":[]}"
1069_0000000000000000021c,1116558776,88222268,38900,H1,051,01135861,440,A,41051,+45.5477107,-122.4173625,06,,G4020,Multnomah,Multnomah County,41,2024-11-04,88.77100163646197,1730678400000,"{""type"":""MultiPoint"",""coordinates"":[]}"
1069_0000000000000000021e,1875846777,6127010,38900,H1,067,01155137,440,A,41067,+45.5535419,-123.0976146,06,,G4020,Washington,Washington County,41,2024-11-04,88.1448614747437,1730678400000,"{""type"":""MultiPoint"",""coordinates"":[]}"
1070_0000000000000000021b,4845034547,31873103,38900,H1,005,01155127,440,A,41005,+45.1604934,-122.1951274,06,,G4020,Clackamas,Clackamas County,41,2024-11-05,95.34766964816677,1730764800000,"{""type"":""MultiPoint"",""coordinates"":[]}"
1070_0000000000000000021c,1116558776,88222268,38900,H1,051,01135861,440,A,41051,+45.5477107,-122.4173625,06,,G4020,Multnomah,Multnomah County,41,2024-11-05,92.78466902518964,1730764800000,"{""type"":""MultiPoint"",""coordinates"":[]}"
1070_0000000000000000021e,1875846777,6127010,38900,H1,067,01155137,440,A,41067,+45.5535419,-123.0976146,06,,G4020,Washington,Washington County,41,2024-11-05,87.26326341020452,1730764800000,"{""type"":""MultiPoint"",""coordinates"":[]}"
1071_0000000000000000021b,4845034547,31873103,38900,H1,005,01155127,440,A,41005,+45.1604934,-122.1951274,06,,G4020,Clackamas,Clackamas County,41,2024-11-06,87.05294909951066,1730851200000,"{""type"":""MultiPoint"",""coordinates"":[]}"
1071_0000000000000000021c,1116558776,88222268,38900,H1,051,01135861,440,A,41051,+45.5477107,-122.4173625,06,,G4020,Multnomah,Multnomah County,41,2024-11-06,88.20205269981422,1730851200000,"{""type"":""MultiPoint"",""coordinates"":[]}"
1071_0000000000000000021e,1875846777,6127010,38900,H1,067,01155137,440,A,41067,+45.5535419,-123.0976146,06,,G4020,Washington,Washington County,41,2024-11-06,87.95374340569593,1730851200000,"{""type"":""MultiPoint"",""coordinates"":[]}"
1072_0000000000000000021b,4845034547,31873103,38900,H1,005,01155127,440,A,41005,+45.1604934,-122.1951274,06,,G4020,Clackamas,Clackamas County,41,2024-11-07,68.52716316292012,1730937600000,"{""type"":""MultiPoint"",""coordinates"":[]}"
1072_0000000000000000021c,1116558776,88222268,38900,H1,051,01135861,440,A,41051,+45.5477107,-122.4173625,06,,G4020,Multnomah,Multnomah County,41,2024-11-07,72.14067922218327,1730937600000,"{""type"":""MultiPoint"",""coordinates"":[]}"
1072_0000000000000000021e,1875846777,6127010,38900,H1,067,01155137,440,A,41067,+45.5535419,-123.0976146,06,,G4020,Washington,Washington County,41,2024-11-07,72.04374398011278,1730937600000,"{""type"":""MultiPoint"",""coordinates"":[]}"
1073_0000000000000000021b,4845034547,31873103,38900,H1,005,01155127,440,A,41005,+45.1604934,-122.1951274,06,,G4020,Clackamas,Clackamas County,41,2024-11-08,73.57106410347839,1731024000000,"{""type"":""MultiPoint"",""coordinates"":[]}"
1073_0000000000000000021c,1116558776,88222268,38900,H1,051,01135861,440,A,41051,+45.5477107,-122.4173625,06,,G4020,Multnomah,Multnomah County,41,2024-11-08,70.90846638443487,1731024000000,"{""type"":""MultiPoint"",""coordinates"":[]}"
1073_0000000000000000021e,1875846777,6127010,38900,H1,067,01155137,440,A,41067,+45.5535419,-123.0976146,06,,G4020,Washington,Washington County,41,2024-11-08,69.23252791571338,1731024000000,"{""type"":""MultiPoint"",""coordinates"":[]}"
1074_0000000000000000021b,4845034547,31873103,38900,H1,005,01155127,440,A,41005,+45.1604934,-122.1951274,06,,G4020,Clackamas,Clackamas County,41,2024-11-09,79.3003100954498,1731110400000,"{""type"":""MultiPoint"",""coordinates"":[]}"
1074_0000000000000000021c,1116558776,88222268,38900,H1,051,01135861,440,A,41051,+45.5477107,-122.4173625,06,,G4020,Multnomah,Multnomah County,41,2024-11-09,82.02970566821467,1731110400000,"{""type"":""MultiPoint"",""coordinates"":[]}"
1074_0000000000000000021e,1875846777,6127010,38900,H1,067,01155137,440,A,41067,+45.5535419,-123.0976146,06,,G4020,Washington,Washington County,41,2024-11-09,83.11178659313491,1731110400000,"{""type"":""MultiPoint"",""coordinates"":[]}"
1075_0000000000000000021b,4845034547,31873103,38900,H1,005,01155127,440,A,41005,+45.1604934,-122.1951274,06,,G4020,Clackamas,Clackamas County,41,2024-11-10,81.79678603877393,1731196800000,"{""type"":""MultiPoint"",""coordinates"":[]}"
1075_0000000000000000021c,1116558776,88222268,38900,H1,051,01135861,440,A,41051,+45.5477107,-122.4173625,06,,G4020,Multnomah,Multnomah County,41,2024-11-10,83.29190114332067,1731196800000,"{""type"":""MultiPoint"",""coordinates"":[]}"
1075_0000000000000000021e,1875846777,6127010,38900,H1,067,01155137,440,A,41067,+45.5535419,-123.0976146,06,,G4020,Washington,Washington County,41,2024-11-10,88.64510225050336,1731196800000,"{""type"":""MultiPoint"",""coordinates"":[]}"
1076_0000000000000000021b,4845034547,31873103,38900,H1,005,01155127,440,A,41005,+45.1604934,-122.1951274,06,,G4020,Clackamas,Clackamas County,41,2024-11-11,94.71581056254023,1731283200000,"{""type"":""MultiPoint"",""coordinates"":[]}"
1076_0000000000000000021c,1116558776,88222268,38900,H1,051,01135861,440,A,41051,+45.5477107,-122.4173625,06,,G4020,Multnomah,Multnomah County,41,2024-11-11,95.33473203067625,1731283200000,"{""type"":""MultiPoint"",""coordinates"":[]}"
1076_0000000000000000021e,1875846777,6127010,38900,H1,067,01155137,440,A,41067,+45.5535419,-123.0976146,06,,G4020,Washington,Washington County,41,2024-11-11,95.46131636995347,1731283200000,"{""type"":""MultiPoint"",""coordinates"":[]}"
1077_0000000000000000021b,4845034547,31873103,38900,H1,005,01155127,440,A,41005,+45.1604934,-122.1951274,06,,G4020,Clackamas,Clackamas County,41,2024-11-12,95.86721392332886,1731369600000,"{""type"":""MultiPoint"",""coordinates"":[]}"
1077_0000000000000000021c,1116558776,88222268,38900,H1,051,01135861,440,A,41051,+45.5477107,-122.4173625,06,,G4020,Multnomah,Multnomah County,41,2024-11-12,96.2385184057413,1731369600000,"{""type"":""MultiPoint"",""coordinates"":[]}"
1077_0000000000000000021e,1875846777,6127010,38900,H1,067,01155137,440,A,41067,+45.5535419,-123.0976146,06,,G4020,Washington,Washington County,41,2024-11-12,95.58467706026174,1731369600000,"{""type"":""MultiPoint"",""coordinates"":[]}"
1078_0000000000000000021b,4845034547,31873103,38900,H1,005,01155127,440,A,41005,+45.1604934,-122.1951274,06,,G4020,Clackamas,Clackamas County,41,2024-11-13,93.9253835186552,1731456000000,"{""type"":""MultiPoint"",""coordinates"":[]}"
1078_0000000000000000021c,1116558776,88222268,38900,H1,051,01135861,440,A,41051,+45.5477107,-122.4173625,06,,G4020,Multnomah,Multnomah County,41,2024-11-13,95.48762557001474,1731456000000,"{""type"":""MultiPoint"",""coordinates"":[]}"
1078_0000000000000000021e,1875846777,6127010,38900,H1,067,01155137,440,A,41067,+45.5535419,-123.0976146,06,,G4020,Washington,Washington County,41,2024-11-13,96.08295955607088,1731456000000,"{""type"":""MultiPoint"",""coordinates"":[]}"
1079_0000000000000000021b,4845034547,31873103,38900,H1,005,01155127,440,A,41005,+45.1604934,-122.1951274,06,,G4020,Clackamas,Clackamas County,41,2024-11-14,93.61868229961397,1731542400000,"{""type"":""MultiPoint"",""coordinates"":[]}"
1079_0000000000000000021c,1116558776,88222268,38900,H1,051,01135861,440,A,41051,+45.5477107,-122.4173625,06,,G4020,Multnomah,Multnomah County,41,2024-11-14,93.8261245130797,1731542400000,"{""type"":""MultiPoint"",""coordinates"":[]}"
1079_0000000000000000021e,1875846777,6127010,38900,H1,067,01155137,440,A,41067,+45.5535419,-123.0976146,06,,G4020,Washington,Washington County,41,2024-11-14,94.65656199867746,1731542400000,"{""type"":""MultiPoint"",""coordinates"":[]}"
1080_0000000000000000021b,4845034547,31873103,38900,H1,005,01155127,440,A,41005,+45.1604934,-122.1951274,06,,G4020,Clackamas,Clackamas County,41,2024-11-15,91.1012613573046,1731628800000,"{""type"":""MultiPoint"",""coordinates"":[]}"
1080_0000000000000000021c,1116558776,88222268,38900,H1,051,01135861,440,A,41051,+45.5477107,-122.4173625,06,,G4020,Multnomah,Multnomah County,41,2024-11-15,90.91601947834607,1731628800000,"{""type"":""MultiPoint"",""coordinates"":[]}"
1080_0000000000000000021e,1875846777,6127010,38900,H1,067,01155137,440,A,41067,+45.5535419,-123.0976146,06,,G4020,Washington,Washington County,41,2024-11-15,92.85291399875743,1731628800000,"{""type"":""MultiPoint"",""coordinates"":[]}"
1081_0000000000000000021b,4845034547,31873103,38900,H1,005,01155127,440,A,41005,+45.1604934,-122.1951274,06,,G4020,Clackamas,Clackamas County,41,2024-11-16,86.05728091800499,1731715200000,"{""type"":""MultiPoint"",""coordinates"":[]}"
1081_0000000000000000021c,1116558776,88222268,38900,H1,051,01135861,440,A,41051,+45.5477107,-122.4173625,06,,G4020,Multnomah,Multnomah County,41,2024-11-16,89.34566730526382,1731715200000,"{""type"":""MultiPoint"",""coordinates"":[]}"
1081_0000000000000000021e,1875846777,6127010,38900,H1,067,01155137,440,A,41067,+45.5535419,-123.0976146,06,,G4020,Washington,Washington County,41,2024-11-16,94.20066035183521,1731715200000,"{""type"":""MultiPoint"",""coordinates"":[]}"
1082_0000000000000000021b,4845034547,31873103,38900,H1,005,01155127,440,A,41005,+45.1604934,-122.1951274,06,,G4020,Clackamas,Clackamas County,41,2024-11-17,98.76988487337229,1731801600000,"{""type"":""MultiPoint"",""coordinates"":[]}"
1082_0000000000000000021c,1116558776,88222268,38900,H1,051,01135861,440,A,41051,+45.5477107,-122.4173625,06,,G4020,Multnomah,Multnomah County,41,2024-11-17,97.98118324361643,1731801600000,"{""type"":""MultiPoint"",""coordinates"":[]}"
1082_0000000000000000021e,1875846777,6127010,38900,H1,067,01155137,440,A,41067,+45.5535419,-123.0976146,06,,G4020,Washington,Washington County,41,2024-11-17,97.3381079693786,1731801600000,"{""type"":""MultiPoint"",""coordinates"":[]}"
1083_0000000000000000021b,4845034547,31873103,38900,H1,005,01155127,440,A,41005,+45.1604934,-122.1951274,06,,G4020,Clackamas,Clackamas County,41,2024-11-18,95.23857622158673,1731888000000,"{""type"":""MultiPoint"",""coordinates"":[]}"
1083_0000000000000000021c,1116558776,88222268,38900,H1,051,01135861,440,A,41051,+45.5477107,-122.4173625,06,,G4020,Multnomah,Multnomah County,41,2024-11-18,95.55981517416141,1731888000000,"{""type"":""MultiPoint"",""coordinates"":[]}"
1083_0000000000000000021e,1875846777,6127010,38900,H1,067,01155137,440,A,41067,+45.5535419,-123.0976146,06,,G4020,Washington,Washington County,41,2024-11-18,92.54524346588603,1731888000000,"{""type"":""MultiPoint"",""coordinates"":[]}"
1084_0000000000000000021b,4845034547,31873103,38900,H1,005,01155127,440,A,41005,+45.1604934,-122.1951274,06,,G4020,Clackamas,Clackamas County,41,2024-11-19,90.32545187309195,1731974400000,"{""type"":""MultiPoint"",""coordinates"":[]}"
1084_0000000000000000021c,1116558776,88222268,38900,H1,051,01135861,440,A,41051,+45.5477107,-122.4173625,06,,G4020,Multnomah,Multnomah County,41,2024-11-19,94.9733608434231,1731974400000,"{""type"":""MultiPoint"",""coordinates"":[]}"
1084_0000000000000000021e,1875846777,6127010,38900,H1,067,01155137,440,A,41067,+45.5535419,-123.0976146,06,,G4020,Washington,Washington County,41,2024-11-19,97.69911848733388,1731974400000,"{""type"":""MultiPoint"",""coordinates"":[]}"
1085_0000000000000000021b,4845034547,31873103,38900,H1,005,01155127,440,A,41005,+45.1604934,-122.1951274,06,,G4020,Clackamas,Clackamas County,41,2024-11-20,87.04494772708752,1732060800000,"{""type"":""MultiPoint"",""coordinates"":[]}"
1085_0000000000000000021c,1116558776,88222268,38900,H1,051,01135861,440,A,41051,+45.5477107,-122.4173625,06,,G4020,Multnomah,Multnomah County,41,2024-11-20,89.31916246901812,1732060800000,"{""type"":""MultiPoint"",""coordinates"":[]}"
1085_0000000000000000021e,1875846777,6127010,38900,H1,067,01155137,440,A,41067,+45.5535419,-123.0976146,06,,G4020,Washington,Washington County,41,2024-11-20,91.78513875952083,1732060800000,"{""type"":""MultiPoint"",""coordinates"":[]}"
1086_0000000000000000021b,4845034547,31873103,38900,H1,005,01155127,440,A,41005,+45.1604934,-122.1951274,06,,G4020,Clackamas,Clackamas County,41,2024-11-21,93.03557622413685,1732147200000,"{""type"":""MultiPoint"",""coordinates"":[]}"
1086_0000000000000000021c,1116558776,88222268,38900,H1,051,01135861,440,A,41051,+45.5477107,-122.4173625,06,,G4020,Multnomah,Multnomah County,41,2024-11-21,93.04063772574936,1732147200000,"{""type"":""MultiPoint"",""coordinates"":[]}"
1086_0000000000000000021e,1875846777,6127010,38900,H1,067,01155137,440,A,41067,+45.5535419,-123.0976146,06,,G4020,Washington,Washington County,41,2024-11-21,93.30503105962744,1732147200000,"{""type"":""MultiPoint"",""coordinates"":[]}"
1087_0000000000000000021b,4845034547,31873103,38900,H1,005,01155127,440,A,41005,+45.1604934,-122.1951274,06,,G4020,Clackamas,Clackamas County,41,2024-11-22,93.28395309670627,1732233600000,"{""type"":""MultiPoint"",""coordinates"":[]}"
1087_0000000000000000021c,1116558776,88222268,38900,H1,051,01135861,440,A,41051,+45.5477107,-122.4173625,06,,G4020,Multnomah,Multnomah County,41,2024-11-22,92.29173497715456,1732233600000,"{""type"":""MultiPoint"",""coordinates"":[]}"
1087_0000000000000000021e,1875846777,6127010,38900,H1,067,01155137,440,A,41067,+45.5535419,-123.0976146,06,,G4020,Washington,Washington County,41,2024-11-22,93.1325654596826,1732233600000,"{""type"":""MultiPoint"",""coordinates"":[]}"
1088_0000000000000000021b,4845034547,31873103,38900,H1,005,01155127,440,A,41005,+45.1604934,-122.1951274,06,,G4020,Clackamas,Clackamas County,41,2024-11-23,94.78416790490115,1732320000000,"{""type"":""MultiPoint"",""coordinates"":[]}"
1088_0000000000000000021c,1116558776,88222268,38900,H1,051,01135861,440,A,41051,+45.5477107,-122.4173625,06,,G4020,Multnomah,Multnomah County,41,2024-11-23,93.28096255916935,1732320000000,"{""type"":""MultiPoint"",""coordinates"":[]}"
1088_0000000000000000021e,1875846777,6127010,38900,H1,067,01155137,440,A,41067,+45.5535419,-123.0976146,06,,G4020,Washington,Washington County,41,2024-11-23,94.59731005998958,1732320000000,"{""type"":""MultiPoint"",""coordinates"":[]}"
1089_0000000000000000021b,4845034547,31873103,38900,H1,005,01155127,440,A,41005,+45.1604934,-122.1951274,06,,G4020,Clackamas,Clackamas County,41,2024-11-24,91.25738058277221,1732406400000,"{""type"":""MultiPoint"",""coordinates"":[]}"
1089_0000000000000000021c,1116558776,88222268,38900,H1,051,01135861,440,A,41051,+45.5477107,-122.4173625,06,,G4020,Multnomah,Multnomah County,41,2024-11-24,95.05299395168181,1732406400000,"{""type"":""MultiPoint"",""coordinates"":[]}"
1089_0000000000000000021e,1875846777,6127010,38900,H1,067,01155137,440,A,41067,+45.5535419,-123.0976146,06,,G4020,Washington,Washington County,41,2024-11-24,97.34498530529957,1732406400000,"{""type"":""MultiPoint"",""coordinates"":[]}"
1090_0000000000000000021b,4845034547,31873103,38900,H1,005,01155127,440,A,41005,+45.1604934,-122.1951274,06,,G4020,Clackamas,Clackamas County,41,2024-11-25,90.72034066713171,1732492800000,"{""type"":""MultiPoint"",""coordinates"":[]}"
1090_0000000000000000021c,1116558776,88222268,38900,H1,051,01135861,440,A,41051,+45.5477107,-122.4173625,06,,G4020,Multnomah,Multnomah County,41,2024-11-25,94.29138471277987,1732492800000,"{""type"":""MultiPoint"",""coordinates"":[]}"
1090_0000000000000000021e,1875846777,6127010,38900,H1,067,01155137,440,A,41067,+45.5535419,-123.0976146,06,,G4020,Washington,Washington County,41,2024-11-25,95.17773495810034,1732492800000,"{""type"":""MultiPoint"",""coordinates"":[]}"
1091_0000000000000000021b,4845034547,31873103,38900,H1,005,01155127,440,A,41005,+45.1604934,-122.1951274,06,,G4020,Clackamas,Clackamas County,41,2024-11-26,92.37014115490582,1732579200000,"{""type"":""MultiPoint"",""coordinates"":[]}"
1091_0000000000000000021c,1116558776,88222268,38900,H1,051,01135861,440,A,41051,+45.5477107,-122.4173625,06,,G4020,Multnomah,Multnomah County,41,2024-11-26,93.30673115013585,1732579200000,"{""type"":""MultiPoint"",""coordinates"":[]}"
1091_0000000000000000021e,1875846777,6127010,38900,H1,067,01155137,440,A,41067,+45.5535419,-123.0976146,06,,G4020,Washington,Washington County,41,2024-11-26,93.93889884650851,1732579200000,"{""type"":""MultiPoint"",""coordinates"":[]}"
1092_0000000000000000021b,4845034547,31873103,38900,H1,005,01155127,440,A,41005,+45.1604934,-122.1951274,06,,G4020,Clackamas,Clackamas County,41,2024-11-27,91.80219045178707,1732665600000,"{""type"":""MultiPoint"",""coordinates"":[]}"
1092_0000000000000000021c,1116558776,88222268,38900,H1,051,01135861,440,A,41051,+45.5477107,-122.4173625,06,,G4020,Multnomah,Multnomah County,41,2024-11-27,93.81957807845065,1732665600000,"{""type"":""MultiPoint"",""coordinates"":[]}"
1092_0000000000000000021e,1875846777,6127010,38900,H1,067,01155137,440,A,41067,+45.5535419,-123.0976146,06,,G4020,Washington,Washington County,41,2024-11-27,93.42631539028434,1732665600000,"{""type"":""MultiPoint"",""coordinates"":[]}"
1093_0000000000000000021b,4845034547,31873103,38900,H1,005,01155127,440,A,41005,+45.1604934,-122.1951274,06,,G4020,Clackamas,Clackamas County,41,2024-11-28,81.98057616232903,1732752000000,"{""type"":""MultiPoint"",""coordinates"":[]}"
1093_0000000000000000021c,1116558776,88222268,38900,H1,051,01135861,440,A,41051,+45.5477107,-122.4173625,06,,G4020,Multnomah,Multnomah County,41,2024-11-28,87.1100256232058,1732752000000,"{""type"":""MultiPoint"",""coordinates"":[]}"
1093_0000000000000000021e,1875846777,6127010,38900,H1,067,01155137,440,A,41067,+45.5535419,-123.0976146,06,,G4020,Washington,Washington County,41,2024-11-28,89.3998230646212,1732752000000,"{""type"":""MultiPoint"",""coordinates"":[]}"
1094_0000000000000000021b,4845034547,31873103,38900,H1,005,01155127,440,A,41005,+45.1604934,-122.1951274,06,,G4020,Clackamas,Clackamas County,41,2024-11-29,71.74878595129186,1732838400000,"{""type"":""MultiPoint"",""coordinates"":[]}"
1094_0000000000000000021c,1116558776,88222268,38900,H1,051,01135861,440,A,41051,+45.5477107,-122.4173625,06,,G4020,Multnomah,Multnomah County,41,2024-11-29,81.75769289545349,1732838400000,"{""type"":""MultiPoint"",""coordinates"":[]}"
1094_0000000000000000021e,1875846777,6127010,38900,H1,067,01155137,440,A,41067,+45.5535419,-123.0976146,06,,G4020,Washington,Washington County,41,2024-11-29,85.35985061874266,1732838400000,"{""type"":""MultiPoint"",""coordinates"":[]}"
1095_0000000000000000021b,4845034547,31873103,38900,H1,005,01155127,440,A,41005,+45.1604934,-122.1951274,06,,G4020,Clackamas,Clackamas County,41,2024-11-30,69.02612864138969,1732924800000,"{""type"":""MultiPoint"",""coordinates"":[]}"
1095_0000000000000000021c,1116558776,88222268,38900,H1,051,01135861,440,A,41051,+45.5477107,-122.4173625,06,,G4020,Multnomah,Multnomah County,41,2024-11-30,77.99372751687339,1732924800000,"{""type"":""MultiPoint"",""coordinates"":[]}"
1095_0000000000000000021e,1875846777,6127010,38900,H1,067,01155137,440,A,41067,+45.5535419,-123.0976146,06,,G4020,Washington,Washington County,41,2024-11-30,84.54068233201477,1732924800000,"{""type"":""MultiPoint"",""coordinates"":[]}"
1096_0000000000000000021b,4845034547,31873103,38900,H1,005,01155127,440,A,41005,+45.1604934,-122.1951274,06,,G4020,Clackamas,Clackamas County,41,2024-12-01,71.421746223806,1733011200000,"{""type"":""MultiPoint"",""coordinates"":[]}"
1096_0000000000000000021c,1116558776,88222268,38900,H1,051,01135861,440,A,41051,+45.5477107,-122.4173625,06,,G4020,Multnomah,Multnomah County,41,2024-12-01,77.99423713019588,1733011200000,"{""type"":""MultiPoint"",""coordinates"":[]}"
1096_0000000000000000021e,1875846777,6127010,38900,H1,067,01155137,440,A,41067,+45.5535419,-123.0976146,06,,G4020,Washington,Washington County,41,2024-12-01,77.34654683937283,1733011200000,"{""type"":""MultiPoint"",""coordinates"":[]}"
1097_0000000000000000021b,4845034547,31873103,38900,H1,005,01155127,440,A,41005,+45.1604934,-122.1951274,06,,G4020,Clackamas,Clackamas County,41,2024-12-02,72.64387670544664,1733097600000,"{""type"":""MultiPoint"",""coordinates"":[]}"
1097_0000000000000000021c,1116558776,88222268,38900,H1,051,01135861,440,A,41051,+45.5477107,-122.4173625,06,,G4020,Multnomah,Multnomah County,41,2024-12-02,74.53923534424956,1733097600000,"{""type"":""MultiPoint"",""coordinates"":[]}"
1097_0000000000000000021e,1875846777,6127010,38900,H1,067,01155137,440,A,41067,+45.5535419,-123.0976146,06,,G4020,Washington,Washington County,41,2024-12-02,69.37693844460831,1733097600000,"{""type"":""MultiPoint"",""coordinates"":[]}"
1098_0000000000000000021b,4845034547,31873103,38900,H1,005,01155127,440,A,41005,+45.1604934,-122.1951274,06,,G4020,Clackamas,Clackamas County,41,2024-12-03,73.40798997915185,1733184000000,"{""type"":""MultiPoint"",""coordinates"":[]}"
1098_0000000000000000021c,1116558776,88222268,38900,H1,051,01135861,440,A,41051,+45.5477107,-122.4173625,06,,G4020,Multnomah,Multnomah County,41,2024-12-03,73.45825597318367,1733184000000,"{""type"":""MultiPoint"",""coordinates"":[]}"
1098_0000000000000000021e,1875846777,6127010,38900,H1,067,01155137,440,A,41067,+45.5535419,-123.0976146,06,,G4020,Washington,Washington County,41,2024-12-03,69.60287973990287,1733184000000,"{""type"":""MultiPoint"",""coordinates"":[]}"
1099_0000000000000000021b,4845034547,31873103,38900,H1,005,01155127,440,A,41005,+45.1604934,-122.1951274,06,,G4020,Clackamas,Clackamas County,41,2024-12-04,72.32730355927544,1733270400000,"{""type"":""MultiPoint"",""coordinates"":[]}"
1099_0000000000000000021c,1116558776,88222268,38900,H1,051,01135861,440,A,41051,+45.5477107,-122.4173625,06,,G4020,Multnomah,Multnomah County,41,2024-12-04,69.27976636724902,1733270400000,"{""type"":""MultiPoint"",""coordinates"":[]}"
1099_0000000000000000021e,1875846777,6127010,38900,H1,067,01155137,440,A,41067,+45.5535419,-123.0976146,06,,G4020,Washington,Washington County,41,2024-12-04,67.87282048732797,1733270400000,"{""type"":""MultiPoint"",""coordinates"":[]}"
1100_0000000000000000021b,4845034547,31873103,38900,H1,005,01155127,440,A,41005,+45.1604934,-122.1951274,06,,G4020,Clackamas,Clackamas County,41,2024-12-05,77.20288814250506,1733356800000,"{""type"":""MultiPoint"",""coordinates"":[]}"
1100_0000000000000000021c,1116558776,88222268,38900,H1,051,01135861,440,A,41051,+45.5477107,-122.4173625,06,,G4020,Multnomah,Multnomah County,41,2024-12-05,74.33737674847733,1733356800000,"{""type"":""MultiPoint"",""coordinates"":[]}"
1100_0000000000000000021e,1875846777,6127010,38900,H1,067,01155137,440,A,41067,+45.5535419,-123.0976146,06,,G4020,Washington,Washington County,41,2024-12-05,72.80024642738952,1733356800000,"{""type"":""MultiPoint"",""coordinates"":[]}"
1101_0000000000000000021b,4845034547,31873103,38900,H1,005,01155127,440,A,41005,+45.1604934,-122.1951274,06,,G4020,Clackamas,Clackamas County,41,2024-12-06,81.48057221495058,1733443200000,"{""type"":""MultiPoint"",""coordinates"":[]}"
1101_0000000000000000021c,1116558776,88222268,38900,H1,051,01135861,440,A,41051,+45.5477107,-122.4173625,06,,G4020,Multnomah,Multnomah County,41,2024-12-06,75.9770988580499,1733443200000,"{""type"":""MultiPoint"",""coordinates"":[]}"
1101_0000000000000000021e,1875846777,6127010,38900,H1,067,01155137,440,A,41067,+45.5535419,-123.0976146,06,,G4020,Washington,Washington County,41,2024-12-06,72.0961586231983,1733443200000,"{""type"":""MultiPoint"",""coordinates"":[]}"
1102_0000000000000000021b,4845034547,31873103,38900,H1,005,01155127,440,A,41005,+45.1604934,-122.1951274,06,,G4020,Clackamas,Clackamas County,41,2024-12-07,87.49649319284941,1733529600000,"{""type"":""MultiPoint"",""coordinates"":[]}"
1102_0000000000000000021c,1116558776,88222268,38900,H1,051,01135861,440,A,41051,+45.5477107,-122.4173625,06,,G4020,Multnomah,Multnomah County,41,2024-12-07,89.95260759886418,1733529600000,"{""type"":""MultiPoint"",""coordinates"":[]}"
1102_0000000000000000021e,1875846777,6127010,38900,H1,067,01155137,440,A,41067,+45.5535419,-123.0976146,06,,G4020,Washington,Washington County,41,2024-12-07,91.36752350074097,1733529600000,"{""type"":""MultiPoint"",""coordinates"":[]}"
1103_0000000000000000021b,4845034547,31873103,38900,H1,005,01155127,440,A,41005,+45.1604934,-122.1951274,06,,G4020,Clackamas,Clackamas County,41,2024-12-08,98.9164909163805,1733616000000,"{""type"":""MultiPoint"",""coordinates"":[]}"
1103_0000000000000000021c,1116558776,88222268,38900,H1,051,01135861,440,A,41051,+45.5477107,-122.4173625,06,,G4020,Multnomah,Multnomah County,41,2024-12-08,99.03234132809285,1733616000000,"{""type"":""MultiPoint"",""coordinates"":[]}"
1103_0000000000000000021e,1875846777,6127010,38900,H1,067,01155137,440,A,41067,+45.5535419,-123.0976146,06,,G4020,Washington,Washington County,41,2024-12-08,97.95268212023574,1733616000000,"{""type"":""MultiPoint"",""coordinates"":[]}"
1104_0000000000000000021b,4845034547,31873103,38900,H1,005,01155127,440,A,41005,+45.1604934,-122.1951274,06,,G4020,Clackamas,Clackamas County,41,2024-12-09,92.40371880827364,1733702400000,"{""type"":""MultiPoint"",""coordinates"":[]}"
1104_0000000000000000021c,1116558776,88222268,38900,H1,051,01135861,440,A,41051,+45.5477107,-122.4173625,06,,G4020,Multnomah,Multnomah County,41,2024-12-09,95.01771541798006,1733702400000,"{""type"":""MultiPoint"",""coordinates"":[]}"
1104_0000000000000000021e,1875846777,6127010,38900,H1,067,01155137,440,A,41067,+45.5535419,-123.0976146,06,,G4020,Washington,Washington County,41,2024-12-09,96.00751220749609,1733702400000,"{""type"":""MultiPoint"",""coordinates"":[]}"
1105_0000000000000000021b,4845034547,31873103,38900,H1,005,01155127,440,A,41005,+45.1604934,-122.1951274,06,,G4020,Clackamas,Clackamas County,41,2024-12-10,74.07339064928006,1733788800000,"{""type"":""MultiPoint"",""coordinates"":[]}"
1105_0000000000000000021c,1116558776,88222268,38900,H1,051,01135861,440,A,41051,+45.5477107,-122.4173625,06,,G4020,Multnomah,Multnomah County,41,2024-12-10,82.60488578287072,1733788800000,"{""type"":""MultiPoint"",""coordinates"":[]}"
1105_0000000000000000021e,1875846777,6127010,38900,H1,067,01155137,440,A,41067,+45.5535419,-123.0976146,06,,G4020,Washington,Washington County,41,2024-12-10,90.41312925806935,1733788800000,"{""type"":""MultiPoint"",""coordinates"":[]}"
1106_0000000000000000021b,4845034547,31873103,38900,H1,005,01155127,440,A,41005,+45.1604934,-122.1951274,06,,G4020,Clackamas,Clackamas County,41,2024-12-11,65.73041050978654,1733875200000,"{""type"":""MultiPoint"",""coordinates"":[]}"
1106_0000000000000000021c,1116558776,88222268,38900,H1,051,01135861,440,A,41051,+45.5477107,-122.4173625,06,,G4020,Multnomah,Multnomah County,41,2024-12-11,69.80239694519395,1733875200000,"{""type"":""MultiPoint"",""coordinates"":[]}"
1106_0000000000000000021e,1875846777,6127010,38900,H1,067,01155137,440,A,41067,+45.5535419,-123.0976146,06,,G4020,Washington,Washington County,41,2024-12-11,71.75018276898797,1733875200000,"{""type"":""MultiPoint"",""coordinates"":[]}"
1107_0000000000000000021b,4845034547,31873103,38900,H1,005,01155127,440,A,41005,+45.1604934,-122.1951274,06,,G4020,Clackamas,Clackamas County,41,2024-12-12,90.91253446894981,1733961600000,"{""type"":""MultiPoint"",""coordinates"":[]}"
1107_0000000000000000021c,1116558776,88222268,38900,H1,051,01135861,440,A,41051,+45.5477107,-122.4173625,06,,G4020,Multnomah,Multnomah County,41,2024-12-12,85.77543991452174,1733961600000,"{""type"":""MultiPoint"",""coordinates"":[]}"
1107_0000000000000000021e,1875846777,6127010,38900,H1,067,01155137,440,A,41067,+45.5535419,-123.0976146,06,,G4020,Washington,Washington County,41,2024-12-12,92.43135618818326,1733961600000,"{""type"":""MultiPoint"",""coordinates"":[]}"
1108_0000000000000000021b,4845034547,31873103,38900,H1,005,01155127,440,A,41005,+45.1604934,-122.1951274,06,,G4020,Clackamas,Clackamas County,41,2024-12-13,96.69928768759914,1734048000000,"{""type"":""MultiPoint"",""coordinates"":[]}"
1108_0000000000000000021c,1116558776,88222268,38900,H1,051,01135861,440,A,41051,+45.5477107,-122.4173625,06,,G4020,Multnomah,Multnomah County,41,2024-12-13,97.25149493283163,1734048000000,"{""type"":""MultiPoint"",""coordinates"":[]}"
1108_0000000000000000021e,1875846777,6127010,38900,H1,067,01155137,440,A,41067,+45.5535419,-123.0976146,06,,G4020,Washington,Washington County,41,2024-12-13,98.12791512872279,1734048000000,"{""type"":""MultiPoint"",""coordinates"":[]}"
1109_0000000000000000021b,4845034547,31873103,38900,H1,005,01155127,440,A,41005,+45.1604934,-122.1951274,06,,G4020,Clackamas,Clackamas County,41,2024-12-14,93.11640621012738,1734134400000,"{""type"":""MultiPoint"",""coordinates"":[]}"
1109_0000000000000000021c,1116558776,88222268,38900,H1,051,01135861,440,A,41051,+45.5477107,-122.4173625,06,,G4020,Multnomah,Multnomah County,41,2024-12-14,93.43545833691438,1734134400000,"{""type"":""MultiPoint"",""coordinates"":[]}"
1109_0000000000000000021e,1875846777,6127010,38900,H1,067,01155137,440,A,41067,+45.5535419,-123.0976146,06,,G4020,Washington,Washington County,41,2024-12-14,95.04768107968958,1734134400000,"{""type"":""MultiPoint"",""coordinates"":[]}"
1110_0000000000000000021b,4845034547,31873103,38900,H1,005,01155127,440,A,41005,+45.1604934,-122.1951274,06,,G4020,Clackamas,Clackamas County,41,2024-12-15,93.34432619565942,1734220800000,"{""type"":""MultiPoint"",""coordinates"":[]}"
1110_0000000000000000021c,1116558776,88222268,38900,H1,051,01135861,440,A,41051,+45.5477107,-122.4173625,06,,G4020,Multnomah,Multnomah County,41,2024-12-15,94.32324823090265,1734220800000,"{""type"":""MultiPoint"",""coordinates"":[]}"
1110_0000000000000000021e,1875846777,6127010,38900,H1,067,01155137,440,A,41067,+45.5535419,-123.0976146,06,,G4020,Washington,Washington County,41,2024-12-15,94.85440423981784,1734220800000,"{""type"":""MultiPoint"",""coordinates"":[]}"
1111_0000000000000000021b,4845034547,31873103,38900,H1,005,01155127,440,A,41005,+45.1604934,-122.1951274,06,,G4020,Clackamas,Clackamas County,41,2024-12-16,92.00595196610827,1734307200000,"{""type"":""MultiPoint"",""coordinates"":[]}"
1111_0000000000000000021c,1116558776,88222268,38900,H1,051,01135861,440,A,41051,+45.5477107,-122.4173625,06,,G4020,Multnomah,Multnomah County,41,2024-12-16,93.55288310468107,1734307200000,"{""type"":""MultiPoint"",""coordinates"":[]}"
1111_0000000000000000021e,1875846777,6127010,38900,H1,067,01155137,440,A,41067,+45.5535419,-123.0976146,06,,G4020,Washington,Washington County,41,2024-12-16,96.08882795474943,1734307200000,"{""type"":""MultiPoint"",""coordinates"":[]}"
1112_0000000000000000021b,4845034547,31873103,38900,H1,005,01155127,440,A,41005,+45.1604934,-122.1951274,06,,G4020,Clackamas,Clackamas County,41,2024-12-17,97.50339402305008,1734393600000,"{""type"":""MultiPoint"",""coordinates"":[]}"
1112_0000000000000000021c,1116558776,88222268,38900,H1,051,01135861,440,A,41051,+45.5477107,-122.4173625,06,,G4020,Multnomah,Multnomah County,41,2024-12-17,97.42945624854552,1734393600000,"{""type"":""MultiPoint"",""coordinates"":[]}"
1112_0000000000000000021e,1875846777,6127010,38900,H1,067,01155137,440,A,41067,+45.5535419,-123.0976146,06,,G4020,Washington,Washington County,41,2024-12-17,99.03394161503051,1734393600000,"{""type"":""MultiPoint"",""coordinates"":[]}"
1113_0000000000000000021b,4845034547,31873103,38900,H1,005,01155127,440,A,41005,+45.1604934,-122.1951274,06,,G4020,Clackamas,Clackamas County,41,2024-12-18,88.28510280634994,1734480000000,"{""type"":""MultiPoint"",""coordinates"":[]}"
1113_0000000000000000021c,1116558776,88222268,38900,H1,051,01135861,440,A,41051,+45.5477107,-122.4173625,06,,G4020,Multnomah,Multnomah County,41,2024-12-18,91.57205343529755,1734480000000,"{""type"":""MultiPoint"",""coordinates"":[]}"
1113_0000000000000000021e,1875846777,6127010,38900,H1,067,01155137,440,A,41067,+45.5535419,-123.0976146,06,,G4020,Washington,Washington County,41,2024-12-18,90.82768360102595,1734480000000,"{""type"":""MultiPoint"",""coordinates"":[]}"
1114_0000000000000000021b,4845034547,31873103,38900,H1,005,01155127,440,A,41005,+45.1604934,-122.1951274,06,,G4020,Clackamas,Clackamas County,41,2024-12-19,92.17656285607923,1734566400000,"{""type"":""MultiPoint"",""coordinates"":[]}"
1114_0000000000000000021c,1116558776,88222268,38900,H1,051,01135861,440,A,41051,+45.5477107,-122.4173625,06,,G4020,Multnomah,Multnomah County,41,2024-12-19,88.41813056131045,1734566400000,"{""type"":""MultiPoint"",""coordinates"":[]}"
1114_0000000000000000021e,1875846777,6127010,38900,H1,067,01155137,440,A,41067,+45.5535419,-123.0976146,06,,G4020,Washington,Washington County,41,2024-12-19,89.85798752036908,1734566400000,"{""type"":""MultiPoint"",""coordinates"":[]}"
1115_0000000000000000021b,4845034547,31873103,38900,H1,005,01155127,440,A,41005,+45.1604934,-122.1951274,06,,G4020,Clackamas,Clackamas County,41,2024-12-20,78.29345652460833,1734652800000,"{""type"":""MultiPoint"",""coordinates"":[]}"
1115_0000000000000000021c,1116558776,88222268,38900,H1,051,01135861,440,A,41051,+45.5477107,-122.4173625,06,,G4020,Multnomah,Multnomah County,41,2024-12-20,86.18169875685524,1734652800000,"{""type"":""MultiPoint"",""coordinates"":[]}"
1115_0000000000000000021e,1875846777,6127010,38900,H1,067,01155137,440,A,41067,+45.5535419,-123.0976146,06,,G4020,Washington,Washington County,41,2024-12-20,91.24911678663887,1734652800000,"{""type"":""MultiPoint"",""coordinates"":[]}"
1116_0000000000000000021b,4845034547,31873103,38900,H1,005,01155127,440,A,41005,+45.1604934,-122.1951274,06,,G4020,Clackamas,Clackamas County,41,2024-12-21,80.84255234288932,1734739200000,"{""type"":""MultiPoint"",""coordinates"":[]}"
1116_0000000000000000021c,1116558776,88222268,38900,H1,051,01135861,440,A,41051,+45.5477107,-122.4173625,06,,G4020,Multnomah,Multnomah County,41,2024-12-21,82.44521336213589,1734739200000,"{""type"":""MultiPoint"",""coordinates"":[]}"
1116_0000000000000000021e,1875846777,6127010,38900,H1,067,01155137,440,A,41067,+45.5535419,-123.0976146,06,,G4020,Washington,Washington County,41,2024-12-21,84.009836437312,1734739200000,"{""type"":""MultiPoint"",""coordinates"":[]}"
1117_0000000000000000021b,4845034547,31873103,38900,H1,005,01155127,440,A,41005,+45.1604934,-122.1951274,06,,G4020,Clackamas,Clackamas County,41,2024-12-22,96.42296095675603,1734825600000,"{""type"":""MultiPoint"",""coordinates"":[]}"
1117_0000000000000000021c,1116558776,88222268,38900,H1,051,01135861,440,A,41051,+45.5477107,-122.4173625,06,,G4020,Multnomah,Multnomah County,41,2024-12-22,97.50625629369108,1734825600000,"{""type"":""MultiPoint"",""coordinates"":[]}"
1117_0000000000000000021e,1875846777,6127010,38900,H1,067,01155137,440,A,41067,+45.5535419,-123.0976146,06,,G4020,Washington,Washington County,41,2024-12-22,98.27920478825143,1734825600000,"{""type"":""MultiPoint"",""coordinates"":[]}"
1118_0000000000000000021b,4845034547,31873103,38900,H1,005,01155127,440,A,41005,+45.1604934,-122.1951274,06,,G4020,Clackamas,Clackamas County,41,2024-12-23,93.09216550978368,1734912000000,"{""type"":""MultiPoint"",""coordinates"":[]}"
1118_0000000000000000021c,1116558776,88222268,38900,H1,051,01135861,440,A,41051,+45.5477107,-122.4173625,06,,G4020,Multnomah,Multnomah County,41,2024-12-23,95.13198383026918,1734912000000,"{""type"":""MultiPoint"",""coordinates"":[]}"
1118_0000000000000000021e,1875846777,6127010,38900,H1,067,01155137,440,A,41067,+45.5535419,-123.0976146,06,,G4020,Washington,Washington County,41,2024-12-23,96.32859687207201,1734912000000,"{""type"":""MultiPoint"",""coordinates"":[]}"
1119_0000000000000000021b,4845034547,31873103,38900,H1,005,01155127,440,A,41005,+45.1604934,-122.1951274,06,,G4020,Clackamas,Clackamas County,41,2024-12-24,92.39791528804382,1734998400000,"{""type"":""MultiPoint"",""coordinates"":[]}"
1119_0000000000000000021c,1116558776,88222268,38900,H1,051,01135861,440,A,41051,+45.5477107,-122.4173625,06,,G4020,Multnomah,Multnomah County,41,2024-12-24,92.71004375342076,1734998400000,"{""type"":""MultiPoint"",""coordinates"":[]}"
1119_0000000000000000021e,1875846777,6127010,38900,H1,067,01155137,440,A,41067,+45.5535419,-123.0976146,06,,G4020,Washington,Washington County,41,2024-12-24,94.34390934699915,1734998400000,"{""type"":""MultiPoint"",""coordinates"":[]}"
1120_0000000000000000021b,4845034547,31873103,38900,H1,005,01155127,440,A,41005,+45.1604934,-122.1951274,06,,G4020,Clackamas,Clackamas County,41,2024-12-25,95.23348731024028,1735084800000,"{""type"":""MultiPoint"",""coordinates"":[]}"
1120_0000000000000000021c,1116558776,88222268,38900,H1,051,01135861,440,A,41051,+45.5477107,-122.4173625,06,,G4020,Multnomah,Multnomah County,41,2024-12-25,97.77575509558787,1735084800000,"{""type"":""MultiPoint"",""coordinates"":[]}"
1120_0000000000000000021e,1875846777,6127010,38900,H1,067,01155137,440,A,41067,+45.5535419,-123.0976146,06,,G4020,Washington,Washington County,41,2024-12-25,97.3175315283194,1735084800000,"{""type"":""MultiPoint"",""coordinates"":[]}"
1121_0000000000000000021b,4845034547,31873103,38900,H1,005,01155127,440,A,41005,+45.1604934,-122.1951274,06,,G4020,Clackamas,Clackamas County,41,2024-12-26,97.36300220399846,1735171200000,"{""type"":""MultiPoint"",""coordinates"":[]}"
1121_0000000000000000021c,1116558776,88222268,38900,H1,051,01135861,440,A,41051,+45.5477107,-122.4173625,06,,G4020,Multnomah,Multnomah County,41,2024-12-26,96.87214182077696,1735171200000,"{""type"":""MultiPoint"",""coordinates"":[]}"
1121_0000000000000000021e,1875846777,6127010,38900,H1,067,01155137,440,A,41067,+45.5535419,-123.0976146,06,,G4020,Washington,Washington County,41,2024-12-26,96.73145532947932,1735171200000,"{""type"":""MultiPoint"",""coordinates"":[]}"
1122_0000000000000000021b,4845034547,31873103,38900,H1,005,01155127,440,A,41005,+45.1604934,-122.1951274,06,,G4020,Clackamas,Clackamas County,41,2024-12-27,96.61728838443325,1735257600000,"{""type"":""MultiPoint"",""coordinates"":[]}"
1122_0000000000000000021c,1116558776,88222268,38900,H1,051,01135861,440,A,41051,+45.5477107,-122.4173625,06,,G4020,Multnomah,Multnomah County,41,2024-12-27,96.68249212894965,1735257600000,"{""type"":""MultiPoint"",""coordinates"":[]}"
1122_0000000000000000021e,1875846777,6127010,38900,H1,067,01155137,440,A,41067,+45.5535419,-123.0976146,06,,G4020,Washington,Washington County,41,2024-12-27,96.42705837998889,1735257600000,"{""type"":""MultiPoint"",""coordinates"":[]}"
1123_0000000000000000021b,4845034547,31873103,38900,H1,005,01155127,440,A,41005,+45.1604934,-122.1951274,06,,G4020,Clackamas,Clackamas County,41,2024-12-28,96.35199727562282,1735344000000,"{""type"":""MultiPoint"",""coordinates"":[]}"
1123_0000000000000000021c,1116558776,88222268,38900,H1,051,01135861,440,A,41051,+45.5477107,-122.4173625,06,,G4020,Multnomah,Multnomah County,41,2024-12-28,95.7773103313586,1735344000000,"{""type"":""MultiPoint"",""coordinates"":[]}"
1123_0000000000000000021e,1875846777,6127010,38900,H1,067,01155137,440,A,41067,+45.5535419,-123.0976146,06,,G4020,Washington,Washington County,41,2024-12-28,94.17171351866122,1735344000000,"{""type"":""MultiPoint"",""coordinates"":[]}"
1124_0000000000000000021b,4845034547,31873103,38900,H1,005,01155127,440,A,41005,+45.1604934,-122.1951274,06,,G4020,Clackamas,Clackamas County,41,2024-12-29,98.0831573531541,1735430400000,"{""type"":""MultiPoint"",""coordinates"":[]}"
1124_0000000000000000021c,1116558776,88222268,38900,H1,051,01135861,440,A,41051,+45.5477107,-122.4173625,06,,G4020,Multnomah,Multnomah County,41,2024-12-29,97.57623652212854,1735430400000,"{""type"":""MultiPoint"",""coordinates"":[]}"
1124_0000000000000000021e,1875846777,6127010,38900,H1,067,01155137,440,A,41067,+45.5535419,-123.0976146,06,,G4020,Washington,Washington County,41,2024-12-29,96.84857987415792,1735430400000,"{""type"":""MultiPoint"",""coordinates"":[]}"
1125_0000000000000000021b,4845034547,31873103,38900,H1,005,01155127,440,A,41005,+45.1604934,-122.1951274,06,,G4020,Clackamas,Clackamas County,41,2024-12-30,94.23995104436496,1735516800000,"{""type"":""MultiPoint"",""coordinates"":[]}"
1125_0000000000000000021c,1116558776,88222268,38900,H1,051,01135861,440,A,41051,+45.5477107,-122.4173625,06,,G4020,Multnomah,Multnomah County,41,2024-12-30,95.9093910424794,1735516800000,"{""type"":""MultiPoint"",""coordinates"":[]}"
1125_0000000000000000021e,1875846777,6127010,38900,H1,067,01155137,440,A,41067,+45.5535419,-123.0976146,06,,G4020,Washington,Washington County,41,2024-12-30,96.30744988986366,1735516800000,"{""type"":""MultiPoint"",""coordinates"":[]}"
1126_0000000000000000021b,4845034547,31873103,38900,H1,005,01155127,440,A,41005,+45.1604934,-122.1951274,06,,G4020,Clackamas,Clackamas County,41,2024-12-31,86.88922961519793,1735603200000,"{""type"":""MultiPoint"",""coordinates"":[]}"
1126_0000000000000000021c,1116558776,88222268,38900,H1,051,01135861,440,A,41051,+45.5477107,-122.4173625,06,,G4020,Multnomah,Multnomah County,41,2024-12-31,91.43099059854558,1735603200000,"{""type"":""MultiPoint"",""coordinates"":[]}"
1126_0000000000000000021e,1875846777,6127010,38900,H1,067,01155137,440,A,41067,+45.5535419,-123.0976146,06,,G4020,Washington,Washington County,41,2024-12-31,92.22182157050075,1735603200000,"{""type"":""MultiPoint"",""coordinates"":[]}"
1127_0000000000000000021b,4845034547,31873103,38900,H1,005,01155127,440,A,41005,+45.1604934,-122.1951274,06,,G4020,Clackamas,Clackamas County,41,2025-01-01,91.78525341844733,1735689600000,"{""type"":""MultiPoint"",""coordinates"":[]}"
1127_0000000000000000021c,1116558776,88222268,38900,H1,051,01135861,440,A,41051,+45.5477107,-122.4173625,06,,G4020,Multnomah,Multnomah County,41,2025-01-01,93.02691622531468,1735689600000,"{""type"":""MultiPoint"",""coordinates"":[]}"
1127_0000000000000000021e,1875846777,6127010,38900,H1,067,01155137,440,A,41067,+45.5535419,-123.0976146,06,,G4020,Washington,Washington County,41,2025-01-01,95.09227182742994,1735689600000,"{""type"":""MultiPoint"",""coordinates"":[]}"
1128_0000000000000000021b,4845034547,31873103,38900,H1,005,01155127,440,A,41005,+45.1604934,-122.1951274,06,,G4020,Clackamas,Clackamas County,41,2025-01-02,98.42651278372486,1735776000000,"{""type"":""MultiPoint"",""coordinates"":[]}"
1128_0000000000000000021c,1116558776,88222268,38900,H1,051,01135861,440,A,41051,+45.5477107,-122.4173625,06,,G4020,Multnomah,Multnomah County,41,2025-01-02,97.7457537593111,1735776000000,"{""type"":""MultiPoint"",""coordinates"":[]}"
1128_0000000000000000021e,1875846777,6127010,38900,H1,067,01155137,440,A,41067,+45.5535419,-123.0976146,06,,G4020,Washington,Washington County,41,2025-01-02,98.86939974679014,1735776000000,"{""type"":""MultiPoint"",""coordinates"":[]}"
1129_0000000000000000021b,4845034547,31873103,38900,H1,005,01155127,440,A,41005,+45.1604934,-122.1951274,06,,G4020,Clackamas,Clackamas County,41,2025-01-03,97.54814592099684,1735862400000,"{""type"":""MultiPoint"",""coordinates"":[]}"
1129_0000000000000000021c,1116558776,88222268,38900,H1,051,01135861,440,A,41051,+45.5477107,-122.4173625,06,,G4020,Multnomah,Multnomah County,41,2025-01-03,97.49614770700937,1735862400000,"{""type"":""MultiPoint"",""coordinates"":[]}"
1129_0000000000000000021e,1875846777,6127010,38900,H1,067,01155137,440,A,41067,+45.5535419,-123.0976146,06,,G4020,Washington,Washington County,41,2025-01-03,98.85578980878809,1735862400000,"{""type"":""MultiPoint"",""coordinates"":[]}"
1130_0000000000000000021b,4845034547,31873103,38900,H1,005,01155127,440,A,41005,+45.1604934,-122.1951274,06,,G4020,Clackamas,Clackamas County,41,2025-01-04,93.6234935314701,1735948800000,"{""type"":""MultiPoint"",""coordinates"":[]}"
1130_0000000000000000021c,1116558776,88222268,38900,H1,051,01135861,440,A,41051,+45.5477107,-122.4173625,06,,G4020,Multnomah,Multnomah County,41,2025-01-04,96.94705677442249,1735948800000,"{""type"":""MultiPoint"",""coordinates"":[]}"
1130_0000000000000000021e,1875846777,6127010,38900,H1,067,01155137,440,A,41067,+45.5535419,-123.0976146,06,,G4020,Washington,Washington County,41,2025-01-04,97.37577490576373,1735948800000,"{""type"":""MultiPoint"",""coordinates"":[]}"
1131_0000000000000000021b,4845034547,31873103,38900,H1,005,01155127,440,A,41005,+45.1604934,-122.1951274,06,,G4020,Clackamas,Clackamas County,41,2025-01-05,98.62493959220691,1736035200000,"{""type"":""MultiPoint"",""coordinates"":[]}"
1131_0000000000000000021c,1116558776,88222268,38900,H1,051,01135861,440,A,41051,+45.5477107,-122.4173625,06,,G4020,Multnomah,Multnomah County,41,2025-01-05,98.66021078047613,1736035200000,"{""type"":""MultiPoint"",""coordinates"":[]}"
1131_0000000000000000021e,1875846777,6127010,38900,H1,067,01155137,440,A,41067,+45.5535419,-123.0976146,06,,G4020,Washington,Washington County,41,2025-01-05,97.95718004686852,1736035200000,"{""type"":""MultiPoint"",""coordinates"":[]}"
1132_0000000000000000021b,4845034547,31873103,38900,H1,005,01155127,440,A,41005,+45.1604934,-122.1951274,06,,G4020,Clackamas,Clackamas County,41,2025-01-06,92.28172837330955,1736121600000,"{""type"":""MultiPoint"",""coordinates"":[]}"
1132_0000000000000000021c,1116558776,88222268,38900,H1,051,01135861,440,A,41051,+45.5477107,-122.4173625,06,,G4020,Multnomah,Multnomah County,41,2025-01-06,91.79503475139784,1736121600000,"{""type"":""MultiPoint"",""coordinates"":[]}"
1132_0000000000000000021e,1875846777,6127010,38900,H1,067,01155137,440,A,41067,+45.5535419,-123.0976146,06,,G4020,Washington,Washington County,41,2025-01-06,92.84593896154519,1736121600000,"{""type"":""MultiPoint"",""coordinates"":[]}"
1133_0000000000000000021b,4845034547,31873103,38900,H1,005,01155127,440,A,41005,+45.1604934,-122.1951274,06,,G4020,Clackamas,Clackamas County,41,2025-01-07,76.48230144849826,1736208000000,"{""type"":""MultiPoint"",""coordinates"":[]}"
1133_0000000000000000021c,1116558776,88222268,38900,H1,051,01135861,440,A,41051,+45.5477107,-122.4173625,06,,G4020,Multnomah,Multnomah County,41,2025-01-07,75.77113980346726,1736208000000,"{""type"":""MultiPoint"",""coordinates"":[]}"
1133_0000000000000000021e,1875846777,6127010,38900,H1,067,01155137,440,A,41067,+45.5535419,-123.0976146,06,,G4020,Washington,Washington County,41,2025-01-07,75.62135320240702,1736208000000,"{""type"":""MultiPoint"",""coordinates"":[]}"
1134_0000000000000000021b,4845034547,31873103,38900,H1,005,01155127,440,A,41005,+45.1604934,-122.1951274,06,,G4020,Clackamas,Clackamas County,41,2025-01-08,65.39662359054908,1736294400000,"{""type"":""MultiPoint"",""coordinates"":[]}"
1134_0000000000000000021c,1116558776,88222268,38900,H1,051,01135861,440,A,41051,+45.5477107,-122.4173625,06,,G4020,Multnomah,Multnomah County,41,2025-01-08,72.02399422406438,1736294400000,"{""type"":""MultiPoint"",""coordinates"":[]}"
1134_0000000000000000021e,1875846777,6127010,38900,H1,067,01155137,440,A,41067,+45.5535419,-123.0976146,06,,G4020,Washington,Washington County,41,2025-01-08,74.95999677591023,1736294400000,"{""type"":""MultiPoint"",""coordinates"":[]}"
1135_0000000000000000021b,4845034547,31873103,38900,H1,005,01155127,440,A,41005,+45.1604934,-122.1951274,06,,G4020,Clackamas,Clackamas County,41,2025-01-09,82.26295222789797,1736380800000,"{""type"":""MultiPoint"",""coordinates"":[]}"
1135_0000000000000000021c,1116558776,88222268,38900,H1,051,01135861,440,A,41051,+45.5477107,-122.4173625,06,,G4020,Multnomah,Multnomah County,41,2025-01-09,79.71341418870117,1736380800000,"{""type"":""MultiPoint"",""coordinates"":[]}"
1135_0000000000000000021e,1875846777,6127010,38900,H1,067,01155137,440,A,41067,+45.5535419,-123.0976146,06,,G4020,Washington,Washington County,41,2025-01-09,81.39529254364373,1736380800000,"{""type"":""MultiPoint"",""coordinates"":[]}"
1136_0000000000000000021b,4845034547,31873103,38900,H1,005,01155127,440,A,41005,+45.1604934,-122.1951274,06,,G4020,Clackamas,Clackamas County,41,2025-01-10,78.39832173037196,1736467200000,"{""type"":""MultiPoint"",""coordinates"":[]}"
1136_0000000000000000021c,1116558776,88222268,38900,H1,051,01135861,440,A,41051,+45.5477107,-122.4173625,06,,G4020,Multnomah,Multnomah County,41,2025-01-10,82.60579299286594,1736467200000,"{""type"":""MultiPoint"",""coordinates"":[]}"
1136_0000000000000000021e,1875846777,6127010,38900,H1,067,01155137,440,A,41067,+45.5535419,-123.0976146,06,,G4020,Washington,Washington County,41,2025-01-10,83.61552635346621,1736467200000,"{""type"":""MultiPoint"",""coordinates"":[]}"
1137_0000000000000000021b,4845034547,31873103,38900,H1,005,01155127,440,A,41005,+45.1604934,-122.1951274,06,,G4020,Clackamas,Clackamas County,41,2025-01-11,95.67283044082184,1736553600000,"{""type"":""MultiPoint"",""coordinates"":[]}"
1137_0000000000000000021c,1116558776,88222268,38900,H1,051,01135861,440,A,41051,+45.5477107,-122.4173625,06,,G4020,Multnomah,Multnomah County,41,2025-01-11,94.82408095240642,1736553600000,"{""type"":""MultiPoint"",""coordinates"":[]}"
1137_0000000000000000021e,1875846777,6127010,38900,H1,067,01155137,440,A,41067,+45.5535419,-123.0976146,06,,G4020,Washington,Washington County,41,2025-01-11,90.33902109670649,1736553600000,"{""type"":""MultiPoint"",""coordinates"":[]}"
1138_0000000000000000021b,4845034547,31873103,38900,H1,005,01155127,440,A,41005,+45.1604934,-122.1951274,06,,G4020,Clackamas,Clackamas County,41,2025-01-12,95.50036110126739,1736640000000,"{""type"":""MultiPoint"",""coordinates"":[]}"
1138_0000000000000000021c,1116558776,88222268,38900,H1,051,01135861,440,A,41051,+45.5477107,-122.4173625,06,,G4020,Multnomah,Multnomah County,41,2025-01-12,95.44719561600508,1736640000000,"{""type"":""MultiPoint"",""coordinates"":[]}"
1138_0000000000000000021e,1875846777,6127010,38900,H1,067,01155137,440,A,41067,+45.5535419,-123.0976146,06,,G4020,Washington,Washington County,41,2025-01-12,90.91069967634446,1736640000000,"{""type"":""MultiPoint"",""coordinates"":[]}"
1139_0000000000000000021b,4845034547,31873103,38900,H1,005,01155127,440,A,41005,+45.1604934,-122.1951274,06,,G4020,Clackamas,Clackamas County,41,2025-01-13,88.0885339618096,1736726400000,"{""type"":""MultiPoint"",""coordinates"":[]}"
1139_0000000000000000021c,1116558776,88222268,38900,H1,051,01135861,440,A,41051,+45.5477107,-122.4173625,06,,G4020,Multnomah,Multnomah County,41,2025-01-13,89.12798547830774,1736726400000,"{""type"":""MultiPoint"",""coordinates"":[]}"
1139_0000000000000000021e,1875846777,6127010,38900,H1,067,01155137,440,A,41067,+45.5535419,-123.0976146,06,,G4020,Washington,Washington County,41,2025-01-13,86.12204845164086,1736726400000,"{""type"":""MultiPoint"",""coordinates"":[]}"
1140_0000000000000000021b,4845034547,31873103,38900,H1,005,01155127,440,A,41005,+45.1604934,-122.1951274,06,,G4020,Clackamas,Clackamas County,41,2025-01-14,71.71170577648334,1736812800000,"{""type"":""MultiPoint"",""coordinates"":[]}"
1140_0000000000000000021c,1116558776,88222268,38900,H1,051,01135861,440,A,41051,+45.5477107,-122.4173625,06,,G4020,Multnomah,Multnomah County,41,2025-01-14,80.21178119780431,1736812800000,"{""type"":""MultiPoint"",""coordinates"":[]}"
1140_0000000000000000021e,1875846777,6127010,38900,H1,067,01155137,440,A,41067,+45.5535419,-123.0976146,06,,G4020,Washington,Washington County,41,2025-01-14,78.5246563934219,1736812800000,"{""type"":""MultiPoint"",""coordinates"":[]}"
1141_0000000000000000021b,4845034547,31873103,38900,H1,005,01155127,440,A,41005,+45.1604934,-122.1951274,06,,G4020,Clackamas,Clackamas County,41,2025-01-15,75.94563747305847,1736899200000,"{""type"":""MultiPoint"",""coordinates"":[]}"
1141_0000000000000000021c,1116558776,88222268,38900,H1,051,01135861,440,A,41051,+45.5477107,-122.4173625,06,,G4020,Multnomah,Multnomah County,41,2025-01-15,79.12157358388835,1736899200000,"{""type"":""MultiPoint"",""coordinates"":[]}"
1141_0000000000000000021e,1875846777,6127010,38900,H1,067,01155137,440,A,41067,+45.5535419,-123.0976146,06,,G4020,Washington,Washington County,41,2025-01-15,72.62172683439876,1736899200000,"{""type"":""MultiPoint"",""coordinates"":[]}"
1142_0000000000000000021b,4845034547,31873103,38900,H1,005,01155127,440,A,41005,+45.1604934,-122.1951274,06,,G4020,Clackamas,Clackamas County,41,2025-01-16,79.62843683662268,1736985600000,"{""type"":""MultiPoint"",""coordinates"":[]}"
1142_0000000000000000021c,1116558776,88222268,38900,H1,051,01135861,440,A,41051,+45.5477107,-122.4173625,06,,G4020,Multnomah,Multnomah County,41,2025-01-16,83.06140619026083,1736985600000,"{""type"":""MultiPoint"",""coordinates"":[]}"
1142_0000000000000000021e,1875846777,6127010,38900,H1,067,01155137,440,A,41067,+45.5535419,-123.0976146,06,,G4020,Washington,Washington County,41,2025-01-16,83.14036785405588,1736985600000,"{""type"":""MultiPoint"",""coordinates"":[]}"
1143_0000000000000000021b,4845034547,31873103,38900,H1,005,01155127,440,A,41005,+45.1604934,-122.1951274,06,,G4020,Clackamas,Clackamas County,41,2025-01-17,86.19241992547428,1737072000000,"{""type"":""MultiPoint"",""coordinates"":[]}"
1143_0000000000000000021c,1116558776,88222268,38900,H1,051,01135861,440,A,41051,+45.5477107,-122.4173625,06,,G4020,Multnomah,Multnomah County,41,2025-01-17,90.30553899388532,1737072000000,"{""type"":""MultiPoint"",""coordinates"":[]}"
1143_0000000000000000021e,1875846777,6127010,38900,H1,067,01155137,440,A,41067,+45.5535419,-123.0976146,06,,G4020,Washington,Washington County,41,2025-01-17,87.36728538611854,1737072000000,"{""type"":""MultiPoint"",""coordinates"":[]}"
1144_0000000000000000021b,4845034547,31873103,38900,H1,005,01155127,440,A,41005,+45.1604934,-122.1951274,06,,G4020,Clackamas,Clackamas County,41,2025-01-18,74.5694620442074,1737158400000,"{""type"":""MultiPoint"",""coordinates"":[]}"
1144_0000000000000000021c,1116558776,88222268,38900,H1,051,01135861,440,A,41051,+45.5477107,-122.4173625,06,,G4020,Multnomah,Multnomah County,41,2025-01-18,76.67160198727152,1737158400000,"{""type"":""MultiPoint"",""coordinates"":[]}"
1144_0000000000000000021e,1875846777,6127010,38900,H1,067,01155137,440,A,41067,+45.5535419,-123.0976146,06,,G4020,Washington,Washington County,41,2025-01-18,78.21083580703747,1737158400000,"{""type"":""MultiPoint"",""coordinates"":[]}"
1145_0000000000000000021b,4845034547,31873103,38900,H1,005,01155127,440,A,41005,+45.1604934,-122.1951274,06,,G4020,Clackamas,Clackamas County,41,2025-01-19,66.22344030157392,1737244800000,"{""type"":""MultiPoint"",""coordinates"":[]}"
1145_0000000000000000021c,1116558776,88222268,38900,H1,051,01135861,440,A,41051,+45.5477107,-122.4173625,06,,G4020,Multnomah,Multnomah County,41,2025-01-19,69.65572374385775,1737244800000,"{""type"":""MultiPoint"",""coordinates"":[]}"
1145_0000000000000000021e,1875846777,6127010,38900,H1,067,01155137,440,A,41067,+45.5535419,-123.0976146,06,,G4020,Washington,Washington County,41,2025-01-19,70.15858190470615,1737244800000,"{""type"":""MultiPoint"",""coordinates"":[]}"
1146_0000000000000000021b,4845034547,31873103,38900,H1,005,01155127,440,A,41005,+45.1604934,-122.1951274,06,,G4020,Clackamas,Clackamas County,41,2025-01-20,57.45939344015797,1737331200000,"{""type"":""MultiPoint"",""coordinates"":[]}"
1146_0000000000000000021c,1116558776,88222268,38900,H1,051,01135861,440,A,41051,+45.5477107,-122.4173625,06,,G4020,Multnomah,Multnomah County,41,2025-01-20,61.102427784112145,1737331200000,"{""type"":""MultiPoint"",""coordinates"":[]}"
1146_0000000000000000021e,1875846777,6127010,38900,H1,067,01155137,440,A,41067,+45.5535419,-123.0976146,06,,G4020,Washington,Washington County,41,2025-01-20,62.647477903195316,1737331200000,"{""type"":""MultiPoint"",""coordinates"":[]}"
1147_0000000000000000021b,4845034547,31873103,38900,H1,005,01155127,440,A,41005,+45.1604934,-122.1951274,06,,G4020,Clackamas,Clackamas County,41,2025-01-21,59.784646356375745,1737417600000,"{""type"":""MultiPoint"",""coordinates"":[]}"
1147_0000000000000000021c,1116558776,88222268,38900,H1,051,01135861,440,A,41051,+45.5477107,-122.4173625,06,,G4020,Multnomah,Multnomah County,41,2025-01-21,66.34623915439458,1737417600000,"{""type"":""MultiPoint"",""coordinates"":[]}"
1147_0000000000000000021e,1875846777,6127010,38900,H1,067,01155137,440,A,41067,+45.5535419,-123.0976146,06,,G4020,Washington,Washington County,41,2025-01-21,70.19797928923388,1737417600000,"{""type"":""MultiPoint"",""coordinates"":[]}"
1148_0000000000000000021b,4845034547,31873103,38900,H1,005,01155127,440,A,41005,+45.1604934,-122.1951274,06,,G4020,Clackamas,Clackamas County,41,2025-01-22,65.1513704993475,1737504000000,"{""type"":""MultiPoint"",""coordinates"":[]}"
1148_0000000000000000021c,1116558776,88222268,38900,H1,051,01135861,440,A,41051,+45.5477107,-122.4173625,06,,G4020,Multnomah,Multnomah County,41,2025-01-22,71.2895075776143,1737504000000,"{""type"":""MultiPoint"",""coordinates"":[]}"
1148_0000000000000000021e,1875846777,6127010,38900,H1,067,01155137,440,A,41067,+45.5535419,-123.0976146,06,,G4020,Washington,Washington County,41,2025-01-22,75.6782365451633,1737504000000,"{""type"":""MultiPoint"",""coordinates"":[]}"
1149_0000000000000000021b,4845034547,31873103,38900,H1,005,01155127,440,A,41005,+45.1604934,-122.1951274,06,,G4020,Clackamas,Clackamas County,41,2025-01-23,65.25450194292404,1737590400000,"{""type"":""MultiPoint"",""coordinates"":[]}"
1149_0000000000000000021c,1116558776,88222268,38900,H1,051,01135861,440,A,41051,+45.5477107,-122.4173625,06,,G4020,Multnomah,Multnomah County,41,2025-01-23,70.41423719204123,1737590400000,"{""type"":""MultiPoint"",""coordinates"":[]}"
1149_0000000000000000021e,1875846777,6127010,38900,H1,067,01155137,440,A,41067,+45.5535419,-123.0976146,06,,G4020,Washington,Washington County,41,2025-01-23,71.16781944139726,1737590400000,"{""type"":""MultiPoint"",""coordinates"":[]}"
1150_0000000000000000021b,4845034547,31873103,38900,H1,005,01155127,440,A,41005,+45.1604934,-122.1951274,06,,G4020,Clackamas,Clackamas County,41,2025-01-24,68.9295834008012,1737676800000,"{""type"":""MultiPoint"",""coordinates"":[]}"
1150_0000000000000000021c,1116558776,88222268,38900,H1,051,01135861,440,A,41051,+45.5477107,-122.4173625,06,,G4020,Multnomah,Multnomah County,41,2025-01-24,76.5651990532222,1737676800000,"{""type"":""MultiPoint"",""coordinates"":[]}"
1150_0000000000000000021e,1875846777,6127010,38900,H1,067,01155137,440,A,41067,+45.5535419,-123.0976146,06,,G4020,Washington,Washington County,41,2025-01-24,84.46900455966738,1737676800000,"{""type"":""MultiPoint"",""coordinates"":[]}"
1151_0000000000000000021b,4845034547,31873103,38900,H1,005,01155127,440,A,41005,+45.1604934,-122.1951274,06,,G4020,Clackamas,Clackamas County,41,2025-01-25,64.2583917014222,1737763200000,"{""type"":""MultiPoint"",""coordinates"":[]}"
1151_0000000000000000021c,1116558776,88222268,38900,H1,051,01135861,440,A,41051,+45.5477107,-122.4173625,06,,G4020,Multnomah,Multnomah County,41,2025-01-25,69.99531365479749,1737763200000,"{""type"":""MultiPoint"",""coordinates"":[]}"
1151_0000000000000000021e,1875846777,6127010,38900,H1,067,01155137,440,A,41067,+45.5535419,-123.0976146,06,,G4020,Washington,Washington County,41,2025-01-25,74.03756899685077,1737763200000,"{""type"":""MultiPoint"",""coordinates"":[]}"
1152_0000000000000000021b,4845034547,31873103,38900,H1,005,01155127,440,A,41005,+45.1604934,-122.1951274,06,,G4020,Clackamas,Clackamas County,41,2025-01-26,53.20376898445964,1737849600000,"{""type"":""MultiPoint"",""coordinates"":[]}"
1152_0000000000000000021c,1116558776,88222268,38900,H1,051,01135861,440,A,41051,+45.5477107,-122.4173625,06,,G4020,Multnomah,Multnomah County,41,2025-01-26,58.558150318584005,1737849600000,"{""type"":""MultiPoint"",""coordinates"":[]}"
1152_0000000000000000021e,1875846777,6127010,38900,H1,067,01155137,440,A,41067,+45.5535419,-123.0976146,06,,G4020,Washington,Washington County,41,2025-01-26,58.39421413593927,1737849600000,"{""type"":""MultiPoint"",""coordinates"":[]}"
1153_0000000000000000021b,4845034547,31873103,38900,H1,005,01155127,440,A,41005,+45.1604934,-122.1951274,06,,G4020,Clackamas,Clackamas County,41,2025-01-27,54.070627513088304,1737936000000,"{""type"":""MultiPoint"",""coordinates"":[]}"
1153_0000000000000000021c,1116558776,88222268,38900,H1,051,01135861,440,A,41051,+45.5477107,-122.4173625,06,,G4020,Multnomah,Multnomah County,41,2025-01-27,58.33670211711572,1737936000000,"{""type"":""MultiPoint"",""coordinates"":[]}"
1153_0000000000000000021e,1875846777,6127010,38900,H1,067,01155137,440,A,41067,+45.5535419,-123.0976146,06,,G4020,Washington,Washington County,41,2025-01-27,60.81231729841751,1737936000000,"{""type"":""MultiPoint"",""coordinates"":[]}"
1154_0000000000000000021b,4845034547,31873103,38900,H1,005,01155127,440,A,41005,+45.1604934,-122.1951274,06,,G4020,Clackamas,Clackamas County,41,2025-01-28,58.45661515011146,1738022400000,"{""type"":""MultiPoint"",""coordinates"":[]}"
1154_0000000000000000021c,1116558776,88222268,38900,H1,051,01135861,440,A,41051,+45.5477107,-122.4173625,06,,G4020,Multnomah,Multnomah County,41,2025-01-28,63.74947090564259,1738022400000,"{""type"":""MultiPoint"",""coordinates"":[]}"
1154_0000000000000000021e,1875846777,6127010,38900,H1,067,01155137,440,A,41067,+45.5535419,-123.0976146,06,,G4020,Washington,Washington County,41,2025-01-28,63.28571145478679,1738022400000,"{""type"":""MultiPoint"",""coordinates"":[]}"
1155_0000000000000000021b,4845034547,31873103,38900,H1,005,01155127,440,A,41005,+45.1604934,-122.1951274,06,,G4020,Clackamas,Clackamas County,41,2025-01-29,60.427606121464144,1738108800000,"{""type"":""MultiPoint"",""coordinates"":[]}"
1155_0000000000000000021c,1116558776,88222268,38900,H1,051,01135861,440,A,41051,+45.5477107,-122.4173625,06,,G4020,Multnomah,Multnomah County,41,2025-01-29,65.1589682391509,1738108800000,"{""type"":""MultiPoint"",""coordinates"":[]}"
1155_0000000000000000021e,1875846777,6127010,38900,H1,067,01155137,440,A,41067,+45.5535419,-123.0976146,06,,G4020,Washington,Washington County,41,2025-01-29,57.153569578998116,1738108800000,"{""type"":""MultiPoint"",""coordinates"":[]}"
1156_0000000000000000021b,4845034547,31873103,38900,H1,005,01155127,440,A,41005,+45.1604934,-122.1951274,06,,G4020,Clackamas,Clackamas County,41,2025-01-30,62.34422486280787,1738195200000,"{""type"":""MultiPoint"",""coordinates"":[]}"
1156_0000000000000000021c,1116558776,88222268,38900,H1,051,01135861,440,A,41051,+45.5477107,-122.4173625,06,,G4020,Multnomah,Multnomah County,41,2025-01-30,71.38470340723258,1738195200000,"{""type"":""MultiPoint"",""coordinates"":[]}"
1156_0000000000000000021e,1875846777,6127010,38900,H1,067,01155137,440,A,41067,+45.5535419,-123.0976146,06,,G4020,Washington,Washington County,41,2025-01-30,86.1186433172213,1738195200000,"{""type"":""MultiPoint"",""coordinates"":[]}"
1157_0000000000000000021b,4845034547,31873103,38900,H1,005,01155127,440,A,41005,+45.1604934,-122.1951274,06,,G4020,Clackamas,Clackamas County,41,2025-01-31,87.35808886028163,1738281600000,"{""type"":""MultiPoint"",""coordinates"":[]}"
1157_0000000000000000021c,1116558776,88222268,38900,H1,051,01135861,440,A,41051,+45.5477107,-122.4173625,06,,G4020,Multnomah,Multnomah County,41,2025-01-31,92.6192858294965,1738281600000,"{""type"":""MultiPoint"",""coordinates"":[]}"
1157_0000000000000000021e,1875846777,6127010,38900,H1,067,01155137,440,A,41067,+45.5535419,-123.0976146,06,,G4020,Washington,Washington County,41,2025-01-31,97.19834842686919,1738281600000,"{""type"":""MultiPoint"",""coordinates"":[]}"
1158_0000000000000000021b,4845034547,31873103,38900,H1,005,01155127,440,A,41005,+45.1604934,-122.1951274,06,,G4020,Clackamas,Clackamas County,41,2025-02-01,93.37062314731214,1738368000000,"{""type"":""MultiPoint"",""coordinates"":[]}"
1158_0000000000000000021c,1116558776,88222268,38900,H1,051,01135861,440,A,41051,+45.5477107,-122.4173625,06,,G4020,Multnomah,Multnomah County,41,2025-02-01,94.39518213345833,1738368000000,"{""type"":""MultiPoint"",""coordinates"":[]}"
1158_0000000000000000021e,1875846777,6127010,38900,H1,067,01155137,440,A,41067,+45.5535419,-123.0976146,06,,G4020,Washington,Washington County,41,2025-02-01,94.19145260436812,1738368000000,"{""type"":""MultiPoint"",""coordinates"":[]}"
1159_0000000000000000021b,4845034547,31873103,38900,H1,005,01155127,440,A,41005,+45.1604934,-122.1951274,06,,G4020,Clackamas,Clackamas County,41,2025-02-02,92.23799479124298,1738454400000,"{""type"":""MultiPoint"",""coordinates"":[]}"
1159_0000000000000000021c,1116558776,88222268,38900,H1,051,01135861,440,A,41051,+45.5477107,-122.4173625,06,,G4020,Multnomah,Multnomah County,41,2025-02-02,92.75041598473975,1738454400000,"{""type"":""MultiPoint"",""coordinates"":[]}"
1159_0000000000000000021e,1875846777,6127010,38900,H1,067,01155137,440,A,41067,+45.5535419,-123.0976146,06,,G4020,Washington,Washington County,41,2025-02-02,91.95626376684282,1738454400000,"{""type"":""MultiPoint"",""coordinates"":[]}"
1160_0000000000000000021b,4845034547,31873103,38900,H1,005,01155127,440,A,41005,+45.1604934,-122.1951274,06,,G4020,Clackamas,Clackamas County,41,2025-02-03,84.98276422999443,1738540800000,"{""type"":""MultiPoint"",""coordinates"":[]}"
1160_0000000000000000021c,1116558776,88222268,38900,H1,051,01135861,440,A,41051,+45.5477107,-122.4173625,06,,G4020,Multnomah,Multnomah County,41,2025-02-03,87.26856458162553,1738540800000,"{""type"":""MultiPoint"",""coordinates"":[]}"
1160_0000000000000000021e,1875846777,6127010,38900,H1,067,01155137,440,A,41067,+45.5535419,-123.0976146,06,,G4020,Washington,Washington County,41,2025-02-03,86.70224205927892,1738540800000,"{""type"":""MultiPoint"",""coordinates"":[]}"
1161_0000000000000000021b,4845034547,31873103,38900,H1,005,01155127,440,A,41005,+45.1604934,-122.1951274,06,,G4020,Clackamas,Clackamas County,41,2025-02-04,79.55826373712124,1738627200000,"{""type"":""MultiPoint"",""coordinates"":[]}"
1161_0000000000000000021c,1116558776,88222268,38900,H1,051,01135861,440,A,41051,+45.5477107,-122.4173625,06,,G4020,Multnomah,Multnomah County,41,2025-02-04,82.62633028684299,1738627200000,"{""type"":""MultiPoint"",""coordinates"":[]}"
1161_0000000000000000021e,1875846777,6127010,38900,H1,067,01155137,440,A,41067,+45.5535419,-123.0976146,06,,G4020,Washington,Washington County,41,2025-02-04,82.11794375597444,1738627200000,"{""type"":""MultiPoint"",""coordinates"":[]}"
1162_0000000000000000021b,4845034547,31873103,38900,H1,005,01155127,440,A,41005,+45.1604934,-122.1951274,06,,G4020,Clackamas,Clackamas County,41,2025-02-05,81.98220971069438,1738713600000,"{""type"":""MultiPoint"",""coordinates"":[]}"
1162_0000000000000000021c,1116558776,88222268,38900,H1,051,01135861,440,A,41051,+45.5477107,-122.4173625,06,,G4020,Multnomah,Multnomah County,41,2025-02-05,84.72298350705431,1738713600000,"{""type"":""MultiPoint"",""coordinates"":[]}"
1162_0000000000000000021e,1875846777,6127010,38900,H1,067,01155137,440,A,41067,+45.5535419,-123.0976146,06,,G4020,Washington,Washington County,41,2025-02-05,89.03459736952058,1738713600000,"{""type"":""MultiPoint"",""coordinates"":[]}"
1163_0000000000000000021b,4845034547,31873103,38900,H1,005,01155127,440,A,41005,+45.1604934,-122.1951274,06,,G4020,Clackamas,Clackamas County,41,2025-02-06,83.1513197500142,1738800000000,"{""type"":""MultiPoint"",""coordinates"":[]}"
1163_0000000000000000021c,1116558776,88222268,38900,H1,051,01135861,440,A,41051,+45.5477107,-122.4173625,06,,G4020,Multnomah,Multnomah County,41,2025-02-06,85.30739394139938,1738800000000,"{""type"":""MultiPoint"",""coordinates"":[]}"
1163_0000000000000000021e,1875846777,6127010,38900,H1,067,01155137,440,A,41067,+45.5535419,-123.0976146,06,,G4020,Washington,Washington County,41,2025-02-06,87.25279845813239,1738800000000,"{""type"":""MultiPoint"",""coordinates"":[]}"
1164_0000000000000000021b,4845034547,31873103,38900,H1,005,01155127,440,A,41005,+45.1604934,-122.1951274,06,,G4020,Clackamas,Clackamas County,41,2025-02-07,73.17353666748359,1738886400000,"{""type"":""MultiPoint"",""coordinates"":[]}"
1164_0000000000000000021c,1116558776,88222268,38900,H1,051,01135861,440,A,41051,+45.5477107,-122.4173625,06,,G4020,Multnomah,Multnomah County,41,2025-02-07,75.227497417789,1738886400000,"{""type"":""MultiPoint"",""coordinates"":[]}"
1164_0000000000000000021e,1875846777,6127010,38900,H1,067,01155137,440,A,41067,+45.5535419,-123.0976146,06,,G4020,Washington,Washington County,41,2025-02-07,74.21129469667453,1738886400000,"{""type"":""MultiPoint"",""coordinates"":[]}"
1165_0000000000000000021b,4845034547,31873103,38900,H1,005,01155127,440,A,41005,+45.1604934,-122.1951274,06,,G4020,Clackamas,Clackamas County,41,2025-02-08,86.82232451306649,1738972800000,"{""type"":""MultiPoint"",""coordinates"":[]}"
1165_0000000000000000021c,1116558776,88222268,38900,H1,051,01135861,440,A,41051,+45.5477107,-122.4173625,06,,G4020,Multnomah,Multnomah County,41,2025-02-08,88.87812000200553,1738972800000,"{""type"":""MultiPoint"",""coordinates"":[]}"
1165_0000000000000000021e,1875846777,6127010,38900,H1,067,01155137,440,A,41067,+45.5535419,-123.0976146,06,,G4020,Washington,Washington County,41,2025-02-08,89.97904392831819,1738972800000,"{""type"":""MultiPoint"",""coordinates"":[]}"
1166_0000000000000000021b,4845034547,31873103,38900,H1,005,01155127,440,A,41005,+45.1604934,-122.1951274,06,,G4020,Clackamas,Clackamas County,41,2025-02-09,88.05360490174203,1739059200000,"{""type"":""MultiPoint"",""coordinates"":[]}"
1166_0000000000000000021c,1116558776,88222268,38900,H1,051,01135861,440,A,41051,+45.5477107,-122.4173625,06,,G4020,Multnomah,Multnomah County,41,2025-02-09,87.80993748732635,1739059200000,"{""type"":""MultiPoint"",""coordinates"":[]}"
1166_0000000000000000021e,1875846777,6127010,38900,H1,067,01155137,440,A,41067,+45.5535419,-123.0976146,06,,G4020,Washington,Washington County,41,2025-02-09,89.06923012672972,1739059200000,"{""type"":""MultiPoint"",""coordinates"":[]}"
1167_0000000000000000021b,4845034547,31873103,38900,H1,005,01155127,440,A,41005,+45.1604934,-122.1951274,06,,G4020,Clackamas,Clackamas County,41,2025-02-10,74.39765501884315,1739145600000,"{""type"":""MultiPoint"",""coordinates"":[]}"
1167_0000000000000000021c,1116558776,88222268,38900,H1,051,01135861,440,A,41051,+45.5477107,-122.4173625,06,,G4020,Multnomah,Multnomah County,41,2025-02-10,78.1873516121561,1739145600000,"{""type"":""MultiPoint"",""coordinates"":[]}"
1167_0000000000000000021e,1875846777,6127010,38900,H1,067,01155137,440,A,41067,+45.5535419,-123.0976146,06,,G4020,Washington,Washington County,41,2025-02-10,80.17842516966455,1739145600000,"{""type"":""MultiPoint"",""coordinates"":[]}"
1168_0000000000000000021b,4845034547,31873103,38900,H1,005,01155127,440,A,41005,+45.1604934,-122.1951274,06,,G4020,Clackamas,Clackamas County,41,2025-02-11,62.48470204226877,1739232000000,"{""type"":""MultiPoint"",""coordinates"":[]}"
1168_0000000000000000021c,1116558776,88222268,38900,H1,051,01135861,440,A,41051,+45.5477107,-122.4173625,06,,G4020,Multnomah,Multnomah County,41,2025-02-11,58.48892662887936,1739232000000,"{""type"":""MultiPoint"",""coordinates"":[]}"
1168_0000000000000000021e,1875846777,6127010,38900,H1,067,01155137,440,A,41067,+45.5535419,-123.0976146,06,,G4020,Washington,Washington County,41,2025-02-11,55.64082363126985,1739232000000,"{""type"":""MultiPoint"",""coordinates"":[]}"
1169_0000000000000000021b,4845034547,31873103,38900,H1,005,01155127,440,A,41005,+45.1604934,-122.1951274,06,,G4020,Clackamas,Clackamas County,41,2025-02-12,50.9615923327507,1739318400000,"{""type"":""MultiPoint"",""coordinates"":[]}"
1169_0000000000000000021c,1116558776,88222268,38900,H1,051,01135861,440,A,41051,+45.5477107,-122.4173625,06,,G4020,Multnomah,Multnomah County,41,2025-02-12,50.11794011263693,1739318400000,"{""type"":""MultiPoint"",""coordinates"":[]}"
1169_0000000000000000021e,1875846777,6127010,38900,H1,067,01155137,440,A,41067,+45.5535419,-123.0976146,06,,G4020,Washington,Washington County,41,2025-02-12,46.68439005086502,1739318400000,"{""type"":""MultiPoint"",""coordinates"":[]}"
1170_0000000000000000021b,4845034547,31873103,38900,H1,005,01155127,440,A,41005,+45.1604934,-122.1951274,06,,G4020,Clackamas,Clackamas County,41,2025-02-13,53.55758702867446,1739404800000,"{""type"":""MultiPoint"",""coordinates"":[]}"
1170_0000000000000000021c,1116558776,88222268,38900,H1,051,01135861,440,A,41051,+45.5477107,-122.4173625,06,,G4020,Multnomah,Multnomah County,41,2025-02-13,50.404972986552586,1739404800000,"{""type"":""MultiPoint"",""coordinates"":[]}"
1170_0000000000000000021e,1875846777,6127010,38900,H1,067,01155137,440,A,41067,+45.5535419,-123.0976146,06,,G4020,Washington,Washington County,41,2025-02-13,48.00117626552645,1739404800000,"{""type"":""MultiPoint"",""coordinates"":[]}"
1171_0000000000000000021b,4845034547,31873103,38900,H1,005,01155127,440,A,41005,+45.1604934,-122.1951274,06,,G4020,Clackamas,Clackamas County,41,2025-02-14,85.44765769754727,1739491200000,"{""type"":""MultiPoint"",""coordinates"":[]}"
1171_0000000000000000021c,1116558776,88222268,38900,H1,051,01135861,440,A,41051,+45.5477107,-122.4173625,06,,G4020,Multnomah,Multnomah County,41,2025-02-14,79.71512372094051,1739491200000,"{""type"":""MultiPoint"",""coordinates"":[]}"
1171_0000000000000000021e,1875846777,6127010,38900,H1,067,01155137,440,A,41067,+45.5535419,-123.0976146,06,,G4020,Washington,Washington County,41,2025-02-14,81.3928064129457,1739491200000,"{""type"":""MultiPoint"",""coordinates"":[]}"
1172_0000000000000000021b,4845034547,31873103,38900,H1,005,01155127,440,A,41005,+45.1604934,-122.1951274,06,,G4020,Clackamas,Clackamas County,41,2025-02-15,91.07724277019362,1739577600000,"{""type"":""MultiPoint"",""coordinates"":[]}"
1172_0000000000000000021c,1116558776,88222268,38900,H1,051,01135861,440,A,41051,+45.5477107,-122.4173625,06,,G4020,Multnomah,Multnomah County,41,2025-02-15,93.85187661613968,1739577600000,"{""type"":""MultiPoint"",""coordinates"":[]}"
1172_0000000000000000021e,1875846777,6127010,38900,H1,067,01155137,440,A,41067,+45.5535419,-123.0976146,06,,G4020,Washington,Washington County,41,2025-02-15,93.94189109771425,1739577600000,"{""type"":""MultiPoint"",""coordinates"":[]}"
1173_0000000000000000021b,4845034547,31873103,38900,H1,005,01155127,440,A,41005,+45.1604934,-122.1951274,06,,G4020,Clackamas,Clackamas County,41,2025-02-16,91.7878721137014,1739664000000,"{""type"":""MultiPoint"",""coordinates"":[]}"
1173_0000000000000000021c,1116558776,88222268,38900,H1,051,01135861,440,A,41051,+45.5477107,-122.4173625,06,,G4020,Multnomah,Multnomah County,41,2025-02-16,96.59306857711148,1739664000000,"{""type"":""MultiPoint"",""coordinates"":[]}"
1173_0000000000000000021e,1875846777,6127010,38900,H1,067,01155137,440,A,41067,+45.5535419,-123.0976146,06,,G4020,Washington,Washington County,41,2025-02-16,98.35731069692177,1739664000000,"{""type"":""MultiPoint"",""coordinates"":[]}"
1174_0000000000000000021b,4845034547,31873103,38900,H1,005,01155127,440,A,41005,+45.1604934,-122.1951274,06,,G4020,Clackamas,Clackamas County,41,2025-02-17,98.29959518078606,1739750400000,"{""type"":""MultiPoint"",""coordinates"":[]}"
1174_0000000000000000021c,1116558776,88222268,38900,H1,051,01135861,440,A,41051,+45.5477107,-122.4173625,06,,G4020,Multnomah,Multnomah County,41,2025-02-17,98.2482935532885,1739750400000,"{""type"":""MultiPoint"",""coordinates"":[]}"
1174_0000000000000000021e,1875846777,6127010,38900,H1,067,01155137,440,A,41067,+45.5535419,-123.0976146,06,,G4020,Washington,Washington County,41,2025-02-17,98.77267687334889,1739750400000,"{""type"":""MultiPoint"",""coordinates"":[]}"
1175_0000000000000000021b,4845034547,31873103,38900,H1,005,01155127,440,A,41005,+45.1604934,-122.1951274,06,,G4020,Clackamas,Clackamas County,41,2025-02-18,93.94872798599957,1739836800000,"{""type"":""MultiPoint"",""coordinates"":[]}"
1175_0000000000000000021c,1116558776,88222268,38900,H1,051,01135861,440,A,41051,+45.5477107,-122.4173625,06,,G4020,Multnomah,Multnomah County,41,2025-02-18,95.43884273208155,1739836800000,"{""type"":""MultiPoint"",""coordinates"":[]}"
1175_0000000000000000021e,1875846777,6127010,38900,H1,067,01155137,440,A,41067,+45.5535419,-123.0976146,06,,G4020,Washington,Washington County,41,2025-02-18,97.12962401669283,1739836800000,"{""type"":""MultiPoint"",""coordinates"":[]}"
1176_0000000000000000021b,4845034547,31873103,38900,H1,005,01155127,440,A,41005,+45.1604934,-122.1951274,06,,G4020,Clackamas,Clackamas County,41,2025-02-19,94.4614561813503,1739923200000,"{""type"":""MultiPoint"",""coordinates"":[]}"
1176_0000000000000000021c,1116558776,88222268,38900,H1,051,01135861,440,A,41051,+45.5477107,-122.4173625,06,,G4020,Multnomah,Multnomah County,41,2025-02-19,95.8860777977016,1739923200000,"{""type"":""MultiPoint"",""coordinates"":[]}"
1176_0000000000000000021e,1875846777,6127010,38900,H1,067,01155137,440,A,41067,+45.5535419,-123.0976146,06,,G4020,Washington,Washington County,41,2025-02-19,97.828334603288,1739923200000,"{""type"":""MultiPoint"",""coordinates"":[]}"
1177_0000000000000000021b,4845034547,31873103,38900,H1,005,01155127,440,A,41005,+45.1604934,-122.1951274,06,,G4020,Clackamas,Clackamas County,41,2025-02-20,89.8810172322665,1740009600000,"{""type"":""MultiPoint"",""coordinates"":[]}"
1177_0000000000000000021c,1116558776,88222268,38900,H1,051,01135861,440,A,41051,+45.5477107,-122.4173625,06,,G4020,Multnomah,Multnomah County,41,2025-02-20,91.06082452344366,1740009600000,"{""type"":""MultiPoint"",""coordinates"":[]}"
1177_0000000000000000021e,1875846777,6127010,38900,H1,067,01155137,440,A,41067,+45.5535419,-123.0976146,06,,G4020,Washington,Washington County,41,2025-02-20,89.90130385869936,1740009600000,"{""type"":""MultiPoint"",""coordinates"":[]}"
1178_0000000000000000021b,4845034547,31873103,38900,H1,005,01155127,440,A,41005,+45.1604934,-122.1951274,06,,G4020,Clackamas,Clackamas County,41,2025-02-21,76.10669304766857,1740096000000,"{""type"":""MultiPoint"",""coordinates"":[]}"
1178_0000000000000000021c,1116558776,88222268,38900,H1,051,01135861,440,A,41051,+45.5477107,-122.4173625,06,,G4020,Multnomah,Multnomah County,41,2025-02-21,79.88306850069293,1740096000000,"{""type"":""MultiPoint"",""coordinates"":[]}"
1178_0000000000000000021e,1875846777,6127010,38900,H1,067,01155137,440,A,41067,+45.5535419,-123.0976146,06,,G4020,Washington,Washington County,41,2025-02-21,82.66250877103256,1740096000000,"{""type"":""MultiPoint"",""coordinates"":[]}"
1179_0000000000000000021b,4845034547,31873103,38900,H1,005,01155127,440,A,41005,+45.1604934,-122.1951274,06,,G4020,Clackamas,Clackamas County,41,2025-02-22,71.64647737571096,1740182400000,"{""type"":""MultiPoint"",""coordinates"":[]}"
1179_0000000000000000021c,1116558776,88222268,38900,H1,051,01135861,440,A,41051,+45.5477107,-122.4173625,06,,G4020,Multnomah,Multnomah County,41,2025-02-22,85.188802218043,1740182400000,"{""type"":""MultiPoint"",""coordinates"":[]}"
1179_0000000000000000021e,1875846777,6127010,38900,H1,067,01155137,440,A,41067,+45.5535419,-123.0976146,06,,G4020,Washington,Washington County,41,2025-02-22,90.32974199393779,1740182400000,"{""type"":""MultiPoint"",""coordinates"":[]}"
1180_0000000000000000021b,4845034547,31873103,38900,H1,005,01155127,440,A,41005,+45.1604934,-122.1951274,06,,G4020,Clackamas,Clackamas County,41,2025-02-23,98.27839364681611,1740268800000,"{""type"":""MultiPoint"",""coordinates"":[]}"
1180_0000000000000000021c,1116558776,88222268,38900,H1,051,01135861,440,A,41051,+45.5477107,-122.4173625,06,,G4020,Multnomah,Multnomah County,41,2025-02-23,98.84774993782824,1740268800000,"{""type"":""MultiPoint"",""coordinates"":[]}"
1180_0000000000000000021e,1875846777,6127010,38900,H1,067,01155137,440,A,41067,+45.5535419,-123.0976146,06,,G4020,Washington,Washington County,41,2025-02-23,99.27020454810317,1740268800000,"{""type"":""MultiPoint"",""coordinates"":[]}"
1181_0000000000000000021b,4845034547,31873103,38900,H1,005,01155127,440,A,41005,+45.1604934,-122.1951274,06,,G4020,Clackamas,Clackamas County,41,2025-02-24,96.242985862433,1740355200000,"{""type"":""MultiPoint"",""coordinates"":[]}"
1181_0000000000000000021c,1116558776,88222268,38900,H1,051,01135861,440,A,41051,+45.5477107,-122.4173625,06,,G4020,Multnomah,Multnomah County,41,2025-02-24,96.30894952855564,1740355200000,"{""type"":""MultiPoint"",""coordinates"":[]}"
1181_0000000000000000021e,1875846777,6127010,38900,H1,067,01155137,440,A,41067,+45.5535419,-123.0976146,06,,G4020,Washington,Washington County,41,2025-02-24,96.10132024569619,1740355200000,"{""type"":""MultiPoint"",""coordinates"":[]}"
1182_0000000000000000021b,4845034547,31873103,38900,H1,005,01155127,440,A,41005,+45.1604934,-122.1951274,06,,G4020,Clackamas,Clackamas County,41,2025-02-25,91.7355609010384,1740441600000,"{""type"":""MultiPoint"",""coordinates"":[]}"
1182_0000000000000000021c,1116558776,88222268,38900,H1,051,01135861,440,A,41051,+45.5477107,-122.4173625,06,,G4020,Multnomah,Multnomah County,41,2025-02-25,90.21191092044067,1740441600000,"{""type"":""MultiPoint"",""coordinates"":[]}"
1182_0000000000000000021e,1875846777,6127010,38900,H1,067,01155137,440,A,41067,+45.5535419,-123.0976146,06,,G4020,Washington,Washington County,41,2025-02-25,88.46139362547304,1740441600000,"{""type"":""MultiPoint"",""coordinates"":[]}"
1183_0000000000000000021b,4845034547,31873103,38900,H1,005,01155127,440,A,41005,+45.1604934,-122.1951274,06,,G4020,Clackamas,Clackamas County,41,2025-02-26,72.76324239840959,1740528000000,"{""type"":""MultiPoint"",""coordinates"":[]}"
1183_0000000000000000021c,1116558776,88222268,38900,H1,051,01135861,440,A,41051,+45.5477107,-122.4173625,06,,G4020,Multnomah,Multnomah County,41,2025-02-26,73.21644225623642,1740528000000,"{""type"":""MultiPoint"",""coordinates"":[]}"
1183_0000000000000000021e,1875846777,6127010,38900,H1,067,01155137,440,A,41067,+45.5535419,-123.0976146,06,,G4020,Washington,Washington County,41,2025-02-26,72.60182643450717,1740528000000,"{""type"":""MultiPoint"",""coordinates"":[]}"
1184_0000000000000000021b,4845034547,31873103,38900,H1,005,01155127,440,A,41005,+45.1604934,-122.1951274,06,,G4020,Clackamas,Clackamas County,41,2025-02-27,67.9376463227008,1740614400000,"{""type"":""MultiPoint"",""coordinates"":[]}"
1184_0000000000000000021c,1116558776,88222268,38900,H1,051,01135861,440,A,41051,+45.5477107,-122.4173625,06,,G4020,Multnomah,Multnomah County,41,2025-02-27,66.46096841954494,1740614400000,"{""type"":""MultiPoint"",""coordinates"":[]}"
1184_0000000000000000021e,1875846777,6127010,38900,H1,067,01155137,440,A,41067,+45.5535419,-123.0976146,06,,G4020,Washington,Washington County,41,2025-02-27,66.00404883768756,1740614400000,"{""type"":""MultiPoint"",""coordinates"":[]}"
1185_0000000000000000021b,4845034547,31873103,38900,H1,005,01155127,440,A,41005,+45.1604934,-122.1951274,06,,G4020,Clackamas,Clackamas County,41,2025-02-28,67.1670621183734,1740700800000,"{""type"":""MultiPoint"",""coordinates"":[]}"
1185_0000000000000000021c,1116558776,88222268,38900,H1,051,01135861,440,A,41051,+45.5477107,-122.4173625,06,,G4020,Multnomah,Multnomah County,41,2025-02-28,73.15802414964918,1740700800000,"{""type"":""MultiPoint"",""coordinates"":[]}"
1185_0000000000000000021e,1875846777,6127010,38900,H1,067,01155137,440,A,41067,+45.5535419,-123.0976146,06,,G4020,Washington,Washington County,41,2025-02-28,79.41388412265958,1740700800000,"{""type"":""MultiPoint"",""coordinates"":[]}"
1186_0000000000000000021b,4845034547,31873103,38900,H1,005,01155127,440,A,41005,+45.1604934,-122.1951274,06,,G4020,Clackamas,Clackamas County,41,2025-03-01,74.4232578054299,1740787200000,"{""type"":""MultiPoint"",""coordinates"":[]}"
1186_0000000000000000021c,1116558776,88222268,38900,H1,051,01135861,440,A,41051,+45.5477107,-122.4173625,06,,G4020,Multnomah,Multnomah County,41,2025-03-01,77.43882431194844,1740787200000,"{""type"":""MultiPoint"",""coordinates"":[]}"
1186_0000000000000000021e,1875846777,6127010,38900,H1,067,01155137,440,A,41067,+45.5535419,-123.0976146,06,,G4020,Washington,Washington County,41,2025-03-01,77.09508614888158,1740787200000,"{""type"":""MultiPoint"",""coordinates"":[]}"
1187_0000000000000000021b,4845034547,31873103,38900,H1,005,01155127,440,A,41005,+45.1604934,-122.1951274,06,,G4020,Clackamas,Clackamas County,41,2025-03-02,91.82396918989554,1740873600000,"{""type"":""MultiPoint"",""coordinates"":[]}"
1187_0000000000000000021c,1116558776,88222268,38900,H1,051,01135861,440,A,41051,+45.5477107,-122.4173625,06,,G4020,Multnomah,Multnomah County,41,2025-03-02,89.84300488236256,1740873600000,"{""type"":""MultiPoint"",""coordinates"":[]}"
1187_0000000000000000021e,1875846777,6127010,38900,H1,067,01155137,440,A,41067,+45.5535419,-123.0976146,06,,G4020,Washington,Washington County,41,2025-03-02,86.93594511326965,1740873600000,"{""type"":""MultiPoint"",""coordinates"":[]}"
1188_0000000000000000021b,4845034547,31873103,38900,H1,005,01155127,440,A,41005,+45.1604934,-122.1951274,06,,G4020,Clackamas,Clackamas County,41,2025-03-03,92.03777957853545,1740960000000,"{""type"":""MultiPoint"",""coordinates"":[]}"
1188_0000000000000000021c,1116558776,88222268,38900,H1,051,01135861,440,A,41051,+45.5477107,-122.4173625,06,,G4020,Multnomah,Multnomah County,41,2025-03-03,91.51488780467278,1740960000000,"{""type"":""MultiPoint"",""coordinates"":[]}"
1188_0000000000000000021e,1875846777,6127010,38900,H1,067,01155137,440,A,41067,+45.5535419,-123.0976146,06,,G4020,Washington,Washington County,41,2025-03-03,88.43289821094106,1740960000000,"{""type"":""MultiPoint"",""coordinates"":[]}"
1189_0000000000000000021b,4845034547,31873103,38900,H1,005,01155127,440,A,41005,+45.1604934,-122.1951274,06,,G4020,Clackamas,Clackamas County,41,2025-03-04,93.5944618953626,1741046400000,"{""type"":""MultiPoint"",""coordinates"":[]}"
1189_0000000000000000021c,1116558776,88222268,38900,H1,051,01135861,440,A,41051,+45.5477107,-122.4173625,06,,G4020,Multnomah,Multnomah County,41,2025-03-04,91.82775384721145,1741046400000,"{""type"":""MultiPoint"",""coordinates"":[]}"
1189_0000000000000000021e,1875846777,6127010,38900,H1,067,01155137,440,A,41067,+45.5535419,-123.0976146,06,,G4020,Washington,Washington County,41,2025-03-04,89.34821349094673,1741046400000,"{""type"":""MultiPoint"",""coordinates"":[]}"
1190_0000000000000000021b,4845034547,31873103,38900,H1,005,01155127,440,A,41005,+45.1604934,-122.1951274,06,,G4020,Clackamas,Clackamas County,41,2025-03-05,81.64183511596865,1741132800000,"{""type"":""MultiPoint"",""coordinates"":[]}"
1190_0000000000000000021c,1116558776,88222268,38900,H1,051,01135861,440,A,41051,+45.5477107,-122.4173625,06,,G4020,Multnomah,Multnomah County,41,2025-03-05,82.25734500482402,1741132800000,"{""type"":""MultiPoint"",""coordinates"":[]}"
1190_0000000000000000021e,1875846777,6127010,38900,H1,067,01155137,440,A,41067,+45.5535419,-123.0976146,06,,G4020,Washington,Washington County,41,2025-03-05,82.89922616248082,1741132800000,"{""type"":""MultiPoint"",""coordinates"":[]}"
1191_0000000000000000021b,4845034547,31873103,38900,H1,005,01155127,440,A,41005,+45.1604934,-122.1951274,06,,G4020,Clackamas,Clackamas County,41,2025-03-06,73.00755799067463,1741219200000,"{""type"":""MultiPoint"",""coordinates"":[]}"
1191_0000000000000000021c,1116558776,88222268,38900,H1,051,01135861,440,A,41051,+45.5477107,-122.4173625,06,,G4020,Multnomah,Multnomah County,41,2025-03-06,71.12477476491053,1741219200000,"{""type"":""MultiPoint"",""coordinates"":[]}"
1191_0000000000000000021e,1875846777,6127010,38900,H1,067,01155137,440,A,41067,+45.5535419,-123.0976146,06,,G4020,Washington,Washington County,41,2025-03-06,71.04956991496353,1741219200000,"{""type"":""MultiPoint"",""coordinates"":[]}"
1192_0000000000000000021b,4845034547,31873103,38900,H1,005,01155127,440,A,41005,+45.1604934,-122.1951274,06,,G4020,Clackamas,Clackamas County,41,2025-03-07,76.08390061633571,1741305600000,"{""type"":""MultiPoint"",""coordinates"":[]}"
1192_0000000000000000021c,1116558776,88222268,38900,H1,051,01135861,440,A,41051,+45.5477107,-122.4173625,06,,G4020,Multnomah,Multnomah County,41,2025-03-07,76.32310110632912,1741305600000,"{""type"":""MultiPoint"",""coordinates"":[]}"
1192_0000000000000000021e,1875846777,6127010,38900,H1,067,01155137,440,A,41067,+45.5535419,-123.0976146,06,,G4020,Washington,Washington County,41,2025-03-07,77.36525650561438,1741305600000,"{""type"":""MultiPoint"",""coordinates"":[]}"
1193_0000000000000000021b,4845034547,31873103,38900,H1,005,01155127,440,A,41005,+45.1604934,-122.1951274,06,,G4020,Clackamas,Clackamas County,41,2025-03-08,67.78870272220891,1741392000000,"{""type"":""MultiPoint"",""coordinates"":[]}"
1193_0000000000000000021c,1116558776,88222268,38900,H1,051,01135861,440,A,41051,+45.5477107,-122.4173625,06,,G4020,Multnomah,Multnomah County,41,2025-03-08,72.0814293397438,1741392000000,"{""type"":""MultiPoint"",""coordinates"":[]}"
1193_0000000000000000021e,1875846777,6127010,38900,H1,067,01155137,440,A,41067,+45.5535419,-123.0976146,06,,G4020,Washington,Washington County,41,2025-03-08,77.23873778653811,1741392000000,"{""type"":""MultiPoint"",""coordinates"":[]}"
1194_0000000000000000021b,4845034547,31873103,38900,H1,005,01155127,440,A,41005,+45.1604934,-122.1951274,06,,G4020,Clackamas,Clackamas County,41,2025-03-09,71.6283225144096,1741478400000,"{""type"":""MultiPoint"",""coordinates"":[]}"
1194_0000000000000000021c,1116558776,88222268,38900,H1,051,01135861,440,A,41051,+45.5477107,-122.4173625,06,,G4020,Multnomah,Multnomah County,41,2025-03-09,73.91467056216766,1741478400000,"{""type"":""MultiPoint"",""coordinates"":[]}"
1194_0000000000000000021e,1875846777,6127010,38900,H1,067,01155137,440,A,41067,+45.5535419,-123.0976146,06,,G4020,Washington,Washington County,41,2025-03-09,77.6293285632411,1741478400000,"{""type"":""MultiPoint"",""coordinates"":[]}"
1195_0000000000000000021b,4845034547,31873103,38900,H1,005,01155127,440,A,41005,+45.1604934,-122.1951274,06,,G4020,Clackamas,Clackamas County,41,2025-03-10,84.96280068218174,1741564800000,"{""type"":""MultiPoint"",""coordinates"":[]}"
1195_0000000000000000021c,1116558776,88222268,38900,H1,051,01135861,440,A,41051,+45.5477107,-122.4173625,06,,G4020,Multnomah,Multnomah County,41,2025-03-10,83.492778161606,1741564800000,"{""type"":""MultiPoint"",""coordinates"":[]}"
1195_0000000000000000021e,1875846777,6127010,38900,H1,067,01155137,440,A,41067,+45.5535419,-123.0976146,06,,G4020,Washington,Washington County,41,2025-03-10,85.73186952597064,1741564800000,"{""type"":""MultiPoint"",""coordinates"":[]}"
1196_0000000000000000021b,4845034547,31873103,38900,H1,005,01155127,440,A,41005,+45.1604934,-122.1951274,06,,G4020,Clackamas,Clackamas County,41,2025-03-11,88.3440917146337,1741651200000,"{""type"":""MultiPoint"",""coordinates"":[]}"
1196_0000000000000000021c,1116558776,88222268,38900,H1,051,01135861,440,A,41051,+45.5477107,-122.4173625,06,,G4020,Multnomah,Multnomah County,41,2025-03-11,84.51803235791118,1741651200000,"{""type"":""MultiPoint"",""coordinates"":[]}"
1196_0000000000000000021e,1875846777,6127010,38900,H1,067,01155137,440,A,41067,+45.5535419,-123.0976146,06,,G4020,Washington,Washington County,41,2025-03-11,81.12514838785094,1741651200000,"{""type"":""MultiPoint"",""coordinates"":[]}"
1197_0000000000000000021b,4845034547,31873103,38900,H1,005,01155127,440,A,41005,+45.1604934,-122.1951274,06,,G4020,Clackamas,Clackamas County,41,2025-03-12,93.73061714372547,1741737600000,"{""type"":""MultiPoint"",""coordinates"":[]}"
1197_0000000000000000021c,1116558776,88222268,38900,H1,051,01135861,440,A,41051,+45.5477107,-122.4173625,06,,G4020,Multnomah,Multnomah County,41,2025-03-12,93.29826711390787,1741737600000,"{""type"":""MultiPoint"",""coordinates"":[]}"
1197_0000000000000000021e,1875846777,6127010,38900,H1,067,01155137,440,A,41067,+45.5535419,-123.0976146,06,,G4020,Washington,Washington County,41,2025-03-12,92.94906584344723,1741737600000,"{""type"":""MultiPoint"",""coordinates"":[]}"
1198_0000000000000000021b,4845034547,31873103,38900,H1,005,01155127,440,A,41005,+45.1604934,-122.1951274,06,,G4020,Clackamas,Clackamas County,41,2025-03-13,94.88717554701384,1741824000000,"{""type"":""MultiPoint"",""coordinates"":[]}"
1198_0000000000000000021c,1116558776,88222268,38900,H1,051,01135861,440,A,41051,+45.5477107,-122.4173625,06,,G4020,Multnomah,Multnomah County,41,2025-03-13,95.81822731113837,1741824000000,"{""type"":""MultiPoint"",""coordinates"":[]}"
1198_0000000000000000021e,1875846777,6127010,38900,H1,067,01155137,440,A,41067,+45.5535419,-123.0976146,06,,G4020,Washington,Washington County,41,2025-03-13,95.32770281725192,1741824000000,"{""type"":""MultiPoint"",""coordinates"":[]}"
1199_0000000000000000021b,4845034547,31873103,38900,H1,005,01155127,440,A,41005,+45.1604934,-122.1951274,06,,G4020,Clackamas,Clackamas County,41,2025-03-14,85.70793581575236,1741910400000,"{""type"":""MultiPoint"",""coordinates"":[]}"
1199_0000000000000000021c,1116558776,88222268,38900,H1,051,01135861,440,A,41051,+45.5477107,-122.4173625,06,,G4020,Multnomah,Multnomah County,41,2025-03-14,89.00180072169523,1741910400000,"{""type"":""MultiPoint"",""coordinates"":[]}"
1199_0000000000000000021e,1875846777,6127010,38900,H1,067,01155137,440,A,41067,+45.5535419,-123.0976146,06,,G4020,Washington,Washington County,41,2025-03-14,89.30443492230611,1741910400000,"{""type"":""MultiPoint"",""coordinates"":[]}"
1200_0000000000000000021b,4845034547,31873103,38900,H1,005,01155127,440,A,41005,+45.1604934,-122.1951274,06,,G4020,Clackamas,Clackamas County,41,2025-03-15,94.49038918591344,1741996800000,"{""type"":""MultiPoint"",""coordinates"":[]}"
1200_0000000000000000021c,1116558776,88222268,38900,H1,051,01135861,440,A,41051,+45.5477107,-122.4173625,06,,G4020,Multnomah,Multnomah County,41,2025-03-15,95.25181856135264,1741996800000,"{""type"":""MultiPoint"",""coordinates"":[]}"
1200_0000000000000000021e,1875846777,6127010,38900,H1,067,01155137,440,A,41067,+45.5535419,-123.0976146,06,,G4020,Washington,Washington County,41,2025-03-15,95.16841879721846,1741996800000,"{""type"":""MultiPoint"",""coordinates"":[]}"
1201_0000000000000000021b,4845034547,31873103,38900,H1,005,01155127,440,A,41005,+45.1604934,-122.1951274,06,,G4020,Clackamas,Clackamas County,41,2025-03-16,94.37996526445937,1742083200000,"{""type"":""MultiPoint"",""coordinates"":[]}"
1201_0000000000000000021c,1116558776,88222268,38900,H1,051,01135861,440,A,41051,+45.5477107,-122.4173625,06,,G4020,Multnomah,Multnomah County,41,2025-03-16,95.98279647733627,1742083200000,"{""type"":""MultiPoint"",""coordinates"":[]}"
1201_0000000000000000021e,1875846777,6127010,38900,H1,067,01155137,440,A,41067,+45.5535419,-123.0976146,06,,G4020,Washington,Washington County,41,2025-03-16,95.46524479898017,1742083200000,"{""type"":""MultiPoint"",""coordinates"":[]}"
1202_0000000000000000021b,4845034547,31873103,38900,H1,005,01155127,440,A,41005,+45.1604934,-122.1951274,06,,G4020,Clackamas,Clackamas County,41,2025-03-17,89.16393410480167,1742169600000,"{""type"":""MultiPoint"",""coordinates"":[]}"
1202_0000000000000000021c,1116558776,88222268,38900,H1,051,01135861,440,A,41051,+45.5477107,-122.4173625,06,,G4020,Multnomah,Multnomah County,41,2025-03-17,91.47270296546124,1742169600000,"{""type"":""MultiPoint"",""coordinates"":[]}"
1202_0000000000000000021e,1875846777,6127010,38900,H1,067,01155137,440,A,41067,+45.5535419,-123.0976146,06,,G4020,Washington,Washington County,41,2025-03-17,91.13491866113215,1742169600000,"{""type"":""MultiPoint"",""coordinates"":[]}"
1203_0000000000000000021b,4845034547,31873103,38900,H1,005,01155127,440,A,41005,+45.1604934,-122.1951274,06,,G4020,Clackamas,Clackamas County,41,2025-03-18,85.04794798525747,1742256000000,"{""type"":""MultiPoint"",""coordinates"":[]}"
1203_0000000000000000021c,1116558776,88222268,38900,H1,051,01135861,440,A,41051,+45.5477107,-122.4173625,06,,G4020,Multnomah,Multnomah County,41,2025-03-18,86.97252004459891,1742256000000,"{""type"":""MultiPoint"",""coordinates"":[]}"
1203_0000000000000000021e,1875846777,6127010,38900,H1,067,01155137,440,A,41067,+45.5535419,-123.0976146,06,,G4020,Washington,Washington County,41,2025-03-18,86.99611410565191,1742256000000,"{""type"":""MultiPoint"",""coordinates"":[]}"
1204_0000000000000000021b,4845034547,31873103,38900,H1,005,01155127,440,A,41005,+45.1604934,-122.1951274,06,,G4020,Clackamas,Clackamas County,41,2025-03-19,77.78023031697428,1742342400000,"{""type"":""MultiPoint"",""coordinates"":[]}"
1204_0000000000000000021c,1116558776,88222268,38900,H1,051,01135861,440,A,41051,+45.5477107,-122.4173625,06,,G4020,Multnomah,Multnomah County,41,2025-03-19,77.74874721308879,1742342400000,"{""type"":""MultiPoint"",""coordinates"":[]}"
1204_0000000000000000021e,1875846777,6127010,38900,H1,067,01155137,440,A,41067,+45.5535419,-123.0976146,06,,G4020,Washington,Washington County,41,2025-03-19,77.62679022890264,1742342400000,"{""type"":""MultiPoint"",""coordinates"":[]}"
1205_0000000000000000021b,4845034547,31873103,38900,H1,005,01155127,440,A,41005,+45.1604934,-122.1951274,06,,G4020,Clackamas,Clackamas County,41,2025-03-20,92.0795991253704,1742428800000,"{""type"":""MultiPoint"",""coordinates"":[]}"
1205_0000000000000000021c,1116558776,88222268,38900,H1,051,01135861,440,A,41051,+45.5477107,-122.4173625,06,,G4020,Multnomah,Multnomah County,41,2025-03-20,93.86580758423949,1742428800000,"{""type"":""MultiPoint"",""coordinates"":[]}"
1205_0000000000000000021e,1875846777,6127010,38900,H1,067,01155137,440,A,41067,+45.5535419,-123.0976146,06,,G4020,Washington,Washington County,41,2025-03-20,95.92801378057868,1742428800000,"{""type"":""MultiPoint"",""coordinates"":[]}"
1206_0000000000000000021b,4845034547,31873103,38900,H1,005,01155127,440,A,41005,+45.1604934,-122.1951274,06,,G4020,Clackamas,Clackamas County,41,2025-03-21,96.81298236134751,1742515200000,"{""type"":""MultiPoint"",""coordinates"":[]}"
1206_0000000000000000021c,1116558776,88222268,38900,H1,051,01135861,440,A,41051,+45.5477107,-122.4173625,06,,G4020,Multnomah,Multnomah County,41,2025-03-21,98.33262383657497,1742515200000,"{""type"":""MultiPoint"",""coordinates"":[]}"
1206_0000000000000000021e,1875846777,6127010,38900,H1,067,01155137,440,A,41067,+45.5535419,-123.0976146,06,,G4020,Washington,Washington County,41,2025-03-21,99.24215349621224,1742515200000,"{""type"":""MultiPoint"",""coordinates"":[]}"
1207_0000000000000000021b,4845034547,31873103,38900,H1,005,01155127,440,A,41005,+45.1604934,-122.1951274,06,,G4020,Clackamas,Clackamas County,41,2025-03-22,85.36589780374503,1742601600000,"{""type"":""MultiPoint"",""coordinates"":[]}"
1207_0000000000000000021c,1116558776,88222268,38900,H1,051,01135861,440,A,41051,+45.5477107,-122.4173625,06,,G4020,Multnomah,Multnomah County,41,2025-03-22,85.35341953474402,1742601600000,"{""type"":""MultiPoint"",""coordinates"":[]}"
1207_0000000000000000021e,1875846777,6127010,38900,H1,067,01155137,440,A,41067,+45.5535419,-123.0976146,06,,G4020,Washington,Washington County,41,2025-03-22,82.8969702976384,1742601600000,"{""type"":""MultiPoint"",""coordinates"":[]}"
1208_0000000000000000021b,4845034547,31873103,38900,H1,005,01155127,440,A,41005,+45.1604934,-122.1951274,06,,G4020,Clackamas,Clackamas County,41,2025-03-23,87.68186558512457,1742688000000,"{""type"":""MultiPoint"",""coordinates"":[]}"
1208_0000000000000000021c,1116558776,88222268,38900,H1,051,01135861,440,A,41051,+45.5477107,-122.4173625,06,,G4020,Multnomah,Multnomah County,41,2025-03-23,86.3126836098242,1742688000000,"{""type"":""MultiPoint"",""coordinates"":[]}"
1208_0000000000000000021e,1875846777,6127010,38900,H1,067,01155137,440,A,41067,+45.5535419,-123.0976146,06,,G4020,Washington,Washington County,41,2025-03-23,85.17689123262939,1742688000000,"{""type"":""MultiPoint"",""coordinates"":[]}"
1209_0000000000000000021b,4845034547,31873103,38900,H1,005,01155127,440,A,41005,+45.1604934,-122.1951274,06,,G4020,Clackamas,Clackamas County,41,2025-03-24,89.38137011230255,1742774400000,"{""type"":""MultiPoint"",""coordinates"":[]}"
1209_0000000000000000021c,1116558776,88222268,38900,H1,051,01135861,440,A,41051,+45.5477107,-122.4173625,06,,G4020,Multnomah,Multnomah County,41,2025-03-24,93.08149946567865,1742774400000,"{""type"":""MultiPoint"",""coordinates"":[]}"
1209_0000000000000000021e,1875846777,6127010,38900,H1,067,01155137,440,A,41067,+45.5535419,-123.0976146,06,,G4020,Washington,Washington County,41,2025-03-24,90.64691551265827,1742774400000,"{""type"":""MultiPoint"",""coordinates"":[]}"
1210_0000000000000000021b,4845034547,31873103,38900,H1,005,01155127,440,A,41005,+45.1604934,-122.1951274,06,,G4020,Clackamas,Clackamas County,41,2025-03-25,78.35282674402603,1742860800000,"{""type"":""MultiPoint"",""coordinates"":[]}"
1210_0000000000000000021c,1116558776,88222268,38900,H1,051,01135861,440,A,41051,+45.5477107,-122.4173625,06,,G4020,Multnomah,Multnomah County,41,2025-03-25,82.88834366483668,1742860800000,"{""type"":""MultiPoint"",""coordinates"":[]}"
1210_0000000000000000021e,1875846777,6127010,38900,H1,067,01155137,440,A,41067,+45.5535419,-123.0976146,06,,G4020,Washington,Washington County,41,2025-03-25,84.91752868446059,1742860800000,"{""type"":""MultiPoint"",""coordinates"":[]}"
1211_0000000000000000021b,4845034547,31873103,38900,H1,005,01155127,440,A,41005,+45.1604934,-122.1951274,06,,G4020,Clackamas,Clackamas County,41,2025-03-26,71.1592354463891,1742947200000,"{""type"":""MultiPoint"",""coordinates"":[]}"
1211_0000000000000000021c,1116558776,88222268,38900,H1,051,01135861,440,A,41051,+45.5477107,-122.4173625,06,,G4020,Multnomah,Multnomah County,41,2025-03-26,72.29136027330013,1742947200000,"{""type"":""MultiPoint"",""coordinates"":[]}"
1211_0000000000000000021e,1875846777,6127010,38900,H1,067,01155137,440,A,41067,+45.5535419,-123.0976146,06,,G4020,Washington,Washington County,41,2025-03-26,75.75496731588512,1742947200000,"{""type"":""MultiPoint"",""coordinates"":[]}"
1212_0000000000000000021b,4845034547,31873103,38900,H1,005,01155127,440,A,41005,+45.1604934,-122.1951274,06,,G4020,Clackamas,Clackamas County,41,2025-03-27,87.60980341401688,1743033600000,"{""type"":""MultiPoint"",""coordinates"":[]}"
1212_0000000000000000021c,1116558776,88222268,38900,H1,051,01135861,440,A,41051,+45.5477107,-122.4173625,06,,G4020,Multnomah,Multnomah County,41,2025-03-27,86.91377161509038,1743033600000,"{""type"":""MultiPoint"",""coordinates"":[]}"
1212_0000000000000000021e,1875846777,6127010,38900,H1,067,01155137,440,A,41067,+45.5535419,-123.0976146,06,,G4020,Washington,Washington County,41,2025-03-27,89.40910779327012,1743033600000,"{""type"":""MultiPoint"",""coordinates"":[]}"
1213_0000000000000000021b,4845034547,31873103,38900,H1,005,01155127,440,A,41005,+45.1604934,-122.1951274,06,,G4020,Clackamas,Clackamas County,41,2025-03-28,92.85140065126794,1743120000000,"{""type"":""MultiPoint"",""coordinates"":[]}"
1213_0000000000000000021c,1116558776,88222268,38900,H1,051,01135861,440,A,41051,+45.5477107,-122.4173625,06,,G4020,Multnomah,Multnomah County,41,2025-03-28,93.19741825832912,1743120000000,"{""type"":""MultiPoint"",""coordinates"":[]}"
1213_0000000000000000021e,1875846777,6127010,38900,H1,067,01155137,440,A,41067,+45.5535419,-123.0976146,06,,G4020,Washington,Washington County,41,2025-03-28,95.25271869795097,1743120000000,"{""type"":""MultiPoint"",""coordinates"":[]}"
1214_0000000000000000021b,4845034547,31873103,38900,H1,005,01155127,440,A,41005,+45.1604934,-122.1951274,06,,G4020,Clackamas,Clackamas County,41,2025-03-29,78.85576862333814,1743206400000,"{""type"":""MultiPoint"",""coordinates"":[]}"
1214_0000000000000000021c,1116558776,88222268,38900,H1,051,01135861,440,A,41051,+45.5477107,-122.4173625,06,,G4020,Multnomah,Multnomah County,41,2025-03-29,82.85376526707832,1743206400000,"{""type"":""MultiPoint"",""coordinates"":[]}"
1214_0000000000000000021e,1875846777,6127010,38900,H1,067,01155137,440,A,41067,+45.5535419,-123.0976146,06,,G4020,Washington,Washington County,41,2025-03-29,87.07621794548014,1743206400000,"{""type"":""MultiPoint"",""coordinates"":[]}"
1215_0000000000000000021b,4845034547,31873103,38900,H1,005,01155127,440,A,41005,+45.1604934,-122.1951274,06,,G4020,Clackamas,Clackamas County,41,2025-03-30,65.85841571316509,1743292800000,"{""type"":""MultiPoint"",""coordinates"":[]}"
1215_0000000000000000021c,1116558776,88222268,38900,H1,051,01135861,440,A,41051,+45.5477107,-122.4173625,06,,G4020,Multnomah,Multnomah County,41,2025-03-30,66.38948114676424,1743292800000,"{""type"":""MultiPoint"",""coordinates"":[]}"
1215_0000000000000000021e,1875846777,6127010,38900,H1,067,01155137,440,A,41067,+45.5535419,-123.0976146,06,,G4020,Washington,Washington County,41,2025-03-30,71.56604708290337,1743292800000,"{""type"":""MultiPoint"",""coordinates"":[]}"
1216_0000000000000000021b,4845034547,31873103,38900,H1,005,01155127,440,A,41005,+45.1604934,-122.1951274,06,,G4020,Clackamas,Clackamas County,41,2025-03-31,91.26560678368287,1743379200000,"{""type"":""MultiPoint"",""coordinates"":[]}"
1216_0000000000000000021c,1116558776,88222268,38900,H1,051,01135861,440,A,41051,+45.5477107,-122.4173625,06,,G4020,Multnomah,Multnomah County,41,2025-03-31,92.42422347259661,1743379200000,"{""type"":""MultiPoint"",""coordinates"":[]}"
1216_0000000000000000021e,1875846777,6127010,38900,H1,067,01155137,440,A,41067,+45.5535419,-123.0976146,06,,G4020,Washington,Washington County,41,2025-03-31,94.14756505850028,1743379200000,"{""type"":""MultiPoint"",""coordinates"":[]}"
1217_0000000000000000021b,4845034547,31873103,38900,H1,005,01155127,440,A,41005,+45.1604934,-122.1951274,06,,G4020,Clackamas,Clackamas County,41,2025-04-01,82.40197811834611,1743465600000,"{""type"":""MultiPoint"",""coordinates"":[]}"
1217_0000000000000000021c,1116558776,88222268,38900,H1,051,01135861,440,A,41051,+45.5477107,-122.4173625,06,,G4020,Multnomah,Multnomah County,41,2025-04-01,83.01681378055679,1743465600000,"{""type"":""MultiPoint"",""coordinates"":[]}"
1217_0000000000000000021e,1875846777,6127010,38900,H1,067,01155137,440,A,41067,+45.5535419,-123.0976146,06,,G4020,Washington,Washington County,41,2025-04-01,84.32253151592165,1743465600000,"{""type"":""MultiPoint"",""coordinates"":[]}"
1218_0000000000000000021b,4845034547,31873103,38900,H1,005,01155127,440,A,41005,+45.1604934,-122.1951274,06,,G4020,Clackamas,Clackamas County,41,2025-04-02,85.55676305135074,1743552000000,"{""type"":""MultiPoint"",""coordinates"":[]}"
1218_0000000000000000021c,1116558776,88222268,38900,H1,051,01135861,440,A,41051,+45.5477107,-122.4173625,06,,G4020,Multnomah,Multnomah County,41,2025-04-02,84.63706577241575,1743552000000,"{""type"":""MultiPoint"",""coordinates"":[]}"
1218_0000000000000000021e,1875846777,6127010,38900,H1,067,01155137,440,A,41067,+45.5535419,-123.0976146,06,,G4020,Washington,Washington County,41,2025-04-02,83.17889599127537,1743552000000,"{""type"":""MultiPoint"",""coordinates"":[]}"
1219_0000000000000000021b,4845034547,31873103,38900,H1,005,01155127,440,A,41005,+45.1604934,-122.1951274,06,,G4020,Clackamas,Clackamas County,41,2025-04-03,82.93579628373395,1743638400000,"{""type"":""MultiPoint"",""coordinates"":[]}"
1219_0000000000000000021c,1116558776,88222268,38900,H1,051,01135861,440,A,41051,+45.5477107,-122.4173625,06,,G4020,Multnomah,Multnomah County,41,2025-04-03,81.28887003354824,1743638400000,"{""type"":""MultiPoint"",""coordinates"":[]}"
1219_0000000000000000021e,1875846777,6127010,38900,H1,067,01155137,440,A,41067,+45.5535419,-123.0976146,06,,G4020,Washington,Washington County,41,2025-04-03,79.22892046834319,1743638400000,"{""type"":""MultiPoint"",""coordinates"":[]}"
1220_0000000000000000021b,4845034547,31873103,38900,H1,005,01155127,440,A,41005,+45.1604934,-122.1951274,06,,G4020,Clackamas,Clackamas County,41,2025-04-04,64.1061033514761,1743724800000,"{""type"":""MultiPoint"",""coordinates"":[]}"
1220_0000000000000000021c,1116558776,88222268,38900,H1,051,01135861,440,A,41051,+45.5477107,-122.4173625,06,,G4020,Multnomah,Multnomah County,41,2025-04-04,63.770895626536394,1743724800000,"{""type"":""MultiPoint"",""coordinates"":[]}"
1220_0000000000000000021e,1875846777,6127010,38900,H1,067,01155137,440,A,41067,+45.5535419,-123.0976146,06,,G4020,Washington,Washington County,41,2025-04-04,66.46851210273508,1743724800000,"{""type"":""MultiPoint"",""coordinates"":[]}"
1221_0000000000000000021b,4845034547,31873103,38900,H1,005,01155127,440,A,41005,+45.1604934,-122.1951274,06,,G4020,Clackamas,Clackamas County,41,2025-04-05,57.256772726487064,1743811200000,"{""type"":""MultiPoint"",""coordinates"":[]}"
1221_0000000000000000021c,1116558776,88222268,38900,H1,051,01135861,440,A,41051,+45.5477107,-122.4173625,06,,G4020,Multnomah,Multnomah County,41,2025-04-05,54.656151682506405,1743811200000,"{""type"":""MultiPoint"",""coordinates"":[]}"
1221_0000000000000000021e,1875846777,6127010,38900,H1,067,01155137,440,A,41067,+45.5535419,-123.0976146,06,,G4020,Washington,Washington County,41,2025-04-05,54.20586300987273,1743811200000,"{""type"":""MultiPoint"",""coordinates"":[]}"
1222_0000000000000000021b,4845034547,31873103,38900,H1,005,01155127,440,A,41005,+45.1604934,-122.1951274,06,,G4020,Clackamas,Clackamas County,41,2025-04-06,79.27232658510692,1743897600000,"{""type"":""MultiPoint"",""coordinates"":[]}"
1222_0000000000000000021c,1116558776,88222268,38900,H1,051,01135861,440,A,41051,+45.5477107,-122.4173625,06,,G4020,Multnomah,Multnomah County,41,2025-04-06,79.53270936019479,1743897600000,"{""type"":""MultiPoint"",""coordinates"":[]}"
1222_0000000000000000021e,1875846777,6127010,38900,H1,067,01155137,440,A,41067,+45.5535419,-123.0976146,06,,G4020,Washington,Washington County,41,2025-04-06,82.60922961215576,1743897600000,"{""type"":""MultiPoint"",""coordinates"":[]}"
1223_0000000000000000021b,4845034547,31873103,38900,H1,005,01155127,440,A,41005,+45.1604934,-122.1951274,06,,G4020,Clackamas,Clackamas County,41,2025-04-07,96.07669957256593,1743984000000,"{""type"":""MultiPoint"",""coordinates"":[]}"
1223_0000000000000000021c,1116558776,88222268,38900,H1,051,01135861,440,A,41051,+45.5477107,-122.4173625,06,,G4020,Multnomah,Multnomah County,41,2025-04-07,95.50226470330223,1743984000000,"{""type"":""MultiPoint"",""coordinates"":[]}"
1223_0000000000000000021e,1875846777,6127010,38900,H1,067,01155137,440,A,41067,+45.5535419,-123.0976146,06,,G4020,Washington,Washington County,41,2025-04-07,96.44927540693986,1743984000000,"{""type"":""MultiPoint"",""coordinates"":[]}"
1224_0000000000000000021b,4845034547,31873103,38900,H1,005,01155127,440,A,41005,+45.1604934,-122.1951274,06,,G4020,Clackamas,Clackamas County,41,2025-04-08,92.3261374707899,1744070400000,"{""type"":""MultiPoint"",""coordinates"":[]}"
1224_0000000000000000021c,1116558776,88222268,38900,H1,051,01135861,440,A,41051,+45.5477107,-122.4173625,06,,G4020,Multnomah,Multnomah County,41,2025-04-08,96.26391016141461,1744070400000,"{""type"":""MultiPoint"",""coordinates"":[]}"
1224_0000000000000000021e,1875846777,6127010,38900,H1,067,01155137,440,A,41067,+45.5535419,-123.0976146,06,,G4020,Washington,Washington County,41,2025-04-08,95.46437233297883,1744070400000,"{""type"":""MultiPoint"",""coordinates"":[]}"
1225_0000000000000000021b,4845034547,31873103,38900,H1,005,01155127,440,A,41005,+45.1604934,-122.1951274,06,,G4020,Clackamas,Clackamas County,41,2025-04-09,82.75746440576991,1744156800000,"{""type"":""MultiPoint"",""coordinates"":[]}"
1225_0000000000000000021c,1116558776,88222268,38900,H1,051,01135861,440,A,41051,+45.5477107,-122.4173625,06,,G4020,Multnomah,Multnomah County,41,2025-04-09,81.7990448675517,1744156800000,"{""type"":""MultiPoint"",""coordinates"":[]}"
1225_0000000000000000021e,1875846777,6127010,38900,H1,067,01155137,440,A,41067,+45.5535419,-123.0976146,06,,G4020,Washington,Washington County,41,2025-04-09,82.0191532894193,1744156800000,"{""type"":""MultiPoint"",""coordinates"":[]}"
1226_0000000000000000021b,4845034547,31873103,38900,H1,005,01155127,440,A,41005,+45.1604934,-122.1951274,06,,G4020,Clackamas,Clackamas County,41,2025-04-10,75.40798922275354,1744243200000,"{""type"":""MultiPoint"",""coordinates"":[]}"
1226_0000000000000000021c,1116558776,88222268,38900,H1,051,01135861,440,A,41051,+45.5477107,-122.4173625,06,,G4020,Multnomah,Multnomah County,41,2025-04-10,76.27757923540143,1744243200000,"{""type"":""MultiPoint"",""coordinates"":[]}"
1226_0000000000000000021e,1875846777,6127010,38900,H1,067,01155137,440,A,41067,+45.5535419,-123.0976146,06,,G4020,Washington,Washington County,41,2025-04-10,80.79563682267452,1744243200000,"{""type"":""MultiPoint"",""coordinates"":[]}"
1227_0000000000000000021b,4845034547,31873103,38900,H1,005,01155127,440,A,41005,+45.1604934,-122.1951274,06,,G4020,Clackamas,Clackamas County,41,2025-04-11,88.39935550435717,1744329600000,"{""type"":""MultiPoint"",""coordinates"":[]}"
1227_0000000000000000021c,1116558776,88222268,38900,H1,051,01135861,440,A,41051,+45.5477107,-122.4173625,06,,G4020,Multnomah,Multnomah County,41,2025-04-11,85.13356644125884,1744329600000,"{""type"":""MultiPoint"",""coordinates"":[]}"
1227_0000000000000000021e,1875846777,6127010,38900,H1,067,01155137,440,A,41067,+45.5535419,-123.0976146,06,,G4020,Washington,Washington County,41,2025-04-11,81.94057015552964,1744329600000,"{""type"":""MultiPoint"",""coordinates"":[]}"
1228_0000000000000000021b,4845034547,31873103,38900,H1,005,01155127,440,A,41005,+45.1604934,-122.1951274,06,,G4020,Clackamas,Clackamas County,41,2025-04-12,70.89858363039112,1744416000000,"{""type"":""MultiPoint"",""coordinates"":[]}"
1228_0000000000000000021c,1116558776,88222268,38900,H1,051,01135861,440,A,41051,+45.5477107,-122.4173625,06,,G4020,Multnomah,Multnomah County,41,2025-04-12,66.9722368544067,1744416000000,"{""type"":""MultiPoint"",""coordinates"":[]}"
1228_0000000000000000021e,1875846777,6127010,38900,H1,067,01155137,440,A,41067,+45.5535419,-123.0976146,06,,G4020,Washington,Washington County,41,2025-04-12,66.31682847501288,1744416000000,"{""type"":""MultiPoint"",""coordinates"":[]}"
1229_0000000000000000021b,4845034547,31873103,38900,H1,005,01155127,440,A,41005,+45.1604934,-122.1951274,06,,G4020,Clackamas,Clackamas County,41,2025-04-13,63.90202582517914,1744502400000,"{""type"":""MultiPoint"",""coordinates"":[]}"
1229_0000000000000000021c,1116558776,88222268,38900,H1,051,01135861,440,A,41051,+45.5477107,-122.4173625,06,,G4020,Multnomah,Multnomah County,41,2025-04-13,63.2285404557879,1744502400000,"{""type"":""MultiPoint"",""coordinates"":[]}"
1229_0000000000000000021e,1875846777,6127010,38900,H1,067,01155137,440,A,41067,+45.5535419,-123.0976146,06,,G4020,Washington,Washington County,41,2025-04-13,64.84492997140484,1744502400000,"{""type"":""MultiPoint"",""coordinates"":[]}"
1230_0000000000000000021b,4845034547,31873103,38900,H1,005,01155127,440,A,41005,+45.1604934,-122.1951274,06,,G4020,Clackamas,Clackamas County,41,2025-04-14,50.86698107672044,1744588800000,"{""type"":""MultiPoint"",""coordinates"":[]}"
1230_0000000000000000021c,1116558776,88222268,38900,H1,051,01135861,440,A,41051,+45.5477107,-122.4173625,06,,G4020,Multnomah,Multnomah County,41,2025-04-14,50.58327228012437,1744588800000,"{""type"":""MultiPoint"",""coordinates"":[]}"
1230_0000000000000000021e,1875846777,6127010,38900,H1,067,01155137,440,A,41067,+45.5535419,-123.0976146,06,,G4020,Washington,Washington County,41,2025-04-14,52.682280495904266,1744588800000,"{""type"":""MultiPoint"",""coordinates"":[]}"
1231_0000000000000000021b,4845034547,31873103,38900,H1,005,01155127,440,A,41005,+45.1604934,-122.1951274,06,,G4020,Clackamas,Clackamas County,41,2025-04-15,60.63392954706948,1744675200000,"{""type"":""MultiPoint"",""coordinates"":[]}"
1231_0000000000000000021c,1116558776,88222268,38900,H1,051,01135861,440,A,41051,+45.5477107,-122.4173625,06,,G4020,Multnomah,Multnomah County,41,2025-04-15,58.19098633965971,1744675200000,"{""type"":""MultiPoint"",""coordinates"":[]}"
1231_0000000000000000021e,1875846777,6127010,38900,H1,067,01155137,440,A,41067,+45.5535419,-123.0976146,06,,G4020,Washington,Washington County,41,2025-04-15,55.31057220640403,1744675200000,"{""type"":""MultiPoint"",""coordinates"":[]}"
1232_0000000000000000021b,4845034547,31873103,38900,H1,005,01155127,440,A,41005,+45.1604934,-122.1951274,06,,G4020,Clackamas,Clackamas County,41,2025-04-16,66.00245631518932,1744761600000,"{""type"":""MultiPoint"",""coordinates"":[]}"
1232_0000000000000000021c,1116558776,88222268,38900,H1,051,01135861,440,A,41051,+45.5477107,-122.4173625,06,,G4020,Multnomah,Multnomah County,41,2025-04-16,67.64696959408907,1744761600000,"{""type"":""MultiPoint"",""coordinates"":[]}"
1232_0000000000000000021e,1875846777,6127010,38900,H1,067,01155137,440,A,41067,+45.5535419,-123.0976146,06,,G4020,Washington,Washington County,41,2025-04-16,65.29462397319865,1744761600000,"{""type"":""MultiPoint"",""coordinates"":[]}"
1233_0000000000000000021b,4845034547,31873103,38900,H1,005,01155127,440,A,41005,+45.1604934,-122.1951274,06,,G4020,Clackamas,Clackamas County,41,2025-04-17,50.90832504197878,1744848000000,"{""type"":""MultiPoint"",""coordinates"":[]}"
1233_0000000000000000021c,1116558776,88222268,38900,H1,051,01135861,440,A,41051,+45.5477107,-122.4173625,06,,G4020,Multnomah,Multnomah County,41,2025-04-17,51.83909240743556,1744848000000,"{""type"":""MultiPoint"",""coordinates"":[]}"
1233_0000000000000000021e,1875846777,6127010,38900,H1,067,01155137,440,A,41067,+45.5535419,-123.0976146,06,,G4020,Washington,Washington County,41,2025-04-17,49.90016996026938,1744848000000,"{""type"":""MultiPoint"",""coordinates"":[]}"
1234_0000000000000000021b,4845034547,31873103,38900,H1,005,01155127,440,A,41005,+45.1604934,-122.1951274,06,,G4020,Clackamas,Clackamas County,41,2025-04-18,52.00336832736386,1744934400000,"{""type"":""MultiPoint"",""coordinates"":[]}"
1234_0000000000000000021c,1116558776,88222268,38900,H1,051,01135861,440,A,41051,+45.5477107,-122.4173625,06,,G4020,Multnomah,Multnomah County,41,2025-04-18,52.394717177266145,1744934400000,"{""type"":""MultiPoint"",""coordinates"":[]}"
1234_0000000000000000021e,1875846777,6127010,38900,H1,067,01155137,440,A,41067,+45.5535419,-123.0976146,06,,G4020,Washington,Washington County,41,2025-04-18,49.41724438298748,1744934400000,"{""type"":""MultiPoint"",""coordinates"":[]}"
1235_0000000000000000021b,4845034547,31873103,38900,H1,005,01155127,440,A,41005,+45.1604934,-122.1951274,06,,G4020,Clackamas,Clackamas County,41,2025-04-19,69.61789942567174,1745020800000,"{""type"":""MultiPoint"",""coordinates"":[]}"
1235_0000000000000000021c,1116558776,88222268,38900,H1,051,01135861,440,A,41051,+45.5477107,-122.4173625,06,,G4020,Multnomah,Multnomah County,41,2025-04-19,68.41743257107296,1745020800000,"{""type"":""MultiPoint"",""coordinates"":[]}"
1235_0000000000000000021e,1875846777,6127010,38900,H1,067,01155137,440,A,41067,+45.5535419,-123.0976146,06,,G4020,Washington,Washington County,41,2025-04-19,68.07855901273363,1745020800000,"{""type"":""MultiPoint"",""coordinates"":[]}"
1236_0000000000000000021b,4845034547,31873103,38900,H1,005,01155127,440,A,41005,+45.1604934,-122.1951274,06,,G4020,Clackamas,Clackamas County,41,2025-04-20,73.38055495154832,1745107200000,"{""type"":""MultiPoint"",""coordinates"":[]}"
1236_0000000000000000021c,1116558776,88222268,38900,H1,051,01135861,440,A,41051,+45.5477107,-122.4173625,06,,G4020,Multnomah,Multnomah County,41,2025-04-20,71.68642149239629,1745107200000,"{""type"":""MultiPoint"",""coordinates"":[]}"
1236_0000000000000000021e,1875846777,6127010,38900,H1,067,01155137,440,A,41067,+45.5535419,-123.0976146,06,,G4020,Washington,Washington County,41,2025-04-20,72.34065151946675,1745107200000,"{""type"":""MultiPoint"",""coordinates"":[]}"
1237_0000000000000000021b,4845034547,31873103,38900,H1,005,01155127,440,A,41005,+45.1604934,-122.1951274,06,,G4020,Clackamas,Clackamas County,41,2025-04-21,79.2117124421692,1745193600000,"{""type"":""MultiPoint"",""coordinates"":[]}"
1237_0000000000000000021c,1116558776,88222268,38900,H1,051,01135861,440,A,41051,+45.5477107,-122.4173625,06,,G4020,Multnomah,Multnomah County,41,2025-04-21,74.24882712551332,1745193600000,"{""type"":""MultiPoint"",""coordinates"":[]}"
1237_0000000000000000021e,1875846777,6127010,38900,H1,067,01155137,440,A,41067,+45.5535419,-123.0976146,06,,G4020,Washington,Washington County,41,2025-04-21,72.85767560683682,1745193600000,"{""type"":""MultiPoint"",""coordinates"":[]}"
1238_0000000000000000021b,4845034547,31873103,38900,H1,005,01155127,440,A,41005,+45.1604934,-122.1951274,06,,G4020,Clackamas,Clackamas County,41,2025-04-22,66.07310062960379,1745280000000,"{""type"":""MultiPoint"",""coordinates"":[]}"
1238_0000000000000000021c,1116558776,88222268,38900,H1,051,01135861,440,A,41051,+45.5477107,-122.4173625,06,,G4020,Multnomah,Multnomah County,41,2025-04-22,65.15704787832233,1745280000000,"{""type"":""MultiPoint"",""coordinates"":[]}"
1238_0000000000000000021e,1875846777,6127010,38900,H1,067,01155137,440,A,41067,+45.5535419,-123.0976146,06,,G4020,Washington,Washington County,41,2025-04-22,66.20196208324148,1745280000000,"{""type"":""MultiPoint"",""coordinates"":[]}"
1239_0000000000000000021b,4845034547,31873103,38900,H1,005,01155127,440,A,41005,+45.1604934,-122.1951274,06,,G4020,Clackamas,Clackamas County,41,2025-04-23,53.01990834538691,1745366400000,"{""type"":""MultiPoint"",""coordinates"":[]}"
1239_0000000000000000021c,1116558776,88222268,38900,H1,051,01135861,440,A,41051,+45.5477107,-122.4173625,06,,G4020,Multnomah,Multnomah County,41,2025-04-23,53.41688102348989,1745366400000,"{""type"":""MultiPoint"",""coordinates"":[]}"
1239_0000000000000000021e,1875846777,6127010,38900,H1,067,01155137,440,A,41067,+45.5535419,-123.0976146,06,,G4020,Washington,Washington County,41,2025-04-23,55.70328061417096,1745366400000,"{""type"":""MultiPoint"",""coordinates"":[]}"
1240_0000000000000000021b,4845034547,31873103,38900,H1,005,01155127,440,A,41005,+45.1604934,-122.1951274,06,,G4020,Clackamas,Clackamas County,41,2025-04-24,48.48240148853819,1745452800000,"{""type"":""MultiPoint"",""coordinates"":[]}"
1240_0000000000000000021c,1116558776,88222268,38900,H1,051,01135861,440,A,41051,+45.5477107,-122.4173625,06,,G4020,Multnomah,Multnomah County,41,2025-04-24,52.28432665572633,1745452800000,"{""type"":""MultiPoint"",""coordinates"":[]}"
1240_0000000000000000021e,1875846777,6127010,38900,H1,067,01155137,440,A,41067,+45.5535419,-123.0976146,06,,G4020,Washington,Washington County,41,2025-04-24,53.955425483559985,1745452800000,"{""type"":""MultiPoint"",""coordinates"":[]}"
1241_0000000000000000021b,4845034547,31873103,38900,H1,005,01155127,440,A,41005,+45.1604934,-122.1951274,06,,G4020,Clackamas,Clackamas County,41,2025-04-25,59.73097856355824,1745539200000,"{""type"":""MultiPoint"",""coordinates"":[]}"
1241_0000000000000000021c,1116558776,88222268,38900,H1,051,01135861,440,A,41051,+45.5477107,-122.4173625,06,,G4020,Multnomah,Multnomah County,41,2025-04-25,58.88037358848862,1745539200000,"{""type"":""MultiPoint"",""coordinates"":[]}"
1241_0000000000000000021e,1875846777,6127010,38900,H1,067,01155137,440,A,41067,+45.5535419,-123.0976146,06,,G4020,Washington,Washington County,41,2025-04-25,65.24443348640226,1745539200000,"{""type"":""MultiPoint"",""coordinates"":[]}"
1242_0000000000000000021b,4845034547,31873103,38900,H1,005,01155127,440,A,41005,+45.1604934,-122.1951274,06,,G4020,Clackamas,Clackamas County,41,2025-04-26,75.25986474255012,1745625600000,"{""type"":""MultiPoint"",""coordinates"":[]}"
1242_0000000000000000021c,1116558776,88222268,38900,H1,051,01135861,440,A,41051,+45.5477107,-122.4173625,06,,G4020,Multnomah,Multnomah County,41,2025-04-26,70.34103942590521,1745625600000,"{""type"":""MultiPoint"",""coordinates"":[]}"
1242_0000000000000000021e,1875846777,6127010,38900,H1,067,01155137,440,A,41067,+45.5535419,-123.0976146,06,,G4020,Washington,Washington County,41,2025-04-26,70.80241319472304,1745625600000,"{""type"":""MultiPoint"",""coordinates"":[]}"
1243_0000000000000000021b,4845034547,31873103,38900,H1,005,01155127,440,A,41005,+45.1604934,-122.1951274,06,,G4020,Clackamas,Clackamas County,41,2025-04-27,71.99609412437792,1745712000000,"{""type"":""MultiPoint"",""coordinates"":[]}"
1243_0000000000000000021c,1116558776,88222268,38900,H1,051,01135861,440,A,41051,+45.5477107,-122.4173625,06,,G4020,Multnomah,Multnomah County,41,2025-04-27,69.28074357281118,1745712000000,"{""type"":""MultiPoint"",""coordinates"":[]}"
1243_0000000000000000021e,1875846777,6127010,38900,H1,067,01155137,440,A,41067,+45.5535419,-123.0976146,06,,G4020,Washington,Washington County,41,2025-04-27,70.32960474421253,1745712000000,"{""type"":""MultiPoint"",""coordinates"":[]}"
1244_0000000000000000021b,4845034547,31873103,38900,H1,005,01155127,440,A,41005,+45.1604934,-122.1951274,06,,G4020,Clackamas,Clackamas County,41,2025-04-28,76.5462288562167,1745798400000,"{""type"":""MultiPoint"",""coordinates"":[]}"
1244_0000000000000000021c,1116558776,88222268,38900,H1,051,01135861,440,A,41051,+45.5477107,-122.4173625,06,,G4020,Multnomah,Multnomah County,41,2025-04-28,72.0381374778084,1745798400000,"{""type"":""MultiPoint"",""coordinates"":[]}"
1244_0000000000000000021e,1875846777,6127010,38900,H1,067,01155137,440,A,41067,+45.5535419,-123.0976146,06,,G4020,Washington,Washington County,41,2025-04-28,72.00458815834394,1745798400000,"{""type"":""MultiPoint"",""coordinates"":[]}"
1245_0000000000000000021b,4845034547,31873103,38900,H1,005,01155127,440,A,41005,+45.1604934,-122.1951274,06,,G4020,Clackamas,Clackamas County,41,2025-04-29,83.15222774833924,1745884800000,"{""type"":""MultiPoint"",""coordinates"":[]}"
1245_0000000000000000021c,1116558776,88222268,38900,H1,051,01135861,440,A,41051,+45.5477107,-122.4173625,06,,G4020,Multnomah,Multnomah County,41,2025-04-29,76.81122761490816,1745884800000,"{""type"":""MultiPoint"",""coordinates"":[]}"
1245_0000000000000000021e,1875846777,6127010,38900,H1,067,01155137,440,A,41067,+45.5535419,-123.0976146,06,,G4020,Washington,Washington County,41,2025-04-29,73.12792954759655,1745884800000,"{""type"":""MultiPoint"",""coordinates"":[]}"
1246_0000000000000000021b,4845034547,31873103,38900,H1,005,01155127,440,A,41005,+45.1604934,-122.1951274,06,,G4020,Clackamas,Clackamas County,41,2025-04-30,66.51534620229386,1745971200000,"{""type"":""MultiPoint"",""coordinates"":[]}"
1246_0000000000000000021c,1116558776,88222268,38900,H1,051,01135861,440,A,41051,+45.5477107,-122.4173625,06,,G4020,Multnomah,Multnomah County,41,2025-04-30,65.9550584784669,1745971200000,"{""type"":""MultiPoint"",""coordinates"":[]}"
1246_0000000000000000021e,1875846777,6127010,38900,H1,067,01155137,440,A,41067,+45.5535419,-123.0976146,06,,G4020,Washington,Washington County,41,2025-04-30,63.80244153499874,1745971200000,"{""type"":""MultiPoint"",""coordinates"":[]}"
