system:index,ALAND,AWATER,CBSAFP,CLASSFP,COUNTYFP,COUNTYNS,CSAFP,FUNCSTAT,GEOID,INTPTLAT,INTPTLON,LSAD,METDIVFP,MTFCC,NAME,NAMELSAD,STATEFP,date,mean,system:time_start,.geo
0_0000000000000000001b,1921943668,164903351,41620,H1,035,01448031,482,A,49035,+40.6678828,-111.9242397,06,,G4020,Salt Lake,Salt Lake County,49,2021-12-01,66.88248625948285,1638316800000,"{""type"":""MultiPoint"",""coordinates"":[]}"
1_0000000000000000001b,1921943668,164903351,41620,H1,035,01448031,482,A,49035,+40.6678828,-111.9242397,06,,G4020,Salt Lake,Salt Lake County,49,2021-12-02,71.94577663955694,1638403200000,"{""type"":""MultiPoint"",""coordinates"":[]}"
2_0000000000000000001b,1921943668,164903351,41620,H1,035,01448031,482,A,49035,+40.6678828,-111.9242397,06,,G4020,Salt Lake,Salt Lake County,49,2021-12-03,74.4153787055668,1638489600000,"{""type"":""MultiPoint"",""coordinates"":[]}"
3_0000000000000000001b,1921943668,164903351,41620,H1,035,01448031,482,A,49035,+40.6678828,-111.9242397,06,,G4020,Salt Lake,Salt Lake County,49,2021-12-04,72.07566067427047,1638576000000,"{""type"":""MultiPoint"",""coordinates"":[]}"
4_0000000000000000001b,1921943668,164903351,41620,H1,035,01448031,482,A,49035,+40.6678828,-111.9242397,06,,G4020,Salt Lake,Salt Lake County,49,2021-12-05,63.42295375194009,1638662400000,"{""type"":""MultiPoint"",""coordinates"":[]}"
5_0000000000000000001b,1921943668,164903351,41620,H1,035,01448031,482,A,49035,+40.6678828,-111.9242397,06,,G4020,Salt Lake,Salt Lake County,49,2021-12-06,62.023803750787984,1638748800000,"{""type"":""MultiPoint"",""coordinates"":[]}"
6_0000000000000000001b,1921943668,164903351,41620,H1,035,01448031,482,A,49035,+40.6678828,-111.9242397,06,,G4020,Salt Lake,Salt Lake County,49,2021-12-07,61.04936508889021,1638835200000,"{""type"":""MultiPoint"",""coordinates"":[]}"
7_0000000000000000001b,1921943668,164903351,41620,H1,035,01448031,482,A,49035,+40.6678828,-111.9242397,06,,G4020,Salt Lake,Salt Lake County,49,2021-12-08,70.58669792459686,1638921600000,"{""type"":""MultiPoint"",""coordinates"":[]}"
8_0000000000000000001b,1921943668,164903351,41620,H1,035,01448031,482,A,49035,+40.6678828,-111.9242397,06,,G4020,Salt Lake,Salt Lake County,49,2021-12-09,84.50185775020505,1639008000000,"{""type"":""MultiPoint"",""coordinates"":[]}"
9_0000000000000000001b,1921943668,164903351,41620,H1,035,01448031,482,A,49035,+40.6678828,-111.9242397,06,,G4020,Salt Lake,Salt Lake County,49,2021-12-10,78.8814695281917,1639094400000,"{""type"":""MultiPoint"",""coordinates"":[]}"
10_0000000000000000001b,1921943668,164903351,41620,H1,035,01448031,482,A,49035,+40.6678828,-111.9242397,06,,G4020,Salt Lake,Salt Lake County,49,2021-12-11,69.95362376829796,1639180800000,"{""type"":""MultiPoint"",""coordinates"":[]}"
11_0000000000000000001b,1921943668,164903351,41620,H1,035,01448031,482,A,49035,+40.6678828,-111.9242397,06,,G4020,Salt Lake,Salt Lake County,49,2021-12-12,56.82035499706947,1639267200000,"{""type"":""MultiPoint"",""coordinates"":[]}"
12_0000000000000000001b,1921943668,164903351,41620,H1,035,01448031,482,A,49035,+40.6678828,-111.9242397,06,,G4020,Salt Lake,Salt Lake County,49,2021-12-13,58.2963437487168,1639353600000,"{""type"":""MultiPoint"",""coordinates"":[]}"
13_0000000000000000001b,1921943668,164903351,41620,H1,035,01448031,482,A,49035,+40.6678828,-111.9242397,06,,G4020,Salt Lake,Salt Lake County,49,2021-12-14,60.7358499978773,1639440000000,"{""type"":""MultiPoint"",""coordinates"":[]}"
14_0000000000000000001b,1921943668,164903351,41620,H1,035,01448031,482,A,49035,+40.6678828,-111.9242397,06,,G4020,Salt Lake,Salt Lake County,49,2021-12-15,75.34321670242933,1639526400000,"{""type"":""MultiPoint"",""coordinates"":[]}"
15_0000000000000000001b,1921943668,164903351,41620,H1,035,01448031,482,A,49035,+40.6678828,-111.9242397,06,,G4020,Salt Lake,Salt Lake County,49,2021-12-16,69.96003178524727,1639612800000,"{""type"":""MultiPoint"",""coordinates"":[]}"
16_0000000000000000001b,1921943668,164903351,41620,H1,035,01448031,482,A,49035,+40.6678828,-111.9242397,06,,G4020,Salt Lake,Salt Lake County,49,2021-12-17,84.33578289588964,1639699200000,"{""type"":""MultiPoint"",""coordinates"":[]}"
17_0000000000000000001b,1921943668,164903351,41620,H1,035,01448031,482,A,49035,+40.6678828,-111.9242397,06,,G4020,Salt Lake,Salt Lake County,49,2021-12-18,81.01878557366456,1639785600000,"{""type"":""MultiPoint"",""coordinates"":[]}"
18_0000000000000000001b,1921943668,164903351,41620,H1,035,01448031,482,A,49035,+40.6678828,-111.9242397,06,,G4020,Salt Lake,Salt Lake County,49,2021-12-19,64.2169839407749,1639872000000,"{""type"":""MultiPoint"",""coordinates"":[]}"
19_0000000000000000001b,1921943668,164903351,41620,H1,035,01448031,482,A,49035,+40.6678828,-111.9242397,06,,G4020,Salt Lake,Salt Lake County,49,2021-12-20,56.092260345315665,1639958400000,"{""type"":""MultiPoint"",""coordinates"":[]}"
20_0000000000000000001b,1921943668,164903351,41620,H1,035,01448031,482,A,49035,+40.6678828,-111.9242397,06,,G4020,Salt Lake,Salt Lake County,49,2021-12-21,58.32873525442706,1640044800000,"{""type"":""MultiPoint"",""coordinates"":[]}"
21_0000000000000000001b,1921943668,164903351,41620,H1,035,01448031,482,A,49035,+40.6678828,-111.9242397,06,,G4020,Salt Lake,Salt Lake County,49,2021-12-22,59.11881875998495,1640131200000,"{""type"":""MultiPoint"",""coordinates"":[]}"
22_0000000000000000001b,1921943668,164903351,41620,H1,035,01448031,482,A,49035,+40.6678828,-111.9242397,06,,G4020,Salt Lake,Salt Lake County,49,2021-12-23,67.87858101578914,1640217600000,"{""type"":""MultiPoint"",""coordinates"":[]}"
23_0000000000000000001b,1921943668,164903351,41620,H1,035,01448031,482,A,49035,+40.6678828,-111.9242397,06,,G4020,Salt Lake,Salt Lake County,49,2021-12-24,88.37819779321035,1640304000000,"{""type"":""MultiPoint"",""coordinates"":[]}"
24_0000000000000000001b,1921943668,164903351,41620,H1,035,01448031,482,A,49035,+40.6678828,-111.9242397,06,,G4020,Salt Lake,Salt Lake County,49,2021-12-25,81.4765063811875,1640390400000,"{""type"":""MultiPoint"",""coordinates"":[]}"
25_0000000000000000001b,1921943668,164903351,41620,H1,035,01448031,482,A,49035,+40.6678828,-111.9242397,06,,G4020,Salt Lake,Salt Lake County,49,2021-12-26,69.31241023633085,1640476800000,"{""type"":""MultiPoint"",""coordinates"":[]}"
26_0000000000000000001b,1921943668,164903351,41620,H1,035,01448031,482,A,49035,+40.6678828,-111.9242397,06,,G4020,Salt Lake,Salt Lake County,49,2021-12-27,64.69050733661133,1640563200000,"{""type"":""MultiPoint"",""coordinates"":[]}"
27_0000000000000000001b,1921943668,164903351,41620,H1,035,01448031,482,A,49035,+40.6678828,-111.9242397,06,,G4020,Salt Lake,Salt Lake County,49,2021-12-28,80.10009806933496,1640649600000,"{""type"":""MultiPoint"",""coordinates"":[]}"
28_0000000000000000001b,1921943668,164903351,41620,H1,035,01448031,482,A,49035,+40.6678828,-111.9242397,06,,G4020,Salt Lake,Salt Lake County,49,2021-12-29,81.22535672223349,1640736000000,"{""type"":""MultiPoint"",""coordinates"":[]}"
29_0000000000000000001b,1921943668,164903351,41620,H1,035,01448031,482,A,49035,+40.6678828,-111.9242397,06,,G4020,Salt Lake,Salt Lake County,49,2021-12-30,82.34990494584815,1640822400000,"{""type"":""MultiPoint"",""coordinates"":[]}"
30_0000000000000000001b,1921943668,164903351,41620,H1,035,01448031,482,A,49035,+40.6678828,-111.9242397,06,,G4020,Salt Lake,Salt Lake County,49,2021-12-31,85.51314416936538,1640908800000,"{""type"":""MultiPoint"",""coordinates"":[]}"
31_0000000000000000001b,1921943668,164903351,41620,H1,035,01448031,482,A,49035,+40.6678828,-111.9242397,06,,G4020,Salt Lake,Salt Lake County,49,2022-01-01,79.49262933473891,1640995200000,"{""type"":""MultiPoint"",""coordinates"":[]}"
32_0000000000000000001b,1921943668,164903351,41620,H1,035,01448031,482,A,49035,+40.6678828,-111.9242397,06,,G4020,Salt Lake,Salt Lake County,49,2022-01-02,66.25908476825785,1641081600000,"{""type"":""MultiPoint"",""coordinates"":[]}"
33_0000000000000000001b,1921943668,164903351,41620,H1,035,01448031,482,A,49035,+40.6678828,-111.9242397,06,,G4020,Salt Lake,Salt Lake County,49,2022-01-03,59.65012338849588,1641168000000,"{""type"":""MultiPoint"",""coordinates"":[]}"
34_0000000000000000001b,1921943668,164903351,41620,H1,035,01448031,482,A,49035,+40.6678828,-111.9242397,06,,G4020,Salt Lake,Salt Lake County,49,2022-01-04,57.33824356537965,1641254400000,"{""type"":""MultiPoint"",""coordinates"":[]}"
35_0000000000000000001b,1921943668,164903351,41620,H1,035,01448031,482,A,49035,+40.6678828,-111.9242397,06,,G4020,Salt Lake,Salt Lake County,49,2022-01-05,78.92177442724359,1641340800000,"{""type"":""MultiPoint"",""coordinates"":[]}"
36_0000000000000000001b,1921943668,164903351,41620,H1,035,01448031,482,A,49035,+40.6678828,-111.9242397,06,,G4020,Salt Lake,Salt Lake County,49,2022-01-06,87.63037529165138,1641427200000,"{""type"":""MultiPoint"",""coordinates"":[]}"
37_0000000000000000001b,1921943668,164903351,41620,H1,035,01448031,482,A,49035,+40.6678828,-111.9242397,06,,G4020,Salt Lake,Salt Lake County,49,2022-01-07,74.01958263837179,1641513600000,"{""type"":""MultiPoint"",""coordinates"":[]}"
38_0000000000000000001b,1921943668,164903351,41620,H1,035,01448031,482,A,49035,+40.6678828,-111.9242397,06,,G4020,Salt Lake,Salt Lake County,49,2022-01-08,75.52101479692352,1641600000000,"{""type"":""MultiPoint"",""coordinates"":[]}"
39_0000000000000000001b,1921943668,164903351,41620,H1,035,01448031,482,A,49035,+40.6678828,-111.9242397,06,,G4020,Salt Lake,Salt Lake County,49,2022-01-09,69.29941814848101,1641686400000,"{""type"":""MultiPoint"",""coordinates"":[]}"
40_0000000000000000001b,1921943668,164903351,41620,H1,035,01448031,482,A,49035,+40.6678828,-111.9242397,06,,G4020,Salt Lake,Salt Lake County,49,2022-01-10,58.258936556370706,1641772800000,"{""type"":""MultiPoint"",""coordinates"":[]}"
41_0000000000000000001b,1921943668,164903351,41620,H1,035,01448031,482,A,49035,+40.6678828,-111.9242397,06,,G4020,Salt Lake,Salt Lake County,49,2022-01-11,58.009529505443645,1641859200000,"{""type"":""MultiPoint"",""coordinates"":[]}"
42_0000000000000000001b,1921943668,164903351,41620,H1,035,01448031,482,A,49035,+40.6678828,-111.9242397,06,,G4020,Salt Lake,Salt Lake County,49,2022-01-12,58.87075377504066,1641945600000,"{""type"":""MultiPoint"",""coordinates"":[]}"
43_0000000000000000001b,1921943668,164903351,41620,H1,035,01448031,482,A,49035,+40.6678828,-111.9242397,06,,G4020,Salt Lake,Salt Lake County,49,2022-01-13,66.46835861489859,1642032000000,"{""type"":""MultiPoint"",""coordinates"":[]}"
44_0000000000000000001b,1921943668,164903351,41620,H1,035,01448031,482,A,49035,+40.6678828,-111.9242397,06,,G4020,Salt Lake,Salt Lake County,49,2022-01-14,71.41820736308308,1642118400000,"{""type"":""MultiPoint"",""coordinates"":[]}"
45_0000000000000000001b,1921943668,164903351,41620,H1,035,01448031,482,A,49035,+40.6678828,-111.9242397,06,,G4020,Salt Lake,Salt Lake County,49,2022-01-15,75.80801878412342,1642204800000,"{""type"":""MultiPoint"",""coordinates"":[]}"
46_0000000000000000001b,1921943668,164903351,41620,H1,035,01448031,482,A,49035,+40.6678828,-111.9242397,06,,G4020,Salt Lake,Salt Lake County,49,2022-01-16,59.941337086130524,1642291200000,"{""type"":""MultiPoint"",""coordinates"":[]}"
47_0000000000000000001b,1921943668,164903351,41620,H1,035,01448031,482,A,49035,+40.6678828,-111.9242397,06,,G4020,Salt Lake,Salt Lake County,49,2022-01-17,57.52481060084749,1642377600000,"{""type"":""MultiPoint"",""coordinates"":[]}"
48_0000000000000000001b,1921943668,164903351,41620,H1,035,01448031,482,A,49035,+40.6678828,-111.9242397,06,,G4020,Salt Lake,Salt Lake County,49,2022-01-18,54.51839442366431,1642464000000,"{""type"":""MultiPoint"",""coordinates"":[]}"
49_0000000000000000001b,1921943668,164903351,41620,H1,035,01448031,482,A,49035,+40.6678828,-111.9242397,06,,G4020,Salt Lake,Salt Lake County,49,2022-01-19,69.26256340679707,1642550400000,"{""type"":""MultiPoint"",""coordinates"":[]}"
50_0000000000000000001b,1921943668,164903351,41620,H1,035,01448031,482,A,49035,+40.6678828,-111.9242397,06,,G4020,Salt Lake,Salt Lake County,49,2022-01-20,83.6664811081482,1642636800000,"{""type"":""MultiPoint"",""coordinates"":[]}"
51_0000000000000000001b,1921943668,164903351,41620,H1,035,01448031,482,A,49035,+40.6678828,-111.9242397,06,,G4020,Salt Lake,Salt Lake County,49,2022-01-21,83.05269699402473,1642723200000,"{""type"":""MultiPoint"",""coordinates"":[]}"
52_0000000000000000001b,1921943668,164903351,41620,H1,035,01448031,482,A,49035,+40.6678828,-111.9242397,06,,G4020,Salt Lake,Salt Lake County,49,2022-01-22,80.74568834110038,1642809600000,"{""type"":""MultiPoint"",""coordinates"":[]}"
53_0000000000000000001b,1921943668,164903351,41620,H1,035,01448031,482,A,49035,+40.6678828,-111.9242397,06,,G4020,Salt Lake,Salt Lake County,49,2022-01-23,75.80598595320652,1642896000000,"{""type"":""MultiPoint"",""coordinates"":[]}"
54_0000000000000000001b,1921943668,164903351,41620,H1,035,01448031,482,A,49035,+40.6678828,-111.9242397,06,,G4020,Salt Lake,Salt Lake County,49,2022-01-24,71.12395856555028,1642982400000,"{""type"":""MultiPoint"",""coordinates"":[]}"
55_0000000000000000001b,1921943668,164903351,41620,H1,035,01448031,482,A,49035,+40.6678828,-111.9242397,06,,G4020,Salt Lake,Salt Lake County,49,2022-01-25,75.59776185695597,1643068800000,"{""type"":""MultiPoint"",""coordinates"":[]}"
56_0000000000000000001b,1921943668,164903351,41620,H1,035,01448031,482,A,49035,+40.6678828,-111.9242397,06,,G4020,Salt Lake,Salt Lake County,49,2022-01-26,71.53200484982206,1643155200000,"{""type"":""MultiPoint"",""coordinates"":[]}"
57_0000000000000000001b,1921943668,164903351,41620,H1,035,01448031,482,A,49035,+40.6678828,-111.9242397,06,,G4020,Salt Lake,Salt Lake County,49,2022-01-27,64.58204138910537,1643241600000,"{""type"":""MultiPoint"",""coordinates"":[]}"
58_0000000000000000001b,1921943668,164903351,41620,H1,035,01448031,482,A,49035,+40.6678828,-111.9242397,06,,G4020,Salt Lake,Salt Lake County,49,2022-01-28,56.66343771858212,1643328000000,"{""type"":""MultiPoint"",""coordinates"":[]}"
59_0000000000000000001b,1921943668,164903351,41620,H1,035,01448031,482,A,49035,+40.6678828,-111.9242397,06,,G4020,Salt Lake,Salt Lake County,49,2022-01-29,50.620459389507445,1643414400000,"{""type"":""MultiPoint"",""coordinates"":[]}"
60_0000000000000000001b,1921943668,164903351,41620,H1,035,01448031,482,A,49035,+40.6678828,-111.9242397,06,,G4020,Salt Lake,Salt Lake County,49,2022-01-30,52.4310605063293,1643500800000,"{""type"":""MultiPoint"",""coordinates"":[]}"
61_0000000000000000001b,1921943668,164903351,41620,H1,035,01448031,482,A,49035,+40.6678828,-111.9242397,06,,G4020,Salt Lake,Salt Lake County,49,2022-01-31,47.66405604123926,1643587200000,"{""type"":""MultiPoint"",""coordinates"":[]}"
62_0000000000000000001b,1921943668,164903351,41620,H1,035,01448031,482,A,49035,+40.6678828,-111.9242397,06,,G4020,Salt Lake,Salt Lake County,49,2022-02-01,66.25714214358827,1643673600000,"{""type"":""MultiPoint"",""coordinates"":[]}"
63_0000000000000000001b,1921943668,164903351,41620,H1,035,01448031,482,A,49035,+40.6678828,-111.9242397,06,,G4020,Salt Lake,Salt Lake County,49,2022-02-02,69.96717814735243,1643760000000,"{""type"":""MultiPoint"",""coordinates"":[]}"
64_0000000000000000001b,1921943668,164903351,41620,H1,035,01448031,482,A,49035,+40.6678828,-111.9242397,06,,G4020,Salt Lake,Salt Lake County,49,2022-02-03,66.06066387237358,1643846400000,"{""type"":""MultiPoint"",""coordinates"":[]}"
65_0000000000000000001b,1921943668,164903351,41620,H1,035,01448031,482,A,49035,+40.6678828,-111.9242397,06,,G4020,Salt Lake,Salt Lake County,49,2022-02-04,62.70825265313921,1643932800000,"{""type"":""MultiPoint"",""coordinates"":[]}"
66_0000000000000000001b,1921943668,164903351,41620,H1,035,01448031,482,A,49035,+40.6678828,-111.9242397,06,,G4020,Salt Lake,Salt Lake County,49,2022-02-05,56.7219749559674,1644019200000,"{""type"":""MultiPoint"",""coordinates"":[]}"
67_0000000000000000001b,1921943668,164903351,41620,H1,035,01448031,482,A,49035,+40.6678828,-111.9242397,06,,G4020,Salt Lake,Salt Lake County,49,2022-02-06,63.93032291751754,1644105600000,"{""type"":""MultiPoint"",""coordinates"":[]}"
68_0000000000000000001b,1921943668,164903351,41620,H1,035,01448031,482,A,49035,+40.6678828,-111.9242397,06,,G4020,Salt Lake,Salt Lake County,49,2022-02-07,64.46346402190684,1644192000000,"{""type"":""MultiPoint"",""coordinates"":[]}"
69_0000000000000000001b,1921943668,164903351,41620,H1,035,01448031,482,A,49035,+40.6678828,-111.9242397,06,,G4020,Salt Lake,Salt Lake County,49,2022-02-08,57.29685648563971,1644278400000,"{""type"":""MultiPoint"",""coordinates"":[]}"
70_0000000000000000001b,1921943668,164903351,41620,H1,035,01448031,482,A,49035,+40.6678828,-111.9242397,06,,G4020,Salt Lake,Salt Lake County,49,2022-02-09,57.93236849938746,1644364800000,"{""type"":""MultiPoint"",""coordinates"":[]}"
71_0000000000000000001b,1921943668,164903351,41620,H1,035,01448031,482,A,49035,+40.6678828,-111.9242397,06,,G4020,Salt Lake,Salt Lake County,49,2022-02-10,68.13436769306745,1644451200000,"{""type"":""MultiPoint"",""coordinates"":[]}"
72_0000000000000000001b,1921943668,164903351,41620,H1,035,01448031,482,A,49035,+40.6678828,-111.9242397,06,,G4020,Salt Lake,Salt Lake County,49,2022-02-11,70.14170634156885,1644537600000,"{""type"":""MultiPoint"",""coordinates"":[]}"
73_0000000000000000001b,1921943668,164903351,41620,H1,035,01448031,482,A,49035,+40.6678828,-111.9242397,06,,G4020,Salt Lake,Salt Lake County,49,2022-02-12,65.42077699242755,1644624000000,"{""type"":""MultiPoint"",""coordinates"":[]}"
74_0000000000000000001b,1921943668,164903351,41620,H1,035,01448031,482,A,49035,+40.6678828,-111.9242397,06,,G4020,Salt Lake,Salt Lake County,49,2022-02-13,53.656580755627814,1644710400000,"{""type"":""MultiPoint"",""coordinates"":[]}"
75_0000000000000000001b,1921943668,164903351,41620,H1,035,01448031,482,A,49035,+40.6678828,-111.9242397,06,,G4020,Salt Lake,Salt Lake County,49,2022-02-14,48.8415948124792,1644796800000,"{""type"":""MultiPoint"",""coordinates"":[]}"
76_0000000000000000001b,1921943668,164903351,41620,H1,035,01448031,482,A,49035,+40.6678828,-111.9242397,06,,G4020,Salt Lake,Salt Lake County,49,2022-02-15,51.32117334491384,1644883200000,"{""type"":""MultiPoint"",""coordinates"":[]}"
77_0000000000000000001b,1921943668,164903351,41620,H1,035,01448031,482,A,49035,+40.6678828,-111.9242397,06,,G4020,Salt Lake,Salt Lake County,49,2022-02-16,83.97438608795562,1644969600000,"{""type"":""MultiPoint"",""coordinates"":[]}"
78_0000000000000000001b,1921943668,164903351,41620,H1,035,01448031,482,A,49035,+40.6678828,-111.9242397,06,,G4020,Salt Lake,Salt Lake County,49,2022-02-17,70.51340469918016,1645056000000,"{""type"":""MultiPoint"",""coordinates"":[]}"
79_0000000000000000001b,1921943668,164903351,41620,H1,035,01448031,482,A,49035,+40.6678828,-111.9242397,06,,G4020,Salt Lake,Salt Lake County,49,2022-02-18,57.65284150624468,1645142400000,"{""type"":""MultiPoint"",""coordinates"":[]}"
80_0000000000000000001b,1921943668,164903351,41620,H1,035,01448031,482,A,49035,+40.6678828,-111.9242397,06,,G4020,Salt Lake,Salt Lake County,49,2022-02-19,58.56908155720628,1645228800000,"{""type"":""MultiPoint"",""coordinates"":[]}"
81_0000000000000000001b,1921943668,164903351,41620,H1,035,01448031,482,A,49035,+40.6678828,-111.9242397,06,,G4020,Salt Lake,Salt Lake County,49,2022-02-20,49.53960953703836,1645315200000,"{""type"":""MultiPoint"",""coordinates"":[]}"
82_0000000000000000001b,1921943668,164903351,41620,H1,035,01448031,482,A,49035,+40.6678828,-111.9242397,06,,G4020,Salt Lake,Salt Lake County,49,2022-02-21,61.576562516564074,1645401600000,"{""type"":""MultiPoint"",""coordinates"":[]}"
83_0000000000000000001b,1921943668,164903351,41620,H1,035,01448031,482,A,49035,+40.6678828,-111.9242397,06,,G4020,Salt Lake,Salt Lake County,49,2022-02-22,58.503552753218756,1645488000000,"{""type"":""MultiPoint"",""coordinates"":[]}"
84_0000000000000000001b,1921943668,164903351,41620,H1,035,01448031,482,A,49035,+40.6678828,-111.9242397,06,,G4020,Salt Lake,Salt Lake County,49,2022-02-23,63.50521969686896,1645574400000,"{""type"":""MultiPoint"",""coordinates"":[]}"
85_0000000000000000001b,1921943668,164903351,41620,H1,035,01448031,482,A,49035,+40.6678828,-111.9242397,06,,G4020,Salt Lake,Salt Lake County,49,2022-02-24,70.58894832629959,1645660800000,"{""type"":""MultiPoint"",""coordinates"":[]}"
86_0000000000000000001b,1921943668,164903351,41620,H1,035,01448031,482,A,49035,+40.6678828,-111.9242397,06,,G4020,Salt Lake,Salt Lake County,49,2022-02-25,68.83579128324517,1645747200000,"{""type"":""MultiPoint"",""coordinates"":[]}"
87_0000000000000000001b,1921943668,164903351,41620,H1,035,01448031,482,A,49035,+40.6678828,-111.9242397,06,,G4020,Salt Lake,Salt Lake County,49,2022-02-26,63.87166064248656,1645833600000,"{""type"":""MultiPoint"",""coordinates"":[]}"
88_0000000000000000001b,1921943668,164903351,41620,H1,035,01448031,482,A,49035,+40.6678828,-111.9242397,06,,G4020,Salt Lake,Salt Lake County,49,2022-02-27,52.35794157300773,1645920000000,"{""type"":""MultiPoint"",""coordinates"":[]}"
89_0000000000000000001b,1921943668,164903351,41620,H1,035,01448031,482,A,49035,+40.6678828,-111.9242397,06,,G4020,Salt Lake,Salt Lake County,49,2022-02-28,48.24069398355486,1646006400000,"{""type"":""MultiPoint"",""coordinates"":[]}"
90_0000000000000000001b,1921943668,164903351,41620,H1,035,01448031,482,A,49035,+40.6678828,-111.9242397,06,,G4020,Salt Lake,Salt Lake County,49,2022-03-01,51.57577143540361,1646092800000,"{""type"":""MultiPoint"",""coordinates"":[]}"
91_0000000000000000001b,1921943668,164903351,41620,H1,035,01448031,482,A,49035,+40.6678828,-111.9242397,06,,G4020,Salt Lake,Salt Lake County,49,2022-03-02,56.27048588473418,1646179200000,"{""type"":""MultiPoint"",""coordinates"":[]}"
92_0000000000000000001b,1921943668,164903351,41620,H1,035,01448031,482,A,49035,+40.6678828,-111.9242397,06,,G4020,Salt Lake,Salt Lake County,49,2022-03-03,54.00686296390084,1646265600000,"{""type"":""MultiPoint"",""coordinates"":[]}"
93_0000000000000000001b,1921943668,164903351,41620,H1,035,01448031,482,A,49035,+40.6678828,-111.9242397,06,,G4020,Salt Lake,Salt Lake County,49,2022-03-04,58.08046441260613,1646352000000,"{""type"":""MultiPoint"",""coordinates"":[]}"
94_0000000000000000001b,1921943668,164903351,41620,H1,035,01448031,482,A,49035,+40.6678828,-111.9242397,06,,G4020,Salt Lake,Salt Lake County,49,2022-03-05,66.76229512979924,1646438400000,"{""type"":""MultiPoint"",""coordinates"":[]}"
95_0000000000000000001b,1921943668,164903351,41620,H1,035,01448031,482,A,49035,+40.6678828,-111.9242397,06,,G4020,Salt Lake,Salt Lake County,49,2022-03-06,82.7049432681898,1646524800000,"{""type"":""MultiPoint"",""coordinates"":[]}"
96_0000000000000000001b,1921943668,164903351,41620,H1,035,01448031,482,A,49035,+40.6678828,-111.9242397,06,,G4020,Salt Lake,Salt Lake County,49,2022-03-07,73.26643042181975,1646611200000,"{""type"":""MultiPoint"",""coordinates"":[]}"
97_0000000000000000001b,1921943668,164903351,41620,H1,035,01448031,482,A,49035,+40.6678828,-111.9242397,06,,G4020,Salt Lake,Salt Lake County,49,2022-03-08,73.41518768657599,1646697600000,"{""type"":""MultiPoint"",""coordinates"":[]}"
98_0000000000000000001b,1921943668,164903351,41620,H1,035,01448031,482,A,49035,+40.6678828,-111.9242397,06,,G4020,Salt Lake,Salt Lake County,49,2022-03-09,84.71534567987969,1646784000000,"{""type"":""MultiPoint"",""coordinates"":[]}"
99_0000000000000000001b,1921943668,164903351,41620,H1,035,01448031,482,A,49035,+40.6678828,-111.9242397,06,,G4020,Salt Lake,Salt Lake County,49,2022-03-10,75.48230069093115,1646870400000,"{""type"":""MultiPoint"",""coordinates"":[]}"
100_0000000000000000001b,1921943668,164903351,41620,H1,035,01448031,482,A,49035,+40.6678828,-111.9242397,06,,G4020,Salt Lake,Salt Lake County,49,2022-03-11,58.835301715591335,1646956800000,"{""type"":""MultiPoint"",""coordinates"":[]}"
101_0000000000000000001b,1921943668,164903351,41620,H1,035,01448031,482,A,49035,+40.6678828,-111.9242397,06,,G4020,Salt Lake,Salt Lake County,49,2022-03-12,60.5799088931244,1647043200000,"{""type"":""MultiPoint"",""coordinates"":[]}"
102_0000000000000000001b,1921943668,164903351,41620,H1,035,01448031,482,A,49035,+40.6678828,-111.9242397,06,,G4020,Salt Lake,Salt Lake County,49,2022-03-13,66.49416757037733,1647129600000,"{""type"":""MultiPoint"",""coordinates"":[]}"
103_0000000000000000001b,1921943668,164903351,41620,H1,035,01448031,482,A,49035,+40.6678828,-111.9242397,06,,G4020,Salt Lake,Salt Lake County,49,2022-03-14,73.7887158575907,1647216000000,"{""type"":""MultiPoint"",""coordinates"":[]}"
104_0000000000000000001b,1921943668,164903351,41620,H1,035,01448031,482,A,49035,+40.6678828,-111.9242397,06,,G4020,Salt Lake,Salt Lake County,49,2022-03-15,59.075000397303626,1647302400000,"{""type"":""MultiPoint"",""coordinates"":[]}"
105_0000000000000000001b,1921943668,164903351,41620,H1,035,01448031,482,A,49035,+40.6678828,-111.9242397,06,,G4020,Salt Lake,Salt Lake County,49,2022-03-16,77.020583713233,1647388800000,"{""type"":""MultiPoint"",""coordinates"":[]}"
106_0000000000000000001b,1921943668,164903351,41620,H1,035,01448031,482,A,49035,+40.6678828,-111.9242397,06,,G4020,Salt Lake,Salt Lake County,49,2022-03-17,61.193787831958254,1647475200000,"{""type"":""MultiPoint"",""coordinates"":[]}"
107_0000000000000000001b,1921943668,164903351,41620,H1,035,01448031,482,A,49035,+40.6678828,-111.9242397,06,,G4020,Salt Lake,Salt Lake County,49,2022-03-18,53.99184678449674,1647561600000,"{""type"":""MultiPoint"",""coordinates"":[]}"
108_0000000000000000001b,1921943668,164903351,41620,H1,035,01448031,482,A,49035,+40.6678828,-111.9242397,06,,G4020,Salt Lake,Salt Lake County,49,2022-03-19,50.65314165544074,1647648000000,"{""type"":""MultiPoint"",""coordinates"":[]}"
109_0000000000000000001b,1921943668,164903351,41620,H1,035,01448031,482,A,49035,+40.6678828,-111.9242397,06,,G4020,Salt Lake,Salt Lake County,49,2022-03-20,62.22532137052558,1647734400000,"{""type"":""MultiPoint"",""coordinates"":[]}"
110_0000000000000000001b,1921943668,164903351,41620,H1,035,01448031,482,A,49035,+40.6678828,-111.9242397,06,,G4020,Salt Lake,Salt Lake County,49,2022-03-21,59.967280081458334,1647820800000,"{""type"":""MultiPoint"",""coordinates"":[]}"
111_0000000000000000001b,1921943668,164903351,41620,H1,035,01448031,482,A,49035,+40.6678828,-111.9242397,06,,G4020,Salt Lake,Salt Lake County,49,2022-03-22,54.15771445863617,1647907200000,"{""type"":""MultiPoint"",""coordinates"":[]}"
112_0000000000000000001b,1921943668,164903351,41620,H1,035,01448031,482,A,49035,+40.6678828,-111.9242397,06,,G4020,Salt Lake,Salt Lake County,49,2022-03-23,57.74858160708326,1647993600000,"{""type"":""MultiPoint"",""coordinates"":[]}"
113_0000000000000000001b,1921943668,164903351,41620,H1,035,01448031,482,A,49035,+40.6678828,-111.9242397,06,,G4020,Salt Lake,Salt Lake County,49,2022-03-24,54.485801576685866,1648080000000,"{""type"":""MultiPoint"",""coordinates"":[]}"
114_0000000000000000001b,1921943668,164903351,41620,H1,035,01448031,482,A,49035,+40.6678828,-111.9242397,06,,G4020,Salt Lake,Salt Lake County,49,2022-03-25,53.02984067595002,1648166400000,"{""type"":""MultiPoint"",""coordinates"":[]}"
115_0000000000000000001b,1921943668,164903351,41620,H1,035,01448031,482,A,49035,+40.6678828,-111.9242397,06,,G4020,Salt Lake,Salt Lake County,49,2022-03-26,46.25428174368114,1648252800000,"{""type"":""MultiPoint"",""coordinates"":[]}"
116_0000000000000000001b,1921943668,164903351,41620,H1,035,01448031,482,A,49035,+40.6678828,-111.9242397,06,,G4020,Salt Lake,Salt Lake County,49,2022-03-27,41.24405601334062,1648339200000,"{""type"":""MultiPoint"",""coordinates"":[]}"
117_0000000000000000001b,1921943668,164903351,41620,H1,035,01448031,482,A,49035,+40.6678828,-111.9242397,06,,G4020,Salt Lake,Salt Lake County,49,2022-03-28,35.566969536429355,1648425600000,"{""type"":""MultiPoint"",""coordinates"":[]}"
118_0000000000000000001b,1921943668,164903351,41620,H1,035,01448031,482,A,49035,+40.6678828,-111.9242397,06,,G4020,Salt Lake,Salt Lake County,49,2022-03-29,65.57448224336417,1648512000000,"{""type"":""MultiPoint"",""coordinates"":[]}"
119_0000000000000000001b,1921943668,164903351,41620,H1,035,01448031,482,A,49035,+40.6678828,-111.9242397,06,,G4020,Salt Lake,Salt Lake County,49,2022-03-30,60.43471849568162,1648598400000,"{""type"":""MultiPoint"",""coordinates"":[]}"
120_0000000000000000001b,1921943668,164903351,41620,H1,035,01448031,482,A,49035,+40.6678828,-111.9242397,06,,G4020,Salt Lake,Salt Lake County,49,2022-03-31,67.90294290604336,1648684800000,"{""type"":""MultiPoint"",""coordinates"":[]}"
121_0000000000000000001b,1921943668,164903351,41620,H1,035,01448031,482,A,49035,+40.6678828,-111.9242397,06,,G4020,Salt Lake,Salt Lake County,49,2022-04-01,50.80133297031095,1648771200000,"{""type"":""MultiPoint"",""coordinates"":[]}"
122_0000000000000000001b,1921943668,164903351,41620,H1,035,01448031,482,A,49035,+40.6678828,-111.9242397,06,,G4020,Salt Lake,Salt Lake County,49,2022-04-02,51.01479840931868,1648857600000,"{""type"":""MultiPoint"",""coordinates"":[]}"
123_0000000000000000001b,1921943668,164903351,41620,H1,035,01448031,482,A,49035,+40.6678828,-111.9242397,06,,G4020,Salt Lake,Salt Lake County,49,2022-04-03,42.171331557197334,1648944000000,"{""type"":""MultiPoint"",""coordinates"":[]}"
124_0000000000000000001b,1921943668,164903351,41620,H1,035,01448031,482,A,49035,+40.6678828,-111.9242397,06,,G4020,Salt Lake,Salt Lake County,49,2022-04-04,43.06289532138754,1649030400000,"{""type"":""MultiPoint"",""coordinates"":[]}"
125_0000000000000000001b,1921943668,164903351,41620,H1,035,01448031,482,A,49035,+40.6678828,-111.9242397,06,,G4020,Salt Lake,Salt Lake County,49,2022-04-05,60.59490255329001,1649116800000,"{""type"":""MultiPoint"",""coordinates"":[]}"
126_0000000000000000001b,1921943668,164903351,41620,H1,035,01448031,482,A,49035,+40.6678828,-111.9242397,06,,G4020,Salt Lake,Salt Lake County,49,2022-04-06,41.92992525612086,1649203200000,"{""type"":""MultiPoint"",""coordinates"":[]}"
127_0000000000000000001b,1921943668,164903351,41620,H1,035,01448031,482,A,49035,+40.6678828,-111.9242397,06,,G4020,Salt Lake,Salt Lake County,49,2022-04-07,44.638528073485745,1649289600000,"{""type"":""MultiPoint"",""coordinates"":[]}"
128_0000000000000000001b,1921943668,164903351,41620,H1,035,01448031,482,A,49035,+40.6678828,-111.9242397,06,,G4020,Salt Lake,Salt Lake County,49,2022-04-08,44.63348782940132,1649376000000,"{""type"":""MultiPoint"",""coordinates"":[]}"
129_0000000000000000001b,1921943668,164903351,41620,H1,035,01448031,482,A,49035,+40.6678828,-111.9242397,06,,G4020,Salt Lake,Salt Lake County,49,2022-04-09,42.6838233251863,1649462400000,"{""type"":""MultiPoint"",""coordinates"":[]}"
130_0000000000000000001b,1921943668,164903351,41620,H1,035,01448031,482,A,49035,+40.6678828,-111.9242397,06,,G4020,Salt Lake,Salt Lake County,49,2022-04-10,35.89026424254113,1649548800000,"{""type"":""MultiPoint"",""coordinates"":[]}"
131_0000000000000000001b,1921943668,164903351,41620,H1,035,01448031,482,A,49035,+40.6678828,-111.9242397,06,,G4020,Salt Lake,Salt Lake County,49,2022-04-11,34.40331506703377,1649635200000,"{""type"":""MultiPoint"",""coordinates"":[]}"
132_0000000000000000001b,1921943668,164903351,41620,H1,035,01448031,482,A,49035,+40.6678828,-111.9242397,06,,G4020,Salt Lake,Salt Lake County,49,2022-04-12,59.018210810924565,1649721600000,"{""type"":""MultiPoint"",""coordinates"":[]}"
133_0000000000000000001b,1921943668,164903351,41620,H1,035,01448031,482,A,49035,+40.6678828,-111.9242397,06,,G4020,Salt Lake,Salt Lake County,49,2022-04-13,54.19030077234266,1649808000000,"{""type"":""MultiPoint"",""coordinates"":[]}"
134_0000000000000000001b,1921943668,164903351,41620,H1,035,01448031,482,A,49035,+40.6678828,-111.9242397,06,,G4020,Salt Lake,Salt Lake County,49,2022-04-14,47.07731714749017,1649894400000,"{""type"":""MultiPoint"",""coordinates"":[]}"
135_0000000000000000001b,1921943668,164903351,41620,H1,035,01448031,482,A,49035,+40.6678828,-111.9242397,06,,G4020,Salt Lake,Salt Lake County,49,2022-04-15,67.73842876134277,1649980800000,"{""type"":""MultiPoint"",""coordinates"":[]}"
136_0000000000000000001b,1921943668,164903351,41620,H1,035,01448031,482,A,49035,+40.6678828,-111.9242397,06,,G4020,Salt Lake,Salt Lake County,49,2022-04-16,61.14733155691768,1650067200000,"{""type"":""MultiPoint"",""coordinates"":[]}"
137_0000000000000000001b,1921943668,164903351,41620,H1,035,01448031,482,A,49035,+40.6678828,-111.9242397,06,,G4020,Salt Lake,Salt Lake County,49,2022-04-17,66.26713695475408,1650153600000,"{""type"":""MultiPoint"",""coordinates"":[]}"
138_0000000000000000001b,1921943668,164903351,41620,H1,035,01448031,482,A,49035,+40.6678828,-111.9242397,06,,G4020,Salt Lake,Salt Lake County,49,2022-04-18,54.0714669481226,1650240000000,"{""type"":""MultiPoint"",""coordinates"":[]}"
139_0000000000000000001b,1921943668,164903351,41620,H1,035,01448031,482,A,49035,+40.6678828,-111.9242397,06,,G4020,Salt Lake,Salt Lake County,49,2022-04-19,34.24020973087081,1650326400000,"{""type"":""MultiPoint"",""coordinates"":[]}"
140_0000000000000000001b,1921943668,164903351,41620,H1,035,01448031,482,A,49035,+40.6678828,-111.9242397,06,,G4020,Salt Lake,Salt Lake County,49,2022-04-20,58.53576928704733,1650412800000,"{""type"":""MultiPoint"",""coordinates"":[]}"
141_0000000000000000001b,1921943668,164903351,41620,H1,035,01448031,482,A,49035,+40.6678828,-111.9242397,06,,G4020,Salt Lake,Salt Lake County,49,2022-04-21,39.50219227563099,1650499200000,"{""type"":""MultiPoint"",""coordinates"":[]}"
142_0000000000000000001b,1921943668,164903351,41620,H1,035,01448031,482,A,49035,+40.6678828,-111.9242397,06,,G4020,Salt Lake,Salt Lake County,49,2022-04-22,65.10861494024812,1650585600000,"{""type"":""MultiPoint"",""coordinates"":[]}"
143_0000000000000000001b,1921943668,164903351,41620,H1,035,01448031,482,A,49035,+40.6678828,-111.9242397,06,,G4020,Salt Lake,Salt Lake County,49,2022-04-23,71.33932014355088,1650672000000,"{""type"":""MultiPoint"",""coordinates"":[]}"
144_0000000000000000001b,1921943668,164903351,41620,H1,035,01448031,482,A,49035,+40.6678828,-111.9242397,06,,G4020,Salt Lake,Salt Lake County,49,2022-04-24,49.74708239507737,1650758400000,"{""type"":""MultiPoint"",""coordinates"":[]}"
145_0000000000000000001b,1921943668,164903351,41620,H1,035,01448031,482,A,49035,+40.6678828,-111.9242397,06,,G4020,Salt Lake,Salt Lake County,49,2022-04-25,51.048300901143406,1650844800000,"{""type"":""MultiPoint"",""coordinates"":[]}"
146_0000000000000000001b,1921943668,164903351,41620,H1,035,01448031,482,A,49035,+40.6678828,-111.9242397,06,,G4020,Salt Lake,Salt Lake County,49,2022-04-26,42.857366010394436,1650931200000,"{""type"":""MultiPoint"",""coordinates"":[]}"
147_0000000000000000001b,1921943668,164903351,41620,H1,035,01448031,482,A,49035,+40.6678828,-111.9242397,06,,G4020,Salt Lake,Salt Lake County,49,2022-04-27,38.83508439051076,1651017600000,"{""type"":""MultiPoint"",""coordinates"":[]}"
148_0000000000000000001b,1921943668,164903351,41620,H1,035,01448031,482,A,49035,+40.6678828,-111.9242397,06,,G4020,Salt Lake,Salt Lake County,49,2022-04-28,50.84780541740817,1651104000000,"{""type"":""MultiPoint"",""coordinates"":[]}"
149_0000000000000000001b,1921943668,164903351,41620,H1,035,01448031,482,A,49035,+40.6678828,-111.9242397,06,,G4020,Salt Lake,Salt Lake County,49,2022-04-29,57.87267740702387,1651190400000,"{""type"":""MultiPoint"",""coordinates"":[]}"
150_0000000000000000001b,1921943668,164903351,41620,H1,035,01448031,482,A,49035,+40.6678828,-111.9242397,06,,G4020,Salt Lake,Salt Lake County,49,2022-04-30,43.44484688126958,1651276800000,"{""type"":""MultiPoint"",""coordinates"":[]}"
151_0000000000000000001b,1921943668,164903351,41620,H1,035,01448031,482,A,49035,+40.6678828,-111.9242397,06,,G4020,Salt Lake,Salt Lake County,49,2022-05-01,61.95407517122345,1651363200000,"{""type"":""MultiPoint"",""coordinates"":[]}"
152_0000000000000000001b,1921943668,164903351,41620,H1,035,01448031,482,A,49035,+40.6678828,-111.9242397,06,,G4020,Salt Lake,Salt Lake County,49,2022-05-02,66.42162321369072,1651449600000,"{""type"":""MultiPoint"",""coordinates"":[]}"
153_0000000000000000001b,1921943668,164903351,41620,H1,035,01448031,482,A,49035,+40.6678828,-111.9242397,06,,G4020,Salt Lake,Salt Lake County,49,2022-05-03,56.97886445627444,1651536000000,"{""type"":""MultiPoint"",""coordinates"":[]}"
154_0000000000000000001b,1921943668,164903351,41620,H1,035,01448031,482,A,49035,+40.6678828,-111.9242397,06,,G4020,Salt Lake,Salt Lake County,49,2022-05-04,71.20715472629061,1651622400000,"{""type"":""MultiPoint"",""coordinates"":[]}"
155_0000000000000000001b,1921943668,164903351,41620,H1,035,01448031,482,A,49035,+40.6678828,-111.9242397,06,,G4020,Salt Lake,Salt Lake County,49,2022-05-05,58.59237396186381,1651708800000,"{""type"":""MultiPoint"",""coordinates"":[]}"
156_0000000000000000001b,1921943668,164903351,41620,H1,035,01448031,482,A,49035,+40.6678828,-111.9242397,06,,G4020,Salt Lake,Salt Lake County,49,2022-05-06,40.97148990701742,1651795200000,"{""type"":""MultiPoint"",""coordinates"":[]}"
157_0000000000000000001b,1921943668,164903351,41620,H1,035,01448031,482,A,49035,+40.6678828,-111.9242397,06,,G4020,Salt Lake,Salt Lake County,49,2022-05-07,42.02233281500996,1651881600000,"{""type"":""MultiPoint"",""coordinates"":[]}"
158_0000000000000000001b,1921943668,164903351,41620,H1,035,01448031,482,A,49035,+40.6678828,-111.9242397,06,,G4020,Salt Lake,Salt Lake County,49,2022-05-08,42.300351185868905,1651968000000,"{""type"":""MultiPoint"",""coordinates"":[]}"
159_0000000000000000001b,1921943668,164903351,41620,H1,035,01448031,482,A,49035,+40.6678828,-111.9242397,06,,G4020,Salt Lake,Salt Lake County,49,2022-05-09,50.20259556890828,1652054400000,"{""type"":""MultiPoint"",""coordinates"":[]}"
160_0000000000000000001b,1921943668,164903351,41620,H1,035,01448031,482,A,49035,+40.6678828,-111.9242397,06,,G4020,Salt Lake,Salt Lake County,49,2022-05-10,42.802833524503356,1652140800000,"{""type"":""MultiPoint"",""coordinates"":[]}"
161_0000000000000000001b,1921943668,164903351,41620,H1,035,01448031,482,A,49035,+40.6678828,-111.9242397,06,,G4020,Salt Lake,Salt Lake County,49,2022-05-11,41.388925936975774,1652227200000,"{""type"":""MultiPoint"",""coordinates"":[]}"
162_0000000000000000001b,1921943668,164903351,41620,H1,035,01448031,482,A,49035,+40.6678828,-111.9242397,06,,G4020,Salt Lake,Salt Lake County,49,2022-05-12,51.150444583121,1652313600000,"{""type"":""MultiPoint"",""coordinates"":[]}"
163_0000000000000000001b,1921943668,164903351,41620,H1,035,01448031,482,A,49035,+40.6678828,-111.9242397,06,,G4020,Salt Lake,Salt Lake County,49,2022-05-13,40.172062761241776,1652400000000,"{""type"":""MultiPoint"",""coordinates"":[]}"
164_0000000000000000001b,1921943668,164903351,41620,H1,035,01448031,482,A,49035,+40.6678828,-111.9242397,06,,G4020,Salt Lake,Salt Lake County,49,2022-05-14,42.58930926247015,1652486400000,"{""type"":""MultiPoint"",""coordinates"":[]}"
165_0000000000000000001b,1921943668,164903351,41620,H1,035,01448031,482,A,49035,+40.6678828,-111.9242397,06,,G4020,Salt Lake,Salt Lake County,49,2022-05-15,38.25632543130546,1652572800000,"{""type"":""MultiPoint"",""coordinates"":[]}"
166_0000000000000000001b,1921943668,164903351,41620,H1,035,01448031,482,A,49035,+40.6678828,-111.9242397,06,,G4020,Salt Lake,Salt Lake County,49,2022-05-16,41.05693330543326,1652659200000,"{""type"":""MultiPoint"",""coordinates"":[]}"
167_0000000000000000001b,1921943668,164903351,41620,H1,035,01448031,482,A,49035,+40.6678828,-111.9242397,06,,G4020,Salt Lake,Salt Lake County,49,2022-05-17,44.29414617017431,1652745600000,"{""type"":""MultiPoint"",""coordinates"":[]}"
168_0000000000000000001b,1921943668,164903351,41620,H1,035,01448031,482,A,49035,+40.6678828,-111.9242397,06,,G4020,Salt Lake,Salt Lake County,49,2022-05-18,39.38394121424929,1652832000000,"{""type"":""MultiPoint"",""coordinates"":[]}"
169_0000000000000000001b,1921943668,164903351,41620,H1,035,01448031,482,A,49035,+40.6678828,-111.9242397,06,,G4020,Salt Lake,Salt Lake County,49,2022-05-19,37.11820308920228,1652918400000,"{""type"":""MultiPoint"",""coordinates"":[]}"
170_0000000000000000001b,1921943668,164903351,41620,H1,035,01448031,482,A,49035,+40.6678828,-111.9242397,06,,G4020,Salt Lake,Salt Lake County,49,2022-05-20,40.309720737405,1653004800000,"{""type"":""MultiPoint"",""coordinates"":[]}"
171_0000000000000000001b,1921943668,164903351,41620,H1,035,01448031,482,A,49035,+40.6678828,-111.9242397,06,,G4020,Salt Lake,Salt Lake County,49,2022-05-21,40.19828207277128,1653091200000,"{""type"":""MultiPoint"",""coordinates"":[]}"
172_0000000000000000001b,1921943668,164903351,41620,H1,035,01448031,482,A,49035,+40.6678828,-111.9242397,06,,G4020,Salt Lake,Salt Lake County,49,2022-05-22,32.51224899002608,1653177600000,"{""type"":""MultiPoint"",""coordinates"":[]}"
173_0000000000000000001b,1921943668,164903351,41620,H1,035,01448031,482,A,49035,+40.6678828,-111.9242397,06,,G4020,Salt Lake,Salt Lake County,49,2022-05-23,40.95323066300853,1653264000000,"{""type"":""MultiPoint"",""coordinates"":[]}"
174_0000000000000000001b,1921943668,164903351,41620,H1,035,01448031,482,A,49035,+40.6678828,-111.9242397,06,,G4020,Salt Lake,Salt Lake County,49,2022-05-24,37.402831835233705,1653350400000,"{""type"":""MultiPoint"",""coordinates"":[]}"
175_0000000000000000001b,1921943668,164903351,41620,H1,035,01448031,482,A,49035,+40.6678828,-111.9242397,06,,G4020,Salt Lake,Salt Lake County,49,2022-05-25,36.65550334672627,1653436800000,"{""type"":""MultiPoint"",""coordinates"":[]}"
176_0000000000000000001b,1921943668,164903351,41620,H1,035,01448031,482,A,49035,+40.6678828,-111.9242397,06,,G4020,Salt Lake,Salt Lake County,49,2022-05-26,33.890302754365734,1653523200000,"{""type"":""MultiPoint"",""coordinates"":[]}"
177_0000000000000000001b,1921943668,164903351,41620,H1,035,01448031,482,A,49035,+40.6678828,-111.9242397,06,,G4020,Salt Lake,Salt Lake County,49,2022-05-27,25.619967469880507,1653609600000,"{""type"":""MultiPoint"",""coordinates"":[]}"
178_0000000000000000001b,1921943668,164903351,41620,H1,035,01448031,482,A,49035,+40.6678828,-111.9242397,06,,G4020,Salt Lake,Salt Lake County,49,2022-05-28,53.94025900630006,1653696000000,"{""type"":""MultiPoint"",""coordinates"":[]}"
179_0000000000000000001b,1921943668,164903351,41620,H1,035,01448031,482,A,49035,+40.6678828,-111.9242397,06,,G4020,Salt Lake,Salt Lake County,49,2022-05-29,72.50045746317431,1653782400000,"{""type"":""MultiPoint"",""coordinates"":[]}"
180_0000000000000000001b,1921943668,164903351,41620,H1,035,01448031,482,A,49035,+40.6678828,-111.9242397,06,,G4020,Salt Lake,Salt Lake County,49,2022-05-30,83.90811165812597,1653868800000,"{""type"":""MultiPoint"",""coordinates"":[]}"
181_0000000000000000001b,1921943668,164903351,41620,H1,035,01448031,482,A,49035,+40.6678828,-111.9242397,06,,G4020,Salt Lake,Salt Lake County,49,2022-05-31,69.67784936733781,1653955200000,"{""type"":""MultiPoint"",""coordinates"":[]}"
182_0000000000000000001b,1921943668,164903351,41620,H1,035,01448031,482,A,49035,+40.6678828,-111.9242397,06,,G4020,Salt Lake,Salt Lake County,49,2022-06-01,60.567844018912346,1654041600000,"{""type"":""MultiPoint"",""coordinates"":[]}"
183_0000000000000000001b,1921943668,164903351,41620,H1,035,01448031,482,A,49035,+40.6678828,-111.9242397,06,,G4020,Salt Lake,Salt Lake County,49,2022-06-02,49.974776517106434,1654128000000,"{""type"":""MultiPoint"",""coordinates"":[]}"
184_0000000000000000001b,1921943668,164903351,41620,H1,035,01448031,482,A,49035,+40.6678828,-111.9242397,06,,G4020,Salt Lake,Salt Lake County,49,2022-06-03,41.73211894444811,1654214400000,"{""type"":""MultiPoint"",""coordinates"":[]}"
185_0000000000000000001b,1921943668,164903351,41620,H1,035,01448031,482,A,49035,+40.6678828,-111.9242397,06,,G4020,Salt Lake,Salt Lake County,49,2022-06-04,39.6206604504319,1654300800000,"{""type"":""MultiPoint"",""coordinates"":[]}"
186_0000000000000000001b,1921943668,164903351,41620,H1,035,01448031,482,A,49035,+40.6678828,-111.9242397,06,,G4020,Salt Lake,Salt Lake County,49,2022-06-05,47.13230379681678,1654387200000,"{""type"":""MultiPoint"",""coordinates"":[]}"
187_0000000000000000001b,1921943668,164903351,41620,H1,035,01448031,482,A,49035,+40.6678828,-111.9242397,06,,G4020,Salt Lake,Salt Lake County,49,2022-06-06,55.177345240563504,1654473600000,"{""type"":""MultiPoint"",""coordinates"":[]}"
188_0000000000000000001b,1921943668,164903351,41620,H1,035,01448031,482,A,49035,+40.6678828,-111.9242397,06,,G4020,Salt Lake,Salt Lake County,49,2022-06-07,40.96079063490527,1654560000000,"{""type"":""MultiPoint"",""coordinates"":[]}"
189_0000000000000000001b,1921943668,164903351,41620,H1,035,01448031,482,A,49035,+40.6678828,-111.9242397,06,,G4020,Salt Lake,Salt Lake County,49,2022-06-08,34.83822445552248,1654646400000,"{""type"":""MultiPoint"",""coordinates"":[]}"
190_0000000000000000001b,1921943668,164903351,41620,H1,035,01448031,482,A,49035,+40.6678828,-111.9242397,06,,G4020,Salt Lake,Salt Lake County,49,2022-06-09,38.82140259089246,1654732800000,"{""type"":""MultiPoint"",""coordinates"":[]}"
191_0000000000000000001b,1921943668,164903351,41620,H1,035,01448031,482,A,49035,+40.6678828,-111.9242397,06,,G4020,Salt Lake,Salt Lake County,49,2022-06-10,36.68008363199799,1654819200000,"{""type"":""MultiPoint"",""coordinates"":[]}"
192_0000000000000000001b,1921943668,164903351,41620,H1,035,01448031,482,A,49035,+40.6678828,-111.9242397,06,,G4020,Salt Lake,Salt Lake County,49,2022-06-11,34.36665976784119,1654905600000,"{""type"":""MultiPoint"",""coordinates"":[]}"
193_0000000000000000001b,1921943668,164903351,41620,H1,035,01448031,482,A,49035,+40.6678828,-111.9242397,06,,G4020,Salt Lake,Salt Lake County,49,2022-06-12,27.695319079921312,1654992000000,"{""type"":""MultiPoint"",""coordinates"":[]}"
194_0000000000000000001b,1921943668,164903351,41620,H1,035,01448031,482,A,49035,+40.6678828,-111.9242397,06,,G4020,Salt Lake,Salt Lake County,49,2022-06-13,46.708173616598,1655078400000,"{""type"":""MultiPoint"",""coordinates"":[]}"
195_0000000000000000001b,1921943668,164903351,41620,H1,035,01448031,482,A,49035,+40.6678828,-111.9242397,06,,G4020,Salt Lake,Salt Lake County,49,2022-06-14,48.16339180040791,1655164800000,"{""type"":""MultiPoint"",""coordinates"":[]}"
196_0000000000000000001b,1921943668,164903351,41620,H1,035,01448031,482,A,49035,+40.6678828,-111.9242397,06,,G4020,Salt Lake,Salt Lake County,49,2022-06-15,38.99185651418698,1655251200000,"{""type"":""MultiPoint"",""coordinates"":[]}"
197_0000000000000000001b,1921943668,164903351,41620,H1,035,01448031,482,A,49035,+40.6678828,-111.9242397,06,,G4020,Salt Lake,Salt Lake County,49,2022-06-16,32.27832465959484,1655337600000,"{""type"":""MultiPoint"",""coordinates"":[]}"
198_0000000000000000001b,1921943668,164903351,41620,H1,035,01448031,482,A,49035,+40.6678828,-111.9242397,06,,G4020,Salt Lake,Salt Lake County,49,2022-06-17,19.266436292822753,1655424000000,"{""type"":""MultiPoint"",""coordinates"":[]}"
199_0000000000000000001b,1921943668,164903351,41620,H1,035,01448031,482,A,49035,+40.6678828,-111.9242397,06,,G4020,Salt Lake,Salt Lake County,49,2022-06-18,15.949660694665203,1655510400000,"{""type"":""MultiPoint"",""coordinates"":[]}"
200_0000000000000000001b,1921943668,164903351,41620,H1,035,01448031,482,A,49035,+40.6678828,-111.9242397,06,,G4020,Salt Lake,Salt Lake County,49,2022-06-19,26.672160212257083,1655596800000,"{""type"":""MultiPoint"",""coordinates"":[]}"
201_0000000000000000001b,1921943668,164903351,41620,H1,035,01448031,482,A,49035,+40.6678828,-111.9242397,06,,G4020,Salt Lake,Salt Lake County,49,2022-06-20,42.67696656475813,1655683200000,"{""type"":""MultiPoint"",""coordinates"":[]}"
202_0000000000000000001b,1921943668,164903351,41620,H1,035,01448031,482,A,49035,+40.6678828,-111.9242397,06,,G4020,Salt Lake,Salt Lake County,49,2022-06-21,32.314207766214615,1655769600000,"{""type"":""MultiPoint"",""coordinates"":[]}"
203_0000000000000000001b,1921943668,164903351,41620,H1,035,01448031,482,A,49035,+40.6678828,-111.9242397,06,,G4020,Salt Lake,Salt Lake County,49,2022-06-22,31.847515900364773,1655856000000,"{""type"":""MultiPoint"",""coordinates"":[]}"
204_0000000000000000001b,1921943668,164903351,41620,H1,035,01448031,482,A,49035,+40.6678828,-111.9242397,06,,G4020,Salt Lake,Salt Lake County,49,2022-06-23,27.720196833507288,1655942400000,"{""type"":""MultiPoint"",""coordinates"":[]}"
205_0000000000000000001b,1921943668,164903351,41620,H1,035,01448031,482,A,49035,+40.6678828,-111.9242397,06,,G4020,Salt Lake,Salt Lake County,49,2022-06-24,37.999119139453725,1656028800000,"{""type"":""MultiPoint"",""coordinates"":[]}"
206_0000000000000000001b,1921943668,164903351,41620,H1,035,01448031,482,A,49035,+40.6678828,-111.9242397,06,,G4020,Salt Lake,Salt Lake County,49,2022-06-25,31.401173605674796,1656115200000,"{""type"":""MultiPoint"",""coordinates"":[]}"
207_0000000000000000001b,1921943668,164903351,41620,H1,035,01448031,482,A,49035,+40.6678828,-111.9242397,06,,G4020,Salt Lake,Salt Lake County,49,2022-06-26,29.766277367540866,1656201600000,"{""type"":""MultiPoint"",""coordinates"":[]}"
208_0000000000000000001b,1921943668,164903351,41620,H1,035,01448031,482,A,49035,+40.6678828,-111.9242397,06,,G4020,Salt Lake,Salt Lake County,49,2022-06-27,27.855994752624767,1656288000000,"{""type"":""MultiPoint"",""coordinates"":[]}"
209_0000000000000000001b,1921943668,164903351,41620,H1,035,01448031,482,A,49035,+40.6678828,-111.9242397,06,,G4020,Salt Lake,Salt Lake County,49,2022-06-28,25.06632302203952,1656374400000,"{""type"":""MultiPoint"",""coordinates"":[]}"
210_0000000000000000001b,1921943668,164903351,41620,H1,035,01448031,482,A,49035,+40.6678828,-111.9242397,06,,G4020,Salt Lake,Salt Lake County,49,2022-06-29,24.470467902145483,1656460800000,"{""type"":""MultiPoint"",""coordinates"":[]}"
211_0000000000000000001b,1921943668,164903351,41620,H1,035,01448031,482,A,49035,+40.6678828,-111.9242397,06,,G4020,Salt Lake,Salt Lake County,49,2022-06-30,33.73036505652932,1656547200000,"{""type"":""MultiPoint"",""coordinates"":[]}"
212_0000000000000000001b,1921943668,164903351,41620,H1,035,01448031,482,A,49035,+40.6678828,-111.9242397,06,,G4020,Salt Lake,Salt Lake County,49,2022-07-01,35.441834807688544,1656633600000,"{""type"":""MultiPoint"",""coordinates"":[]}"
213_0000000000000000001b,1921943668,164903351,41620,H1,035,01448031,482,A,49035,+40.6678828,-111.9242397,06,,G4020,Salt Lake,Salt Lake County,49,2022-07-02,28.00870839213989,1656720000000,"{""type"":""MultiPoint"",""coordinates"":[]}"
214_0000000000000000001b,1921943668,164903351,41620,H1,035,01448031,482,A,49035,+40.6678828,-111.9242397,06,,G4020,Salt Lake,Salt Lake County,49,2022-07-03,16.955772007144684,1656806400000,"{""type"":""MultiPoint"",""coordinates"":[]}"
215_0000000000000000001b,1921943668,164903351,41620,H1,035,01448031,482,A,49035,+40.6678828,-111.9242397,06,,G4020,Salt Lake,Salt Lake County,49,2022-07-04,12.93151014448711,1656892800000,"{""type"":""MultiPoint"",""coordinates"":[]}"
216_0000000000000000001b,1921943668,164903351,41620,H1,035,01448031,482,A,49035,+40.6678828,-111.9242397,06,,G4020,Salt Lake,Salt Lake County,49,2022-07-05,14.886403644289015,1656979200000,"{""type"":""MultiPoint"",""coordinates"":[]}"
217_0000000000000000001b,1921943668,164903351,41620,H1,035,01448031,482,A,49035,+40.6678828,-111.9242397,06,,G4020,Salt Lake,Salt Lake County,49,2022-07-06,21.66752732064087,1657065600000,"{""type"":""MultiPoint"",""coordinates"":[]}"
218_0000000000000000001b,1921943668,164903351,41620,H1,035,01448031,482,A,49035,+40.6678828,-111.9242397,06,,G4020,Salt Lake,Salt Lake County,49,2022-07-07,17.28642101008397,1657152000000,"{""type"":""MultiPoint"",""coordinates"":[]}"
219_0000000000000000001b,1921943668,164903351,41620,H1,035,01448031,482,A,49035,+40.6678828,-111.9242397,06,,G4020,Salt Lake,Salt Lake County,49,2022-07-08,16.206190685126735,1657238400000,"{""type"":""MultiPoint"",""coordinates"":[]}"
220_0000000000000000001b,1921943668,164903351,41620,H1,035,01448031,482,A,49035,+40.6678828,-111.9242397,06,,G4020,Salt Lake,Salt Lake County,49,2022-07-09,15.429472535699842,1657324800000,"{""type"":""MultiPoint"",""coordinates"":[]}"
221_0000000000000000001b,1921943668,164903351,41620,H1,035,01448031,482,A,49035,+40.6678828,-111.9242397,06,,G4020,Salt Lake,Salt Lake County,49,2022-07-10,19.66654454050046,1657411200000,"{""type"":""MultiPoint"",""coordinates"":[]}"
222_0000000000000000001b,1921943668,164903351,41620,H1,035,01448031,482,A,49035,+40.6678828,-111.9242397,06,,G4020,Salt Lake,Salt Lake County,49,2022-07-11,26.155379290300655,1657497600000,"{""type"":""MultiPoint"",""coordinates"":[]}"
223_0000000000000000001b,1921943668,164903351,41620,H1,035,01448031,482,A,49035,+40.6678828,-111.9242397,06,,G4020,Salt Lake,Salt Lake County,49,2022-07-12,25.325407697796027,1657584000000,"{""type"":""MultiPoint"",""coordinates"":[]}"
224_0000000000000000001b,1921943668,164903351,41620,H1,035,01448031,482,A,49035,+40.6678828,-111.9242397,06,,G4020,Salt Lake,Salt Lake County,49,2022-07-13,25.64161413231964,1657670400000,"{""type"":""MultiPoint"",""coordinates"":[]}"
225_0000000000000000001b,1921943668,164903351,41620,H1,035,01448031,482,A,49035,+40.6678828,-111.9242397,06,,G4020,Salt Lake,Salt Lake County,49,2022-07-14,27.381433553808815,1657756800000,"{""type"":""MultiPoint"",""coordinates"":[]}"
226_0000000000000000001b,1921943668,164903351,41620,H1,035,01448031,482,A,49035,+40.6678828,-111.9242397,06,,G4020,Salt Lake,Salt Lake County,49,2022-07-15,45.322851134778034,1657843200000,"{""type"":""MultiPoint"",""coordinates"":[]}"
227_0000000000000000001b,1921943668,164903351,41620,H1,035,01448031,482,A,49035,+40.6678828,-111.9242397,06,,G4020,Salt Lake,Salt Lake County,49,2022-07-16,41.24263989511811,1657929600000,"{""type"":""MultiPoint"",""coordinates"":[]}"
228_0000000000000000001b,1921943668,164903351,41620,H1,035,01448031,482,A,49035,+40.6678828,-111.9242397,06,,G4020,Salt Lake,Salt Lake County,49,2022-07-17,28.11020194510995,1658016000000,"{""type"":""MultiPoint"",""coordinates"":[]}"
229_0000000000000000001b,1921943668,164903351,41620,H1,035,01448031,482,A,49035,+40.6678828,-111.9242397,06,,G4020,Salt Lake,Salt Lake County,49,2022-07-18,29.4527852774322,1658102400000,"{""type"":""MultiPoint"",""coordinates"":[]}"
230_0000000000000000001b,1921943668,164903351,41620,H1,035,01448031,482,A,49035,+40.6678828,-111.9242397,06,,G4020,Salt Lake,Salt Lake County,49,2022-07-19,38.19189414029023,1658188800000,"{""type"":""MultiPoint"",""coordinates"":[]}"
231_0000000000000000001b,1921943668,164903351,41620,H1,035,01448031,482,A,49035,+40.6678828,-111.9242397,06,,G4020,Salt Lake,Salt Lake County,49,2022-07-20,39.68455757494054,1658275200000,"{""type"":""MultiPoint"",""coordinates"":[]}"
232_0000000000000000001b,1921943668,164903351,41620,H1,035,01448031,482,A,49035,+40.6678828,-111.9242397,06,,G4020,Salt Lake,Salt Lake County,49,2022-07-21,33.16049833685452,1658361600000,"{""type"":""MultiPoint"",""coordinates"":[]}"
233_0000000000000000001b,1921943668,164903351,41620,H1,035,01448031,482,A,49035,+40.6678828,-111.9242397,06,,G4020,Salt Lake,Salt Lake County,49,2022-07-22,28.746559537262648,1658448000000,"{""type"":""MultiPoint"",""coordinates"":[]}"
234_0000000000000000001b,1921943668,164903351,41620,H1,035,01448031,482,A,49035,+40.6678828,-111.9242397,06,,G4020,Salt Lake,Salt Lake County,49,2022-07-23,30.293958468008416,1658534400000,"{""type"":""MultiPoint"",""coordinates"":[]}"
235_0000000000000000001b,1921943668,164903351,41620,H1,035,01448031,482,A,49035,+40.6678828,-111.9242397,06,,G4020,Salt Lake,Salt Lake County,49,2022-07-24,33.18228891337078,1658620800000,"{""type"":""MultiPoint"",""coordinates"":[]}"
236_0000000000000000001b,1921943668,164903351,41620,H1,035,01448031,482,A,49035,+40.6678828,-111.9242397,06,,G4020,Salt Lake,Salt Lake County,49,2022-07-25,40.63371049163956,1658707200000,"{""type"":""MultiPoint"",""coordinates"":[]}"
237_0000000000000000001b,1921943668,164903351,41620,H1,035,01448031,482,A,49035,+40.6678828,-111.9242397,06,,G4020,Salt Lake,Salt Lake County,49,2022-07-26,30.812868991561068,1658793600000,"{""type"":""MultiPoint"",""coordinates"":[]}"
238_0000000000000000001b,1921943668,164903351,41620,H1,035,01448031,482,A,49035,+40.6678828,-111.9242397,06,,G4020,Salt Lake,Salt Lake County,49,2022-07-27,24.366573080557167,1658880000000,"{""type"":""MultiPoint"",""coordinates"":[]}"
239_0000000000000000001b,1921943668,164903351,41620,H1,035,01448031,482,A,49035,+40.6678828,-111.9242397,06,,G4020,Salt Lake,Salt Lake County,49,2022-07-28,25.2260118258834,1658966400000,"{""type"":""MultiPoint"",""coordinates"":[]}"
240_0000000000000000001b,1921943668,164903351,41620,H1,035,01448031,482,A,49035,+40.6678828,-111.9242397,06,,G4020,Salt Lake,Salt Lake County,49,2022-07-29,33.867452777395656,1659052800000,"{""type"":""MultiPoint"",""coordinates"":[]}"
241_0000000000000000001b,1921943668,164903351,41620,H1,035,01448031,482,A,49035,+40.6678828,-111.9242397,06,,G4020,Salt Lake,Salt Lake County,49,2022-07-30,37.92376032920259,1659139200000,"{""type"":""MultiPoint"",""coordinates"":[]}"
242_0000000000000000001b,1921943668,164903351,41620,H1,035,01448031,482,A,49035,+40.6678828,-111.9242397,06,,G4020,Salt Lake,Salt Lake County,49,2022-07-31,35.878601498919146,1659225600000,"{""type"":""MultiPoint"",""coordinates"":[]}"
243_0000000000000000001b,1921943668,164903351,41620,H1,035,01448031,482,A,49035,+40.6678828,-111.9242397,06,,G4020,Salt Lake,Salt Lake County,49,2022-08-01,38.15286014352594,1659312000000,"{""type"":""MultiPoint"",""coordinates"":[]}"
244_0000000000000000001b,1921943668,164903351,41620,H1,035,01448031,482,A,49035,+40.6678828,-111.9242397,06,,G4020,Salt Lake,Salt Lake County,49,2022-08-02,68.01939153997527,1659398400000,"{""type"":""MultiPoint"",""coordinates"":[]}"
245_0000000000000000001b,1921943668,164903351,41620,H1,035,01448031,482,A,49035,+40.6678828,-111.9242397,06,,G4020,Salt Lake,Salt Lake County,49,2022-08-03,54.003948898604655,1659484800000,"{""type"":""MultiPoint"",""coordinates"":[]}"
246_0000000000000000001b,1921943668,164903351,41620,H1,035,01448031,482,A,49035,+40.6678828,-111.9242397,06,,G4020,Salt Lake,Salt Lake County,49,2022-08-04,43.885756694135786,1659571200000,"{""type"":""MultiPoint"",""coordinates"":[]}"
247_0000000000000000001b,1921943668,164903351,41620,H1,035,01448031,482,A,49035,+40.6678828,-111.9242397,06,,G4020,Salt Lake,Salt Lake County,49,2022-08-05,46.11012078406121,1659657600000,"{""type"":""MultiPoint"",""coordinates"":[]}"
248_0000000000000000001b,1921943668,164903351,41620,H1,035,01448031,482,A,49035,+40.6678828,-111.9242397,06,,G4020,Salt Lake,Salt Lake County,49,2022-08-06,73.48586829329581,1659744000000,"{""type"":""MultiPoint"",""coordinates"":[]}"
249_0000000000000000001b,1921943668,164903351,41620,H1,035,01448031,482,A,49035,+40.6678828,-111.9242397,06,,G4020,Salt Lake,Salt Lake County,49,2022-08-07,66.95493231626017,1659830400000,"{""type"":""MultiPoint"",""coordinates"":[]}"
250_0000000000000000001b,1921943668,164903351,41620,H1,035,01448031,482,A,49035,+40.6678828,-111.9242397,06,,G4020,Salt Lake,Salt Lake County,49,2022-08-08,48.165564106704316,1659916800000,"{""type"":""MultiPoint"",""coordinates"":[]}"
251_0000000000000000001b,1921943668,164903351,41620,H1,035,01448031,482,A,49035,+40.6678828,-111.9242397,06,,G4020,Salt Lake,Salt Lake County,49,2022-08-09,41.0620246098874,1660003200000,"{""type"":""MultiPoint"",""coordinates"":[]}"
252_0000000000000000001b,1921943668,164903351,41620,H1,035,01448031,482,A,49035,+40.6678828,-111.9242397,06,,G4020,Salt Lake,Salt Lake County,49,2022-08-10,44.32303196170023,1660089600000,"{""type"":""MultiPoint"",""coordinates"":[]}"
253_0000000000000000001b,1921943668,164903351,41620,H1,035,01448031,482,A,49035,+40.6678828,-111.9242397,06,,G4020,Salt Lake,Salt Lake County,49,2022-08-11,64.91390279762028,1660176000000,"{""type"":""MultiPoint"",""coordinates"":[]}"
254_0000000000000000001b,1921943668,164903351,41620,H1,035,01448031,482,A,49035,+40.6678828,-111.9242397,06,,G4020,Salt Lake,Salt Lake County,49,2022-08-12,60.4130494802687,1660262400000,"{""type"":""MultiPoint"",""coordinates"":[]}"
255_0000000000000000001b,1921943668,164903351,41620,H1,035,01448031,482,A,49035,+40.6678828,-111.9242397,06,,G4020,Salt Lake,Salt Lake County,49,2022-08-13,57.11782114910041,1660348800000,"{""type"":""MultiPoint"",""coordinates"":[]}"
256_0000000000000000001b,1921943668,164903351,41620,H1,035,01448031,482,A,49035,+40.6678828,-111.9242397,06,,G4020,Salt Lake,Salt Lake County,49,2022-08-14,66.05991605299899,1660435200000,"{""type"":""MultiPoint"",""coordinates"":[]}"
257_0000000000000000001b,1921943668,164903351,41620,H1,035,01448031,482,A,49035,+40.6678828,-111.9242397,06,,G4020,Salt Lake,Salt Lake County,49,2022-08-15,50.98756923776979,1660521600000,"{""type"":""MultiPoint"",""coordinates"":[]}"
258_0000000000000000001b,1921943668,164903351,41620,H1,035,01448031,482,A,49035,+40.6678828,-111.9242397,06,,G4020,Salt Lake,Salt Lake County,49,2022-08-16,43.22598776394508,1660608000000,"{""type"":""MultiPoint"",""coordinates"":[]}"
259_0000000000000000001b,1921943668,164903351,41620,H1,035,01448031,482,A,49035,+40.6678828,-111.9242397,06,,G4020,Salt Lake,Salt Lake County,49,2022-08-17,37.34016565395973,1660694400000,"{""type"":""MultiPoint"",""coordinates"":[]}"
260_0000000000000000001b,1921943668,164903351,41620,H1,035,01448031,482,A,49035,+40.6678828,-111.9242397,06,,G4020,Salt Lake,Salt Lake County,49,2022-08-18,35.21333369074838,1660780800000,"{""type"":""MultiPoint"",""coordinates"":[]}"
261_0000000000000000001b,1921943668,164903351,41620,H1,035,01448031,482,A,49035,+40.6678828,-111.9242397,06,,G4020,Salt Lake,Salt Lake County,49,2022-08-19,46.42064273564211,1660867200000,"{""type"":""MultiPoint"",""coordinates"":[]}"
262_0000000000000000001b,1921943668,164903351,41620,H1,035,01448031,482,A,49035,+40.6678828,-111.9242397,06,,G4020,Salt Lake,Salt Lake County,49,2022-08-20,65.90735481716644,1660953600000,"{""type"":""MultiPoint"",""coordinates"":[]}"
263_0000000000000000001b,1921943668,164903351,41620,H1,035,01448031,482,A,49035,+40.6678828,-111.9242397,06,,G4020,Salt Lake,Salt Lake County,49,2022-08-21,59.69202758491776,1661040000000,"{""type"":""MultiPoint"",""coordinates"":[]}"
264_0000000000000000001b,1921943668,164903351,41620,H1,035,01448031,482,A,49035,+40.6678828,-111.9242397,06,,G4020,Salt Lake,Salt Lake County,49,2022-08-22,50.76312573740853,1661126400000,"{""type"":""MultiPoint"",""coordinates"":[]}"
265_0000000000000000001b,1921943668,164903351,41620,H1,035,01448031,482,A,49035,+40.6678828,-111.9242397,06,,G4020,Salt Lake,Salt Lake County,49,2022-08-23,41.70632494095486,1661212800000,"{""type"":""MultiPoint"",""coordinates"":[]}"
266_0000000000000000001b,1921943668,164903351,41620,H1,035,01448031,482,A,49035,+40.6678828,-111.9242397,06,,G4020,Salt Lake,Salt Lake County,49,2022-08-24,34.11965005150893,1661299200000,"{""type"":""MultiPoint"",""coordinates"":[]}"
267_0000000000000000001b,1921943668,164903351,41620,H1,035,01448031,482,A,49035,+40.6678828,-111.9242397,06,,G4020,Salt Lake,Salt Lake County,49,2022-08-25,44.07754064095563,1661385600000,"{""type"":""MultiPoint"",""coordinates"":[]}"
268_0000000000000000001b,1921943668,164903351,41620,H1,035,01448031,482,A,49035,+40.6678828,-111.9242397,06,,G4020,Salt Lake,Salt Lake County,49,2022-08-26,39.25511209329955,1661472000000,"{""type"":""MultiPoint"",""coordinates"":[]}"
269_0000000000000000001b,1921943668,164903351,41620,H1,035,01448031,482,A,49035,+40.6678828,-111.9242397,06,,G4020,Salt Lake,Salt Lake County,49,2022-08-27,30.193821354311478,1661558400000,"{""type"":""MultiPoint"",""coordinates"":[]}"
270_0000000000000000001b,1921943668,164903351,41620,H1,035,01448031,482,A,49035,+40.6678828,-111.9242397,06,,G4020,Salt Lake,Salt Lake County,49,2022-08-28,30.758080524741235,1661644800000,"{""type"":""MultiPoint"",""coordinates"":[]}"
271_0000000000000000001b,1921943668,164903351,41620,H1,035,01448031,482,A,49035,+40.6678828,-111.9242397,06,,G4020,Salt Lake,Salt Lake County,49,2022-08-29,32.411280411271264,1661731200000,"{""type"":""MultiPoint"",""coordinates"":[]}"
272_0000000000000000001b,1921943668,164903351,41620,H1,035,01448031,482,A,49035,+40.6678828,-111.9242397,06,,G4020,Salt Lake,Salt Lake County,49,2022-08-30,29.685359053596176,1661817600000,"{""type"":""MultiPoint"",""coordinates"":[]}"
273_0000000000000000001b,1921943668,164903351,41620,H1,035,01448031,482,A,49035,+40.6678828,-111.9242397,06,,G4020,Salt Lake,Salt Lake County,49,2022-08-31,28.582133304971933,1661904000000,"{""type"":""MultiPoint"",""coordinates"":[]}"
274_0000000000000000001b,1921943668,164903351,41620,H1,035,01448031,482,A,49035,+40.6678828,-111.9242397,06,,G4020,Salt Lake,Salt Lake County,49,2022-09-01,28.295395578615604,1661990400000,"{""type"":""MultiPoint"",""coordinates"":[]}"
275_0000000000000000001b,1921943668,164903351,41620,H1,035,01448031,482,A,49035,+40.6678828,-111.9242397,06,,G4020,Salt Lake,Salt Lake County,49,2022-09-02,23.565069305787574,1662076800000,"{""type"":""MultiPoint"",""coordinates"":[]}"
276_0000000000000000001b,1921943668,164903351,41620,H1,035,01448031,482,A,49035,+40.6678828,-111.9242397,06,,G4020,Salt Lake,Salt Lake County,49,2022-09-03,23.81073011118622,1662163200000,"{""type"":""MultiPoint"",""coordinates"":[]}"
277_0000000000000000001b,1921943668,164903351,41620,H1,035,01448031,482,A,49035,+40.6678828,-111.9242397,06,,G4020,Salt Lake,Salt Lake County,49,2022-09-04,23.817970623650197,1662249600000,"{""type"":""MultiPoint"",""coordinates"":[]}"
278_0000000000000000001b,1921943668,164903351,41620,H1,035,01448031,482,A,49035,+40.6678828,-111.9242397,06,,G4020,Salt Lake,Salt Lake County,49,2022-09-05,26.23849726302013,1662336000000,"{""type"":""MultiPoint"",""coordinates"":[]}"
279_0000000000000000001b,1921943668,164903351,41620,H1,035,01448031,482,A,49035,+40.6678828,-111.9242397,06,,G4020,Salt Lake,Salt Lake County,49,2022-09-06,22.761177118432773,1662422400000,"{""type"":""MultiPoint"",""coordinates"":[]}"
280_0000000000000000001b,1921943668,164903351,41620,H1,035,01448031,482,A,49035,+40.6678828,-111.9242397,06,,G4020,Salt Lake,Salt Lake County,49,2022-09-07,25.766416769148694,1662508800000,"{""type"":""MultiPoint"",""coordinates"":[]}"
281_0000000000000000001b,1921943668,164903351,41620,H1,035,01448031,482,A,49035,+40.6678828,-111.9242397,06,,G4020,Salt Lake,Salt Lake County,49,2022-09-08,24.93335945990432,1662595200000,"{""type"":""MultiPoint"",""coordinates"":[]}"
282_0000000000000000001b,1921943668,164903351,41620,H1,035,01448031,482,A,49035,+40.6678828,-111.9242397,06,,G4020,Salt Lake,Salt Lake County,49,2022-09-09,27.337868420916912,1662681600000,"{""type"":""MultiPoint"",""coordinates"":[]}"
283_0000000000000000001b,1921943668,164903351,41620,H1,035,01448031,482,A,49035,+40.6678828,-111.9242397,06,,G4020,Salt Lake,Salt Lake County,49,2022-09-10,30.71084558579746,1662768000000,"{""type"":""MultiPoint"",""coordinates"":[]}"
284_0000000000000000001b,1921943668,164903351,41620,H1,035,01448031,482,A,49035,+40.6678828,-111.9242397,06,,G4020,Salt Lake,Salt Lake County,49,2022-09-11,30.686246146100274,1662854400000,"{""type"":""MultiPoint"",""coordinates"":[]}"
285_0000000000000000001b,1921943668,164903351,41620,H1,035,01448031,482,A,49035,+40.6678828,-111.9242397,06,,G4020,Salt Lake,Salt Lake County,49,2022-09-12,30.5217161302014,1662940800000,"{""type"":""MultiPoint"",""coordinates"":[]}"
286_0000000000000000001b,1921943668,164903351,41620,H1,035,01448031,482,A,49035,+40.6678828,-111.9242397,06,,G4020,Salt Lake,Salt Lake County,49,2022-09-13,36.408187134983784,1663027200000,"{""type"":""MultiPoint"",""coordinates"":[]}"
287_0000000000000000001b,1921943668,164903351,41620,H1,035,01448031,482,A,49035,+40.6678828,-111.9242397,06,,G4020,Salt Lake,Salt Lake County,49,2022-09-14,76.79236079623203,1663113600000,"{""type"":""MultiPoint"",""coordinates"":[]}"
288_0000000000000000001b,1921943668,164903351,41620,H1,035,01448031,482,A,49035,+40.6678828,-111.9242397,06,,G4020,Salt Lake,Salt Lake County,49,2022-09-15,72.00497072843511,1663200000000,"{""type"":""MultiPoint"",""coordinates"":[]}"
289_0000000000000000001b,1921943668,164903351,41620,H1,035,01448031,482,A,49035,+40.6678828,-111.9242397,06,,G4020,Salt Lake,Salt Lake County,49,2022-09-16,69.03808586622056,1663286400000,"{""type"":""MultiPoint"",""coordinates"":[]}"
290_0000000000000000001b,1921943668,164903351,41620,H1,035,01448031,482,A,49035,+40.6678828,-111.9242397,06,,G4020,Salt Lake,Salt Lake County,49,2022-09-17,60.743305084137646,1663372800000,"{""type"":""MultiPoint"",""coordinates"":[]}"
291_0000000000000000001b,1921943668,164903351,41620,H1,035,01448031,482,A,49035,+40.6678828,-111.9242397,06,,G4020,Salt Lake,Salt Lake County,49,2022-09-18,50.13913842026972,1663459200000,"{""type"":""MultiPoint"",""coordinates"":[]}"
292_0000000000000000001b,1921943668,164903351,41620,H1,035,01448031,482,A,49035,+40.6678828,-111.9242397,06,,G4020,Salt Lake,Salt Lake County,49,2022-09-19,30.49759048890463,1663545600000,"{""type"":""MultiPoint"",""coordinates"":[]}"
293_0000000000000000001b,1921943668,164903351,41620,H1,035,01448031,482,A,49035,+40.6678828,-111.9242397,06,,G4020,Salt Lake,Salt Lake County,49,2022-09-20,33.50108693998957,1663632000000,"{""type"":""MultiPoint"",""coordinates"":[]}"
294_0000000000000000001b,1921943668,164903351,41620,H1,035,01448031,482,A,49035,+40.6678828,-111.9242397,06,,G4020,Salt Lake,Salt Lake County,49,2022-09-21,49.129638033593494,1663718400000,"{""type"":""MultiPoint"",""coordinates"":[]}"
295_0000000000000000001b,1921943668,164903351,41620,H1,035,01448031,482,A,49035,+40.6678828,-111.9242397,06,,G4020,Salt Lake,Salt Lake County,49,2022-09-22,68.54796364742545,1663804800000,"{""type"":""MultiPoint"",""coordinates"":[]}"
296_0000000000000000001b,1921943668,164903351,41620,H1,035,01448031,482,A,49035,+40.6678828,-111.9242397,06,,G4020,Salt Lake,Salt Lake County,49,2022-09-23,50.93467147382281,1663891200000,"{""type"":""MultiPoint"",""coordinates"":[]}"
297_0000000000000000001b,1921943668,164903351,41620,H1,035,01448031,482,A,49035,+40.6678828,-111.9242397,06,,G4020,Salt Lake,Salt Lake County,49,2022-09-24,50.604212986972165,1663977600000,"{""type"":""MultiPoint"",""coordinates"":[]}"
298_0000000000000000001b,1921943668,164903351,41620,H1,035,01448031,482,A,49035,+40.6678828,-111.9242397,06,,G4020,Salt Lake,Salt Lake County,49,2022-09-25,47.72492964402852,1664064000000,"{""type"":""MultiPoint"",""coordinates"":[]}"
299_0000000000000000001b,1921943668,164903351,41620,H1,035,01448031,482,A,49035,+40.6678828,-111.9242397,06,,G4020,Salt Lake,Salt Lake County,49,2022-09-26,48.341026457833784,1664150400000,"{""type"":""MultiPoint"",""coordinates"":[]}"
300_0000000000000000001b,1921943668,164903351,41620,H1,035,01448031,482,A,49035,+40.6678828,-111.9242397,06,,G4020,Salt Lake,Salt Lake County,49,2022-09-27,41.06735792506145,1664236800000,"{""type"":""MultiPoint"",""coordinates"":[]}"
301_0000000000000000001b,1921943668,164903351,41620,H1,035,01448031,482,A,49035,+40.6678828,-111.9242397,06,,G4020,Salt Lake,Salt Lake County,49,2022-09-28,36.21638858580287,1664323200000,"{""type"":""MultiPoint"",""coordinates"":[]}"
302_0000000000000000001b,1921943668,164903351,41620,H1,035,01448031,482,A,49035,+40.6678828,-111.9242397,06,,G4020,Salt Lake,Salt Lake County,49,2022-09-29,49.34939347385326,1664409600000,"{""type"":""MultiPoint"",""coordinates"":[]}"
303_0000000000000000001b,1921943668,164903351,41620,H1,035,01448031,482,A,49035,+40.6678828,-111.9242397,06,,G4020,Salt Lake,Salt Lake County,49,2022-09-30,62.148032702467496,1664496000000,"{""type"":""MultiPoint"",""coordinates"":[]}"
304_0000000000000000001b,1921943668,164903351,41620,H1,035,01448031,482,A,49035,+40.6678828,-111.9242397,06,,G4020,Salt Lake,Salt Lake County,49,2022-10-01,57.06761356669871,1664582400000,"{""type"":""MultiPoint"",""coordinates"":[]}"
305_0000000000000000001b,1921943668,164903351,41620,H1,035,01448031,482,A,49035,+40.6678828,-111.9242397,06,,G4020,Salt Lake,Salt Lake County,49,2022-10-02,56.77137991027419,1664668800000,"{""type"":""MultiPoint"",""coordinates"":[]}"
306_0000000000000000001b,1921943668,164903351,41620,H1,035,01448031,482,A,49035,+40.6678828,-111.9242397,06,,G4020,Salt Lake,Salt Lake County,49,2022-10-03,59.85256025329148,1664755200000,"{""type"":""MultiPoint"",""coordinates"":[]}"
307_0000000000000000001b,1921943668,164903351,41620,H1,035,01448031,482,A,49035,+40.6678828,-111.9242397,06,,G4020,Salt Lake,Salt Lake County,49,2022-10-04,52.981957993060014,1664841600000,"{""type"":""MultiPoint"",""coordinates"":[]}"
308_0000000000000000001b,1921943668,164903351,41620,H1,035,01448031,482,A,49035,+40.6678828,-111.9242397,06,,G4020,Salt Lake,Salt Lake County,49,2022-10-05,53.692148923161334,1664928000000,"{""type"":""MultiPoint"",""coordinates"":[]}"
309_0000000000000000001b,1921943668,164903351,41620,H1,035,01448031,482,A,49035,+40.6678828,-111.9242397,06,,G4020,Salt Lake,Salt Lake County,49,2022-10-06,50.78098616865461,1665014400000,"{""type"":""MultiPoint"",""coordinates"":[]}"
310_0000000000000000001b,1921943668,164903351,41620,H1,035,01448031,482,A,49035,+40.6678828,-111.9242397,06,,G4020,Salt Lake,Salt Lake County,49,2022-10-07,48.72146501177138,1665100800000,"{""type"":""MultiPoint"",""coordinates"":[]}"
311_0000000000000000001b,1921943668,164903351,41620,H1,035,01448031,482,A,49035,+40.6678828,-111.9242397,06,,G4020,Salt Lake,Salt Lake County,49,2022-10-08,48.08369053955178,1665187200000,"{""type"":""MultiPoint"",""coordinates"":[]}"
312_0000000000000000001b,1921943668,164903351,41620,H1,035,01448031,482,A,49035,+40.6678828,-111.9242397,06,,G4020,Salt Lake,Salt Lake County,49,2022-10-09,48.448839621237816,1665273600000,"{""type"":""MultiPoint"",""coordinates"":[]}"
313_0000000000000000001b,1921943668,164903351,41620,H1,035,01448031,482,A,49035,+40.6678828,-111.9242397,06,,G4020,Salt Lake,Salt Lake County,49,2022-10-10,44.48254787104185,1665360000000,"{""type"":""MultiPoint"",""coordinates"":[]}"
314_0000000000000000001b,1921943668,164903351,41620,H1,035,01448031,482,A,49035,+40.6678828,-111.9242397,06,,G4020,Salt Lake,Salt Lake County,49,2022-10-11,36.25705791142434,1665446400000,"{""type"":""MultiPoint"",""coordinates"":[]}"
315_0000000000000000001b,1921943668,164903351,41620,H1,035,01448031,482,A,49035,+40.6678828,-111.9242397,06,,G4020,Salt Lake,Salt Lake County,49,2022-10-12,47.90325126854729,1665532800000,"{""type"":""MultiPoint"",""coordinates"":[]}"
316_0000000000000000001b,1921943668,164903351,41620,H1,035,01448031,482,A,49035,+40.6678828,-111.9242397,06,,G4020,Salt Lake,Salt Lake County,49,2022-10-13,52.37936055136854,1665619200000,"{""type"":""MultiPoint"",""coordinates"":[]}"
317_0000000000000000001b,1921943668,164903351,41620,H1,035,01448031,482,A,49035,+40.6678828,-111.9242397,06,,G4020,Salt Lake,Salt Lake County,49,2022-10-14,47.37548149951763,1665705600000,"{""type"":""MultiPoint"",""coordinates"":[]}"
318_0000000000000000001b,1921943668,164903351,41620,H1,035,01448031,482,A,49035,+40.6678828,-111.9242397,06,,G4020,Salt Lake,Salt Lake County,49,2022-10-15,44.692374169142084,1665792000000,"{""type"":""MultiPoint"",""coordinates"":[]}"
319_0000000000000000001b,1921943668,164903351,41620,H1,035,01448031,482,A,49035,+40.6678828,-111.9242397,06,,G4020,Salt Lake,Salt Lake County,49,2022-10-16,44.41927883065571,1665878400000,"{""type"":""MultiPoint"",""coordinates"":[]}"
320_0000000000000000001b,1921943668,164903351,41620,H1,035,01448031,482,A,49035,+40.6678828,-111.9242397,06,,G4020,Salt Lake,Salt Lake County,49,2022-10-17,40.89839338685143,1665964800000,"{""type"":""MultiPoint"",""coordinates"":[]}"
321_0000000000000000001b,1921943668,164903351,41620,H1,035,01448031,482,A,49035,+40.6678828,-111.9242397,06,,G4020,Salt Lake,Salt Lake County,49,2022-10-18,46.75586192573028,1666051200000,"{""type"":""MultiPoint"",""coordinates"":[]}"
322_0000000000000000001b,1921943668,164903351,41620,H1,035,01448031,482,A,49035,+40.6678828,-111.9242397,06,,G4020,Salt Lake,Salt Lake County,49,2022-10-19,49.973668054237606,1666137600000,"{""type"":""MultiPoint"",""coordinates"":[]}"
323_0000000000000000001b,1921943668,164903351,41620,H1,035,01448031,482,A,49035,+40.6678828,-111.9242397,06,,G4020,Salt Lake,Salt Lake County,49,2022-10-20,48.752265280193924,1666224000000,"{""type"":""MultiPoint"",""coordinates"":[]}"
324_0000000000000000001b,1921943668,164903351,41620,H1,035,01448031,482,A,49035,+40.6678828,-111.9242397,06,,G4020,Salt Lake,Salt Lake County,49,2022-10-21,32.9180355545699,1666310400000,"{""type"":""MultiPoint"",""coordinates"":[]}"
325_0000000000000000001b,1921943668,164903351,41620,H1,035,01448031,482,A,49035,+40.6678828,-111.9242397,06,,G4020,Salt Lake,Salt Lake County,49,2022-10-22,34.7456442493832,1666396800000,"{""type"":""MultiPoint"",""coordinates"":[]}"
326_0000000000000000001b,1921943668,164903351,41620,H1,035,01448031,482,A,49035,+40.6678828,-111.9242397,06,,G4020,Salt Lake,Salt Lake County,49,2022-10-23,88.15983315218124,1666483200000,"{""type"":""MultiPoint"",""coordinates"":[]}"
327_0000000000000000001b,1921943668,164903351,41620,H1,035,01448031,482,A,49035,+40.6678828,-111.9242397,06,,G4020,Salt Lake,Salt Lake County,49,2022-10-24,70.61321499897032,1666569600000,"{""type"":""MultiPoint"",""coordinates"":[]}"
328_0000000000000000001b,1921943668,164903351,41620,H1,035,01448031,482,A,49035,+40.6678828,-111.9242397,06,,G4020,Salt Lake,Salt Lake County,49,2022-10-25,65.25448962523815,1666656000000,"{""type"":""MultiPoint"",""coordinates"":[]}"
329_0000000000000000001b,1921943668,164903351,41620,H1,035,01448031,482,A,49035,+40.6678828,-111.9242397,06,,G4020,Salt Lake,Salt Lake County,49,2022-10-26,76.01204880832786,1666742400000,"{""type"":""MultiPoint"",""coordinates"":[]}"
330_0000000000000000001b,1921943668,164903351,41620,H1,035,01448031,482,A,49035,+40.6678828,-111.9242397,06,,G4020,Salt Lake,Salt Lake County,49,2022-10-27,72.4319143711249,1666828800000,"{""type"":""MultiPoint"",""coordinates"":[]}"
331_0000000000000000001b,1921943668,164903351,41620,H1,035,01448031,482,A,49035,+40.6678828,-111.9242397,06,,G4020,Salt Lake,Salt Lake County,49,2022-10-28,64.69800365045695,1666915200000,"{""type"":""MultiPoint"",""coordinates"":[]}"
332_0000000000000000001b,1921943668,164903351,41620,H1,035,01448031,482,A,49035,+40.6678828,-111.9242397,06,,G4020,Salt Lake,Salt Lake County,49,2022-10-29,62.84826579670806,1667001600000,"{""type"":""MultiPoint"",""coordinates"":[]}"
333_0000000000000000001b,1921943668,164903351,41620,H1,035,01448031,482,A,49035,+40.6678828,-111.9242397,06,,G4020,Salt Lake,Salt Lake County,49,2022-10-30,67.96558482588429,1667088000000,"{""type"":""MultiPoint"",""coordinates"":[]}"
334_0000000000000000001b,1921943668,164903351,41620,H1,035,01448031,482,A,49035,+40.6678828,-111.9242397,06,,G4020,Salt Lake,Salt Lake County,49,2022-10-31,65.30072502939359,1667174400000,"{""type"":""MultiPoint"",""coordinates"":[]}"
335_0000000000000000001b,1921943668,164903351,41620,H1,035,01448031,482,A,49035,+40.6678828,-111.9242397,06,,G4020,Salt Lake,Salt Lake County,49,2022-11-01,54.528350172869466,1667260800000,"{""type"":""MultiPoint"",""coordinates"":[]}"
336_0000000000000000001b,1921943668,164903351,41620,H1,035,01448031,482,A,49035,+40.6678828,-111.9242397,06,,G4020,Salt Lake,Salt Lake County,49,2022-11-02,58.76324746716932,1667347200000,"{""type"":""MultiPoint"",""coordinates"":[]}"
337_0000000000000000001b,1921943668,164903351,41620,H1,035,01448031,482,A,49035,+40.6678828,-111.9242397,06,,G4020,Salt Lake,Salt Lake County,49,2022-11-03,80.43684660053742,1667433600000,"{""type"":""MultiPoint"",""coordinates"":[]}"
338_0000000000000000001b,1921943668,164903351,41620,H1,035,01448031,482,A,49035,+40.6678828,-111.9242397,06,,G4020,Salt Lake,Salt Lake County,49,2022-11-04,64.711888792744,1667520000000,"{""type"":""MultiPoint"",""coordinates"":[]}"
339_0000000000000000001b,1921943668,164903351,41620,H1,035,01448031,482,A,49035,+40.6678828,-111.9242397,06,,G4020,Salt Lake,Salt Lake County,49,2022-11-05,68.06692649199388,1667606400000,"{""type"":""MultiPoint"",""coordinates"":[]}"
340_0000000000000000001b,1921943668,164903351,41620,H1,035,01448031,482,A,49035,+40.6678828,-111.9242397,06,,G4020,Salt Lake,Salt Lake County,49,2022-11-06,79.07369392227416,1667692800000,"{""type"":""MultiPoint"",""coordinates"":[]}"
341_0000000000000000001b,1921943668,164903351,41620,H1,035,01448031,482,A,49035,+40.6678828,-111.9242397,06,,G4020,Salt Lake,Salt Lake County,49,2022-11-07,60.590476688629764,1667779200000,"{""type"":""MultiPoint"",""coordinates"":[]}"
342_0000000000000000001b,1921943668,164903351,41620,H1,035,01448031,482,A,49035,+40.6678828,-111.9242397,06,,G4020,Salt Lake,Salt Lake County,49,2022-11-08,65.74706906330469,1667865600000,"{""type"":""MultiPoint"",""coordinates"":[]}"
343_0000000000000000001b,1921943668,164903351,41620,H1,035,01448031,482,A,49035,+40.6678828,-111.9242397,06,,G4020,Salt Lake,Salt Lake County,49,2022-11-09,80.83281597579547,1667952000000,"{""type"":""MultiPoint"",""coordinates"":[]}"
344_0000000000000000001b,1921943668,164903351,41620,H1,035,01448031,482,A,49035,+40.6678828,-111.9242397,06,,G4020,Salt Lake,Salt Lake County,49,2022-11-10,70.0149561409124,1668038400000,"{""type"":""MultiPoint"",""coordinates"":[]}"
345_0000000000000000001b,1921943668,164903351,41620,H1,035,01448031,482,A,49035,+40.6678828,-111.9242397,06,,G4020,Salt Lake,Salt Lake County,49,2022-11-11,72.57000107559911,1668124800000,"{""type"":""MultiPoint"",""coordinates"":[]}"
346_0000000000000000001b,1921943668,164903351,41620,H1,035,01448031,482,A,49035,+40.6678828,-111.9242397,06,,G4020,Salt Lake,Salt Lake County,49,2022-11-12,67.09479139164685,1668211200000,"{""type"":""MultiPoint"",""coordinates"":[]}"
347_0000000000000000001b,1921943668,164903351,41620,H1,035,01448031,482,A,49035,+40.6678828,-111.9242397,06,,G4020,Salt Lake,Salt Lake County,49,2022-11-13,72.88818486631168,1668297600000,"{""type"":""MultiPoint"",""coordinates"":[]}"
348_0000000000000000001b,1921943668,164903351,41620,H1,035,01448031,482,A,49035,+40.6678828,-111.9242397,06,,G4020,Salt Lake,Salt Lake County,49,2022-11-14,76.07409589107267,1668384000000,"{""type"":""MultiPoint"",""coordinates"":[]}"
349_0000000000000000001b,1921943668,164903351,41620,H1,035,01448031,482,A,49035,+40.6678828,-111.9242397,06,,G4020,Salt Lake,Salt Lake County,49,2022-11-15,74.66456599603485,1668470400000,"{""type"":""MultiPoint"",""coordinates"":[]}"
350_0000000000000000001b,1921943668,164903351,41620,H1,035,01448031,482,A,49035,+40.6678828,-111.9242397,06,,G4020,Salt Lake,Salt Lake County,49,2022-11-16,73.33034568703762,1668556800000,"{""type"":""MultiPoint"",""coordinates"":[]}"
351_0000000000000000001b,1921943668,164903351,41620,H1,035,01448031,482,A,49035,+40.6678828,-111.9242397,06,,G4020,Salt Lake,Salt Lake County,49,2022-11-17,70.98499271679397,1668643200000,"{""type"":""MultiPoint"",""coordinates"":[]}"
352_0000000000000000001b,1921943668,164903351,41620,H1,035,01448031,482,A,49035,+40.6678828,-111.9242397,06,,G4020,Salt Lake,Salt Lake County,49,2022-11-18,74.0526650468595,1668729600000,"{""type"":""MultiPoint"",""coordinates"":[]}"
353_0000000000000000001b,1921943668,164903351,41620,H1,035,01448031,482,A,49035,+40.6678828,-111.9242397,06,,G4020,Salt Lake,Salt Lake County,49,2022-11-19,71.1812506097471,1668816000000,"{""type"":""MultiPoint"",""coordinates"":[]}"
354_0000000000000000001b,1921943668,164903351,41620,H1,035,01448031,482,A,49035,+40.6678828,-111.9242397,06,,G4020,Salt Lake,Salt Lake County,49,2022-11-20,61.32662997824141,1668902400000,"{""type"":""MultiPoint"",""coordinates"":[]}"
355_0000000000000000001b,1921943668,164903351,41620,H1,035,01448031,482,A,49035,+40.6678828,-111.9242397,06,,G4020,Salt Lake,Salt Lake County,49,2022-11-21,59.991663843700024,1668988800000,"{""type"":""MultiPoint"",""coordinates"":[]}"
356_0000000000000000001b,1921943668,164903351,41620,H1,035,01448031,482,A,49035,+40.6678828,-111.9242397,06,,G4020,Salt Lake,Salt Lake County,49,2022-11-22,60.137225065519594,1669075200000,"{""type"":""MultiPoint"",""coordinates"":[]}"
357_0000000000000000001b,1921943668,164903351,41620,H1,035,01448031,482,A,49035,+40.6678828,-111.9242397,06,,G4020,Salt Lake,Salt Lake County,49,2022-11-23,61.171783536703984,1669161600000,"{""type"":""MultiPoint"",""coordinates"":[]}"
358_0000000000000000001b,1921943668,164903351,41620,H1,035,01448031,482,A,49035,+40.6678828,-111.9242397,06,,G4020,Salt Lake,Salt Lake County,49,2022-11-24,75.7518635684356,1669248000000,"{""type"":""MultiPoint"",""coordinates"":[]}"
359_0000000000000000001b,1921943668,164903351,41620,H1,035,01448031,482,A,49035,+40.6678828,-111.9242397,06,,G4020,Salt Lake,Salt Lake County,49,2022-11-25,67.42376021912345,1669334400000,"{""type"":""MultiPoint"",""coordinates"":[]}"
360_0000000000000000001b,1921943668,164903351,41620,H1,035,01448031,482,A,49035,+40.6678828,-111.9242397,06,,G4020,Salt Lake,Salt Lake County,49,2022-11-26,64.98863607153378,1669420800000,"{""type"":""MultiPoint"",""coordinates"":[]}"
361_0000000000000000001b,1921943668,164903351,41620,H1,035,01448031,482,A,49035,+40.6678828,-111.9242397,06,,G4020,Salt Lake,Salt Lake County,49,2022-11-27,79.71268225323925,1669507200000,"{""type"":""MultiPoint"",""coordinates"":[]}"
362_0000000000000000001b,1921943668,164903351,41620,H1,035,01448031,482,A,49035,+40.6678828,-111.9242397,06,,G4020,Salt Lake,Salt Lake County,49,2022-11-28,64.57460006972734,1669593600000,"{""type"":""MultiPoint"",""coordinates"":[]}"
363_0000000000000000001b,1921943668,164903351,41620,H1,035,01448031,482,A,49035,+40.6678828,-111.9242397,06,,G4020,Salt Lake,Salt Lake County,49,2022-11-29,74.58840634843071,1669680000000,"{""type"":""MultiPoint"",""coordinates"":[]}"
364_0000000000000000001b,1921943668,164903351,41620,H1,035,01448031,482,A,49035,+40.6678828,-111.9242397,06,,G4020,Salt Lake,Salt Lake County,49,2022-11-30,58.82150530645867,1669766400000,"{""type"":""MultiPoint"",""coordinates"":[]}"
365_0000000000000000001b,1921943668,164903351,41620,H1,035,01448031,482,A,49035,+40.6678828,-111.9242397,06,,G4020,Salt Lake,Salt Lake County,49,2022-12-01,60.4325430951419,1669852800000,"{""type"":""MultiPoint"",""coordinates"":[]}"
366_0000000000000000001b,1921943668,164903351,41620,H1,035,01448031,482,A,49035,+40.6678828,-111.9242397,06,,G4020,Salt Lake,Salt Lake County,49,2022-12-02,70.94146678700888,1669939200000,"{""type"":""MultiPoint"",""coordinates"":[]}"
367_0000000000000000001b,1921943668,164903351,41620,H1,035,01448031,482,A,49035,+40.6678828,-111.9242397,06,,G4020,Salt Lake,Salt Lake County,49,2022-12-03,72.14355938724445,1670025600000,"{""type"":""MultiPoint"",""coordinates"":[]}"
368_0000000000000000001b,1921943668,164903351,41620,H1,035,01448031,482,A,49035,+40.6678828,-111.9242397,06,,G4020,Salt Lake,Salt Lake County,49,2022-12-04,80.65859944245645,1670112000000,"{""type"":""MultiPoint"",""coordinates"":[]}"
369_0000000000000000001b,1921943668,164903351,41620,H1,035,01448031,482,A,49035,+40.6678828,-111.9242397,06,,G4020,Salt Lake,Salt Lake County,49,2022-12-05,83.56515506923746,1670198400000,"{""type"":""MultiPoint"",""coordinates"":[]}"
370_0000000000000000001b,1921943668,164903351,41620,H1,035,01448031,482,A,49035,+40.6678828,-111.9242397,06,,G4020,Salt Lake,Salt Lake County,49,2022-12-06,84.232517685444,1670284800000,"{""type"":""MultiPoint"",""coordinates"":[]}"
371_0000000000000000001b,1921943668,164903351,41620,H1,035,01448031,482,A,49035,+40.6678828,-111.9242397,06,,G4020,Salt Lake,Salt Lake County,49,2022-12-07,76.54385412749325,1670371200000,"{""type"":""MultiPoint"",""coordinates"":[]}"
372_0000000000000000001b,1921943668,164903351,41620,H1,035,01448031,482,A,49035,+40.6678828,-111.9242397,06,,G4020,Salt Lake,Salt Lake County,49,2022-12-08,84.48081472034544,1670457600000,"{""type"":""MultiPoint"",""coordinates"":[]}"
373_0000000000000000001b,1921943668,164903351,41620,H1,035,01448031,482,A,49035,+40.6678828,-111.9242397,06,,G4020,Salt Lake,Salt Lake County,49,2022-12-09,72.62222904220852,1670544000000,"{""type"":""MultiPoint"",""coordinates"":[]}"
374_0000000000000000001b,1921943668,164903351,41620,H1,035,01448031,482,A,49035,+40.6678828,-111.9242397,06,,G4020,Salt Lake,Salt Lake County,49,2022-12-10,70.77291590193747,1670630400000,"{""type"":""MultiPoint"",""coordinates"":[]}"
375_0000000000000000001b,1921943668,164903351,41620,H1,035,01448031,482,A,49035,+40.6678828,-111.9242397,06,,G4020,Salt Lake,Salt Lake County,49,2022-12-11,64.04482033836274,1670716800000,"{""type"":""MultiPoint"",""coordinates"":[]}"
376_0000000000000000001b,1921943668,164903351,41620,H1,035,01448031,482,A,49035,+40.6678828,-111.9242397,06,,G4020,Salt Lake,Salt Lake County,49,2022-12-12,83.25024599566429,1670803200000,"{""type"":""MultiPoint"",""coordinates"":[]}"
377_0000000000000000001b,1921943668,164903351,41620,H1,035,01448031,482,A,49035,+40.6678828,-111.9242397,06,,G4020,Salt Lake,Salt Lake County,49,2022-12-13,86.03130905681871,1670889600000,"{""type"":""MultiPoint"",""coordinates"":[]}"
378_0000000000000000001b,1921943668,164903351,41620,H1,035,01448031,482,A,49035,+40.6678828,-111.9242397,06,,G4020,Salt Lake,Salt Lake County,49,2022-12-14,91.895747196008,1670976000000,"{""type"":""MultiPoint"",""coordinates"":[]}"
379_0000000000000000001b,1921943668,164903351,41620,H1,035,01448031,482,A,49035,+40.6678828,-111.9242397,06,,G4020,Salt Lake,Salt Lake County,49,2022-12-15,87.63932222372789,1671062400000,"{""type"":""MultiPoint"",""coordinates"":[]}"
380_0000000000000000001b,1921943668,164903351,41620,H1,035,01448031,482,A,49035,+40.6678828,-111.9242397,06,,G4020,Salt Lake,Salt Lake County,49,2022-12-16,87.75055211693926,1671148800000,"{""type"":""MultiPoint"",""coordinates"":[]}"
381_0000000000000000001b,1921943668,164903351,41620,H1,035,01448031,482,A,49035,+40.6678828,-111.9242397,06,,G4020,Salt Lake,Salt Lake County,49,2022-12-17,75.62555983642719,1671235200000,"{""type"":""MultiPoint"",""coordinates"":[]}"
382_0000000000000000001b,1921943668,164903351,41620,H1,035,01448031,482,A,49035,+40.6678828,-111.9242397,06,,G4020,Salt Lake,Salt Lake County,49,2022-12-18,61.70285154789642,1671321600000,"{""type"":""MultiPoint"",""coordinates"":[]}"
383_0000000000000000001b,1921943668,164903351,41620,H1,035,01448031,482,A,49035,+40.6678828,-111.9242397,06,,G4020,Salt Lake,Salt Lake County,49,2022-12-19,55.98282917567986,1671408000000,"{""type"":""MultiPoint"",""coordinates"":[]}"
384_0000000000000000001b,1921943668,164903351,41620,H1,035,01448031,482,A,49035,+40.6678828,-111.9242397,06,,G4020,Salt Lake,Salt Lake County,49,2022-12-20,62.384738347453606,1671494400000,"{""type"":""MultiPoint"",""coordinates"":[]}"
385_0000000000000000001b,1921943668,164903351,41620,H1,035,01448031,482,A,49035,+40.6678828,-111.9242397,06,,G4020,Salt Lake,Salt Lake County,49,2022-12-21,71.92753451882047,1671580800000,"{""type"":""MultiPoint"",""coordinates"":[]}"
386_0000000000000000001b,1921943668,164903351,41620,H1,035,01448031,482,A,49035,+40.6678828,-111.9242397,06,,G4020,Salt Lake,Salt Lake County,49,2022-12-22,70.78449707200825,1671667200000,"{""type"":""MultiPoint"",""coordinates"":[]}"
387_0000000000000000001b,1921943668,164903351,41620,H1,035,01448031,482,A,49035,+40.6678828,-111.9242397,06,,G4020,Salt Lake,Salt Lake County,49,2022-12-23,71.95805617352151,1671753600000,"{""type"":""MultiPoint"",""coordinates"":[]}"
388_0000000000000000001b,1921943668,164903351,41620,H1,035,01448031,482,A,49035,+40.6678828,-111.9242397,06,,G4020,Salt Lake,Salt Lake County,49,2022-12-24,80.4901572893269,1671840000000,"{""type"":""MultiPoint"",""coordinates"":[]}"
389_0000000000000000001b,1921943668,164903351,41620,H1,035,01448031,482,A,49035,+40.6678828,-111.9242397,06,,G4020,Salt Lake,Salt Lake County,49,2022-12-25,79.91198540954957,1671926400000,"{""type"":""MultiPoint"",""coordinates"":[]}"
390_0000000000000000001b,1921943668,164903351,41620,H1,035,01448031,482,A,49035,+40.6678828,-111.9242397,06,,G4020,Salt Lake,Salt Lake County,49,2022-12-26,80.07324474772555,1672012800000,"{""type"":""MultiPoint"",""coordinates"":[]}"
391_0000000000000000001b,1921943668,164903351,41620,H1,035,01448031,482,A,49035,+40.6678828,-111.9242397,06,,G4020,Salt Lake,Salt Lake County,49,2022-12-27,73.18684469736925,1672099200000,"{""type"":""MultiPoint"",""coordinates"":[]}"
392_0000000000000000001b,1921943668,164903351,41620,H1,035,01448031,482,A,49035,+40.6678828,-111.9242397,06,,G4020,Salt Lake,Salt Lake County,49,2022-12-28,87.16052957813162,1672185600000,"{""type"":""MultiPoint"",""coordinates"":[]}"
393_0000000000000000001b,1921943668,164903351,41620,H1,035,01448031,482,A,49035,+40.6678828,-111.9242397,06,,G4020,Salt Lake,Salt Lake County,49,2022-12-29,80.28903309732553,1672272000000,"{""type"":""MultiPoint"",""coordinates"":[]}"
394_0000000000000000001b,1921943668,164903351,41620,H1,035,01448031,482,A,49035,+40.6678828,-111.9242397,06,,G4020,Salt Lake,Salt Lake County,49,2022-12-30,79.42076899680491,1672358400000,"{""type"":""MultiPoint"",""coordinates"":[]}"
395_0000000000000000001b,1921943668,164903351,41620,H1,035,01448031,482,A,49035,+40.6678828,-111.9242397,06,,G4020,Salt Lake,Salt Lake County,49,2022-12-31,91.24306127808167,1672444800000,"{""type"":""MultiPoint"",""coordinates"":[]}"
396_0000000000000000001b,1921943668,164903351,41620,H1,035,01448031,482,A,49035,+40.6678828,-111.9242397,06,,G4020,Salt Lake,Salt Lake County,49,2023-01-01,97.48120689291542,1672531200000,"{""type"":""MultiPoint"",""coordinates"":[]}"
397_0000000000000000001b,1921943668,164903351,41620,H1,035,01448031,482,A,49035,+40.6678828,-111.9242397,06,,G4020,Salt Lake,Salt Lake County,49,2023-01-02,94.22685775852526,1672617600000,"{""type"":""MultiPoint"",""coordinates"":[]}"
398_0000000000000000001b,1921943668,164903351,41620,H1,035,01448031,482,A,49035,+40.6678828,-111.9242397,06,,G4020,Salt Lake,Salt Lake County,49,2023-01-03,89.59577924821528,1672704000000,"{""type"":""MultiPoint"",""coordinates"":[]}"
399_0000000000000000001b,1921943668,164903351,41620,H1,035,01448031,482,A,49035,+40.6678828,-111.9242397,06,,G4020,Salt Lake,Salt Lake County,49,2023-01-04,87.18305226183772,1672790400000,"{""type"":""MultiPoint"",""coordinates"":[]}"
400_0000000000000000001b,1921943668,164903351,41620,H1,035,01448031,482,A,49035,+40.6678828,-111.9242397,06,,G4020,Salt Lake,Salt Lake County,49,2023-01-05,74.04035417140871,1672876800000,"{""type"":""MultiPoint"",""coordinates"":[]}"
401_0000000000000000001b,1921943668,164903351,41620,H1,035,01448031,482,A,49035,+40.6678828,-111.9242397,06,,G4020,Salt Lake,Salt Lake County,49,2023-01-06,87.40781290695026,1672963200000,"{""type"":""MultiPoint"",""coordinates"":[]}"
402_0000000000000000001b,1921943668,164903351,41620,H1,035,01448031,482,A,49035,+40.6678828,-111.9242397,06,,G4020,Salt Lake,Salt Lake County,49,2023-01-07,86.32471593920171,1673049600000,"{""type"":""MultiPoint"",""coordinates"":[]}"
403_0000000000000000001b,1921943668,164903351,41620,H1,035,01448031,482,A,49035,+40.6678828,-111.9242397,06,,G4020,Salt Lake,Salt Lake County,49,2023-01-08,73.10360403808019,1673136000000,"{""type"":""MultiPoint"",""coordinates"":[]}"
404_0000000000000000001b,1921943668,164903351,41620,H1,035,01448031,482,A,49035,+40.6678828,-111.9242397,06,,G4020,Salt Lake,Salt Lake County,49,2023-01-09,68.37899523439036,1673222400000,"{""type"":""MultiPoint"",""coordinates"":[]}"
405_0000000000000000001b,1921943668,164903351,41620,H1,035,01448031,482,A,49035,+40.6678828,-111.9242397,06,,G4020,Salt Lake,Salt Lake County,49,2023-01-10,87.17935680671951,1673308800000,"{""type"":""MultiPoint"",""coordinates"":[]}"
406_0000000000000000001b,1921943668,164903351,41620,H1,035,01448031,482,A,49035,+40.6678828,-111.9242397,06,,G4020,Salt Lake,Salt Lake County,49,2023-01-11,84.12797894154762,1673395200000,"{""type"":""MultiPoint"",""coordinates"":[]}"
407_0000000000000000001b,1921943668,164903351,41620,H1,035,01448031,482,A,49035,+40.6678828,-111.9242397,06,,G4020,Salt Lake,Salt Lake County,49,2023-01-12,73.26259958802709,1673481600000,"{""type"":""MultiPoint"",""coordinates"":[]}"
408_0000000000000000001b,1921943668,164903351,41620,H1,035,01448031,482,A,49035,+40.6678828,-111.9242397,06,,G4020,Salt Lake,Salt Lake County,49,2023-01-13,70.59275964454129,1673568000000,"{""type"":""MultiPoint"",""coordinates"":[]}"
409_0000000000000000001b,1921943668,164903351,41620,H1,035,01448031,482,A,49035,+40.6678828,-111.9242397,06,,G4020,Salt Lake,Salt Lake County,49,2023-01-14,69.24550948920759,1673654400000,"{""type"":""MultiPoint"",""coordinates"":[]}"
410_0000000000000000001b,1921943668,164903351,41620,H1,035,01448031,482,A,49035,+40.6678828,-111.9242397,06,,G4020,Salt Lake,Salt Lake County,49,2023-01-15,88.92061484176551,1673740800000,"{""type"":""MultiPoint"",""coordinates"":[]}"
411_0000000000000000001b,1921943668,164903351,41620,H1,035,01448031,482,A,49035,+40.6678828,-111.9242397,06,,G4020,Salt Lake,Salt Lake County,49,2023-01-16,86.21179560947573,1673827200000,"{""type"":""MultiPoint"",""coordinates"":[]}"
412_0000000000000000001b,1921943668,164903351,41620,H1,035,01448031,482,A,49035,+40.6678828,-111.9242397,06,,G4020,Salt Lake,Salt Lake County,49,2023-01-17,86.16245816165345,1673913600000,"{""type"":""MultiPoint"",""coordinates"":[]}"
413_0000000000000000001b,1921943668,164903351,41620,H1,035,01448031,482,A,49035,+40.6678828,-111.9242397,06,,G4020,Salt Lake,Salt Lake County,49,2023-01-18,88.42792233968571,1674000000000,"{""type"":""MultiPoint"",""coordinates"":[]}"
414_0000000000000000001b,1921943668,164903351,41620,H1,035,01448031,482,A,49035,+40.6678828,-111.9242397,06,,G4020,Salt Lake,Salt Lake County,49,2023-01-19,76.59317908868846,1674086400000,"{""type"":""MultiPoint"",""coordinates"":[]}"
415_0000000000000000001b,1921943668,164903351,41620,H1,035,01448031,482,A,49035,+40.6678828,-111.9242397,06,,G4020,Salt Lake,Salt Lake County,49,2023-01-20,86.37380684994066,1674172800000,"{""type"":""MultiPoint"",""coordinates"":[]}"
416_0000000000000000001b,1921943668,164903351,41620,H1,035,01448031,482,A,49035,+40.6678828,-111.9242397,06,,G4020,Salt Lake,Salt Lake County,49,2023-01-21,87.1514854151669,1674259200000,"{""type"":""MultiPoint"",""coordinates"":[]}"
417_0000000000000000001b,1921943668,164903351,41620,H1,035,01448031,482,A,49035,+40.6678828,-111.9242397,06,,G4020,Salt Lake,Salt Lake County,49,2023-01-22,80.36667963177767,1674345600000,"{""type"":""MultiPoint"",""coordinates"":[]}"
418_0000000000000000001b,1921943668,164903351,41620,H1,035,01448031,482,A,49035,+40.6678828,-111.9242397,06,,G4020,Salt Lake,Salt Lake County,49,2023-01-23,80.0289084141284,1674432000000,"{""type"":""MultiPoint"",""coordinates"":[]}"
419_0000000000000000001b,1921943668,164903351,41620,H1,035,01448031,482,A,49035,+40.6678828,-111.9242397,06,,G4020,Salt Lake,Salt Lake County,49,2023-01-24,84.39778403652438,1674518400000,"{""type"":""MultiPoint"",""coordinates"":[]}"
420_0000000000000000001b,1921943668,164903351,41620,H1,035,01448031,482,A,49035,+40.6678828,-111.9242397,06,,G4020,Salt Lake,Salt Lake County,49,2023-01-25,83.3449839704049,1674604800000,"{""type"":""MultiPoint"",""coordinates"":[]}"
421_0000000000000000001b,1921943668,164903351,41620,H1,035,01448031,482,A,49035,+40.6678828,-111.9242397,06,,G4020,Salt Lake,Salt Lake County,49,2023-01-26,87.90814076590345,1674691200000,"{""type"":""MultiPoint"",""coordinates"":[]}"
422_0000000000000000001b,1921943668,164903351,41620,H1,035,01448031,482,A,49035,+40.6678828,-111.9242397,06,,G4020,Salt Lake,Salt Lake County,49,2023-01-27,82.57322433265823,1674777600000,"{""type"":""MultiPoint"",""coordinates"":[]}"
423_0000000000000000001b,1921943668,164903351,41620,H1,035,01448031,482,A,49035,+40.6678828,-111.9242397,06,,G4020,Salt Lake,Salt Lake County,49,2023-01-28,81.79733844516187,1674864000000,"{""type"":""MultiPoint"",""coordinates"":[]}"
424_0000000000000000001b,1921943668,164903351,41620,H1,035,01448031,482,A,49035,+40.6678828,-111.9242397,06,,G4020,Salt Lake,Salt Lake County,49,2023-01-29,80.1420969058455,1674950400000,"{""type"":""MultiPoint"",""coordinates"":[]}"
425_0000000000000000001b,1921943668,164903351,41620,H1,035,01448031,482,A,49035,+40.6678828,-111.9242397,06,,G4020,Salt Lake,Salt Lake County,49,2023-01-30,78.10070412837754,1675036800000,"{""type"":""MultiPoint"",""coordinates"":[]}"
426_0000000000000000001b,1921943668,164903351,41620,H1,035,01448031,482,A,49035,+40.6678828,-111.9242397,06,,G4020,Salt Lake,Salt Lake County,49,2023-01-31,62.16363368845182,1675123200000,"{""type"":""MultiPoint"",""coordinates"":[]}"
427_0000000000000000001b,1921943668,164903351,41620,H1,035,01448031,482,A,49035,+40.6678828,-111.9242397,06,,G4020,Salt Lake,Salt Lake County,49,2023-02-01,57.36964017722825,1675209600000,"{""type"":""MultiPoint"",""coordinates"":[]}"
428_0000000000000000001b,1921943668,164903351,41620,H1,035,01448031,482,A,49035,+40.6678828,-111.9242397,06,,G4020,Salt Lake,Salt Lake County,49,2023-02-02,59.15076142034541,1675296000000,"{""type"":""MultiPoint"",""coordinates"":[]}"
429_0000000000000000001b,1921943668,164903351,41620,H1,035,01448031,482,A,49035,+40.6678828,-111.9242397,06,,G4020,Salt Lake,Salt Lake County,49,2023-02-03,62.15131218283032,1675382400000,"{""type"":""MultiPoint"",""coordinates"":[]}"
430_0000000000000000001b,1921943668,164903351,41620,H1,035,01448031,482,A,49035,+40.6678828,-111.9242397,06,,G4020,Salt Lake,Salt Lake County,49,2023-02-04,59.86232576139873,1675468800000,"{""type"":""MultiPoint"",""coordinates"":[]}"
431_0000000000000000001b,1921943668,164903351,41620,H1,035,01448031,482,A,49035,+40.6678828,-111.9242397,06,,G4020,Salt Lake,Salt Lake County,49,2023-02-05,65.87824106025263,1675555200000,"{""type"":""MultiPoint"",""coordinates"":[]}"
432_0000000000000000001b,1921943668,164903351,41620,H1,035,01448031,482,A,49035,+40.6678828,-111.9242397,06,,G4020,Salt Lake,Salt Lake County,49,2023-02-06,83.29855791027295,1675641600000,"{""type"":""MultiPoint"",""coordinates"":[]}"
433_0000000000000000001b,1921943668,164903351,41620,H1,035,01448031,482,A,49035,+40.6678828,-111.9242397,06,,G4020,Salt Lake,Salt Lake County,49,2023-02-07,82.38759588336995,1675728000000,"{""type"":""MultiPoint"",""coordinates"":[]}"
434_0000000000000000001b,1921943668,164903351,41620,H1,035,01448031,482,A,49035,+40.6678828,-111.9242397,06,,G4020,Salt Lake,Salt Lake County,49,2023-02-08,73.94157643322959,1675814400000,"{""type"":""MultiPoint"",""coordinates"":[]}"
435_0000000000000000001b,1921943668,164903351,41620,H1,035,01448031,482,A,49035,+40.6678828,-111.9242397,06,,G4020,Salt Lake,Salt Lake County,49,2023-02-09,74.55337484874654,1675900800000,"{""type"":""MultiPoint"",""coordinates"":[]}"
436_0000000000000000001b,1921943668,164903351,41620,H1,035,01448031,482,A,49035,+40.6678828,-111.9242397,06,,G4020,Salt Lake,Salt Lake County,49,2023-02-10,53.88811447766614,1675987200000,"{""type"":""MultiPoint"",""coordinates"":[]}"
437_0000000000000000001b,1921943668,164903351,41620,H1,035,01448031,482,A,49035,+40.6678828,-111.9242397,06,,G4020,Salt Lake,Salt Lake County,49,2023-02-11,56.42043698539813,1676073600000,"{""type"":""MultiPoint"",""coordinates"":[]}"
438_0000000000000000001b,1921943668,164903351,41620,H1,035,01448031,482,A,49035,+40.6678828,-111.9242397,06,,G4020,Salt Lake,Salt Lake County,49,2023-02-12,63.31765207716906,1676160000000,"{""type"":""MultiPoint"",""coordinates"":[]}"
439_0000000000000000001b,1921943668,164903351,41620,H1,035,01448031,482,A,49035,+40.6678828,-111.9242397,06,,G4020,Salt Lake,Salt Lake County,49,2023-02-13,61.756263916554666,1676246400000,"{""type"":""MultiPoint"",""coordinates"":[]}"
440_0000000000000000001b,1921943668,164903351,41620,H1,035,01448031,482,A,49035,+40.6678828,-111.9242397,06,,G4020,Salt Lake,Salt Lake County,49,2023-02-14,63.26487267691719,1676332800000,"{""type"":""MultiPoint"",""coordinates"":[]}"
441_0000000000000000001b,1921943668,164903351,41620,H1,035,01448031,482,A,49035,+40.6678828,-111.9242397,06,,G4020,Salt Lake,Salt Lake County,49,2023-02-15,71.73153842363585,1676419200000,"{""type"":""MultiPoint"",""coordinates"":[]}"
442_0000000000000000001b,1921943668,164903351,41620,H1,035,01448031,482,A,49035,+40.6678828,-111.9242397,06,,G4020,Salt Lake,Salt Lake County,49,2023-02-16,59.29104234011531,1676505600000,"{""type"":""MultiPoint"",""coordinates"":[]}"
443_0000000000000000001b,1921943668,164903351,41620,H1,035,01448031,482,A,49035,+40.6678828,-111.9242397,06,,G4020,Salt Lake,Salt Lake County,49,2023-02-17,52.82769543575537,1676592000000,"{""type"":""MultiPoint"",""coordinates"":[]}"
444_0000000000000000001b,1921943668,164903351,41620,H1,035,01448031,482,A,49035,+40.6678828,-111.9242397,06,,G4020,Salt Lake,Salt Lake County,49,2023-02-18,56.82681908173931,1676678400000,"{""type"":""MultiPoint"",""coordinates"":[]}"
445_0000000000000000001b,1921943668,164903351,41620,H1,035,01448031,482,A,49035,+40.6678828,-111.9242397,06,,G4020,Salt Lake,Salt Lake County,49,2023-02-19,56.80650200567831,1676764800000,"{""type"":""MultiPoint"",""coordinates"":[]}"
446_0000000000000000001b,1921943668,164903351,41620,H1,035,01448031,482,A,49035,+40.6678828,-111.9242397,06,,G4020,Salt Lake,Salt Lake County,49,2023-02-20,65.19701979089723,1676851200000,"{""type"":""MultiPoint"",""coordinates"":[]}"
447_0000000000000000001b,1921943668,164903351,41620,H1,035,01448031,482,A,49035,+40.6678828,-111.9242397,06,,G4020,Salt Lake,Salt Lake County,49,2023-02-21,72.12436452045073,1676937600000,"{""type"":""MultiPoint"",""coordinates"":[]}"
448_0000000000000000001b,1921943668,164903351,41620,H1,035,01448031,482,A,49035,+40.6678828,-111.9242397,06,,G4020,Salt Lake,Salt Lake County,49,2023-02-22,87.61832137811099,1677024000000,"{""type"":""MultiPoint"",""coordinates"":[]}"
449_0000000000000000001b,1921943668,164903351,41620,H1,035,01448031,482,A,49035,+40.6678828,-111.9242397,06,,G4020,Salt Lake,Salt Lake County,49,2023-02-23,69.21557814262032,1677110400000,"{""type"":""MultiPoint"",""coordinates"":[]}"
450_0000000000000000001b,1921943668,164903351,41620,H1,035,01448031,482,A,49035,+40.6678828,-111.9242397,06,,G4020,Salt Lake,Salt Lake County,49,2023-02-24,68.61270673332835,1677196800000,"{""type"":""MultiPoint"",""coordinates"":[]}"
451_0000000000000000001b,1921943668,164903351,41620,H1,035,01448031,482,A,49035,+40.6678828,-111.9242397,06,,G4020,Salt Lake,Salt Lake County,49,2023-02-25,63.5784087332656,1677283200000,"{""type"":""MultiPoint"",""coordinates"":[]}"
452_0000000000000000001b,1921943668,164903351,41620,H1,035,01448031,482,A,49035,+40.6678828,-111.9242397,06,,G4020,Salt Lake,Salt Lake County,49,2023-02-26,73.40251683154176,1677369600000,"{""type"":""MultiPoint"",""coordinates"":[]}"
453_0000000000000000001b,1921943668,164903351,41620,H1,035,01448031,482,A,49035,+40.6678828,-111.9242397,06,,G4020,Salt Lake,Salt Lake County,49,2023-02-27,77.12368201939239,1677456000000,"{""type"":""MultiPoint"",""coordinates"":[]}"
454_0000000000000000001b,1921943668,164903351,41620,H1,035,01448031,482,A,49035,+40.6678828,-111.9242397,06,,G4020,Salt Lake,Salt Lake County,49,2023-02-28,69.23823559838335,1677542400000,"{""type"":""MultiPoint"",""coordinates"":[]}"
455_0000000000000000001b,1921943668,164903351,41620,H1,035,01448031,482,A,49035,+40.6678828,-111.9242397,06,,G4020,Salt Lake,Salt Lake County,49,2023-03-01,64.72254310168108,1677628800000,"{""type"":""MultiPoint"",""coordinates"":[]}"
456_0000000000000000001b,1921943668,164903351,41620,H1,035,01448031,482,A,49035,+40.6678828,-111.9242397,06,,G4020,Salt Lake,Salt Lake County,49,2023-03-02,83.30105545371242,1677715200000,"{""type"":""MultiPoint"",""coordinates"":[]}"
457_0000000000000000001b,1921943668,164903351,41620,H1,035,01448031,482,A,49035,+40.6678828,-111.9242397,06,,G4020,Salt Lake,Salt Lake County,49,2023-03-03,70.28558754295273,1677801600000,"{""type"":""MultiPoint"",""coordinates"":[]}"
458_0000000000000000001b,1921943668,164903351,41620,H1,035,01448031,482,A,49035,+40.6678828,-111.9242397,06,,G4020,Salt Lake,Salt Lake County,49,2023-03-04,70.48050078560576,1677888000000,"{""type"":""MultiPoint"",""coordinates"":[]}"
459_0000000000000000001b,1921943668,164903351,41620,H1,035,01448031,482,A,49035,+40.6678828,-111.9242397,06,,G4020,Salt Lake,Salt Lake County,49,2023-03-05,76.00529720931759,1677974400000,"{""type"":""MultiPoint"",""coordinates"":[]}"
460_0000000000000000001b,1921943668,164903351,41620,H1,035,01448031,482,A,49035,+40.6678828,-111.9242397,06,,G4020,Salt Lake,Salt Lake County,49,2023-03-06,77.34404571171017,1678060800000,"{""type"":""MultiPoint"",""coordinates"":[]}"
461_0000000000000000001b,1921943668,164903351,41620,H1,035,01448031,482,A,49035,+40.6678828,-111.9242397,06,,G4020,Salt Lake,Salt Lake County,49,2023-03-07,69.39937359574567,1678147200000,"{""type"":""MultiPoint"",""coordinates"":[]}"
462_0000000000000000001b,1921943668,164903351,41620,H1,035,01448031,482,A,49035,+40.6678828,-111.9242397,06,,G4020,Salt Lake,Salt Lake County,49,2023-03-08,69.14219199286416,1678233600000,"{""type"":""MultiPoint"",""coordinates"":[]}"
463_0000000000000000001b,1921943668,164903351,41620,H1,035,01448031,482,A,49035,+40.6678828,-111.9242397,06,,G4020,Salt Lake,Salt Lake County,49,2023-03-09,74.45244807743227,1678320000000,"{""type"":""MultiPoint"",""coordinates"":[]}"
464_0000000000000000001b,1921943668,164903351,41620,H1,035,01448031,482,A,49035,+40.6678828,-111.9242397,06,,G4020,Salt Lake,Salt Lake County,49,2023-03-10,67.01671274538386,1678406400000,"{""type"":""MultiPoint"",""coordinates"":[]}"
465_0000000000000000001b,1921943668,164903351,41620,H1,035,01448031,482,A,49035,+40.6678828,-111.9242397,06,,G4020,Salt Lake,Salt Lake County,49,2023-03-11,71.07938498288036,1678492800000,"{""type"":""MultiPoint"",""coordinates"":[]}"
466_0000000000000000001b,1921943668,164903351,41620,H1,035,01448031,482,A,49035,+40.6678828,-111.9242397,06,,G4020,Salt Lake,Salt Lake County,49,2023-03-12,76.44409702544432,1678579200000,"{""type"":""MultiPoint"",""coordinates"":[]}"
467_0000000000000000001b,1921943668,164903351,41620,H1,035,01448031,482,A,49035,+40.6678828,-111.9242397,06,,G4020,Salt Lake,Salt Lake County,49,2023-03-13,78.50538699086142,1678665600000,"{""type"":""MultiPoint"",""coordinates"":[]}"
468_0000000000000000001b,1921943668,164903351,41620,H1,035,01448031,482,A,49035,+40.6678828,-111.9242397,06,,G4020,Salt Lake,Salt Lake County,49,2023-03-14,67.95329873023361,1678752000000,"{""type"":""MultiPoint"",""coordinates"":[]}"
469_0000000000000000001b,1921943668,164903351,41620,H1,035,01448031,482,A,49035,+40.6678828,-111.9242397,06,,G4020,Salt Lake,Salt Lake County,49,2023-03-15,83.25420034287224,1678838400000,"{""type"":""MultiPoint"",""coordinates"":[]}"
470_0000000000000000001b,1921943668,164903351,41620,H1,035,01448031,482,A,49035,+40.6678828,-111.9242397,06,,G4020,Salt Lake,Salt Lake County,49,2023-03-16,70.74878135032756,1678924800000,"{""type"":""MultiPoint"",""coordinates"":[]}"
471_0000000000000000001b,1921943668,164903351,41620,H1,035,01448031,482,A,49035,+40.6678828,-111.9242397,06,,G4020,Salt Lake,Salt Lake County,49,2023-03-17,65.32931293441428,1679011200000,"{""type"":""MultiPoint"",""coordinates"":[]}"
472_0000000000000000001b,1921943668,164903351,41620,H1,035,01448031,482,A,49035,+40.6678828,-111.9242397,06,,G4020,Salt Lake,Salt Lake County,49,2023-03-18,61.00757656593676,1679097600000,"{""type"":""MultiPoint"",""coordinates"":[]}"
473_0000000000000000001b,1921943668,164903351,41620,H1,035,01448031,482,A,49035,+40.6678828,-111.9242397,06,,G4020,Salt Lake,Salt Lake County,49,2023-03-19,57.45601934193742,1679184000000,"{""type"":""MultiPoint"",""coordinates"":[]}"
474_0000000000000000001b,1921943668,164903351,41620,H1,035,01448031,482,A,49035,+40.6678828,-111.9242397,06,,G4020,Salt Lake,Salt Lake County,49,2023-03-20,85.23789732451519,1679270400000,"{""type"":""MultiPoint"",""coordinates"":[]}"
475_0000000000000000001b,1921943668,164903351,41620,H1,035,01448031,482,A,49035,+40.6678828,-111.9242397,06,,G4020,Salt Lake,Salt Lake County,49,2023-03-21,76.97951755810779,1679356800000,"{""type"":""MultiPoint"",""coordinates"":[]}"
476_0000000000000000001b,1921943668,164903351,41620,H1,035,01448031,482,A,49035,+40.6678828,-111.9242397,06,,G4020,Salt Lake,Salt Lake County,49,2023-03-22,77.2866266233365,1679443200000,"{""type"":""MultiPoint"",""coordinates"":[]}"
477_0000000000000000001b,1921943668,164903351,41620,H1,035,01448031,482,A,49035,+40.6678828,-111.9242397,06,,G4020,Salt Lake,Salt Lake County,49,2023-03-23,84.22291658541624,1679529600000,"{""type"":""MultiPoint"",""coordinates"":[]}"
478_0000000000000000001b,1921943668,164903351,41620,H1,035,01448031,482,A,49035,+40.6678828,-111.9242397,06,,G4020,Salt Lake,Salt Lake County,49,2023-03-24,79.91035722613965,1679616000000,"{""type"":""MultiPoint"",""coordinates"":[]}"
479_0000000000000000001b,1921943668,164903351,41620,H1,035,01448031,482,A,49035,+40.6678828,-111.9242397,06,,G4020,Salt Lake,Salt Lake County,49,2023-03-25,62.42099077912743,1679702400000,"{""type"":""MultiPoint"",""coordinates"":[]}"
480_0000000000000000001b,1921943668,164903351,41620,H1,035,01448031,482,A,49035,+40.6678828,-111.9242397,06,,G4020,Salt Lake,Salt Lake County,49,2023-03-26,64.42988295501712,1679788800000,"{""type"":""MultiPoint"",""coordinates"":[]}"
481_0000000000000000001b,1921943668,164903351,41620,H1,035,01448031,482,A,49035,+40.6678828,-111.9242397,06,,G4020,Salt Lake,Salt Lake County,49,2023-03-27,66.51330785126169,1679875200000,"{""type"":""MultiPoint"",""coordinates"":[]}"
482_0000000000000000001b,1921943668,164903351,41620,H1,035,01448031,482,A,49035,+40.6678828,-111.9242397,06,,G4020,Salt Lake,Salt Lake County,49,2023-03-28,60.40833608231229,1679961600000,"{""type"":""MultiPoint"",""coordinates"":[]}"
483_0000000000000000001b,1921943668,164903351,41620,H1,035,01448031,482,A,49035,+40.6678828,-111.9242397,06,,G4020,Salt Lake,Salt Lake County,49,2023-03-29,59.14850714365869,1680048000000,"{""type"":""MultiPoint"",""coordinates"":[]}"
484_0000000000000000001b,1921943668,164903351,41620,H1,035,01448031,482,A,49035,+40.6678828,-111.9242397,06,,G4020,Salt Lake,Salt Lake County,49,2023-03-30,83.8258465408557,1680134400000,"{""type"":""MultiPoint"",""coordinates"":[]}"
485_0000000000000000001b,1921943668,164903351,41620,H1,035,01448031,482,A,49035,+40.6678828,-111.9242397,06,,G4020,Salt Lake,Salt Lake County,49,2023-03-31,80.99056171384203,1680220800000,"{""type"":""MultiPoint"",""coordinates"":[]}"
486_0000000000000000001b,1921943668,164903351,41620,H1,035,01448031,482,A,49035,+40.6678828,-111.9242397,06,,G4020,Salt Lake,Salt Lake County,49,2023-04-01,63.26521335348868,1680307200000,"{""type"":""MultiPoint"",""coordinates"":[]}"
487_0000000000000000001b,1921943668,164903351,41620,H1,035,01448031,482,A,49035,+40.6678828,-111.9242397,06,,G4020,Salt Lake,Salt Lake County,49,2023-04-02,60.63953696304708,1680393600000,"{""type"":""MultiPoint"",""coordinates"":[]}"
488_0000000000000000001b,1921943668,164903351,41620,H1,035,01448031,482,A,49035,+40.6678828,-111.9242397,06,,G4020,Salt Lake,Salt Lake County,49,2023-04-03,87.12662454914089,1680480000000,"{""type"":""MultiPoint"",""coordinates"":[]}"
489_0000000000000000001b,1921943668,164903351,41620,H1,035,01448031,482,A,49035,+40.6678828,-111.9242397,06,,G4020,Salt Lake,Salt Lake County,49,2023-04-04,81.81638085699377,1680566400000,"{""type"":""MultiPoint"",""coordinates"":[]}"
490_0000000000000000001b,1921943668,164903351,41620,H1,035,01448031,482,A,49035,+40.6678828,-111.9242397,06,,G4020,Salt Lake,Salt Lake County,49,2023-04-05,73.96793338842048,1680652800000,"{""type"":""MultiPoint"",""coordinates"":[]}"
491_0000000000000000001b,1921943668,164903351,41620,H1,035,01448031,482,A,49035,+40.6678828,-111.9242397,06,,G4020,Salt Lake,Salt Lake County,49,2023-04-06,59.56936682377989,1680739200000,"{""type"":""MultiPoint"",""coordinates"":[]}"
492_0000000000000000001b,1921943668,164903351,41620,H1,035,01448031,482,A,49035,+40.6678828,-111.9242397,06,,G4020,Salt Lake,Salt Lake County,49,2023-04-07,57.23189504733218,1680825600000,"{""type"":""MultiPoint"",""coordinates"":[]}"
493_0000000000000000001b,1921943668,164903351,41620,H1,035,01448031,482,A,49035,+40.6678828,-111.9242397,06,,G4020,Salt Lake,Salt Lake County,49,2023-04-08,53.14983974909844,1680912000000,"{""type"":""MultiPoint"",""coordinates"":[]}"
494_0000000000000000001b,1921943668,164903351,41620,H1,035,01448031,482,A,49035,+40.6678828,-111.9242397,06,,G4020,Salt Lake,Salt Lake County,49,2023-04-09,55.11880404391711,1680998400000,"{""type"":""MultiPoint"",""coordinates"":[]}"
495_0000000000000000001b,1921943668,164903351,41620,H1,035,01448031,482,A,49035,+40.6678828,-111.9242397,06,,G4020,Salt Lake,Salt Lake County,49,2023-04-10,61.05937655671926,1681084800000,"{""type"":""MultiPoint"",""coordinates"":[]}"
496_0000000000000000001b,1921943668,164903351,41620,H1,035,01448031,482,A,49035,+40.6678828,-111.9242397,06,,G4020,Salt Lake,Salt Lake County,49,2023-04-11,58.12130227177588,1681171200000,"{""type"":""MultiPoint"",""coordinates"":[]}"
497_0000000000000000001b,1921943668,164903351,41620,H1,035,01448031,482,A,49035,+40.6678828,-111.9242397,06,,G4020,Salt Lake,Salt Lake County,49,2023-04-12,47.999968049968004,1681257600000,"{""type"":""MultiPoint"",""coordinates"":[]}"
498_0000000000000000001b,1921943668,164903351,41620,H1,035,01448031,482,A,49035,+40.6678828,-111.9242397,06,,G4020,Salt Lake,Salt Lake County,49,2023-04-13,62.56958246537418,1681344000000,"{""type"":""MultiPoint"",""coordinates"":[]}"
499_0000000000000000001b,1921943668,164903351,41620,H1,035,01448031,482,A,49035,+40.6678828,-111.9242397,06,,G4020,Salt Lake,Salt Lake County,49,2023-04-14,59.69188180944356,1681430400000,"{""type"":""MultiPoint"",""coordinates"":[]}"
500_0000000000000000001b,1921943668,164903351,41620,H1,035,01448031,482,A,49035,+40.6678828,-111.9242397,06,,G4020,Salt Lake,Salt Lake County,49,2023-04-15,56.00221467004133,1681516800000,"{""type"":""MultiPoint"",""coordinates"":[]}"
501_0000000000000000001b,1921943668,164903351,41620,H1,035,01448031,482,A,49035,+40.6678828,-111.9242397,06,,G4020,Salt Lake,Salt Lake County,49,2023-04-16,56.865760650458476,1681603200000,"{""type"":""MultiPoint"",""coordinates"":[]}"
502_0000000000000000001b,1921943668,164903351,41620,H1,035,01448031,482,A,49035,+40.6678828,-111.9242397,06,,G4020,Salt Lake,Salt Lake County,49,2023-04-17,49.76434161555675,1681689600000,"{""type"":""MultiPoint"",""coordinates"":[]}"
503_0000000000000000001b,1921943668,164903351,41620,H1,035,01448031,482,A,49035,+40.6678828,-111.9242397,06,,G4020,Salt Lake,Salt Lake County,49,2023-04-18,58.73253149188539,1681776000000,"{""type"":""MultiPoint"",""coordinates"":[]}"
504_0000000000000000001b,1921943668,164903351,41620,H1,035,01448031,482,A,49035,+40.6678828,-111.9242397,06,,G4020,Salt Lake,Salt Lake County,49,2023-04-19,50.718013289992804,1681862400000,"{""type"":""MultiPoint"",""coordinates"":[]}"
505_0000000000000000001b,1921943668,164903351,41620,H1,035,01448031,482,A,49035,+40.6678828,-111.9242397,06,,G4020,Salt Lake,Salt Lake County,49,2023-04-20,51.33882760483107,1681948800000,"{""type"":""MultiPoint"",""coordinates"":[]}"
506_0000000000000000001b,1921943668,164903351,41620,H1,035,01448031,482,A,49035,+40.6678828,-111.9242397,06,,G4020,Salt Lake,Salt Lake County,49,2023-04-21,63.0814861381588,1682035200000,"{""type"":""MultiPoint"",""coordinates"":[]}"
507_0000000000000000001b,1921943668,164903351,41620,H1,035,01448031,482,A,49035,+40.6678828,-111.9242397,06,,G4020,Salt Lake,Salt Lake County,49,2023-04-22,77.4717013397376,1682121600000,"{""type"":""MultiPoint"",""coordinates"":[]}"
508_0000000000000000001b,1921943668,164903351,41620,H1,035,01448031,482,A,49035,+40.6678828,-111.9242397,06,,G4020,Salt Lake,Salt Lake County,49,2023-04-23,61.63534034120499,1682208000000,"{""type"":""MultiPoint"",""coordinates"":[]}"
509_0000000000000000001b,1921943668,164903351,41620,H1,035,01448031,482,A,49035,+40.6678828,-111.9242397,06,,G4020,Salt Lake,Salt Lake County,49,2023-04-24,68.62505188232034,1682294400000,"{""type"":""MultiPoint"",""coordinates"":[]}"
510_0000000000000000001b,1921943668,164903351,41620,H1,035,01448031,482,A,49035,+40.6678828,-111.9242397,06,,G4020,Salt Lake,Salt Lake County,49,2023-04-25,78.08594371739717,1682380800000,"{""type"":""MultiPoint"",""coordinates"":[]}"
511_0000000000000000001b,1921943668,164903351,41620,H1,035,01448031,482,A,49035,+40.6678828,-111.9242397,06,,G4020,Salt Lake,Salt Lake County,49,2023-04-26,70.59860110164242,1682467200000,"{""type"":""MultiPoint"",""coordinates"":[]}"
512_0000000000000000001b,1921943668,164903351,41620,H1,035,01448031,482,A,49035,+40.6678828,-111.9242397,06,,G4020,Salt Lake,Salt Lake County,49,2023-04-27,56.20438907292528,1682553600000,"{""type"":""MultiPoint"",""coordinates"":[]}"
513_0000000000000000001b,1921943668,164903351,41620,H1,035,01448031,482,A,49035,+40.6678828,-111.9242397,06,,G4020,Salt Lake,Salt Lake County,49,2023-04-28,50.48383556489297,1682640000000,"{""type"":""MultiPoint"",""coordinates"":[]}"
514_0000000000000000001b,1921943668,164903351,41620,H1,035,01448031,482,A,49035,+40.6678828,-111.9242397,06,,G4020,Salt Lake,Salt Lake County,49,2023-04-29,51.53950988934264,1682726400000,"{""type"":""MultiPoint"",""coordinates"":[]}"
515_0000000000000000001b,1921943668,164903351,41620,H1,035,01448031,482,A,49035,+40.6678828,-111.9242397,06,,G4020,Salt Lake,Salt Lake County,49,2023-04-30,52.544898664946004,1682812800000,"{""type"":""MultiPoint"",""coordinates"":[]}"
516_0000000000000000001b,1921943668,164903351,41620,H1,035,01448031,482,A,49035,+40.6678828,-111.9242397,06,,G4020,Salt Lake,Salt Lake County,49,2023-05-01,51.81676165687422,1682899200000,"{""type"":""MultiPoint"",""coordinates"":[]}"
517_0000000000000000001b,1921943668,164903351,41620,H1,035,01448031,482,A,49035,+40.6678828,-111.9242397,06,,G4020,Salt Lake,Salt Lake County,49,2023-05-02,49.584829454974845,1682985600000,"{""type"":""MultiPoint"",""coordinates"":[]}"
518_0000000000000000001b,1921943668,164903351,41620,H1,035,01448031,482,A,49035,+40.6678828,-111.9242397,06,,G4020,Salt Lake,Salt Lake County,49,2023-05-03,51.46583043600417,1683072000000,"{""type"":""MultiPoint"",""coordinates"":[]}"
519_0000000000000000001b,1921943668,164903351,41620,H1,035,01448031,482,A,49035,+40.6678828,-111.9242397,06,,G4020,Salt Lake,Salt Lake County,49,2023-05-04,52.73953776722566,1683158400000,"{""type"":""MultiPoint"",""coordinates"":[]}"
520_0000000000000000001b,1921943668,164903351,41620,H1,035,01448031,482,A,49035,+40.6678828,-111.9242397,06,,G4020,Salt Lake,Salt Lake County,49,2023-05-05,53.14835541575098,1683244800000,"{""type"":""MultiPoint"",""coordinates"":[]}"
521_0000000000000000001b,1921943668,164903351,41620,H1,035,01448031,482,A,49035,+40.6678828,-111.9242397,06,,G4020,Salt Lake,Salt Lake County,49,2023-05-06,59.89177753015277,1683331200000,"{""type"":""MultiPoint"",""coordinates"":[]}"
522_0000000000000000001b,1921943668,164903351,41620,H1,035,01448031,482,A,49035,+40.6678828,-111.9242397,06,,G4020,Salt Lake,Salt Lake County,49,2023-05-07,66.20839991938026,1683417600000,"{""type"":""MultiPoint"",""coordinates"":[]}"
523_0000000000000000001b,1921943668,164903351,41620,H1,035,01448031,482,A,49035,+40.6678828,-111.9242397,06,,G4020,Salt Lake,Salt Lake County,49,2023-05-08,60.81612352983973,1683504000000,"{""type"":""MultiPoint"",""coordinates"":[]}"
524_0000000000000000001b,1921943668,164903351,41620,H1,035,01448031,482,A,49035,+40.6678828,-111.9242397,06,,G4020,Salt Lake,Salt Lake County,49,2023-05-09,69.36840214291111,1683590400000,"{""type"":""MultiPoint"",""coordinates"":[]}"
525_0000000000000000001b,1921943668,164903351,41620,H1,035,01448031,482,A,49035,+40.6678828,-111.9242397,06,,G4020,Salt Lake,Salt Lake County,49,2023-05-10,63.424868967233124,1683676800000,"{""type"":""MultiPoint"",""coordinates"":[]}"
526_0000000000000000001b,1921943668,164903351,41620,H1,035,01448031,482,A,49035,+40.6678828,-111.9242397,06,,G4020,Salt Lake,Salt Lake County,49,2023-05-11,53.01422288997732,1683763200000,"{""type"":""MultiPoint"",""coordinates"":[]}"
527_0000000000000000001b,1921943668,164903351,41620,H1,035,01448031,482,A,49035,+40.6678828,-111.9242397,06,,G4020,Salt Lake,Salt Lake County,49,2023-05-12,50.33354169213137,1683849600000,"{""type"":""MultiPoint"",""coordinates"":[]}"
528_0000000000000000001b,1921943668,164903351,41620,H1,035,01448031,482,A,49035,+40.6678828,-111.9242397,06,,G4020,Salt Lake,Salt Lake County,49,2023-05-13,61.444761150606226,1683936000000,"{""type"":""MultiPoint"",""coordinates"":[]}"
529_0000000000000000001b,1921943668,164903351,41620,H1,035,01448031,482,A,49035,+40.6678828,-111.9242397,06,,G4020,Salt Lake,Salt Lake County,49,2023-05-14,72.10545967756873,1684022400000,"{""type"":""MultiPoint"",""coordinates"":[]}"
530_0000000000000000001b,1921943668,164903351,41620,H1,035,01448031,482,A,49035,+40.6678828,-111.9242397,06,,G4020,Salt Lake,Salt Lake County,49,2023-05-15,61.54837087393912,1684108800000,"{""type"":""MultiPoint"",""coordinates"":[]}"
531_0000000000000000001b,1921943668,164903351,41620,H1,035,01448031,482,A,49035,+40.6678828,-111.9242397,06,,G4020,Salt Lake,Salt Lake County,49,2023-05-16,56.086804187474954,1684195200000,"{""type"":""MultiPoint"",""coordinates"":[]}"
532_0000000000000000001b,1921943668,164903351,41620,H1,035,01448031,482,A,49035,+40.6678828,-111.9242397,06,,G4020,Salt Lake,Salt Lake County,49,2023-05-17,47.97793921375486,1684281600000,"{""type"":""MultiPoint"",""coordinates"":[]}"
533_0000000000000000001b,1921943668,164903351,41620,H1,035,01448031,482,A,49035,+40.6678828,-111.9242397,06,,G4020,Salt Lake,Salt Lake County,49,2023-05-18,51.14430270435665,1684368000000,"{""type"":""MultiPoint"",""coordinates"":[]}"
534_0000000000000000001b,1921943668,164903351,41620,H1,035,01448031,482,A,49035,+40.6678828,-111.9242397,06,,G4020,Salt Lake,Salt Lake County,49,2023-05-19,52.763567899267585,1684454400000,"{""type"":""MultiPoint"",""coordinates"":[]}"
535_0000000000000000001b,1921943668,164903351,41620,H1,035,01448031,482,A,49035,+40.6678828,-111.9242397,06,,G4020,Salt Lake,Salt Lake County,49,2023-05-20,42.955941339783315,1684540800000,"{""type"":""MultiPoint"",""coordinates"":[]}"
536_0000000000000000001b,1921943668,164903351,41620,H1,035,01448031,482,A,49035,+40.6678828,-111.9242397,06,,G4020,Salt Lake,Salt Lake County,49,2023-05-21,39.820772730160094,1684627200000,"{""type"":""MultiPoint"",""coordinates"":[]}"
537_0000000000000000001b,1921943668,164903351,41620,H1,035,01448031,482,A,49035,+40.6678828,-111.9242397,06,,G4020,Salt Lake,Salt Lake County,49,2023-05-22,46.37095411575532,1684713600000,"{""type"":""MultiPoint"",""coordinates"":[]}"
538_0000000000000000001b,1921943668,164903351,41620,H1,035,01448031,482,A,49035,+40.6678828,-111.9242397,06,,G4020,Salt Lake,Salt Lake County,49,2023-05-23,51.19692786371868,1684800000000,"{""type"":""MultiPoint"",""coordinates"":[]}"
539_0000000000000000001b,1921943668,164903351,41620,H1,035,01448031,482,A,49035,+40.6678828,-111.9242397,06,,G4020,Salt Lake,Salt Lake County,49,2023-05-24,50.94154969986033,1684886400000,"{""type"":""MultiPoint"",""coordinates"":[]}"
540_0000000000000000001b,1921943668,164903351,41620,H1,035,01448031,482,A,49035,+40.6678828,-111.9242397,06,,G4020,Salt Lake,Salt Lake County,49,2023-05-25,48.315623605073,1684972800000,"{""type"":""MultiPoint"",""coordinates"":[]}"
541_0000000000000000001b,1921943668,164903351,41620,H1,035,01448031,482,A,49035,+40.6678828,-111.9242397,06,,G4020,Salt Lake,Salt Lake County,49,2023-05-26,53.882325902954975,1685059200000,"{""type"":""MultiPoint"",""coordinates"":[]}"
542_0000000000000000001b,1921943668,164903351,41620,H1,035,01448031,482,A,49035,+40.6678828,-111.9242397,06,,G4020,Salt Lake,Salt Lake County,49,2023-05-27,63.531613482982365,1685145600000,"{""type"":""MultiPoint"",""coordinates"":[]}"
543_0000000000000000001b,1921943668,164903351,41620,H1,035,01448031,482,A,49035,+40.6678828,-111.9242397,06,,G4020,Salt Lake,Salt Lake County,49,2023-05-28,62.12960072024586,1685232000000,"{""type"":""MultiPoint"",""coordinates"":[]}"
544_0000000000000000001b,1921943668,164903351,41620,H1,035,01448031,482,A,49035,+40.6678828,-111.9242397,06,,G4020,Salt Lake,Salt Lake County,49,2023-05-29,55.99709143876247,1685318400000,"{""type"":""MultiPoint"",""coordinates"":[]}"
545_0000000000000000001b,1921943668,164903351,41620,H1,035,01448031,482,A,49035,+40.6678828,-111.9242397,06,,G4020,Salt Lake,Salt Lake County,49,2023-05-30,40.40847030517783,1685404800000,"{""type"":""MultiPoint"",""coordinates"":[]}"
546_0000000000000000001b,1921943668,164903351,41620,H1,035,01448031,482,A,49035,+40.6678828,-111.9242397,06,,G4020,Salt Lake,Salt Lake County,49,2023-05-31,39.247782097903695,1685491200000,"{""type"":""MultiPoint"",""coordinates"":[]}"
547_0000000000000000001b,1921943668,164903351,41620,H1,035,01448031,482,A,49035,+40.6678828,-111.9242397,06,,G4020,Salt Lake,Salt Lake County,49,2023-06-01,56.40389432438617,1685577600000,"{""type"":""MultiPoint"",""coordinates"":[]}"
548_0000000000000000001b,1921943668,164903351,41620,H1,035,01448031,482,A,49035,+40.6678828,-111.9242397,06,,G4020,Salt Lake,Salt Lake County,49,2023-06-02,63.225357249970514,1685664000000,"{""type"":""MultiPoint"",""coordinates"":[]}"
549_0000000000000000001b,1921943668,164903351,41620,H1,035,01448031,482,A,49035,+40.6678828,-111.9242397,06,,G4020,Salt Lake,Salt Lake County,49,2023-06-03,61.76882416980364,1685750400000,"{""type"":""MultiPoint"",""coordinates"":[]}"
550_0000000000000000001b,1921943668,164903351,41620,H1,035,01448031,482,A,49035,+40.6678828,-111.9242397,06,,G4020,Salt Lake,Salt Lake County,49,2023-06-04,60.09678173992125,1685836800000,"{""type"":""MultiPoint"",""coordinates"":[]}"
551_0000000000000000001b,1921943668,164903351,41620,H1,035,01448031,482,A,49035,+40.6678828,-111.9242397,06,,G4020,Salt Lake,Salt Lake County,49,2023-06-05,52.814420315182005,1685923200000,"{""type"":""MultiPoint"",""coordinates"":[]}"
552_0000000000000000001b,1921943668,164903351,41620,H1,035,01448031,482,A,49035,+40.6678828,-111.9242397,06,,G4020,Salt Lake,Salt Lake County,49,2023-06-06,49.988259891725484,1686009600000,"{""type"":""MultiPoint"",""coordinates"":[]}"
553_0000000000000000001b,1921943668,164903351,41620,H1,035,01448031,482,A,49035,+40.6678828,-111.9242397,06,,G4020,Salt Lake,Salt Lake County,49,2023-06-07,56.66691650900025,1686096000000,"{""type"":""MultiPoint"",""coordinates"":[]}"
554_0000000000000000001b,1921943668,164903351,41620,H1,035,01448031,482,A,49035,+40.6678828,-111.9242397,06,,G4020,Salt Lake,Salt Lake County,49,2023-06-08,54.417046758657285,1686182400000,"{""type"":""MultiPoint"",""coordinates"":[]}"
555_0000000000000000001b,1921943668,164903351,41620,H1,035,01448031,482,A,49035,+40.6678828,-111.9242397,06,,G4020,Salt Lake,Salt Lake County,49,2023-06-09,49.25756964058089,1686268800000,"{""type"":""MultiPoint"",""coordinates"":[]}"
556_0000000000000000001b,1921943668,164903351,41620,H1,035,01448031,482,A,49035,+40.6678828,-111.9242397,06,,G4020,Salt Lake,Salt Lake County,49,2023-06-10,49.69540235649413,1686355200000,"{""type"":""MultiPoint"",""coordinates"":[]}"
557_0000000000000000001b,1921943668,164903351,41620,H1,035,01448031,482,A,49035,+40.6678828,-111.9242397,06,,G4020,Salt Lake,Salt Lake County,49,2023-06-11,51.153079653354716,1686441600000,"{""type"":""MultiPoint"",""coordinates"":[]}"
558_0000000000000000001b,1921943668,164903351,41620,H1,035,01448031,482,A,49035,+40.6678828,-111.9242397,06,,G4020,Salt Lake,Salt Lake County,49,2023-06-12,63.24748595703922,1686528000000,"{""type"":""MultiPoint"",""coordinates"":[]}"
559_0000000000000000001b,1921943668,164903351,41620,H1,035,01448031,482,A,49035,+40.6678828,-111.9242397,06,,G4020,Salt Lake,Salt Lake County,49,2023-06-13,61.758781153253246,1686614400000,"{""type"":""MultiPoint"",""coordinates"":[]}"
560_0000000000000000001b,1921943668,164903351,41620,H1,035,01448031,482,A,49035,+40.6678828,-111.9242397,06,,G4020,Salt Lake,Salt Lake County,49,2023-06-14,60.43204433349181,1686700800000,"{""type"":""MultiPoint"",""coordinates"":[]}"
561_0000000000000000001b,1921943668,164903351,41620,H1,035,01448031,482,A,49035,+40.6678828,-111.9242397,06,,G4020,Salt Lake,Salt Lake County,49,2023-06-15,72.1542944008193,1686787200000,"{""type"":""MultiPoint"",""coordinates"":[]}"
562_0000000000000000001b,1921943668,164903351,41620,H1,035,01448031,482,A,49035,+40.6678828,-111.9242397,06,,G4020,Salt Lake,Salt Lake County,49,2023-06-16,49.24335458484479,1686873600000,"{""type"":""MultiPoint"",""coordinates"":[]}"
563_0000000000000000001b,1921943668,164903351,41620,H1,035,01448031,482,A,49035,+40.6678828,-111.9242397,06,,G4020,Salt Lake,Salt Lake County,49,2023-06-17,44.42139822212906,1686960000000,"{""type"":""MultiPoint"",""coordinates"":[]}"
564_0000000000000000001b,1921943668,164903351,41620,H1,035,01448031,482,A,49035,+40.6678828,-111.9242397,06,,G4020,Salt Lake,Salt Lake County,49,2023-06-18,40.78213094249402,1687046400000,"{""type"":""MultiPoint"",""coordinates"":[]}"
565_0000000000000000001b,1921943668,164903351,41620,H1,035,01448031,482,A,49035,+40.6678828,-111.9242397,06,,G4020,Salt Lake,Salt Lake County,49,2023-06-19,40.540654291535006,1687132800000,"{""type"":""MultiPoint"",""coordinates"":[]}"
566_0000000000000000001b,1921943668,164903351,41620,H1,035,01448031,482,A,49035,+40.6678828,-111.9242397,06,,G4020,Salt Lake,Salt Lake County,49,2023-06-20,71.207080058594,1687219200000,"{""type"":""MultiPoint"",""coordinates"":[]}"
567_0000000000000000001b,1921943668,164903351,41620,H1,035,01448031,482,A,49035,+40.6678828,-111.9242397,06,,G4020,Salt Lake,Salt Lake County,49,2023-06-21,50.61248817117336,1687305600000,"{""type"":""MultiPoint"",""coordinates"":[]}"
568_0000000000000000001b,1921943668,164903351,41620,H1,035,01448031,482,A,49035,+40.6678828,-111.9242397,06,,G4020,Salt Lake,Salt Lake County,49,2023-06-22,47.813311698515435,1687392000000,"{""type"":""MultiPoint"",""coordinates"":[]}"
569_0000000000000000001b,1921943668,164903351,41620,H1,035,01448031,482,A,49035,+40.6678828,-111.9242397,06,,G4020,Salt Lake,Salt Lake County,49,2023-06-23,38.58627787821156,1687478400000,"{""type"":""MultiPoint"",""coordinates"":[]}"
570_0000000000000000001b,1921943668,164903351,41620,H1,035,01448031,482,A,49035,+40.6678828,-111.9242397,06,,G4020,Salt Lake,Salt Lake County,49,2023-06-24,37.806002351317225,1687564800000,"{""type"":""MultiPoint"",""coordinates"":[]}"
571_0000000000000000001b,1921943668,164903351,41620,H1,035,01448031,482,A,49035,+40.6678828,-111.9242397,06,,G4020,Salt Lake,Salt Lake County,49,2023-06-25,34.40939099462993,1687651200000,"{""type"":""MultiPoint"",""coordinates"":[]}"
572_0000000000000000001b,1921943668,164903351,41620,H1,035,01448031,482,A,49035,+40.6678828,-111.9242397,06,,G4020,Salt Lake,Salt Lake County,49,2023-06-26,21.557538129908142,1687737600000,"{""type"":""MultiPoint"",""coordinates"":[]}"
573_0000000000000000001b,1921943668,164903351,41620,H1,035,01448031,482,A,49035,+40.6678828,-111.9242397,06,,G4020,Salt Lake,Salt Lake County,49,2023-06-27,37.823708927610554,1687824000000,"{""type"":""MultiPoint"",""coordinates"":[]}"
574_0000000000000000001b,1921943668,164903351,41620,H1,035,01448031,482,A,49035,+40.6678828,-111.9242397,06,,G4020,Salt Lake,Salt Lake County,49,2023-06-28,44.56666753891257,1687910400000,"{""type"":""MultiPoint"",""coordinates"":[]}"
575_0000000000000000001b,1921943668,164903351,41620,H1,035,01448031,482,A,49035,+40.6678828,-111.9242397,06,,G4020,Salt Lake,Salt Lake County,49,2023-06-29,48.55913592355619,1687996800000,"{""type"":""MultiPoint"",""coordinates"":[]}"
576_0000000000000000001b,1921943668,164903351,41620,H1,035,01448031,482,A,49035,+40.6678828,-111.9242397,06,,G4020,Salt Lake,Salt Lake County,49,2023-06-30,47.25909390396163,1688083200000,"{""type"":""MultiPoint"",""coordinates"":[]}"
577_0000000000000000001b,1921943668,164903351,41620,H1,035,01448031,482,A,49035,+40.6678828,-111.9242397,06,,G4020,Salt Lake,Salt Lake County,49,2023-07-01,38.14068040727603,1688169600000,"{""type"":""MultiPoint"",""coordinates"":[]}"
578_0000000000000000001b,1921943668,164903351,41620,H1,035,01448031,482,A,49035,+40.6678828,-111.9242397,06,,G4020,Salt Lake,Salt Lake County,49,2023-07-02,33.432955612036686,1688256000000,"{""type"":""MultiPoint"",""coordinates"":[]}"
579_0000000000000000001b,1921943668,164903351,41620,H1,035,01448031,482,A,49035,+40.6678828,-111.9242397,06,,G4020,Salt Lake,Salt Lake County,49,2023-07-03,28.27560633744554,1688342400000,"{""type"":""MultiPoint"",""coordinates"":[]}"
580_0000000000000000001b,1921943668,164903351,41620,H1,035,01448031,482,A,49035,+40.6678828,-111.9242397,06,,G4020,Salt Lake,Salt Lake County,49,2023-07-04,36.36804176753472,1688428800000,"{""type"":""MultiPoint"",""coordinates"":[]}"
581_0000000000000000001b,1921943668,164903351,41620,H1,035,01448031,482,A,49035,+40.6678828,-111.9242397,06,,G4020,Salt Lake,Salt Lake County,49,2023-07-05,37.09738292953701,1688515200000,"{""type"":""MultiPoint"",""coordinates"":[]}"
582_0000000000000000001b,1921943668,164903351,41620,H1,035,01448031,482,A,49035,+40.6678828,-111.9242397,06,,G4020,Salt Lake,Salt Lake County,49,2023-07-06,35.63712503756237,1688601600000,"{""type"":""MultiPoint"",""coordinates"":[]}"
583_0000000000000000001b,1921943668,164903351,41620,H1,035,01448031,482,A,49035,+40.6678828,-111.9242397,06,,G4020,Salt Lake,Salt Lake County,49,2023-07-07,32.98883804335633,1688688000000,"{""type"":""MultiPoint"",""coordinates"":[]}"
584_0000000000000000001b,1921943668,164903351,41620,H1,035,01448031,482,A,49035,+40.6678828,-111.9242397,06,,G4020,Salt Lake,Salt Lake County,49,2023-07-08,34.96156267402286,1688774400000,"{""type"":""MultiPoint"",""coordinates"":[]}"
585_0000000000000000001b,1921943668,164903351,41620,H1,035,01448031,482,A,49035,+40.6678828,-111.9242397,06,,G4020,Salt Lake,Salt Lake County,49,2023-07-09,28.36787264391363,1688860800000,"{""type"":""MultiPoint"",""coordinates"":[]}"
586_0000000000000000001b,1921943668,164903351,41620,H1,035,01448031,482,A,49035,+40.6678828,-111.9242397,06,,G4020,Salt Lake,Salt Lake County,49,2023-07-10,19.658259943819587,1688947200000,"{""type"":""MultiPoint"",""coordinates"":[]}"
587_0000000000000000001b,1921943668,164903351,41620,H1,035,01448031,482,A,49035,+40.6678828,-111.9242397,06,,G4020,Salt Lake,Salt Lake County,49,2023-07-11,18.175247446414662,1689033600000,"{""type"":""MultiPoint"",""coordinates"":[]}"
588_0000000000000000001b,1921943668,164903351,41620,H1,035,01448031,482,A,49035,+40.6678828,-111.9242397,06,,G4020,Salt Lake,Salt Lake County,49,2023-07-12,24.174405165583742,1689120000000,"{""type"":""MultiPoint"",""coordinates"":[]}"
589_0000000000000000001b,1921943668,164903351,41620,H1,035,01448031,482,A,49035,+40.6678828,-111.9242397,06,,G4020,Salt Lake,Salt Lake County,49,2023-07-13,27.939121068241374,1689206400000,"{""type"":""MultiPoint"",""coordinates"":[]}"
590_0000000000000000001b,1921943668,164903351,41620,H1,035,01448031,482,A,49035,+40.6678828,-111.9242397,06,,G4020,Salt Lake,Salt Lake County,49,2023-07-14,24.35058363209379,1689292800000,"{""type"":""MultiPoint"",""coordinates"":[]}"
591_0000000000000000001b,1921943668,164903351,41620,H1,035,01448031,482,A,49035,+40.6678828,-111.9242397,06,,G4020,Salt Lake,Salt Lake County,49,2023-07-15,29.441733732325478,1689379200000,"{""type"":""MultiPoint"",""coordinates"":[]}"
592_0000000000000000001b,1921943668,164903351,41620,H1,035,01448031,482,A,49035,+40.6678828,-111.9242397,06,,G4020,Salt Lake,Salt Lake County,49,2023-07-16,24.169983096161044,1689465600000,"{""type"":""MultiPoint"",""coordinates"":[]}"
593_0000000000000000001b,1921943668,164903351,41620,H1,035,01448031,482,A,49035,+40.6678828,-111.9242397,06,,G4020,Salt Lake,Salt Lake County,49,2023-07-17,19.105895216295167,1689552000000,"{""type"":""MultiPoint"",""coordinates"":[]}"
594_0000000000000000001b,1921943668,164903351,41620,H1,035,01448031,482,A,49035,+40.6678828,-111.9242397,06,,G4020,Salt Lake,Salt Lake County,49,2023-07-18,25.340612389162224,1689638400000,"{""type"":""MultiPoint"",""coordinates"":[]}"
595_0000000000000000001b,1921943668,164903351,41620,H1,035,01448031,482,A,49035,+40.6678828,-111.9242397,06,,G4020,Salt Lake,Salt Lake County,49,2023-07-19,34.51343841617434,1689724800000,"{""type"":""MultiPoint"",""coordinates"":[]}"
596_0000000000000000001b,1921943668,164903351,41620,H1,035,01448031,482,A,49035,+40.6678828,-111.9242397,06,,G4020,Salt Lake,Salt Lake County,49,2023-07-20,54.150094153898394,1689811200000,"{""type"":""MultiPoint"",""coordinates"":[]}"
597_0000000000000000001b,1921943668,164903351,41620,H1,035,01448031,482,A,49035,+40.6678828,-111.9242397,06,,G4020,Salt Lake,Salt Lake County,49,2023-07-21,34.5988285977406,1689897600000,"{""type"":""MultiPoint"",""coordinates"":[]}"
598_0000000000000000001b,1921943668,164903351,41620,H1,035,01448031,482,A,49035,+40.6678828,-111.9242397,06,,G4020,Salt Lake,Salt Lake County,49,2023-07-22,24.744847078040785,1689984000000,"{""type"":""MultiPoint"",""coordinates"":[]}"
599_0000000000000000001b,1921943668,164903351,41620,H1,035,01448031,482,A,49035,+40.6678828,-111.9242397,06,,G4020,Salt Lake,Salt Lake County,49,2023-07-23,22.090997263813126,1690070400000,"{""type"":""MultiPoint"",""coordinates"":[]}"
600_0000000000000000001b,1921943668,164903351,41620,H1,035,01448031,482,A,49035,+40.6678828,-111.9242397,06,,G4020,Salt Lake,Salt Lake County,49,2023-07-24,24.20432423815942,1690156800000,"{""type"":""MultiPoint"",""coordinates"":[]}"
601_0000000000000000001b,1921943668,164903351,41620,H1,035,01448031,482,A,49035,+40.6678828,-111.9242397,06,,G4020,Salt Lake,Salt Lake County,49,2023-07-25,35.97567432735547,1690243200000,"{""type"":""MultiPoint"",""coordinates"":[]}"
602_0000000000000000001b,1921943668,164903351,41620,H1,035,01448031,482,A,49035,+40.6678828,-111.9242397,06,,G4020,Salt Lake,Salt Lake County,49,2023-07-26,28.40183751546507,1690329600000,"{""type"":""MultiPoint"",""coordinates"":[]}"
603_0000000000000000001b,1921943668,164903351,41620,H1,035,01448031,482,A,49035,+40.6678828,-111.9242397,06,,G4020,Salt Lake,Salt Lake County,49,2023-07-27,25.73479620961883,1690416000000,"{""type"":""MultiPoint"",""coordinates"":[]}"
604_0000000000000000001b,1921943668,164903351,41620,H1,035,01448031,482,A,49035,+40.6678828,-111.9242397,06,,G4020,Salt Lake,Salt Lake County,49,2023-07-28,23.52221155095664,1690502400000,"{""type"":""MultiPoint"",""coordinates"":[]}"
605_0000000000000000001b,1921943668,164903351,41620,H1,035,01448031,482,A,49035,+40.6678828,-111.9242397,06,,G4020,Salt Lake,Salt Lake County,49,2023-07-29,21.652928918879528,1690588800000,"{""type"":""MultiPoint"",""coordinates"":[]}"
606_0000000000000000001b,1921943668,164903351,41620,H1,035,01448031,482,A,49035,+40.6678828,-111.9242397,06,,G4020,Salt Lake,Salt Lake County,49,2023-07-30,23.059534421583166,1690675200000,"{""type"":""MultiPoint"",""coordinates"":[]}"
607_0000000000000000001b,1921943668,164903351,41620,H1,035,01448031,482,A,49035,+40.6678828,-111.9242397,06,,G4020,Salt Lake,Salt Lake County,49,2023-07-31,30.799216916258448,1690761600000,"{""type"":""MultiPoint"",""coordinates"":[]}"
608_0000000000000000001b,1921943668,164903351,41620,H1,035,01448031,482,A,49035,+40.6678828,-111.9242397,06,,G4020,Salt Lake,Salt Lake County,49,2023-08-01,41.20158371233012,1690848000000,"{""type"":""MultiPoint"",""coordinates"":[]}"
609_0000000000000000001b,1921943668,164903351,41620,H1,035,01448031,482,A,49035,+40.6678828,-111.9242397,06,,G4020,Salt Lake,Salt Lake County,49,2023-08-02,72.8406915807704,1690934400000,"{""type"":""MultiPoint"",""coordinates"":[]}"
610_0000000000000000001b,1921943668,164903351,41620,H1,035,01448031,482,A,49035,+40.6678828,-111.9242397,06,,G4020,Salt Lake,Salt Lake County,49,2023-08-03,71.60582768414277,1691020800000,"{""type"":""MultiPoint"",""coordinates"":[]}"
611_0000000000000000001b,1921943668,164903351,41620,H1,035,01448031,482,A,49035,+40.6678828,-111.9242397,06,,G4020,Salt Lake,Salt Lake County,49,2023-08-04,61.11496991246626,1691107200000,"{""type"":""MultiPoint"",""coordinates"":[]}"
612_0000000000000000001b,1921943668,164903351,41620,H1,035,01448031,482,A,49035,+40.6678828,-111.9242397,06,,G4020,Salt Lake,Salt Lake County,49,2023-08-05,52.81578280151835,1691193600000,"{""type"":""MultiPoint"",""coordinates"":[]}"
613_0000000000000000001b,1921943668,164903351,41620,H1,035,01448031,482,A,49035,+40.6678828,-111.9242397,06,,G4020,Salt Lake,Salt Lake County,49,2023-08-06,51.963376072408714,1691280000000,"{""type"":""MultiPoint"",""coordinates"":[]}"
614_0000000000000000001b,1921943668,164903351,41620,H1,035,01448031,482,A,49035,+40.6678828,-111.9242397,06,,G4020,Salt Lake,Salt Lake County,49,2023-08-07,47.97827338365778,1691366400000,"{""type"":""MultiPoint"",""coordinates"":[]}"
615_0000000000000000001b,1921943668,164903351,41620,H1,035,01448031,482,A,49035,+40.6678828,-111.9242397,06,,G4020,Salt Lake,Salt Lake County,49,2023-08-08,49.67451719572329,1691452800000,"{""type"":""MultiPoint"",""coordinates"":[]}"
616_0000000000000000001b,1921943668,164903351,41620,H1,035,01448031,482,A,49035,+40.6678828,-111.9242397,06,,G4020,Salt Lake,Salt Lake County,49,2023-08-09,41.981526415150284,1691539200000,"{""type"":""MultiPoint"",""coordinates"":[]}"
617_0000000000000000001b,1921943668,164903351,41620,H1,035,01448031,482,A,49035,+40.6678828,-111.9242397,06,,G4020,Salt Lake,Salt Lake County,49,2023-08-10,37.083998686733274,1691625600000,"{""type"":""MultiPoint"",""coordinates"":[]}"
618_0000000000000000001b,1921943668,164903351,41620,H1,035,01448031,482,A,49035,+40.6678828,-111.9242397,06,,G4020,Salt Lake,Salt Lake County,49,2023-08-11,37.6541713982867,1691712000000,"{""type"":""MultiPoint"",""coordinates"":[]}"
619_0000000000000000001b,1921943668,164903351,41620,H1,035,01448031,482,A,49035,+40.6678828,-111.9242397,06,,G4020,Salt Lake,Salt Lake County,49,2023-08-12,46.015039628170854,1691798400000,"{""type"":""MultiPoint"",""coordinates"":[]}"
620_0000000000000000001b,1921943668,164903351,41620,H1,035,01448031,482,A,49035,+40.6678828,-111.9242397,06,,G4020,Salt Lake,Salt Lake County,49,2023-08-13,42.41449175425778,1691884800000,"{""type"":""MultiPoint"",""coordinates"":[]}"
621_0000000000000000001b,1921943668,164903351,41620,H1,035,01448031,482,A,49035,+40.6678828,-111.9242397,06,,G4020,Salt Lake,Salt Lake County,49,2023-08-14,37.86779154741254,1691971200000,"{""type"":""MultiPoint"",""coordinates"":[]}"
622_0000000000000000001b,1921943668,164903351,41620,H1,035,01448031,482,A,49035,+40.6678828,-111.9242397,06,,G4020,Salt Lake,Salt Lake County,49,2023-08-15,40.41142060348213,1692057600000,"{""type"":""MultiPoint"",""coordinates"":[]}"
623_0000000000000000001b,1921943668,164903351,41620,H1,035,01448031,482,A,49035,+40.6678828,-111.9242397,06,,G4020,Salt Lake,Salt Lake County,49,2023-08-16,45.32722056795355,1692144000000,"{""type"":""MultiPoint"",""coordinates"":[]}"
624_0000000000000000001b,1921943668,164903351,41620,H1,035,01448031,482,A,49035,+40.6678828,-111.9242397,06,,G4020,Salt Lake,Salt Lake County,49,2023-08-17,45.560306806401016,1692230400000,"{""type"":""MultiPoint"",""coordinates"":[]}"
625_0000000000000000001b,1921943668,164903351,41620,H1,035,01448031,482,A,49035,+40.6678828,-111.9242397,06,,G4020,Salt Lake,Salt Lake County,49,2023-08-18,39.786431953428135,1692316800000,"{""type"":""MultiPoint"",""coordinates"":[]}"
626_0000000000000000001b,1921943668,164903351,41620,H1,035,01448031,482,A,49035,+40.6678828,-111.9242397,06,,G4020,Salt Lake,Salt Lake County,49,2023-08-19,41.28837750695876,1692403200000,"{""type"":""MultiPoint"",""coordinates"":[]}"
627_0000000000000000001b,1921943668,164903351,41620,H1,035,01448031,482,A,49035,+40.6678828,-111.9242397,06,,G4020,Salt Lake,Salt Lake County,49,2023-08-20,47.78951288998145,1692489600000,"{""type"":""MultiPoint"",""coordinates"":[]}"
628_0000000000000000001b,1921943668,164903351,41620,H1,035,01448031,482,A,49035,+40.6678828,-111.9242397,06,,G4020,Salt Lake,Salt Lake County,49,2023-08-21,57.386343487720424,1692576000000,"{""type"":""MultiPoint"",""coordinates"":[]}"
629_0000000000000000001b,1921943668,164903351,41620,H1,035,01448031,482,A,49035,+40.6678828,-111.9242397,06,,G4020,Salt Lake,Salt Lake County,49,2023-08-22,63.472167293285096,1692662400000,"{""type"":""MultiPoint"",""coordinates"":[]}"
630_0000000000000000001b,1921943668,164903351,41620,H1,035,01448031,482,A,49035,+40.6678828,-111.9242397,06,,G4020,Salt Lake,Salt Lake County,49,2023-08-23,66.03629286329053,1692748800000,"{""type"":""MultiPoint"",""coordinates"":[]}"
631_0000000000000000001b,1921943668,164903351,41620,H1,035,01448031,482,A,49035,+40.6678828,-111.9242397,06,,G4020,Salt Lake,Salt Lake County,49,2023-08-24,65.24861367585939,1692835200000,"{""type"":""MultiPoint"",""coordinates"":[]}"
632_0000000000000000001b,1921943668,164903351,41620,H1,035,01448031,482,A,49035,+40.6678828,-111.9242397,06,,G4020,Salt Lake,Salt Lake County,49,2023-08-25,58.22724083368312,1692921600000,"{""type"":""MultiPoint"",""coordinates"":[]}"
633_0000000000000000001b,1921943668,164903351,41620,H1,035,01448031,482,A,49035,+40.6678828,-111.9242397,06,,G4020,Salt Lake,Salt Lake County,49,2023-08-26,51.927077953005124,1693008000000,"{""type"":""MultiPoint"",""coordinates"":[]}"
634_0000000000000000001b,1921943668,164903351,41620,H1,035,01448031,482,A,49035,+40.6678828,-111.9242397,06,,G4020,Salt Lake,Salt Lake County,49,2023-08-27,48.29389359926472,1693094400000,"{""type"":""MultiPoint"",""coordinates"":[]}"
635_0000000000000000001b,1921943668,164903351,41620,H1,035,01448031,482,A,49035,+40.6678828,-111.9242397,06,,G4020,Salt Lake,Salt Lake County,49,2023-08-28,43.505471415188666,1693180800000,"{""type"":""MultiPoint"",""coordinates"":[]}"
636_0000000000000000001b,1921943668,164903351,41620,H1,035,01448031,482,A,49035,+40.6678828,-111.9242397,06,,G4020,Salt Lake,Salt Lake County,49,2023-08-29,35.07314199101272,1693267200000,"{""type"":""MultiPoint"",""coordinates"":[]}"
637_0000000000000000001b,1921943668,164903351,41620,H1,035,01448031,482,A,49035,+40.6678828,-111.9242397,06,,G4020,Salt Lake,Salt Lake County,49,2023-08-30,27.595865417044173,1693353600000,"{""type"":""MultiPoint"",""coordinates"":[]}"
638_0000000000000000001b,1921943668,164903351,41620,H1,035,01448031,482,A,49035,+40.6678828,-111.9242397,06,,G4020,Salt Lake,Salt Lake County,49,2023-08-31,34.54426085849538,1693440000000,"{""type"":""MultiPoint"",""coordinates"":[]}"
639_0000000000000000001b,1921943668,164903351,41620,H1,035,01448031,482,A,49035,+40.6678828,-111.9242397,06,,G4020,Salt Lake,Salt Lake County,49,2023-09-01,28.975528376616076,1693526400000,"{""type"":""MultiPoint"",""coordinates"":[]}"
640_0000000000000000001b,1921943668,164903351,41620,H1,035,01448031,482,A,49035,+40.6678828,-111.9242397,06,,G4020,Salt Lake,Salt Lake County,49,2023-09-02,57.3751521328738,1693612800000,"{""type"":""MultiPoint"",""coordinates"":[]}"
641_0000000000000000001b,1921943668,164903351,41620,H1,035,01448031,482,A,49035,+40.6678828,-111.9242397,06,,G4020,Salt Lake,Salt Lake County,49,2023-09-03,50.40969949567921,1693699200000,"{""type"":""MultiPoint"",""coordinates"":[]}"
642_0000000000000000001b,1921943668,164903351,41620,H1,035,01448031,482,A,49035,+40.6678828,-111.9242397,06,,G4020,Salt Lake,Salt Lake County,49,2023-09-04,62.0666769529616,1693785600000,"{""type"":""MultiPoint"",""coordinates"":[]}"
643_0000000000000000001b,1921943668,164903351,41620,H1,035,01448031,482,A,49035,+40.6678828,-111.9242397,06,,G4020,Salt Lake,Salt Lake County,49,2023-09-05,58.99169478956404,1693872000000,"{""type"":""MultiPoint"",""coordinates"":[]}"
644_0000000000000000001b,1921943668,164903351,41620,H1,035,01448031,482,A,49035,+40.6678828,-111.9242397,06,,G4020,Salt Lake,Salt Lake County,49,2023-09-06,51.274535794755,1693958400000,"{""type"":""MultiPoint"",""coordinates"":[]}"
645_0000000000000000001b,1921943668,164903351,41620,H1,035,01448031,482,A,49035,+40.6678828,-111.9242397,06,,G4020,Salt Lake,Salt Lake County,49,2023-09-07,40.387304190910356,1694044800000,"{""type"":""MultiPoint"",""coordinates"":[]}"
646_0000000000000000001b,1921943668,164903351,41620,H1,035,01448031,482,A,49035,+40.6678828,-111.9242397,06,,G4020,Salt Lake,Salt Lake County,49,2023-09-08,29.321658003342094,1694131200000,"{""type"":""MultiPoint"",""coordinates"":[]}"
647_0000000000000000001b,1921943668,164903351,41620,H1,035,01448031,482,A,49035,+40.6678828,-111.9242397,06,,G4020,Salt Lake,Salt Lake County,49,2023-09-09,34.77126663765936,1694217600000,"{""type"":""MultiPoint"",""coordinates"":[]}"
648_0000000000000000001b,1921943668,164903351,41620,H1,035,01448031,482,A,49035,+40.6678828,-111.9242397,06,,G4020,Salt Lake,Salt Lake County,49,2023-09-10,45.38185175492022,1694304000000,"{""type"":""MultiPoint"",""coordinates"":[]}"
649_0000000000000000001b,1921943668,164903351,41620,H1,035,01448031,482,A,49035,+40.6678828,-111.9242397,06,,G4020,Salt Lake,Salt Lake County,49,2023-09-11,48.8189874852999,1694390400000,"{""type"":""MultiPoint"",""coordinates"":[]}"
650_0000000000000000001b,1921943668,164903351,41620,H1,035,01448031,482,A,49035,+40.6678828,-111.9242397,06,,G4020,Salt Lake,Salt Lake County,49,2023-09-12,44.415357394816915,1694476800000,"{""type"":""MultiPoint"",""coordinates"":[]}"
651_0000000000000000001b,1921943668,164903351,41620,H1,035,01448031,482,A,49035,+40.6678828,-111.9242397,06,,G4020,Salt Lake,Salt Lake County,49,2023-09-13,49.98882508401534,1694563200000,"{""type"":""MultiPoint"",""coordinates"":[]}"
652_0000000000000000001b,1921943668,164903351,41620,H1,035,01448031,482,A,49035,+40.6678828,-111.9242397,06,,G4020,Salt Lake,Salt Lake County,49,2023-09-14,52.784187353844466,1694649600000,"{""type"":""MultiPoint"",""coordinates"":[]}"
653_0000000000000000001b,1921943668,164903351,41620,H1,035,01448031,482,A,49035,+40.6678828,-111.9242397,06,,G4020,Salt Lake,Salt Lake County,49,2023-09-15,47.4205337436568,1694736000000,"{""type"":""MultiPoint"",""coordinates"":[]}"
654_0000000000000000001b,1921943668,164903351,41620,H1,035,01448031,482,A,49035,+40.6678828,-111.9242397,06,,G4020,Salt Lake,Salt Lake County,49,2023-09-16,42.608784599382254,1694822400000,"{""type"":""MultiPoint"",""coordinates"":[]}"
655_0000000000000000001b,1921943668,164903351,41620,H1,035,01448031,482,A,49035,+40.6678828,-111.9242397,06,,G4020,Salt Lake,Salt Lake County,49,2023-09-17,38.99679033029174,1694908800000,"{""type"":""MultiPoint"",""coordinates"":[]}"
656_0000000000000000001b,1921943668,164903351,41620,H1,035,01448031,482,A,49035,+40.6678828,-111.9242397,06,,G4020,Salt Lake,Salt Lake County,49,2023-09-18,34.29112402446218,1694995200000,"{""type"":""MultiPoint"",""coordinates"":[]}"
657_0000000000000000001b,1921943668,164903351,41620,H1,035,01448031,482,A,49035,+40.6678828,-111.9242397,06,,G4020,Salt Lake,Salt Lake County,49,2023-09-19,37.29855382850359,1695081600000,"{""type"":""MultiPoint"",""coordinates"":[]}"
658_0000000000000000001b,1921943668,164903351,41620,H1,035,01448031,482,A,49035,+40.6678828,-111.9242397,06,,G4020,Salt Lake,Salt Lake County,49,2023-09-20,39.54359486539568,1695168000000,"{""type"":""MultiPoint"",""coordinates"":[]}"
659_0000000000000000001b,1921943668,164903351,41620,H1,035,01448031,482,A,49035,+40.6678828,-111.9242397,06,,G4020,Salt Lake,Salt Lake County,49,2023-09-21,43.68422683762643,1695254400000,"{""type"":""MultiPoint"",""coordinates"":[]}"
660_0000000000000000001b,1921943668,164903351,41620,H1,035,01448031,482,A,49035,+40.6678828,-111.9242397,06,,G4020,Salt Lake,Salt Lake County,49,2023-09-22,72.87654559734018,1695340800000,"{""type"":""MultiPoint"",""coordinates"":[]}"
661_0000000000000000001b,1921943668,164903351,41620,H1,035,01448031,482,A,49035,+40.6678828,-111.9242397,06,,G4020,Salt Lake,Salt Lake County,49,2023-09-23,51.64988430430866,1695427200000,"{""type"":""MultiPoint"",""coordinates"":[]}"
662_0000000000000000001b,1921943668,164903351,41620,H1,035,01448031,482,A,49035,+40.6678828,-111.9242397,06,,G4020,Salt Lake,Salt Lake County,49,2023-09-24,47.960602692047765,1695513600000,"{""type"":""MultiPoint"",""coordinates"":[]}"
663_0000000000000000001b,1921943668,164903351,41620,H1,035,01448031,482,A,49035,+40.6678828,-111.9242397,06,,G4020,Salt Lake,Salt Lake County,49,2023-09-25,39.75320789012468,1695600000000,"{""type"":""MultiPoint"",""coordinates"":[]}"
664_0000000000000000001b,1921943668,164903351,41620,H1,035,01448031,482,A,49035,+40.6678828,-111.9242397,06,,G4020,Salt Lake,Salt Lake County,49,2023-09-26,37.0387623350751,1695686400000,"{""type"":""MultiPoint"",""coordinates"":[]}"
665_0000000000000000001b,1921943668,164903351,41620,H1,035,01448031,482,A,49035,+40.6678828,-111.9242397,06,,G4020,Salt Lake,Salt Lake County,49,2023-09-27,35.93601242848888,1695772800000,"{""type"":""MultiPoint"",""coordinates"":[]}"
666_0000000000000000001b,1921943668,164903351,41620,H1,035,01448031,482,A,49035,+40.6678828,-111.9242397,06,,G4020,Salt Lake,Salt Lake County,49,2023-09-28,46.64071856402697,1695859200000,"{""type"":""MultiPoint"",""coordinates"":[]}"
667_0000000000000000001b,1921943668,164903351,41620,H1,035,01448031,482,A,49035,+40.6678828,-111.9242397,06,,G4020,Salt Lake,Salt Lake County,49,2023-09-29,47.18204900000275,1695945600000,"{""type"":""MultiPoint"",""coordinates"":[]}"
668_0000000000000000001b,1921943668,164903351,41620,H1,035,01448031,482,A,49035,+40.6678828,-111.9242397,06,,G4020,Salt Lake,Salt Lake County,49,2023-09-30,29.73804279580057,1696032000000,"{""type"":""MultiPoint"",""coordinates"":[]}"
669_0000000000000000001b,1921943668,164903351,41620,H1,035,01448031,482,A,49035,+40.6678828,-111.9242397,06,,G4020,Salt Lake,Salt Lake County,49,2023-10-01,49.64344148069056,1696118400000,"{""type"":""MultiPoint"",""coordinates"":[]}"
670_0000000000000000001b,1921943668,164903351,41620,H1,035,01448031,482,A,49035,+40.6678828,-111.9242397,06,,G4020,Salt Lake,Salt Lake County,49,2023-10-02,69.9224142979223,1696204800000,"{""type"":""MultiPoint"",""coordinates"":[]}"
671_0000000000000000001b,1921943668,164903351,41620,H1,035,01448031,482,A,49035,+40.6678828,-111.9242397,06,,G4020,Salt Lake,Salt Lake County,49,2023-10-03,79.99950343168719,1696291200000,"{""type"":""MultiPoint"",""coordinates"":[]}"
672_0000000000000000001b,1921943668,164903351,41620,H1,035,01448031,482,A,49035,+40.6678828,-111.9242397,06,,G4020,Salt Lake,Salt Lake County,49,2023-10-04,73.70546144112274,1696377600000,"{""type"":""MultiPoint"",""coordinates"":[]}"
673_0000000000000000001b,1921943668,164903351,41620,H1,035,01448031,482,A,49035,+40.6678828,-111.9242397,06,,G4020,Salt Lake,Salt Lake County,49,2023-10-05,72.7478058849844,1696464000000,"{""type"":""MultiPoint"",""coordinates"":[]}"
674_0000000000000000001b,1921943668,164903351,41620,H1,035,01448031,482,A,49035,+40.6678828,-111.9242397,06,,G4020,Salt Lake,Salt Lake County,49,2023-10-06,69.94547595015844,1696550400000,"{""type"":""MultiPoint"",""coordinates"":[]}"
675_0000000000000000001b,1921943668,164903351,41620,H1,035,01448031,482,A,49035,+40.6678828,-111.9242397,06,,G4020,Salt Lake,Salt Lake County,49,2023-10-07,64.57344208246738,1696636800000,"{""type"":""MultiPoint"",""coordinates"":[]}"
676_0000000000000000001b,1921943668,164903351,41620,H1,035,01448031,482,A,49035,+40.6678828,-111.9242397,06,,G4020,Salt Lake,Salt Lake County,49,2023-10-08,60.08393529038266,1696723200000,"{""type"":""MultiPoint"",""coordinates"":[]}"
677_0000000000000000001b,1921943668,164903351,41620,H1,035,01448031,482,A,49035,+40.6678828,-111.9242397,06,,G4020,Salt Lake,Salt Lake County,49,2023-10-09,51.19134600077798,1696809600000,"{""type"":""MultiPoint"",""coordinates"":[]}"
678_0000000000000000001b,1921943668,164903351,41620,H1,035,01448031,482,A,49035,+40.6678828,-111.9242397,06,,G4020,Salt Lake,Salt Lake County,49,2023-10-10,41.061521043725406,1696896000000,"{""type"":""MultiPoint"",""coordinates"":[]}"
679_0000000000000000001b,1921943668,164903351,41620,H1,035,01448031,482,A,49035,+40.6678828,-111.9242397,06,,G4020,Salt Lake,Salt Lake County,49,2023-10-11,65.97440123181612,1696982400000,"{""type"":""MultiPoint"",""coordinates"":[]}"
680_0000000000000000001b,1921943668,164903351,41620,H1,035,01448031,482,A,49035,+40.6678828,-111.9242397,06,,G4020,Salt Lake,Salt Lake County,49,2023-10-12,83.86206857489329,1697068800000,"{""type"":""MultiPoint"",""coordinates"":[]}"
681_0000000000000000001b,1921943668,164903351,41620,H1,035,01448031,482,A,49035,+40.6678828,-111.9242397,06,,G4020,Salt Lake,Salt Lake County,49,2023-10-13,71.90458307618488,1697155200000,"{""type"":""MultiPoint"",""coordinates"":[]}"
682_0000000000000000001b,1921943668,164903351,41620,H1,035,01448031,482,A,49035,+40.6678828,-111.9242397,06,,G4020,Salt Lake,Salt Lake County,49,2023-10-14,58.52358629529074,1697241600000,"{""type"":""MultiPoint"",""coordinates"":[]}"
683_0000000000000000001b,1921943668,164903351,41620,H1,035,01448031,482,A,49035,+40.6678828,-111.9242397,06,,G4020,Salt Lake,Salt Lake County,49,2023-10-15,56.549283793000775,1697328000000,"{""type"":""MultiPoint"",""coordinates"":[]}"
684_0000000000000000001b,1921943668,164903351,41620,H1,035,01448031,482,A,49035,+40.6678828,-111.9242397,06,,G4020,Salt Lake,Salt Lake County,49,2023-10-16,58.77387338821161,1697414400000,"{""type"":""MultiPoint"",""coordinates"":[]}"
685_0000000000000000001b,1921943668,164903351,41620,H1,035,01448031,482,A,49035,+40.6678828,-111.9242397,06,,G4020,Salt Lake,Salt Lake County,49,2023-10-17,53.96628447563647,1697500800000,"{""type"":""MultiPoint"",""coordinates"":[]}"
686_0000000000000000001b,1921943668,164903351,41620,H1,035,01448031,482,A,49035,+40.6678828,-111.9242397,06,,G4020,Salt Lake,Salt Lake County,49,2023-10-18,55.32284687821282,1697587200000,"{""type"":""MultiPoint"",""coordinates"":[]}"
687_0000000000000000001b,1921943668,164903351,41620,H1,035,01448031,482,A,49035,+40.6678828,-111.9242397,06,,G4020,Salt Lake,Salt Lake County,49,2023-10-19,60.60791115566513,1697673600000,"{""type"":""MultiPoint"",""coordinates"":[]}"
688_0000000000000000001b,1921943668,164903351,41620,H1,035,01448031,482,A,49035,+40.6678828,-111.9242397,06,,G4020,Salt Lake,Salt Lake County,49,2023-10-20,56.16406370505631,1697760000000,"{""type"":""MultiPoint"",""coordinates"":[]}"
689_0000000000000000001b,1921943668,164903351,41620,H1,035,01448031,482,A,49035,+40.6678828,-111.9242397,06,,G4020,Salt Lake,Salt Lake County,49,2023-10-21,57.40883524865365,1697846400000,"{""type"":""MultiPoint"",""coordinates"":[]}"
690_0000000000000000001b,1921943668,164903351,41620,H1,035,01448031,482,A,49035,+40.6678828,-111.9242397,06,,G4020,Salt Lake,Salt Lake County,49,2023-10-22,53.83350416495381,1697932800000,"{""type"":""MultiPoint"",""coordinates"":[]}"
691_0000000000000000001b,1921943668,164903351,41620,H1,035,01448031,482,A,49035,+40.6678828,-111.9242397,06,,G4020,Salt Lake,Salt Lake County,49,2023-10-23,50.6470737200374,1698019200000,"{""type"":""MultiPoint"",""coordinates"":[]}"
692_0000000000000000001b,1921943668,164903351,41620,H1,035,01448031,482,A,49035,+40.6678828,-111.9242397,06,,G4020,Salt Lake,Salt Lake County,49,2023-10-24,65.53689065163152,1698105600000,"{""type"":""MultiPoint"",""coordinates"":[]}"
693_0000000000000000001b,1921943668,164903351,41620,H1,035,01448031,482,A,49035,+40.6678828,-111.9242397,06,,G4020,Salt Lake,Salt Lake County,49,2023-10-25,48.666425560909715,1698192000000,"{""type"":""MultiPoint"",""coordinates"":[]}"
694_0000000000000000001b,1921943668,164903351,41620,H1,035,01448031,482,A,49035,+40.6678828,-111.9242397,06,,G4020,Salt Lake,Salt Lake County,49,2023-10-26,57.347316893667184,1698278400000,"{""type"":""MultiPoint"",""coordinates"":[]}"
695_0000000000000000001b,1921943668,164903351,41620,H1,035,01448031,482,A,49035,+40.6678828,-111.9242397,06,,G4020,Salt Lake,Salt Lake County,49,2023-10-27,48.7552622327677,1698364800000,"{""type"":""MultiPoint"",""coordinates"":[]}"
696_0000000000000000001b,1921943668,164903351,41620,H1,035,01448031,482,A,49035,+40.6678828,-111.9242397,06,,G4020,Salt Lake,Salt Lake County,49,2023-10-28,62.426048216265066,1698451200000,"{""type"":""MultiPoint"",""coordinates"":[]}"
697_0000000000000000001b,1921943668,164903351,41620,H1,035,01448031,482,A,49035,+40.6678828,-111.9242397,06,,G4020,Salt Lake,Salt Lake County,49,2023-10-29,54.97513125930483,1698537600000,"{""type"":""MultiPoint"",""coordinates"":[]}"
698_0000000000000000001b,1921943668,164903351,41620,H1,035,01448031,482,A,49035,+40.6678828,-111.9242397,06,,G4020,Salt Lake,Salt Lake County,49,2023-10-30,54.97278732840721,1698624000000,"{""type"":""MultiPoint"",""coordinates"":[]}"
699_0000000000000000001b,1921943668,164903351,41620,H1,035,01448031,482,A,49035,+40.6678828,-111.9242397,06,,G4020,Salt Lake,Salt Lake County,49,2023-10-31,55.22844475353133,1698710400000,"{""type"":""MultiPoint"",""coordinates"":[]}"
700_0000000000000000001b,1921943668,164903351,41620,H1,035,01448031,482,A,49035,+40.6678828,-111.9242397,06,,G4020,Salt Lake,Salt Lake County,49,2023-11-01,51.88255596374154,1698796800000,"{""type"":""MultiPoint"",""coordinates"":[]}"
701_0000000000000000001b,1921943668,164903351,41620,H1,035,01448031,482,A,49035,+40.6678828,-111.9242397,06,,G4020,Salt Lake,Salt Lake County,49,2023-11-02,46.06643435929186,1698883200000,"{""type"":""MultiPoint"",""coordinates"":[]}"
702_0000000000000000001b,1921943668,164903351,41620,H1,035,01448031,482,A,49035,+40.6678828,-111.9242397,06,,G4020,Salt Lake,Salt Lake County,49,2023-11-03,41.11629616495059,1698969600000,"{""type"":""MultiPoint"",""coordinates"":[]}"
703_0000000000000000001b,1921943668,164903351,41620,H1,035,01448031,482,A,49035,+40.6678828,-111.9242397,06,,G4020,Salt Lake,Salt Lake County,49,2023-11-04,58.69945092828075,1699056000000,"{""type"":""MultiPoint"",""coordinates"":[]}"
704_0000000000000000001b,1921943668,164903351,41620,H1,035,01448031,482,A,49035,+40.6678828,-111.9242397,06,,G4020,Salt Lake,Salt Lake County,49,2023-11-05,41.81570018404587,1699142400000,"{""type"":""MultiPoint"",""coordinates"":[]}"
705_0000000000000000001b,1921943668,164903351,41620,H1,035,01448031,482,A,49035,+40.6678828,-111.9242397,06,,G4020,Salt Lake,Salt Lake County,49,2023-11-06,37.74681278213073,1699228800000,"{""type"":""MultiPoint"",""coordinates"":[]}"
706_0000000000000000001b,1921943668,164903351,41620,H1,035,01448031,482,A,49035,+40.6678828,-111.9242397,06,,G4020,Salt Lake,Salt Lake County,49,2023-11-07,65.23981856645058,1699315200000,"{""type"":""MultiPoint"",""coordinates"":[]}"
707_0000000000000000001b,1921943668,164903351,41620,H1,035,01448031,482,A,49035,+40.6678828,-111.9242397,06,,G4020,Salt Lake,Salt Lake County,49,2023-11-08,79.23852467250828,1699401600000,"{""type"":""MultiPoint"",""coordinates"":[]}"
708_0000000000000000001b,1921943668,164903351,41620,H1,035,01448031,482,A,49035,+40.6678828,-111.9242397,06,,G4020,Salt Lake,Salt Lake County,49,2023-11-09,70.6790849843975,1699488000000,"{""type"":""MultiPoint"",""coordinates"":[]}"
709_0000000000000000001b,1921943668,164903351,41620,H1,035,01448031,482,A,49035,+40.6678828,-111.9242397,06,,G4020,Salt Lake,Salt Lake County,49,2023-11-10,62.13101319493894,1699574400000,"{""type"":""MultiPoint"",""coordinates"":[]}"
710_0000000000000000001b,1921943668,164903351,41620,H1,035,01448031,482,A,49035,+40.6678828,-111.9242397,06,,G4020,Salt Lake,Salt Lake County,49,2023-11-11,51.086150551725034,1699660800000,"{""type"":""MultiPoint"",""coordinates"":[]}"
711_0000000000000000001b,1921943668,164903351,41620,H1,035,01448031,482,A,49035,+40.6678828,-111.9242397,06,,G4020,Salt Lake,Salt Lake County,49,2023-11-12,45.33256274448969,1699747200000,"{""type"":""MultiPoint"",""coordinates"":[]}"
712_0000000000000000001b,1921943668,164903351,41620,H1,035,01448031,482,A,49035,+40.6678828,-111.9242397,06,,G4020,Salt Lake,Salt Lake County,49,2023-11-13,38.97925556847593,1699833600000,"{""type"":""MultiPoint"",""coordinates"":[]}"
713_0000000000000000001b,1921943668,164903351,41620,H1,035,01448031,482,A,49035,+40.6678828,-111.9242397,06,,G4020,Salt Lake,Salt Lake County,49,2023-11-14,41.76010623597123,1699920000000,"{""type"":""MultiPoint"",""coordinates"":[]}"
714_0000000000000000001b,1921943668,164903351,41620,H1,035,01448031,482,A,49035,+40.6678828,-111.9242397,06,,G4020,Salt Lake,Salt Lake County,49,2023-11-15,51.97531895570573,1700006400000,"{""type"":""MultiPoint"",""coordinates"":[]}"
715_0000000000000000001b,1921943668,164903351,41620,H1,035,01448031,482,A,49035,+40.6678828,-111.9242397,06,,G4020,Salt Lake,Salt Lake County,49,2023-11-16,71.9504614629477,1700092800000,"{""type"":""MultiPoint"",""coordinates"":[]}"
716_0000000000000000001b,1921943668,164903351,41620,H1,035,01448031,482,A,49035,+40.6678828,-111.9242397,06,,G4020,Salt Lake,Salt Lake County,49,2023-11-17,82.47752571842547,1700179200000,"{""type"":""MultiPoint"",""coordinates"":[]}"
717_0000000000000000001b,1921943668,164903351,41620,H1,035,01448031,482,A,49035,+40.6678828,-111.9242397,06,,G4020,Salt Lake,Salt Lake County,49,2023-11-18,75.34540328374659,1700265600000,"{""type"":""MultiPoint"",""coordinates"":[]}"
718_0000000000000000001b,1921943668,164903351,41620,H1,035,01448031,482,A,49035,+40.6678828,-111.9242397,06,,G4020,Salt Lake,Salt Lake County,49,2023-11-19,90.73222988592289,1700352000000,"{""type"":""MultiPoint"",""coordinates"":[]}"
719_0000000000000000001b,1921943668,164903351,41620,H1,035,01448031,482,A,49035,+40.6678828,-111.9242397,06,,G4020,Salt Lake,Salt Lake County,49,2023-11-20,81.13717256212041,1700438400000,"{""type"":""MultiPoint"",""coordinates"":[]}"
720_0000000000000000001b,1921943668,164903351,41620,H1,035,01448031,482,A,49035,+40.6678828,-111.9242397,06,,G4020,Salt Lake,Salt Lake County,49,2023-11-21,78.23154072010391,1700524800000,"{""type"":""MultiPoint"",""coordinates"":[]}"
721_0000000000000000001b,1921943668,164903351,41620,H1,035,01448031,482,A,49035,+40.6678828,-111.9242397,06,,G4020,Salt Lake,Salt Lake County,49,2023-11-22,71.94262776283993,1700611200000,"{""type"":""MultiPoint"",""coordinates"":[]}"
722_0000000000000000001b,1921943668,164903351,41620,H1,035,01448031,482,A,49035,+40.6678828,-111.9242397,06,,G4020,Salt Lake,Salt Lake County,49,2023-11-23,77.13993626739165,1700697600000,"{""type"":""MultiPoint"",""coordinates"":[]}"
723_0000000000000000001b,1921943668,164903351,41620,H1,035,01448031,482,A,49035,+40.6678828,-111.9242397,06,,G4020,Salt Lake,Salt Lake County,49,2023-11-24,91.5100665807146,1700784000000,"{""type"":""MultiPoint"",""coordinates"":[]}"
724_0000000000000000001b,1921943668,164903351,41620,H1,035,01448031,482,A,49035,+40.6678828,-111.9242397,06,,G4020,Salt Lake,Salt Lake County,49,2023-11-25,79.96069301563557,1700870400000,"{""type"":""MultiPoint"",""coordinates"":[]}"
725_0000000000000000001b,1921943668,164903351,41620,H1,035,01448031,482,A,49035,+40.6678828,-111.9242397,06,,G4020,Salt Lake,Salt Lake County,49,2023-11-26,79.09451951343878,1700956800000,"{""type"":""MultiPoint"",""coordinates"":[]}"
726_0000000000000000001b,1921943668,164903351,41620,H1,035,01448031,482,A,49035,+40.6678828,-111.9242397,06,,G4020,Salt Lake,Salt Lake County,49,2023-11-27,77.5776788490134,1701043200000,"{""type"":""MultiPoint"",""coordinates"":[]}"
727_0000000000000000001b,1921943668,164903351,41620,H1,035,01448031,482,A,49035,+40.6678828,-111.9242397,06,,G4020,Salt Lake,Salt Lake County,49,2023-11-28,75.60509463543077,1701129600000,"{""type"":""MultiPoint"",""coordinates"":[]}"
728_0000000000000000001b,1921943668,164903351,41620,H1,035,01448031,482,A,49035,+40.6678828,-111.9242397,06,,G4020,Salt Lake,Salt Lake County,49,2023-11-29,75.71545836053026,1701216000000,"{""type"":""MultiPoint"",""coordinates"":[]}"
729_0000000000000000001b,1921943668,164903351,41620,H1,035,01448031,482,A,49035,+40.6678828,-111.9242397,06,,G4020,Salt Lake,Salt Lake County,49,2023-11-30,77.89113104045865,1701302400000,"{""type"":""MultiPoint"",""coordinates"":[]}"
730_0000000000000000001b,1921943668,164903351,41620,H1,035,01448031,482,A,49035,+40.6678828,-111.9242397,06,,G4020,Salt Lake,Salt Lake County,49,2023-12-01,82.93924898952655,1701388800000,"{""type"":""MultiPoint"",""coordinates"":[]}"
731_0000000000000000001b,1921943668,164903351,41620,H1,035,01448031,482,A,49035,+40.6678828,-111.9242397,06,,G4020,Salt Lake,Salt Lake County,49,2023-12-02,84.40238201655303,1701475200000,"{""type"":""MultiPoint"",""coordinates"":[]}"
732_0000000000000000001b,1921943668,164903351,41620,H1,035,01448031,482,A,49035,+40.6678828,-111.9242397,06,,G4020,Salt Lake,Salt Lake County,49,2023-12-03,87.79747913285033,1701561600000,"{""type"":""MultiPoint"",""coordinates"":[]}"
733_0000000000000000001b,1921943668,164903351,41620,H1,035,01448031,482,A,49035,+40.6678828,-111.9242397,06,,G4020,Salt Lake,Salt Lake County,49,2023-12-04,88.70258998447072,1701648000000,"{""type"":""MultiPoint"",""coordinates"":[]}"
734_0000000000000000001b,1921943668,164903351,41620,H1,035,01448031,482,A,49035,+40.6678828,-111.9242397,06,,G4020,Salt Lake,Salt Lake County,49,2023-12-05,81.61124737075232,1701734400000,"{""type"":""MultiPoint"",""coordinates"":[]}"
735_0000000000000000001b,1921943668,164903351,41620,H1,035,01448031,482,A,49035,+40.6678828,-111.9242397,06,,G4020,Salt Lake,Salt Lake County,49,2023-12-06,75.69532736707289,1701820800000,"{""type"":""MultiPoint"",""coordinates"":[]}"
736_0000000000000000001b,1921943668,164903351,41620,H1,035,01448031,482,A,49035,+40.6678828,-111.9242397,06,,G4020,Salt Lake,Salt Lake County,49,2023-12-07,69.574919412855,1701907200000,"{""type"":""MultiPoint"",""coordinates"":[]}"
737_0000000000000000001b,1921943668,164903351,41620,H1,035,01448031,482,A,49035,+40.6678828,-111.9242397,06,,G4020,Salt Lake,Salt Lake County,49,2023-12-08,78.99510113914376,1701993600000,"{""type"":""MultiPoint"",""coordinates"":[]}"
738_0000000000000000001b,1921943668,164903351,41620,H1,035,01448031,482,A,49035,+40.6678828,-111.9242397,06,,G4020,Salt Lake,Salt Lake County,49,2023-12-09,80.70989172067645,1702080000000,"{""type"":""MultiPoint"",""coordinates"":[]}"
739_0000000000000000001b,1921943668,164903351,41620,H1,035,01448031,482,A,49035,+40.6678828,-111.9242397,06,,G4020,Salt Lake,Salt Lake County,49,2023-12-10,69.52050987935475,1702166400000,"{""type"":""MultiPoint"",""coordinates"":[]}"
740_0000000000000000001b,1921943668,164903351,41620,H1,035,01448031,482,A,49035,+40.6678828,-111.9242397,06,,G4020,Salt Lake,Salt Lake County,49,2023-12-11,63.44121759005862,1702252800000,"{""type"":""MultiPoint"",""coordinates"":[]}"
741_0000000000000000001b,1921943668,164903351,41620,H1,035,01448031,482,A,49035,+40.6678828,-111.9242397,06,,G4020,Salt Lake,Salt Lake County,49,2023-12-12,73.3209958928576,1702339200000,"{""type"":""MultiPoint"",""coordinates"":[]}"
742_0000000000000000001b,1921943668,164903351,41620,H1,035,01448031,482,A,49035,+40.6678828,-111.9242397,06,,G4020,Salt Lake,Salt Lake County,49,2023-12-13,80.6281154620192,1702425600000,"{""type"":""MultiPoint"",""coordinates"":[]}"
743_0000000000000000001b,1921943668,164903351,41620,H1,035,01448031,482,A,49035,+40.6678828,-111.9242397,06,,G4020,Salt Lake,Salt Lake County,49,2023-12-14,74.93822220030117,1702512000000,"{""type"":""MultiPoint"",""coordinates"":[]}"
744_0000000000000000001b,1921943668,164903351,41620,H1,035,01448031,482,A,49035,+40.6678828,-111.9242397,06,,G4020,Salt Lake,Salt Lake County,49,2023-12-15,72.51682800258371,1702598400000,"{""type"":""MultiPoint"",""coordinates"":[]}"
745_0000000000000000001b,1921943668,164903351,41620,H1,035,01448031,482,A,49035,+40.6678828,-111.9242397,06,,G4020,Salt Lake,Salt Lake County,49,2023-12-16,72.23836285859063,1702684800000,"{""type"":""MultiPoint"",""coordinates"":[]}"
746_0000000000000000001b,1921943668,164903351,41620,H1,035,01448031,482,A,49035,+40.6678828,-111.9242397,06,,G4020,Salt Lake,Salt Lake County,49,2023-12-17,61.71635454979604,1702771200000,"{""type"":""MultiPoint"",""coordinates"":[]}"
747_0000000000000000001b,1921943668,164903351,41620,H1,035,01448031,482,A,49035,+40.6678828,-111.9242397,06,,G4020,Salt Lake,Salt Lake County,49,2023-12-18,73.90647376430242,1702857600000,"{""type"":""MultiPoint"",""coordinates"":[]}"
748_0000000000000000001b,1921943668,164903351,41620,H1,035,01448031,482,A,49035,+40.6678828,-111.9242397,06,,G4020,Salt Lake,Salt Lake County,49,2023-12-19,70.32842251649555,1702944000000,"{""type"":""MultiPoint"",""coordinates"":[]}"
749_0000000000000000001b,1921943668,164903351,41620,H1,035,01448031,482,A,49035,+40.6678828,-111.9242397,06,,G4020,Salt Lake,Salt Lake County,49,2023-12-20,76.70338018359314,1703030400000,"{""type"":""MultiPoint"",""coordinates"":[]}"
750_0000000000000000001b,1921943668,164903351,41620,H1,035,01448031,482,A,49035,+40.6678828,-111.9242397,06,,G4020,Salt Lake,Salt Lake County,49,2023-12-21,80.8682956489821,1703116800000,"{""type"":""MultiPoint"",""coordinates"":[]}"
751_0000000000000000001b,1921943668,164903351,41620,H1,035,01448031,482,A,49035,+40.6678828,-111.9242397,06,,G4020,Salt Lake,Salt Lake County,49,2023-12-22,81.51150042059456,1703203200000,"{""type"":""MultiPoint"",""coordinates"":[]}"
752_0000000000000000001b,1921943668,164903351,41620,H1,035,01448031,482,A,49035,+40.6678828,-111.9242397,06,,G4020,Salt Lake,Salt Lake County,49,2023-12-23,85.4213308588269,1703289600000,"{""type"":""MultiPoint"",""coordinates"":[]}"
753_0000000000000000001b,1921943668,164903351,41620,H1,035,01448031,482,A,49035,+40.6678828,-111.9242397,06,,G4020,Salt Lake,Salt Lake County,49,2023-12-24,79.97558934662644,1703376000000,"{""type"":""MultiPoint"",""coordinates"":[]}"
754_0000000000000000001b,1921943668,164903351,41620,H1,035,01448031,482,A,49035,+40.6678828,-111.9242397,06,,G4020,Salt Lake,Salt Lake County,49,2023-12-25,74.4682428318639,1703462400000,"{""type"":""MultiPoint"",""coordinates"":[]}"
755_0000000000000000001b,1921943668,164903351,41620,H1,035,01448031,482,A,49035,+40.6678828,-111.9242397,06,,G4020,Salt Lake,Salt Lake County,49,2023-12-26,70.22534539273308,1703548800000,"{""type"":""MultiPoint"",""coordinates"":[]}"
756_0000000000000000001b,1921943668,164903351,41620,H1,035,01448031,482,A,49035,+40.6678828,-111.9242397,06,,G4020,Salt Lake,Salt Lake County,49,2023-12-27,70.54211124720426,1703635200000,"{""type"":""MultiPoint"",""coordinates"":[]}"
757_0000000000000000001b,1921943668,164903351,41620,H1,035,01448031,482,A,49035,+40.6678828,-111.9242397,06,,G4020,Salt Lake,Salt Lake County,49,2023-12-28,76.7293098880868,1703721600000,"{""type"":""MultiPoint"",""coordinates"":[]}"
758_0000000000000000001b,1921943668,164903351,41620,H1,035,01448031,482,A,49035,+40.6678828,-111.9242397,06,,G4020,Salt Lake,Salt Lake County,49,2023-12-29,77.9013920854624,1703808000000,"{""type"":""MultiPoint"",""coordinates"":[]}"
759_0000000000000000001b,1921943668,164903351,41620,H1,035,01448031,482,A,49035,+40.6678828,-111.9242397,06,,G4020,Salt Lake,Salt Lake County,49,2023-12-30,75.61122593192184,1703894400000,"{""type"":""MultiPoint"",""coordinates"":[]}"
760_0000000000000000001b,1921943668,164903351,41620,H1,035,01448031,482,A,49035,+40.6678828,-111.9242397,06,,G4020,Salt Lake,Salt Lake County,49,2023-12-31,76.58066498662036,1703980800000,"{""type"":""MultiPoint"",""coordinates"":[]}"
761_0000000000000000001b,1921943668,164903351,41620,H1,035,01448031,482,A,49035,+40.6678828,-111.9242397,06,,G4020,Salt Lake,Salt Lake County,49,2024-01-01,73.21233768326586,1704067200000,"{""type"":""MultiPoint"",""coordinates"":[]}"
762_0000000000000000001b,1921943668,164903351,41620,H1,035,01448031,482,A,49035,+40.6678828,-111.9242397,06,,G4020,Salt Lake,Salt Lake County,49,2024-01-02,73.27710077732087,1704153600000,"{""type"":""MultiPoint"",""coordinates"":[]}"
763_0000000000000000001b,1921943668,164903351,41620,H1,035,01448031,482,A,49035,+40.6678828,-111.9242397,06,,G4020,Salt Lake,Salt Lake County,49,2024-01-03,72.24593221675619,1704240000000,"{""type"":""MultiPoint"",""coordinates"":[]}"
764_0000000000000000001b,1921943668,164903351,41620,H1,035,01448031,482,A,49035,+40.6678828,-111.9242397,06,,G4020,Salt Lake,Salt Lake County,49,2024-01-04,88.09735205276858,1704326400000,"{""type"":""MultiPoint"",""coordinates"":[]}"
765_0000000000000000001b,1921943668,164903351,41620,H1,035,01448031,482,A,49035,+40.6678828,-111.9242397,06,,G4020,Salt Lake,Salt Lake County,49,2024-01-05,89.82327379680169,1704412800000,"{""type"":""MultiPoint"",""coordinates"":[]}"
766_0000000000000000001b,1921943668,164903351,41620,H1,035,01448031,482,A,49035,+40.6678828,-111.9242397,06,,G4020,Salt Lake,Salt Lake County,49,2024-01-06,81.62113571351745,1704499200000,"{""type"":""MultiPoint"",""coordinates"":[]}"
767_0000000000000000001b,1921943668,164903351,41620,H1,035,01448031,482,A,49035,+40.6678828,-111.9242397,06,,G4020,Salt Lake,Salt Lake County,49,2024-01-07,81.47865482581719,1704585600000,"{""type"":""MultiPoint"",""coordinates"":[]}"
768_0000000000000000001b,1921943668,164903351,41620,H1,035,01448031,482,A,49035,+40.6678828,-111.9242397,06,,G4020,Salt Lake,Salt Lake County,49,2024-01-08,84.03965015106034,1704672000000,"{""type"":""MultiPoint"",""coordinates"":[]}"
769_0000000000000000001b,1921943668,164903351,41620,H1,035,01448031,482,A,49035,+40.6678828,-111.9242397,06,,G4020,Salt Lake,Salt Lake County,49,2024-01-09,70.45325242710219,1704758400000,"{""type"":""MultiPoint"",""coordinates"":[]}"
770_0000000000000000001b,1921943668,164903351,41620,H1,035,01448031,482,A,49035,+40.6678828,-111.9242397,06,,G4020,Salt Lake,Salt Lake County,49,2024-01-10,71.98326546628306,1704844800000,"{""type"":""MultiPoint"",""coordinates"":[]}"
771_0000000000000000001b,1921943668,164903351,41620,H1,035,01448031,482,A,49035,+40.6678828,-111.9242397,06,,G4020,Salt Lake,Salt Lake County,49,2024-01-11,80.83960369103185,1704931200000,"{""type"":""MultiPoint"",""coordinates"":[]}"
772_0000000000000000001b,1921943668,164903351,41620,H1,035,01448031,482,A,49035,+40.6678828,-111.9242397,06,,G4020,Salt Lake,Salt Lake County,49,2024-01-12,70.12788699241067,1705017600000,"{""type"":""MultiPoint"",""coordinates"":[]}"
773_0000000000000000001b,1921943668,164903351,41620,H1,035,01448031,482,A,49035,+40.6678828,-111.9242397,06,,G4020,Salt Lake,Salt Lake County,49,2024-01-13,79.33933511870053,1705104000000,"{""type"":""MultiPoint"",""coordinates"":[]}"
774_0000000000000000001b,1921943668,164903351,41620,H1,035,01448031,482,A,49035,+40.6678828,-111.9242397,06,,G4020,Salt Lake,Salt Lake County,49,2024-01-14,90.83999164947419,1705190400000,"{""type"":""MultiPoint"",""coordinates"":[]}"
775_0000000000000000001b,1921943668,164903351,41620,H1,035,01448031,482,A,49035,+40.6678828,-111.9242397,06,,G4020,Salt Lake,Salt Lake County,49,2024-01-15,84.89823173683155,1705276800000,"{""type"":""MultiPoint"",""coordinates"":[]}"
776_0000000000000000001b,1921943668,164903351,41620,H1,035,01448031,482,A,49035,+40.6678828,-111.9242397,06,,G4020,Salt Lake,Salt Lake County,49,2024-01-16,72.80627900906858,1705363200000,"{""type"":""MultiPoint"",""coordinates"":[]}"
777_0000000000000000001b,1921943668,164903351,41620,H1,035,01448031,482,A,49035,+40.6678828,-111.9242397,06,,G4020,Salt Lake,Salt Lake County,49,2024-01-17,75.55083136100295,1705449600000,"{""type"":""MultiPoint"",""coordinates"":[]}"
778_0000000000000000001b,1921943668,164903351,41620,H1,035,01448031,482,A,49035,+40.6678828,-111.9242397,06,,G4020,Salt Lake,Salt Lake County,49,2024-01-18,78.94772374275021,1705536000000,"{""type"":""MultiPoint"",""coordinates"":[]}"
779_0000000000000000001b,1921943668,164903351,41620,H1,035,01448031,482,A,49035,+40.6678828,-111.9242397,06,,G4020,Salt Lake,Salt Lake County,49,2024-01-19,71.28652705752745,1705622400000,"{""type"":""MultiPoint"",""coordinates"":[]}"
780_0000000000000000001b,1921943668,164903351,41620,H1,035,01448031,482,A,49035,+40.6678828,-111.9242397,06,,G4020,Salt Lake,Salt Lake County,49,2024-01-20,74.7334947663726,1705708800000,"{""type"":""MultiPoint"",""coordinates"":[]}"
781_0000000000000000001b,1921943668,164903351,41620,H1,035,01448031,482,A,49035,+40.6678828,-111.9242397,06,,G4020,Salt Lake,Salt Lake County,49,2024-01-21,84.7796206221753,1705795200000,"{""type"":""MultiPoint"",""coordinates"":[]}"
782_0000000000000000001b,1921943668,164903351,41620,H1,035,01448031,482,A,49035,+40.6678828,-111.9242397,06,,G4020,Salt Lake,Salt Lake County,49,2024-01-22,87.72714817994878,1705881600000,"{""type"":""MultiPoint"",""coordinates"":[]}"
783_0000000000000000001b,1921943668,164903351,41620,H1,035,01448031,482,A,49035,+40.6678828,-111.9242397,06,,G4020,Salt Lake,Salt Lake County,49,2024-01-23,83.6186805136912,1705968000000,"{""type"":""MultiPoint"",""coordinates"":[]}"
784_0000000000000000001b,1921943668,164903351,41620,H1,035,01448031,482,A,49035,+40.6678828,-111.9242397,06,,G4020,Salt Lake,Salt Lake County,49,2024-01-24,88.21365648043786,1706054400000,"{""type"":""MultiPoint"",""coordinates"":[]}"
785_0000000000000000001b,1921943668,164903351,41620,H1,035,01448031,482,A,49035,+40.6678828,-111.9242397,06,,G4020,Salt Lake,Salt Lake County,49,2024-01-25,86.08918021619074,1706140800000,"{""type"":""MultiPoint"",""coordinates"":[]}"
786_0000000000000000001b,1921943668,164903351,41620,H1,035,01448031,482,A,49035,+40.6678828,-111.9242397,06,,G4020,Salt Lake,Salt Lake County,49,2024-01-26,91.02194337897758,1706227200000,"{""type"":""MultiPoint"",""coordinates"":[]}"
787_0000000000000000001b,1921943668,164903351,41620,H1,035,01448031,482,A,49035,+40.6678828,-111.9242397,06,,G4020,Salt Lake,Salt Lake County,49,2024-01-27,74.7827032735149,1706313600000,"{""type"":""MultiPoint"",""coordinates"":[]}"
788_0000000000000000001b,1921943668,164903351,41620,H1,035,01448031,482,A,49035,+40.6678828,-111.9242397,06,,G4020,Salt Lake,Salt Lake County,49,2024-01-28,71.65613491173944,1706400000000,"{""type"":""MultiPoint"",""coordinates"":[]}"
789_0000000000000000001b,1921943668,164903351,41620,H1,035,01448031,482,A,49035,+40.6678828,-111.9242397,06,,G4020,Salt Lake,Salt Lake County,49,2024-01-29,80.20694880289541,1706486400000,"{""type"":""MultiPoint"",""coordinates"":[]}"
790_0000000000000000001b,1921943668,164903351,41620,H1,035,01448031,482,A,49035,+40.6678828,-111.9242397,06,,G4020,Salt Lake,Salt Lake County,49,2024-01-30,80.66897843358706,1706572800000,"{""type"":""MultiPoint"",""coordinates"":[]}"
791_0000000000000000001b,1921943668,164903351,41620,H1,035,01448031,482,A,49035,+40.6678828,-111.9242397,06,,G4020,Salt Lake,Salt Lake County,49,2024-01-31,73.55694220563483,1706659200000,"{""type"":""MultiPoint"",""coordinates"":[]}"
792_0000000000000000001b,1921943668,164903351,41620,H1,035,01448031,482,A,49035,+40.6678828,-111.9242397,06,,G4020,Salt Lake,Salt Lake County,49,2024-02-01,72.8112125835614,1706745600000,"{""type"":""MultiPoint"",""coordinates"":[]}"
793_0000000000000000001b,1921943668,164903351,41620,H1,035,01448031,482,A,49035,+40.6678828,-111.9242397,06,,G4020,Salt Lake,Salt Lake County,49,2024-02-02,86.11466120324997,1706832000000,"{""type"":""MultiPoint"",""coordinates"":[]}"
794_0000000000000000001b,1921943668,164903351,41620,H1,035,01448031,482,A,49035,+40.6678828,-111.9242397,06,,G4020,Salt Lake,Salt Lake County,49,2024-02-03,91.0954899361369,1706918400000,"{""type"":""MultiPoint"",""coordinates"":[]}"
795_0000000000000000001b,1921943668,164903351,41620,H1,035,01448031,482,A,49035,+40.6678828,-111.9242397,06,,G4020,Salt Lake,Salt Lake County,49,2024-02-04,75.48459982566227,1707004800000,"{""type"":""MultiPoint"",""coordinates"":[]}"
796_0000000000000000001b,1921943668,164903351,41620,H1,035,01448031,482,A,49035,+40.6678828,-111.9242397,06,,G4020,Salt Lake,Salt Lake County,49,2024-02-05,73.62637712505256,1707091200000,"{""type"":""MultiPoint"",""coordinates"":[]}"
797_0000000000000000001b,1921943668,164903351,41620,H1,035,01448031,482,A,49035,+40.6678828,-111.9242397,06,,G4020,Salt Lake,Salt Lake County,49,2024-02-06,83.45185984195548,1707177600000,"{""type"":""MultiPoint"",""coordinates"":[]}"
798_0000000000000000001b,1921943668,164903351,41620,H1,035,01448031,482,A,49035,+40.6678828,-111.9242397,06,,G4020,Salt Lake,Salt Lake County,49,2024-02-07,89.11733956788264,1707264000000,"{""type"":""MultiPoint"",""coordinates"":[]}"
799_0000000000000000001b,1921943668,164903351,41620,H1,035,01448031,482,A,49035,+40.6678828,-111.9242397,06,,G4020,Salt Lake,Salt Lake County,49,2024-02-08,86.30262714618175,1707350400000,"{""type"":""MultiPoint"",""coordinates"":[]}"
800_0000000000000000001b,1921943668,164903351,41620,H1,035,01448031,482,A,49035,+40.6678828,-111.9242397,06,,G4020,Salt Lake,Salt Lake County,49,2024-02-09,85.91304800973985,1707436800000,"{""type"":""MultiPoint"",""coordinates"":[]}"
801_0000000000000000001b,1921943668,164903351,41620,H1,035,01448031,482,A,49035,+40.6678828,-111.9242397,06,,G4020,Salt Lake,Salt Lake County,49,2024-02-10,77.40865027631628,1707523200000,"{""type"":""MultiPoint"",""coordinates"":[]}"
802_0000000000000000001b,1921943668,164903351,41620,H1,035,01448031,482,A,49035,+40.6678828,-111.9242397,06,,G4020,Salt Lake,Salt Lake County,49,2024-02-11,72.24099744675756,1707609600000,"{""type"":""MultiPoint"",""coordinates"":[]}"
803_0000000000000000001b,1921943668,164903351,41620,H1,035,01448031,482,A,49035,+40.6678828,-111.9242397,06,,G4020,Salt Lake,Salt Lake County,49,2024-02-12,67.92349431320491,1707696000000,"{""type"":""MultiPoint"",""coordinates"":[]}"
804_0000000000000000001b,1921943668,164903351,41620,H1,035,01448031,482,A,49035,+40.6678828,-111.9242397,06,,G4020,Salt Lake,Salt Lake County,49,2024-02-13,64.80605082013645,1707782400000,"{""type"":""MultiPoint"",""coordinates"":[]}"
805_0000000000000000001b,1921943668,164903351,41620,H1,035,01448031,482,A,49035,+40.6678828,-111.9242397,06,,G4020,Salt Lake,Salt Lake County,49,2024-02-14,64.66887646618609,1707868800000,"{""type"":""MultiPoint"",""coordinates"":[]}"
806_0000000000000000001b,1921943668,164903351,41620,H1,035,01448031,482,A,49035,+40.6678828,-111.9242397,06,,G4020,Salt Lake,Salt Lake County,49,2024-02-15,78.1373448665026,1707955200000,"{""type"":""MultiPoint"",""coordinates"":[]}"
807_0000000000000000001b,1921943668,164903351,41620,H1,035,01448031,482,A,49035,+40.6678828,-111.9242397,06,,G4020,Salt Lake,Salt Lake County,49,2024-02-16,85.35018012836542,1708041600000,"{""type"":""MultiPoint"",""coordinates"":[]}"
808_0000000000000000001b,1921943668,164903351,41620,H1,035,01448031,482,A,49035,+40.6678828,-111.9242397,06,,G4020,Salt Lake,Salt Lake County,49,2024-02-17,83.32087714313313,1708128000000,"{""type"":""MultiPoint"",""coordinates"":[]}"
809_0000000000000000001b,1921943668,164903351,41620,H1,035,01448031,482,A,49035,+40.6678828,-111.9242397,06,,G4020,Salt Lake,Salt Lake County,49,2024-02-18,75.04487505778148,1708214400000,"{""type"":""MultiPoint"",""coordinates"":[]}"
810_0000000000000000001b,1921943668,164903351,41620,H1,035,01448031,482,A,49035,+40.6678828,-111.9242397,06,,G4020,Salt Lake,Salt Lake County,49,2024-02-19,74.53312994521959,1708300800000,"{""type"":""MultiPoint"",""coordinates"":[]}"
811_0000000000000000001b,1921943668,164903351,41620,H1,035,01448031,482,A,49035,+40.6678828,-111.9242397,06,,G4020,Salt Lake,Salt Lake County,49,2024-02-20,82.12032653161219,1708387200000,"{""type"":""MultiPoint"",""coordinates"":[]}"
812_0000000000000000001b,1921943668,164903351,41620,H1,035,01448031,482,A,49035,+40.6678828,-111.9242397,06,,G4020,Salt Lake,Salt Lake County,49,2024-02-21,89.0793136543793,1708473600000,"{""type"":""MultiPoint"",""coordinates"":[]}"
813_0000000000000000001b,1921943668,164903351,41620,H1,035,01448031,482,A,49035,+40.6678828,-111.9242397,06,,G4020,Salt Lake,Salt Lake County,49,2024-02-22,89.17954215690716,1708560000000,"{""type"":""MultiPoint"",""coordinates"":[]}"
814_0000000000000000001b,1921943668,164903351,41620,H1,035,01448031,482,A,49035,+40.6678828,-111.9242397,06,,G4020,Salt Lake,Salt Lake County,49,2024-02-23,79.17429086580147,1708646400000,"{""type"":""MultiPoint"",""coordinates"":[]}"
815_0000000000000000001b,1921943668,164903351,41620,H1,035,01448031,482,A,49035,+40.6678828,-111.9242397,06,,G4020,Salt Lake,Salt Lake County,49,2024-02-24,69.55988182678408,1708732800000,"{""type"":""MultiPoint"",""coordinates"":[]}"
816_0000000000000000001b,1921943668,164903351,41620,H1,035,01448031,482,A,49035,+40.6678828,-111.9242397,06,,G4020,Salt Lake,Salt Lake County,49,2024-02-25,56.795916854145744,1708819200000,"{""type"":""MultiPoint"",""coordinates"":[]}"
817_0000000000000000001b,1921943668,164903351,41620,H1,035,01448031,482,A,49035,+40.6678828,-111.9242397,06,,G4020,Salt Lake,Salt Lake County,49,2024-02-26,61.11724929880329,1708905600000,"{""type"":""MultiPoint"",""coordinates"":[]}"
818_0000000000000000001b,1921943668,164903351,41620,H1,035,01448031,482,A,49035,+40.6678828,-111.9242397,06,,G4020,Salt Lake,Salt Lake County,49,2024-02-27,67.639853819923,1708992000000,"{""type"":""MultiPoint"",""coordinates"":[]}"
819_0000000000000000001b,1921943668,164903351,41620,H1,035,01448031,482,A,49035,+40.6678828,-111.9242397,06,,G4020,Salt Lake,Salt Lake County,49,2024-02-28,57.13473049468909,1709078400000,"{""type"":""MultiPoint"",""coordinates"":[]}"
820_0000000000000000001b,1921943668,164903351,41620,H1,035,01448031,482,A,49035,+40.6678828,-111.9242397,06,,G4020,Salt Lake,Salt Lake County,49,2024-02-29,54.961391474885644,1709164800000,"{""type"":""MultiPoint"",""coordinates"":[]}"
821_0000000000000000001b,1921943668,164903351,41620,H1,035,01448031,482,A,49035,+40.6678828,-111.9242397,06,,G4020,Salt Lake,Salt Lake County,49,2024-03-01,56.01090621173136,1709251200000,"{""type"":""MultiPoint"",""coordinates"":[]}"
822_0000000000000000001b,1921943668,164903351,41620,H1,035,01448031,482,A,49035,+40.6678828,-111.9242397,06,,G4020,Salt Lake,Salt Lake County,49,2024-03-02,55.635078889891425,1709337600000,"{""type"":""MultiPoint"",""coordinates"":[]}"
823_0000000000000000001b,1921943668,164903351,41620,H1,035,01448031,482,A,49035,+40.6678828,-111.9242397,06,,G4020,Salt Lake,Salt Lake County,49,2024-03-03,71.68455606272903,1709424000000,"{""type"":""MultiPoint"",""coordinates"":[]}"
824_0000000000000000001b,1921943668,164903351,41620,H1,035,01448031,482,A,49035,+40.6678828,-111.9242397,06,,G4020,Salt Lake,Salt Lake County,49,2024-03-04,66.86154353939992,1709510400000,"{""type"":""MultiPoint"",""coordinates"":[]}"
825_0000000000000000001b,1921943668,164903351,41620,H1,035,01448031,482,A,49035,+40.6678828,-111.9242397,06,,G4020,Salt Lake,Salt Lake County,49,2024-03-05,70.81146562129683,1709596800000,"{""type"":""MultiPoint"",""coordinates"":[]}"
826_0000000000000000001b,1921943668,164903351,41620,H1,035,01448031,482,A,49035,+40.6678828,-111.9242397,06,,G4020,Salt Lake,Salt Lake County,49,2024-03-06,68.64007874118768,1709683200000,"{""type"":""MultiPoint"",""coordinates"":[]}"
827_0000000000000000001b,1921943668,164903351,41620,H1,035,01448031,482,A,49035,+40.6678828,-111.9242397,06,,G4020,Salt Lake,Salt Lake County,49,2024-03-07,81.5490288774095,1709769600000,"{""type"":""MultiPoint"",""coordinates"":[]}"
828_0000000000000000001b,1921943668,164903351,41620,H1,035,01448031,482,A,49035,+40.6678828,-111.9242397,06,,G4020,Salt Lake,Salt Lake County,49,2024-03-08,71.64800168052956,1709856000000,"{""type"":""MultiPoint"",""coordinates"":[]}"
829_0000000000000000001b,1921943668,164903351,41620,H1,035,01448031,482,A,49035,+40.6678828,-111.9242397,06,,G4020,Salt Lake,Salt Lake County,49,2024-03-09,62.269107534404334,1709942400000,"{""type"":""MultiPoint"",""coordinates"":[]}"
830_0000000000000000001b,1921943668,164903351,41620,H1,035,01448031,482,A,49035,+40.6678828,-111.9242397,06,,G4020,Salt Lake,Salt Lake County,49,2024-03-10,51.9399918388981,1710028800000,"{""type"":""MultiPoint"",""coordinates"":[]}"
831_0000000000000000001b,1921943668,164903351,41620,H1,035,01448031,482,A,49035,+40.6678828,-111.9242397,06,,G4020,Salt Lake,Salt Lake County,49,2024-03-11,52.891260243999874,1710115200000,"{""type"":""MultiPoint"",""coordinates"":[]}"
832_0000000000000000001b,1921943668,164903351,41620,H1,035,01448031,482,A,49035,+40.6678828,-111.9242397,06,,G4020,Salt Lake,Salt Lake County,49,2024-03-12,73.78067611625335,1710201600000,"{""type"":""MultiPoint"",""coordinates"":[]}"
833_0000000000000000001b,1921943668,164903351,41620,H1,035,01448031,482,A,49035,+40.6678828,-111.9242397,06,,G4020,Salt Lake,Salt Lake County,49,2024-03-13,86.12391199349193,1710288000000,"{""type"":""MultiPoint"",""coordinates"":[]}"
834_0000000000000000001b,1921943668,164903351,41620,H1,035,01448031,482,A,49035,+40.6678828,-111.9242397,06,,G4020,Salt Lake,Salt Lake County,49,2024-03-14,68.36954702118626,1710374400000,"{""type"":""MultiPoint"",""coordinates"":[]}"
835_0000000000000000001b,1921943668,164903351,41620,H1,035,01448031,482,A,49035,+40.6678828,-111.9242397,06,,G4020,Salt Lake,Salt Lake County,49,2024-03-15,65.84621104620938,1710460800000,"{""type"":""MultiPoint"",""coordinates"":[]}"
836_0000000000000000001b,1921943668,164903351,41620,H1,035,01448031,482,A,49035,+40.6678828,-111.9242397,06,,G4020,Salt Lake,Salt Lake County,49,2024-03-16,66.82956620845249,1710547200000,"{""type"":""MultiPoint"",""coordinates"":[]}"
837_0000000000000000001b,1921943668,164903351,41620,H1,035,01448031,482,A,49035,+40.6678828,-111.9242397,06,,G4020,Salt Lake,Salt Lake County,49,2024-03-17,65.15886805395773,1710633600000,"{""type"":""MultiPoint"",""coordinates"":[]}"
838_0000000000000000001b,1921943668,164903351,41620,H1,035,01448031,482,A,49035,+40.6678828,-111.9242397,06,,G4020,Salt Lake,Salt Lake County,49,2024-03-18,60.97684129249093,1710720000000,"{""type"":""MultiPoint"",""coordinates"":[]}"
839_0000000000000000001b,1921943668,164903351,41620,H1,035,01448031,482,A,49035,+40.6678828,-111.9242397,06,,G4020,Salt Lake,Salt Lake County,49,2024-03-19,59.00073849506035,1710806400000,"{""type"":""MultiPoint"",""coordinates"":[]}"
840_0000000000000000001b,1921943668,164903351,41620,H1,035,01448031,482,A,49035,+40.6678828,-111.9242397,06,,G4020,Salt Lake,Salt Lake County,49,2024-03-20,56.43082461251583,1710892800000,"{""type"":""MultiPoint"",""coordinates"":[]}"
841_0000000000000000001b,1921943668,164903351,41620,H1,035,01448031,482,A,49035,+40.6678828,-111.9242397,06,,G4020,Salt Lake,Salt Lake County,49,2024-03-21,55.8236367341448,1710979200000,"{""type"":""MultiPoint"",""coordinates"":[]}"
842_0000000000000000001b,1921943668,164903351,41620,H1,035,01448031,482,A,49035,+40.6678828,-111.9242397,06,,G4020,Salt Lake,Salt Lake County,49,2024-03-22,53.80386141970873,1711065600000,"{""type"":""MultiPoint"",""coordinates"":[]}"
843_0000000000000000001b,1921943668,164903351,41620,H1,035,01448031,482,A,49035,+40.6678828,-111.9242397,06,,G4020,Salt Lake,Salt Lake County,49,2024-03-23,54.404563000911544,1711152000000,"{""type"":""MultiPoint"",""coordinates"":[]}"
844_0000000000000000001b,1921943668,164903351,41620,H1,035,01448031,482,A,49035,+40.6678828,-111.9242397,06,,G4020,Salt Lake,Salt Lake County,49,2024-03-24,88.33337110790255,1711238400000,"{""type"":""MultiPoint"",""coordinates"":[]}"
845_0000000000000000001b,1921943668,164903351,41620,H1,035,01448031,482,A,49035,+40.6678828,-111.9242397,06,,G4020,Salt Lake,Salt Lake County,49,2024-03-25,82.78427539034041,1711324800000,"{""type"":""MultiPoint"",""coordinates"":[]}"
846_0000000000000000001b,1921943668,164903351,41620,H1,035,01448031,482,A,49035,+40.6678828,-111.9242397,06,,G4020,Salt Lake,Salt Lake County,49,2024-03-26,81.49252797702962,1711411200000,"{""type"":""MultiPoint"",""coordinates"":[]}"
847_0000000000000000001b,1921943668,164903351,41620,H1,035,01448031,482,A,49035,+40.6678828,-111.9242397,06,,G4020,Salt Lake,Salt Lake County,49,2024-03-27,74.59237930843638,1711497600000,"{""type"":""MultiPoint"",""coordinates"":[]}"
848_0000000000000000001b,1921943668,164903351,41620,H1,035,01448031,482,A,49035,+40.6678828,-111.9242397,06,,G4020,Salt Lake,Salt Lake County,49,2024-03-28,66.40889025022479,1711584000000,"{""type"":""MultiPoint"",""coordinates"":[]}"
849_0000000000000000001b,1921943668,164903351,41620,H1,035,01448031,482,A,49035,+40.6678828,-111.9242397,06,,G4020,Salt Lake,Salt Lake County,49,2024-03-29,73.88711001553953,1711670400000,"{""type"":""MultiPoint"",""coordinates"":[]}"
850_0000000000000000001b,1921943668,164903351,41620,H1,035,01448031,482,A,49035,+40.6678828,-111.9242397,06,,G4020,Salt Lake,Salt Lake County,49,2024-03-30,71.03012361496798,1711756800000,"{""type"":""MultiPoint"",""coordinates"":[]}"
851_0000000000000000001b,1921943668,164903351,41620,H1,035,01448031,482,A,49035,+40.6678828,-111.9242397,06,,G4020,Salt Lake,Salt Lake County,49,2024-03-31,80.6386691961532,1711843200000,"{""type"":""MultiPoint"",""coordinates"":[]}"
852_0000000000000000001b,1921943668,164903351,41620,H1,035,01448031,482,A,49035,+40.6678828,-111.9242397,06,,G4020,Salt Lake,Salt Lake County,49,2024-04-01,82.62799436962199,1711929600000,"{""type"":""MultiPoint"",""coordinates"":[]}"
853_0000000000000000001b,1921943668,164903351,41620,H1,035,01448031,482,A,49035,+40.6678828,-111.9242397,06,,G4020,Salt Lake,Salt Lake County,49,2024-04-02,66.59610241139116,1712016000000,"{""type"":""MultiPoint"",""coordinates"":[]}"
854_0000000000000000001b,1921943668,164903351,41620,H1,035,01448031,482,A,49035,+40.6678828,-111.9242397,06,,G4020,Salt Lake,Salt Lake County,49,2024-04-03,62.856866956330215,1712102400000,"{""type"":""MultiPoint"",""coordinates"":[]}"
855_0000000000000000001b,1921943668,164903351,41620,H1,035,01448031,482,A,49035,+40.6678828,-111.9242397,06,,G4020,Salt Lake,Salt Lake County,49,2024-04-04,51.02602024719094,1712188800000,"{""type"":""MultiPoint"",""coordinates"":[]}"
856_0000000000000000001b,1921943668,164903351,41620,H1,035,01448031,482,A,49035,+40.6678828,-111.9242397,06,,G4020,Salt Lake,Salt Lake County,49,2024-04-05,46.83718199694984,1712275200000,"{""type"":""MultiPoint"",""coordinates"":[]}"
857_0000000000000000001b,1921943668,164903351,41620,H1,035,01448031,482,A,49035,+40.6678828,-111.9242397,06,,G4020,Salt Lake,Salt Lake County,49,2024-04-06,69.37283850009258,1712361600000,"{""type"":""MultiPoint"",""coordinates"":[]}"
858_0000000000000000001b,1921943668,164903351,41620,H1,035,01448031,482,A,49035,+40.6678828,-111.9242397,06,,G4020,Salt Lake,Salt Lake County,49,2024-04-07,63.11190797456025,1712448000000,"{""type"":""MultiPoint"",""coordinates"":[]}"
859_0000000000000000001b,1921943668,164903351,41620,H1,035,01448031,482,A,49035,+40.6678828,-111.9242397,06,,G4020,Salt Lake,Salt Lake County,49,2024-04-08,61.683314814636134,1712534400000,"{""type"":""MultiPoint"",""coordinates"":[]}"
860_0000000000000000001b,1921943668,164903351,41620,H1,035,01448031,482,A,49035,+40.6678828,-111.9242397,06,,G4020,Salt Lake,Salt Lake County,49,2024-04-09,63.73896217928307,1712620800000,"{""type"":""MultiPoint"",""coordinates"":[]}"
861_0000000000000000001b,1921943668,164903351,41620,H1,035,01448031,482,A,49035,+40.6678828,-111.9242397,06,,G4020,Salt Lake,Salt Lake County,49,2024-04-10,60.61214926718334,1712707200000,"{""type"":""MultiPoint"",""coordinates"":[]}"
862_0000000000000000001b,1921943668,164903351,41620,H1,035,01448031,482,A,49035,+40.6678828,-111.9242397,06,,G4020,Salt Lake,Salt Lake County,49,2024-04-11,55.620775758196835,1712793600000,"{""type"":""MultiPoint"",""coordinates"":[]}"
863_0000000000000000001b,1921943668,164903351,41620,H1,035,01448031,482,A,49035,+40.6678828,-111.9242397,06,,G4020,Salt Lake,Salt Lake County,49,2024-04-12,50.85712297254541,1712880000000,"{""type"":""MultiPoint"",""coordinates"":[]}"
864_0000000000000000001b,1921943668,164903351,41620,H1,035,01448031,482,A,49035,+40.6678828,-111.9242397,06,,G4020,Salt Lake,Salt Lake County,49,2024-04-13,39.29129719101242,1712966400000,"{""type"":""MultiPoint"",""coordinates"":[]}"
865_0000000000000000001b,1921943668,164903351,41620,H1,035,01448031,482,A,49035,+40.6678828,-111.9242397,06,,G4020,Salt Lake,Salt Lake County,49,2024-04-14,45.62845852407843,1713052800000,"{""type"":""MultiPoint"",""coordinates"":[]}"
866_0000000000000000001b,1921943668,164903351,41620,H1,035,01448031,482,A,49035,+40.6678828,-111.9242397,06,,G4020,Salt Lake,Salt Lake County,49,2024-04-15,70.94967313553049,1713139200000,"{""type"":""MultiPoint"",""coordinates"":[]}"
867_0000000000000000001b,1921943668,164903351,41620,H1,035,01448031,482,A,49035,+40.6678828,-111.9242397,06,,G4020,Salt Lake,Salt Lake County,49,2024-04-16,75.96589324678635,1713225600000,"{""type"":""MultiPoint"",""coordinates"":[]}"
868_0000000000000000001b,1921943668,164903351,41620,H1,035,01448031,482,A,49035,+40.6678828,-111.9242397,06,,G4020,Salt Lake,Salt Lake County,49,2024-04-17,65.84639401576452,1713312000000,"{""type"":""MultiPoint"",""coordinates"":[]}"
869_0000000000000000001b,1921943668,164903351,41620,H1,035,01448031,482,A,49035,+40.6678828,-111.9242397,06,,G4020,Salt Lake,Salt Lake County,49,2024-04-18,52.810109927902666,1713398400000,"{""type"":""MultiPoint"",""coordinates"":[]}"
870_0000000000000000001b,1921943668,164903351,41620,H1,035,01448031,482,A,49035,+40.6678828,-111.9242397,06,,G4020,Salt Lake,Salt Lake County,49,2024-04-19,58.65925327868444,1713484800000,"{""type"":""MultiPoint"",""coordinates"":[]}"
871_0000000000000000001b,1921943668,164903351,41620,H1,035,01448031,482,A,49035,+40.6678828,-111.9242397,06,,G4020,Salt Lake,Salt Lake County,49,2024-04-20,53.68317502596983,1713571200000,"{""type"":""MultiPoint"",""coordinates"":[]}"
872_0000000000000000001b,1921943668,164903351,41620,H1,035,01448031,482,A,49035,+40.6678828,-111.9242397,06,,G4020,Salt Lake,Salt Lake County,49,2024-04-21,54.53430011940362,1713657600000,"{""type"":""MultiPoint"",""coordinates"":[]}"
873_0000000000000000001b,1921943668,164903351,41620,H1,035,01448031,482,A,49035,+40.6678828,-111.9242397,06,,G4020,Salt Lake,Salt Lake County,49,2024-04-22,49.6891614234314,1713744000000,"{""type"":""MultiPoint"",""coordinates"":[]}"
874_0000000000000000001b,1921943668,164903351,41620,H1,035,01448031,482,A,49035,+40.6678828,-111.9242397,06,,G4020,Salt Lake,Salt Lake County,49,2024-04-23,61.14937221741316,1713830400000,"{""type"":""MultiPoint"",""coordinates"":[]}"
875_0000000000000000001b,1921943668,164903351,41620,H1,035,01448031,482,A,49035,+40.6678828,-111.9242397,06,,G4020,Salt Lake,Salt Lake County,49,2024-04-24,53.587087543386964,1713916800000,"{""type"":""MultiPoint"",""coordinates"":[]}"
876_0000000000000000001b,1921943668,164903351,41620,H1,035,01448031,482,A,49035,+40.6678828,-111.9242397,06,,G4020,Salt Lake,Salt Lake County,49,2024-04-25,60.77985938484485,1714003200000,"{""type"":""MultiPoint"",""coordinates"":[]}"
877_0000000000000000001b,1921943668,164903351,41620,H1,035,01448031,482,A,49035,+40.6678828,-111.9242397,06,,G4020,Salt Lake,Salt Lake County,49,2024-04-26,82.70018782145647,1714089600000,"{""type"":""MultiPoint"",""coordinates"":[]}"
878_0000000000000000001b,1921943668,164903351,41620,H1,035,01448031,482,A,49035,+40.6678828,-111.9242397,06,,G4020,Salt Lake,Salt Lake County,49,2024-04-27,93.93710626525727,1714176000000,"{""type"":""MultiPoint"",""coordinates"":[]}"
879_0000000000000000001b,1921943668,164903351,41620,H1,035,01448031,482,A,49035,+40.6678828,-111.9242397,06,,G4020,Salt Lake,Salt Lake County,49,2024-04-28,74.7276505208374,1714262400000,"{""type"":""MultiPoint"",""coordinates"":[]}"
880_0000000000000000001b,1921943668,164903351,41620,H1,035,01448031,482,A,49035,+40.6678828,-111.9242397,06,,G4020,Salt Lake,Salt Lake County,49,2024-04-29,59.753444187314514,1714348800000,"{""type"":""MultiPoint"",""coordinates"":[]}"
881_0000000000000000001b,1921943668,164903351,41620,H1,035,01448031,482,A,49035,+40.6678828,-111.9242397,06,,G4020,Salt Lake,Salt Lake County,49,2024-04-30,51.1569298805282,1714435200000,"{""type"":""MultiPoint"",""coordinates"":[]}"
882_0000000000000000001b,1921943668,164903351,41620,H1,035,01448031,482,A,49035,+40.6678828,-111.9242397,06,,G4020,Salt Lake,Salt Lake County,49,2024-05-01,51.97218942482452,1714521600000,"{""type"":""MultiPoint"",""coordinates"":[]}"
883_0000000000000000001b,1921943668,164903351,41620,H1,035,01448031,482,A,49035,+40.6678828,-111.9242397,06,,G4020,Salt Lake,Salt Lake County,49,2024-05-02,40.46710519998804,1714608000000,"{""type"":""MultiPoint"",""coordinates"":[]}"
884_0000000000000000001b,1921943668,164903351,41620,H1,035,01448031,482,A,49035,+40.6678828,-111.9242397,06,,G4020,Salt Lake,Salt Lake County,49,2024-05-03,62.550030132389104,1714694400000,"{""type"":""MultiPoint"",""coordinates"":[]}"
885_0000000000000000001b,1921943668,164903351,41620,H1,035,01448031,482,A,49035,+40.6678828,-111.9242397,06,,G4020,Salt Lake,Salt Lake County,49,2024-05-04,54.20759572855286,1714780800000,"{""type"":""MultiPoint"",""coordinates"":[]}"
886_0000000000000000001b,1921943668,164903351,41620,H1,035,01448031,482,A,49035,+40.6678828,-111.9242397,06,,G4020,Salt Lake,Salt Lake County,49,2024-05-05,54.37560260027117,1714867200000,"{""type"":""MultiPoint"",""coordinates"":[]}"
887_0000000000000000001b,1921943668,164903351,41620,H1,035,01448031,482,A,49035,+40.6678828,-111.9242397,06,,G4020,Salt Lake,Salt Lake County,49,2024-05-06,76.15794376879876,1714953600000,"{""type"":""MultiPoint"",""coordinates"":[]}"
888_0000000000000000001b,1921943668,164903351,41620,H1,035,01448031,482,A,49035,+40.6678828,-111.9242397,06,,G4020,Salt Lake,Salt Lake County,49,2024-05-07,69.10758930444058,1715040000000,"{""type"":""MultiPoint"",""coordinates"":[]}"
889_0000000000000000001b,1921943668,164903351,41620,H1,035,01448031,482,A,49035,+40.6678828,-111.9242397,06,,G4020,Salt Lake,Salt Lake County,49,2024-05-08,61.76067309281959,1715126400000,"{""type"":""MultiPoint"",""coordinates"":[]}"
890_0000000000000000001b,1921943668,164903351,41620,H1,035,01448031,482,A,49035,+40.6678828,-111.9242397,06,,G4020,Salt Lake,Salt Lake County,49,2024-05-09,66.65169131944987,1715212800000,"{""type"":""MultiPoint"",""coordinates"":[]}"
891_0000000000000000001b,1921943668,164903351,41620,H1,035,01448031,482,A,49035,+40.6678828,-111.9242397,06,,G4020,Salt Lake,Salt Lake County,49,2024-05-10,65.17568163968548,1715299200000,"{""type"":""MultiPoint"",""coordinates"":[]}"
892_0000000000000000001b,1921943668,164903351,41620,H1,035,01448031,482,A,49035,+40.6678828,-111.9242397,06,,G4020,Salt Lake,Salt Lake County,49,2024-05-11,69.50720702189712,1715385600000,"{""type"":""MultiPoint"",""coordinates"":[]}"
893_0000000000000000001b,1921943668,164903351,41620,H1,035,01448031,482,A,49035,+40.6678828,-111.9242397,06,,G4020,Salt Lake,Salt Lake County,49,2024-05-12,56.57317366867761,1715472000000,"{""type"":""MultiPoint"",""coordinates"":[]}"
894_0000000000000000001b,1921943668,164903351,41620,H1,035,01448031,482,A,49035,+40.6678828,-111.9242397,06,,G4020,Salt Lake,Salt Lake County,49,2024-05-13,51.33523895568481,1715558400000,"{""type"":""MultiPoint"",""coordinates"":[]}"
895_0000000000000000001b,1921943668,164903351,41620,H1,035,01448031,482,A,49035,+40.6678828,-111.9242397,06,,G4020,Salt Lake,Salt Lake County,49,2024-05-14,54.996727351229445,1715644800000,"{""type"":""MultiPoint"",""coordinates"":[]}"
896_0000000000000000001b,1921943668,164903351,41620,H1,035,01448031,482,A,49035,+40.6678828,-111.9242397,06,,G4020,Salt Lake,Salt Lake County,49,2024-05-15,54.865158188082056,1715731200000,"{""type"":""MultiPoint"",""coordinates"":[]}"
897_0000000000000000001b,1921943668,164903351,41620,H1,035,01448031,482,A,49035,+40.6678828,-111.9242397,06,,G4020,Salt Lake,Salt Lake County,49,2024-05-16,54.13562363407515,1715817600000,"{""type"":""MultiPoint"",""coordinates"":[]}"
898_0000000000000000001b,1921943668,164903351,41620,H1,035,01448031,482,A,49035,+40.6678828,-111.9242397,06,,G4020,Salt Lake,Salt Lake County,49,2024-05-17,47.08669507664006,1715904000000,"{""type"":""MultiPoint"",""coordinates"":[]}"
899_0000000000000000001b,1921943668,164903351,41620,H1,035,01448031,482,A,49035,+40.6678828,-111.9242397,06,,G4020,Salt Lake,Salt Lake County,49,2024-05-18,37.92737334607851,1715990400000,"{""type"":""MultiPoint"",""coordinates"":[]}"
900_0000000000000000001b,1921943668,164903351,41620,H1,035,01448031,482,A,49035,+40.6678828,-111.9242397,06,,G4020,Salt Lake,Salt Lake County,49,2024-05-19,46.66053109960207,1716076800000,"{""type"":""MultiPoint"",""coordinates"":[]}"
901_0000000000000000001b,1921943668,164903351,41620,H1,035,01448031,482,A,49035,+40.6678828,-111.9242397,06,,G4020,Salt Lake,Salt Lake County,49,2024-05-20,53.51794855348593,1716163200000,"{""type"":""MultiPoint"",""coordinates"":[]}"
902_0000000000000000001b,1921943668,164903351,41620,H1,035,01448031,482,A,49035,+40.6678828,-111.9242397,06,,G4020,Salt Lake,Salt Lake County,49,2024-05-21,49.23535301255373,1716249600000,"{""type"":""MultiPoint"",""coordinates"":[]}"
903_0000000000000000001b,1921943668,164903351,41620,H1,035,01448031,482,A,49035,+40.6678828,-111.9242397,06,,G4020,Salt Lake,Salt Lake County,49,2024-05-22,38.25003057042562,1716336000000,"{""type"":""MultiPoint"",""coordinates"":[]}"
904_0000000000000000001b,1921943668,164903351,41620,H1,035,01448031,482,A,49035,+40.6678828,-111.9242397,06,,G4020,Salt Lake,Salt Lake County,49,2024-05-23,42.907040844410496,1716422400000,"{""type"":""MultiPoint"",""coordinates"":[]}"
905_0000000000000000001b,1921943668,164903351,41620,H1,035,01448031,482,A,49035,+40.6678828,-111.9242397,06,,G4020,Salt Lake,Salt Lake County,49,2024-05-24,41.69000144158138,1716508800000,"{""type"":""MultiPoint"",""coordinates"":[]}"
906_0000000000000000001b,1921943668,164903351,41620,H1,035,01448031,482,A,49035,+40.6678828,-111.9242397,06,,G4020,Salt Lake,Salt Lake County,49,2024-05-25,65.29622258603891,1716595200000,"{""type"":""MultiPoint"",""coordinates"":[]}"
907_0000000000000000001b,1921943668,164903351,41620,H1,035,01448031,482,A,49035,+40.6678828,-111.9242397,06,,G4020,Salt Lake,Salt Lake County,49,2024-05-26,62.40205920892817,1716681600000,"{""type"":""MultiPoint"",""coordinates"":[]}"
908_0000000000000000001b,1921943668,164903351,41620,H1,035,01448031,482,A,49035,+40.6678828,-111.9242397,06,,G4020,Salt Lake,Salt Lake County,49,2024-05-27,49.21706286595741,1716768000000,"{""type"":""MultiPoint"",""coordinates"":[]}"
909_0000000000000000001b,1921943668,164903351,41620,H1,035,01448031,482,A,49035,+40.6678828,-111.9242397,06,,G4020,Salt Lake,Salt Lake County,49,2024-05-28,46.30684629809144,1716854400000,"{""type"":""MultiPoint"",""coordinates"":[]}"
910_0000000000000000001b,1921943668,164903351,41620,H1,035,01448031,482,A,49035,+40.6678828,-111.9242397,06,,G4020,Salt Lake,Salt Lake County,49,2024-05-29,47.73064380245636,1716940800000,"{""type"":""MultiPoint"",""coordinates"":[]}"
911_0000000000000000001b,1921943668,164903351,41620,H1,035,01448031,482,A,49035,+40.6678828,-111.9242397,06,,G4020,Salt Lake,Salt Lake County,49,2024-05-30,41.037218138799744,1717027200000,"{""type"":""MultiPoint"",""coordinates"":[]}"
912_0000000000000000001b,1921943668,164903351,41620,H1,035,01448031,482,A,49035,+40.6678828,-111.9242397,06,,G4020,Salt Lake,Salt Lake County,49,2024-05-31,43.09539564942196,1717113600000,"{""type"":""MultiPoint"",""coordinates"":[]}"
913_0000000000000000001b,1921943668,164903351,41620,H1,035,01448031,482,A,49035,+40.6678828,-111.9242397,06,,G4020,Salt Lake,Salt Lake County,49,2024-06-01,45.40434376468813,1717200000000,"{""type"":""MultiPoint"",""coordinates"":[]}"
914_0000000000000000001b,1921943668,164903351,41620,H1,035,01448031,482,A,49035,+40.6678828,-111.9242397,06,,G4020,Salt Lake,Salt Lake County,49,2024-06-02,46.547299366641035,1717286400000,"{""type"":""MultiPoint"",""coordinates"":[]}"
915_0000000000000000001b,1921943668,164903351,41620,H1,035,01448031,482,A,49035,+40.6678828,-111.9242397,06,,G4020,Salt Lake,Salt Lake County,49,2024-06-03,47.723333636148034,1717372800000,"{""type"":""MultiPoint"",""coordinates"":[]}"
916_0000000000000000001b,1921943668,164903351,41620,H1,035,01448031,482,A,49035,+40.6678828,-111.9242397,06,,G4020,Salt Lake,Salt Lake County,49,2024-06-04,52.435118318298905,1717459200000,"{""type"":""MultiPoint"",""coordinates"":[]}"
917_0000000000000000001b,1921943668,164903351,41620,H1,035,01448031,482,A,49035,+40.6678828,-111.9242397,06,,G4020,Salt Lake,Salt Lake County,49,2024-06-05,45.134792933957726,1717545600000,"{""type"":""MultiPoint"",""coordinates"":[]}"
918_0000000000000000001b,1921943668,164903351,41620,H1,035,01448031,482,A,49035,+40.6678828,-111.9242397,06,,G4020,Salt Lake,Salt Lake County,49,2024-06-06,41.7200721718195,1717632000000,"{""type"":""MultiPoint"",""coordinates"":[]}"
919_0000000000000000001b,1921943668,164903351,41620,H1,035,01448031,482,A,49035,+40.6678828,-111.9242397,06,,G4020,Salt Lake,Salt Lake County,49,2024-06-07,43.7853649067556,1717718400000,"{""type"":""MultiPoint"",""coordinates"":[]}"
920_0000000000000000001b,1921943668,164903351,41620,H1,035,01448031,482,A,49035,+40.6678828,-111.9242397,06,,G4020,Salt Lake,Salt Lake County,49,2024-06-08,49.253164447077104,1717804800000,"{""type"":""MultiPoint"",""coordinates"":[]}"
921_0000000000000000001b,1921943668,164903351,41620,H1,035,01448031,482,A,49035,+40.6678828,-111.9242397,06,,G4020,Salt Lake,Salt Lake County,49,2024-06-09,40.210174710737924,1717891200000,"{""type"":""MultiPoint"",""coordinates"":[]}"
922_0000000000000000001b,1921943668,164903351,41620,H1,035,01448031,482,A,49035,+40.6678828,-111.9242397,06,,G4020,Salt Lake,Salt Lake County,49,2024-06-10,44.20079301787172,1717977600000,"{""type"":""MultiPoint"",""coordinates"":[]}"
923_0000000000000000001b,1921943668,164903351,41620,H1,035,01448031,482,A,49035,+40.6678828,-111.9242397,06,,G4020,Salt Lake,Salt Lake County,49,2024-06-11,41.55915140179606,1718064000000,"{""type"":""MultiPoint"",""coordinates"":[]}"
924_0000000000000000001b,1921943668,164903351,41620,H1,035,01448031,482,A,49035,+40.6678828,-111.9242397,06,,G4020,Salt Lake,Salt Lake County,49,2024-06-12,35.246589928162614,1718150400000,"{""type"":""MultiPoint"",""coordinates"":[]}"
925_0000000000000000001b,1921943668,164903351,41620,H1,035,01448031,482,A,49035,+40.6678828,-111.9242397,06,,G4020,Salt Lake,Salt Lake County,49,2024-06-13,27.802119848882093,1718236800000,"{""type"":""MultiPoint"",""coordinates"":[]}"
926_0000000000000000001b,1921943668,164903351,41620,H1,035,01448031,482,A,49035,+40.6678828,-111.9242397,06,,G4020,Salt Lake,Salt Lake County,49,2024-06-14,21.420646598186664,1718323200000,"{""type"":""MultiPoint"",""coordinates"":[]}"
927_0000000000000000001b,1921943668,164903351,41620,H1,035,01448031,482,A,49035,+40.6678828,-111.9242397,06,,G4020,Salt Lake,Salt Lake County,49,2024-06-15,32.787190398287755,1718409600000,"{""type"":""MultiPoint"",""coordinates"":[]}"
928_0000000000000000001b,1921943668,164903351,41620,H1,035,01448031,482,A,49035,+40.6678828,-111.9242397,06,,G4020,Salt Lake,Salt Lake County,49,2024-06-16,33.151142113478805,1718496000000,"{""type"":""MultiPoint"",""coordinates"":[]}"
929_0000000000000000001b,1921943668,164903351,41620,H1,035,01448031,482,A,49035,+40.6678828,-111.9242397,06,,G4020,Salt Lake,Salt Lake County,49,2024-06-17,38.835119128548484,1718582400000,"{""type"":""MultiPoint"",""coordinates"":[]}"
930_0000000000000000001b,1921943668,164903351,41620,H1,035,01448031,482,A,49035,+40.6678828,-111.9242397,06,,G4020,Salt Lake,Salt Lake County,49,2024-06-18,34.186163084107385,1718668800000,"{""type"":""MultiPoint"",""coordinates"":[]}"
931_0000000000000000001b,1921943668,164903351,41620,H1,035,01448031,482,A,49035,+40.6678828,-111.9242397,06,,G4020,Salt Lake,Salt Lake County,49,2024-06-19,29.57222111422153,1718755200000,"{""type"":""MultiPoint"",""coordinates"":[]}"
932_0000000000000000001b,1921943668,164903351,41620,H1,035,01448031,482,A,49035,+40.6678828,-111.9242397,06,,G4020,Salt Lake,Salt Lake County,49,2024-06-20,30.886724672254005,1718841600000,"{""type"":""MultiPoint"",""coordinates"":[]}"
933_0000000000000000001b,1921943668,164903351,41620,H1,035,01448031,482,A,49035,+40.6678828,-111.9242397,06,,G4020,Salt Lake,Salt Lake County,49,2024-06-21,36.69950725081091,1718928000000,"{""type"":""MultiPoint"",""coordinates"":[]}"
934_0000000000000000001b,1921943668,164903351,41620,H1,035,01448031,482,A,49035,+40.6678828,-111.9242397,06,,G4020,Salt Lake,Salt Lake County,49,2024-06-22,39.49725322501633,1719014400000,"{""type"":""MultiPoint"",""coordinates"":[]}"
935_0000000000000000001b,1921943668,164903351,41620,H1,035,01448031,482,A,49035,+40.6678828,-111.9242397,06,,G4020,Salt Lake,Salt Lake County,49,2024-06-23,27.419358791307324,1719100800000,"{""type"":""MultiPoint"",""coordinates"":[]}"
936_0000000000000000001b,1921943668,164903351,41620,H1,035,01448031,482,A,49035,+40.6678828,-111.9242397,06,,G4020,Salt Lake,Salt Lake County,49,2024-06-24,25.169702655838705,1719187200000,"{""type"":""MultiPoint"",""coordinates"":[]}"
937_0000000000000000001b,1921943668,164903351,41620,H1,035,01448031,482,A,49035,+40.6678828,-111.9242397,06,,G4020,Salt Lake,Salt Lake County,49,2024-06-25,25.600490290176285,1719273600000,"{""type"":""MultiPoint"",""coordinates"":[]}"
938_0000000000000000001b,1921943668,164903351,41620,H1,035,01448031,482,A,49035,+40.6678828,-111.9242397,06,,G4020,Salt Lake,Salt Lake County,49,2024-06-26,32.90032485043427,1719360000000,"{""type"":""MultiPoint"",""coordinates"":[]}"
939_0000000000000000001b,1921943668,164903351,41620,H1,035,01448031,482,A,49035,+40.6678828,-111.9242397,06,,G4020,Salt Lake,Salt Lake County,49,2024-06-27,46.23107089859699,1719446400000,"{""type"":""MultiPoint"",""coordinates"":[]}"
940_0000000000000000001b,1921943668,164903351,41620,H1,035,01448031,482,A,49035,+40.6678828,-111.9242397,06,,G4020,Salt Lake,Salt Lake County,49,2024-06-28,39.87955476726275,1719532800000,"{""type"":""MultiPoint"",""coordinates"":[]}"
941_0000000000000000001b,1921943668,164903351,41620,H1,035,01448031,482,A,49035,+40.6678828,-111.9242397,06,,G4020,Salt Lake,Salt Lake County,49,2024-06-29,32.12306009688251,1719619200000,"{""type"":""MultiPoint"",""coordinates"":[]}"
942_0000000000000000001b,1921943668,164903351,41620,H1,035,01448031,482,A,49035,+40.6678828,-111.9242397,06,,G4020,Salt Lake,Salt Lake County,49,2024-06-30,20.805727412576825,1719705600000,"{""type"":""MultiPoint"",""coordinates"":[]}"
943_0000000000000000001b,1921943668,164903351,41620,H1,035,01448031,482,A,49035,+40.6678828,-111.9242397,06,,G4020,Salt Lake,Salt Lake County,49,2024-07-01,31.525527548404813,1719792000000,"{""type"":""MultiPoint"",""coordinates"":[]}"
944_0000000000000000001b,1921943668,164903351,41620,H1,035,01448031,482,A,49035,+40.6678828,-111.9242397,06,,G4020,Salt Lake,Salt Lake County,49,2024-07-02,32.42222299232891,1719878400000,"{""type"":""MultiPoint"",""coordinates"":[]}"
945_0000000000000000001b,1921943668,164903351,41620,H1,035,01448031,482,A,49035,+40.6678828,-111.9242397,06,,G4020,Salt Lake,Salt Lake County,49,2024-07-03,31.606046756218685,1719964800000,"{""type"":""MultiPoint"",""coordinates"":[]}"
946_0000000000000000001b,1921943668,164903351,41620,H1,035,01448031,482,A,49035,+40.6678828,-111.9242397,06,,G4020,Salt Lake,Salt Lake County,49,2024-07-04,26.09226141079155,1720051200000,"{""type"":""MultiPoint"",""coordinates"":[]}"
947_0000000000000000001b,1921943668,164903351,41620,H1,035,01448031,482,A,49035,+40.6678828,-111.9242397,06,,G4020,Salt Lake,Salt Lake County,49,2024-07-05,27.051695300666978,1720137600000,"{""type"":""MultiPoint"",""coordinates"":[]}"
948_0000000000000000001b,1921943668,164903351,41620,H1,035,01448031,482,A,49035,+40.6678828,-111.9242397,06,,G4020,Salt Lake,Salt Lake County,49,2024-07-06,23.925228253410296,1720224000000,"{""type"":""MultiPoint"",""coordinates"":[]}"
949_0000000000000000001b,1921943668,164903351,41620,H1,035,01448031,482,A,49035,+40.6678828,-111.9242397,06,,G4020,Salt Lake,Salt Lake County,49,2024-07-07,18.356143000945117,1720310400000,"{""type"":""MultiPoint"",""coordinates"":[]}"
950_0000000000000000001b,1921943668,164903351,41620,H1,035,01448031,482,A,49035,+40.6678828,-111.9242397,06,,G4020,Salt Lake,Salt Lake County,49,2024-07-08,23.984300115584325,1720396800000,"{""type"":""MultiPoint"",""coordinates"":[]}"
951_0000000000000000001b,1921943668,164903351,41620,H1,035,01448031,482,A,49035,+40.6678828,-111.9242397,06,,G4020,Salt Lake,Salt Lake County,49,2024-07-09,25.989045104367452,1720483200000,"{""type"":""MultiPoint"",""coordinates"":[]}"
952_0000000000000000001b,1921943668,164903351,41620,H1,035,01448031,482,A,49035,+40.6678828,-111.9242397,06,,G4020,Salt Lake,Salt Lake County,49,2024-07-10,20.997786491080433,1720569600000,"{""type"":""MultiPoint"",""coordinates"":[]}"
953_0000000000000000001b,1921943668,164903351,41620,H1,035,01448031,482,A,49035,+40.6678828,-111.9242397,06,,G4020,Salt Lake,Salt Lake County,49,2024-07-11,19.080738959523316,1720656000000,"{""type"":""MultiPoint"",""coordinates"":[]}"
954_0000000000000000001b,1921943668,164903351,41620,H1,035,01448031,482,A,49035,+40.6678828,-111.9242397,06,,G4020,Salt Lake,Salt Lake County,49,2024-07-12,17.750938093587333,1720742400000,"{""type"":""MultiPoint"",""coordinates"":[]}"
955_0000000000000000001b,1921943668,164903351,41620,H1,035,01448031,482,A,49035,+40.6678828,-111.9242397,06,,G4020,Salt Lake,Salt Lake County,49,2024-07-13,22.58046769205643,1720828800000,"{""type"":""MultiPoint"",""coordinates"":[]}"
956_0000000000000000001b,1921943668,164903351,41620,H1,035,01448031,482,A,49035,+40.6678828,-111.9242397,06,,G4020,Salt Lake,Salt Lake County,49,2024-07-14,21.945246876410984,1720915200000,"{""type"":""MultiPoint"",""coordinates"":[]}"
957_0000000000000000001b,1921943668,164903351,41620,H1,035,01448031,482,A,49035,+40.6678828,-111.9242397,06,,G4020,Salt Lake,Salt Lake County,49,2024-07-15,30.572514946887043,1721001600000,"{""type"":""MultiPoint"",""coordinates"":[]}"
958_0000000000000000001b,1921943668,164903351,41620,H1,035,01448031,482,A,49035,+40.6678828,-111.9242397,06,,G4020,Salt Lake,Salt Lake County,49,2024-07-16,36.004174903906936,1721088000000,"{""type"":""MultiPoint"",""coordinates"":[]}"
959_0000000000000000001b,1921943668,164903351,41620,H1,035,01448031,482,A,49035,+40.6678828,-111.9242397,06,,G4020,Salt Lake,Salt Lake County,49,2024-07-17,31.318624778666575,1721174400000,"{""type"":""MultiPoint"",""coordinates"":[]}"
960_0000000000000000001b,1921943668,164903351,41620,H1,035,01448031,482,A,49035,+40.6678828,-111.9242397,06,,G4020,Salt Lake,Salt Lake County,49,2024-07-18,30.745041714138495,1721260800000,"{""type"":""MultiPoint"",""coordinates"":[]}"
961_0000000000000000001b,1921943668,164903351,41620,H1,035,01448031,482,A,49035,+40.6678828,-111.9242397,06,,G4020,Salt Lake,Salt Lake County,49,2024-07-19,36.029767583983016,1721347200000,"{""type"":""MultiPoint"",""coordinates"":[]}"
962_0000000000000000001b,1921943668,164903351,41620,H1,035,01448031,482,A,49035,+40.6678828,-111.9242397,06,,G4020,Salt Lake,Salt Lake County,49,2024-07-20,33.542612714481095,1721433600000,"{""type"":""MultiPoint"",""coordinates"":[]}"
963_0000000000000000001b,1921943668,164903351,41620,H1,035,01448031,482,A,49035,+40.6678828,-111.9242397,06,,G4020,Salt Lake,Salt Lake County,49,2024-07-21,30.426384426987557,1721520000000,"{""type"":""MultiPoint"",""coordinates"":[]}"
964_0000000000000000001b,1921943668,164903351,41620,H1,035,01448031,482,A,49035,+40.6678828,-111.9242397,06,,G4020,Salt Lake,Salt Lake County,49,2024-07-22,27.224989574375105,1721606400000,"{""type"":""MultiPoint"",""coordinates"":[]}"
965_0000000000000000001b,1921943668,164903351,41620,H1,035,01448031,482,A,49035,+40.6678828,-111.9242397,06,,G4020,Salt Lake,Salt Lake County,49,2024-07-23,28.794613526924,1721692800000,"{""type"":""MultiPoint"",""coordinates"":[]}"
966_0000000000000000001b,1921943668,164903351,41620,H1,035,01448031,482,A,49035,+40.6678828,-111.9242397,06,,G4020,Salt Lake,Salt Lake County,49,2024-07-24,29.25601613528061,1721779200000,"{""type"":""MultiPoint"",""coordinates"":[]}"
967_0000000000000000001b,1921943668,164903351,41620,H1,035,01448031,482,A,49035,+40.6678828,-111.9242397,06,,G4020,Salt Lake,Salt Lake County,49,2024-07-25,35.90898036465831,1721865600000,"{""type"":""MultiPoint"",""coordinates"":[]}"
968_0000000000000000001b,1921943668,164903351,41620,H1,035,01448031,482,A,49035,+40.6678828,-111.9242397,06,,G4020,Salt Lake,Salt Lake County,49,2024-07-26,41.06509643134653,1721952000000,"{""type"":""MultiPoint"",""coordinates"":[]}"
969_0000000000000000001b,1921943668,164903351,41620,H1,035,01448031,482,A,49035,+40.6678828,-111.9242397,06,,G4020,Salt Lake,Salt Lake County,49,2024-07-27,37.389166753588135,1722038400000,"{""type"":""MultiPoint"",""coordinates"":[]}"
970_0000000000000000001b,1921943668,164903351,41620,H1,035,01448031,482,A,49035,+40.6678828,-111.9242397,06,,G4020,Salt Lake,Salt Lake County,49,2024-07-28,35.030216436013156,1722124800000,"{""type"":""MultiPoint"",""coordinates"":[]}"
971_0000000000000000001b,1921943668,164903351,41620,H1,035,01448031,482,A,49035,+40.6678828,-111.9242397,06,,G4020,Salt Lake,Salt Lake County,49,2024-07-29,24.299389271568646,1722211200000,"{""type"":""MultiPoint"",""coordinates"":[]}"
972_0000000000000000001b,1921943668,164903351,41620,H1,035,01448031,482,A,49035,+40.6678828,-111.9242397,06,,G4020,Salt Lake,Salt Lake County,49,2024-07-30,19.13334690027985,1722297600000,"{""type"":""MultiPoint"",""coordinates"":[]}"
973_0000000000000000001b,1921943668,164903351,41620,H1,035,01448031,482,A,49035,+40.6678828,-111.9242397,06,,G4020,Salt Lake,Salt Lake County,49,2024-07-31,28.187090867189532,1722384000000,"{""type"":""MultiPoint"",""coordinates"":[]}"
974_0000000000000000001b,1921943668,164903351,41620,H1,035,01448031,482,A,49035,+40.6678828,-111.9242397,06,,G4020,Salt Lake,Salt Lake County,49,2024-08-01,29.37368399010082,1722470400000,"{""type"":""MultiPoint"",""coordinates"":[]}"
975_0000000000000000001b,1921943668,164903351,41620,H1,035,01448031,482,A,49035,+40.6678828,-111.9242397,06,,G4020,Salt Lake,Salt Lake County,49,2024-08-02,25.13136403697388,1722556800000,"{""type"":""MultiPoint"",""coordinates"":[]}"
976_0000000000000000001b,1921943668,164903351,41620,H1,035,01448031,482,A,49035,+40.6678828,-111.9242397,06,,G4020,Salt Lake,Salt Lake County,49,2024-08-03,26.56724723868916,1722643200000,"{""type"":""MultiPoint"",""coordinates"":[]}"
977_0000000000000000001b,1921943668,164903351,41620,H1,035,01448031,482,A,49035,+40.6678828,-111.9242397,06,,G4020,Salt Lake,Salt Lake County,49,2024-08-04,39.803734066894044,1722729600000,"{""type"":""MultiPoint"",""coordinates"":[]}"
978_0000000000000000001b,1921943668,164903351,41620,H1,035,01448031,482,A,49035,+40.6678828,-111.9242397,06,,G4020,Salt Lake,Salt Lake County,49,2024-08-05,33.45831212942356,1722816000000,"{""type"":""MultiPoint"",""coordinates"":[]}"
979_0000000000000000001b,1921943668,164903351,41620,H1,035,01448031,482,A,49035,+40.6678828,-111.9242397,06,,G4020,Salt Lake,Salt Lake County,49,2024-08-06,30.481397997342626,1722902400000,"{""type"":""MultiPoint"",""coordinates"":[]}"
980_0000000000000000001b,1921943668,164903351,41620,H1,035,01448031,482,A,49035,+40.6678828,-111.9242397,06,,G4020,Salt Lake,Salt Lake County,49,2024-08-07,29.559984866067506,1722988800000,"{""type"":""MultiPoint"",""coordinates"":[]}"
981_0000000000000000001b,1921943668,164903351,41620,H1,035,01448031,482,A,49035,+40.6678828,-111.9242397,06,,G4020,Salt Lake,Salt Lake County,49,2024-08-08,24.460889238441343,1723075200000,"{""type"":""MultiPoint"",""coordinates"":[]}"
982_0000000000000000001b,1921943668,164903351,41620,H1,035,01448031,482,A,49035,+40.6678828,-111.9242397,06,,G4020,Salt Lake,Salt Lake County,49,2024-08-09,28.282000674266875,1723161600000,"{""type"":""MultiPoint"",""coordinates"":[]}"
983_0000000000000000001b,1921943668,164903351,41620,H1,035,01448031,482,A,49035,+40.6678828,-111.9242397,06,,G4020,Salt Lake,Salt Lake County,49,2024-08-10,32.18573363666249,1723248000000,"{""type"":""MultiPoint"",""coordinates"":[]}"
984_0000000000000000001b,1921943668,164903351,41620,H1,035,01448031,482,A,49035,+40.6678828,-111.9242397,06,,G4020,Salt Lake,Salt Lake County,49,2024-08-11,34.97182223949792,1723334400000,"{""type"":""MultiPoint"",""coordinates"":[]}"
985_0000000000000000001b,1921943668,164903351,41620,H1,035,01448031,482,A,49035,+40.6678828,-111.9242397,06,,G4020,Salt Lake,Salt Lake County,49,2024-08-12,48.753616801203904,1723420800000,"{""type"":""MultiPoint"",""coordinates"":[]}"
986_0000000000000000001b,1921943668,164903351,41620,H1,035,01448031,482,A,49035,+40.6678828,-111.9242397,06,,G4020,Salt Lake,Salt Lake County,49,2024-08-13,63.94301511549275,1723507200000,"{""type"":""MultiPoint"",""coordinates"":[]}"
987_0000000000000000001b,1921943668,164903351,41620,H1,035,01448031,482,A,49035,+40.6678828,-111.9242397,06,,G4020,Salt Lake,Salt Lake County,49,2024-08-14,66.25788323380553,1723593600000,"{""type"":""MultiPoint"",""coordinates"":[]}"
988_0000000000000000001b,1921943668,164903351,41620,H1,035,01448031,482,A,49035,+40.6678828,-111.9242397,06,,G4020,Salt Lake,Salt Lake County,49,2024-08-15,45.55981404725604,1723680000000,"{""type"":""MultiPoint"",""coordinates"":[]}"
989_0000000000000000001b,1921943668,164903351,41620,H1,035,01448031,482,A,49035,+40.6678828,-111.9242397,06,,G4020,Salt Lake,Salt Lake County,49,2024-08-16,32.0939035397325,1723766400000,"{""type"":""MultiPoint"",""coordinates"":[]}"
990_0000000000000000001b,1921943668,164903351,41620,H1,035,01448031,482,A,49035,+40.6678828,-111.9242397,06,,G4020,Salt Lake,Salt Lake County,49,2024-08-17,36.38292245988702,1723852800000,"{""type"":""MultiPoint"",""coordinates"":[]}"
991_0000000000000000001b,1921943668,164903351,41620,H1,035,01448031,482,A,49035,+40.6678828,-111.9242397,06,,G4020,Salt Lake,Salt Lake County,49,2024-08-18,51.86271639317425,1723939200000,"{""type"":""MultiPoint"",""coordinates"":[]}"
992_0000000000000000001b,1921943668,164903351,41620,H1,035,01448031,482,A,49035,+40.6678828,-111.9242397,06,,G4020,Salt Lake,Salt Lake County,49,2024-08-19,55.606852801153494,1724025600000,"{""type"":""MultiPoint"",""coordinates"":[]}"
993_0000000000000000001b,1921943668,164903351,41620,H1,035,01448031,482,A,49035,+40.6678828,-111.9242397,06,,G4020,Salt Lake,Salt Lake County,49,2024-08-20,41.55819096708056,1724112000000,"{""type"":""MultiPoint"",""coordinates"":[]}"
994_0000000000000000001b,1921943668,164903351,41620,H1,035,01448031,482,A,49035,+40.6678828,-111.9242397,06,,G4020,Salt Lake,Salt Lake County,49,2024-08-21,25.098518097857553,1724198400000,"{""type"":""MultiPoint"",""coordinates"":[]}"
995_0000000000000000001b,1921943668,164903351,41620,H1,035,01448031,482,A,49035,+40.6678828,-111.9242397,06,,G4020,Salt Lake,Salt Lake County,49,2024-08-22,33.84809691886691,1724284800000,"{""type"":""MultiPoint"",""coordinates"":[]}"
996_0000000000000000001b,1921943668,164903351,41620,H1,035,01448031,482,A,49035,+40.6678828,-111.9242397,06,,G4020,Salt Lake,Salt Lake County,49,2024-08-23,41.52701983157935,1724371200000,"{""type"":""MultiPoint"",""coordinates"":[]}"
997_0000000000000000001b,1921943668,164903351,41620,H1,035,01448031,482,A,49035,+40.6678828,-111.9242397,06,,G4020,Salt Lake,Salt Lake County,49,2024-08-24,26.954962951646372,1724457600000,"{""type"":""MultiPoint"",""coordinates"":[]}"
998_0000000000000000001b,1921943668,164903351,41620,H1,035,01448031,482,A,49035,+40.6678828,-111.9242397,06,,G4020,Salt Lake,Salt Lake County,49,2024-08-25,28.609491981427198,1724544000000,"{""type"":""MultiPoint"",""coordinates"":[]}"
999_0000000000000000001b,1921943668,164903351,41620,H1,035,01448031,482,A,49035,+40.6678828,-111.9242397,06,,G4020,Salt Lake,Salt Lake County,49,2024-08-26,42.67211370816077,1724630400000,"{""type"":""MultiPoint"",""coordinates"":[]}"
1000_0000000000000000001b,1921943668,164903351,41620,H1,035,01448031,482,A,49035,+40.6678828,-111.9242397,06,,G4020,Salt Lake,Salt Lake County,49,2024-08-27,37.4451404375096,1724716800000,"{""type"":""MultiPoint"",""coordinates"":[]}"
1001_0000000000000000001b,1921943668,164903351,41620,H1,035,01448031,482,A,49035,+40.6678828,-111.9242397,06,,G4020,Salt Lake,Salt Lake County,49,2024-08-28,27.625816076379106,1724803200000,"{""type"":""MultiPoint"",""coordinates"":[]}"
1002_0000000000000000001b,1921943668,164903351,41620,H1,035,01448031,482,A,49035,+40.6678828,-111.9242397,06,,G4020,Salt Lake,Salt Lake County,49,2024-08-29,27.75074698968564,1724889600000,"{""type"":""MultiPoint"",""coordinates"":[]}"
1003_0000000000000000001b,1921943668,164903351,41620,H1,035,01448031,482,A,49035,+40.6678828,-111.9242397,06,,G4020,Salt Lake,Salt Lake County,49,2024-08-30,26.672223825301966,1724976000000,"{""type"":""MultiPoint"",""coordinates"":[]}"
1004_0000000000000000001b,1921943668,164903351,41620,H1,035,01448031,482,A,49035,+40.6678828,-111.9242397,06,,G4020,Salt Lake,Salt Lake County,49,2024-08-31,28.28989531513009,1725062400000,"{""type"":""MultiPoint"",""coordinates"":[]}"
1005_0000000000000000001b,1921943668,164903351,41620,H1,035,01448031,482,A,49035,+40.6678828,-111.9242397,06,,G4020,Salt Lake,Salt Lake County,49,2024-09-01,26.5063943898133,1725148800000,"{""type"":""MultiPoint"",""coordinates"":[]}"
1006_0000000000000000001b,1921943668,164903351,41620,H1,035,01448031,482,A,49035,+40.6678828,-111.9242397,06,,G4020,Salt Lake,Salt Lake County,49,2024-09-02,26.827929908402844,1725235200000,"{""type"":""MultiPoint"",""coordinates"":[]}"
1007_0000000000000000001b,1921943668,164903351,41620,H1,035,01448031,482,A,49035,+40.6678828,-111.9242397,06,,G4020,Salt Lake,Salt Lake County,49,2024-09-03,29.25566344716013,1725321600000,"{""type"":""MultiPoint"",""coordinates"":[]}"
1008_0000000000000000001b,1921943668,164903351,41620,H1,035,01448031,482,A,49035,+40.6678828,-111.9242397,06,,G4020,Salt Lake,Salt Lake County,49,2024-09-04,43.43536200150144,1725408000000,"{""type"":""MultiPoint"",""coordinates"":[]}"
1009_0000000000000000001b,1921943668,164903351,41620,H1,035,01448031,482,A,49035,+40.6678828,-111.9242397,06,,G4020,Salt Lake,Salt Lake County,49,2024-09-05,38.709046088650496,1725494400000,"{""type"":""MultiPoint"",""coordinates"":[]}"
1010_0000000000000000001b,1921943668,164903351,41620,H1,035,01448031,482,A,49035,+40.6678828,-111.9242397,06,,G4020,Salt Lake,Salt Lake County,49,2024-09-06,39.886752266950275,1725580800000,"{""type"":""MultiPoint"",""coordinates"":[]}"
1011_0000000000000000001b,1921943668,164903351,41620,H1,035,01448031,482,A,49035,+40.6678828,-111.9242397,06,,G4020,Salt Lake,Salt Lake County,49,2024-09-07,35.32653161270142,1725667200000,"{""type"":""MultiPoint"",""coordinates"":[]}"
1012_0000000000000000001b,1921943668,164903351,41620,H1,035,01448031,482,A,49035,+40.6678828,-111.9242397,06,,G4020,Salt Lake,Salt Lake County,49,2024-09-08,31.456324889086222,1725753600000,"{""type"":""MultiPoint"",""coordinates"":[]}"
1013_0000000000000000001b,1921943668,164903351,41620,H1,035,01448031,482,A,49035,+40.6678828,-111.9242397,06,,G4020,Salt Lake,Salt Lake County,49,2024-09-09,33.86232815635007,1725840000000,"{""type"":""MultiPoint"",""coordinates"":[]}"
1014_0000000000000000001b,1921943668,164903351,41620,H1,035,01448031,482,A,49035,+40.6678828,-111.9242397,06,,G4020,Salt Lake,Salt Lake County,49,2024-09-10,33.1136401006374,1725926400000,"{""type"":""MultiPoint"",""coordinates"":[]}"
1015_0000000000000000001b,1921943668,164903351,41620,H1,035,01448031,482,A,49035,+40.6678828,-111.9242397,06,,G4020,Salt Lake,Salt Lake County,49,2024-09-11,28.8130020084404,1726012800000,"{""type"":""MultiPoint"",""coordinates"":[]}"
1016_0000000000000000001b,1921943668,164903351,41620,H1,035,01448031,482,A,49035,+40.6678828,-111.9242397,06,,G4020,Salt Lake,Salt Lake County,49,2024-09-12,36.7318807430921,1726099200000,"{""type"":""MultiPoint"",""coordinates"":[]}"
1017_0000000000000000001b,1921943668,164903351,41620,H1,035,01448031,482,A,49035,+40.6678828,-111.9242397,06,,G4020,Salt Lake,Salt Lake County,49,2024-09-13,39.267966589273186,1726185600000,"{""type"":""MultiPoint"",""coordinates"":[]}"
1018_0000000000000000001b,1921943668,164903351,41620,H1,035,01448031,482,A,49035,+40.6678828,-111.9242397,06,,G4020,Salt Lake,Salt Lake County,49,2024-09-14,35.33648096058811,1726272000000,"{""type"":""MultiPoint"",""coordinates"":[]}"
1019_0000000000000000001b,1921943668,164903351,41620,H1,035,01448031,482,A,49035,+40.6678828,-111.9242397,06,,G4020,Salt Lake,Salt Lake County,49,2024-09-15,27.709306732608084,1726358400000,"{""type"":""MultiPoint"",""coordinates"":[]}"
1020_0000000000000000001b,1921943668,164903351,41620,H1,035,01448031,482,A,49035,+40.6678828,-111.9242397,06,,G4020,Salt Lake,Salt Lake County,49,2024-09-16,28.37755207188794,1726444800000,"{""type"":""MultiPoint"",""coordinates"":[]}"
1021_0000000000000000001b,1921943668,164903351,41620,H1,035,01448031,482,A,49035,+40.6678828,-111.9242397,06,,G4020,Salt Lake,Salt Lake County,49,2024-09-17,44.080830488978066,1726531200000,"{""type"":""MultiPoint"",""coordinates"":[]}"
1022_0000000000000000001b,1921943668,164903351,41620,H1,035,01448031,482,A,49035,+40.6678828,-111.9242397,06,,G4020,Salt Lake,Salt Lake County,49,2024-09-18,52.1478897280575,1726617600000,"{""type"":""MultiPoint"",""coordinates"":[]}"
1023_0000000000000000001b,1921943668,164903351,41620,H1,035,01448031,482,A,49035,+40.6678828,-111.9242397,06,,G4020,Salt Lake,Salt Lake County,49,2024-09-19,52.92718545222541,1726704000000,"{""type"":""MultiPoint"",""coordinates"":[]}"
1024_0000000000000000001b,1921943668,164903351,41620,H1,035,01448031,482,A,49035,+40.6678828,-111.9242397,06,,G4020,Salt Lake,Salt Lake County,49,2024-09-20,51.12891586843077,1726790400000,"{""type"":""MultiPoint"",""coordinates"":[]}"
1025_0000000000000000001b,1921943668,164903351,41620,H1,035,01448031,482,A,49035,+40.6678828,-111.9242397,06,,G4020,Salt Lake,Salt Lake County,49,2024-09-21,46.67096469251579,1726876800000,"{""type"":""MultiPoint"",""coordinates"":[]}"
1026_0000000000000000001b,1921943668,164903351,41620,H1,035,01448031,482,A,49035,+40.6678828,-111.9242397,06,,G4020,Salt Lake,Salt Lake County,49,2024-09-22,50.89951250507438,1726963200000,"{""type"":""MultiPoint"",""coordinates"":[]}"
1027_0000000000000000001b,1921943668,164903351,41620,H1,035,01448031,482,A,49035,+40.6678828,-111.9242397,06,,G4020,Salt Lake,Salt Lake County,49,2024-09-23,48.654152815196866,1727049600000,"{""type"":""MultiPoint"",""coordinates"":[]}"
1028_0000000000000000001b,1921943668,164903351,41620,H1,035,01448031,482,A,49035,+40.6678828,-111.9242397,06,,G4020,Salt Lake,Salt Lake County,49,2024-09-24,41.89181943544142,1727136000000,"{""type"":""MultiPoint"",""coordinates"":[]}"
1029_0000000000000000001b,1921943668,164903351,41620,H1,035,01448031,482,A,49035,+40.6678828,-111.9242397,06,,G4020,Salt Lake,Salt Lake County,49,2024-09-25,38.587559622422475,1727222400000,"{""type"":""MultiPoint"",""coordinates"":[]}"
1030_0000000000000000001b,1921943668,164903351,41620,H1,035,01448031,482,A,49035,+40.6678828,-111.9242397,06,,G4020,Salt Lake,Salt Lake County,49,2024-09-26,24.366890618011197,1727308800000,"{""type"":""MultiPoint"",""coordinates"":[]}"
1031_0000000000000000001b,1921943668,164903351,41620,H1,035,01448031,482,A,49035,+40.6678828,-111.9242397,06,,G4020,Salt Lake,Salt Lake County,49,2024-09-27,30.915157576682585,1727395200000,"{""type"":""MultiPoint"",""coordinates"":[]}"
1032_0000000000000000001b,1921943668,164903351,41620,H1,035,01448031,482,A,49035,+40.6678828,-111.9242397,06,,G4020,Salt Lake,Salt Lake County,49,2024-09-28,30.361079218577583,1727481600000,"{""type"":""MultiPoint"",""coordinates"":[]}"
1033_0000000000000000001b,1921943668,164903351,41620,H1,035,01448031,482,A,49035,+40.6678828,-111.9242397,06,,G4020,Salt Lake,Salt Lake County,49,2024-09-29,22.898466661199794,1727568000000,"{""type"":""MultiPoint"",""coordinates"":[]}"
1034_0000000000000000001b,1921943668,164903351,41620,H1,035,01448031,482,A,49035,+40.6678828,-111.9242397,06,,G4020,Salt Lake,Salt Lake County,49,2024-09-30,25.62153722756821,1727654400000,"{""type"":""MultiPoint"",""coordinates"":[]}"
1035_0000000000000000001b,1921943668,164903351,41620,H1,035,01448031,482,A,49035,+40.6678828,-111.9242397,06,,G4020,Salt Lake,Salt Lake County,49,2024-10-01,30.5393547496999,1727740800000,"{""type"":""MultiPoint"",""coordinates"":[]}"
1036_0000000000000000001b,1921943668,164903351,41620,H1,035,01448031,482,A,49035,+40.6678828,-111.9242397,06,,G4020,Salt Lake,Salt Lake County,49,2024-10-02,32.70788513422955,1727827200000,"{""type"":""MultiPoint"",""coordinates"":[]}"
1037_0000000000000000001b,1921943668,164903351,41620,H1,035,01448031,482,A,49035,+40.6678828,-111.9242397,06,,G4020,Salt Lake,Salt Lake County,49,2024-10-03,30.467929310748353,1727913600000,"{""type"":""MultiPoint"",""coordinates"":[]}"
1038_0000000000000000001b,1921943668,164903351,41620,H1,035,01448031,482,A,49035,+40.6678828,-111.9242397,06,,G4020,Salt Lake,Salt Lake County,49,2024-10-04,31.288414755365306,1728000000000,"{""type"":""MultiPoint"",""coordinates"":[]}"
1039_0000000000000000001b,1921943668,164903351,41620,H1,035,01448031,482,A,49035,+40.6678828,-111.9242397,06,,G4020,Salt Lake,Salt Lake County,49,2024-10-05,26.726236600994433,1728086400000,"{""type"":""MultiPoint"",""coordinates"":[]}"
1040_0000000000000000001b,1921943668,164903351,41620,H1,035,01448031,482,A,49035,+40.6678828,-111.9242397,06,,G4020,Salt Lake,Salt Lake County,49,2024-10-06,37.42398815810325,1728172800000,"{""type"":""MultiPoint"",""coordinates"":[]}"
1041_0000000000000000001b,1921943668,164903351,41620,H1,035,01448031,482,A,49035,+40.6678828,-111.9242397,06,,G4020,Salt Lake,Salt Lake County,49,2024-10-07,37.47650041652557,1728259200000,"{""type"":""MultiPoint"",""coordinates"":[]}"
1042_0000000000000000001b,1921943668,164903351,41620,H1,035,01448031,482,A,49035,+40.6678828,-111.9242397,06,,G4020,Salt Lake,Salt Lake County,49,2024-10-08,38.53253348108062,1728345600000,"{""type"":""MultiPoint"",""coordinates"":[]}"
1043_0000000000000000001b,1921943668,164903351,41620,H1,035,01448031,482,A,49035,+40.6678828,-111.9242397,06,,G4020,Salt Lake,Salt Lake County,49,2024-10-09,37.4125230251393,1728432000000,"{""type"":""MultiPoint"",""coordinates"":[]}"
1044_0000000000000000001b,1921943668,164903351,41620,H1,035,01448031,482,A,49035,+40.6678828,-111.9242397,06,,G4020,Salt Lake,Salt Lake County,49,2024-10-10,26.319673021636813,1728518400000,"{""type"":""MultiPoint"",""coordinates"":[]}"
1045_0000000000000000001b,1921943668,164903351,41620,H1,035,01448031,482,A,49035,+40.6678828,-111.9242397,06,,G4020,Salt Lake,Salt Lake County,49,2024-10-11,19.298581163508835,1728604800000,"{""type"":""MultiPoint"",""coordinates"":[]}"
1046_0000000000000000001b,1921943668,164903351,41620,H1,035,01448031,482,A,49035,+40.6678828,-111.9242397,06,,G4020,Salt Lake,Salt Lake County,49,2024-10-12,24.754020890633868,1728691200000,"{""type"":""MultiPoint"",""coordinates"":[]}"
1047_0000000000000000001b,1921943668,164903351,41620,H1,035,01448031,482,A,49035,+40.6678828,-111.9242397,06,,G4020,Salt Lake,Salt Lake County,49,2024-10-13,29.437374990551778,1728777600000,"{""type"":""MultiPoint"",""coordinates"":[]}"
1048_0000000000000000001b,1921943668,164903351,41620,H1,035,01448031,482,A,49035,+40.6678828,-111.9242397,06,,G4020,Salt Lake,Salt Lake County,49,2024-10-14,39.95107379435616,1728864000000,"{""type"":""MultiPoint"",""coordinates"":[]}"
1049_0000000000000000001b,1921943668,164903351,41620,H1,035,01448031,482,A,49035,+40.6678828,-111.9242397,06,,G4020,Salt Lake,Salt Lake County,49,2024-10-15,44.63988698685655,1728950400000,"{""type"":""MultiPoint"",""coordinates"":[]}"
1050_0000000000000000001b,1921943668,164903351,41620,H1,035,01448031,482,A,49035,+40.6678828,-111.9242397,06,,G4020,Salt Lake,Salt Lake County,49,2024-10-16,40.97742776635371,1729036800000,"{""type"":""MultiPoint"",""coordinates"":[]}"
1051_0000000000000000001b,1921943668,164903351,41620,H1,035,01448031,482,A,49035,+40.6678828,-111.9242397,06,,G4020,Salt Lake,Salt Lake County,49,2024-10-17,61.381560903627815,1729123200000,"{""type"":""MultiPoint"",""coordinates"":[]}"
1052_0000000000000000001b,1921943668,164903351,41620,H1,035,01448031,482,A,49035,+40.6678828,-111.9242397,06,,G4020,Salt Lake,Salt Lake County,49,2024-10-18,83.54073786684266,1729209600000,"{""type"":""MultiPoint"",""coordinates"":[]}"
1053_0000000000000000001b,1921943668,164903351,41620,H1,035,01448031,482,A,49035,+40.6678828,-111.9242397,06,,G4020,Salt Lake,Salt Lake County,49,2024-10-19,69.63134229751034,1729296000000,"{""type"":""MultiPoint"",""coordinates"":[]}"
1054_0000000000000000001b,1921943668,164903351,41620,H1,035,01448031,482,A,49035,+40.6678828,-111.9242397,06,,G4020,Salt Lake,Salt Lake County,49,2024-10-20,70.11607515556491,1729382400000,"{""type"":""MultiPoint"",""coordinates"":[]}"
1055_0000000000000000001b,1921943668,164903351,41620,H1,035,01448031,482,A,49035,+40.6678828,-111.9242397,06,,G4020,Salt Lake,Salt Lake County,49,2024-10-21,65.14349733188759,1729468800000,"{""type"":""MultiPoint"",""coordinates"":[]}"
1056_0000000000000000001b,1921943668,164903351,41620,H1,035,01448031,482,A,49035,+40.6678828,-111.9242397,06,,G4020,Salt Lake,Salt Lake County,49,2024-10-22,51.080419830849586,1729555200000,"{""type"":""MultiPoint"",""coordinates"":[]}"
1057_0000000000000000001b,1921943668,164903351,41620,H1,035,01448031,482,A,49035,+40.6678828,-111.9242397,06,,G4020,Salt Lake,Salt Lake County,49,2024-10-23,49.61896394675555,1729641600000,"{""type"":""MultiPoint"",""coordinates"":[]}"
1058_0000000000000000001b,1921943668,164903351,41620,H1,035,01448031,482,A,49035,+40.6678828,-111.9242397,06,,G4020,Salt Lake,Salt Lake County,49,2024-10-24,54.35072667433922,1729728000000,"{""type"":""MultiPoint"",""coordinates"":[]}"
1059_0000000000000000001b,1921943668,164903351,41620,H1,035,01448031,482,A,49035,+40.6678828,-111.9242397,06,,G4020,Salt Lake,Salt Lake County,49,2024-10-25,59.08260046205825,1729814400000,"{""type"":""MultiPoint"",""coordinates"":[]}"
1060_0000000000000000001b,1921943668,164903351,41620,H1,035,01448031,482,A,49035,+40.6678828,-111.9242397,06,,G4020,Salt Lake,Salt Lake County,49,2024-10-26,52.15294708132251,1729900800000,"{""type"":""MultiPoint"",""coordinates"":[]}"
1061_0000000000000000001b,1921943668,164903351,41620,H1,035,01448031,482,A,49035,+40.6678828,-111.9242397,06,,G4020,Salt Lake,Salt Lake County,49,2024-10-27,48.62023232255338,1729987200000,"{""type"":""MultiPoint"",""coordinates"":[]}"
1062_0000000000000000001b,1921943668,164903351,41620,H1,035,01448031,482,A,49035,+40.6678828,-111.9242397,06,,G4020,Salt Lake,Salt Lake County,49,2024-10-28,40.32126647102553,1730073600000,"{""type"":""MultiPoint"",""coordinates"":[]}"
1063_0000000000000000001b,1921943668,164903351,41620,H1,035,01448031,482,A,49035,+40.6678828,-111.9242397,06,,G4020,Salt Lake,Salt Lake County,49,2024-10-29,86.12511926715926,1730160000000,"{""type"":""MultiPoint"",""coordinates"":[]}"
1064_0000000000000000001b,1921943668,164903351,41620,H1,035,01448031,482,A,49035,+40.6678828,-111.9242397,06,,G4020,Salt Lake,Salt Lake County,49,2024-10-30,66.94805631295259,1730246400000,"{""type"":""MultiPoint"",""coordinates"":[]}"
1065_0000000000000000001b,1921943668,164903351,41620,H1,035,01448031,482,A,49035,+40.6678828,-111.9242397,06,,G4020,Salt Lake,Salt Lake County,49,2024-10-31,50.1912395796978,1730332800000,"{""type"":""MultiPoint"",""coordinates"":[]}"
1066_0000000000000000001b,1921943668,164903351,41620,H1,035,01448031,482,A,49035,+40.6678828,-111.9242397,06,,G4020,Salt Lake,Salt Lake County,49,2024-11-01,59.25066605037516,1730419200000,"{""type"":""MultiPoint"",""coordinates"":[]}"
1067_0000000000000000001b,1921943668,164903351,41620,H1,035,01448031,482,A,49035,+40.6678828,-111.9242397,06,,G4020,Salt Lake,Salt Lake County,49,2024-11-02,56.31369359140394,1730505600000,"{""type"":""MultiPoint"",""coordinates"":[]}"
1068_0000000000000000001b,1921943668,164903351,41620,H1,035,01448031,482,A,49035,+40.6678828,-111.9242397,06,,G4020,Salt Lake,Salt Lake County,49,2024-11-03,78.96822353768972,1730592000000,"{""type"":""MultiPoint"",""coordinates"":[]}"
1069_0000000000000000001b,1921943668,164903351,41620,H1,035,01448031,482,A,49035,+40.6678828,-111.9242397,06,,G4020,Salt Lake,Salt Lake County,49,2024-11-04,67.95619265242011,1730678400000,"{""type"":""MultiPoint"",""coordinates"":[]}"
1070_0000000000000000001b,1921943668,164903351,41620,H1,035,01448031,482,A,49035,+40.6678828,-111.9242397,06,,G4020,Salt Lake,Salt Lake County,49,2024-11-05,68.22179395916906,1730764800000,"{""type"":""MultiPoint"",""coordinates"":[]}"
1071_0000000000000000001b,1921943668,164903351,41620,H1,035,01448031,482,A,49035,+40.6678828,-111.9242397,06,,G4020,Salt Lake,Salt Lake County,49,2024-11-06,69.1924864935387,1730851200000,"{""type"":""MultiPoint"",""coordinates"":[]}"
1072_0000000000000000001b,1921943668,164903351,41620,H1,035,01448031,482,A,49035,+40.6678828,-111.9242397,06,,G4020,Salt Lake,Salt Lake County,49,2024-11-07,63.86103620601988,1730937600000,"{""type"":""MultiPoint"",""coordinates"":[]}"
1073_0000000000000000001b,1921943668,164903351,41620,H1,035,01448031,482,A,49035,+40.6678828,-111.9242397,06,,G4020,Salt Lake,Salt Lake County,49,2024-11-08,67.99483572825106,1731024000000,"{""type"":""MultiPoint"",""coordinates"":[]}"
1074_0000000000000000001b,1921943668,164903351,41620,H1,035,01448031,482,A,49035,+40.6678828,-111.9242397,06,,G4020,Salt Lake,Salt Lake County,49,2024-11-09,67.99594500293205,1731110400000,"{""type"":""MultiPoint"",""coordinates"":[]}"
1075_0000000000000000001b,1921943668,164903351,41620,H1,035,01448031,482,A,49035,+40.6678828,-111.9242397,06,,G4020,Salt Lake,Salt Lake County,49,2024-11-10,60.05692478678606,1731196800000,"{""type"":""MultiPoint"",""coordinates"":[]}"
1076_0000000000000000001b,1921943668,164903351,41620,H1,035,01448031,482,A,49035,+40.6678828,-111.9242397,06,,G4020,Salt Lake,Salt Lake County,49,2024-11-11,50.71749938609924,1731283200000,"{""type"":""MultiPoint"",""coordinates"":[]}"
1077_0000000000000000001b,1921943668,164903351,41620,H1,035,01448031,482,A,49035,+40.6678828,-111.9242397,06,,G4020,Salt Lake,Salt Lake County,49,2024-11-12,68.99908703114474,1731369600000,"{""type"":""MultiPoint"",""coordinates"":[]}"
1078_0000000000000000001b,1921943668,164903351,41620,H1,035,01448031,482,A,49035,+40.6678828,-111.9242397,06,,G4020,Salt Lake,Salt Lake County,49,2024-11-13,67.85592331334963,1731456000000,"{""type"":""MultiPoint"",""coordinates"":[]}"
1079_0000000000000000001b,1921943668,164903351,41620,H1,035,01448031,482,A,49035,+40.6678828,-111.9242397,06,,G4020,Salt Lake,Salt Lake County,49,2024-11-14,51.80774622354539,1731542400000,"{""type"":""MultiPoint"",""coordinates"":[]}"
1080_0000000000000000001b,1921943668,164903351,41620,H1,035,01448031,482,A,49035,+40.6678828,-111.9242397,06,,G4020,Salt Lake,Salt Lake County,49,2024-11-15,60.814425166601616,1731628800000,"{""type"":""MultiPoint"",""coordinates"":[]}"
1081_0000000000000000001b,1921943668,164903351,41620,H1,035,01448031,482,A,49035,+40.6678828,-111.9242397,06,,G4020,Salt Lake,Salt Lake County,49,2024-11-16,84.14641181598718,1731715200000,"{""type"":""MultiPoint"",""coordinates"":[]}"
1082_0000000000000000001b,1921943668,164903351,41620,H1,035,01448031,482,A,49035,+40.6678828,-111.9242397,06,,G4020,Salt Lake,Salt Lake County,49,2024-11-17,81.22414134777989,1731801600000,"{""type"":""MultiPoint"",""coordinates"":[]}"
1083_0000000000000000001b,1921943668,164903351,41620,H1,035,01448031,482,A,49035,+40.6678828,-111.9242397,06,,G4020,Salt Lake,Salt Lake County,49,2024-11-18,72.64507667049584,1731888000000,"{""type"":""MultiPoint"",""coordinates"":[]}"
1084_0000000000000000001b,1921943668,164903351,41620,H1,035,01448031,482,A,49035,+40.6678828,-111.9242397,06,,G4020,Salt Lake,Salt Lake County,49,2024-11-19,66.7748929465373,1731974400000,"{""type"":""MultiPoint"",""coordinates"":[]}"
1085_0000000000000000001b,1921943668,164903351,41620,H1,035,01448031,482,A,49035,+40.6678828,-111.9242397,06,,G4020,Salt Lake,Salt Lake County,49,2024-11-20,60.63909117450902,1732060800000,"{""type"":""MultiPoint"",""coordinates"":[]}"
1086_0000000000000000001b,1921943668,164903351,41620,H1,035,01448031,482,A,49035,+40.6678828,-111.9242397,06,,G4020,Salt Lake,Salt Lake County,49,2024-11-21,53.98789062250419,1732147200000,"{""type"":""MultiPoint"",""coordinates"":[]}"
1087_0000000000000000001b,1921943668,164903351,41620,H1,035,01448031,482,A,49035,+40.6678828,-111.9242397,06,,G4020,Salt Lake,Salt Lake County,49,2024-11-22,50.12748869912866,1732233600000,"{""type"":""MultiPoint"",""coordinates"":[]}"
1088_0000000000000000001b,1921943668,164903351,41620,H1,035,01448031,482,A,49035,+40.6678828,-111.9242397,06,,G4020,Salt Lake,Salt Lake County,49,2024-11-23,44.94338774605725,1732320000000,"{""type"":""MultiPoint"",""coordinates"":[]}"
1089_0000000000000000001b,1921943668,164903351,41620,H1,035,01448031,482,A,49035,+40.6678828,-111.9242397,06,,G4020,Salt Lake,Salt Lake County,49,2024-11-24,70.14899804628578,1732406400000,"{""type"":""MultiPoint"",""coordinates"":[]}"
1090_0000000000000000001b,1921943668,164903351,41620,H1,035,01448031,482,A,49035,+40.6678828,-111.9242397,06,,G4020,Salt Lake,Salt Lake County,49,2024-11-25,64.03127904174936,1732492800000,"{""type"":""MultiPoint"",""coordinates"":[]}"
1091_0000000000000000001b,1921943668,164903351,41620,H1,035,01448031,482,A,49035,+40.6678828,-111.9242397,06,,G4020,Salt Lake,Salt Lake County,49,2024-11-26,75.70196492543275,1732579200000,"{""type"":""MultiPoint"",""coordinates"":[]}"
1092_0000000000000000001b,1921943668,164903351,41620,H1,035,01448031,482,A,49035,+40.6678828,-111.9242397,06,,G4020,Salt Lake,Salt Lake County,49,2024-11-27,86.48975210944427,1732665600000,"{""type"":""MultiPoint"",""coordinates"":[]}"
1093_0000000000000000001b,1921943668,164903351,41620,H1,035,01448031,482,A,49035,+40.6678828,-111.9242397,06,,G4020,Salt Lake,Salt Lake County,49,2024-11-28,80.20244472808075,1732752000000,"{""type"":""MultiPoint"",""coordinates"":[]}"
1094_0000000000000000001b,1921943668,164903351,41620,H1,035,01448031,482,A,49035,+40.6678828,-111.9242397,06,,G4020,Salt Lake,Salt Lake County,49,2024-11-29,65.36079495516071,1732838400000,"{""type"":""MultiPoint"",""coordinates"":[]}"
1095_0000000000000000001b,1921943668,164903351,41620,H1,035,01448031,482,A,49035,+40.6678828,-111.9242397,06,,G4020,Salt Lake,Salt Lake County,49,2024-11-30,56.508649808535246,1732924800000,"{""type"":""MultiPoint"",""coordinates"":[]}"
1096_0000000000000000001b,1921943668,164903351,41620,H1,035,01448031,482,A,49035,+40.6678828,-111.9242397,06,,G4020,Salt Lake,Salt Lake County,49,2024-12-01,55.56551488958524,1733011200000,"{""type"":""MultiPoint"",""coordinates"":[]}"
1097_0000000000000000001b,1921943668,164903351,41620,H1,035,01448031,482,A,49035,+40.6678828,-111.9242397,06,,G4020,Salt Lake,Salt Lake County,49,2024-12-02,63.61740812462409,1733097600000,"{""type"":""MultiPoint"",""coordinates"":[]}"
1098_0000000000000000001b,1921943668,164903351,41620,H1,035,01448031,482,A,49035,+40.6678828,-111.9242397,06,,G4020,Salt Lake,Salt Lake County,49,2024-12-03,67.93713760049378,1733184000000,"{""type"":""MultiPoint"",""coordinates"":[]}"
1099_0000000000000000001b,1921943668,164903351,41620,H1,035,01448031,482,A,49035,+40.6678828,-111.9242397,06,,G4020,Salt Lake,Salt Lake County,49,2024-12-04,69.28803839520893,1733270400000,"{""type"":""MultiPoint"",""coordinates"":[]}"
1100_0000000000000000001b,1921943668,164903351,41620,H1,035,01448031,482,A,49035,+40.6678828,-111.9242397,06,,G4020,Salt Lake,Salt Lake County,49,2024-12-05,71.26239547427056,1733356800000,"{""type"":""MultiPoint"",""coordinates"":[]}"
1101_0000000000000000001b,1921943668,164903351,41620,H1,035,01448031,482,A,49035,+40.6678828,-111.9242397,06,,G4020,Salt Lake,Salt Lake County,49,2024-12-06,72.36193177258023,1733443200000,"{""type"":""MultiPoint"",""coordinates"":[]}"
1102_0000000000000000001b,1921943668,164903351,41620,H1,035,01448031,482,A,49035,+40.6678828,-111.9242397,06,,G4020,Salt Lake,Salt Lake County,49,2024-12-07,66.2438579153767,1733529600000,"{""type"":""MultiPoint"",""coordinates"":[]}"
1103_0000000000000000001b,1921943668,164903351,41620,H1,035,01448031,482,A,49035,+40.6678828,-111.9242397,06,,G4020,Salt Lake,Salt Lake County,49,2024-12-08,60.66107456950835,1733616000000,"{""type"":""MultiPoint"",""coordinates"":[]}"
1104_0000000000000000001b,1921943668,164903351,41620,H1,035,01448031,482,A,49035,+40.6678828,-111.9242397,06,,G4020,Salt Lake,Salt Lake County,49,2024-12-09,74.01669530374825,1733702400000,"{""type"":""MultiPoint"",""coordinates"":[]}"
1105_0000000000000000001b,1921943668,164903351,41620,H1,035,01448031,482,A,49035,+40.6678828,-111.9242397,06,,G4020,Salt Lake,Salt Lake County,49,2024-12-10,74.46273348240716,1733788800000,"{""type"":""MultiPoint"",""coordinates"":[]}"
1106_0000000000000000001b,1921943668,164903351,41620,H1,035,01448031,482,A,49035,+40.6678828,-111.9242397,06,,G4020,Salt Lake,Salt Lake County,49,2024-12-11,60.54800118774239,1733875200000,"{""type"":""MultiPoint"",""coordinates"":[]}"
1107_0000000000000000001b,1921943668,164903351,41620,H1,035,01448031,482,A,49035,+40.6678828,-111.9242397,06,,G4020,Salt Lake,Salt Lake County,49,2024-12-12,51.62156379351479,1733961600000,"{""type"":""MultiPoint"",""coordinates"":[]}"
1108_0000000000000000001b,1921943668,164903351,41620,H1,035,01448031,482,A,49035,+40.6678828,-111.9242397,06,,G4020,Salt Lake,Salt Lake County,49,2024-12-13,65.86372166601629,1734048000000,"{""type"":""MultiPoint"",""coordinates"":[]}"
1109_0000000000000000001b,1921943668,164903351,41620,H1,035,01448031,482,A,49035,+40.6678828,-111.9242397,06,,G4020,Salt Lake,Salt Lake County,49,2024-12-14,66.40368582645556,1734134400000,"{""type"":""MultiPoint"",""coordinates"":[]}"
1110_0000000000000000001b,1921943668,164903351,41620,H1,035,01448031,482,A,49035,+40.6678828,-111.9242397,06,,G4020,Salt Lake,Salt Lake County,49,2024-12-15,68.87558598915734,1734220800000,"{""type"":""MultiPoint"",""coordinates"":[]}"
1111_0000000000000000001b,1921943668,164903351,41620,H1,035,01448031,482,A,49035,+40.6678828,-111.9242397,06,,G4020,Salt Lake,Salt Lake County,49,2024-12-16,62.141014237965635,1734307200000,"{""type"":""MultiPoint"",""coordinates"":[]}"
1112_0000000000000000001b,1921943668,164903351,41620,H1,035,01448031,482,A,49035,+40.6678828,-111.9242397,06,,G4020,Salt Lake,Salt Lake County,49,2024-12-17,63.70985925822763,1734393600000,"{""type"":""MultiPoint"",""coordinates"":[]}"
1113_0000000000000000001b,1921943668,164903351,41620,H1,035,01448031,482,A,49035,+40.6678828,-111.9242397,06,,G4020,Salt Lake,Salt Lake County,49,2024-12-18,68.13799142313086,1734480000000,"{""type"":""MultiPoint"",""coordinates"":[]}"
1114_0000000000000000001b,1921943668,164903351,41620,H1,035,01448031,482,A,49035,+40.6678828,-111.9242397,06,,G4020,Salt Lake,Salt Lake County,49,2024-12-19,61.50948694498966,1734566400000,"{""type"":""MultiPoint"",""coordinates"":[]}"
1115_0000000000000000001b,1921943668,164903351,41620,H1,035,01448031,482,A,49035,+40.6678828,-111.9242397,06,,G4020,Salt Lake,Salt Lake County,49,2024-12-20,61.7703116886338,1734652800000,"{""type"":""MultiPoint"",""coordinates"":[]}"
1116_0000000000000000001b,1921943668,164903351,41620,H1,035,01448031,482,A,49035,+40.6678828,-111.9242397,06,,G4020,Salt Lake,Salt Lake County,49,2024-12-21,61.406589269954004,1734739200000,"{""type"":""MultiPoint"",""coordinates"":[]}"
1117_0000000000000000001b,1921943668,164903351,41620,H1,035,01448031,482,A,49035,+40.6678828,-111.9242397,06,,G4020,Salt Lake,Salt Lake County,49,2024-12-22,58.48859116229018,1734825600000,"{""type"":""MultiPoint"",""coordinates"":[]}"
1118_0000000000000000001b,1921943668,164903351,41620,H1,035,01448031,482,A,49035,+40.6678828,-111.9242397,06,,G4020,Salt Lake,Salt Lake County,49,2024-12-23,73.48548711177374,1734912000000,"{""type"":""MultiPoint"",""coordinates"":[]}"
1119_0000000000000000001b,1921943668,164903351,41620,H1,035,01448031,482,A,49035,+40.6678828,-111.9242397,06,,G4020,Salt Lake,Salt Lake County,49,2024-12-24,76.38240996086998,1734998400000,"{""type"":""MultiPoint"",""coordinates"":[]}"
1120_0000000000000000001b,1921943668,164903351,41620,H1,035,01448031,482,A,49035,+40.6678828,-111.9242397,06,,G4020,Salt Lake,Salt Lake County,49,2024-12-25,80.90865446510672,1735084800000,"{""type"":""MultiPoint"",""coordinates"":[]}"
1121_0000000000000000001b,1921943668,164903351,41620,H1,035,01448031,482,A,49035,+40.6678828,-111.9242397,06,,G4020,Salt Lake,Salt Lake County,49,2024-12-26,82.75911172263449,1735171200000,"{""type"":""MultiPoint"",""coordinates"":[]}"
1122_0000000000000000001b,1921943668,164903351,41620,H1,035,01448031,482,A,49035,+40.6678828,-111.9242397,06,,G4020,Salt Lake,Salt Lake County,49,2024-12-27,87.1796520096296,1735257600000,"{""type"":""MultiPoint"",""coordinates"":[]}"
1123_0000000000000000001b,1921943668,164903351,41620,H1,035,01448031,482,A,49035,+40.6678828,-111.9242397,06,,G4020,Salt Lake,Salt Lake County,49,2024-12-28,89.1516840285998,1735344000000,"{""type"":""MultiPoint"",""coordinates"":[]}"
1124_0000000000000000001b,1921943668,164903351,41620,H1,035,01448031,482,A,49035,+40.6678828,-111.9242397,06,,G4020,Salt Lake,Salt Lake County,49,2024-12-29,79.43788797491351,1735430400000,"{""type"":""MultiPoint"",""coordinates"":[]}"
1125_0000000000000000001b,1921943668,164903351,41620,H1,035,01448031,482,A,49035,+40.6678828,-111.9242397,06,,G4020,Salt Lake,Salt Lake County,49,2024-12-30,83.08393106093064,1735516800000,"{""type"":""MultiPoint"",""coordinates"":[]}"
1126_0000000000000000001b,1921943668,164903351,41620,H1,035,01448031,482,A,49035,+40.6678828,-111.9242397,06,,G4020,Salt Lake,Salt Lake County,49,2024-12-31,76.39670185828419,1735603200000,"{""type"":""MultiPoint"",""coordinates"":[]}"
1127_0000000000000000001b,1921943668,164903351,41620,H1,035,01448031,482,A,49035,+40.6678828,-111.9242397,06,,G4020,Salt Lake,Salt Lake County,49,2025-01-01,68.03606631149177,1735689600000,"{""type"":""MultiPoint"",""coordinates"":[]}"
1128_0000000000000000001b,1921943668,164903351,41620,H1,035,01448031,482,A,49035,+40.6678828,-111.9242397,06,,G4020,Salt Lake,Salt Lake County,49,2025-01-02,78.53162154218434,1735776000000,"{""type"":""MultiPoint"",""coordinates"":[]}"
1129_0000000000000000001b,1921943668,164903351,41620,H1,035,01448031,482,A,49035,+40.6678828,-111.9242397,06,,G4020,Salt Lake,Salt Lake County,49,2025-01-03,72.40814783268021,1735862400000,"{""type"":""MultiPoint"",""coordinates"":[]}"
1130_0000000000000000001b,1921943668,164903351,41620,H1,035,01448031,482,A,49035,+40.6678828,-111.9242397,06,,G4020,Salt Lake,Salt Lake County,49,2025-01-04,75.17487547345995,1735948800000,"{""type"":""MultiPoint"",""coordinates"":[]}"
1131_0000000000000000001b,1921943668,164903351,41620,H1,035,01448031,482,A,49035,+40.6678828,-111.9242397,06,,G4020,Salt Lake,Salt Lake County,49,2025-01-05,77.84217616308305,1736035200000,"{""type"":""MultiPoint"",""coordinates"":[]}"
1132_0000000000000000001b,1921943668,164903351,41620,H1,035,01448031,482,A,49035,+40.6678828,-111.9242397,06,,G4020,Salt Lake,Salt Lake County,49,2025-01-06,80.86632553336099,1736121600000,"{""type"":""MultiPoint"",""coordinates"":[]}"
1133_0000000000000000001b,1921943668,164903351,41620,H1,035,01448031,482,A,49035,+40.6678828,-111.9242397,06,,G4020,Salt Lake,Salt Lake County,49,2025-01-07,85.13601048596527,1736208000000,"{""type"":""MultiPoint"",""coordinates"":[]}"
1134_0000000000000000001b,1921943668,164903351,41620,H1,035,01448031,482,A,49035,+40.6678828,-111.9242397,06,,G4020,Salt Lake,Salt Lake County,49,2025-01-08,67.86635429659104,1736294400000,"{""type"":""MultiPoint"",""coordinates"":[]}"
1135_0000000000000000001b,1921943668,164903351,41620,H1,035,01448031,482,A,49035,+40.6678828,-111.9242397,06,,G4020,Salt Lake,Salt Lake County,49,2025-01-09,65.6361519954468,1736380800000,"{""type"":""MultiPoint"",""coordinates"":[]}"
1136_0000000000000000001b,1921943668,164903351,41620,H1,035,01448031,482,A,49035,+40.6678828,-111.9242397,06,,G4020,Salt Lake,Salt Lake County,49,2025-01-10,70.62856422619059,1736467200000,"{""type"":""MultiPoint"",""coordinates"":[]}"
1137_0000000000000000001b,1921943668,164903351,41620,H1,035,01448031,482,A,49035,+40.6678828,-111.9242397,06,,G4020,Salt Lake,Salt Lake County,49,2025-01-11,76.52498622469268,1736553600000,"{""type"":""MultiPoint"",""coordinates"":[]}"
1138_0000000000000000001b,1921943668,164903351,41620,H1,035,01448031,482,A,49035,+40.6678828,-111.9242397,06,,G4020,Salt Lake,Salt Lake County,49,2025-01-12,85.7219517423474,1736640000000,"{""type"":""MultiPoint"",""coordinates"":[]}"
1139_0000000000000000001b,1921943668,164903351,41620,H1,035,01448031,482,A,49035,+40.6678828,-111.9242397,06,,G4020,Salt Lake,Salt Lake County,49,2025-01-13,81.15246194142796,1736726400000,"{""type"":""MultiPoint"",""coordinates"":[]}"
1140_0000000000000000001b,1921943668,164903351,41620,H1,035,01448031,482,A,49035,+40.6678828,-111.9242397,06,,G4020,Salt Lake,Salt Lake County,49,2025-01-14,76.82704695348251,1736812800000,"{""type"":""MultiPoint"",""coordinates"":[]}"
1141_0000000000000000001b,1921943668,164903351,41620,H1,035,01448031,482,A,49035,+40.6678828,-111.9242397,06,,G4020,Salt Lake,Salt Lake County,49,2025-01-15,70.67055880368763,1736899200000,"{""type"":""MultiPoint"",""coordinates"":[]}"
1142_0000000000000000001b,1921943668,164903351,41620,H1,035,01448031,482,A,49035,+40.6678828,-111.9242397,06,,G4020,Salt Lake,Salt Lake County,49,2025-01-16,66.09724561701904,1736985600000,"{""type"":""MultiPoint"",""coordinates"":[]}"
1143_0000000000000000001b,1921943668,164903351,41620,H1,035,01448031,482,A,49035,+40.6678828,-111.9242397,06,,G4020,Salt Lake,Salt Lake County,49,2025-01-17,58.17913108293695,1737072000000,"{""type"":""MultiPoint"",""coordinates"":[]}"
1144_0000000000000000001b,1921943668,164903351,41620,H1,035,01448031,482,A,49035,+40.6678828,-111.9242397,06,,G4020,Salt Lake,Salt Lake County,49,2025-01-18,76.31041809446532,1737158400000,"{""type"":""MultiPoint"",""coordinates"":[]}"
1145_0000000000000000001b,1921943668,164903351,41620,H1,035,01448031,482,A,49035,+40.6678828,-111.9242397,06,,G4020,Salt Lake,Salt Lake County,49,2025-01-19,67.07594032557454,1737244800000,"{""type"":""MultiPoint"",""coordinates"":[]}"
1146_0000000000000000001b,1921943668,164903351,41620,H1,035,01448031,482,A,49035,+40.6678828,-111.9242397,06,,G4020,Salt Lake,Salt Lake County,49,2025-01-20,70.66905692441742,1737331200000,"{""type"":""MultiPoint"",""coordinates"":[]}"
1147_0000000000000000001b,1921943668,164903351,41620,H1,035,01448031,482,A,49035,+40.6678828,-111.9242397,06,,G4020,Salt Lake,Salt Lake County,49,2025-01-21,47.88832884782596,1737417600000,"{""type"":""MultiPoint"",""coordinates"":[]}"
1148_0000000000000000001b,1921943668,164903351,41620,H1,035,01448031,482,A,49035,+40.6678828,-111.9242397,06,,G4020,Salt Lake,Salt Lake County,49,2025-01-22,42.19710014234838,1737504000000,"{""type"":""MultiPoint"",""coordinates"":[]}"
1149_0000000000000000001b,1921943668,164903351,41620,H1,035,01448031,482,A,49035,+40.6678828,-111.9242397,06,,G4020,Salt Lake,Salt Lake County,49,2025-01-23,65.28509682793987,1737590400000,"{""type"":""MultiPoint"",""coordinates"":[]}"
1150_0000000000000000001b,1921943668,164903351,41620,H1,035,01448031,482,A,49035,+40.6678828,-111.9242397,06,,G4020,Salt Lake,Salt Lake County,49,2025-01-24,55.2399501450205,1737676800000,"{""type"":""MultiPoint"",""coordinates"":[]}"
1151_0000000000000000001b,1921943668,164903351,41620,H1,035,01448031,482,A,49035,+40.6678828,-111.9242397,06,,G4020,Salt Lake,Salt Lake County,49,2025-01-25,69.55163976470318,1737763200000,"{""type"":""MultiPoint"",""coordinates"":[]}"
1152_0000000000000000001b,1921943668,164903351,41620,H1,035,01448031,482,A,49035,+40.6678828,-111.9242397,06,,G4020,Salt Lake,Salt Lake County,49,2025-01-26,74.4710325424558,1737849600000,"{""type"":""MultiPoint"",""coordinates"":[]}"
1153_0000000000000000001b,1921943668,164903351,41620,H1,035,01448031,482,A,49035,+40.6678828,-111.9242397,06,,G4020,Salt Lake,Salt Lake County,49,2025-01-27,66.42304850592146,1737936000000,"{""type"":""MultiPoint"",""coordinates"":[]}"
1154_0000000000000000001b,1921943668,164903351,41620,H1,035,01448031,482,A,49035,+40.6678828,-111.9242397,06,,G4020,Salt Lake,Salt Lake County,49,2025-01-28,60.525617180110906,1738022400000,"{""type"":""MultiPoint"",""coordinates"":[]}"
1155_0000000000000000001b,1921943668,164903351,41620,H1,035,01448031,482,A,49035,+40.6678828,-111.9242397,06,,G4020,Salt Lake,Salt Lake County,49,2025-01-29,59.567058758507436,1738108800000,"{""type"":""MultiPoint"",""coordinates"":[]}"
1156_0000000000000000001b,1921943668,164903351,41620,H1,035,01448031,482,A,49035,+40.6678828,-111.9242397,06,,G4020,Salt Lake,Salt Lake County,49,2025-01-30,58.18341231781012,1738195200000,"{""type"":""MultiPoint"",""coordinates"":[]}"
1157_0000000000000000001b,1921943668,164903351,41620,H1,035,01448031,482,A,49035,+40.6678828,-111.9242397,06,,G4020,Salt Lake,Salt Lake County,49,2025-01-31,57.13666363328319,1738281600000,"{""type"":""MultiPoint"",""coordinates"":[]}"
1158_0000000000000000001b,1921943668,164903351,41620,H1,035,01448031,482,A,49035,+40.6678828,-111.9242397,06,,G4020,Salt Lake,Salt Lake County,49,2025-02-01,68.58267817602487,1738368000000,"{""type"":""MultiPoint"",""coordinates"":[]}"
1159_0000000000000000001b,1921943668,164903351,41620,H1,035,01448031,482,A,49035,+40.6678828,-111.9242397,06,,G4020,Salt Lake,Salt Lake County,49,2025-02-02,71.26787720418594,1738454400000,"{""type"":""MultiPoint"",""coordinates"":[]}"
1160_0000000000000000001b,1921943668,164903351,41620,H1,035,01448031,482,A,49035,+40.6678828,-111.9242397,06,,G4020,Salt Lake,Salt Lake County,49,2025-02-03,57.790224405926224,1738540800000,"{""type"":""MultiPoint"",""coordinates"":[]}"
1161_0000000000000000001b,1921943668,164903351,41620,H1,035,01448031,482,A,49035,+40.6678828,-111.9242397,06,,G4020,Salt Lake,Salt Lake County,49,2025-02-04,48.38795010063997,1738627200000,"{""type"":""MultiPoint"",""coordinates"":[]}"
1162_0000000000000000001b,1921943668,164903351,41620,H1,035,01448031,482,A,49035,+40.6678828,-111.9242397,06,,G4020,Salt Lake,Salt Lake County,49,2025-02-05,58.01911464276635,1738713600000,"{""type"":""MultiPoint"",""coordinates"":[]}"
1163_0000000000000000001b,1921943668,164903351,41620,H1,035,01448031,482,A,49035,+40.6678828,-111.9242397,06,,G4020,Salt Lake,Salt Lake County,49,2025-02-06,69.88302980286177,1738800000000,"{""type"":""MultiPoint"",""coordinates"":[]}"
1164_0000000000000000001b,1921943668,164903351,41620,H1,035,01448031,482,A,49035,+40.6678828,-111.9242397,06,,G4020,Salt Lake,Salt Lake County,49,2025-02-07,71.35822252079474,1738886400000,"{""type"":""MultiPoint"",""coordinates"":[]}"
1165_0000000000000000001b,1921943668,164903351,41620,H1,035,01448031,482,A,49035,+40.6678828,-111.9242397,06,,G4020,Salt Lake,Salt Lake County,49,2025-02-08,73.83883126830894,1738972800000,"{""type"":""MultiPoint"",""coordinates"":[]}"
1166_0000000000000000001b,1921943668,164903351,41620,H1,035,01448031,482,A,49035,+40.6678828,-111.9242397,06,,G4020,Salt Lake,Salt Lake County,49,2025-02-09,66.44955116010065,1739059200000,"{""type"":""MultiPoint"",""coordinates"":[]}"
1167_0000000000000000001b,1921943668,164903351,41620,H1,035,01448031,482,A,49035,+40.6678828,-111.9242397,06,,G4020,Salt Lake,Salt Lake County,49,2025-02-10,59.028003451911054,1739145600000,"{""type"":""MultiPoint"",""coordinates"":[]}"
1168_0000000000000000001b,1921943668,164903351,41620,H1,035,01448031,482,A,49035,+40.6678828,-111.9242397,06,,G4020,Salt Lake,Salt Lake County,49,2025-02-11,69.4142010104505,1739232000000,"{""type"":""MultiPoint"",""coordinates"":[]}"
1169_0000000000000000001b,1921943668,164903351,41620,H1,035,01448031,482,A,49035,+40.6678828,-111.9242397,06,,G4020,Salt Lake,Salt Lake County,49,2025-02-12,58.544246400590595,1739318400000,"{""type"":""MultiPoint"",""coordinates"":[]}"
1170_0000000000000000001b,1921943668,164903351,41620,H1,035,01448031,482,A,49035,+40.6678828,-111.9242397,06,,G4020,Salt Lake,Salt Lake County,49,2025-02-13,60.19513473048764,1739404800000,"{""type"":""MultiPoint"",""coordinates"":[]}"
1171_0000000000000000001b,1921943668,164903351,41620,H1,035,01448031,482,A,49035,+40.6678828,-111.9242397,06,,G4020,Salt Lake,Salt Lake County,49,2025-02-14,77.7778033781639,1739491200000,"{""type"":""MultiPoint"",""coordinates"":[]}"
1172_0000000000000000001b,1921943668,164903351,41620,H1,035,01448031,482,A,49035,+40.6678828,-111.9242397,06,,G4020,Salt Lake,Salt Lake County,49,2025-02-15,82.14229549618766,1739577600000,"{""type"":""MultiPoint"",""coordinates"":[]}"
1173_0000000000000000001b,1921943668,164903351,41620,H1,035,01448031,482,A,49035,+40.6678828,-111.9242397,06,,G4020,Salt Lake,Salt Lake County,49,2025-02-16,70.7720967676382,1739664000000,"{""type"":""MultiPoint"",""coordinates"":[]}"
1174_0000000000000000001b,1921943668,164903351,41620,H1,035,01448031,482,A,49035,+40.6678828,-111.9242397,06,,G4020,Salt Lake,Salt Lake County,49,2025-02-17,79.57576693805704,1739750400000,"{""type"":""MultiPoint"",""coordinates"":[]}"
1175_0000000000000000001b,1921943668,164903351,41620,H1,035,01448031,482,A,49035,+40.6678828,-111.9242397,06,,G4020,Salt Lake,Salt Lake County,49,2025-02-18,82.16903605314563,1739836800000,"{""type"":""MultiPoint"",""coordinates"":[]}"
1176_0000000000000000001b,1921943668,164903351,41620,H1,035,01448031,482,A,49035,+40.6678828,-111.9242397,06,,G4020,Salt Lake,Salt Lake County,49,2025-02-19,74.07518291269987,1739923200000,"{""type"":""MultiPoint"",""coordinates"":[]}"
1177_0000000000000000001b,1921943668,164903351,41620,H1,035,01448031,482,A,49035,+40.6678828,-111.9242397,06,,G4020,Salt Lake,Salt Lake County,49,2025-02-20,84.89012174714597,1740009600000,"{""type"":""MultiPoint"",""coordinates"":[]}"
1178_0000000000000000001b,1921943668,164903351,41620,H1,035,01448031,482,A,49035,+40.6678828,-111.9242397,06,,G4020,Salt Lake,Salt Lake County,49,2025-02-21,87.53786699643855,1740096000000,"{""type"":""MultiPoint"",""coordinates"":[]}"
1179_0000000000000000001b,1921943668,164903351,41620,H1,035,01448031,482,A,49035,+40.6678828,-111.9242397,06,,G4020,Salt Lake,Salt Lake County,49,2025-02-22,70.79141925428617,1740182400000,"{""type"":""MultiPoint"",""coordinates"":[]}"
1180_0000000000000000001b,1921943668,164903351,41620,H1,035,01448031,482,A,49035,+40.6678828,-111.9242397,06,,G4020,Salt Lake,Salt Lake County,49,2025-02-23,61.77615080087171,1740268800000,"{""type"":""MultiPoint"",""coordinates"":[]}"
1181_0000000000000000001b,1921943668,164903351,41620,H1,035,01448031,482,A,49035,+40.6678828,-111.9242397,06,,G4020,Salt Lake,Salt Lake County,49,2025-02-24,63.114364633819726,1740355200000,"{""type"":""MultiPoint"",""coordinates"":[]}"
1182_0000000000000000001b,1921943668,164903351,41620,H1,035,01448031,482,A,49035,+40.6678828,-111.9242397,06,,G4020,Salt Lake,Salt Lake County,49,2025-02-25,55.11972440387249,1740441600000,"{""type"":""MultiPoint"",""coordinates"":[]}"
1183_0000000000000000001b,1921943668,164903351,41620,H1,035,01448031,482,A,49035,+40.6678828,-111.9242397,06,,G4020,Salt Lake,Salt Lake County,49,2025-02-26,64.76989753656297,1740528000000,"{""type"":""MultiPoint"",""coordinates"":[]}"
1184_0000000000000000001b,1921943668,164903351,41620,H1,035,01448031,482,A,49035,+40.6678828,-111.9242397,06,,G4020,Salt Lake,Salt Lake County,49,2025-02-27,59.72141446206266,1740614400000,"{""type"":""MultiPoint"",""coordinates"":[]}"
1185_0000000000000000001b,1921943668,164903351,41620,H1,035,01448031,482,A,49035,+40.6678828,-111.9242397,06,,G4020,Salt Lake,Salt Lake County,49,2025-02-28,50.819890528566425,1740700800000,"{""type"":""MultiPoint"",""coordinates"":[]}"
1186_0000000000000000001b,1921943668,164903351,41620,H1,035,01448031,482,A,49035,+40.6678828,-111.9242397,06,,G4020,Salt Lake,Salt Lake County,49,2025-03-01,53.21100460897878,1740787200000,"{""type"":""MultiPoint"",""coordinates"":[]}"
1187_0000000000000000001b,1921943668,164903351,41620,H1,035,01448031,482,A,49035,+40.6678828,-111.9242397,06,,G4020,Salt Lake,Salt Lake County,49,2025-03-02,54.651279382311856,1740873600000,"{""type"":""MultiPoint"",""coordinates"":[]}"
1188_0000000000000000001b,1921943668,164903351,41620,H1,035,01448031,482,A,49035,+40.6678828,-111.9242397,06,,G4020,Salt Lake,Salt Lake County,49,2025-03-03,49.057627096325675,1740960000000,"{""type"":""MultiPoint"",""coordinates"":[]}"
1189_0000000000000000001b,1921943668,164903351,41620,H1,035,01448031,482,A,49035,+40.6678828,-111.9242397,06,,G4020,Salt Lake,Salt Lake County,49,2025-03-04,78.82225243833861,1741046400000,"{""type"":""MultiPoint"",""coordinates"":[]}"
1190_0000000000000000001b,1921943668,164903351,41620,H1,035,01448031,482,A,49035,+40.6678828,-111.9242397,06,,G4020,Salt Lake,Salt Lake County,49,2025-03-05,58.70877766038276,1741132800000,"{""type"":""MultiPoint"",""coordinates"":[]}"
1191_0000000000000000001b,1921943668,164903351,41620,H1,035,01448031,482,A,49035,+40.6678828,-111.9242397,06,,G4020,Salt Lake,Salt Lake County,49,2025-03-06,88.10797626549598,1741219200000,"{""type"":""MultiPoint"",""coordinates"":[]}"
1192_0000000000000000001b,1921943668,164903351,41620,H1,035,01448031,482,A,49035,+40.6678828,-111.9242397,06,,G4020,Salt Lake,Salt Lake County,49,2025-03-07,88.28513540935346,1741305600000,"{""type"":""MultiPoint"",""coordinates"":[]}"
1193_0000000000000000001b,1921943668,164903351,41620,H1,035,01448031,482,A,49035,+40.6678828,-111.9242397,06,,G4020,Salt Lake,Salt Lake County,49,2025-03-08,76.84810742607007,1741392000000,"{""type"":""MultiPoint"",""coordinates"":[]}"
1194_0000000000000000001b,1921943668,164903351,41620,H1,035,01448031,482,A,49035,+40.6678828,-111.9242397,06,,G4020,Salt Lake,Salt Lake County,49,2025-03-09,66.29360573171353,1741478400000,"{""type"":""MultiPoint"",""coordinates"":[]}"
1195_0000000000000000001b,1921943668,164903351,41620,H1,035,01448031,482,A,49035,+40.6678828,-111.9242397,06,,G4020,Salt Lake,Salt Lake County,49,2025-03-10,49.98833322850064,1741564800000,"{""type"":""MultiPoint"",""coordinates"":[]}"
1196_0000000000000000001b,1921943668,164903351,41620,H1,035,01448031,482,A,49035,+40.6678828,-111.9242397,06,,G4020,Salt Lake,Salt Lake County,49,2025-03-11,49.69405604033836,1741651200000,"{""type"":""MultiPoint"",""coordinates"":[]}"
1197_0000000000000000001b,1921943668,164903351,41620,H1,035,01448031,482,A,49035,+40.6678828,-111.9242397,06,,G4020,Salt Lake,Salt Lake County,49,2025-03-12,52.88540706505844,1741737600000,"{""type"":""MultiPoint"",""coordinates"":[]}"
1198_0000000000000000001b,1921943668,164903351,41620,H1,035,01448031,482,A,49035,+40.6678828,-111.9242397,06,,G4020,Salt Lake,Salt Lake County,49,2025-03-13,61.82836994513046,1741824000000,"{""type"":""MultiPoint"",""coordinates"":[]}"
1199_0000000000000000001b,1921943668,164903351,41620,H1,035,01448031,482,A,49035,+40.6678828,-111.9242397,06,,G4020,Salt Lake,Salt Lake County,49,2025-03-14,75.0167427066577,1741910400000,"{""type"":""MultiPoint"",""coordinates"":[]}"
1200_0000000000000000001b,1921943668,164903351,41620,H1,035,01448031,482,A,49035,+40.6678828,-111.9242397,06,,G4020,Salt Lake,Salt Lake County,49,2025-03-15,72.21487493867623,1741996800000,"{""type"":""MultiPoint"",""coordinates"":[]}"
1201_0000000000000000001b,1921943668,164903351,41620,H1,035,01448031,482,A,49035,+40.6678828,-111.9242397,06,,G4020,Salt Lake,Salt Lake County,49,2025-03-16,60.91977700571532,1742083200000,"{""type"":""MultiPoint"",""coordinates"":[]}"
1202_0000000000000000001b,1921943668,164903351,41620,H1,035,01448031,482,A,49035,+40.6678828,-111.9242397,06,,G4020,Salt Lake,Salt Lake County,49,2025-03-17,48.47186158625867,1742169600000,"{""type"":""MultiPoint"",""coordinates"":[]}"
1203_0000000000000000001b,1921943668,164903351,41620,H1,035,01448031,482,A,49035,+40.6678828,-111.9242397,06,,G4020,Salt Lake,Salt Lake County,49,2025-03-18,70.97918475971838,1742256000000,"{""type"":""MultiPoint"",""coordinates"":[]}"
1204_0000000000000000001b,1921943668,164903351,41620,H1,035,01448031,482,A,49035,+40.6678828,-111.9242397,06,,G4020,Salt Lake,Salt Lake County,49,2025-03-19,67.33761509325021,1742342400000,"{""type"":""MultiPoint"",""coordinates"":[]}"
1205_0000000000000000001b,1921943668,164903351,41620,H1,035,01448031,482,A,49035,+40.6678828,-111.9242397,06,,G4020,Salt Lake,Salt Lake County,49,2025-03-20,60.00137757685538,1742428800000,"{""type"":""MultiPoint"",""coordinates"":[]}"
1206_0000000000000000001b,1921943668,164903351,41620,H1,035,01448031,482,A,49035,+40.6678828,-111.9242397,06,,G4020,Salt Lake,Salt Lake County,49,2025-03-21,58.44047845405387,1742515200000,"{""type"":""MultiPoint"",""coordinates"":[]}"
1207_0000000000000000001b,1921943668,164903351,41620,H1,035,01448031,482,A,49035,+40.6678828,-111.9242397,06,,G4020,Salt Lake,Salt Lake County,49,2025-03-22,68.58580326142469,1742601600000,"{""type"":""MultiPoint"",""coordinates"":[]}"
1208_0000000000000000001b,1921943668,164903351,41620,H1,035,01448031,482,A,49035,+40.6678828,-111.9242397,06,,G4020,Salt Lake,Salt Lake County,49,2025-03-23,58.31958464720257,1742688000000,"{""type"":""MultiPoint"",""coordinates"":[]}"
1209_0000000000000000001b,1921943668,164903351,41620,H1,035,01448031,482,A,49035,+40.6678828,-111.9242397,06,,G4020,Salt Lake,Salt Lake County,49,2025-03-24,61.61893607965762,1742774400000,"{""type"":""MultiPoint"",""coordinates"":[]}"
1210_0000000000000000001b,1921943668,164903351,41620,H1,035,01448031,482,A,49035,+40.6678828,-111.9242397,06,,G4020,Salt Lake,Salt Lake County,49,2025-03-25,61.10856798373011,1742860800000,"{""type"":""MultiPoint"",""coordinates"":[]}"
1211_0000000000000000001b,1921943668,164903351,41620,H1,035,01448031,482,A,49035,+40.6678828,-111.9242397,06,,G4020,Salt Lake,Salt Lake County,49,2025-03-26,57.85695412143247,1742947200000,"{""type"":""MultiPoint"",""coordinates"":[]}"
1212_0000000000000000001b,1921943668,164903351,41620,H1,035,01448031,482,A,49035,+40.6678828,-111.9242397,06,,G4020,Salt Lake,Salt Lake County,49,2025-03-27,45.7958539835131,1743033600000,"{""type"":""MultiPoint"",""coordinates"":[]}"
1213_0000000000000000001b,1921943668,164903351,41620,H1,035,01448031,482,A,49035,+40.6678828,-111.9242397,06,,G4020,Salt Lake,Salt Lake County,49,2025-03-28,52.79421554579001,1743120000000,"{""type"":""MultiPoint"",""coordinates"":[]}"
1214_0000000000000000001b,1921943668,164903351,41620,H1,035,01448031,482,A,49035,+40.6678828,-111.9242397,06,,G4020,Salt Lake,Salt Lake County,49,2025-03-29,72.16219295280213,1743206400000,"{""type"":""MultiPoint"",""coordinates"":[]}"
1215_0000000000000000001b,1921943668,164903351,41620,H1,035,01448031,482,A,49035,+40.6678828,-111.9242397,06,,G4020,Salt Lake,Salt Lake County,49,2025-03-30,75.35761182468977,1743292800000,"{""type"":""MultiPoint"",""coordinates"":[]}"
1216_0000000000000000001b,1921943668,164903351,41620,H1,035,01448031,482,A,49035,+40.6678828,-111.9242397,06,,G4020,Salt Lake,Salt Lake County,49,2025-03-31,63.65397121433594,1743379200000,"{""type"":""MultiPoint"",""coordinates"":[]}"
1217_0000000000000000001b,1921943668,164903351,41620,H1,035,01448031,482,A,49035,+40.6678828,-111.9242397,06,,G4020,Salt Lake,Salt Lake County,49,2025-04-01,81.50344590404924,1743465600000,"{""type"":""MultiPoint"",""coordinates"":[]}"
1218_0000000000000000001b,1921943668,164903351,41620,H1,035,01448031,482,A,49035,+40.6678828,-111.9242397,06,,G4020,Salt Lake,Salt Lake County,49,2025-04-02,69.66708737912317,1743552000000,"{""type"":""MultiPoint"",""coordinates"":[]}"
1219_0000000000000000001b,1921943668,164903351,41620,H1,035,01448031,482,A,49035,+40.6678828,-111.9242397,06,,G4020,Salt Lake,Salt Lake County,49,2025-04-03,64.57195016392944,1743638400000,"{""type"":""MultiPoint"",""coordinates"":[]}"
1220_0000000000000000001b,1921943668,164903351,41620,H1,035,01448031,482,A,49035,+40.6678828,-111.9242397,06,,G4020,Salt Lake,Salt Lake County,49,2025-04-04,66.6707848375715,1743724800000,"{""type"":""MultiPoint"",""coordinates"":[]}"
1221_0000000000000000001b,1921943668,164903351,41620,H1,035,01448031,482,A,49035,+40.6678828,-111.9242397,06,,G4020,Salt Lake,Salt Lake County,49,2025-04-05,62.06648643022046,1743811200000,"{""type"":""MultiPoint"",""coordinates"":[]}"
1222_0000000000000000001b,1921943668,164903351,41620,H1,035,01448031,482,A,49035,+40.6678828,-111.9242397,06,,G4020,Salt Lake,Salt Lake County,49,2025-04-06,54.346142617923554,1743897600000,"{""type"":""MultiPoint"",""coordinates"":[]}"
1223_0000000000000000001b,1921943668,164903351,41620,H1,035,01448031,482,A,49035,+40.6678828,-111.9242397,06,,G4020,Salt Lake,Salt Lake County,49,2025-04-07,50.73969409649257,1743984000000,"{""type"":""MultiPoint"",""coordinates"":[]}"
1224_0000000000000000001b,1921943668,164903351,41620,H1,035,01448031,482,A,49035,+40.6678828,-111.9242397,06,,G4020,Salt Lake,Salt Lake County,49,2025-04-08,47.584043626637474,1744070400000,"{""type"":""MultiPoint"",""coordinates"":[]}"
1225_0000000000000000001b,1921943668,164903351,41620,H1,035,01448031,482,A,49035,+40.6678828,-111.9242397,06,,G4020,Salt Lake,Salt Lake County,49,2025-04-09,51.23696003692808,1744156800000,"{""type"":""MultiPoint"",""coordinates"":[]}"
1226_0000000000000000001b,1921943668,164903351,41620,H1,035,01448031,482,A,49035,+40.6678828,-111.9242397,06,,G4020,Salt Lake,Salt Lake County,49,2025-04-10,51.32619910032487,1744243200000,"{""type"":""MultiPoint"",""coordinates"":[]}"
1227_0000000000000000001b,1921943668,164903351,41620,H1,035,01448031,482,A,49035,+40.6678828,-111.9242397,06,,G4020,Salt Lake,Salt Lake County,49,2025-04-11,47.6366856224092,1744329600000,"{""type"":""MultiPoint"",""coordinates"":[]}"
1228_0000000000000000001b,1921943668,164903351,41620,H1,035,01448031,482,A,49035,+40.6678828,-111.9242397,06,,G4020,Salt Lake,Salt Lake County,49,2025-04-12,47.25895899450929,1744416000000,"{""type"":""MultiPoint"",""coordinates"":[]}"
1229_0000000000000000001b,1921943668,164903351,41620,H1,035,01448031,482,A,49035,+40.6678828,-111.9242397,06,,G4020,Salt Lake,Salt Lake County,49,2025-04-13,49.93891038855934,1744502400000,"{""type"":""MultiPoint"",""coordinates"":[]}"
1230_0000000000000000001b,1921943668,164903351,41620,H1,035,01448031,482,A,49035,+40.6678828,-111.9242397,06,,G4020,Salt Lake,Salt Lake County,49,2025-04-14,48.207617810936505,1744588800000,"{""type"":""MultiPoint"",""coordinates"":[]}"
1231_0000000000000000001b,1921943668,164903351,41620,H1,035,01448031,482,A,49035,+40.6678828,-111.9242397,06,,G4020,Salt Lake,Salt Lake County,49,2025-04-15,50.099140823481726,1744675200000,"{""type"":""MultiPoint"",""coordinates"":[]}"
1232_0000000000000000001b,1921943668,164903351,41620,H1,035,01448031,482,A,49035,+40.6678828,-111.9242397,06,,G4020,Salt Lake,Salt Lake County,49,2025-04-16,50.67558187139426,1744761600000,"{""type"":""MultiPoint"",""coordinates"":[]}"
1233_0000000000000000001b,1921943668,164903351,41620,H1,035,01448031,482,A,49035,+40.6678828,-111.9242397,06,,G4020,Salt Lake,Salt Lake County,49,2025-04-17,68.36070270800214,1744848000000,"{""type"":""MultiPoint"",""coordinates"":[]}"
1234_0000000000000000001b,1921943668,164903351,41620,H1,035,01448031,482,A,49035,+40.6678828,-111.9242397,06,,G4020,Salt Lake,Salt Lake County,49,2025-04-18,60.29238652150561,1744934400000,"{""type"":""MultiPoint"",""coordinates"":[]}"
1235_0000000000000000001b,1921943668,164903351,41620,H1,035,01448031,482,A,49035,+40.6678828,-111.9242397,06,,G4020,Salt Lake,Salt Lake County,49,2025-04-19,47.65649770665899,1745020800000,"{""type"":""MultiPoint"",""coordinates"":[]}"
1236_0000000000000000001b,1921943668,164903351,41620,H1,035,01448031,482,A,49035,+40.6678828,-111.9242397,06,,G4020,Salt Lake,Salt Lake County,49,2025-04-20,44.89467527998501,1745107200000,"{""type"":""MultiPoint"",""coordinates"":[]}"
1237_0000000000000000001b,1921943668,164903351,41620,H1,035,01448031,482,A,49035,+40.6678828,-111.9242397,06,,G4020,Salt Lake,Salt Lake County,49,2025-04-21,49.77934578500934,1745193600000,"{""type"":""MultiPoint"",""coordinates"":[]}"
1238_0000000000000000001b,1921943668,164903351,41620,H1,035,01448031,482,A,49035,+40.6678828,-111.9242397,06,,G4020,Salt Lake,Salt Lake County,49,2025-04-22,53.06262891552463,1745280000000,"{""type"":""MultiPoint"",""coordinates"":[]}"
1239_0000000000000000001b,1921943668,164903351,41620,H1,035,01448031,482,A,49035,+40.6678828,-111.9242397,06,,G4020,Salt Lake,Salt Lake County,49,2025-04-23,53.13178739871066,1745366400000,"{""type"":""MultiPoint"",""coordinates"":[]}"
1240_0000000000000000001b,1921943668,164903351,41620,H1,035,01448031,482,A,49035,+40.6678828,-111.9242397,06,,G4020,Salt Lake,Salt Lake County,49,2025-04-24,56.85427659038556,1745452800000,"{""type"":""MultiPoint"",""coordinates"":[]}"
1241_0000000000000000001b,1921943668,164903351,41620,H1,035,01448031,482,A,49035,+40.6678828,-111.9242397,06,,G4020,Salt Lake,Salt Lake County,49,2025-04-25,54.53191258632938,1745539200000,"{""type"":""MultiPoint"",""coordinates"":[]}"
1242_0000000000000000001b,1921943668,164903351,41620,H1,035,01448031,482,A,49035,+40.6678828,-111.9242397,06,,G4020,Salt Lake,Salt Lake County,49,2025-04-26,33.90830974857115,1745625600000,"{""type"":""MultiPoint"",""coordinates"":[]}"
1243_0000000000000000001b,1921943668,164903351,41620,H1,035,01448031,482,A,49035,+40.6678828,-111.9242397,06,,G4020,Salt Lake,Salt Lake County,49,2025-04-27,39.685459852581516,1745712000000,"{""type"":""MultiPoint"",""coordinates"":[]}"
1244_0000000000000000001b,1921943668,164903351,41620,H1,035,01448031,482,A,49035,+40.6678828,-111.9242397,06,,G4020,Salt Lake,Salt Lake County,49,2025-04-28,50.89846456991658,1745798400000,"{""type"":""MultiPoint"",""coordinates"":[]}"
1245_0000000000000000001b,1921943668,164903351,41620,H1,035,01448031,482,A,49035,+40.6678828,-111.9242397,06,,G4020,Salt Lake,Salt Lake County,49,2025-04-29,54.56787492882764,1745884800000,"{""type"":""MultiPoint"",""coordinates"":[]}"
1246_0000000000000000001b,1921943668,164903351,41620,H1,035,01448031,482,A,49035,+40.6678828,-111.9242397,06,,G4020,Salt Lake,Salt Lake County,49,2025-04-30,60.6232491299236,1745971200000,"{""type"":""MultiPoint"",""coordinates"":[]}"
