system:index,ALAND,AWATER,CBSAFP,CLASSFP,COUNTYFP,COUNTYNS,CSAFP,FUNCSTAT,GEOID,INTPTLAT,INTPTLON,LSAD,METDIVFP,MTFCC,NAME,NAMELSAD,STATEFP,date,mean,system:time_start,.geo
0_00000000000000000021,1857233047,225282636,41860,H1,013,01675903,488,A,06013,+37.9194790,-121.9515431,06,36084,G4020,Contra Costa,Contra Costa County,06,2022-01-01,5.235431551197767,1640995200000,"{""type"":""MultiPoint"",""coordinates"":[]}"
0_00000000000000000023,1909598013,216923745,41860,H1,001,01675839,488,A,06001,+37.6471385,-121.9124880,06,36084,G4020,Alameda,Alameda County,06,2022-01-01,5.5101055035497515,1640995200000,"{""type"":""MultiPoint"",""coordinates"":[]}"
0_0000000000000000001f,121375681,479216672,41860,H6,075,00277302,488,C,06075,+37.7272391,-123.0322294,06,41884,G4020,San Francisco,San Francisco County,06,2022-01-01,6.755565817689694,1640995200000,"{""type"":""MultiPoint"",""coordinates"":[]}"
1_00000000000000000021,1857233047,225282636,41860,H1,013,01675903,488,A,06013,+37.9194790,-121.9515431,06,36084,G4020,Contra Costa,Contra Costa County,06,2022-01-02,4.043074475125253,1641081600000,"{""type"":""MultiPoint"",""coordinates"":[]}"
1_00000000000000000023,1909598013,216923745,41860,H1,001,01675839,488,A,06001,+37.6471385,-121.9124880,06,36084,G4020,Alameda,Alameda County,06,2022-01-02,4.4636438967893834,1641081600000,"{""type"":""MultiPoint"",""coordinates"":[]}"
1_0000000000000000001f,121375681,479216672,41860,H6,075,00277302,488,C,06075,+37.7272391,-123.0322294,06,41884,G4020,San Francisco,San Francisco County,06,2022-01-02,5.362855149791151,1641081600000,"{""type"":""MultiPoint"",""coordinates"":[]}"
2_00000000000000000021,1857233047,225282636,41860,H1,013,01675903,488,A,06013,+37.9194790,-121.9515431,06,36084,G4020,Contra Costa,Contra Costa County,06,2022-01-03,6.143901752556341,1641168000000,"{""type"":""MultiPoint"",""coordinates"":[]}"
2_00000000000000000023,1909598013,216923745,41860,H1,001,01675839,488,A,06001,+37.6471385,-121.9124880,06,36084,G4020,Alameda,Alameda County,06,2022-01-03,6.066271854920261,1641168000000,"{""type"":""MultiPoint"",""coordinates"":[]}"
2_0000000000000000001f,121375681,479216672,41860,H6,075,00277302,488,C,06075,+37.7272391,-123.0322294,06,41884,G4020,San Francisco,San Francisco County,06,2022-01-03,8.604649728594266,1641168000000,"{""type"":""MultiPoint"",""coordinates"":[]}"
3_00000000000000000021,1857233047,225282636,41860,H1,013,01675903,488,A,06013,+37.9194790,-121.9515431,06,36084,G4020,Contra Costa,Contra Costa County,06,2022-01-04,10.806203622561428,1641254400000,"{""type"":""MultiPoint"",""coordinates"":[]}"
3_00000000000000000023,1909598013,216923745,41860,H1,001,01675839,488,A,06001,+37.6471385,-121.9124880,06,36084,G4020,Alameda,Alameda County,06,2022-01-04,10.268962122843224,1641254400000,"{""type"":""MultiPoint"",""coordinates"":[]}"
3_0000000000000000001f,121375681,479216672,41860,H6,075,00277302,488,C,06075,+37.7272391,-123.0322294,06,41884,G4020,San Francisco,San Francisco County,06,2022-01-04,11.592510697827821,1641254400000,"{""type"":""MultiPoint"",""coordinates"":[]}"
4_00000000000000000021,1857233047,225282636,41860,H1,013,01675903,488,A,06013,+37.9194790,-121.9515431,06,36084,G4020,Contra Costa,Contra Costa County,06,2022-01-05,10.49288172648063,1641340800000,"{""type"":""MultiPoint"",""coordinates"":[]}"
4_00000000000000000023,1909598013,216923745,41860,H1,001,01675839,488,A,06001,+37.6471385,-121.9124880,06,36084,G4020,Alameda,Alameda County,06,2022-01-05,10.112451093860987,1641340800000,"{""type"":""MultiPoint"",""coordinates"":[]}"
4_0000000000000000001f,121375681,479216672,41860,H6,075,00277302,488,C,06075,+37.7272391,-123.0322294,06,41884,G4020,San Francisco,San Francisco County,06,2022-01-05,10.896404582158308,1641340800000,"{""type"":""MultiPoint"",""coordinates"":[]}"
5_00000000000000000021,1857233047,225282636,41860,H1,013,01675903,488,A,06013,+37.9194790,-121.9515431,06,36084,G4020,Contra Costa,Contra Costa County,06,2022-01-06,11.02668388416629,1641427200000,"{""type"":""MultiPoint"",""coordinates"":[]}"
5_00000000000000000023,1909598013,216923745,41860,H1,001,01675839,488,A,06001,+37.6471385,-121.9124880,06,36084,G4020,Alameda,Alameda County,06,2022-01-06,11.00266429686009,1641427200000,"{""type"":""MultiPoint"",""coordinates"":[]}"
5_0000000000000000001f,121375681,479216672,41860,H6,075,00277302,488,C,06075,+37.7272391,-123.0322294,06,41884,G4020,San Francisco,San Francisco County,06,2022-01-06,11.034294842659191,1641427200000,"{""type"":""MultiPoint"",""coordinates"":[]}"
6_00000000000000000021,1857233047,225282636,41860,H1,013,01675903,488,A,06013,+37.9194790,-121.9515431,06,36084,G4020,Contra Costa,Contra Costa County,06,2022-01-07,10.670571245205583,1641513600000,"{""type"":""MultiPoint"",""coordinates"":[]}"
6_00000000000000000023,1909598013,216923745,41860,H1,001,01675839,488,A,06001,+37.6471385,-121.9124880,06,36084,G4020,Alameda,Alameda County,06,2022-01-07,10.23172917875697,1641513600000,"{""type"":""MultiPoint"",""coordinates"":[]}"
6_0000000000000000001f,121375681,479216672,41860,H6,075,00277302,488,C,06075,+37.7272391,-123.0322294,06,41884,G4020,San Francisco,San Francisco County,06,2022-01-07,10.899837637531784,1641513600000,"{""type"":""MultiPoint"",""coordinates"":[]}"
7_00000000000000000021,1857233047,225282636,41860,H1,013,01675903,488,A,06013,+37.9194790,-121.9515431,06,36084,G4020,Contra Costa,Contra Costa County,06,2022-01-08,8.130768554059864,1641600000000,"{""type"":""MultiPoint"",""coordinates"":[]}"
7_00000000000000000023,1909598013,216923745,41860,H1,001,01675839,488,A,06001,+37.6471385,-121.9124880,06,36084,G4020,Alameda,Alameda County,06,2022-01-08,7.789256298733268,1641600000000,"{""type"":""MultiPoint"",""coordinates"":[]}"
7_0000000000000000001f,121375681,479216672,41860,H6,075,00277302,488,C,06075,+37.7272391,-123.0322294,06,41884,G4020,San Francisco,San Francisco County,06,2022-01-08,8.630671902428444,1641600000000,"{""type"":""MultiPoint"",""coordinates"":[]}"
8_00000000000000000021,1857233047,225282636,41860,H1,013,01675903,488,A,06013,+37.9194790,-121.9515431,06,36084,G4020,Contra Costa,Contra Costa County,06,2022-01-09,7.445645114220715,1641686400000,"{""type"":""MultiPoint"",""coordinates"":[]}"
8_00000000000000000023,1909598013,216923745,41860,H1,001,01675839,488,A,06001,+37.6471385,-121.9124880,06,36084,G4020,Alameda,Alameda County,06,2022-01-09,7.245796260788558,1641686400000,"{""type"":""MultiPoint"",""coordinates"":[]}"
8_0000000000000000001f,121375681,479216672,41860,H6,075,00277302,488,C,06075,+37.7272391,-123.0322294,06,41884,G4020,San Francisco,San Francisco County,06,2022-01-09,8.361110008185648,1641686400000,"{""type"":""MultiPoint"",""coordinates"":[]}"
9_00000000000000000021,1857233047,225282636,41860,H1,013,01675903,488,A,06013,+37.9194790,-121.9515431,06,36084,G4020,Contra Costa,Contra Costa County,06,2022-01-10,9.154805455852246,1641772800000,"{""type"":""MultiPoint"",""coordinates"":[]}"
9_00000000000000000023,1909598013,216923745,41860,H1,001,01675839,488,A,06001,+37.6471385,-121.9124880,06,36084,G4020,Alameda,Alameda County,06,2022-01-10,9.603187266621557,1641772800000,"{""type"":""MultiPoint"",""coordinates"":[]}"
9_0000000000000000001f,121375681,479216672,41860,H6,075,00277302,488,C,06075,+37.7272391,-123.0322294,06,41884,G4020,San Francisco,San Francisco County,06,2022-01-10,9.70560482598213,1641772800000,"{""type"":""MultiPoint"",""coordinates"":[]}"
10_00000000000000000021,1857233047,225282636,41860,H1,013,01675903,488,A,06013,+37.9194790,-121.9515431,06,36084,G4020,Contra Costa,Contra Costa County,06,2022-01-11,10.068927248103547,1641859200000,"{""type"":""MultiPoint"",""coordinates"":[]}"
10_00000000000000000023,1909598013,216923745,41860,H1,001,01675839,488,A,06001,+37.6471385,-121.9124880,06,36084,G4020,Alameda,Alameda County,06,2022-01-11,10.555698340817456,1641859200000,"{""type"":""MultiPoint"",""coordinates"":[]}"
10_0000000000000000001f,121375681,479216672,41860,H6,075,00277302,488,C,06075,+37.7272391,-123.0322294,06,41884,G4020,San Francisco,San Francisco County,06,2022-01-11,9.651587127547826,1641859200000,"{""type"":""MultiPoint"",""coordinates"":[]}"
11_00000000000000000021,1857233047,225282636,41860,H1,013,01675903,488,A,06013,+37.9194790,-121.9515431,06,36084,G4020,Contra Costa,Contra Costa County,06,2022-01-12,8.685592269699354,1641945600000,"{""type"":""MultiPoint"",""coordinates"":[]}"
11_00000000000000000023,1909598013,216923745,41860,H1,001,01675839,488,A,06001,+37.6471385,-121.9124880,06,36084,G4020,Alameda,Alameda County,06,2022-01-12,9.474849657063261,1641945600000,"{""type"":""MultiPoint"",""coordinates"":[]}"
11_0000000000000000001f,121375681,479216672,41860,H6,075,00277302,488,C,06075,+37.7272391,-123.0322294,06,41884,G4020,San Francisco,San Francisco County,06,2022-01-12,9.239384079717366,1641945600000,"{""type"":""MultiPoint"",""coordinates"":[]}"
12_00000000000000000021,1857233047,225282636,41860,H1,013,01675903,488,A,06013,+37.9194790,-121.9515431,06,36084,G4020,Contra Costa,Contra Costa County,06,2022-01-13,9.691438420653258,1642032000000,"{""type"":""MultiPoint"",""coordinates"":[]}"
12_00000000000000000023,1909598013,216923745,41860,H1,001,01675839,488,A,06001,+37.6471385,-121.9124880,06,36084,G4020,Alameda,Alameda County,06,2022-01-13,11.1366090289104,1642032000000,"{""type"":""MultiPoint"",""coordinates"":[]}"
12_0000000000000000001f,121375681,479216672,41860,H6,075,00277302,488,C,06075,+37.7272391,-123.0322294,06,41884,G4020,San Francisco,San Francisco County,06,2022-01-13,10.450575064014144,1642032000000,"{""type"":""MultiPoint"",""coordinates"":[]}"
13_00000000000000000021,1857233047,225282636,41860,H1,013,01675903,488,A,06013,+37.9194790,-121.9515431,06,36084,G4020,Contra Costa,Contra Costa County,06,2022-01-14,10.456908533324771,1642118400000,"{""type"":""MultiPoint"",""coordinates"":[]}"
13_00000000000000000023,1909598013,216923745,41860,H1,001,01675839,488,A,06001,+37.6471385,-121.9124880,06,36084,G4020,Alameda,Alameda County,06,2022-01-14,10.011718942280448,1642118400000,"{""type"":""MultiPoint"",""coordinates"":[]}"
13_0000000000000000001f,121375681,479216672,41860,H6,075,00277302,488,C,06075,+37.7272391,-123.0322294,06,41884,G4020,San Francisco,San Francisco County,06,2022-01-14,9.411457729278142,1642118400000,"{""type"":""MultiPoint"",""coordinates"":[]}"
14_00000000000000000021,1857233047,225282636,41860,H1,013,01675903,488,A,06013,+37.9194790,-121.9515431,06,36084,G4020,Contra Costa,Contra Costa County,06,2022-01-15,9.313206088021639,1642204800000,"{""type"":""MultiPoint"",""coordinates"":[]}"
14_00000000000000000023,1909598013,216923745,41860,H1,001,01675839,488,A,06001,+37.6471385,-121.9124880,06,36084,G4020,Alameda,Alameda County,06,2022-01-15,9.083715352501656,1642204800000,"{""type"":""MultiPoint"",""coordinates"":[]}"
14_0000000000000000001f,121375681,479216672,41860,H6,075,00277302,488,C,06075,+37.7272391,-123.0322294,06,41884,G4020,San Francisco,San Francisco County,06,2022-01-15,10.775556321823576,1642204800000,"{""type"":""MultiPoint"",""coordinates"":[]}"
15_00000000000000000021,1857233047,225282636,41860,H1,013,01675903,488,A,06013,+37.9194790,-121.9515431,06,36084,G4020,Contra Costa,Contra Costa County,06,2022-01-16,10.103112598608226,1642291200000,"{""type"":""MultiPoint"",""coordinates"":[]}"
15_00000000000000000023,1909598013,216923745,41860,H1,001,01675839,488,A,06001,+37.6471385,-121.9124880,06,36084,G4020,Alameda,Alameda County,06,2022-01-16,11.087587544642224,1642291200000,"{""type"":""MultiPoint"",""coordinates"":[]}"
15_0000000000000000001f,121375681,479216672,41860,H6,075,00277302,488,C,06075,+37.7272391,-123.0322294,06,41884,G4020,San Francisco,San Francisco County,06,2022-01-16,10.517518324270956,1642291200000,"{""type"":""MultiPoint"",""coordinates"":[]}"
16_00000000000000000021,1857233047,225282636,41860,H1,013,01675903,488,A,06013,+37.9194790,-121.9515431,06,36084,G4020,Contra Costa,Contra Costa County,06,2022-01-17,10.233403364787607,1642377600000,"{""type"":""MultiPoint"",""coordinates"":[]}"
16_00000000000000000023,1909598013,216923745,41860,H1,001,01675839,488,A,06001,+37.6471385,-121.9124880,06,36084,G4020,Alameda,Alameda County,06,2022-01-17,10.802912588588983,1642377600000,"{""type"":""MultiPoint"",""coordinates"":[]}"
16_0000000000000000001f,121375681,479216672,41860,H6,075,00277302,488,C,06075,+37.7272391,-123.0322294,06,41884,G4020,San Francisco,San Francisco County,06,2022-01-17,10.243252418857484,1642377600000,"{""type"":""MultiPoint"",""coordinates"":[]}"
17_00000000000000000021,1857233047,225282636,41860,H1,013,01675903,488,A,06013,+37.9194790,-121.9515431,06,36084,G4020,Contra Costa,Contra Costa County,06,2022-01-18,8.929765127643071,1642464000000,"{""type"":""MultiPoint"",""coordinates"":[]}"
17_00000000000000000023,1909598013,216923745,41860,H1,001,01675839,488,A,06001,+37.6471385,-121.9124880,06,36084,G4020,Alameda,Alameda County,06,2022-01-18,9.743635930395236,1642464000000,"{""type"":""MultiPoint"",""coordinates"":[]}"
17_0000000000000000001f,121375681,479216672,41860,H6,075,00277302,488,C,06075,+37.7272391,-123.0322294,06,41884,G4020,San Francisco,San Francisco County,06,2022-01-18,9.76358878149826,1642464000000,"{""type"":""MultiPoint"",""coordinates"":[]}"
18_00000000000000000021,1857233047,225282636,41860,H1,013,01675903,488,A,06013,+37.9194790,-121.9515431,06,36084,G4020,Contra Costa,Contra Costa County,06,2022-01-19,8.57406641761129,1642550400000,"{""type"":""MultiPoint"",""coordinates"":[]}"
18_00000000000000000023,1909598013,216923745,41860,H1,001,01675839,488,A,06001,+37.6471385,-121.9124880,06,36084,G4020,Alameda,Alameda County,06,2022-01-19,9.06494150853043,1642550400000,"{""type"":""MultiPoint"",""coordinates"":[]}"
18_0000000000000000001f,121375681,479216672,41860,H6,075,00277302,488,C,06075,+37.7272391,-123.0322294,06,41884,G4020,San Francisco,San Francisco County,06,2022-01-19,9.23515127589059,1642550400000,"{""type"":""MultiPoint"",""coordinates"":[]}"
19_00000000000000000021,1857233047,225282636,41860,H1,013,01675903,488,A,06013,+37.9194790,-121.9515431,06,36084,G4020,Contra Costa,Contra Costa County,06,2022-01-20,9.124254546973344,1642636800000,"{""type"":""MultiPoint"",""coordinates"":[]}"
19_00000000000000000023,1909598013,216923745,41860,H1,001,01675839,488,A,06001,+37.6471385,-121.9124880,06,36084,G4020,Alameda,Alameda County,06,2022-01-20,10.28083073476351,1642636800000,"{""type"":""MultiPoint"",""coordinates"":[]}"
19_0000000000000000001f,121375681,479216672,41860,H6,075,00277302,488,C,06075,+37.7272391,-123.0322294,06,41884,G4020,San Francisco,San Francisco County,06,2022-01-20,9.668725686777368,1642636800000,"{""type"":""MultiPoint"",""coordinates"":[]}"
20_00000000000000000021,1857233047,225282636,41860,H1,013,01675903,488,A,06013,+37.9194790,-121.9515431,06,36084,G4020,Contra Costa,Contra Costa County,06,2022-01-21,10.795543264815215,1642723200000,"{""type"":""MultiPoint"",""coordinates"":[]}"
20_00000000000000000023,1909598013,216923745,41860,H1,001,01675839,488,A,06001,+37.6471385,-121.9124880,06,36084,G4020,Alameda,Alameda County,06,2022-01-21,10.897830547073935,1642723200000,"{""type"":""MultiPoint"",""coordinates"":[]}"
20_0000000000000000001f,121375681,479216672,41860,H6,075,00277302,488,C,06075,+37.7272391,-123.0322294,06,41884,G4020,San Francisco,San Francisco County,06,2022-01-21,10.890781529006642,1642723200000,"{""type"":""MultiPoint"",""coordinates"":[]}"
21_00000000000000000021,1857233047,225282636,41860,H1,013,01675903,488,A,06013,+37.9194790,-121.9515431,06,36084,G4020,Contra Costa,Contra Costa County,06,2022-01-22,12.668130028759263,1642809600000,"{""type"":""MultiPoint"",""coordinates"":[]}"
21_00000000000000000023,1909598013,216923745,41860,H1,001,01675839,488,A,06001,+37.6471385,-121.9124880,06,36084,G4020,Alameda,Alameda County,06,2022-01-22,10.638449546006928,1642809600000,"{""type"":""MultiPoint"",""coordinates"":[]}"
21_0000000000000000001f,121375681,479216672,41860,H6,075,00277302,488,C,06075,+37.7272391,-123.0322294,06,41884,G4020,San Francisco,San Francisco County,06,2022-01-22,13.476982934239784,1642809600000,"{""type"":""MultiPoint"",""coordinates"":[]}"
22_00000000000000000021,1857233047,225282636,41860,H1,013,01675903,488,A,06013,+37.9194790,-121.9515431,06,36084,G4020,Contra Costa,Contra Costa County,06,2022-01-23,9.564060479363551,1642896000000,"{""type"":""MultiPoint"",""coordinates"":[]}"
22_00000000000000000023,1909598013,216923745,41860,H1,001,01675839,488,A,06001,+37.6471385,-121.9124880,06,36084,G4020,Alameda,Alameda County,06,2022-01-23,9.790323247962668,1642896000000,"{""type"":""MultiPoint"",""coordinates"":[]}"
22_0000000000000000001f,121375681,479216672,41860,H6,075,00277302,488,C,06075,+37.7272391,-123.0322294,06,41884,G4020,San Francisco,San Francisco County,06,2022-01-23,10.19100947573754,1642896000000,"{""type"":""MultiPoint"",""coordinates"":[]}"
23_00000000000000000021,1857233047,225282636,41860,H1,013,01675903,488,A,06013,+37.9194790,-121.9515431,06,36084,G4020,Contra Costa,Contra Costa County,06,2022-01-24,8.750459068443389,1642982400000,"{""type"":""MultiPoint"",""coordinates"":[]}"
23_00000000000000000023,1909598013,216923745,41860,H1,001,01675839,488,A,06001,+37.6471385,-121.9124880,06,36084,G4020,Alameda,Alameda County,06,2022-01-24,9.867177981530226,1642982400000,"{""type"":""MultiPoint"",""coordinates"":[]}"
23_0000000000000000001f,121375681,479216672,41860,H6,075,00277302,488,C,06075,+37.7272391,-123.0322294,06,41884,G4020,San Francisco,San Francisco County,06,2022-01-24,9.644718719620165,1642982400000,"{""type"":""MultiPoint"",""coordinates"":[]}"
24_00000000000000000021,1857233047,225282636,41860,H1,013,01675903,488,A,06013,+37.9194790,-121.9515431,06,36084,G4020,Contra Costa,Contra Costa County,06,2022-01-25,8.503015668287938,1643068800000,"{""type"":""MultiPoint"",""coordinates"":[]}"
24_00000000000000000023,1909598013,216923745,41860,H1,001,01675839,488,A,06001,+37.6471385,-121.9124880,06,36084,G4020,Alameda,Alameda County,06,2022-01-25,8.700444672474527,1643068800000,"{""type"":""MultiPoint"",""coordinates"":[]}"
24_0000000000000000001f,121375681,479216672,41860,H6,075,00277302,488,C,06075,+37.7272391,-123.0322294,06,41884,G4020,San Francisco,San Francisco County,06,2022-01-25,9.069626705236098,1643068800000,"{""type"":""MultiPoint"",""coordinates"":[]}"
25_00000000000000000021,1857233047,225282636,41860,H1,013,01675903,488,A,06013,+37.9194790,-121.9515431,06,36084,G4020,Contra Costa,Contra Costa County,06,2022-01-26,8.336687611379512,1643155200000,"{""type"":""MultiPoint"",""coordinates"":[]}"
25_00000000000000000023,1909598013,216923745,41860,H1,001,01675839,488,A,06001,+37.6471385,-121.9124880,06,36084,G4020,Alameda,Alameda County,06,2022-01-26,8.974927960974053,1643155200000,"{""type"":""MultiPoint"",""coordinates"":[]}"
25_0000000000000000001f,121375681,479216672,41860,H6,075,00277302,488,C,06075,+37.7272391,-123.0322294,06,41884,G4020,San Francisco,San Francisco County,06,2022-01-26,8.880443162014261,1643155200000,"{""type"":""MultiPoint"",""coordinates"":[]}"
26_00000000000000000021,1857233047,225282636,41860,H1,013,01675903,488,A,06013,+37.9194790,-121.9515431,06,36084,G4020,Contra Costa,Contra Costa County,06,2022-01-27,9.625601447352988,1643241600000,"{""type"":""MultiPoint"",""coordinates"":[]}"
26_00000000000000000023,1909598013,216923745,41860,H1,001,01675839,488,A,06001,+37.6471385,-121.9124880,06,36084,G4020,Alameda,Alameda County,06,2022-01-27,10.172751400548433,1643241600000,"{""type"":""MultiPoint"",""coordinates"":[]}"
26_0000000000000000001f,121375681,479216672,41860,H6,075,00277302,488,C,06075,+37.7272391,-123.0322294,06,41884,G4020,San Francisco,San Francisco County,06,2022-01-27,9.629923193689955,1643241600000,"{""type"":""MultiPoint"",""coordinates"":[]}"
27_00000000000000000021,1857233047,225282636,41860,H1,013,01675903,488,A,06013,+37.9194790,-121.9515431,06,36084,G4020,Contra Costa,Contra Costa County,06,2022-01-28,9.125789494651684,1643328000000,"{""type"":""MultiPoint"",""coordinates"":[]}"
27_00000000000000000023,1909598013,216923745,41860,H1,001,01675839,488,A,06001,+37.6471385,-121.9124880,06,36084,G4020,Alameda,Alameda County,06,2022-01-28,9.413287759377907,1643328000000,"{""type"":""MultiPoint"",""coordinates"":[]}"
27_0000000000000000001f,121375681,479216672,41860,H6,075,00277302,488,C,06075,+37.7272391,-123.0322294,06,41884,G4020,San Francisco,San Francisco County,06,2022-01-28,9.737743060163062,1643328000000,"{""type"":""MultiPoint"",""coordinates"":[]}"
28_00000000000000000021,1857233047,225282636,41860,H1,013,01675903,488,A,06013,+37.9194790,-121.9515431,06,36084,G4020,Contra Costa,Contra Costa County,06,2022-01-29,9.400367797165273,1643414400000,"{""type"":""MultiPoint"",""coordinates"":[]}"
28_00000000000000000023,1909598013,216923745,41860,H1,001,01675839,488,A,06001,+37.6471385,-121.9124880,06,36084,G4020,Alameda,Alameda County,06,2022-01-29,10.230359308478226,1643414400000,"{""type"":""MultiPoint"",""coordinates"":[]}"
28_0000000000000000001f,121375681,479216672,41860,H6,075,00277302,488,C,06075,+37.7272391,-123.0322294,06,41884,G4020,San Francisco,San Francisco County,06,2022-01-29,9.42184979963272,1643414400000,"{""type"":""MultiPoint"",""coordinates"":[]}"
29_00000000000000000021,1857233047,225282636,41860,H1,013,01675903,488,A,06013,+37.9194790,-121.9515431,06,36084,G4020,Contra Costa,Contra Costa County,06,2022-01-30,7.503624052073701,1643500800000,"{""type"":""MultiPoint"",""coordinates"":[]}"
29_00000000000000000023,1909598013,216923745,41860,H1,001,01675839,488,A,06001,+37.6471385,-121.9124880,06,36084,G4020,Alameda,Alameda County,06,2022-01-30,9.120721989951251,1643500800000,"{""type"":""MultiPoint"",""coordinates"":[]}"
29_0000000000000000001f,121375681,479216672,41860,H6,075,00277302,488,C,06075,+37.7272391,-123.0322294,06,41884,G4020,San Francisco,San Francisco County,06,2022-01-30,9.193522528692057,1643500800000,"{""type"":""MultiPoint"",""coordinates"":[]}"
30_00000000000000000021,1857233047,225282636,41860,H1,013,01675903,488,A,06013,+37.9194790,-121.9515431,06,36084,G4020,Contra Costa,Contra Costa County,06,2022-01-31,8.630027530987581,1643587200000,"{""type"":""MultiPoint"",""coordinates"":[]}"
30_00000000000000000023,1909598013,216923745,41860,H1,001,01675839,488,A,06001,+37.6471385,-121.9124880,06,36084,G4020,Alameda,Alameda County,06,2022-01-31,8.867045349357477,1643587200000,"{""type"":""MultiPoint"",""coordinates"":[]}"
30_0000000000000000001f,121375681,479216672,41860,H6,075,00277302,488,C,06075,+37.7272391,-123.0322294,06,41884,G4020,San Francisco,San Francisco County,06,2022-01-31,9.66423080882129,1643587200000,"{""type"":""MultiPoint"",""coordinates"":[]}"
31_00000000000000000021,1857233047,225282636,41860,H1,013,01675903,488,A,06013,+37.9194790,-121.9515431,06,36084,G4020,Contra Costa,Contra Costa County,06,2022-02-01,8.532548034769432,1643673600000,"{""type"":""MultiPoint"",""coordinates"":[]}"
31_00000000000000000023,1909598013,216923745,41860,H1,001,01675839,488,A,06001,+37.6471385,-121.9124880,06,36084,G4020,Alameda,Alameda County,06,2022-02-01,8.271644951107701,1643673600000,"{""type"":""MultiPoint"",""coordinates"":[]}"
31_0000000000000000001f,121375681,479216672,41860,H6,075,00277302,488,C,06075,+37.7272391,-123.0322294,06,41884,G4020,San Francisco,San Francisco County,06,2022-02-01,9.495702295653853,1643673600000,"{""type"":""MultiPoint"",""coordinates"":[]}"
32_00000000000000000021,1857233047,225282636,41860,H1,013,01675903,488,A,06013,+37.9194790,-121.9515431,06,36084,G4020,Contra Costa,Contra Costa County,06,2022-02-02,10.084481725933486,1643760000000,"{""type"":""MultiPoint"",""coordinates"":[]}"
32_00000000000000000023,1909598013,216923745,41860,H1,001,01675839,488,A,06001,+37.6471385,-121.9124880,06,36084,G4020,Alameda,Alameda County,06,2022-02-02,8.763410194127417,1643760000000,"{""type"":""MultiPoint"",""coordinates"":[]}"
32_0000000000000000001f,121375681,479216672,41860,H6,075,00277302,488,C,06075,+37.7272391,-123.0322294,06,41884,G4020,San Francisco,San Francisco County,06,2022-02-02,10.265790953842194,1643760000000,"{""type"":""MultiPoint"",""coordinates"":[]}"
33_00000000000000000021,1857233047,225282636,41860,H1,013,01675903,488,A,06013,+37.9194790,-121.9515431,06,36084,G4020,Contra Costa,Contra Costa County,06,2022-02-03,10.05947587300627,1643846400000,"{""type"":""MultiPoint"",""coordinates"":[]}"
33_00000000000000000023,1909598013,216923745,41860,H1,001,01675839,488,A,06001,+37.6471385,-121.9124880,06,36084,G4020,Alameda,Alameda County,06,2022-02-03,10.173562243145003,1643846400000,"{""type"":""MultiPoint"",""coordinates"":[]}"
33_0000000000000000001f,121375681,479216672,41860,H6,075,00277302,488,C,06075,+37.7272391,-123.0322294,06,41884,G4020,San Francisco,San Francisco County,06,2022-02-03,10.137743805148107,1643846400000,"{""type"":""MultiPoint"",""coordinates"":[]}"
34_00000000000000000021,1857233047,225282636,41860,H1,013,01675903,488,A,06013,+37.9194790,-121.9515431,06,36084,G4020,Contra Costa,Contra Costa County,06,2022-02-04,9.226874818501743,1643932800000,"{""type"":""MultiPoint"",""coordinates"":[]}"
34_00000000000000000023,1909598013,216923745,41860,H1,001,01675839,488,A,06001,+37.6471385,-121.9124880,06,36084,G4020,Alameda,Alameda County,06,2022-02-04,9.686810132449308,1643932800000,"{""type"":""MultiPoint"",""coordinates"":[]}"
34_0000000000000000001f,121375681,479216672,41860,H6,075,00277302,488,C,06075,+37.7272391,-123.0322294,06,41884,G4020,San Francisco,San Francisco County,06,2022-02-04,9.80782575232227,1643932800000,"{""type"":""MultiPoint"",""coordinates"":[]}"
35_00000000000000000021,1857233047,225282636,41860,H1,013,01675903,488,A,06013,+37.9194790,-121.9515431,06,36084,G4020,Contra Costa,Contra Costa County,06,2022-02-05,9.654162696599855,1644019200000,"{""type"":""MultiPoint"",""coordinates"":[]}"
35_00000000000000000023,1909598013,216923745,41860,H1,001,01675839,488,A,06001,+37.6471385,-121.9124880,06,36084,G4020,Alameda,Alameda County,06,2022-02-05,10.241300376474497,1644019200000,"{""type"":""MultiPoint"",""coordinates"":[]}"
35_0000000000000000001f,121375681,479216672,41860,H6,075,00277302,488,C,06075,+37.7272391,-123.0322294,06,41884,G4020,San Francisco,San Francisco County,06,2022-02-05,10.172568981974942,1644019200000,"{""type"":""MultiPoint"",""coordinates"":[]}"
36_00000000000000000021,1857233047,225282636,41860,H1,013,01675903,488,A,06013,+37.9194790,-121.9515431,06,36084,G4020,Contra Costa,Contra Costa County,06,2022-02-06,9.415869253397727,1644105600000,"{""type"":""MultiPoint"",""coordinates"":[]}"
36_00000000000000000023,1909598013,216923745,41860,H1,001,01675839,488,A,06001,+37.6471385,-121.9124880,06,36084,G4020,Alameda,Alameda County,06,2022-02-06,10.584121927713795,1644105600000,"{""type"":""MultiPoint"",""coordinates"":[]}"
36_0000000000000000001f,121375681,479216672,41860,H6,075,00277302,488,C,06075,+37.7272391,-123.0322294,06,41884,G4020,San Francisco,San Francisco County,06,2022-02-06,9.804185439109212,1644105600000,"{""type"":""MultiPoint"",""coordinates"":[]}"
37_00000000000000000021,1857233047,225282636,41860,H1,013,01675903,488,A,06013,+37.9194790,-121.9515431,06,36084,G4020,Contra Costa,Contra Costa County,06,2022-02-07,10.386602471592262,1644192000000,"{""type"":""MultiPoint"",""coordinates"":[]}"
37_00000000000000000023,1909598013,216923745,41860,H1,001,01675839,488,A,06001,+37.6471385,-121.9124880,06,36084,G4020,Alameda,Alameda County,06,2022-02-07,11.627987616057323,1644192000000,"{""type"":""MultiPoint"",""coordinates"":[]}"
37_0000000000000000001f,121375681,479216672,41860,H6,075,00277302,488,C,06075,+37.7272391,-123.0322294,06,41884,G4020,San Francisco,San Francisco County,06,2022-02-07,10.48171047306617,1644192000000,"{""type"":""MultiPoint"",""coordinates"":[]}"
38_00000000000000000021,1857233047,225282636,41860,H1,013,01675903,488,A,06013,+37.9194790,-121.9515431,06,36084,G4020,Contra Costa,Contra Costa County,06,2022-02-08,11.734337484372244,1644278400000,"{""type"":""MultiPoint"",""coordinates"":[]}"
38_00000000000000000023,1909598013,216923745,41860,H1,001,01675839,488,A,06001,+37.6471385,-121.9124880,06,36084,G4020,Alameda,Alameda County,06,2022-02-08,12.7293716471669,1644278400000,"{""type"":""MultiPoint"",""coordinates"":[]}"
38_0000000000000000001f,121375681,479216672,41860,H6,075,00277302,488,C,06075,+37.7272391,-123.0322294,06,41884,G4020,San Francisco,San Francisco County,06,2022-02-08,11.395629004522121,1644278400000,"{""type"":""MultiPoint"",""coordinates"":[]}"
39_00000000000000000021,1857233047,225282636,41860,H1,013,01675903,488,A,06013,+37.9194790,-121.9515431,06,36084,G4020,Contra Costa,Contra Costa County,06,2022-02-09,13.143648708197302,1644364800000,"{""type"":""MultiPoint"",""coordinates"":[]}"
39_00000000000000000023,1909598013,216923745,41860,H1,001,01675839,488,A,06001,+37.6471385,-121.9124880,06,36084,G4020,Alameda,Alameda County,06,2022-02-09,13.372773766752916,1644364800000,"{""type"":""MultiPoint"",""coordinates"":[]}"
39_0000000000000000001f,121375681,479216672,41860,H6,075,00277302,488,C,06075,+37.7272391,-123.0322294,06,41884,G4020,San Francisco,San Francisco County,06,2022-02-09,13.27479430222653,1644364800000,"{""type"":""MultiPoint"",""coordinates"":[]}"
40_00000000000000000021,1857233047,225282636,41860,H1,013,01675903,488,A,06013,+37.9194790,-121.9515431,06,36084,G4020,Contra Costa,Contra Costa County,06,2022-02-10,14.224798437609705,1644451200000,"{""type"":""MultiPoint"",""coordinates"":[]}"
40_00000000000000000023,1909598013,216923745,41860,H1,001,01675839,488,A,06001,+37.6471385,-121.9124880,06,36084,G4020,Alameda,Alameda County,06,2022-02-10,14.768989571273359,1644451200000,"{""type"":""MultiPoint"",""coordinates"":[]}"
40_0000000000000000001f,121375681,479216672,41860,H6,075,00277302,488,C,06075,+37.7272391,-123.0322294,06,41884,G4020,San Francisco,San Francisco County,06,2022-02-10,14.752706441381262,1644451200000,"{""type"":""MultiPoint"",""coordinates"":[]}"
41_00000000000000000021,1857233047,225282636,41860,H1,013,01675903,488,A,06013,+37.9194790,-121.9515431,06,36084,G4020,Contra Costa,Contra Costa County,06,2022-02-11,14.658385744389083,1644537600000,"{""type"":""MultiPoint"",""coordinates"":[]}"
41_00000000000000000023,1909598013,216923745,41860,H1,001,01675839,488,A,06001,+37.6471385,-121.9124880,06,36084,G4020,Alameda,Alameda County,06,2022-02-11,15.9636115609164,1644537600000,"{""type"":""MultiPoint"",""coordinates"":[]}"
41_0000000000000000001f,121375681,479216672,41860,H6,075,00277302,488,C,06075,+37.7272391,-123.0322294,06,41884,G4020,San Francisco,San Francisco County,06,2022-02-11,14.828657229956649,1644537600000,"{""type"":""MultiPoint"",""coordinates"":[]}"
42_00000000000000000021,1857233047,225282636,41860,H1,013,01675903,488,A,06013,+37.9194790,-121.9515431,06,36084,G4020,Contra Costa,Contra Costa County,06,2022-02-12,14.592465313738785,1644624000000,"{""type"":""MultiPoint"",""coordinates"":[]}"
42_00000000000000000023,1909598013,216923745,41860,H1,001,01675839,488,A,06001,+37.6471385,-121.9124880,06,36084,G4020,Alameda,Alameda County,06,2022-02-12,15.754683876889256,1644624000000,"{""type"":""MultiPoint"",""coordinates"":[]}"
42_0000000000000000001f,121375681,479216672,41860,H6,075,00277302,488,C,06075,+37.7272391,-123.0322294,06,41884,G4020,San Francisco,San Francisco County,06,2022-02-12,14.54384873228487,1644624000000,"{""type"":""MultiPoint"",""coordinates"":[]}"
43_00000000000000000021,1857233047,225282636,41860,H1,013,01675903,488,A,06013,+37.9194790,-121.9515431,06,36084,G4020,Contra Costa,Contra Costa County,06,2022-02-13,15.001436673278604,1644710400000,"{""type"":""MultiPoint"",""coordinates"":[]}"
43_00000000000000000023,1909598013,216923745,41860,H1,001,01675839,488,A,06001,+37.6471385,-121.9124880,06,36084,G4020,Alameda,Alameda County,06,2022-02-13,16.372437023883926,1644710400000,"{""type"":""MultiPoint"",""coordinates"":[]}"
43_0000000000000000001f,121375681,479216672,41860,H6,075,00277302,488,C,06075,+37.7272391,-123.0322294,06,41884,G4020,San Francisco,San Francisco County,06,2022-02-13,14.939506867468435,1644710400000,"{""type"":""MultiPoint"",""coordinates"":[]}"
44_00000000000000000021,1857233047,225282636,41860,H1,013,01675903,488,A,06013,+37.9194790,-121.9515431,06,36084,G4020,Contra Costa,Contra Costa County,06,2022-02-14,11.901553294283971,1644796800000,"{""type"":""MultiPoint"",""coordinates"":[]}"
44_00000000000000000023,1909598013,216923745,41860,H1,001,01675839,488,A,06001,+37.6471385,-121.9124880,06,36084,G4020,Alameda,Alameda County,06,2022-02-14,12.37915171810435,1644796800000,"{""type"":""MultiPoint"",""coordinates"":[]}"
44_0000000000000000001f,121375681,479216672,41860,H6,075,00277302,488,C,06075,+37.7272391,-123.0322294,06,41884,G4020,San Francisco,San Francisco County,06,2022-02-14,11.740170491487309,1644796800000,"{""type"":""MultiPoint"",""coordinates"":[]}"
45_00000000000000000021,1857233047,225282636,41860,H1,013,01675903,488,A,06013,+37.9194790,-121.9515431,06,36084,G4020,Contra Costa,Contra Costa County,06,2022-02-15,9.636907430624849,1644883200000,"{""type"":""MultiPoint"",""coordinates"":[]}"
45_00000000000000000023,1909598013,216923745,41860,H1,001,01675839,488,A,06001,+37.6471385,-121.9124880,06,36084,G4020,Alameda,Alameda County,06,2022-02-15,8.607521623077677,1644883200000,"{""type"":""MultiPoint"",""coordinates"":[]}"
45_0000000000000000001f,121375681,479216672,41860,H6,075,00277302,488,C,06075,+37.7272391,-123.0322294,06,41884,G4020,San Francisco,San Francisco County,06,2022-02-15,10.138481871594497,1644883200000,"{""type"":""MultiPoint"",""coordinates"":[]}"
46_00000000000000000021,1857233047,225282636,41860,H1,013,01675903,488,A,06013,+37.9194790,-121.9515431,06,36084,G4020,Contra Costa,Contra Costa County,06,2022-02-16,12.019474226001712,1644969600000,"{""type"":""MultiPoint"",""coordinates"":[]}"
46_00000000000000000023,1909598013,216923745,41860,H1,001,01675839,488,A,06001,+37.6471385,-121.9124880,06,36084,G4020,Alameda,Alameda County,06,2022-02-16,10.907178048365763,1644969600000,"{""type"":""MultiPoint"",""coordinates"":[]}"
46_0000000000000000001f,121375681,479216672,41860,H6,075,00277302,488,C,06075,+37.7272391,-123.0322294,06,41884,G4020,San Francisco,San Francisco County,06,2022-02-16,11.670520805590106,1644969600000,"{""type"":""MultiPoint"",""coordinates"":[]}"
47_00000000000000000021,1857233047,225282636,41860,H1,013,01675903,488,A,06013,+37.9194790,-121.9515431,06,36084,G4020,Contra Costa,Contra Costa County,06,2022-02-17,13.562515872897094,1645056000000,"{""type"":""MultiPoint"",""coordinates"":[]}"
47_00000000000000000023,1909598013,216923745,41860,H1,001,01675839,488,A,06001,+37.6471385,-121.9124880,06,36084,G4020,Alameda,Alameda County,06,2022-02-17,12.859148583786235,1645056000000,"{""type"":""MultiPoint"",""coordinates"":[]}"
47_0000000000000000001f,121375681,479216672,41860,H6,075,00277302,488,C,06075,+37.7272391,-123.0322294,06,41884,G4020,San Francisco,San Francisco County,06,2022-02-17,13.822190224840009,1645056000000,"{""type"":""MultiPoint"",""coordinates"":[]}"
48_00000000000000000021,1857233047,225282636,41860,H1,013,01675903,488,A,06013,+37.9194790,-121.9515431,06,36084,G4020,Contra Costa,Contra Costa County,06,2022-02-18,11.27901438305631,1645142400000,"{""type"":""MultiPoint"",""coordinates"":[]}"
48_00000000000000000023,1909598013,216923745,41860,H1,001,01675839,488,A,06001,+37.6471385,-121.9124880,06,36084,G4020,Alameda,Alameda County,06,2022-02-18,11.958098674021606,1645142400000,"{""type"":""MultiPoint"",""coordinates"":[]}"
48_0000000000000000001f,121375681,479216672,41860,H6,075,00277302,488,C,06075,+37.7272391,-123.0322294,06,41884,G4020,San Francisco,San Francisco County,06,2022-02-18,11.821893161746662,1645142400000,"{""type"":""MultiPoint"",""coordinates"":[]}"
49_00000000000000000021,1857233047,225282636,41860,H1,013,01675903,488,A,06013,+37.9194790,-121.9515431,06,36084,G4020,Contra Costa,Contra Costa County,06,2022-02-19,12.45404279757801,1645228800000,"{""type"":""MultiPoint"",""coordinates"":[]}"
49_00000000000000000023,1909598013,216923745,41860,H1,001,01675839,488,A,06001,+37.6471385,-121.9124880,06,36084,G4020,Alameda,Alameda County,06,2022-02-19,12.995486579118266,1645228800000,"{""type"":""MultiPoint"",""coordinates"":[]}"
49_0000000000000000001f,121375681,479216672,41860,H6,075,00277302,488,C,06075,+37.7272391,-123.0322294,06,41884,G4020,San Francisco,San Francisco County,06,2022-02-19,11.933937945633398,1645228800000,"{""type"":""MultiPoint"",""coordinates"":[]}"
50_00000000000000000021,1857233047,225282636,41860,H1,013,01675903,488,A,06013,+37.9194790,-121.9515431,06,36084,G4020,Contra Costa,Contra Costa County,06,2022-02-20,10.885241497210595,1645315200000,"{""type"":""MultiPoint"",""coordinates"":[]}"
50_00000000000000000023,1909598013,216923745,41860,H1,001,01675839,488,A,06001,+37.6471385,-121.9124880,06,36084,G4020,Alameda,Alameda County,06,2022-02-20,11.20532587222878,1645315200000,"{""type"":""MultiPoint"",""coordinates"":[]}"
50_0000000000000000001f,121375681,479216672,41860,H6,075,00277302,488,C,06075,+37.7272391,-123.0322294,06,41884,G4020,San Francisco,San Francisco County,06,2022-02-20,10.850535747299372,1645315200000,"{""type"":""MultiPoint"",""coordinates"":[]}"
51_00000000000000000021,1857233047,225282636,41860,H1,013,01675903,488,A,06013,+37.9194790,-121.9515431,06,36084,G4020,Contra Costa,Contra Costa County,06,2022-02-21,8.746865394190504,1645401600000,"{""type"":""MultiPoint"",""coordinates"":[]}"
51_00000000000000000023,1909598013,216923745,41860,H1,001,01675839,488,A,06001,+37.6471385,-121.9124880,06,36084,G4020,Alameda,Alameda County,06,2022-02-21,7.625266138355105,1645401600000,"{""type"":""MultiPoint"",""coordinates"":[]}"
51_0000000000000000001f,121375681,479216672,41860,H6,075,00277302,488,C,06075,+37.7272391,-123.0322294,06,41884,G4020,San Francisco,San Francisco County,06,2022-02-21,8.998800127434034,1645401600000,"{""type"":""MultiPoint"",""coordinates"":[]}"
52_00000000000000000021,1857233047,225282636,41860,H1,013,01675903,488,A,06013,+37.9194790,-121.9515431,06,36084,G4020,Contra Costa,Contra Costa County,06,2022-02-22,7.849970550909613,1645488000000,"{""type"":""MultiPoint"",""coordinates"":[]}"
52_00000000000000000023,1909598013,216923745,41860,H1,001,01675839,488,A,06001,+37.6471385,-121.9124880,06,36084,G4020,Alameda,Alameda County,06,2022-02-22,7.011343174412863,1645488000000,"{""type"":""MultiPoint"",""coordinates"":[]}"
52_0000000000000000001f,121375681,479216672,41860,H6,075,00277302,488,C,06075,+37.7272391,-123.0322294,06,41884,G4020,San Francisco,San Francisco County,06,2022-02-22,8.370748014222583,1645488000000,"{""type"":""MultiPoint"",""coordinates"":[]}"
53_00000000000000000021,1857233047,225282636,41860,H1,013,01675903,488,A,06013,+37.9194790,-121.9515431,06,36084,G4020,Contra Costa,Contra Costa County,06,2022-02-23,5.593699902449014,1645574400000,"{""type"":""MultiPoint"",""coordinates"":[]}"
53_00000000000000000023,1909598013,216923745,41860,H1,001,01675839,488,A,06001,+37.6471385,-121.9124880,06,36084,G4020,Alameda,Alameda County,06,2022-02-23,4.938763708080265,1645574400000,"{""type"":""MultiPoint"",""coordinates"":[]}"
53_0000000000000000001f,121375681,479216672,41860,H6,075,00277302,488,C,06075,+37.7272391,-123.0322294,06,41884,G4020,San Francisco,San Francisco County,06,2022-02-23,6.863758208657939,1645574400000,"{""type"":""MultiPoint"",""coordinates"":[]}"
54_00000000000000000021,1857233047,225282636,41860,H1,013,01675903,488,A,06013,+37.9194790,-121.9515431,06,36084,G4020,Contra Costa,Contra Costa County,06,2022-02-24,7.013743319956725,1645660800000,"{""type"":""MultiPoint"",""coordinates"":[]}"
54_00000000000000000023,1909598013,216923745,41860,H1,001,01675839,488,A,06001,+37.6471385,-121.9124880,06,36084,G4020,Alameda,Alameda County,06,2022-02-24,6.864862818818128,1645660800000,"{""type"":""MultiPoint"",""coordinates"":[]}"
54_0000000000000000001f,121375681,479216672,41860,H6,075,00277302,488,C,06075,+37.7272391,-123.0322294,06,41884,G4020,San Francisco,San Francisco County,06,2022-02-24,8.165929366111165,1645660800000,"{""type"":""MultiPoint"",""coordinates"":[]}"
55_00000000000000000021,1857233047,225282636,41860,H1,013,01675903,488,A,06013,+37.9194790,-121.9515431,06,36084,G4020,Contra Costa,Contra Costa County,06,2022-02-25,7.121392366776446,1645747200000,"{""type"":""MultiPoint"",""coordinates"":[]}"
55_00000000000000000023,1909598013,216923745,41860,H1,001,01675839,488,A,06001,+37.6471385,-121.9124880,06,36084,G4020,Alameda,Alameda County,06,2022-02-25,7.228098876084264,1645747200000,"{""type"":""MultiPoint"",""coordinates"":[]}"
55_0000000000000000001f,121375681,479216672,41860,H6,075,00277302,488,C,06075,+37.7272391,-123.0322294,06,41884,G4020,San Francisco,San Francisco County,06,2022-02-25,8.173725118089864,1645747200000,"{""type"":""MultiPoint"",""coordinates"":[]}"
56_00000000000000000021,1857233047,225282636,41860,H1,013,01675903,488,A,06013,+37.9194790,-121.9515431,06,36084,G4020,Contra Costa,Contra Costa County,06,2022-02-26,8.18393283755632,1645833600000,"{""type"":""MultiPoint"",""coordinates"":[]}"
56_00000000000000000023,1909598013,216923745,41860,H1,001,01675839,488,A,06001,+37.6471385,-121.9124880,06,36084,G4020,Alameda,Alameda County,06,2022-02-26,8.873570368422847,1645833600000,"{""type"":""MultiPoint"",""coordinates"":[]}"
56_0000000000000000001f,121375681,479216672,41860,H6,075,00277302,488,C,06075,+37.7272391,-123.0322294,06,41884,G4020,San Francisco,San Francisco County,06,2022-02-26,9.216404267144474,1645833600000,"{""type"":""MultiPoint"",""coordinates"":[]}"
57_00000000000000000021,1857233047,225282636,41860,H1,013,01675903,488,A,06013,+37.9194790,-121.9515431,06,36084,G4020,Contra Costa,Contra Costa County,06,2022-02-27,11.601959648064977,1645920000000,"{""type"":""MultiPoint"",""coordinates"":[]}"
57_00000000000000000023,1909598013,216923745,41860,H1,001,01675839,488,A,06001,+37.6471385,-121.9124880,06,36084,G4020,Alameda,Alameda County,06,2022-02-27,11.694994073271362,1645920000000,"{""type"":""MultiPoint"",""coordinates"":[]}"
57_0000000000000000001f,121375681,479216672,41860,H6,075,00277302,488,C,06075,+37.7272391,-123.0322294,06,41884,G4020,San Francisco,San Francisco County,06,2022-02-27,11.097994039844227,1645920000000,"{""type"":""MultiPoint"",""coordinates"":[]}"
58_00000000000000000021,1857233047,225282636,41860,H1,013,01675903,488,A,06013,+37.9194790,-121.9515431,06,36084,G4020,Contra Costa,Contra Costa County,06,2022-02-28,12.752219367371536,1646006400000,"{""type"":""MultiPoint"",""coordinates"":[]}"
58_00000000000000000023,1909598013,216923745,41860,H1,001,01675839,488,A,06001,+37.6471385,-121.9124880,06,36084,G4020,Alameda,Alameda County,06,2022-02-28,13.847604377582163,1646006400000,"{""type"":""MultiPoint"",""coordinates"":[]}"
58_0000000000000000001f,121375681,479216672,41860,H6,075,00277302,488,C,06075,+37.7272391,-123.0322294,06,41884,G4020,San Francisco,San Francisco County,06,2022-02-28,12.261400295087894,1646006400000,"{""type"":""MultiPoint"",""coordinates"":[]}"
59_00000000000000000021,1857233047,225282636,41860,H1,013,01675903,488,A,06013,+37.9194790,-121.9515431,06,36084,G4020,Contra Costa,Contra Costa County,06,2022-03-01,13.223424917363541,1646092800000,"{""type"":""MultiPoint"",""coordinates"":[]}"
59_00000000000000000023,1909598013,216923745,41860,H1,001,01675839,488,A,06001,+37.6471385,-121.9124880,06,36084,G4020,Alameda,Alameda County,06,2022-03-01,13.881171358799426,1646092800000,"{""type"":""MultiPoint"",""coordinates"":[]}"
59_0000000000000000001f,121375681,479216672,41860,H6,075,00277302,488,C,06075,+37.7272391,-123.0322294,06,41884,G4020,San Francisco,San Francisco County,06,2022-03-01,12.149429210365259,1646092800000,"{""type"":""MultiPoint"",""coordinates"":[]}"
60_00000000000000000021,1857233047,225282636,41860,H1,013,01675903,488,A,06013,+37.9194790,-121.9515431,06,36084,G4020,Contra Costa,Contra Costa County,06,2022-03-02,13.271440091623004,1646179200000,"{""type"":""MultiPoint"",""coordinates"":[]}"
60_00000000000000000023,1909598013,216923745,41860,H1,001,01675839,488,A,06001,+37.6471385,-121.9124880,06,36084,G4020,Alameda,Alameda County,06,2022-03-02,13.84699749512105,1646179200000,"{""type"":""MultiPoint"",""coordinates"":[]}"
60_0000000000000000001f,121375681,479216672,41860,H6,075,00277302,488,C,06075,+37.7272391,-123.0322294,06,41884,G4020,San Francisco,San Francisco County,06,2022-03-02,12.034986842516417,1646179200000,"{""type"":""MultiPoint"",""coordinates"":[]}"
61_00000000000000000021,1857233047,225282636,41860,H1,013,01675903,488,A,06013,+37.9194790,-121.9515431,06,36084,G4020,Contra Costa,Contra Costa County,06,2022-03-03,11.967329051143697,1646265600000,"{""type"":""MultiPoint"",""coordinates"":[]}"
61_00000000000000000023,1909598013,216923745,41860,H1,001,01675839,488,A,06001,+37.6471385,-121.9124880,06,36084,G4020,Alameda,Alameda County,06,2022-03-03,12.188172988929475,1646265600000,"{""type"":""MultiPoint"",""coordinates"":[]}"
61_0000000000000000001f,121375681,479216672,41860,H6,075,00277302,488,C,06075,+37.7272391,-123.0322294,06,41884,G4020,San Francisco,San Francisco County,06,2022-03-03,11.03625135440201,1646265600000,"{""type"":""MultiPoint"",""coordinates"":[]}"
62_00000000000000000021,1857233047,225282636,41860,H1,013,01675903,488,A,06013,+37.9194790,-121.9515431,06,36084,G4020,Contra Costa,Contra Costa County,06,2022-03-04,11.361900932801,1646352000000,"{""type"":""MultiPoint"",""coordinates"":[]}"
62_00000000000000000023,1909598013,216923745,41860,H1,001,01675839,488,A,06001,+37.6471385,-121.9124880,06,36084,G4020,Alameda,Alameda County,06,2022-03-04,10.627137834256581,1646352000000,"{""type"":""MultiPoint"",""coordinates"":[]}"
62_0000000000000000001f,121375681,479216672,41860,H6,075,00277302,488,C,06075,+37.7272391,-123.0322294,06,41884,G4020,San Francisco,San Francisco County,06,2022-03-04,10.712050181277602,1646352000000,"{""type"":""MultiPoint"",""coordinates"":[]}"
63_00000000000000000021,1857233047,225282636,41860,H1,013,01675903,488,A,06013,+37.9194790,-121.9515431,06,36084,G4020,Contra Costa,Contra Costa County,06,2022-03-05,7.833794846440142,1646438400000,"{""type"":""MultiPoint"",""coordinates"":[]}"
63_00000000000000000023,1909598013,216923745,41860,H1,001,01675839,488,A,06001,+37.6471385,-121.9124880,06,36084,G4020,Alameda,Alameda County,06,2022-03-05,6.975456038215838,1646438400000,"{""type"":""MultiPoint"",""coordinates"":[]}"
63_0000000000000000001f,121375681,479216672,41860,H6,075,00277302,488,C,06075,+37.7272391,-123.0322294,06,41884,G4020,San Francisco,San Francisco County,06,2022-03-05,8.471521103082395,1646438400000,"{""type"":""MultiPoint"",""coordinates"":[]}"
64_00000000000000000021,1857233047,225282636,41860,H1,013,01675903,488,A,06013,+37.9194790,-121.9515431,06,36084,G4020,Contra Costa,Contra Costa County,06,2022-03-06,8.403223490950323,1646524800000,"{""type"":""MultiPoint"",""coordinates"":[]}"
64_00000000000000000023,1909598013,216923745,41860,H1,001,01675839,488,A,06001,+37.6471385,-121.9124880,06,36084,G4020,Alameda,Alameda County,06,2022-03-06,8.304420019908598,1646524800000,"{""type"":""MultiPoint"",""coordinates"":[]}"
64_0000000000000000001f,121375681,479216672,41860,H6,075,00277302,488,C,06075,+37.7272391,-123.0322294,06,41884,G4020,San Francisco,San Francisco County,06,2022-03-06,9.27374934326214,1646524800000,"{""type"":""MultiPoint"",""coordinates"":[]}"
65_00000000000000000021,1857233047,225282636,41860,H1,013,01675903,488,A,06013,+37.9194790,-121.9515431,06,36084,G4020,Contra Costa,Contra Costa County,06,2022-03-07,10.075798477992317,1646611200000,"{""type"":""MultiPoint"",""coordinates"":[]}"
65_00000000000000000023,1909598013,216923745,41860,H1,001,01675839,488,A,06001,+37.6471385,-121.9124880,06,36084,G4020,Alameda,Alameda County,06,2022-03-07,9.615680077491156,1646611200000,"{""type"":""MultiPoint"",""coordinates"":[]}"
65_0000000000000000001f,121375681,479216672,41860,H6,075,00277302,488,C,06075,+37.7272391,-123.0322294,06,41884,G4020,San Francisco,San Francisco County,06,2022-03-07,10.374103210173796,1646611200000,"{""type"":""MultiPoint"",""coordinates"":[]}"
66_00000000000000000021,1857233047,225282636,41860,H1,013,01675903,488,A,06013,+37.9194790,-121.9515431,06,36084,G4020,Contra Costa,Contra Costa County,06,2022-03-08,14.440979550849931,1646697600000,"{""type"":""MultiPoint"",""coordinates"":[]}"
66_00000000000000000023,1909598013,216923745,41860,H1,001,01675839,488,A,06001,+37.6471385,-121.9124880,06,36084,G4020,Alameda,Alameda County,06,2022-03-08,14.167441826545925,1646697600000,"{""type"":""MultiPoint"",""coordinates"":[]}"
66_0000000000000000001f,121375681,479216672,41860,H6,075,00277302,488,C,06075,+37.7272391,-123.0322294,06,41884,G4020,San Francisco,San Francisco County,06,2022-03-08,13.808911085344024,1646697600000,"{""type"":""MultiPoint"",""coordinates"":[]}"
67_00000000000000000021,1857233047,225282636,41860,H1,013,01675903,488,A,06013,+37.9194790,-121.9515431,06,36084,G4020,Contra Costa,Contra Costa County,06,2022-03-09,12.34942068153669,1646784000000,"{""type"":""MultiPoint"",""coordinates"":[]}"
67_00000000000000000023,1909598013,216923745,41860,H1,001,01675839,488,A,06001,+37.6471385,-121.9124880,06,36084,G4020,Alameda,Alameda County,06,2022-03-09,12.537746730228513,1646784000000,"{""type"":""MultiPoint"",""coordinates"":[]}"
67_0000000000000000001f,121375681,479216672,41860,H6,075,00277302,488,C,06075,+37.7272391,-123.0322294,06,41884,G4020,San Francisco,San Francisco County,06,2022-03-09,12.229832975484754,1646784000000,"{""type"":""MultiPoint"",""coordinates"":[]}"
68_00000000000000000021,1857233047,225282636,41860,H1,013,01675903,488,A,06013,+37.9194790,-121.9515431,06,36084,G4020,Contra Costa,Contra Costa County,06,2022-03-10,11.868086660957136,1646870400000,"{""type"":""MultiPoint"",""coordinates"":[]}"
68_00000000000000000023,1909598013,216923745,41860,H1,001,01675839,488,A,06001,+37.6471385,-121.9124880,06,36084,G4020,Alameda,Alameda County,06,2022-03-10,10.548242346472032,1646870400000,"{""type"":""MultiPoint"",""coordinates"":[]}"
68_0000000000000000001f,121375681,479216672,41860,H6,075,00277302,488,C,06075,+37.7272391,-123.0322294,06,41884,G4020,San Francisco,San Francisco County,06,2022-03-10,11.720433253983714,1646870400000,"{""type"":""MultiPoint"",""coordinates"":[]}"
69_00000000000000000021,1857233047,225282636,41860,H1,013,01675903,488,A,06013,+37.9194790,-121.9515431,06,36084,G4020,Contra Costa,Contra Costa County,06,2022-03-11,13.03103446219464,1646956800000,"{""type"":""MultiPoint"",""coordinates"":[]}"
69_00000000000000000023,1909598013,216923745,41860,H1,001,01675839,488,A,06001,+37.6471385,-121.9124880,06,36084,G4020,Alameda,Alameda County,06,2022-03-11,13.178404140751054,1646956800000,"{""type"":""MultiPoint"",""coordinates"":[]}"
69_0000000000000000001f,121375681,479216672,41860,H6,075,00277302,488,C,06075,+37.7272391,-123.0322294,06,41884,G4020,San Francisco,San Francisco County,06,2022-03-11,12.1287308314783,1646956800000,"{""type"":""MultiPoint"",""coordinates"":[]}"
70_00000000000000000021,1857233047,225282636,41860,H1,013,01675903,488,A,06013,+37.9194790,-121.9515431,06,36084,G4020,Contra Costa,Contra Costa County,06,2022-03-12,11.969825651629087,1647043200000,"{""type"":""MultiPoint"",""coordinates"":[]}"
70_00000000000000000023,1909598013,216923745,41860,H1,001,01675839,488,A,06001,+37.6471385,-121.9124880,06,36084,G4020,Alameda,Alameda County,06,2022-03-12,12.857286381205023,1647043200000,"{""type"":""MultiPoint"",""coordinates"":[]}"
70_0000000000000000001f,121375681,479216672,41860,H6,075,00277302,488,C,06075,+37.7272391,-123.0322294,06,41884,G4020,San Francisco,San Francisco County,06,2022-03-12,10.932534004226216,1647043200000,"{""type"":""MultiPoint"",""coordinates"":[]}"
71_00000000000000000021,1857233047,225282636,41860,H1,013,01675903,488,A,06013,+37.9194790,-121.9515431,06,36084,G4020,Contra Costa,Contra Costa County,06,2022-03-13,12.252771285554283,1647129600000,"{""type"":""MultiPoint"",""coordinates"":[]}"
71_00000000000000000023,1909598013,216923745,41860,H1,001,01675839,488,A,06001,+37.6471385,-121.9124880,06,36084,G4020,Alameda,Alameda County,06,2022-03-13,11.67928397015317,1647129600000,"{""type"":""MultiPoint"",""coordinates"":[]}"
71_0000000000000000001f,121375681,479216672,41860,H6,075,00277302,488,C,06075,+37.7272391,-123.0322294,06,41884,G4020,San Francisco,San Francisco County,06,2022-03-13,11.759052935513601,1647129600000,"{""type"":""MultiPoint"",""coordinates"":[]}"
72_00000000000000000021,1857233047,225282636,41860,H1,013,01675903,488,A,06013,+37.9194790,-121.9515431,06,36084,G4020,Contra Costa,Contra Costa County,06,2022-03-14,11.705112683058575,1647216000000,"{""type"":""MultiPoint"",""coordinates"":[]}"
72_00000000000000000023,1909598013,216923745,41860,H1,001,01675839,488,A,06001,+37.6471385,-121.9124880,06,36084,G4020,Alameda,Alameda County,06,2022-03-14,11.50142838078716,1647216000000,"{""type"":""MultiPoint"",""coordinates"":[]}"
72_0000000000000000001f,121375681,479216672,41860,H6,075,00277302,488,C,06075,+37.7272391,-123.0322294,06,41884,G4020,San Francisco,San Francisco County,06,2022-03-14,11.187317343145567,1647216000000,"{""type"":""MultiPoint"",""coordinates"":[]}"
73_00000000000000000021,1857233047,225282636,41860,H1,013,01675903,488,A,06013,+37.9194790,-121.9515431,06,36084,G4020,Contra Costa,Contra Costa County,06,2022-03-15,14.51072773579264,1647302400000,"{""type"":""MultiPoint"",""coordinates"":[]}"
73_00000000000000000023,1909598013,216923745,41860,H1,001,01675839,488,A,06001,+37.6471385,-121.9124880,06,36084,G4020,Alameda,Alameda County,06,2022-03-15,13.831586931322345,1647302400000,"{""type"":""MultiPoint"",""coordinates"":[]}"
73_0000000000000000001f,121375681,479216672,41860,H6,075,00277302,488,C,06075,+37.7272391,-123.0322294,06,41884,G4020,San Francisco,San Francisco County,06,2022-03-15,13.705665776285366,1647302400000,"{""type"":""MultiPoint"",""coordinates"":[]}"
74_00000000000000000021,1857233047,225282636,41860,H1,013,01675903,488,A,06013,+37.9194790,-121.9515431,06,36084,G4020,Contra Costa,Contra Costa County,06,2022-03-16,12.785365945339167,1647388800000,"{""type"":""MultiPoint"",""coordinates"":[]}"
74_00000000000000000023,1909598013,216923745,41860,H1,001,01675839,488,A,06001,+37.6471385,-121.9124880,06,36084,G4020,Alameda,Alameda County,06,2022-03-16,11.859685298927484,1647388800000,"{""type"":""MultiPoint"",""coordinates"":[]}"
74_0000000000000000001f,121375681,479216672,41860,H6,075,00277302,488,C,06075,+37.7272391,-123.0322294,06,41884,G4020,San Francisco,San Francisco County,06,2022-03-16,12.119880832202357,1647388800000,"{""type"":""MultiPoint"",""coordinates"":[]}"
75_00000000000000000021,1857233047,225282636,41860,H1,013,01675903,488,A,06013,+37.9194790,-121.9515431,06,36084,G4020,Contra Costa,Contra Costa County,06,2022-03-17,13.140756498998352,1647475200000,"{""type"":""MultiPoint"",""coordinates"":[]}"
75_00000000000000000023,1909598013,216923745,41860,H1,001,01675839,488,A,06001,+37.6471385,-121.9124880,06,36084,G4020,Alameda,Alameda County,06,2022-03-17,12.204118879598038,1647475200000,"{""type"":""MultiPoint"",""coordinates"":[]}"
75_0000000000000000001f,121375681,479216672,41860,H6,075,00277302,488,C,06075,+37.7272391,-123.0322294,06,41884,G4020,San Francisco,San Francisco County,06,2022-03-17,11.697822193020336,1647475200000,"{""type"":""MultiPoint"",""coordinates"":[]}"
76_00000000000000000021,1857233047,225282636,41860,H1,013,01675903,488,A,06013,+37.9194790,-121.9515431,06,36084,G4020,Contra Costa,Contra Costa County,06,2022-03-18,12.288774661655278,1647561600000,"{""type"":""MultiPoint"",""coordinates"":[]}"
76_00000000000000000023,1909598013,216923745,41860,H1,001,01675839,488,A,06001,+37.6471385,-121.9124880,06,36084,G4020,Alameda,Alameda County,06,2022-03-18,12.108556911854821,1647561600000,"{""type"":""MultiPoint"",""coordinates"":[]}"
76_0000000000000000001f,121375681,479216672,41860,H6,075,00277302,488,C,06075,+37.7272391,-123.0322294,06,41884,G4020,San Francisco,San Francisco County,06,2022-03-18,11.157745773049825,1647561600000,"{""type"":""MultiPoint"",""coordinates"":[]}"
77_00000000000000000021,1857233047,225282636,41860,H1,013,01675903,488,A,06013,+37.9194790,-121.9515431,06,36084,G4020,Contra Costa,Contra Costa County,06,2022-03-19,12.11607119773327,1647648000000,"{""type"":""MultiPoint"",""coordinates"":[]}"
77_00000000000000000023,1909598013,216923745,41860,H1,001,01675839,488,A,06001,+37.6471385,-121.9124880,06,36084,G4020,Alameda,Alameda County,06,2022-03-19,11.559984208078582,1647648000000,"{""type"":""MultiPoint"",""coordinates"":[]}"
77_0000000000000000001f,121375681,479216672,41860,H6,075,00277302,488,C,06075,+37.7272391,-123.0322294,06,41884,G4020,San Francisco,San Francisco County,06,2022-03-19,11.135014281036186,1647648000000,"{""type"":""MultiPoint"",""coordinates"":[]}"
78_00000000000000000021,1857233047,225282636,41860,H1,013,01675903,488,A,06013,+37.9194790,-121.9515431,06,36084,G4020,Contra Costa,Contra Costa County,06,2022-03-20,11.555040146235418,1647734400000,"{""type"":""MultiPoint"",""coordinates"":[]}"
78_00000000000000000023,1909598013,216923745,41860,H1,001,01675839,488,A,06001,+37.6471385,-121.9124880,06,36084,G4020,Alameda,Alameda County,06,2022-03-20,10.230049531550911,1647734400000,"{""type"":""MultiPoint"",""coordinates"":[]}"
78_0000000000000000001f,121375681,479216672,41860,H6,075,00277302,488,C,06075,+37.7272391,-123.0322294,06,41884,G4020,San Francisco,San Francisco County,06,2022-03-20,10.991174907917996,1647734400000,"{""type"":""MultiPoint"",""coordinates"":[]}"
79_00000000000000000021,1857233047,225282636,41860,H1,013,01675903,488,A,06013,+37.9194790,-121.9515431,06,36084,G4020,Contra Costa,Contra Costa County,06,2022-03-21,13.527201929723457,1647820800000,"{""type"":""MultiPoint"",""coordinates"":[]}"
79_00000000000000000023,1909598013,216923745,41860,H1,001,01675839,488,A,06001,+37.6471385,-121.9124880,06,36084,G4020,Alameda,Alameda County,06,2022-03-21,12.421789544851364,1647820800000,"{""type"":""MultiPoint"",""coordinates"":[]}"
79_0000000000000000001f,121375681,479216672,41860,H6,075,00277302,488,C,06075,+37.7272391,-123.0322294,06,41884,G4020,San Francisco,San Francisco County,06,2022-03-21,12.409378817648715,1647820800000,"{""type"":""MultiPoint"",""coordinates"":[]}"
80_00000000000000000021,1857233047,225282636,41860,H1,013,01675903,488,A,06013,+37.9194790,-121.9515431,06,36084,G4020,Contra Costa,Contra Costa County,06,2022-03-22,18.760363657075565,1647907200000,"{""type"":""MultiPoint"",""coordinates"":[]}"
80_00000000000000000023,1909598013,216923745,41860,H1,001,01675839,488,A,06001,+37.6471385,-121.9124880,06,36084,G4020,Alameda,Alameda County,06,2022-03-22,17.386809405551922,1647907200000,"{""type"":""MultiPoint"",""coordinates"":[]}"
80_0000000000000000001f,121375681,479216672,41860,H6,075,00277302,488,C,06075,+37.7272391,-123.0322294,06,41884,G4020,San Francisco,San Francisco County,06,2022-03-22,17.049701435868787,1647907200000,"{""type"":""MultiPoint"",""coordinates"":[]}"
81_00000000000000000021,1857233047,225282636,41860,H1,013,01675903,488,A,06013,+37.9194790,-121.9515431,06,36084,G4020,Contra Costa,Contra Costa County,06,2022-03-23,17.256353042791172,1647993600000,"{""type"":""MultiPoint"",""coordinates"":[]}"
81_00000000000000000023,1909598013,216923745,41860,H1,001,01675839,488,A,06001,+37.6471385,-121.9124880,06,36084,G4020,Alameda,Alameda County,06,2022-03-23,16.67342049079461,1647993600000,"{""type"":""MultiPoint"",""coordinates"":[]}"
81_0000000000000000001f,121375681,479216672,41860,H6,075,00277302,488,C,06075,+37.7272391,-123.0322294,06,41884,G4020,San Francisco,San Francisco County,06,2022-03-23,14.221886599532741,1647993600000,"{""type"":""MultiPoint"",""coordinates"":[]}"
82_00000000000000000021,1857233047,225282636,41860,H1,013,01675903,488,A,06013,+37.9194790,-121.9515431,06,36084,G4020,Contra Costa,Contra Costa County,06,2022-03-24,14.760476737073434,1648080000000,"{""type"":""MultiPoint"",""coordinates"":[]}"
82_00000000000000000023,1909598013,216923745,41860,H1,001,01675839,488,A,06001,+37.6471385,-121.9124880,06,36084,G4020,Alameda,Alameda County,06,2022-03-24,14.727403808845269,1648080000000,"{""type"":""MultiPoint"",""coordinates"":[]}"
82_0000000000000000001f,121375681,479216672,41860,H6,075,00277302,488,C,06075,+37.7272391,-123.0322294,06,41884,G4020,San Francisco,San Francisco County,06,2022-03-24,11.947833134142712,1648080000000,"{""type"":""MultiPoint"",""coordinates"":[]}"
83_00000000000000000021,1857233047,225282636,41860,H1,013,01675903,488,A,06013,+37.9194790,-121.9515431,06,36084,G4020,Contra Costa,Contra Costa County,06,2022-03-25,13.616199495310228,1648166400000,"{""type"":""MultiPoint"",""coordinates"":[]}"
83_00000000000000000023,1909598013,216923745,41860,H1,001,01675839,488,A,06001,+37.6471385,-121.9124880,06,36084,G4020,Alameda,Alameda County,06,2022-03-25,13.595027480396974,1648166400000,"{""type"":""MultiPoint"",""coordinates"":[]}"
83_0000000000000000001f,121375681,479216672,41860,H6,075,00277302,488,C,06075,+37.7272391,-123.0322294,06,41884,G4020,San Francisco,San Francisco County,06,2022-03-25,11.24894501214486,1648166400000,"{""type"":""MultiPoint"",""coordinates"":[]}"
84_00000000000000000021,1857233047,225282636,41860,H1,013,01675903,488,A,06013,+37.9194790,-121.9515431,06,36084,G4020,Contra Costa,Contra Costa County,06,2022-03-26,14.175784625969454,1648252800000,"{""type"":""MultiPoint"",""coordinates"":[]}"
84_00000000000000000023,1909598013,216923745,41860,H1,001,01675839,488,A,06001,+37.6471385,-121.9124880,06,36084,G4020,Alameda,Alameda County,06,2022-03-26,13.79562956861151,1648252800000,"{""type"":""MultiPoint"",""coordinates"":[]}"
84_0000000000000000001f,121375681,479216672,41860,H6,075,00277302,488,C,06075,+37.7272391,-123.0322294,06,41884,G4020,San Francisco,San Francisco County,06,2022-03-26,12.069850558607484,1648252800000,"{""type"":""MultiPoint"",""coordinates"":[]}"
85_00000000000000000021,1857233047,225282636,41860,H1,013,01675903,488,A,06013,+37.9194790,-121.9515431,06,36084,G4020,Contra Costa,Contra Costa County,06,2022-03-27,13.790737891620712,1648339200000,"{""type"":""MultiPoint"",""coordinates"":[]}"
85_00000000000000000023,1909598013,216923745,41860,H1,001,01675839,488,A,06001,+37.6471385,-121.9124880,06,36084,G4020,Alameda,Alameda County,06,2022-03-27,13.437705300967599,1648339200000,"{""type"":""MultiPoint"",""coordinates"":[]}"
85_0000000000000000001f,121375681,479216672,41860,H6,075,00277302,488,C,06075,+37.7272391,-123.0322294,06,41884,G4020,San Francisco,San Francisco County,06,2022-03-27,11.897975483592463,1648339200000,"{""type"":""MultiPoint"",""coordinates"":[]}"
86_00000000000000000021,1857233047,225282636,41860,H1,013,01675903,488,A,06013,+37.9194790,-121.9515431,06,36084,G4020,Contra Costa,Contra Costa County,06,2022-03-28,12.520153660752948,1648425600000,"{""type"":""MultiPoint"",""coordinates"":[]}"
86_00000000000000000023,1909598013,216923745,41860,H1,001,01675839,488,A,06001,+37.6471385,-121.9124880,06,36084,G4020,Alameda,Alameda County,06,2022-03-28,11.840716048292677,1648425600000,"{""type"":""MultiPoint"",""coordinates"":[]}"
86_0000000000000000001f,121375681,479216672,41860,H6,075,00277302,488,C,06075,+37.7272391,-123.0322294,06,41884,G4020,San Francisco,San Francisco County,06,2022-03-28,12.228794063221345,1648425600000,"{""type"":""MultiPoint"",""coordinates"":[]}"
87_00000000000000000021,1857233047,225282636,41860,H1,013,01675903,488,A,06013,+37.9194790,-121.9515431,06,36084,G4020,Contra Costa,Contra Costa County,06,2022-03-29,11.937666561760327,1648512000000,"{""type"":""MultiPoint"",""coordinates"":[]}"
87_00000000000000000023,1909598013,216923745,41860,H1,001,01675839,488,A,06001,+37.6471385,-121.9124880,06,36084,G4020,Alameda,Alameda County,06,2022-03-29,11.275345866789644,1648512000000,"{""type"":""MultiPoint"",""coordinates"":[]}"
87_0000000000000000001f,121375681,479216672,41860,H6,075,00277302,488,C,06075,+37.7272391,-123.0322294,06,41884,G4020,San Francisco,San Francisco County,06,2022-03-29,11.66633024750643,1648512000000,"{""type"":""MultiPoint"",""coordinates"":[]}"
88_00000000000000000021,1857233047,225282636,41860,H1,013,01675903,488,A,06013,+37.9194790,-121.9515431,06,36084,G4020,Contra Costa,Contra Costa County,06,2022-03-30,11.809823329636684,1648598400000,"{""type"":""MultiPoint"",""coordinates"":[]}"
88_00000000000000000023,1909598013,216923745,41860,H1,001,01675839,488,A,06001,+37.6471385,-121.9124880,06,36084,G4020,Alameda,Alameda County,06,2022-03-30,10.873473486446414,1648598400000,"{""type"":""MultiPoint"",""coordinates"":[]}"
88_0000000000000000001f,121375681,479216672,41860,H6,075,00277302,488,C,06075,+37.7272391,-123.0322294,06,41884,G4020,San Francisco,San Francisco County,06,2022-03-30,10.891695517927976,1648598400000,"{""type"":""MultiPoint"",""coordinates"":[]}"
89_00000000000000000021,1857233047,225282636,41860,H1,013,01675903,488,A,06013,+37.9194790,-121.9515431,06,36084,G4020,Contra Costa,Contra Costa County,06,2022-03-31,12.211602711680053,1648684800000,"{""type"":""MultiPoint"",""coordinates"":[]}"
89_00000000000000000023,1909598013,216923745,41860,H1,001,01675839,488,A,06001,+37.6471385,-121.9124880,06,36084,G4020,Alameda,Alameda County,06,2022-03-31,11.234646604700007,1648684800000,"{""type"":""MultiPoint"",""coordinates"":[]}"
89_0000000000000000001f,121375681,479216672,41860,H6,075,00277302,488,C,06075,+37.7272391,-123.0322294,06,41884,G4020,San Francisco,San Francisco County,06,2022-03-31,11.408001592649656,1648684800000,"{""type"":""MultiPoint"",""coordinates"":[]}"
90_00000000000000000021,1857233047,225282636,41860,H1,013,01675903,488,A,06013,+37.9194790,-121.9515431,06,36084,G4020,Contra Costa,Contra Costa County,06,2022-04-01,13.49845959409892,1648771200000,"{""type"":""MultiPoint"",""coordinates"":[]}"
90_00000000000000000023,1909598013,216923745,41860,H1,001,01675839,488,A,06001,+37.6471385,-121.9124880,06,36084,G4020,Alameda,Alameda County,06,2022-04-01,13.02662426297889,1648771200000,"{""type"":""MultiPoint"",""coordinates"":[]}"
90_0000000000000000001f,121375681,479216672,41860,H6,075,00277302,488,C,06075,+37.7272391,-123.0322294,06,41884,G4020,San Francisco,San Francisco County,06,2022-04-01,12.149673777714934,1648771200000,"{""type"":""MultiPoint"",""coordinates"":[]}"
91_00000000000000000021,1857233047,225282636,41860,H1,013,01675903,488,A,06013,+37.9194790,-121.9515431,06,36084,G4020,Contra Costa,Contra Costa County,06,2022-04-02,14.678218977387202,1648857600000,"{""type"":""MultiPoint"",""coordinates"":[]}"
91_00000000000000000023,1909598013,216923745,41860,H1,001,01675839,488,A,06001,+37.6471385,-121.9124880,06,36084,G4020,Alameda,Alameda County,06,2022-04-02,13.822484212221104,1648857600000,"{""type"":""MultiPoint"",""coordinates"":[]}"
91_0000000000000000001f,121375681,479216672,41860,H6,075,00277302,488,C,06075,+37.7272391,-123.0322294,06,41884,G4020,San Francisco,San Francisco County,06,2022-04-02,13.090793222000654,1648857600000,"{""type"":""MultiPoint"",""coordinates"":[]}"
92_00000000000000000021,1857233047,225282636,41860,H1,013,01675903,488,A,06013,+37.9194790,-121.9515431,06,36084,G4020,Contra Costa,Contra Costa County,06,2022-04-03,15.849100235673255,1648944000000,"{""type"":""MultiPoint"",""coordinates"":[]}"
92_00000000000000000023,1909598013,216923745,41860,H1,001,01675839,488,A,06001,+37.6471385,-121.9124880,06,36084,G4020,Alameda,Alameda County,06,2022-04-03,15.869202169434447,1648944000000,"{""type"":""MultiPoint"",""coordinates"":[]}"
92_0000000000000000001f,121375681,479216672,41860,H6,075,00277302,488,C,06075,+37.7272391,-123.0322294,06,41884,G4020,San Francisco,San Francisco County,06,2022-04-03,13.857233360826713,1648944000000,"{""type"":""MultiPoint"",""coordinates"":[]}"
93_00000000000000000021,1857233047,225282636,41860,H1,013,01675903,488,A,06013,+37.9194790,-121.9515431,06,36084,G4020,Contra Costa,Contra Costa County,06,2022-04-04,14.094770124940068,1649030400000,"{""type"":""MultiPoint"",""coordinates"":[]}"
93_00000000000000000023,1909598013,216923745,41860,H1,001,01675839,488,A,06001,+37.6471385,-121.9124880,06,36084,G4020,Alameda,Alameda County,06,2022-04-04,12.60661007865554,1649030400000,"{""type"":""MultiPoint"",""coordinates"":[]}"
93_0000000000000000001f,121375681,479216672,41860,H6,075,00277302,488,C,06075,+37.7272391,-123.0322294,06,41884,G4020,San Francisco,San Francisco County,06,2022-04-04,12.77334548094287,1649030400000,"{""type"":""MultiPoint"",""coordinates"":[]}"
94_00000000000000000021,1857233047,225282636,41860,H1,013,01675903,488,A,06013,+37.9194790,-121.9515431,06,36084,G4020,Contra Costa,Contra Costa County,06,2022-04-05,14.60603786871494,1649116800000,"{""type"":""MultiPoint"",""coordinates"":[]}"
94_00000000000000000023,1909598013,216923745,41860,H1,001,01675839,488,A,06001,+37.6471385,-121.9124880,06,36084,G4020,Alameda,Alameda County,06,2022-04-05,13.372883820380007,1649116800000,"{""type"":""MultiPoint"",""coordinates"":[]}"
94_0000000000000000001f,121375681,479216672,41860,H6,075,00277302,488,C,06075,+37.7272391,-123.0322294,06,41884,G4020,San Francisco,San Francisco County,06,2022-04-05,13.414862868003448,1649116800000,"{""type"":""MultiPoint"",""coordinates"":[]}"
95_00000000000000000021,1857233047,225282636,41860,H1,013,01675903,488,A,06013,+37.9194790,-121.9515431,06,36084,G4020,Contra Costa,Contra Costa County,06,2022-04-06,17.563820877780532,1649203200000,"{""type"":""MultiPoint"",""coordinates"":[]}"
95_00000000000000000023,1909598013,216923745,41860,H1,001,01675839,488,A,06001,+37.6471385,-121.9124880,06,36084,G4020,Alameda,Alameda County,06,2022-04-06,17.103222092950812,1649203200000,"{""type"":""MultiPoint"",""coordinates"":[]}"
95_0000000000000000001f,121375681,479216672,41860,H6,075,00277302,488,C,06075,+37.7272391,-123.0322294,06,41884,G4020,San Francisco,San Francisco County,06,2022-04-06,15.727902342687512,1649203200000,"{""type"":""MultiPoint"",""coordinates"":[]}"
96_00000000000000000021,1857233047,225282636,41860,H1,013,01675903,488,A,06013,+37.9194790,-121.9515431,06,36084,G4020,Contra Costa,Contra Costa County,06,2022-04-07,20.599187889507274,1649289600000,"{""type"":""MultiPoint"",""coordinates"":[]}"
96_00000000000000000023,1909598013,216923745,41860,H1,001,01675839,488,A,06001,+37.6471385,-121.9124880,06,36084,G4020,Alameda,Alameda County,06,2022-04-07,21.631692314579052,1649289600000,"{""type"":""MultiPoint"",""coordinates"":[]}"
96_0000000000000000001f,121375681,479216672,41860,H6,075,00277302,488,C,06075,+37.7272391,-123.0322294,06,41884,G4020,San Francisco,San Francisco County,06,2022-04-07,19.11740519451681,1649289600000,"{""type"":""MultiPoint"",""coordinates"":[]}"
97_00000000000000000021,1857233047,225282636,41860,H1,013,01675903,488,A,06013,+37.9194790,-121.9515431,06,36084,G4020,Contra Costa,Contra Costa County,06,2022-04-08,20.49818965008021,1649376000000,"{""type"":""MultiPoint"",""coordinates"":[]}"
97_00000000000000000023,1909598013,216923745,41860,H1,001,01675839,488,A,06001,+37.6471385,-121.9124880,06,36084,G4020,Alameda,Alameda County,06,2022-04-08,21.405223249323267,1649376000000,"{""type"":""MultiPoint"",""coordinates"":[]}"
97_0000000000000000001f,121375681,479216672,41860,H6,075,00277302,488,C,06075,+37.7272391,-123.0322294,06,41884,G4020,San Francisco,San Francisco County,06,2022-04-08,18.07892642928125,1649376000000,"{""type"":""MultiPoint"",""coordinates"":[]}"
98_00000000000000000021,1857233047,225282636,41860,H1,013,01675903,488,A,06013,+37.9194790,-121.9515431,06,36084,G4020,Contra Costa,Contra Costa County,06,2022-04-09,17.416888113983763,1649462400000,"{""type"":""MultiPoint"",""coordinates"":[]}"
98_00000000000000000023,1909598013,216923745,41860,H1,001,01675839,488,A,06001,+37.6471385,-121.9124880,06,36084,G4020,Alameda,Alameda County,06,2022-04-09,16.2642891476064,1649462400000,"{""type"":""MultiPoint"",""coordinates"":[]}"
98_0000000000000000001f,121375681,479216672,41860,H6,075,00277302,488,C,06075,+37.7272391,-123.0322294,06,41884,G4020,San Francisco,San Francisco County,06,2022-04-09,14.909901758288667,1649462400000,"{""type"":""MultiPoint"",""coordinates"":[]}"
99_00000000000000000021,1857233047,225282636,41860,H1,013,01675903,488,A,06013,+37.9194790,-121.9515431,06,36084,G4020,Contra Costa,Contra Costa County,06,2022-04-10,17.071805602822906,1649548800000,"{""type"":""MultiPoint"",""coordinates"":[]}"
99_00000000000000000023,1909598013,216923745,41860,H1,001,01675839,488,A,06001,+37.6471385,-121.9124880,06,36084,G4020,Alameda,Alameda County,06,2022-04-10,15.399154474443383,1649548800000,"{""type"":""MultiPoint"",""coordinates"":[]}"
99_0000000000000000001f,121375681,479216672,41860,H6,075,00277302,488,C,06075,+37.7272391,-123.0322294,06,41884,G4020,San Francisco,San Francisco County,06,2022-04-10,14.792390824348066,1649548800000,"{""type"":""MultiPoint"",""coordinates"":[]}"
100_00000000000000000021,1857233047,225282636,41860,H1,013,01675903,488,A,06013,+37.9194790,-121.9515431,06,36084,G4020,Contra Costa,Contra Costa County,06,2022-04-11,12.06048811423863,1649635200000,"{""type"":""MultiPoint"",""coordinates"":[]}"
100_00000000000000000023,1909598013,216923745,41860,H1,001,01675839,488,A,06001,+37.6471385,-121.9124880,06,36084,G4020,Alameda,Alameda County,06,2022-04-11,10.36069584695044,1649635200000,"{""type"":""MultiPoint"",""coordinates"":[]}"
100_0000000000000000001f,121375681,479216672,41860,H6,075,00277302,488,C,06075,+37.7272391,-123.0322294,06,41884,G4020,San Francisco,San Francisco County,06,2022-04-11,11.243407714666688,1649635200000,"{""type"":""MultiPoint"",""coordinates"":[]}"
101_00000000000000000021,1857233047,225282636,41860,H1,013,01675903,488,A,06013,+37.9194790,-121.9515431,06,36084,G4020,Contra Costa,Contra Costa County,06,2022-04-12,9.613067081237864,1649721600000,"{""type"":""MultiPoint"",""coordinates"":[]}"
101_00000000000000000023,1909598013,216923745,41860,H1,001,01675839,488,A,06001,+37.6471385,-121.9124880,06,36084,G4020,Alameda,Alameda County,06,2022-04-12,8.350069343336028,1649721600000,"{""type"":""MultiPoint"",""coordinates"":[]}"
101_0000000000000000001f,121375681,479216672,41860,H6,075,00277302,488,C,06075,+37.7272391,-123.0322294,06,41884,G4020,San Francisco,San Francisco County,06,2022-04-12,9.60170127627621,1649721600000,"{""type"":""MultiPoint"",""coordinates"":[]}"
102_00000000000000000021,1857233047,225282636,41860,H1,013,01675903,488,A,06013,+37.9194790,-121.9515431,06,36084,G4020,Contra Costa,Contra Costa County,06,2022-04-13,9.420877287981499,1649808000000,"{""type"":""MultiPoint"",""coordinates"":[]}"
102_00000000000000000023,1909598013,216923745,41860,H1,001,01675839,488,A,06001,+37.6471385,-121.9124880,06,36084,G4020,Alameda,Alameda County,06,2022-04-13,8.52908634421097,1649808000000,"{""type"":""MultiPoint"",""coordinates"":[]}"
102_0000000000000000001f,121375681,479216672,41860,H6,075,00277302,488,C,06075,+37.7272391,-123.0322294,06,41884,G4020,San Francisco,San Francisco County,06,2022-04-13,9.401588522089003,1649808000000,"{""type"":""MultiPoint"",""coordinates"":[]}"
103_00000000000000000021,1857233047,225282636,41860,H1,013,01675903,488,A,06013,+37.9194790,-121.9515431,06,36084,G4020,Contra Costa,Contra Costa County,06,2022-04-14,11.387365270574822,1649894400000,"{""type"":""MultiPoint"",""coordinates"":[]}"
103_00000000000000000023,1909598013,216923745,41860,H1,001,01675839,488,A,06001,+37.6471385,-121.9124880,06,36084,G4020,Alameda,Alameda County,06,2022-04-14,10.765561256621094,1649894400000,"{""type"":""MultiPoint"",""coordinates"":[]}"
103_0000000000000000001f,121375681,479216672,41860,H6,075,00277302,488,C,06075,+37.7272391,-123.0322294,06,41884,G4020,San Francisco,San Francisco County,06,2022-04-14,11.423916868730052,1649894400000,"{""type"":""MultiPoint"",""coordinates"":[]}"
104_00000000000000000021,1857233047,225282636,41860,H1,013,01675903,488,A,06013,+37.9194790,-121.9515431,06,36084,G4020,Contra Costa,Contra Costa County,06,2022-04-15,12.30295079668031,1649980800000,"{""type"":""MultiPoint"",""coordinates"":[]}"
104_00000000000000000023,1909598013,216923745,41860,H1,001,01675839,488,A,06001,+37.6471385,-121.9124880,06,36084,G4020,Alameda,Alameda County,06,2022-04-15,12.201674294749074,1649980800000,"{""type"":""MultiPoint"",""coordinates"":[]}"
104_0000000000000000001f,121375681,479216672,41860,H6,075,00277302,488,C,06075,+37.7272391,-123.0322294,06,41884,G4020,San Francisco,San Francisco County,06,2022-04-15,10.988348739889668,1649980800000,"{""type"":""MultiPoint"",""coordinates"":[]}"
105_00000000000000000021,1857233047,225282636,41860,H1,013,01675903,488,A,06013,+37.9194790,-121.9515431,06,36084,G4020,Contra Costa,Contra Costa County,06,2022-04-16,12.725109079855699,1650067200000,"{""type"":""MultiPoint"",""coordinates"":[]}"
105_00000000000000000023,1909598013,216923745,41860,H1,001,01675839,488,A,06001,+37.6471385,-121.9124880,06,36084,G4020,Alameda,Alameda County,06,2022-04-16,12.174908692599823,1650067200000,"{""type"":""MultiPoint"",""coordinates"":[]}"
105_0000000000000000001f,121375681,479216672,41860,H6,075,00277302,488,C,06075,+37.7272391,-123.0322294,06,41884,G4020,San Francisco,San Francisco County,06,2022-04-16,11.798993101187673,1650067200000,"{""type"":""MultiPoint"",""coordinates"":[]}"
106_00000000000000000021,1857233047,225282636,41860,H1,013,01675903,488,A,06013,+37.9194790,-121.9515431,06,36084,G4020,Contra Costa,Contra Costa County,06,2022-04-17,10.938120938288527,1650153600000,"{""type"":""MultiPoint"",""coordinates"":[]}"
106_00000000000000000023,1909598013,216923745,41860,H1,001,01675839,488,A,06001,+37.6471385,-121.9124880,06,36084,G4020,Alameda,Alameda County,06,2022-04-17,10.35293336898464,1650153600000,"{""type"":""MultiPoint"",""coordinates"":[]}"
106_0000000000000000001f,121375681,479216672,41860,H6,075,00277302,488,C,06075,+37.7272391,-123.0322294,06,41884,G4020,San Francisco,San Francisco County,06,2022-04-17,9.509340634029371,1650153600000,"{""type"":""MultiPoint"",""coordinates"":[]}"
107_00000000000000000021,1857233047,225282636,41860,H1,013,01675903,488,A,06013,+37.9194790,-121.9515431,06,36084,G4020,Contra Costa,Contra Costa County,06,2022-04-18,11.07245869765815,1650240000000,"{""type"":""MultiPoint"",""coordinates"":[]}"
107_00000000000000000023,1909598013,216923745,41860,H1,001,01675839,488,A,06001,+37.6471385,-121.9124880,06,36084,G4020,Alameda,Alameda County,06,2022-04-18,10.819965831978882,1650240000000,"{""type"":""MultiPoint"",""coordinates"":[]}"
107_0000000000000000001f,121375681,479216672,41860,H6,075,00277302,488,C,06075,+37.7272391,-123.0322294,06,41884,G4020,San Francisco,San Francisco County,06,2022-04-18,9.723661754517172,1650240000000,"{""type"":""MultiPoint"",""coordinates"":[]}"
108_00000000000000000021,1857233047,225282636,41860,H1,013,01675903,488,A,06013,+37.9194790,-121.9515431,06,36084,G4020,Contra Costa,Contra Costa County,06,2022-04-19,13.849306041305054,1650326400000,"{""type"":""MultiPoint"",""coordinates"":[]}"
108_00000000000000000023,1909598013,216923745,41860,H1,001,01675839,488,A,06001,+37.6471385,-121.9124880,06,36084,G4020,Alameda,Alameda County,06,2022-04-19,13.231615157348463,1650326400000,"{""type"":""MultiPoint"",""coordinates"":[]}"
108_0000000000000000001f,121375681,479216672,41860,H6,075,00277302,488,C,06075,+37.7272391,-123.0322294,06,41884,G4020,San Francisco,San Francisco County,06,2022-04-19,13.072741398174967,1650326400000,"{""type"":""MultiPoint"",""coordinates"":[]}"
109_00000000000000000021,1857233047,225282636,41860,H1,013,01675903,488,A,06013,+37.9194790,-121.9515431,06,36084,G4020,Contra Costa,Contra Costa County,06,2022-04-20,12.546343639774404,1650412800000,"{""type"":""MultiPoint"",""coordinates"":[]}"
109_00000000000000000023,1909598013,216923745,41860,H1,001,01675839,488,A,06001,+37.6471385,-121.9124880,06,36084,G4020,Alameda,Alameda County,06,2022-04-20,12.05403559784481,1650412800000,"{""type"":""MultiPoint"",""coordinates"":[]}"
109_0000000000000000001f,121375681,479216672,41860,H6,075,00277302,488,C,06075,+37.7272391,-123.0322294,06,41884,G4020,San Francisco,San Francisco County,06,2022-04-20,12.178642078402147,1650412800000,"{""type"":""MultiPoint"",""coordinates"":[]}"
110_00000000000000000021,1857233047,225282636,41860,H1,013,01675903,488,A,06013,+37.9194790,-121.9515431,06,36084,G4020,Contra Costa,Contra Costa County,06,2022-04-21,13.260530508771888,1650499200000,"{""type"":""MultiPoint"",""coordinates"":[]}"
110_00000000000000000023,1909598013,216923745,41860,H1,001,01675839,488,A,06001,+37.6471385,-121.9124880,06,36084,G4020,Alameda,Alameda County,06,2022-04-21,12.569085754340726,1650499200000,"{""type"":""MultiPoint"",""coordinates"":[]}"
110_0000000000000000001f,121375681,479216672,41860,H6,075,00277302,488,C,06075,+37.7272391,-123.0322294,06,41884,G4020,San Francisco,San Francisco County,06,2022-04-21,13.080978591299177,1650499200000,"{""type"":""MultiPoint"",""coordinates"":[]}"
111_00000000000000000021,1857233047,225282636,41860,H1,013,01675903,488,A,06013,+37.9194790,-121.9515431,06,36084,G4020,Contra Costa,Contra Costa County,06,2022-04-22,11.353621329322143,1650585600000,"{""type"":""MultiPoint"",""coordinates"":[]}"
111_00000000000000000023,1909598013,216923745,41860,H1,001,01675839,488,A,06001,+37.6471385,-121.9124880,06,36084,G4020,Alameda,Alameda County,06,2022-04-22,10.509120629610651,1650585600000,"{""type"":""MultiPoint"",""coordinates"":[]}"
111_0000000000000000001f,121375681,479216672,41860,H6,075,00277302,488,C,06075,+37.7272391,-123.0322294,06,41884,G4020,San Francisco,San Francisco County,06,2022-04-22,11.570255005059936,1650585600000,"{""type"":""MultiPoint"",""coordinates"":[]}"
112_00000000000000000021,1857233047,225282636,41860,H1,013,01675903,488,A,06013,+37.9194790,-121.9515431,06,36084,G4020,Contra Costa,Contra Costa County,06,2022-04-23,12.941797327715468,1650672000000,"{""type"":""MultiPoint"",""coordinates"":[]}"
112_00000000000000000023,1909598013,216923745,41860,H1,001,01675839,488,A,06001,+37.6471385,-121.9124880,06,36084,G4020,Alameda,Alameda County,06,2022-04-23,11.85352040675595,1650672000000,"{""type"":""MultiPoint"",""coordinates"":[]}"
112_0000000000000000001f,121375681,479216672,41860,H6,075,00277302,488,C,06075,+37.7272391,-123.0322294,06,41884,G4020,San Francisco,San Francisco County,06,2022-04-23,12.382724082892691,1650672000000,"{""type"":""MultiPoint"",""coordinates"":[]}"
113_00000000000000000021,1857233047,225282636,41860,H1,013,01675903,488,A,06013,+37.9194790,-121.9515431,06,36084,G4020,Contra Costa,Contra Costa County,06,2022-04-24,14.829889560119772,1650758400000,"{""type"":""MultiPoint"",""coordinates"":[]}"
113_00000000000000000023,1909598013,216923745,41860,H1,001,01675839,488,A,06001,+37.6471385,-121.9124880,06,36084,G4020,Alameda,Alameda County,06,2022-04-24,14.077903310785144,1650758400000,"{""type"":""MultiPoint"",""coordinates"":[]}"
113_0000000000000000001f,121375681,479216672,41860,H6,075,00277302,488,C,06075,+37.7272391,-123.0322294,06,41884,G4020,San Francisco,San Francisco County,06,2022-04-24,13.196850543388027,1650758400000,"{""type"":""MultiPoint"",""coordinates"":[]}"
114_00000000000000000021,1857233047,225282636,41860,H1,013,01675903,488,A,06013,+37.9194790,-121.9515431,06,36084,G4020,Contra Costa,Contra Costa County,06,2022-04-25,15.497922851889024,1650844800000,"{""type"":""MultiPoint"",""coordinates"":[]}"
114_00000000000000000023,1909598013,216923745,41860,H1,001,01675839,488,A,06001,+37.6471385,-121.9124880,06,36084,G4020,Alameda,Alameda County,06,2022-04-25,14.655703589543139,1650844800000,"{""type"":""MultiPoint"",""coordinates"":[]}"
114_0000000000000000001f,121375681,479216672,41860,H6,075,00277302,488,C,06075,+37.7272391,-123.0322294,06,41884,G4020,San Francisco,San Francisco County,06,2022-04-25,13.5774156714316,1650844800000,"{""type"":""MultiPoint"",""coordinates"":[]}"
115_00000000000000000021,1857233047,225282636,41860,H1,013,01675903,488,A,06013,+37.9194790,-121.9515431,06,36084,G4020,Contra Costa,Contra Costa County,06,2022-04-26,14.97267449524492,1650931200000,"{""type"":""MultiPoint"",""coordinates"":[]}"
115_00000000000000000023,1909598013,216923745,41860,H1,001,01675839,488,A,06001,+37.6471385,-121.9124880,06,36084,G4020,Alameda,Alameda County,06,2022-04-26,13.409443010410458,1650931200000,"{""type"":""MultiPoint"",""coordinates"":[]}"
115_0000000000000000001f,121375681,479216672,41860,H6,075,00277302,488,C,06075,+37.7272391,-123.0322294,06,41884,G4020,San Francisco,San Francisco County,06,2022-04-26,13.199749507940965,1650931200000,"{""type"":""MultiPoint"",""coordinates"":[]}"
116_00000000000000000021,1857233047,225282636,41860,H1,013,01675903,488,A,06013,+37.9194790,-121.9515431,06,36084,G4020,Contra Costa,Contra Costa County,06,2022-04-27,13.719252325454054,1651017600000,"{""type"":""MultiPoint"",""coordinates"":[]}"
116_00000000000000000023,1909598013,216923745,41860,H1,001,01675839,488,A,06001,+37.6471385,-121.9124880,06,36084,G4020,Alameda,Alameda County,06,2022-04-27,12.007464810646837,1651017600000,"{""type"":""MultiPoint"",""coordinates"":[]}"
116_0000000000000000001f,121375681,479216672,41860,H6,075,00277302,488,C,06075,+37.7272391,-123.0322294,06,41884,G4020,San Francisco,San Francisco County,06,2022-04-27,12.309262392891402,1651017600000,"{""type"":""MultiPoint"",""coordinates"":[]}"
117_00000000000000000021,1857233047,225282636,41860,H1,013,01675903,488,A,06013,+37.9194790,-121.9515431,06,36084,G4020,Contra Costa,Contra Costa County,06,2022-04-28,12.869067902969697,1651104000000,"{""type"":""MultiPoint"",""coordinates"":[]}"
117_00000000000000000023,1909598013,216923745,41860,H1,001,01675839,488,A,06001,+37.6471385,-121.9124880,06,36084,G4020,Alameda,Alameda County,06,2022-04-28,11.234245700435622,1651104000000,"{""type"":""MultiPoint"",""coordinates"":[]}"
117_0000000000000000001f,121375681,479216672,41860,H6,075,00277302,488,C,06075,+37.7272391,-123.0322294,06,41884,G4020,San Francisco,San Francisco County,06,2022-04-28,11.800884465476477,1651104000000,"{""type"":""MultiPoint"",""coordinates"":[]}"
118_00000000000000000021,1857233047,225282636,41860,H1,013,01675903,488,A,06013,+37.9194790,-121.9515431,06,36084,G4020,Contra Costa,Contra Costa County,06,2022-04-29,14.133188432055736,1651190400000,"{""type"":""MultiPoint"",""coordinates"":[]}"
118_00000000000000000023,1909598013,216923745,41860,H1,001,01675839,488,A,06001,+37.6471385,-121.9124880,06,36084,G4020,Alameda,Alameda County,06,2022-04-29,12.622359126445192,1651190400000,"{""type"":""MultiPoint"",""coordinates"":[]}"
118_0000000000000000001f,121375681,479216672,41860,H6,075,00277302,488,C,06075,+37.7272391,-123.0322294,06,41884,G4020,San Francisco,San Francisco County,06,2022-04-29,12.675315985811837,1651190400000,"{""type"":""MultiPoint"",""coordinates"":[]}"
119_00000000000000000021,1857233047,225282636,41860,H1,013,01675903,488,A,06013,+37.9194790,-121.9515431,06,36084,G4020,Contra Costa,Contra Costa County,06,2022-04-30,16.367868648848845,1651276800000,"{""type"":""MultiPoint"",""coordinates"":[]}"
119_00000000000000000023,1909598013,216923745,41860,H1,001,01675839,488,A,06001,+37.6471385,-121.9124880,06,36084,G4020,Alameda,Alameda County,06,2022-04-30,14.51838739572936,1651276800000,"{""type"":""MultiPoint"",""coordinates"":[]}"
119_0000000000000000001f,121375681,479216672,41860,H6,075,00277302,488,C,06075,+37.7272391,-123.0322294,06,41884,G4020,San Francisco,San Francisco County,06,2022-04-30,14.56380159118576,1651276800000,"{""type"":""MultiPoint"",""coordinates"":[]}"
120_00000000000000000021,1857233047,225282636,41860,H1,013,01675903,488,A,06013,+37.9194790,-121.9515431,06,36084,G4020,Contra Costa,Contra Costa County,06,2022-05-01,14.89916577583363,1651363200000,"{""type"":""MultiPoint"",""coordinates"":[]}"
120_00000000000000000023,1909598013,216923745,41860,H1,001,01675839,488,A,06001,+37.6471385,-121.9124880,06,36084,G4020,Alameda,Alameda County,06,2022-05-01,13.280073987858746,1651363200000,"{""type"":""MultiPoint"",""coordinates"":[]}"
120_0000000000000000001f,121375681,479216672,41860,H6,075,00277302,488,C,06075,+37.7272391,-123.0322294,06,41884,G4020,San Francisco,San Francisco County,06,2022-05-01,13.201251785406228,1651363200000,"{""type"":""MultiPoint"",""coordinates"":[]}"
121_00000000000000000021,1857233047,225282636,41860,H1,013,01675903,488,A,06013,+37.9194790,-121.9515431,06,36084,G4020,Contra Costa,Contra Costa County,06,2022-05-02,15.048467665747904,1651449600000,"{""type"":""MultiPoint"",""coordinates"":[]}"
121_00000000000000000023,1909598013,216923745,41860,H1,001,01675839,488,A,06001,+37.6471385,-121.9124880,06,36084,G4020,Alameda,Alameda County,06,2022-05-02,13.415463183805567,1651449600000,"{""type"":""MultiPoint"",""coordinates"":[]}"
121_0000000000000000001f,121375681,479216672,41860,H6,075,00277302,488,C,06075,+37.7272391,-123.0322294,06,41884,G4020,San Francisco,San Francisco County,06,2022-05-02,13.120999469425076,1651449600000,"{""type"":""MultiPoint"",""coordinates"":[]}"
122_00000000000000000021,1857233047,225282636,41860,H1,013,01675903,488,A,06013,+37.9194790,-121.9515431,06,36084,G4020,Contra Costa,Contra Costa County,06,2022-05-03,16.44778064114787,1651536000000,"{""type"":""MultiPoint"",""coordinates"":[]}"
122_00000000000000000023,1909598013,216923745,41860,H1,001,01675839,488,A,06001,+37.6471385,-121.9124880,06,36084,G4020,Alameda,Alameda County,06,2022-05-03,14.650585572915821,1651536000000,"{""type"":""MultiPoint"",""coordinates"":[]}"
122_0000000000000000001f,121375681,479216672,41860,H6,075,00277302,488,C,06075,+37.7272391,-123.0322294,06,41884,G4020,San Francisco,San Francisco County,06,2022-05-03,14.893675349498107,1651536000000,"{""type"":""MultiPoint"",""coordinates"":[]}"
123_00000000000000000021,1857233047,225282636,41860,H1,013,01675903,488,A,06013,+37.9194790,-121.9515431,06,36084,G4020,Contra Costa,Contra Costa County,06,2022-05-04,18.91952468180219,1651622400000,"{""type"":""MultiPoint"",""coordinates"":[]}"
123_00000000000000000023,1909598013,216923745,41860,H1,001,01675839,488,A,06001,+37.6471385,-121.9124880,06,36084,G4020,Alameda,Alameda County,06,2022-05-04,18.328899350930456,1651622400000,"{""type"":""MultiPoint"",""coordinates"":[]}"
123_0000000000000000001f,121375681,479216672,41860,H6,075,00277302,488,C,06075,+37.7272391,-123.0322294,06,41884,G4020,San Francisco,San Francisco County,06,2022-05-04,15.062303561291218,1651622400000,"{""type"":""MultiPoint"",""coordinates"":[]}"
124_00000000000000000021,1857233047,225282636,41860,H1,013,01675903,488,A,06013,+37.9194790,-121.9515431,06,36084,G4020,Contra Costa,Contra Costa County,06,2022-05-05,16.776225623398982,1651708800000,"{""type"":""MultiPoint"",""coordinates"":[]}"
124_00000000000000000023,1909598013,216923745,41860,H1,001,01675839,488,A,06001,+37.6471385,-121.9124880,06,36084,G4020,Alameda,Alameda County,06,2022-05-05,16.554860066823476,1651708800000,"{""type"":""MultiPoint"",""coordinates"":[]}"
124_0000000000000000001f,121375681,479216672,41860,H6,075,00277302,488,C,06075,+37.7272391,-123.0322294,06,41884,G4020,San Francisco,San Francisco County,06,2022-05-05,13.173709438724892,1651708800000,"{""type"":""MultiPoint"",""coordinates"":[]}"
125_00000000000000000021,1857233047,225282636,41860,H1,013,01675903,488,A,06013,+37.9194790,-121.9515431,06,36084,G4020,Contra Costa,Contra Costa County,06,2022-05-06,16.025478856288938,1651795200000,"{""type"":""MultiPoint"",""coordinates"":[]}"
125_00000000000000000023,1909598013,216923745,41860,H1,001,01675839,488,A,06001,+37.6471385,-121.9124880,06,36084,G4020,Alameda,Alameda County,06,2022-05-06,15.557603706295543,1651795200000,"{""type"":""MultiPoint"",""coordinates"":[]}"
125_0000000000000000001f,121375681,479216672,41860,H6,075,00277302,488,C,06075,+37.7272391,-123.0322294,06,41884,G4020,San Francisco,San Francisco County,06,2022-05-06,14.234565108672502,1651795200000,"{""type"":""MultiPoint"",""coordinates"":[]}"
126_00000000000000000021,1857233047,225282636,41860,H1,013,01675903,488,A,06013,+37.9194790,-121.9515431,06,36084,G4020,Contra Costa,Contra Costa County,06,2022-05-07,15.463112486398195,1651881600000,"{""type"":""MultiPoint"",""coordinates"":[]}"
126_00000000000000000023,1909598013,216923745,41860,H1,001,01675839,488,A,06001,+37.6471385,-121.9124880,06,36084,G4020,Alameda,Alameda County,06,2022-05-07,14.455100149856285,1651881600000,"{""type"":""MultiPoint"",""coordinates"":[]}"
126_0000000000000000001f,121375681,479216672,41860,H6,075,00277302,488,C,06075,+37.7272391,-123.0322294,06,41884,G4020,San Francisco,San Francisco County,06,2022-05-07,14.042826729140558,1651881600000,"{""type"":""MultiPoint"",""coordinates"":[]}"
127_00000000000000000021,1857233047,225282636,41860,H1,013,01675903,488,A,06013,+37.9194790,-121.9515431,06,36084,G4020,Contra Costa,Contra Costa County,06,2022-05-08,12.419830032924008,1651968000000,"{""type"":""MultiPoint"",""coordinates"":[]}"
127_00000000000000000023,1909598013,216923745,41860,H1,001,01675839,488,A,06001,+37.6471385,-121.9124880,06,36084,G4020,Alameda,Alameda County,06,2022-05-08,10.94735919083306,1651968000000,"{""type"":""MultiPoint"",""coordinates"":[]}"
127_0000000000000000001f,121375681,479216672,41860,H6,075,00277302,488,C,06075,+37.7272391,-123.0322294,06,41884,G4020,San Francisco,San Francisco County,06,2022-05-08,11.642088710900532,1651968000000,"{""type"":""MultiPoint"",""coordinates"":[]}"
128_00000000000000000021,1857233047,225282636,41860,H1,013,01675903,488,A,06013,+37.9194790,-121.9515431,06,36084,G4020,Contra Costa,Contra Costa County,06,2022-05-09,10.613859372502064,1652054400000,"{""type"":""MultiPoint"",""coordinates"":[]}"
128_00000000000000000023,1909598013,216923745,41860,H1,001,01675839,488,A,06001,+37.6471385,-121.9124880,06,36084,G4020,Alameda,Alameda County,06,2022-05-09,9.614351461814392,1652054400000,"{""type"":""MultiPoint"",""coordinates"":[]}"
128_0000000000000000001f,121375681,479216672,41860,H6,075,00277302,488,C,06075,+37.7272391,-123.0322294,06,41884,G4020,San Francisco,San Francisco County,06,2022-05-09,10.603205103231678,1652054400000,"{""type"":""MultiPoint"",""coordinates"":[]}"
129_00000000000000000021,1857233047,225282636,41860,H1,013,01675903,488,A,06013,+37.9194790,-121.9515431,06,36084,G4020,Contra Costa,Contra Costa County,06,2022-05-10,10.35292134941264,1652140800000,"{""type"":""MultiPoint"",""coordinates"":[]}"
129_00000000000000000023,1909598013,216923745,41860,H1,001,01675839,488,A,06001,+37.6471385,-121.9124880,06,36084,G4020,Alameda,Alameda County,06,2022-05-10,9.233902724644427,1652140800000,"{""type"":""MultiPoint"",""coordinates"":[]}"
129_0000000000000000001f,121375681,479216672,41860,H6,075,00277302,488,C,06075,+37.7272391,-123.0322294,06,41884,G4020,San Francisco,San Francisco County,06,2022-05-10,10.500547107521937,1652140800000,"{""type"":""MultiPoint"",""coordinates"":[]}"
130_00000000000000000021,1857233047,225282636,41860,H1,013,01675903,488,A,06013,+37.9194790,-121.9515431,06,36084,G4020,Contra Costa,Contra Costa County,06,2022-05-11,11.790560410720396,1652227200000,"{""type"":""MultiPoint"",""coordinates"":[]}"
130_00000000000000000023,1909598013,216923745,41860,H1,001,01675839,488,A,06001,+37.6471385,-121.9124880,06,36084,G4020,Alameda,Alameda County,06,2022-05-11,10.569233596832909,1652227200000,"{""type"":""MultiPoint"",""coordinates"":[]}"
130_0000000000000000001f,121375681,479216672,41860,H6,075,00277302,488,C,06075,+37.7272391,-123.0322294,06,41884,G4020,San Francisco,San Francisco County,06,2022-05-11,11.461595072644851,1652227200000,"{""type"":""MultiPoint"",""coordinates"":[]}"
131_00000000000000000021,1857233047,225282636,41860,H1,013,01675903,488,A,06013,+37.9194790,-121.9515431,06,36084,G4020,Contra Costa,Contra Costa County,06,2022-05-12,12.937765760927983,1652313600000,"{""type"":""MultiPoint"",""coordinates"":[]}"
131_00000000000000000023,1909598013,216923745,41860,H1,001,01675839,488,A,06001,+37.6471385,-121.9124880,06,36084,G4020,Alameda,Alameda County,06,2022-05-12,11.33912344971934,1652313600000,"{""type"":""MultiPoint"",""coordinates"":[]}"
131_0000000000000000001f,121375681,479216672,41860,H6,075,00277302,488,C,06075,+37.7272391,-123.0322294,06,41884,G4020,San Francisco,San Francisco County,06,2022-05-12,11.963624281302222,1652313600000,"{""type"":""MultiPoint"",""coordinates"":[]}"
132_00000000000000000021,1857233047,225282636,41860,H1,013,01675903,488,A,06013,+37.9194790,-121.9515431,06,36084,G4020,Contra Costa,Contra Costa County,06,2022-05-13,15.953627588365825,1652400000000,"{""type"":""MultiPoint"",""coordinates"":[]}"
132_00000000000000000023,1909598013,216923745,41860,H1,001,01675839,488,A,06001,+37.6471385,-121.9124880,06,36084,G4020,Alameda,Alameda County,06,2022-05-13,14.449305056847509,1652400000000,"{""type"":""MultiPoint"",""coordinates"":[]}"
132_0000000000000000001f,121375681,479216672,41860,H6,075,00277302,488,C,06075,+37.7272391,-123.0322294,06,41884,G4020,San Francisco,San Francisco County,06,2022-05-13,14.577982697526865,1652400000000,"{""type"":""MultiPoint"",""coordinates"":[]}"
133_00000000000000000021,1857233047,225282636,41860,H1,013,01675903,488,A,06013,+37.9194790,-121.9515431,06,36084,G4020,Contra Costa,Contra Costa County,06,2022-05-14,19.345691651704605,1652486400000,"{""type"":""MultiPoint"",""coordinates"":[]}"
133_00000000000000000023,1909598013,216923745,41860,H1,001,01675839,488,A,06001,+37.6471385,-121.9124880,06,36084,G4020,Alameda,Alameda County,06,2022-05-14,17.77912770227092,1652486400000,"{""type"":""MultiPoint"",""coordinates"":[]}"
133_0000000000000000001f,121375681,479216672,41860,H6,075,00277302,488,C,06075,+37.7272391,-123.0322294,06,41884,G4020,San Francisco,San Francisco County,06,2022-05-14,16.61847592051918,1652486400000,"{""type"":""MultiPoint"",""coordinates"":[]}"
134_00000000000000000021,1857233047,225282636,41860,H1,013,01675903,488,A,06013,+37.9194790,-121.9515431,06,36084,G4020,Contra Costa,Contra Costa County,06,2022-05-15,19.783783939425387,1652572800000,"{""type"":""MultiPoint"",""coordinates"":[]}"
134_00000000000000000023,1909598013,216923745,41860,H1,001,01675839,488,A,06001,+37.6471385,-121.9124880,06,36084,G4020,Alameda,Alameda County,06,2022-05-15,18.191219304999898,1652572800000,"{""type"":""MultiPoint"",""coordinates"":[]}"
134_0000000000000000001f,121375681,479216672,41860,H6,075,00277302,488,C,06075,+37.7272391,-123.0322294,06,41884,G4020,San Francisco,San Francisco County,06,2022-05-15,16.367100546300087,1652572800000,"{""type"":""MultiPoint"",""coordinates"":[]}"
135_00000000000000000021,1857233047,225282636,41860,H1,013,01675903,488,A,06013,+37.9194790,-121.9515431,06,36084,G4020,Contra Costa,Contra Costa County,06,2022-05-16,16.506144566039172,1652659200000,"{""type"":""MultiPoint"",""coordinates"":[]}"
135_00000000000000000023,1909598013,216923745,41860,H1,001,01675839,488,A,06001,+37.6471385,-121.9124880,06,36084,G4020,Alameda,Alameda County,06,2022-05-16,14.854713959733619,1652659200000,"{""type"":""MultiPoint"",""coordinates"":[]}"
135_0000000000000000001f,121375681,479216672,41860,H6,075,00277302,488,C,06075,+37.7272391,-123.0322294,06,41884,G4020,San Francisco,San Francisco County,06,2022-05-16,14.342376347190733,1652659200000,"{""type"":""MultiPoint"",""coordinates"":[]}"
136_00000000000000000021,1857233047,225282636,41860,H1,013,01675903,488,A,06013,+37.9194790,-121.9515431,06,36084,G4020,Contra Costa,Contra Costa County,06,2022-05-17,16.558493596583478,1652745600000,"{""type"":""MultiPoint"",""coordinates"":[]}"
136_00000000000000000023,1909598013,216923745,41860,H1,001,01675839,488,A,06001,+37.6471385,-121.9124880,06,36084,G4020,Alameda,Alameda County,06,2022-05-17,14.953263129933575,1652745600000,"{""type"":""MultiPoint"",""coordinates"":[]}"
136_0000000000000000001f,121375681,479216672,41860,H6,075,00277302,488,C,06075,+37.7272391,-123.0322294,06,41884,G4020,San Francisco,San Francisco County,06,2022-05-17,14.193954931144827,1652745600000,"{""type"":""MultiPoint"",""coordinates"":[]}"
137_00000000000000000021,1857233047,225282636,41860,H1,013,01675903,488,A,06013,+37.9194790,-121.9515431,06,36084,G4020,Contra Costa,Contra Costa County,06,2022-05-18,19.852080418876106,1652832000000,"{""type"":""MultiPoint"",""coordinates"":[]}"
137_00000000000000000023,1909598013,216923745,41860,H1,001,01675839,488,A,06001,+37.6471385,-121.9124880,06,36084,G4020,Alameda,Alameda County,06,2022-05-18,18.426273079921526,1652832000000,"{""type"":""MultiPoint"",""coordinates"":[]}"
137_0000000000000000001f,121375681,479216672,41860,H6,075,00277302,488,C,06075,+37.7272391,-123.0322294,06,41884,G4020,San Francisco,San Francisco County,06,2022-05-18,16.73673729592184,1652832000000,"{""type"":""MultiPoint"",""coordinates"":[]}"
138_00000000000000000021,1857233047,225282636,41860,H1,013,01675903,488,A,06013,+37.9194790,-121.9515431,06,36084,G4020,Contra Costa,Contra Costa County,06,2022-05-19,23.330388477508126,1652918400000,"{""type"":""MultiPoint"",""coordinates"":[]}"
138_00000000000000000023,1909598013,216923745,41860,H1,001,01675839,488,A,06001,+37.6471385,-121.9124880,06,36084,G4020,Alameda,Alameda County,06,2022-05-19,21.005633619382202,1652918400000,"{""type"":""MultiPoint"",""coordinates"":[]}"
138_0000000000000000001f,121375681,479216672,41860,H6,075,00277302,488,C,06075,+37.7272391,-123.0322294,06,41884,G4020,San Francisco,San Francisco County,06,2022-05-19,19.999779283485477,1652918400000,"{""type"":""MultiPoint"",""coordinates"":[]}"
139_00000000000000000021,1857233047,225282636,41860,H1,013,01675903,488,A,06013,+37.9194790,-121.9515431,06,36084,G4020,Contra Costa,Contra Costa County,06,2022-05-20,19.979612334534636,1653004800000,"{""type"":""MultiPoint"",""coordinates"":[]}"
139_00000000000000000023,1909598013,216923745,41860,H1,001,01675839,488,A,06001,+37.6471385,-121.9124880,06,36084,G4020,Alameda,Alameda County,06,2022-05-20,17.806778206627353,1653004800000,"{""type"":""MultiPoint"",""coordinates"":[]}"
139_0000000000000000001f,121375681,479216672,41860,H6,075,00277302,488,C,06075,+37.7272391,-123.0322294,06,41884,G4020,San Francisco,San Francisco County,06,2022-05-20,17.497057242427317,1653004800000,"{""type"":""MultiPoint"",""coordinates"":[]}"
140_00000000000000000021,1857233047,225282636,41860,H1,013,01675903,488,A,06013,+37.9194790,-121.9515431,06,36084,G4020,Contra Costa,Contra Costa County,06,2022-05-21,19.873113660256656,1653091200000,"{""type"":""MultiPoint"",""coordinates"":[]}"
140_00000000000000000023,1909598013,216923745,41860,H1,001,01675839,488,A,06001,+37.6471385,-121.9124880,06,36084,G4020,Alameda,Alameda County,06,2022-05-21,18.91011855931487,1653091200000,"{""type"":""MultiPoint"",""coordinates"":[]}"
140_0000000000000000001f,121375681,479216672,41860,H6,075,00277302,488,C,06075,+37.7272391,-123.0322294,06,41884,G4020,San Francisco,San Francisco County,06,2022-05-21,17.122764638806096,1653091200000,"{""type"":""MultiPoint"",""coordinates"":[]}"
141_00000000000000000021,1857233047,225282636,41860,H1,013,01675903,488,A,06013,+37.9194790,-121.9515431,06,36084,G4020,Contra Costa,Contra Costa County,06,2022-05-22,19.789097954375713,1653177600000,"{""type"":""MultiPoint"",""coordinates"":[]}"
141_00000000000000000023,1909598013,216923745,41860,H1,001,01675839,488,A,06001,+37.6471385,-121.9124880,06,36084,G4020,Alameda,Alameda County,06,2022-05-22,18.505143419007865,1653177600000,"{""type"":""MultiPoint"",""coordinates"":[]}"
141_0000000000000000001f,121375681,479216672,41860,H6,075,00277302,488,C,06075,+37.7272391,-123.0322294,06,41884,G4020,San Francisco,San Francisco County,06,2022-05-22,16.683823892087972,1653177600000,"{""type"":""MultiPoint"",""coordinates"":[]}"
142_00000000000000000021,1857233047,225282636,41860,H1,013,01675903,488,A,06013,+37.9194790,-121.9515431,06,36084,G4020,Contra Costa,Contra Costa County,06,2022-05-23,20.763529272328135,1653264000000,"{""type"":""MultiPoint"",""coordinates"":[]}"
142_00000000000000000023,1909598013,216923745,41860,H1,001,01675839,488,A,06001,+37.6471385,-121.9124880,06,36084,G4020,Alameda,Alameda County,06,2022-05-23,19.02002743777313,1653264000000,"{""type"":""MultiPoint"",""coordinates"":[]}"
142_0000000000000000001f,121375681,479216672,41860,H6,075,00277302,488,C,06075,+37.7272391,-123.0322294,06,41884,G4020,San Francisco,San Francisco County,06,2022-05-23,17.614493037161733,1653264000000,"{""type"":""MultiPoint"",""coordinates"":[]}"
143_00000000000000000021,1857233047,225282636,41860,H1,013,01675903,488,A,06013,+37.9194790,-121.9515431,06,36084,G4020,Contra Costa,Contra Costa County,06,2022-05-24,22.37953376405471,1653350400000,"{""type"":""MultiPoint"",""coordinates"":[]}"
143_00000000000000000023,1909598013,216923745,41860,H1,001,01675839,488,A,06001,+37.6471385,-121.9124880,06,36084,G4020,Alameda,Alameda County,06,2022-05-24,21.51696226554122,1653350400000,"{""type"":""MultiPoint"",""coordinates"":[]}"
143_0000000000000000001f,121375681,479216672,41860,H6,075,00277302,488,C,06075,+37.7272391,-123.0322294,06,41884,G4020,San Francisco,San Francisco County,06,2022-05-24,18.345703469085233,1653350400000,"{""type"":""MultiPoint"",""coordinates"":[]}"
144_00000000000000000021,1857233047,225282636,41860,H1,013,01675903,488,A,06013,+37.9194790,-121.9515431,06,36084,G4020,Contra Costa,Contra Costa County,06,2022-05-25,25.82242316870822,1653436800000,"{""type"":""MultiPoint"",""coordinates"":[]}"
144_00000000000000000023,1909598013,216923745,41860,H1,001,01675839,488,A,06001,+37.6471385,-121.9124880,06,36084,G4020,Alameda,Alameda County,06,2022-05-25,25.89295436555699,1653436800000,"{""type"":""MultiPoint"",""coordinates"":[]}"
144_0000000000000000001f,121375681,479216672,41860,H6,075,00277302,488,C,06075,+37.7272391,-123.0322294,06,41884,G4020,San Francisco,San Francisco County,06,2022-05-25,21.277472953870195,1653436800000,"{""type"":""MultiPoint"",""coordinates"":[]}"
145_00000000000000000021,1857233047,225282636,41860,H1,013,01675903,488,A,06013,+37.9194790,-121.9515431,06,36084,G4020,Contra Costa,Contra Costa County,06,2022-05-26,19.618621077774815,1653523200000,"{""type"":""MultiPoint"",""coordinates"":[]}"
145_00000000000000000023,1909598013,216923745,41860,H1,001,01675839,488,A,06001,+37.6471385,-121.9124880,06,36084,G4020,Alameda,Alameda County,06,2022-05-26,20.43653120607917,1653523200000,"{""type"":""MultiPoint"",""coordinates"":[]}"
145_0000000000000000001f,121375681,479216672,41860,H6,075,00277302,488,C,06075,+37.7272391,-123.0322294,06,41884,G4020,San Francisco,San Francisco County,06,2022-05-26,14.39637003467594,1653523200000,"{""type"":""MultiPoint"",""coordinates"":[]}"
146_00000000000000000021,1857233047,225282636,41860,H1,013,01675903,488,A,06013,+37.9194790,-121.9515431,06,36084,G4020,Contra Costa,Contra Costa County,06,2022-05-27,15.965001969710455,1653609600000,"{""type"":""MultiPoint"",""coordinates"":[]}"
146_00000000000000000023,1909598013,216923745,41860,H1,001,01675839,488,A,06001,+37.6471385,-121.9124880,06,36084,G4020,Alameda,Alameda County,06,2022-05-27,16.314817315226705,1653609600000,"{""type"":""MultiPoint"",""coordinates"":[]}"
146_0000000000000000001f,121375681,479216672,41860,H6,075,00277302,488,C,06075,+37.7272391,-123.0322294,06,41884,G4020,San Francisco,San Francisco County,06,2022-05-27,13.066655246678089,1653609600000,"{""type"":""MultiPoint"",""coordinates"":[]}"
147_00000000000000000021,1857233047,225282636,41860,H1,013,01675903,488,A,06013,+37.9194790,-121.9515431,06,36084,G4020,Contra Costa,Contra Costa County,06,2022-05-28,15.920289729106376,1653696000000,"{""type"":""MultiPoint"",""coordinates"":[]}"
147_00000000000000000023,1909598013,216923745,41860,H1,001,01675839,488,A,06001,+37.6471385,-121.9124880,06,36084,G4020,Alameda,Alameda County,06,2022-05-28,15.370380455316973,1653696000000,"{""type"":""MultiPoint"",""coordinates"":[]}"
147_0000000000000000001f,121375681,479216672,41860,H6,075,00277302,488,C,06075,+37.7272391,-123.0322294,06,41884,G4020,San Francisco,San Francisco County,06,2022-05-28,13.823667555513293,1653696000000,"{""type"":""MultiPoint"",""coordinates"":[]}"
148_00000000000000000021,1857233047,225282636,41860,H1,013,01675903,488,A,06013,+37.9194790,-121.9515431,06,36084,G4020,Contra Costa,Contra Costa County,06,2022-05-29,16.595519104313002,1653782400000,"{""type"":""MultiPoint"",""coordinates"":[]}"
148_00000000000000000023,1909598013,216923745,41860,H1,001,01675839,488,A,06001,+37.6471385,-121.9124880,06,36084,G4020,Alameda,Alameda County,06,2022-05-29,15.523788403552654,1653782400000,"{""type"":""MultiPoint"",""coordinates"":[]}"
148_0000000000000000001f,121375681,479216672,41860,H6,075,00277302,488,C,06075,+37.7272391,-123.0322294,06,41884,G4020,San Francisco,San Francisco County,06,2022-05-29,15.013588443315857,1653782400000,"{""type"":""MultiPoint"",""coordinates"":[]}"
149_00000000000000000021,1857233047,225282636,41860,H1,013,01675903,488,A,06013,+37.9194790,-121.9515431,06,36084,G4020,Contra Costa,Contra Costa County,06,2022-05-30,17.863372808995138,1653868800000,"{""type"":""MultiPoint"",""coordinates"":[]}"
149_00000000000000000023,1909598013,216923745,41860,H1,001,01675839,488,A,06001,+37.6471385,-121.9124880,06,36084,G4020,Alameda,Alameda County,06,2022-05-30,16.050842507927367,1653868800000,"{""type"":""MultiPoint"",""coordinates"":[]}"
149_0000000000000000001f,121375681,479216672,41860,H6,075,00277302,488,C,06075,+37.7272391,-123.0322294,06,41884,G4020,San Francisco,San Francisco County,06,2022-05-30,15.591935092967864,1653868800000,"{""type"":""MultiPoint"",""coordinates"":[]}"
150_00000000000000000021,1857233047,225282636,41860,H1,013,01675903,488,A,06013,+37.9194790,-121.9515431,06,36084,G4020,Contra Costa,Contra Costa County,06,2022-05-31,18.80450490323682,1653955200000,"{""type"":""MultiPoint"",""coordinates"":[]}"
150_00000000000000000023,1909598013,216923745,41860,H1,001,01675839,488,A,06001,+37.6471385,-121.9124880,06,36084,G4020,Alameda,Alameda County,06,2022-05-31,17.188678194389542,1653955200000,"{""type"":""MultiPoint"",""coordinates"":[]}"
150_0000000000000000001f,121375681,479216672,41860,H6,075,00277302,488,C,06075,+37.7272391,-123.0322294,06,41884,G4020,San Francisco,San Francisco County,06,2022-05-31,16.07105488140766,1653955200000,"{""type"":""MultiPoint"",""coordinates"":[]}"
151_00000000000000000021,1857233047,225282636,41860,H1,013,01675903,488,A,06013,+37.9194790,-121.9515431,06,36084,G4020,Contra Costa,Contra Costa County,06,2022-06-01,20.322415023792637,1654041600000,"{""type"":""MultiPoint"",""coordinates"":[]}"
151_00000000000000000023,1909598013,216923745,41860,H1,001,01675839,488,A,06001,+37.6471385,-121.9124880,06,36084,G4020,Alameda,Alameda County,06,2022-06-01,19.446537974682357,1654041600000,"{""type"":""MultiPoint"",""coordinates"":[]}"
151_0000000000000000001f,121375681,479216672,41860,H6,075,00277302,488,C,06075,+37.7272391,-123.0322294,06,41884,G4020,San Francisco,San Francisco County,06,2022-06-01,16.557778269056367,1654041600000,"{""type"":""MultiPoint"",""coordinates"":[]}"
152_00000000000000000021,1857233047,225282636,41860,H1,013,01675903,488,A,06013,+37.9194790,-121.9515431,06,36084,G4020,Contra Costa,Contra Costa County,06,2022-06-02,20.478252529882514,1654128000000,"{""type"":""MultiPoint"",""coordinates"":[]}"
152_00000000000000000023,1909598013,216923745,41860,H1,001,01675839,488,A,06001,+37.6471385,-121.9124880,06,36084,G4020,Alameda,Alameda County,06,2022-06-02,19.61114825993166,1654128000000,"{""type"":""MultiPoint"",""coordinates"":[]}"
152_0000000000000000001f,121375681,479216672,41860,H6,075,00277302,488,C,06075,+37.7272391,-123.0322294,06,41884,G4020,San Francisco,San Francisco County,06,2022-06-02,16.27366506575311,1654128000000,"{""type"":""MultiPoint"",""coordinates"":[]}"
153_00000000000000000021,1857233047,225282636,41860,H1,013,01675903,488,A,06013,+37.9194790,-121.9515431,06,36084,G4020,Contra Costa,Contra Costa County,06,2022-06-03,18.321879839439013,1654214400000,"{""type"":""MultiPoint"",""coordinates"":[]}"
153_00000000000000000023,1909598013,216923745,41860,H1,001,01675839,488,A,06001,+37.6471385,-121.9124880,06,36084,G4020,Alameda,Alameda County,06,2022-06-03,17.29118698986054,1654214400000,"{""type"":""MultiPoint"",""coordinates"":[]}"
153_0000000000000000001f,121375681,479216672,41860,H6,075,00277302,488,C,06075,+37.7272391,-123.0322294,06,41884,G4020,San Francisco,San Francisco County,06,2022-06-03,15.336794677724562,1654214400000,"{""type"":""MultiPoint"",""coordinates"":[]}"
154_00000000000000000021,1857233047,225282636,41860,H1,013,01675903,488,A,06013,+37.9194790,-121.9515431,06,36084,G4020,Contra Costa,Contra Costa County,06,2022-06-04,16.60435926580624,1654300800000,"{""type"":""MultiPoint"",""coordinates"":[]}"
154_00000000000000000023,1909598013,216923745,41860,H1,001,01675839,488,A,06001,+37.6471385,-121.9124880,06,36084,G4020,Alameda,Alameda County,06,2022-06-04,16.21519885064488,1654300800000,"{""type"":""MultiPoint"",""coordinates"":[]}"
154_0000000000000000001f,121375681,479216672,41860,H6,075,00277302,488,C,06075,+37.7272391,-123.0322294,06,41884,G4020,San Francisco,San Francisco County,06,2022-06-04,14.3253155539222,1654300800000,"{""type"":""MultiPoint"",""coordinates"":[]}"
155_00000000000000000021,1857233047,225282636,41860,H1,013,01675903,488,A,06013,+37.9194790,-121.9515431,06,36084,G4020,Contra Costa,Contra Costa County,06,2022-06-05,18.99459562554247,1654387200000,"{""type"":""MultiPoint"",""coordinates"":[]}"
155_00000000000000000023,1909598013,216923745,41860,H1,001,01675839,488,A,06001,+37.6471385,-121.9124880,06,36084,G4020,Alameda,Alameda County,06,2022-06-05,18.65172987085716,1654387200000,"{""type"":""MultiPoint"",""coordinates"":[]}"
155_0000000000000000001f,121375681,479216672,41860,H6,075,00277302,488,C,06075,+37.7272391,-123.0322294,06,41884,G4020,San Francisco,San Francisco County,06,2022-06-05,16.689593800016585,1654387200000,"{""type"":""MultiPoint"",""coordinates"":[]}"
156_00000000000000000021,1857233047,225282636,41860,H1,013,01675903,488,A,06013,+37.9194790,-121.9515431,06,36084,G4020,Contra Costa,Contra Costa County,06,2022-06-06,19.217598520256956,1654473600000,"{""type"":""MultiPoint"",""coordinates"":[]}"
156_00000000000000000023,1909598013,216923745,41860,H1,001,01675839,488,A,06001,+37.6471385,-121.9124880,06,36084,G4020,Alameda,Alameda County,06,2022-06-06,18.204022071219764,1654473600000,"{""type"":""MultiPoint"",""coordinates"":[]}"
156_0000000000000000001f,121375681,479216672,41860,H6,075,00277302,488,C,06075,+37.7272391,-123.0322294,06,41884,G4020,San Francisco,San Francisco County,06,2022-06-06,16.45398501107805,1654473600000,"{""type"":""MultiPoint"",""coordinates"":[]}"
157_00000000000000000021,1857233047,225282636,41860,H1,013,01675903,488,A,06013,+37.9194790,-121.9515431,06,36084,G4020,Contra Costa,Contra Costa County,06,2022-06-07,19.789948722409047,1654560000000,"{""type"":""MultiPoint"",""coordinates"":[]}"
157_00000000000000000023,1909598013,216923745,41860,H1,001,01675839,488,A,06001,+37.6471385,-121.9124880,06,36084,G4020,Alameda,Alameda County,06,2022-06-07,18.653050962384743,1654560000000,"{""type"":""MultiPoint"",""coordinates"":[]}"
157_0000000000000000001f,121375681,479216672,41860,H6,075,00277302,488,C,06075,+37.7272391,-123.0322294,06,41884,G4020,San Francisco,San Francisco County,06,2022-06-07,16.207993861923388,1654560000000,"{""type"":""MultiPoint"",""coordinates"":[]}"
158_00000000000000000021,1857233047,225282636,41860,H1,013,01675903,488,A,06013,+37.9194790,-121.9515431,06,36084,G4020,Contra Costa,Contra Costa County,06,2022-06-08,20.393395560813307,1654646400000,"{""type"":""MultiPoint"",""coordinates"":[]}"
158_00000000000000000023,1909598013,216923745,41860,H1,001,01675839,488,A,06001,+37.6471385,-121.9124880,06,36084,G4020,Alameda,Alameda County,06,2022-06-08,18.944699853205606,1654646400000,"{""type"":""MultiPoint"",""coordinates"":[]}"
158_0000000000000000001f,121375681,479216672,41860,H6,075,00277302,488,C,06075,+37.7272391,-123.0322294,06,41884,G4020,San Francisco,San Francisco County,06,2022-06-08,16.96397337406242,1654646400000,"{""type"":""MultiPoint"",""coordinates"":[]}"
159_00000000000000000021,1857233047,225282636,41860,H1,013,01675903,488,A,06013,+37.9194790,-121.9515431,06,36084,G4020,Contra Costa,Contra Costa County,06,2022-06-09,20.93202588695648,1654732800000,"{""type"":""MultiPoint"",""coordinates"":[]}"
159_00000000000000000023,1909598013,216923745,41860,H1,001,01675839,488,A,06001,+37.6471385,-121.9124880,06,36084,G4020,Alameda,Alameda County,06,2022-06-09,19.696929815755105,1654732800000,"{""type"":""MultiPoint"",""coordinates"":[]}"
159_0000000000000000001f,121375681,479216672,41860,H6,075,00277302,488,C,06075,+37.7272391,-123.0322294,06,41884,G4020,San Francisco,San Francisco County,06,2022-06-09,17.734244473652264,1654732800000,"{""type"":""MultiPoint"",""coordinates"":[]}"
160_00000000000000000021,1857233047,225282636,41860,H1,013,01675903,488,A,06013,+37.9194790,-121.9515431,06,36084,G4020,Contra Costa,Contra Costa County,06,2022-06-10,25.988538172773293,1654819200000,"{""type"":""MultiPoint"",""coordinates"":[]}"
160_00000000000000000023,1909598013,216923745,41860,H1,001,01675839,488,A,06001,+37.6471385,-121.9124880,06,36084,G4020,Alameda,Alameda County,06,2022-06-10,24.472131018567406,1654819200000,"{""type"":""MultiPoint"",""coordinates"":[]}"
160_0000000000000000001f,121375681,479216672,41860,H6,075,00277302,488,C,06075,+37.7272391,-123.0322294,06,41884,G4020,San Francisco,San Francisco County,06,2022-06-10,22.238327861124297,1654819200000,"{""type"":""MultiPoint"",""coordinates"":[]}"
161_00000000000000000021,1857233047,225282636,41860,H1,013,01675903,488,A,06013,+37.9194790,-121.9515431,06,36084,G4020,Contra Costa,Contra Costa County,06,2022-06-11,25.615149746256208,1654905600000,"{""type"":""MultiPoint"",""coordinates"":[]}"
161_00000000000000000023,1909598013,216923745,41860,H1,001,01675839,488,A,06001,+37.6471385,-121.9124880,06,36084,G4020,Alameda,Alameda County,06,2022-06-11,23.8368020119238,1654905600000,"{""type"":""MultiPoint"",""coordinates"":[]}"
161_0000000000000000001f,121375681,479216672,41860,H6,075,00277302,488,C,06075,+37.7272391,-123.0322294,06,41884,G4020,San Francisco,San Francisco County,06,2022-06-11,21.03771350745002,1654905600000,"{""type"":""MultiPoint"",""coordinates"":[]}"
162_00000000000000000021,1857233047,225282636,41860,H1,013,01675903,488,A,06013,+37.9194790,-121.9515431,06,36084,G4020,Contra Costa,Contra Costa County,06,2022-06-12,21.082357268245783,1654992000000,"{""type"":""MultiPoint"",""coordinates"":[]}"
162_00000000000000000023,1909598013,216923745,41860,H1,001,01675839,488,A,06001,+37.6471385,-121.9124880,06,36084,G4020,Alameda,Alameda County,06,2022-06-12,20.424406046252585,1654992000000,"{""type"":""MultiPoint"",""coordinates"":[]}"
162_0000000000000000001f,121375681,479216672,41860,H6,075,00277302,488,C,06075,+37.7272391,-123.0322294,06,41884,G4020,San Francisco,San Francisco County,06,2022-06-12,17.38087166983572,1654992000000,"{""type"":""MultiPoint"",""coordinates"":[]}"
163_00000000000000000021,1857233047,225282636,41860,H1,013,01675903,488,A,06013,+37.9194790,-121.9515431,06,36084,G4020,Contra Costa,Contra Costa County,06,2022-06-13,18.70468773481767,1655078400000,"{""type"":""MultiPoint"",""coordinates"":[]}"
163_00000000000000000023,1909598013,216923745,41860,H1,001,01675839,488,A,06001,+37.6471385,-121.9124880,06,36084,G4020,Alameda,Alameda County,06,2022-06-13,16.998834260688554,1655078400000,"{""type"":""MultiPoint"",""coordinates"":[]}"
163_0000000000000000001f,121375681,479216672,41860,H6,075,00277302,488,C,06075,+37.7272391,-123.0322294,06,41884,G4020,San Francisco,San Francisco County,06,2022-06-13,16.55632809381344,1655078400000,"{""type"":""MultiPoint"",""coordinates"":[]}"
164_00000000000000000021,1857233047,225282636,41860,H1,013,01675903,488,A,06013,+37.9194790,-121.9515431,06,36084,G4020,Contra Costa,Contra Costa County,06,2022-06-14,21.381570746022714,1655164800000,"{""type"":""MultiPoint"",""coordinates"":[]}"
164_00000000000000000023,1909598013,216923745,41860,H1,001,01675839,488,A,06001,+37.6471385,-121.9124880,06,36084,G4020,Alameda,Alameda County,06,2022-06-14,19.823163016161434,1655164800000,"{""type"":""MultiPoint"",""coordinates"":[]}"
164_0000000000000000001f,121375681,479216672,41860,H6,075,00277302,488,C,06075,+37.7272391,-123.0322294,06,41884,G4020,San Francisco,San Francisco County,06,2022-06-14,18.288984101699455,1655164800000,"{""type"":""MultiPoint"",""coordinates"":[]}"
165_00000000000000000021,1857233047,225282636,41860,H1,013,01675903,488,A,06013,+37.9194790,-121.9515431,06,36084,G4020,Contra Costa,Contra Costa County,06,2022-06-15,22.31528872034938,1655251200000,"{""type"":""MultiPoint"",""coordinates"":[]}"
165_00000000000000000023,1909598013,216923745,41860,H1,001,01675839,488,A,06001,+37.6471385,-121.9124880,06,36084,G4020,Alameda,Alameda County,06,2022-06-15,21.41900426764638,1655251200000,"{""type"":""MultiPoint"",""coordinates"":[]}"
165_0000000000000000001f,121375681,479216672,41860,H6,075,00277302,488,C,06075,+37.7272391,-123.0322294,06,41884,G4020,San Francisco,San Francisco County,06,2022-06-15,18.02215212263039,1655251200000,"{""type"":""MultiPoint"",""coordinates"":[]}"
166_00000000000000000021,1857233047,225282636,41860,H1,013,01675903,488,A,06013,+37.9194790,-121.9515431,06,36084,G4020,Contra Costa,Contra Costa County,06,2022-06-16,19.271347131211044,1655337600000,"{""type"":""MultiPoint"",""coordinates"":[]}"
166_00000000000000000023,1909598013,216923745,41860,H1,001,01675839,488,A,06001,+37.6471385,-121.9124880,06,36084,G4020,Alameda,Alameda County,06,2022-06-16,17.96363991218554,1655337600000,"{""type"":""MultiPoint"",""coordinates"":[]}"
166_0000000000000000001f,121375681,479216672,41860,H6,075,00277302,488,C,06075,+37.7272391,-123.0322294,06,41884,G4020,San Francisco,San Francisco County,06,2022-06-16,15.927859659643843,1655337600000,"{""type"":""MultiPoint"",""coordinates"":[]}"
167_00000000000000000021,1857233047,225282636,41860,H1,013,01675903,488,A,06013,+37.9194790,-121.9515431,06,36084,G4020,Contra Costa,Contra Costa County,06,2022-06-17,15.637688183687917,1655424000000,"{""type"":""MultiPoint"",""coordinates"":[]}"
167_00000000000000000023,1909598013,216923745,41860,H1,001,01675839,488,A,06001,+37.6471385,-121.9124880,06,36084,G4020,Alameda,Alameda County,06,2022-06-17,14.414176686878209,1655424000000,"{""type"":""MultiPoint"",""coordinates"":[]}"
167_0000000000000000001f,121375681,479216672,41860,H6,075,00277302,488,C,06075,+37.7272391,-123.0322294,06,41884,G4020,San Francisco,San Francisco County,06,2022-06-17,14.25363287295473,1655424000000,"{""type"":""MultiPoint"",""coordinates"":[]}"
168_00000000000000000021,1857233047,225282636,41860,H1,013,01675903,488,A,06013,+37.9194790,-121.9515431,06,36084,G4020,Contra Costa,Contra Costa County,06,2022-06-18,15.59551133662727,1655510400000,"{""type"":""MultiPoint"",""coordinates"":[]}"
168_00000000000000000023,1909598013,216923745,41860,H1,001,01675839,488,A,06001,+37.6471385,-121.9124880,06,36084,G4020,Alameda,Alameda County,06,2022-06-18,14.658638812570297,1655510400000,"{""type"":""MultiPoint"",""coordinates"":[]}"
168_0000000000000000001f,121375681,479216672,41860,H6,075,00277302,488,C,06075,+37.7272391,-123.0322294,06,41884,G4020,San Francisco,San Francisco County,06,2022-06-18,14.510045632387584,1655510400000,"{""type"":""MultiPoint"",""coordinates"":[]}"
169_00000000000000000021,1857233047,225282636,41860,H1,013,01675903,488,A,06013,+37.9194790,-121.9515431,06,36084,G4020,Contra Costa,Contra Costa County,06,2022-06-19,18.304379117685773,1655596800000,"{""type"":""MultiPoint"",""coordinates"":[]}"
169_00000000000000000023,1909598013,216923745,41860,H1,001,01675839,488,A,06001,+37.6471385,-121.9124880,06,36084,G4020,Alameda,Alameda County,06,2022-06-19,16.8481489907512,1655596800000,"{""type"":""MultiPoint"",""coordinates"":[]}"
169_0000000000000000001f,121375681,479216672,41860,H6,075,00277302,488,C,06075,+37.7272391,-123.0322294,06,41884,G4020,San Francisco,San Francisco County,06,2022-06-19,16.30164751191822,1655596800000,"{""type"":""MultiPoint"",""coordinates"":[]}"
170_00000000000000000021,1857233047,225282636,41860,H1,013,01675903,488,A,06013,+37.9194790,-121.9515431,06,36084,G4020,Contra Costa,Contra Costa County,06,2022-06-20,21.257435210431943,1655683200000,"{""type"":""MultiPoint"",""coordinates"":[]}"
170_00000000000000000023,1909598013,216923745,41860,H1,001,01675839,488,A,06001,+37.6471385,-121.9124880,06,36084,G4020,Alameda,Alameda County,06,2022-06-20,20.080085129420095,1655683200000,"{""type"":""MultiPoint"",""coordinates"":[]}"
170_0000000000000000001f,121375681,479216672,41860,H6,075,00277302,488,C,06075,+37.7272391,-123.0322294,06,41884,G4020,San Francisco,San Francisco County,06,2022-06-20,17.92492140813619,1655683200000,"{""type"":""MultiPoint"",""coordinates"":[]}"
171_00000000000000000021,1857233047,225282636,41860,H1,013,01675903,488,A,06013,+37.9194790,-121.9515431,06,36084,G4020,Contra Costa,Contra Costa County,06,2022-06-21,25.3785659721488,1655769600000,"{""type"":""MultiPoint"",""coordinates"":[]}"
171_00000000000000000023,1909598013,216923745,41860,H1,001,01675839,488,A,06001,+37.6471385,-121.9124880,06,36084,G4020,Alameda,Alameda County,06,2022-06-21,24.975959262834262,1655769600000,"{""type"":""MultiPoint"",""coordinates"":[]}"
171_0000000000000000001f,121375681,479216672,41860,H6,075,00277302,488,C,06075,+37.7272391,-123.0322294,06,41884,G4020,San Francisco,San Francisco County,06,2022-06-21,22.234030850605418,1655769600000,"{""type"":""MultiPoint"",""coordinates"":[]}"
172_00000000000000000021,1857233047,225282636,41860,H1,013,01675903,488,A,06013,+37.9194790,-121.9515431,06,36084,G4020,Contra Costa,Contra Costa County,06,2022-06-22,27.722143367300962,1655856000000,"{""type"":""MultiPoint"",""coordinates"":[]}"
172_00000000000000000023,1909598013,216923745,41860,H1,001,01675839,488,A,06001,+37.6471385,-121.9124880,06,36084,G4020,Alameda,Alameda County,06,2022-06-22,27.15565984648256,1655856000000,"{""type"":""MultiPoint"",""coordinates"":[]}"
172_0000000000000000001f,121375681,479216672,41860,H6,075,00277302,488,C,06075,+37.7272391,-123.0322294,06,41884,G4020,San Francisco,San Francisco County,06,2022-06-22,23.446466732209615,1655856000000,"{""type"":""MultiPoint"",""coordinates"":[]}"
173_00000000000000000021,1857233047,225282636,41860,H1,013,01675903,488,A,06013,+37.9194790,-121.9515431,06,36084,G4020,Contra Costa,Contra Costa County,06,2022-06-23,23.73971687004651,1655942400000,"{""type"":""MultiPoint"",""coordinates"":[]}"
173_00000000000000000023,1909598013,216923745,41860,H1,001,01675839,488,A,06001,+37.6471385,-121.9124880,06,36084,G4020,Alameda,Alameda County,06,2022-06-23,24.416193518437023,1655942400000,"{""type"":""MultiPoint"",""coordinates"":[]}"
173_0000000000000000001f,121375681,479216672,41860,H6,075,00277302,488,C,06075,+37.7272391,-123.0322294,06,41884,G4020,San Francisco,San Francisco County,06,2022-06-23,18.027602138310264,1655942400000,"{""type"":""MultiPoint"",""coordinates"":[]}"
174_00000000000000000021,1857233047,225282636,41860,H1,013,01675903,488,A,06013,+37.9194790,-121.9515431,06,36084,G4020,Contra Costa,Contra Costa County,06,2022-06-24,23.102621487143683,1656028800000,"{""type"":""MultiPoint"",""coordinates"":[]}"
174_00000000000000000023,1909598013,216923745,41860,H1,001,01675839,488,A,06001,+37.6471385,-121.9124880,06,36084,G4020,Alameda,Alameda County,06,2022-06-24,23.944970910251243,1656028800000,"{""type"":""MultiPoint"",""coordinates"":[]}"
174_0000000000000000001f,121375681,479216672,41860,H6,075,00277302,488,C,06075,+37.7272391,-123.0322294,06,41884,G4020,San Francisco,San Francisco County,06,2022-06-24,17.233485192717627,1656028800000,"{""type"":""MultiPoint"",""coordinates"":[]}"
175_00000000000000000021,1857233047,225282636,41860,H1,013,01675903,488,A,06013,+37.9194790,-121.9515431,06,36084,G4020,Contra Costa,Contra Costa County,06,2022-06-25,21.74128627481895,1656115200000,"{""type"":""MultiPoint"",""coordinates"":[]}"
175_00000000000000000023,1909598013,216923745,41860,H1,001,01675839,488,A,06001,+37.6471385,-121.9124880,06,36084,G4020,Alameda,Alameda County,06,2022-06-25,22.74514341312842,1656115200000,"{""type"":""MultiPoint"",""coordinates"":[]}"
175_0000000000000000001f,121375681,479216672,41860,H6,075,00277302,488,C,06075,+37.7272391,-123.0322294,06,41884,G4020,San Francisco,San Francisco County,06,2022-06-25,16.45278539946586,1656115200000,"{""type"":""MultiPoint"",""coordinates"":[]}"
176_00000000000000000021,1857233047,225282636,41860,H1,013,01675903,488,A,06013,+37.9194790,-121.9515431,06,36084,G4020,Contra Costa,Contra Costa County,06,2022-06-26,20.405785969755705,1656201600000,"{""type"":""MultiPoint"",""coordinates"":[]}"
176_00000000000000000023,1909598013,216923745,41860,H1,001,01675839,488,A,06001,+37.6471385,-121.9124880,06,36084,G4020,Alameda,Alameda County,06,2022-06-26,21.852339734716256,1656201600000,"{""type"":""MultiPoint"",""coordinates"":[]}"
176_0000000000000000001f,121375681,479216672,41860,H6,075,00277302,488,C,06075,+37.7272391,-123.0322294,06,41884,G4020,San Francisco,San Francisco County,06,2022-06-26,15.586323723710045,1656201600000,"{""type"":""MultiPoint"",""coordinates"":[]}"
177_00000000000000000021,1857233047,225282636,41860,H1,013,01675903,488,A,06013,+37.9194790,-121.9515431,06,36084,G4020,Contra Costa,Contra Costa County,06,2022-06-27,19.760671829694388,1656288000000,"{""type"":""MultiPoint"",""coordinates"":[]}"
177_00000000000000000023,1909598013,216923745,41860,H1,001,01675839,488,A,06001,+37.6471385,-121.9124880,06,36084,G4020,Alameda,Alameda County,06,2022-06-27,21.18562492655327,1656288000000,"{""type"":""MultiPoint"",""coordinates"":[]}"
177_0000000000000000001f,121375681,479216672,41860,H6,075,00277302,488,C,06075,+37.7272391,-123.0322294,06,41884,G4020,San Francisco,San Francisco County,06,2022-06-27,15.005039007013522,1656288000000,"{""type"":""MultiPoint"",""coordinates"":[]}"
178_00000000000000000021,1857233047,225282636,41860,H1,013,01675903,488,A,06013,+37.9194790,-121.9515431,06,36084,G4020,Contra Costa,Contra Costa County,06,2022-06-28,21.166125986842815,1656374400000,"{""type"":""MultiPoint"",""coordinates"":[]}"
178_00000000000000000023,1909598013,216923745,41860,H1,001,01675839,488,A,06001,+37.6471385,-121.9124880,06,36084,G4020,Alameda,Alameda County,06,2022-06-28,21.190762305592244,1656374400000,"{""type"":""MultiPoint"",""coordinates"":[]}"
178_0000000000000000001f,121375681,479216672,41860,H6,075,00277302,488,C,06075,+37.7272391,-123.0322294,06,41884,G4020,San Francisco,San Francisco County,06,2022-06-28,16.7188814789153,1656374400000,"{""type"":""MultiPoint"",""coordinates"":[]}"
179_00000000000000000021,1857233047,225282636,41860,H1,013,01675903,488,A,06013,+37.9194790,-121.9515431,06,36084,G4020,Contra Costa,Contra Costa County,06,2022-06-29,19.383287974772,1656460800000,"{""type"":""MultiPoint"",""coordinates"":[]}"
179_00000000000000000023,1909598013,216923745,41860,H1,001,01675839,488,A,06001,+37.6471385,-121.9124880,06,36084,G4020,Alameda,Alameda County,06,2022-06-29,19.50231041718751,1656460800000,"{""type"":""MultiPoint"",""coordinates"":[]}"
179_0000000000000000001f,121375681,479216672,41860,H6,075,00277302,488,C,06075,+37.7272391,-123.0322294,06,41884,G4020,San Francisco,San Francisco County,06,2022-06-29,15.729368411272599,1656460800000,"{""type"":""MultiPoint"",""coordinates"":[]}"
180_00000000000000000021,1857233047,225282636,41860,H1,013,01675903,488,A,06013,+37.9194790,-121.9515431,06,36084,G4020,Contra Costa,Contra Costa County,06,2022-06-30,17.523136497046657,1656547200000,"{""type"":""MultiPoint"",""coordinates"":[]}"
180_00000000000000000023,1909598013,216923745,41860,H1,001,01675839,488,A,06001,+37.6471385,-121.9124880,06,36084,G4020,Alameda,Alameda County,06,2022-06-30,17.689400548247875,1656547200000,"{""type"":""MultiPoint"",""coordinates"":[]}"
180_0000000000000000001f,121375681,479216672,41860,H6,075,00277302,488,C,06075,+37.7272391,-123.0322294,06,41884,G4020,San Francisco,San Francisco County,06,2022-06-30,14.531287198586302,1656547200000,"{""type"":""MultiPoint"",""coordinates"":[]}"
181_00000000000000000021,1857233047,225282636,41860,H1,013,01675903,488,A,06013,+37.9194790,-121.9515431,06,36084,G4020,Contra Costa,Contra Costa County,06,2022-07-01,17.448959468787276,1656633600000,"{""type"":""MultiPoint"",""coordinates"":[]}"
181_00000000000000000023,1909598013,216923745,41860,H1,001,01675839,488,A,06001,+37.6471385,-121.9124880,06,36084,G4020,Alameda,Alameda County,06,2022-07-01,17.563373848269727,1656633600000,"{""type"":""MultiPoint"",""coordinates"":[]}"
181_0000000000000000001f,121375681,479216672,41860,H6,075,00277302,488,C,06075,+37.7272391,-123.0322294,06,41884,G4020,San Francisco,San Francisco County,06,2022-07-01,14.521664848549024,1656633600000,"{""type"":""MultiPoint"",""coordinates"":[]}"
182_00000000000000000021,1857233047,225282636,41860,H1,013,01675903,488,A,06013,+37.9194790,-121.9515431,06,36084,G4020,Contra Costa,Contra Costa County,06,2022-07-02,16.725344276923554,1656720000000,"{""type"":""MultiPoint"",""coordinates"":[]}"
182_00000000000000000023,1909598013,216923745,41860,H1,001,01675839,488,A,06001,+37.6471385,-121.9124880,06,36084,G4020,Alameda,Alameda County,06,2022-07-02,16.244480098444505,1656720000000,"{""type"":""MultiPoint"",""coordinates"":[]}"
182_0000000000000000001f,121375681,479216672,41860,H6,075,00277302,488,C,06075,+37.7272391,-123.0322294,06,41884,G4020,San Francisco,San Francisco County,06,2022-07-02,14.424819297962719,1656720000000,"{""type"":""MultiPoint"",""coordinates"":[]}"
183_00000000000000000021,1857233047,225282636,41860,H1,013,01675903,488,A,06013,+37.9194790,-121.9515431,06,36084,G4020,Contra Costa,Contra Costa County,06,2022-07-03,15.81485832961684,1656806400000,"{""type"":""MultiPoint"",""coordinates"":[]}"
183_00000000000000000023,1909598013,216923745,41860,H1,001,01675839,488,A,06001,+37.6471385,-121.9124880,06,36084,G4020,Alameda,Alameda County,06,2022-07-03,14.914759143164678,1656806400000,"{""type"":""MultiPoint"",""coordinates"":[]}"
183_0000000000000000001f,121375681,479216672,41860,H6,075,00277302,488,C,06075,+37.7272391,-123.0322294,06,41884,G4020,San Francisco,San Francisco County,06,2022-07-03,14.311347987004691,1656806400000,"{""type"":""MultiPoint"",""coordinates"":[]}"
184_00000000000000000021,1857233047,225282636,41860,H1,013,01675903,488,A,06013,+37.9194790,-121.9515431,06,36084,G4020,Contra Costa,Contra Costa County,06,2022-07-04,17.343979136941602,1656892800000,"{""type"":""MultiPoint"",""coordinates"":[]}"
184_00000000000000000023,1909598013,216923745,41860,H1,001,01675839,488,A,06001,+37.6471385,-121.9124880,06,36084,G4020,Alameda,Alameda County,06,2022-07-04,16.785434779760244,1656892800000,"{""type"":""MultiPoint"",""coordinates"":[]}"
184_0000000000000000001f,121375681,479216672,41860,H6,075,00277302,488,C,06075,+37.7272391,-123.0322294,06,41884,G4020,San Francisco,San Francisco County,06,2022-07-04,15.422548328254575,1656892800000,"{""type"":""MultiPoint"",""coordinates"":[]}"
185_00000000000000000021,1857233047,225282636,41860,H1,013,01675903,488,A,06013,+37.9194790,-121.9515431,06,36084,G4020,Contra Costa,Contra Costa County,06,2022-07-05,20.314063342466813,1656979200000,"{""type"":""MultiPoint"",""coordinates"":[]}"
185_00000000000000000023,1909598013,216923745,41860,H1,001,01675839,488,A,06001,+37.6471385,-121.9124880,06,36084,G4020,Alameda,Alameda County,06,2022-07-05,19.98524422315168,1656979200000,"{""type"":""MultiPoint"",""coordinates"":[]}"
185_0000000000000000001f,121375681,479216672,41860,H6,075,00277302,488,C,06075,+37.7272391,-123.0322294,06,41884,G4020,San Francisco,San Francisco County,06,2022-07-05,18.040502691853096,1656979200000,"{""type"":""MultiPoint"",""coordinates"":[]}"
186_00000000000000000021,1857233047,225282636,41860,H1,013,01675903,488,A,06013,+37.9194790,-121.9515431,06,36084,G4020,Contra Costa,Contra Costa County,06,2022-07-06,18.697006545082207,1657065600000,"{""type"":""MultiPoint"",""coordinates"":[]}"
186_00000000000000000023,1909598013,216923745,41860,H1,001,01675839,488,A,06001,+37.6471385,-121.9124880,06,36084,G4020,Alameda,Alameda County,06,2022-07-06,18.16478601037969,1657065600000,"{""type"":""MultiPoint"",""coordinates"":[]}"
186_0000000000000000001f,121375681,479216672,41860,H6,075,00277302,488,C,06075,+37.7272391,-123.0322294,06,41884,G4020,San Francisco,San Francisco County,06,2022-07-06,16.603457732849336,1657065600000,"{""type"":""MultiPoint"",""coordinates"":[]}"
187_00000000000000000021,1857233047,225282636,41860,H1,013,01675903,488,A,06013,+37.9194790,-121.9515431,06,36084,G4020,Contra Costa,Contra Costa County,06,2022-07-07,18.482082155464823,1657152000000,"{""type"":""MultiPoint"",""coordinates"":[]}"
187_00000000000000000023,1909598013,216923745,41860,H1,001,01675839,488,A,06001,+37.6471385,-121.9124880,06,36084,G4020,Alameda,Alameda County,06,2022-07-07,17.797260317837416,1657152000000,"{""type"":""MultiPoint"",""coordinates"":[]}"
187_0000000000000000001f,121375681,479216672,41860,H6,075,00277302,488,C,06075,+37.7272391,-123.0322294,06,41884,G4020,San Francisco,San Francisco County,06,2022-07-07,16.113112761142744,1657152000000,"{""type"":""MultiPoint"",""coordinates"":[]}"
188_00000000000000000021,1857233047,225282636,41860,H1,013,01675903,488,A,06013,+37.9194790,-121.9515431,06,36084,G4020,Contra Costa,Contra Costa County,06,2022-07-08,20.19466385635817,1657238400000,"{""type"":""MultiPoint"",""coordinates"":[]}"
188_00000000000000000023,1909598013,216923745,41860,H1,001,01675839,488,A,06001,+37.6471385,-121.9124880,06,36084,G4020,Alameda,Alameda County,06,2022-07-08,19.388647692624502,1657238400000,"{""type"":""MultiPoint"",""coordinates"":[]}"
188_0000000000000000001f,121375681,479216672,41860,H6,075,00277302,488,C,06075,+37.7272391,-123.0322294,06,41884,G4020,San Francisco,San Francisco County,06,2022-07-08,17.473014593954495,1657238400000,"{""type"":""MultiPoint"",""coordinates"":[]}"
189_00000000000000000021,1857233047,225282636,41860,H1,013,01675903,488,A,06013,+37.9194790,-121.9515431,06,36084,G4020,Contra Costa,Contra Costa County,06,2022-07-09,19.911660141121196,1657324800000,"{""type"":""MultiPoint"",""coordinates"":[]}"
189_00000000000000000023,1909598013,216923745,41860,H1,001,01675839,488,A,06001,+37.6471385,-121.9124880,06,36084,G4020,Alameda,Alameda County,06,2022-07-09,19.148046587189203,1657324800000,"{""type"":""MultiPoint"",""coordinates"":[]}"
189_0000000000000000001f,121375681,479216672,41860,H6,075,00277302,488,C,06075,+37.7272391,-123.0322294,06,41884,G4020,San Francisco,San Francisco County,06,2022-07-09,16.663636439143293,1657324800000,"{""type"":""MultiPoint"",""coordinates"":[]}"
190_00000000000000000021,1857233047,225282636,41860,H1,013,01675903,488,A,06013,+37.9194790,-121.9515431,06,36084,G4020,Contra Costa,Contra Costa County,06,2022-07-10,20.795873794642862,1657411200000,"{""type"":""MultiPoint"",""coordinates"":[]}"
190_00000000000000000023,1909598013,216923745,41860,H1,001,01675839,488,A,06001,+37.6471385,-121.9124880,06,36084,G4020,Alameda,Alameda County,06,2022-07-10,20.333631327911785,1657411200000,"{""type"":""MultiPoint"",""coordinates"":[]}"
190_0000000000000000001f,121375681,479216672,41860,H6,075,00277302,488,C,06075,+37.7272391,-123.0322294,06,41884,G4020,San Francisco,San Francisco County,06,2022-07-10,17.453707390397252,1657411200000,"{""type"":""MultiPoint"",""coordinates"":[]}"
191_00000000000000000021,1857233047,225282636,41860,H1,013,01675903,488,A,06013,+37.9194790,-121.9515431,06,36084,G4020,Contra Costa,Contra Costa County,06,2022-07-11,23.58426590805872,1657497600000,"{""type"":""MultiPoint"",""coordinates"":[]}"
191_00000000000000000023,1909598013,216923745,41860,H1,001,01675839,488,A,06001,+37.6471385,-121.9124880,06,36084,G4020,Alameda,Alameda County,06,2022-07-11,23.85519975199933,1657497600000,"{""type"":""MultiPoint"",""coordinates"":[]}"
191_0000000000000000001f,121375681,479216672,41860,H6,075,00277302,488,C,06075,+37.7272391,-123.0322294,06,41884,G4020,San Francisco,San Francisco County,06,2022-07-11,18.577018780588443,1657497600000,"{""type"":""MultiPoint"",""coordinates"":[]}"
192_00000000000000000021,1857233047,225282636,41860,H1,013,01675903,488,A,06013,+37.9194790,-121.9515431,06,36084,G4020,Contra Costa,Contra Costa County,06,2022-07-12,21.06111441683868,1657584000000,"{""type"":""MultiPoint"",""coordinates"":[]}"
192_00000000000000000023,1909598013,216923745,41860,H1,001,01675839,488,A,06001,+37.6471385,-121.9124880,06,36084,G4020,Alameda,Alameda County,06,2022-07-12,22.119467473207546,1657584000000,"{""type"":""MultiPoint"",""coordinates"":[]}"
192_0000000000000000001f,121375681,479216672,41860,H6,075,00277302,488,C,06075,+37.7272391,-123.0322294,06,41884,G4020,San Francisco,San Francisco County,06,2022-07-12,16.581901300406948,1657584000000,"{""type"":""MultiPoint"",""coordinates"":[]}"
193_00000000000000000021,1857233047,225282636,41860,H1,013,01675903,488,A,06013,+37.9194790,-121.9515431,06,36084,G4020,Contra Costa,Contra Costa County,06,2022-07-13,18.89206351702914,1657670400000,"{""type"":""MultiPoint"",""coordinates"":[]}"
193_00000000000000000023,1909598013,216923745,41860,H1,001,01675839,488,A,06001,+37.6471385,-121.9124880,06,36084,G4020,Alameda,Alameda County,06,2022-07-13,19.87698565430999,1657670400000,"{""type"":""MultiPoint"",""coordinates"":[]}"
193_0000000000000000001f,121375681,479216672,41860,H6,075,00277302,488,C,06075,+37.7272391,-123.0322294,06,41884,G4020,San Francisco,San Francisco County,06,2022-07-13,15.89097614866316,1657670400000,"{""type"":""MultiPoint"",""coordinates"":[]}"
194_00000000000000000021,1857233047,225282636,41860,H1,013,01675903,488,A,06013,+37.9194790,-121.9515431,06,36084,G4020,Contra Costa,Contra Costa County,06,2022-07-14,19.966482850682336,1657756800000,"{""type"":""MultiPoint"",""coordinates"":[]}"
194_00000000000000000023,1909598013,216923745,41860,H1,001,01675839,488,A,06001,+37.6471385,-121.9124880,06,36084,G4020,Alameda,Alameda County,06,2022-07-14,20.28763590077178,1657756800000,"{""type"":""MultiPoint"",""coordinates"":[]}"
194_0000000000000000001f,121375681,479216672,41860,H6,075,00277302,488,C,06075,+37.7272391,-123.0322294,06,41884,G4020,San Francisco,San Francisco County,06,2022-07-14,16.604986914875155,1657756800000,"{""type"":""MultiPoint"",""coordinates"":[]}"
195_00000000000000000021,1857233047,225282636,41860,H1,013,01675903,488,A,06013,+37.9194790,-121.9515431,06,36084,G4020,Contra Costa,Contra Costa County,06,2022-07-15,19.937278211155203,1657843200000,"{""type"":""MultiPoint"",""coordinates"":[]}"
195_00000000000000000023,1909598013,216923745,41860,H1,001,01675839,488,A,06001,+37.6471385,-121.9124880,06,36084,G4020,Alameda,Alameda County,06,2022-07-15,19.78694494724881,1657843200000,"{""type"":""MultiPoint"",""coordinates"":[]}"
195_0000000000000000001f,121375681,479216672,41860,H6,075,00277302,488,C,06075,+37.7272391,-123.0322294,06,41884,G4020,San Francisco,San Francisco County,06,2022-07-15,16.527148061441203,1657843200000,"{""type"":""MultiPoint"",""coordinates"":[]}"
196_00000000000000000021,1857233047,225282636,41860,H1,013,01675903,488,A,06013,+37.9194790,-121.9515431,06,36084,G4020,Contra Costa,Contra Costa County,06,2022-07-16,21.522534587587113,1657929600000,"{""type"":""MultiPoint"",""coordinates"":[]}"
196_00000000000000000023,1909598013,216923745,41860,H1,001,01675839,488,A,06001,+37.6471385,-121.9124880,06,36084,G4020,Alameda,Alameda County,06,2022-07-16,22.185050249696424,1657929600000,"{""type"":""MultiPoint"",""coordinates"":[]}"
196_0000000000000000001f,121375681,479216672,41860,H6,075,00277302,488,C,06075,+37.7272391,-123.0322294,06,41884,G4020,San Francisco,San Francisco County,06,2022-07-16,17.337645405634717,1657929600000,"{""type"":""MultiPoint"",""coordinates"":[]}"
197_00000000000000000021,1857233047,225282636,41860,H1,013,01675903,488,A,06013,+37.9194790,-121.9515431,06,36084,G4020,Contra Costa,Contra Costa County,06,2022-07-17,22.569476936786536,1658016000000,"{""type"":""MultiPoint"",""coordinates"":[]}"
197_00000000000000000023,1909598013,216923745,41860,H1,001,01675839,488,A,06001,+37.6471385,-121.9124880,06,36084,G4020,Alameda,Alameda County,06,2022-07-17,23.41252197314833,1658016000000,"{""type"":""MultiPoint"",""coordinates"":[]}"
197_0000000000000000001f,121375681,479216672,41860,H6,075,00277302,488,C,06075,+37.7272391,-123.0322294,06,41884,G4020,San Francisco,San Francisco County,06,2022-07-17,17.7046042808174,1658016000000,"{""type"":""MultiPoint"",""coordinates"":[]}"
198_00000000000000000021,1857233047,225282636,41860,H1,013,01675903,488,A,06013,+37.9194790,-121.9515431,06,36084,G4020,Contra Costa,Contra Costa County,06,2022-07-18,22.501187305523764,1658102400000,"{""type"":""MultiPoint"",""coordinates"":[]}"
198_00000000000000000023,1909598013,216923745,41860,H1,001,01675839,488,A,06001,+37.6471385,-121.9124880,06,36084,G4020,Alameda,Alameda County,06,2022-07-18,23.627128698938744,1658102400000,"{""type"":""MultiPoint"",""coordinates"":[]}"
198_0000000000000000001f,121375681,479216672,41860,H6,075,00277302,488,C,06075,+37.7272391,-123.0322294,06,41884,G4020,San Francisco,San Francisco County,06,2022-07-18,17.291502099495276,1658102400000,"{""type"":""MultiPoint"",""coordinates"":[]}"
199_00000000000000000021,1857233047,225282636,41860,H1,013,01675903,488,A,06013,+37.9194790,-121.9515431,06,36084,G4020,Contra Costa,Contra Costa County,06,2022-07-19,21.424774370543194,1658188800000,"{""type"":""MultiPoint"",""coordinates"":[]}"
199_00000000000000000023,1909598013,216923745,41860,H1,001,01675839,488,A,06001,+37.6471385,-121.9124880,06,36084,G4020,Alameda,Alameda County,06,2022-07-19,22.622516748974995,1658188800000,"{""type"":""MultiPoint"",""coordinates"":[]}"
199_0000000000000000001f,121375681,479216672,41860,H6,075,00277302,488,C,06075,+37.7272391,-123.0322294,06,41884,G4020,San Francisco,San Francisco County,06,2022-07-19,16.329718264266813,1658188800000,"{""type"":""MultiPoint"",""coordinates"":[]}"
200_00000000000000000021,1857233047,225282636,41860,H1,013,01675903,488,A,06013,+37.9194790,-121.9515431,06,36084,G4020,Contra Costa,Contra Costa County,06,2022-07-20,20.184469977799175,1658275200000,"{""type"":""MultiPoint"",""coordinates"":[]}"
200_00000000000000000023,1909598013,216923745,41860,H1,001,01675839,488,A,06001,+37.6471385,-121.9124880,06,36084,G4020,Alameda,Alameda County,06,2022-07-20,21.48948067650961,1658275200000,"{""type"":""MultiPoint"",""coordinates"":[]}"
200_0000000000000000001f,121375681,479216672,41860,H6,075,00277302,488,C,06075,+37.7272391,-123.0322294,06,41884,G4020,San Francisco,San Francisco County,06,2022-07-20,15.444640948248264,1658275200000,"{""type"":""MultiPoint"",""coordinates"":[]}"
201_00000000000000000021,1857233047,225282636,41860,H1,013,01675903,488,A,06013,+37.9194790,-121.9515431,06,36084,G4020,Contra Costa,Contra Costa County,06,2022-07-21,19.723805129393092,1658361600000,"{""type"":""MultiPoint"",""coordinates"":[]}"
201_00000000000000000023,1909598013,216923745,41860,H1,001,01675839,488,A,06001,+37.6471385,-121.9124880,06,36084,G4020,Alameda,Alameda County,06,2022-07-21,20.92468082431556,1658361600000,"{""type"":""MultiPoint"",""coordinates"":[]}"
201_0000000000000000001f,121375681,479216672,41860,H6,075,00277302,488,C,06075,+37.7272391,-123.0322294,06,41884,G4020,San Francisco,San Francisco County,06,2022-07-21,15.228965254832243,1658361600000,"{""type"":""MultiPoint"",""coordinates"":[]}"
202_00000000000000000021,1857233047,225282636,41860,H1,013,01675903,488,A,06013,+37.9194790,-121.9515431,06,36084,G4020,Contra Costa,Contra Costa County,06,2022-07-22,20.55442756457879,1658448000000,"{""type"":""MultiPoint"",""coordinates"":[]}"
202_00000000000000000023,1909598013,216923745,41860,H1,001,01675839,488,A,06001,+37.6471385,-121.9124880,06,36084,G4020,Alameda,Alameda County,06,2022-07-22,21.11101767957019,1658448000000,"{""type"":""MultiPoint"",""coordinates"":[]}"
202_0000000000000000001f,121375681,479216672,41860,H6,075,00277302,488,C,06075,+37.7272391,-123.0322294,06,41884,G4020,San Francisco,San Francisco County,06,2022-07-22,16.31612888363239,1658448000000,"{""type"":""MultiPoint"",""coordinates"":[]}"
203_00000000000000000021,1857233047,225282636,41860,H1,013,01675903,488,A,06013,+37.9194790,-121.9515431,06,36084,G4020,Contra Costa,Contra Costa County,06,2022-07-23,19.716049994879516,1658534400000,"{""type"":""MultiPoint"",""coordinates"":[]}"
203_00000000000000000023,1909598013,216923745,41860,H1,001,01675839,488,A,06001,+37.6471385,-121.9124880,06,36084,G4020,Alameda,Alameda County,06,2022-07-23,20.30469085247988,1658534400000,"{""type"":""MultiPoint"",""coordinates"":[]}"
203_0000000000000000001f,121375681,479216672,41860,H6,075,00277302,488,C,06075,+37.7272391,-123.0322294,06,41884,G4020,San Francisco,San Francisco County,06,2022-07-23,15.586525863312989,1658534400000,"{""type"":""MultiPoint"",""coordinates"":[]}"
204_00000000000000000021,1857233047,225282636,41860,H1,013,01675903,488,A,06013,+37.9194790,-121.9515431,06,36084,G4020,Contra Costa,Contra Costa County,06,2022-07-24,19.363288393711112,1658620800000,"{""type"":""MultiPoint"",""coordinates"":[]}"
204_00000000000000000023,1909598013,216923745,41860,H1,001,01675839,488,A,06001,+37.6471385,-121.9124880,06,36084,G4020,Alameda,Alameda County,06,2022-07-24,20.40274494884627,1658620800000,"{""type"":""MultiPoint"",""coordinates"":[]}"
204_0000000000000000001f,121375681,479216672,41860,H6,075,00277302,488,C,06075,+37.7272391,-123.0322294,06,41884,G4020,San Francisco,San Francisco County,06,2022-07-24,15.272223860336721,1658620800000,"{""type"":""MultiPoint"",""coordinates"":[]}"
205_00000000000000000021,1857233047,225282636,41860,H1,013,01675903,488,A,06013,+37.9194790,-121.9515431,06,36084,G4020,Contra Costa,Contra Costa County,06,2022-07-25,18.718649631816074,1658707200000,"{""type"":""MultiPoint"",""coordinates"":[]}"
205_00000000000000000023,1909598013,216923745,41860,H1,001,01675839,488,A,06001,+37.6471385,-121.9124880,06,36084,G4020,Alameda,Alameda County,06,2022-07-25,20.068112846094028,1658707200000,"{""type"":""MultiPoint"",""coordinates"":[]}"
205_0000000000000000001f,121375681,479216672,41860,H6,075,00277302,488,C,06075,+37.7272391,-123.0322294,06,41884,G4020,San Francisco,San Francisco County,06,2022-07-25,14.938488039549224,1658707200000,"{""type"":""MultiPoint"",""coordinates"":[]}"
206_00000000000000000021,1857233047,225282636,41860,H1,013,01675903,488,A,06013,+37.9194790,-121.9515431,06,36084,G4020,Contra Costa,Contra Costa County,06,2022-07-26,19.020497199066767,1658793600000,"{""type"":""MultiPoint"",""coordinates"":[]}"
206_00000000000000000023,1909598013,216923745,41860,H1,001,01675839,488,A,06001,+37.6471385,-121.9124880,06,36084,G4020,Alameda,Alameda County,06,2022-07-26,20.240742626140793,1658793600000,"{""type"":""MultiPoint"",""coordinates"":[]}"
206_0000000000000000001f,121375681,479216672,41860,H6,075,00277302,488,C,06075,+37.7272391,-123.0322294,06,41884,G4020,San Francisco,San Francisco County,06,2022-07-26,15.737134604881387,1658793600000,"{""type"":""MultiPoint"",""coordinates"":[]}"
207_00000000000000000021,1857233047,225282636,41860,H1,013,01675903,488,A,06013,+37.9194790,-121.9515431,06,36084,G4020,Contra Costa,Contra Costa County,06,2022-07-27,18.65365851998542,1658880000000,"{""type"":""MultiPoint"",""coordinates"":[]}"
207_00000000000000000023,1909598013,216923745,41860,H1,001,01675839,488,A,06001,+37.6471385,-121.9124880,06,36084,G4020,Alameda,Alameda County,06,2022-07-27,19.802646219219817,1658880000000,"{""type"":""MultiPoint"",""coordinates"":[]}"
207_0000000000000000001f,121375681,479216672,41860,H6,075,00277302,488,C,06075,+37.7272391,-123.0322294,06,41884,G4020,San Francisco,San Francisco County,06,2022-07-27,15.144081834882895,1658880000000,"{""type"":""MultiPoint"",""coordinates"":[]}"
208_00000000000000000021,1857233047,225282636,41860,H1,013,01675903,488,A,06013,+37.9194790,-121.9515431,06,36084,G4020,Contra Costa,Contra Costa County,06,2022-07-28,18.413279907267793,1658966400000,"{""type"":""MultiPoint"",""coordinates"":[]}"
208_00000000000000000023,1909598013,216923745,41860,H1,001,01675839,488,A,06001,+37.6471385,-121.9124880,06,36084,G4020,Alameda,Alameda County,06,2022-07-28,19.632235743133275,1658966400000,"{""type"":""MultiPoint"",""coordinates"":[]}"
208_0000000000000000001f,121375681,479216672,41860,H6,075,00277302,488,C,06075,+37.7272391,-123.0322294,06,41884,G4020,San Francisco,San Francisco County,06,2022-07-28,14.402462001680057,1658966400000,"{""type"":""MultiPoint"",""coordinates"":[]}"
209_00000000000000000021,1857233047,225282636,41860,H1,013,01675903,488,A,06013,+37.9194790,-121.9515431,06,36084,G4020,Contra Costa,Contra Costa County,06,2022-07-29,18.623921033780622,1659052800000,"{""type"":""MultiPoint"",""coordinates"":[]}"
209_00000000000000000023,1909598013,216923745,41860,H1,001,01675839,488,A,06001,+37.6471385,-121.9124880,06,36084,G4020,Alameda,Alameda County,06,2022-07-29,19.820520959274514,1659052800000,"{""type"":""MultiPoint"",""coordinates"":[]}"
209_0000000000000000001f,121375681,479216672,41860,H6,075,00277302,488,C,06075,+37.7272391,-123.0322294,06,41884,G4020,San Francisco,San Francisco County,06,2022-07-29,14.793282734264068,1659052800000,"{""type"":""MultiPoint"",""coordinates"":[]}"
210_00000000000000000021,1857233047,225282636,41860,H1,013,01675903,488,A,06013,+37.9194790,-121.9515431,06,36084,G4020,Contra Costa,Contra Costa County,06,2022-07-30,18.650122240145198,1659139200000,"{""type"":""MultiPoint"",""coordinates"":[]}"
210_00000000000000000023,1909598013,216923745,41860,H1,001,01675839,488,A,06001,+37.6471385,-121.9124880,06,36084,G4020,Alameda,Alameda County,06,2022-07-30,19.82430248774636,1659139200000,"{""type"":""MultiPoint"",""coordinates"":[]}"
210_0000000000000000001f,121375681,479216672,41860,H6,075,00277302,488,C,06075,+37.7272391,-123.0322294,06,41884,G4020,San Francisco,San Francisco County,06,2022-07-30,15.28218078957615,1659139200000,"{""type"":""MultiPoint"",""coordinates"":[]}"
211_00000000000000000021,1857233047,225282636,41860,H1,013,01675903,488,A,06013,+37.9194790,-121.9515431,06,36084,G4020,Contra Costa,Contra Costa County,06,2022-07-31,18.752006021699565,1659225600000,"{""type"":""MultiPoint"",""coordinates"":[]}"
211_00000000000000000023,1909598013,216923745,41860,H1,001,01675839,488,A,06001,+37.6471385,-121.9124880,06,36084,G4020,Alameda,Alameda County,06,2022-07-31,19.8785904697557,1659225600000,"{""type"":""MultiPoint"",""coordinates"":[]}"
211_0000000000000000001f,121375681,479216672,41860,H6,075,00277302,488,C,06075,+37.7272391,-123.0322294,06,41884,G4020,San Francisco,San Francisco County,06,2022-07-31,15.611081773031188,1659225600000,"{""type"":""MultiPoint"",""coordinates"":[]}"
212_00000000000000000021,1857233047,225282636,41860,H1,013,01675903,488,A,06013,+37.9194790,-121.9515431,06,36084,G4020,Contra Costa,Contra Costa County,06,2022-08-01,19.245066413154273,1659312000000,"{""type"":""MultiPoint"",""coordinates"":[]}"
212_00000000000000000023,1909598013,216923745,41860,H1,001,01675839,488,A,06001,+37.6471385,-121.9124880,06,36084,G4020,Alameda,Alameda County,06,2022-08-01,20.51675892215826,1659312000000,"{""type"":""MultiPoint"",""coordinates"":[]}"
212_0000000000000000001f,121375681,479216672,41860,H6,075,00277302,488,C,06075,+37.7272391,-123.0322294,06,41884,G4020,San Francisco,San Francisco County,06,2022-08-01,16.389351113452847,1659312000000,"{""type"":""MultiPoint"",""coordinates"":[]}"
213_00000000000000000021,1857233047,225282636,41860,H1,013,01675903,488,A,06013,+37.9194790,-121.9515431,06,36084,G4020,Contra Costa,Contra Costa County,06,2022-08-02,22.94043087517968,1659398400000,"{""type"":""MultiPoint"",""coordinates"":[]}"
213_00000000000000000023,1909598013,216923745,41860,H1,001,01675839,488,A,06001,+37.6471385,-121.9124880,06,36084,G4020,Alameda,Alameda County,06,2022-08-02,23.306572807437796,1659398400000,"{""type"":""MultiPoint"",""coordinates"":[]}"
213_0000000000000000001f,121375681,479216672,41860,H6,075,00277302,488,C,06075,+37.7272391,-123.0322294,06,41884,G4020,San Francisco,San Francisco County,06,2022-08-02,18.752600381237556,1659398400000,"{""type"":""MultiPoint"",""coordinates"":[]}"
214_00000000000000000021,1857233047,225282636,41860,H1,013,01675903,488,A,06013,+37.9194790,-121.9515431,06,36084,G4020,Contra Costa,Contra Costa County,06,2022-08-03,21.503848794287496,1659484800000,"{""type"":""MultiPoint"",""coordinates"":[]}"
214_00000000000000000023,1909598013,216923745,41860,H1,001,01675839,488,A,06001,+37.6471385,-121.9124880,06,36084,G4020,Alameda,Alameda County,06,2022-08-03,22.150960397044837,1659484800000,"{""type"":""MultiPoint"",""coordinates"":[]}"
214_0000000000000000001f,121375681,479216672,41860,H6,075,00277302,488,C,06075,+37.7272391,-123.0322294,06,41884,G4020,San Francisco,San Francisco County,06,2022-08-03,17.16745996850296,1659484800000,"{""type"":""MultiPoint"",""coordinates"":[]}"
215_00000000000000000021,1857233047,225282636,41860,H1,013,01675903,488,A,06013,+37.9194790,-121.9515431,06,36084,G4020,Contra Costa,Contra Costa County,06,2022-08-04,22.112169911555085,1659571200000,"{""type"":""MultiPoint"",""coordinates"":[]}"
215_00000000000000000023,1909598013,216923745,41860,H1,001,01675839,488,A,06001,+37.6471385,-121.9124880,06,36084,G4020,Alameda,Alameda County,06,2022-08-04,23.47011075828104,1659571200000,"{""type"":""MultiPoint"",""coordinates"":[]}"
215_0000000000000000001f,121375681,479216672,41860,H6,075,00277302,488,C,06075,+37.7272391,-123.0322294,06,41884,G4020,San Francisco,San Francisco County,06,2022-08-04,17.561236715163076,1659571200000,"{""type"":""MultiPoint"",""coordinates"":[]}"
216_00000000000000000021,1857233047,225282636,41860,H1,013,01675903,488,A,06013,+37.9194790,-121.9515431,06,36084,G4020,Contra Costa,Contra Costa County,06,2022-08-05,20.462365993294906,1659657600000,"{""type"":""MultiPoint"",""coordinates"":[]}"
216_00000000000000000023,1909598013,216923745,41860,H1,001,01675839,488,A,06001,+37.6471385,-121.9124880,06,36084,G4020,Alameda,Alameda County,06,2022-08-05,21.31330231644015,1659657600000,"{""type"":""MultiPoint"",""coordinates"":[]}"
216_0000000000000000001f,121375681,479216672,41860,H6,075,00277302,488,C,06075,+37.7272391,-123.0322294,06,41884,G4020,San Francisco,San Francisco County,06,2022-08-05,17.363545906366987,1659657600000,"{""type"":""MultiPoint"",""coordinates"":[]}"
217_00000000000000000021,1857233047,225282636,41860,H1,013,01675903,488,A,06013,+37.9194790,-121.9515431,06,36084,G4020,Contra Costa,Contra Costa County,06,2022-08-06,19.830924932238766,1659744000000,"{""type"":""MultiPoint"",""coordinates"":[]}"
217_00000000000000000023,1909598013,216923745,41860,H1,001,01675839,488,A,06001,+37.6471385,-121.9124880,06,36084,G4020,Alameda,Alameda County,06,2022-08-06,20.008837335610856,1659744000000,"{""type"":""MultiPoint"",""coordinates"":[]}"
217_0000000000000000001f,121375681,479216672,41860,H6,075,00277302,488,C,06075,+37.7272391,-123.0322294,06,41884,G4020,San Francisco,San Francisco County,06,2022-08-06,17.85393847201734,1659744000000,"{""type"":""MultiPoint"",""coordinates"":[]}"
218_00000000000000000021,1857233047,225282636,41860,H1,013,01675903,488,A,06013,+37.9194790,-121.9515431,06,36084,G4020,Contra Costa,Contra Costa County,06,2022-08-07,19.366387355578997,1659830400000,"{""type"":""MultiPoint"",""coordinates"":[]}"
218_00000000000000000023,1909598013,216923745,41860,H1,001,01675839,488,A,06001,+37.6471385,-121.9124880,06,36084,G4020,Alameda,Alameda County,06,2022-08-07,19.53217788928862,1659830400000,"{""type"":""MultiPoint"",""coordinates"":[]}"
218_0000000000000000001f,121375681,479216672,41860,H6,075,00277302,488,C,06075,+37.7272391,-123.0322294,06,41884,G4020,San Francisco,San Francisco County,06,2022-08-07,17.248753528361338,1659830400000,"{""type"":""MultiPoint"",""coordinates"":[]}"
219_00000000000000000021,1857233047,225282636,41860,H1,013,01675903,488,A,06013,+37.9194790,-121.9515431,06,36084,G4020,Contra Costa,Contra Costa County,06,2022-08-08,19.540692442159646,1659916800000,"{""type"":""MultiPoint"",""coordinates"":[]}"
219_00000000000000000023,1909598013,216923745,41860,H1,001,01675839,488,A,06001,+37.6471385,-121.9124880,06,36084,G4020,Alameda,Alameda County,06,2022-08-08,19.258257699605508,1659916800000,"{""type"":""MultiPoint"",""coordinates"":[]}"
219_0000000000000000001f,121375681,479216672,41860,H6,075,00277302,488,C,06075,+37.7272391,-123.0322294,06,41884,G4020,San Francisco,San Francisco County,06,2022-08-08,17.592135676931843,1659916800000,"{""type"":""MultiPoint"",""coordinates"":[]}"
220_00000000000000000021,1857233047,225282636,41860,H1,013,01675903,488,A,06013,+37.9194790,-121.9515431,06,36084,G4020,Contra Costa,Contra Costa County,06,2022-08-09,19.970190425764642,1660003200000,"{""type"":""MultiPoint"",""coordinates"":[]}"
220_00000000000000000023,1909598013,216923745,41860,H1,001,01675839,488,A,06001,+37.6471385,-121.9124880,06,36084,G4020,Alameda,Alameda County,06,2022-08-09,19.54305819780627,1660003200000,"{""type"":""MultiPoint"",""coordinates"":[]}"
220_0000000000000000001f,121375681,479216672,41860,H6,075,00277302,488,C,06075,+37.7272391,-123.0322294,06,41884,G4020,San Francisco,San Francisco County,06,2022-08-09,17.86587133081709,1660003200000,"{""type"":""MultiPoint"",""coordinates"":[]}"
221_00000000000000000021,1857233047,225282636,41860,H1,013,01675903,488,A,06013,+37.9194790,-121.9515431,06,36084,G4020,Contra Costa,Contra Costa County,06,2022-08-10,19.957853902838774,1660089600000,"{""type"":""MultiPoint"",""coordinates"":[]}"
221_00000000000000000023,1909598013,216923745,41860,H1,001,01675839,488,A,06001,+37.6471385,-121.9124880,06,36084,G4020,Alameda,Alameda County,06,2022-08-10,19.385130664864786,1660089600000,"{""type"":""MultiPoint"",""coordinates"":[]}"
221_0000000000000000001f,121375681,479216672,41860,H6,075,00277302,488,C,06075,+37.7272391,-123.0322294,06,41884,G4020,San Francisco,San Francisco County,06,2022-08-10,18.506158598525396,1660089600000,"{""type"":""MultiPoint"",""coordinates"":[]}"
222_00000000000000000021,1857233047,225282636,41860,H1,013,01675903,488,A,06013,+37.9194790,-121.9515431,06,36084,G4020,Contra Costa,Contra Costa County,06,2022-08-11,20.57776457641039,1660176000000,"{""type"":""MultiPoint"",""coordinates"":[]}"
222_00000000000000000023,1909598013,216923745,41860,H1,001,01675839,488,A,06001,+37.6471385,-121.9124880,06,36084,G4020,Alameda,Alameda County,06,2022-08-11,19.954537894790093,1660176000000,"{""type"":""MultiPoint"",""coordinates"":[]}"
222_0000000000000000001f,121375681,479216672,41860,H6,075,00277302,488,C,06075,+37.7272391,-123.0322294,06,41884,G4020,San Francisco,San Francisco County,06,2022-08-11,18.588355503783244,1660176000000,"{""type"":""MultiPoint"",""coordinates"":[]}"
223_00000000000000000021,1857233047,225282636,41860,H1,013,01675903,488,A,06013,+37.9194790,-121.9515431,06,36084,G4020,Contra Costa,Contra Costa County,06,2022-08-12,20.295009209179288,1660262400000,"{""type"":""MultiPoint"",""coordinates"":[]}"
223_00000000000000000023,1909598013,216923745,41860,H1,001,01675839,488,A,06001,+37.6471385,-121.9124880,06,36084,G4020,Alameda,Alameda County,06,2022-08-12,19.520060075293404,1660262400000,"{""type"":""MultiPoint"",""coordinates"":[]}"
223_0000000000000000001f,121375681,479216672,41860,H6,075,00277302,488,C,06075,+37.7272391,-123.0322294,06,41884,G4020,San Francisco,San Francisco County,06,2022-08-12,18.270946174095265,1660262400000,"{""type"":""MultiPoint"",""coordinates"":[]}"
224_00000000000000000021,1857233047,225282636,41860,H1,013,01675903,488,A,06013,+37.9194790,-121.9515431,06,36084,G4020,Contra Costa,Contra Costa County,06,2022-08-13,21.099453178580912,1660348800000,"{""type"":""MultiPoint"",""coordinates"":[]}"
224_00000000000000000023,1909598013,216923745,41860,H1,001,01675839,488,A,06001,+37.6471385,-121.9124880,06,36084,G4020,Alameda,Alameda County,06,2022-08-13,20.435879384272106,1660348800000,"{""type"":""MultiPoint"",""coordinates"":[]}"
224_0000000000000000001f,121375681,479216672,41860,H6,075,00277302,488,C,06075,+37.7272391,-123.0322294,06,41884,G4020,San Francisco,San Francisco County,06,2022-08-13,18.673112616917184,1660348800000,"{""type"":""MultiPoint"",""coordinates"":[]}"
225_00000000000000000021,1857233047,225282636,41860,H1,013,01675903,488,A,06013,+37.9194790,-121.9515431,06,36084,G4020,Contra Costa,Contra Costa County,06,2022-08-14,21.74964417171985,1660435200000,"{""type"":""MultiPoint"",""coordinates"":[]}"
225_00000000000000000023,1909598013,216923745,41860,H1,001,01675839,488,A,06001,+37.6471385,-121.9124880,06,36084,G4020,Alameda,Alameda County,06,2022-08-14,21.265765276581334,1660435200000,"{""type"":""MultiPoint"",""coordinates"":[]}"
225_0000000000000000001f,121375681,479216672,41860,H6,075,00277302,488,C,06075,+37.7272391,-123.0322294,06,41884,G4020,San Francisco,San Francisco County,06,2022-08-14,18.96158566379612,1660435200000,"{""type"":""MultiPoint"",""coordinates"":[]}"
226_00000000000000000021,1857233047,225282636,41860,H1,013,01675903,488,A,06013,+37.9194790,-121.9515431,06,36084,G4020,Contra Costa,Contra Costa County,06,2022-08-15,22.853776899983483,1660521600000,"{""type"":""MultiPoint"",""coordinates"":[]}"
226_00000000000000000023,1909598013,216923745,41860,H1,001,01675839,488,A,06001,+37.6471385,-121.9124880,06,36084,G4020,Alameda,Alameda County,06,2022-08-15,22.527216719992296,1660521600000,"{""type"":""MultiPoint"",""coordinates"":[]}"
226_0000000000000000001f,121375681,479216672,41860,H6,075,00277302,488,C,06075,+37.7272391,-123.0322294,06,41884,G4020,San Francisco,San Francisco County,06,2022-08-15,19.374644888577226,1660521600000,"{""type"":""MultiPoint"",""coordinates"":[]}"
227_00000000000000000021,1857233047,225282636,41860,H1,013,01675903,488,A,06013,+37.9194790,-121.9515431,06,36084,G4020,Contra Costa,Contra Costa County,06,2022-08-16,24.09328900681265,1660608000000,"{""type"":""MultiPoint"",""coordinates"":[]}"
227_00000000000000000023,1909598013,216923745,41860,H1,001,01675839,488,A,06001,+37.6471385,-121.9124880,06,36084,G4020,Alameda,Alameda County,06,2022-08-16,24.561447358335137,1660608000000,"{""type"":""MultiPoint"",""coordinates"":[]}"
227_0000000000000000001f,121375681,479216672,41860,H6,075,00277302,488,C,06075,+37.7272391,-123.0322294,06,41884,G4020,San Francisco,San Francisco County,06,2022-08-16,19.836423989252314,1660608000000,"{""type"":""MultiPoint"",""coordinates"":[]}"
228_00000000000000000021,1857233047,225282636,41860,H1,013,01675903,488,A,06013,+37.9194790,-121.9515431,06,36084,G4020,Contra Costa,Contra Costa County,06,2022-08-17,25.014864069256237,1660694400000,"{""type"":""MultiPoint"",""coordinates"":[]}"
228_00000000000000000023,1909598013,216923745,41860,H1,001,01675839,488,A,06001,+37.6471385,-121.9124880,06,36084,G4020,Alameda,Alameda County,06,2022-08-17,25.780706740069665,1660694400000,"{""type"":""MultiPoint"",""coordinates"":[]}"
228_0000000000000000001f,121375681,479216672,41860,H6,075,00277302,488,C,06075,+37.7272391,-123.0322294,06,41884,G4020,San Francisco,San Francisco County,06,2022-08-17,19.561326511808563,1660694400000,"{""type"":""MultiPoint"",""coordinates"":[]}"
229_00000000000000000021,1857233047,225282636,41860,H1,013,01675903,488,A,06013,+37.9194790,-121.9515431,06,36084,G4020,Contra Costa,Contra Costa County,06,2022-08-18,22.048276165329927,1660780800000,"{""type"":""MultiPoint"",""coordinates"":[]}"
229_00000000000000000023,1909598013,216923745,41860,H1,001,01675839,488,A,06001,+37.6471385,-121.9124880,06,36084,G4020,Alameda,Alameda County,06,2022-08-18,23.408308549072167,1660780800000,"{""type"":""MultiPoint"",""coordinates"":[]}"
229_0000000000000000001f,121375681,479216672,41860,H6,075,00277302,488,C,06075,+37.7272391,-123.0322294,06,41884,G4020,San Francisco,San Francisco County,06,2022-08-18,16.6627023154578,1660780800000,"{""type"":""MultiPoint"",""coordinates"":[]}"
230_00000000000000000021,1857233047,225282636,41860,H1,013,01675903,488,A,06013,+37.9194790,-121.9515431,06,36084,G4020,Contra Costa,Contra Costa County,06,2022-08-19,20.955796660021804,1660867200000,"{""type"":""MultiPoint"",""coordinates"":[]}"
230_00000000000000000023,1909598013,216923745,41860,H1,001,01675839,488,A,06001,+37.6471385,-121.9124880,06,36084,G4020,Alameda,Alameda County,06,2022-08-19,21.689439059110803,1660867200000,"{""type"":""MultiPoint"",""coordinates"":[]}"
230_0000000000000000001f,121375681,479216672,41860,H6,075,00277302,488,C,06075,+37.7272391,-123.0322294,06,41884,G4020,San Francisco,San Francisco County,06,2022-08-19,17.098865811306784,1660867200000,"{""type"":""MultiPoint"",""coordinates"":[]}"
231_00000000000000000021,1857233047,225282636,41860,H1,013,01675903,488,A,06013,+37.9194790,-121.9515431,06,36084,G4020,Contra Costa,Contra Costa County,06,2022-08-20,22.168203060379597,1660953600000,"{""type"":""MultiPoint"",""coordinates"":[]}"
231_00000000000000000023,1909598013,216923745,41860,H1,001,01675839,488,A,06001,+37.6471385,-121.9124880,06,36084,G4020,Alameda,Alameda County,06,2022-08-20,22.817443363885126,1660953600000,"{""type"":""MultiPoint"",""coordinates"":[]}"
231_0000000000000000001f,121375681,479216672,41860,H6,075,00277302,488,C,06075,+37.7272391,-123.0322294,06,41884,G4020,San Francisco,San Francisco County,06,2022-08-20,18.350833790506744,1660953600000,"{""type"":""MultiPoint"",""coordinates"":[]}"
232_00000000000000000021,1857233047,225282636,41860,H1,013,01675903,488,A,06013,+37.9194790,-121.9515431,06,36084,G4020,Contra Costa,Contra Costa County,06,2022-08-21,21.670612473615172,1661040000000,"{""type"":""MultiPoint"",""coordinates"":[]}"
232_00000000000000000023,1909598013,216923745,41860,H1,001,01675839,488,A,06001,+37.6471385,-121.9124880,06,36084,G4020,Alameda,Alameda County,06,2022-08-21,22.53698400978245,1661040000000,"{""type"":""MultiPoint"",""coordinates"":[]}"
232_0000000000000000001f,121375681,479216672,41860,H6,075,00277302,488,C,06075,+37.7272391,-123.0322294,06,41884,G4020,San Francisco,San Francisco County,06,2022-08-21,17.303541250862217,1661040000000,"{""type"":""MultiPoint"",""coordinates"":[]}"
233_00000000000000000021,1857233047,225282636,41860,H1,013,01675903,488,A,06013,+37.9194790,-121.9515431,06,36084,G4020,Contra Costa,Contra Costa County,06,2022-08-22,20.80298624023839,1661126400000,"{""type"":""MultiPoint"",""coordinates"":[]}"
233_00000000000000000023,1909598013,216923745,41860,H1,001,01675839,488,A,06001,+37.6471385,-121.9124880,06,36084,G4020,Alameda,Alameda County,06,2022-08-22,21.088883163955163,1661126400000,"{""type"":""MultiPoint"",""coordinates"":[]}"
233_0000000000000000001f,121375681,479216672,41860,H6,075,00277302,488,C,06075,+37.7272391,-123.0322294,06,41884,G4020,San Francisco,San Francisco County,06,2022-08-22,17.959175414596373,1661126400000,"{""type"":""MultiPoint"",""coordinates"":[]}"
234_00000000000000000021,1857233047,225282636,41860,H1,013,01675903,488,A,06013,+37.9194790,-121.9515431,06,36084,G4020,Contra Costa,Contra Costa County,06,2022-08-23,22.48029608504108,1661212800000,"{""type"":""MultiPoint"",""coordinates"":[]}"
234_00000000000000000023,1909598013,216923745,41860,H1,001,01675839,488,A,06001,+37.6471385,-121.9124880,06,36084,G4020,Alameda,Alameda County,06,2022-08-23,21.952713106669666,1661212800000,"{""type"":""MultiPoint"",""coordinates"":[]}"
234_0000000000000000001f,121375681,479216672,41860,H6,075,00277302,488,C,06075,+37.7272391,-123.0322294,06,41884,G4020,San Francisco,San Francisco County,06,2022-08-23,19.13138529631802,1661212800000,"{""type"":""MultiPoint"",""coordinates"":[]}"
235_00000000000000000021,1857233047,225282636,41860,H1,013,01675903,488,A,06013,+37.9194790,-121.9515431,06,36084,G4020,Contra Costa,Contra Costa County,06,2022-08-24,21.867392310767322,1661299200000,"{""type"":""MultiPoint"",""coordinates"":[]}"
235_00000000000000000023,1909598013,216923745,41860,H1,001,01675839,488,A,06001,+37.6471385,-121.9124880,06,36084,G4020,Alameda,Alameda County,06,2022-08-24,22.247117646288185,1661299200000,"{""type"":""MultiPoint"",""coordinates"":[]}"
235_0000000000000000001f,121375681,479216672,41860,H6,075,00277302,488,C,06075,+37.7272391,-123.0322294,06,41884,G4020,San Francisco,San Francisco County,06,2022-08-24,17.666240685743976,1661299200000,"{""type"":""MultiPoint"",""coordinates"":[]}"
236_00000000000000000021,1857233047,225282636,41860,H1,013,01675903,488,A,06013,+37.9194790,-121.9515431,06,36084,G4020,Contra Costa,Contra Costa County,06,2022-08-25,19.771560116691916,1661385600000,"{""type"":""MultiPoint"",""coordinates"":[]}"
236_00000000000000000023,1909598013,216923745,41860,H1,001,01675839,488,A,06001,+37.6471385,-121.9124880,06,36084,G4020,Alameda,Alameda County,06,2022-08-25,20.786254251319374,1661385600000,"{""type"":""MultiPoint"",""coordinates"":[]}"
236_0000000000000000001f,121375681,479216672,41860,H6,075,00277302,488,C,06075,+37.7272391,-123.0322294,06,41884,G4020,San Francisco,San Francisco County,06,2022-08-25,16.04769469973814,1661385600000,"{""type"":""MultiPoint"",""coordinates"":[]}"
237_00000000000000000021,1857233047,225282636,41860,H1,013,01675903,488,A,06013,+37.9194790,-121.9515431,06,36084,G4020,Contra Costa,Contra Costa County,06,2022-08-26,19.338105998005084,1661472000000,"{""type"":""MultiPoint"",""coordinates"":[]}"
237_00000000000000000023,1909598013,216923745,41860,H1,001,01675839,488,A,06001,+37.6471385,-121.9124880,06,36084,G4020,Alameda,Alameda County,06,2022-08-26,20.385375449789024,1661472000000,"{""type"":""MultiPoint"",""coordinates"":[]}"
237_0000000000000000001f,121375681,479216672,41860,H6,075,00277302,488,C,06075,+37.7272391,-123.0322294,06,41884,G4020,San Francisco,San Francisco County,06,2022-08-26,16.041804644832474,1661472000000,"{""type"":""MultiPoint"",""coordinates"":[]}"
238_00000000000000000021,1857233047,225282636,41860,H1,013,01675903,488,A,06013,+37.9194790,-121.9515431,06,36084,G4020,Contra Costa,Contra Costa County,06,2022-08-27,19.291801460284358,1661558400000,"{""type"":""MultiPoint"",""coordinates"":[]}"
238_00000000000000000023,1909598013,216923745,41860,H1,001,01675839,488,A,06001,+37.6471385,-121.9124880,06,36084,G4020,Alameda,Alameda County,06,2022-08-27,20.427261696957405,1661558400000,"{""type"":""MultiPoint"",""coordinates"":[]}"
238_0000000000000000001f,121375681,479216672,41860,H6,075,00277302,488,C,06075,+37.7272391,-123.0322294,06,41884,G4020,San Francisco,San Francisco County,06,2022-08-27,15.348805934578918,1661558400000,"{""type"":""MultiPoint"",""coordinates"":[]}"
239_00000000000000000021,1857233047,225282636,41860,H1,013,01675903,488,A,06013,+37.9194790,-121.9515431,06,36084,G4020,Contra Costa,Contra Costa County,06,2022-08-28,18.890830489147064,1661644800000,"{""type"":""MultiPoint"",""coordinates"":[]}"
239_00000000000000000023,1909598013,216923745,41860,H1,001,01675839,488,A,06001,+37.6471385,-121.9124880,06,36084,G4020,Alameda,Alameda County,06,2022-08-28,19.50356422181655,1661644800000,"{""type"":""MultiPoint"",""coordinates"":[]}"
239_0000000000000000001f,121375681,479216672,41860,H6,075,00277302,488,C,06075,+37.7272391,-123.0322294,06,41884,G4020,San Francisco,San Francisco County,06,2022-08-28,15.784638932779664,1661644800000,"{""type"":""MultiPoint"",""coordinates"":[]}"
240_00000000000000000021,1857233047,225282636,41860,H1,013,01675903,488,A,06013,+37.9194790,-121.9515431,06,36084,G4020,Contra Costa,Contra Costa County,06,2022-08-29,19.216334768548712,1661731200000,"{""type"":""MultiPoint"",""coordinates"":[]}"
240_00000000000000000023,1909598013,216923745,41860,H1,001,01675839,488,A,06001,+37.6471385,-121.9124880,06,36084,G4020,Alameda,Alameda County,06,2022-08-29,20.207644385444098,1661731200000,"{""type"":""MultiPoint"",""coordinates"":[]}"
240_0000000000000000001f,121375681,479216672,41860,H6,075,00277302,488,C,06075,+37.7272391,-123.0322294,06,41884,G4020,San Francisco,San Francisco County,06,2022-08-29,16.126402755678303,1661731200000,"{""type"":""MultiPoint"",""coordinates"":[]}"
241_00000000000000000021,1857233047,225282636,41860,H1,013,01675903,488,A,06013,+37.9194790,-121.9515431,06,36084,G4020,Contra Costa,Contra Costa County,06,2022-08-30,19.35720696723189,1661817600000,"{""type"":""MultiPoint"",""coordinates"":[]}"
241_00000000000000000023,1909598013,216923745,41860,H1,001,01675839,488,A,06001,+37.6471385,-121.9124880,06,36084,G4020,Alameda,Alameda County,06,2022-08-30,20.291273845455827,1661817600000,"{""type"":""MultiPoint"",""coordinates"":[]}"
241_0000000000000000001f,121375681,479216672,41860,H6,075,00277302,488,C,06075,+37.7272391,-123.0322294,06,41884,G4020,San Francisco,San Francisco County,06,2022-08-30,15.833523648604547,1661817600000,"{""type"":""MultiPoint"",""coordinates"":[]}"
242_00000000000000000021,1857233047,225282636,41860,H1,013,01675903,488,A,06013,+37.9194790,-121.9515431,06,36084,G4020,Contra Costa,Contra Costa County,06,2022-08-31,19.138836027957517,1661904000000,"{""type"":""MultiPoint"",""coordinates"":[]}"
242_00000000000000000023,1909598013,216923745,41860,H1,001,01675839,488,A,06001,+37.6471385,-121.9124880,06,36084,G4020,Alameda,Alameda County,06,2022-08-31,20.01536717030834,1661904000000,"{""type"":""MultiPoint"",""coordinates"":[]}"
242_0000000000000000001f,121375681,479216672,41860,H6,075,00277302,488,C,06075,+37.7272391,-123.0322294,06,41884,G4020,San Francisco,San Francisco County,06,2022-08-31,15.988592795661656,1661904000000,"{""type"":""MultiPoint"",""coordinates"":[]}"
243_00000000000000000021,1857233047,225282636,41860,H1,013,01675903,488,A,06013,+37.9194790,-121.9515431,06,36084,G4020,Contra Costa,Contra Costa County,06,2022-09-01,21.637126682598918,1661990400000,"{""type"":""MultiPoint"",""coordinates"":[]}"
243_00000000000000000023,1909598013,216923745,41860,H1,001,01675839,488,A,06001,+37.6471385,-121.9124880,06,36084,G4020,Alameda,Alameda County,06,2022-09-01,23.015292274938155,1661990400000,"{""type"":""MultiPoint"",""coordinates"":[]}"
243_0000000000000000001f,121375681,479216672,41860,H6,075,00277302,488,C,06075,+37.7272391,-123.0322294,06,41884,G4020,San Francisco,San Francisco County,06,2022-09-01,17.864206563481087,1661990400000,"{""type"":""MultiPoint"",""coordinates"":[]}"
244_00000000000000000021,1857233047,225282636,41860,H1,013,01675903,488,A,06013,+37.9194790,-121.9515431,06,36084,G4020,Contra Costa,Contra Costa County,06,2022-09-02,22.508255225514752,1662076800000,"{""type"":""MultiPoint"",""coordinates"":[]}"
244_00000000000000000023,1909598013,216923745,41860,H1,001,01675839,488,A,06001,+37.6471385,-121.9124880,06,36084,G4020,Alameda,Alameda County,06,2022-09-02,23.595006954293442,1662076800000,"{""type"":""MultiPoint"",""coordinates"":[]}"
244_0000000000000000001f,121375681,479216672,41860,H6,075,00277302,488,C,06075,+37.7272391,-123.0322294,06,41884,G4020,San Francisco,San Francisco County,06,2022-09-02,18.033272115189696,1662076800000,"{""type"":""MultiPoint"",""coordinates"":[]}"
245_00000000000000000021,1857233047,225282636,41860,H1,013,01675903,488,A,06013,+37.9194790,-121.9515431,06,36084,G4020,Contra Costa,Contra Costa County,06,2022-09-03,22.532944636088846,1662163200000,"{""type"":""MultiPoint"",""coordinates"":[]}"
245_00000000000000000023,1909598013,216923745,41860,H1,001,01675839,488,A,06001,+37.6471385,-121.9124880,06,36084,G4020,Alameda,Alameda County,06,2022-09-03,23.06349447784586,1662163200000,"{""type"":""MultiPoint"",""coordinates"":[]}"
245_0000000000000000001f,121375681,479216672,41860,H6,075,00277302,488,C,06075,+37.7272391,-123.0322294,06,41884,G4020,San Francisco,San Francisco County,06,2022-09-03,18.786821325758375,1662163200000,"{""type"":""MultiPoint"",""coordinates"":[]}"
246_00000000000000000021,1857233047,225282636,41860,H1,013,01675903,488,A,06013,+37.9194790,-121.9515431,06,36084,G4020,Contra Costa,Contra Costa County,06,2022-09-04,24.329137098701313,1662249600000,"{""type"":""MultiPoint"",""coordinates"":[]}"
246_00000000000000000023,1909598013,216923745,41860,H1,001,01675839,488,A,06001,+37.6471385,-121.9124880,06,36084,G4020,Alameda,Alameda County,06,2022-09-04,25.153126576493428,1662249600000,"{""type"":""MultiPoint"",""coordinates"":[]}"
246_0000000000000000001f,121375681,479216672,41860,H6,075,00277302,488,C,06075,+37.7272391,-123.0322294,06,41884,G4020,San Francisco,San Francisco County,06,2022-09-04,20.321763671097813,1662249600000,"{""type"":""MultiPoint"",""coordinates"":[]}"
247_00000000000000000021,1857233047,225282636,41860,H1,013,01675903,488,A,06013,+37.9194790,-121.9515431,06,36084,G4020,Contra Costa,Contra Costa County,06,2022-09-05,27.59027985933107,1662336000000,"{""type"":""MultiPoint"",""coordinates"":[]}"
247_00000000000000000023,1909598013,216923745,41860,H1,001,01675839,488,A,06001,+37.6471385,-121.9124880,06,36084,G4020,Alameda,Alameda County,06,2022-09-05,29.271070333549936,1662336000000,"{""type"":""MultiPoint"",""coordinates"":[]}"
247_0000000000000000001f,121375681,479216672,41860,H6,075,00277302,488,C,06075,+37.7272391,-123.0322294,06,41884,G4020,San Francisco,San Francisco County,06,2022-09-05,22.9540774726007,1662336000000,"{""type"":""MultiPoint"",""coordinates"":[]}"
248_00000000000000000021,1857233047,225282636,41860,H1,013,01675903,488,A,06013,+37.9194790,-121.9515431,06,36084,G4020,Contra Costa,Contra Costa County,06,2022-09-06,30.371750055964753,1662422400000,"{""type"":""MultiPoint"",""coordinates"":[]}"
248_00000000000000000023,1909598013,216923745,41860,H1,001,01675839,488,A,06001,+37.6471385,-121.9124880,06,36084,G4020,Alameda,Alameda County,06,2022-09-06,31.988922474493545,1662422400000,"{""type"":""MultiPoint"",""coordinates"":[]}"
248_0000000000000000001f,121375681,479216672,41860,H6,075,00277302,488,C,06075,+37.7272391,-123.0322294,06,41884,G4020,San Francisco,San Francisco County,06,2022-09-06,25.0036092518377,1662422400000,"{""type"":""MultiPoint"",""coordinates"":[]}"
249_00000000000000000021,1857233047,225282636,41860,H1,013,01675903,488,A,06013,+37.9194790,-121.9515431,06,36084,G4020,Contra Costa,Contra Costa County,06,2022-09-07,27.584579663837875,1662508800000,"{""type"":""MultiPoint"",""coordinates"":[]}"
249_00000000000000000023,1909598013,216923745,41860,H1,001,01675839,488,A,06001,+37.6471385,-121.9124880,06,36084,G4020,Alameda,Alameda County,06,2022-09-07,28.819234148398472,1662508800000,"{""type"":""MultiPoint"",""coordinates"":[]}"
249_0000000000000000001f,121375681,479216672,41860,H6,075,00277302,488,C,06075,+37.7272391,-123.0322294,06,41884,G4020,San Francisco,San Francisco County,06,2022-09-07,22.25488565667535,1662508800000,"{""type"":""MultiPoint"",""coordinates"":[]}"
250_00000000000000000021,1857233047,225282636,41860,H1,013,01675903,488,A,06013,+37.9194790,-121.9515431,06,36084,G4020,Contra Costa,Contra Costa County,06,2022-09-08,27.425040548801494,1662595200000,"{""type"":""MultiPoint"",""coordinates"":[]}"
250_00000000000000000023,1909598013,216923745,41860,H1,001,01675839,488,A,06001,+37.6471385,-121.9124880,06,36084,G4020,Alameda,Alameda County,06,2022-09-08,28.990916711735675,1662595200000,"{""type"":""MultiPoint"",""coordinates"":[]}"
250_0000000000000000001f,121375681,479216672,41860,H6,075,00277302,488,C,06075,+37.7272391,-123.0322294,06,41884,G4020,San Francisco,San Francisco County,06,2022-09-08,21.93345823945884,1662595200000,"{""type"":""MultiPoint"",""coordinates"":[]}"
251_00000000000000000021,1857233047,225282636,41860,H1,013,01675903,488,A,06013,+37.9194790,-121.9515431,06,36084,G4020,Contra Costa,Contra Costa County,06,2022-09-09,26.826092794744657,1662681600000,"{""type"":""MultiPoint"",""coordinates"":[]}"
251_00000000000000000023,1909598013,216923745,41860,H1,001,01675839,488,A,06001,+37.6471385,-121.9124880,06,36084,G4020,Alameda,Alameda County,06,2022-09-09,27.96136127455314,1662681600000,"{""type"":""MultiPoint"",""coordinates"":[]}"
251_0000000000000000001f,121375681,479216672,41860,H6,075,00277302,488,C,06075,+37.7272391,-123.0322294,06,41884,G4020,San Francisco,San Francisco County,06,2022-09-09,21.43229991069233,1662681600000,"{""type"":""MultiPoint"",""coordinates"":[]}"
252_00000000000000000021,1857233047,225282636,41860,H1,013,01675903,488,A,06013,+37.9194790,-121.9515431,06,36084,G4020,Contra Costa,Contra Costa County,06,2022-09-10,21.646130262679804,1662768000000,"{""type"":""MultiPoint"",""coordinates"":[]}"
252_00000000000000000023,1909598013,216923745,41860,H1,001,01675839,488,A,06001,+37.6471385,-121.9124880,06,36084,G4020,Alameda,Alameda County,06,2022-09-10,22.856722058030805,1662768000000,"{""type"":""MultiPoint"",""coordinates"":[]}"
252_0000000000000000001f,121375681,479216672,41860,H6,075,00277302,488,C,06075,+37.7272391,-123.0322294,06,41884,G4020,San Francisco,San Francisco County,06,2022-09-10,17.766721661270733,1662768000000,"{""type"":""MultiPoint"",""coordinates"":[]}"
253_00000000000000000021,1857233047,225282636,41860,H1,013,01675903,488,A,06013,+37.9194790,-121.9515431,06,36084,G4020,Contra Costa,Contra Costa County,06,2022-09-11,21.700055996918728,1662854400000,"{""type"":""MultiPoint"",""coordinates"":[]}"
253_00000000000000000023,1909598013,216923745,41860,H1,001,01675839,488,A,06001,+37.6471385,-121.9124880,06,36084,G4020,Alameda,Alameda County,06,2022-09-11,22.12412964854667,1662854400000,"{""type"":""MultiPoint"",""coordinates"":[]}"
253_0000000000000000001f,121375681,479216672,41860,H6,075,00277302,488,C,06075,+37.7272391,-123.0322294,06,41884,G4020,San Francisco,San Francisco County,06,2022-09-11,18.751557282891152,1662854400000,"{""type"":""MultiPoint"",""coordinates"":[]}"
254_00000000000000000021,1857233047,225282636,41860,H1,013,01675903,488,A,06013,+37.9194790,-121.9515431,06,36084,G4020,Contra Costa,Contra Costa County,06,2022-09-12,21.407878483762097,1662940800000,"{""type"":""MultiPoint"",""coordinates"":[]}"
254_00000000000000000023,1909598013,216923745,41860,H1,001,01675839,488,A,06001,+37.6471385,-121.9124880,06,36084,G4020,Alameda,Alameda County,06,2022-09-12,21.807790411344676,1662940800000,"{""type"":""MultiPoint"",""coordinates"":[]}"
254_0000000000000000001f,121375681,479216672,41860,H6,075,00277302,488,C,06075,+37.7272391,-123.0322294,06,41884,G4020,San Francisco,San Francisco County,06,2022-09-12,18.097934964916025,1662940800000,"{""type"":""MultiPoint"",""coordinates"":[]}"
255_00000000000000000021,1857233047,225282636,41860,H1,013,01675903,488,A,06013,+37.9194790,-121.9515431,06,36084,G4020,Contra Costa,Contra Costa County,06,2022-09-13,18.751426215056423,1663027200000,"{""type"":""MultiPoint"",""coordinates"":[]}"
255_00000000000000000023,1909598013,216923745,41860,H1,001,01675839,488,A,06001,+37.6471385,-121.9124880,06,36084,G4020,Alameda,Alameda County,06,2022-09-13,18.22138629013542,1663027200000,"{""type"":""MultiPoint"",""coordinates"":[]}"
255_0000000000000000001f,121375681,479216672,41860,H6,075,00277302,488,C,06075,+37.7272391,-123.0322294,06,41884,G4020,San Francisco,San Francisco County,06,2022-09-13,16.85962379868765,1663027200000,"{""type"":""MultiPoint"",""coordinates"":[]}"
256_00000000000000000021,1857233047,225282636,41860,H1,013,01675903,488,A,06013,+37.9194790,-121.9515431,06,36084,G4020,Contra Costa,Contra Costa County,06,2022-09-14,17.93025410133967,1663113600000,"{""type"":""MultiPoint"",""coordinates"":[]}"
256_00000000000000000023,1909598013,216923745,41860,H1,001,01675839,488,A,06001,+37.6471385,-121.9124880,06,36084,G4020,Alameda,Alameda County,06,2022-09-14,17.18623867109564,1663113600000,"{""type"":""MultiPoint"",""coordinates"":[]}"
256_0000000000000000001f,121375681,479216672,41860,H6,075,00277302,488,C,06075,+37.7272391,-123.0322294,06,41884,G4020,San Francisco,San Francisco County,06,2022-09-14,17.045013557842363,1663113600000,"{""type"":""MultiPoint"",""coordinates"":[]}"
257_00000000000000000021,1857233047,225282636,41860,H1,013,01675903,488,A,06013,+37.9194790,-121.9515431,06,36084,G4020,Contra Costa,Contra Costa County,06,2022-09-15,17.501670329132683,1663200000000,"{""type"":""MultiPoint"",""coordinates"":[]}"
257_00000000000000000023,1909598013,216923745,41860,H1,001,01675839,488,A,06001,+37.6471385,-121.9124880,06,36084,G4020,Alameda,Alameda County,06,2022-09-15,17.033098302708424,1663200000000,"{""type"":""MultiPoint"",""coordinates"":[]}"
257_0000000000000000001f,121375681,479216672,41860,H6,075,00277302,488,C,06075,+37.7272391,-123.0322294,06,41884,G4020,San Francisco,San Francisco County,06,2022-09-15,16.603839765803276,1663200000000,"{""type"":""MultiPoint"",""coordinates"":[]}"
258_00000000000000000021,1857233047,225282636,41860,H1,013,01675903,488,A,06013,+37.9194790,-121.9515431,06,36084,G4020,Contra Costa,Contra Costa County,06,2022-09-16,17.953639295765644,1663286400000,"{""type"":""MultiPoint"",""coordinates"":[]}"
258_00000000000000000023,1909598013,216923745,41860,H1,001,01675839,488,A,06001,+37.6471385,-121.9124880,06,36084,G4020,Alameda,Alameda County,06,2022-09-16,17.23011041015338,1663286400000,"{""type"":""MultiPoint"",""coordinates"":[]}"
258_0000000000000000001f,121375681,479216672,41860,H6,075,00277302,488,C,06075,+37.7272391,-123.0322294,06,41884,G4020,San Francisco,San Francisco County,06,2022-09-16,16.92423648551387,1663286400000,"{""type"":""MultiPoint"",""coordinates"":[]}"
259_00000000000000000021,1857233047,225282636,41860,H1,013,01675903,488,A,06013,+37.9194790,-121.9515431,06,36084,G4020,Contra Costa,Contra Costa County,06,2022-09-17,17.81206858686364,1663372800000,"{""type"":""MultiPoint"",""coordinates"":[]}"
259_00000000000000000023,1909598013,216923745,41860,H1,001,01675839,488,A,06001,+37.6471385,-121.9124880,06,36084,G4020,Alameda,Alameda County,06,2022-09-17,16.706883538806945,1663372800000,"{""type"":""MultiPoint"",""coordinates"":[]}"
259_0000000000000000001f,121375681,479216672,41860,H6,075,00277302,488,C,06075,+37.7272391,-123.0322294,06,41884,G4020,San Francisco,San Francisco County,06,2022-09-17,16.385223510171596,1663372800000,"{""type"":""MultiPoint"",""coordinates"":[]}"
260_00000000000000000021,1857233047,225282636,41860,H1,013,01675903,488,A,06013,+37.9194790,-121.9515431,06,36084,G4020,Contra Costa,Contra Costa County,06,2022-09-18,16.54721168152726,1663459200000,"{""type"":""MultiPoint"",""coordinates"":[]}"
260_00000000000000000023,1909598013,216923745,41860,H1,001,01675839,488,A,06001,+37.6471385,-121.9124880,06,36084,G4020,Alameda,Alameda County,06,2022-09-18,15.777569740353892,1663459200000,"{""type"":""MultiPoint"",""coordinates"":[]}"
260_0000000000000000001f,121375681,479216672,41860,H6,075,00277302,488,C,06075,+37.7272391,-123.0322294,06,41884,G4020,San Francisco,San Francisco County,06,2022-09-18,16.43519450469914,1663459200000,"{""type"":""MultiPoint"",""coordinates"":[]}"
261_00000000000000000021,1857233047,225282636,41860,H1,013,01675903,488,A,06013,+37.9194790,-121.9515431,06,36084,G4020,Contra Costa,Contra Costa County,06,2022-09-19,17.314049153750464,1663545600000,"{""type"":""MultiPoint"",""coordinates"":[]}"
261_00000000000000000023,1909598013,216923745,41860,H1,001,01675839,488,A,06001,+37.6471385,-121.9124880,06,36084,G4020,Alameda,Alameda County,06,2022-09-19,16.81961514141929,1663545600000,"{""type"":""MultiPoint"",""coordinates"":[]}"
261_0000000000000000001f,121375681,479216672,41860,H6,075,00277302,488,C,06075,+37.7272391,-123.0322294,06,41884,G4020,San Francisco,San Francisco County,06,2022-09-19,17.004956025665336,1663545600000,"{""type"":""MultiPoint"",""coordinates"":[]}"
262_00000000000000000021,1857233047,225282636,41860,H1,013,01675903,488,A,06013,+37.9194790,-121.9515431,06,36084,G4020,Contra Costa,Contra Costa County,06,2022-09-20,17.515353455052676,1663632000000,"{""type"":""MultiPoint"",""coordinates"":[]}"
262_00000000000000000023,1909598013,216923745,41860,H1,001,01675839,488,A,06001,+37.6471385,-121.9124880,06,36084,G4020,Alameda,Alameda County,06,2022-09-20,17.160657988019924,1663632000000,"{""type"":""MultiPoint"",""coordinates"":[]}"
262_0000000000000000001f,121375681,479216672,41860,H6,075,00277302,488,C,06075,+37.7272391,-123.0322294,06,41884,G4020,San Francisco,San Francisco County,06,2022-09-20,16.86018282646216,1663632000000,"{""type"":""MultiPoint"",""coordinates"":[]}"
263_00000000000000000021,1857233047,225282636,41860,H1,013,01675903,488,A,06013,+37.9194790,-121.9515431,06,36084,G4020,Contra Costa,Contra Costa County,06,2022-09-21,17.33176585267091,1663718400000,"{""type"":""MultiPoint"",""coordinates"":[]}"
263_00000000000000000023,1909598013,216923745,41860,H1,001,01675839,488,A,06001,+37.6471385,-121.9124880,06,36084,G4020,Alameda,Alameda County,06,2022-09-21,16.726044800496958,1663718400000,"{""type"":""MultiPoint"",""coordinates"":[]}"
263_0000000000000000001f,121375681,479216672,41860,H6,075,00277302,488,C,06075,+37.7272391,-123.0322294,06,41884,G4020,San Francisco,San Francisco County,06,2022-09-21,16.945293539405125,1663718400000,"{""type"":""MultiPoint"",""coordinates"":[]}"
264_00000000000000000021,1857233047,225282636,41860,H1,013,01675903,488,A,06013,+37.9194790,-121.9515431,06,36084,G4020,Contra Costa,Contra Costa County,06,2022-09-22,17.665392936911818,1663804800000,"{""type"":""MultiPoint"",""coordinates"":[]}"
264_00000000000000000023,1909598013,216923745,41860,H1,001,01675839,488,A,06001,+37.6471385,-121.9124880,06,36084,G4020,Alameda,Alameda County,06,2022-09-22,17.17013023102682,1663804800000,"{""type"":""MultiPoint"",""coordinates"":[]}"
264_0000000000000000001f,121375681,479216672,41860,H6,075,00277302,488,C,06075,+37.7272391,-123.0322294,06,41884,G4020,San Francisco,San Francisco County,06,2022-09-22,16.77134704688226,1663804800000,"{""type"":""MultiPoint"",""coordinates"":[]}"
265_00000000000000000021,1857233047,225282636,41860,H1,013,01675903,488,A,06013,+37.9194790,-121.9515431,06,36084,G4020,Contra Costa,Contra Costa County,06,2022-09-23,19.427460052143136,1663891200000,"{""type"":""MultiPoint"",""coordinates"":[]}"
265_00000000000000000023,1909598013,216923745,41860,H1,001,01675839,488,A,06001,+37.6471385,-121.9124880,06,36084,G4020,Alameda,Alameda County,06,2022-09-23,19.362062974541548,1663891200000,"{""type"":""MultiPoint"",""coordinates"":[]}"
265_0000000000000000001f,121375681,479216672,41860,H6,075,00277302,488,C,06075,+37.7272391,-123.0322294,06,41884,G4020,San Francisco,San Francisco County,06,2022-09-23,18.224712541286312,1663891200000,"{""type"":""MultiPoint"",""coordinates"":[]}"
266_00000000000000000021,1857233047,225282636,41860,H1,013,01675903,488,A,06013,+37.9194790,-121.9515431,06,36084,G4020,Contra Costa,Contra Costa County,06,2022-09-24,21.675437286232736,1663977600000,"{""type"":""MultiPoint"",""coordinates"":[]}"
266_00000000000000000023,1909598013,216923745,41860,H1,001,01675839,488,A,06001,+37.6471385,-121.9124880,06,36084,G4020,Alameda,Alameda County,06,2022-09-24,22.436951793643132,1663977600000,"{""type"":""MultiPoint"",""coordinates"":[]}"
266_0000000000000000001f,121375681,479216672,41860,H6,075,00277302,488,C,06075,+37.7272391,-123.0322294,06,41884,G4020,San Francisco,San Francisco County,06,2022-09-24,19.3930266111609,1663977600000,"{""type"":""MultiPoint"",""coordinates"":[]}"
267_00000000000000000021,1857233047,225282636,41860,H1,013,01675903,488,A,06013,+37.9194790,-121.9515431,06,36084,G4020,Contra Costa,Contra Costa County,06,2022-09-25,20.50018034214122,1664064000000,"{""type"":""MultiPoint"",""coordinates"":[]}"
267_00000000000000000023,1909598013,216923745,41860,H1,001,01675839,488,A,06001,+37.6471385,-121.9124880,06,36084,G4020,Alameda,Alameda County,06,2022-09-25,20.6693681538286,1664064000000,"{""type"":""MultiPoint"",""coordinates"":[]}"
267_0000000000000000001f,121375681,479216672,41860,H6,075,00277302,488,C,06075,+37.7272391,-123.0322294,06,41884,G4020,San Francisco,San Francisco County,06,2022-09-25,17.34634017181892,1664064000000,"{""type"":""MultiPoint"",""coordinates"":[]}"
268_00000000000000000021,1857233047,225282636,41860,H1,013,01675903,488,A,06013,+37.9194790,-121.9515431,06,36084,G4020,Contra Costa,Contra Costa County,06,2022-09-26,18.682452569582953,1664150400000,"{""type"":""MultiPoint"",""coordinates"":[]}"
268_00000000000000000023,1909598013,216923745,41860,H1,001,01675839,488,A,06001,+37.6471385,-121.9124880,06,36084,G4020,Alameda,Alameda County,06,2022-09-26,19.18148092939959,1664150400000,"{""type"":""MultiPoint"",""coordinates"":[]}"
268_0000000000000000001f,121375681,479216672,41860,H6,075,00277302,488,C,06075,+37.7272391,-123.0322294,06,41884,G4020,San Francisco,San Francisco County,06,2022-09-26,15.829937824566565,1664150400000,"{""type"":""MultiPoint"",""coordinates"":[]}"
269_00000000000000000021,1857233047,225282636,41860,H1,013,01675903,488,A,06013,+37.9194790,-121.9515431,06,36084,G4020,Contra Costa,Contra Costa County,06,2022-09-27,17.337021717362,1664236800000,"{""type"":""MultiPoint"",""coordinates"":[]}"
269_00000000000000000023,1909598013,216923745,41860,H1,001,01675839,488,A,06001,+37.6471385,-121.9124880,06,36084,G4020,Alameda,Alameda County,06,2022-09-27,17.577537727745003,1664236800000,"{""type"":""MultiPoint"",""coordinates"":[]}"
269_0000000000000000001f,121375681,479216672,41860,H6,075,00277302,488,C,06075,+37.7272391,-123.0322294,06,41884,G4020,San Francisco,San Francisco County,06,2022-09-27,15.41838324575716,1664236800000,"{""type"":""MultiPoint"",""coordinates"":[]}"
270_00000000000000000021,1857233047,225282636,41860,H1,013,01675903,488,A,06013,+37.9194790,-121.9515431,06,36084,G4020,Contra Costa,Contra Costa County,06,2022-09-28,18.064618256892764,1664323200000,"{""type"":""MultiPoint"",""coordinates"":[]}"
270_00000000000000000023,1909598013,216923745,41860,H1,001,01675839,488,A,06001,+37.6471385,-121.9124880,06,36084,G4020,Alameda,Alameda County,06,2022-09-28,17.658757320416907,1664323200000,"{""type"":""MultiPoint"",""coordinates"":[]}"
270_0000000000000000001f,121375681,479216672,41860,H6,075,00277302,488,C,06075,+37.7272391,-123.0322294,06,41884,G4020,San Francisco,San Francisco County,06,2022-09-28,16.362481089333127,1664323200000,"{""type"":""MultiPoint"",""coordinates"":[]}"
271_00000000000000000021,1857233047,225282636,41860,H1,013,01675903,488,A,06013,+37.9194790,-121.9515431,06,36084,G4020,Contra Costa,Contra Costa County,06,2022-09-29,19.49499001757088,1664409600000,"{""type"":""MultiPoint"",""coordinates"":[]}"
271_00000000000000000023,1909598013,216923745,41860,H1,001,01675839,488,A,06001,+37.6471385,-121.9124880,06,36084,G4020,Alameda,Alameda County,06,2022-09-29,18.69684751788298,1664409600000,"{""type"":""MultiPoint"",""coordinates"":[]}"
271_0000000000000000001f,121375681,479216672,41860,H6,075,00277302,488,C,06075,+37.7272391,-123.0322294,06,41884,G4020,San Francisco,San Francisco County,06,2022-09-29,18.123175118432243,1664409600000,"{""type"":""MultiPoint"",""coordinates"":[]}"
272_00000000000000000021,1857233047,225282636,41860,H1,013,01675903,488,A,06013,+37.9194790,-121.9515431,06,36084,G4020,Contra Costa,Contra Costa County,06,2022-09-30,20.878867419219002,1664496000000,"{""type"":""MultiPoint"",""coordinates"":[]}"
272_00000000000000000023,1909598013,216923745,41860,H1,001,01675839,488,A,06001,+37.6471385,-121.9124880,06,36084,G4020,Alameda,Alameda County,06,2022-09-30,21.18752341912067,1664496000000,"{""type"":""MultiPoint"",""coordinates"":[]}"
272_0000000000000000001f,121375681,479216672,41860,H6,075,00277302,488,C,06075,+37.7272391,-123.0322294,06,41884,G4020,San Francisco,San Francisco County,06,2022-09-30,18.98913464008188,1664496000000,"{""type"":""MultiPoint"",""coordinates"":[]}"
273_00000000000000000021,1857233047,225282636,41860,H1,013,01675903,488,A,06013,+37.9194790,-121.9515431,06,36084,G4020,Contra Costa,Contra Costa County,06,2022-10-01,19.210388085244553,1664582400000,"{""type"":""MultiPoint"",""coordinates"":[]}"
273_00000000000000000023,1909598013,216923745,41860,H1,001,01675839,488,A,06001,+37.6471385,-121.9124880,06,36084,G4020,Alameda,Alameda County,06,2022-10-01,19.09337104173674,1664582400000,"{""type"":""MultiPoint"",""coordinates"":[]}"
273_0000000000000000001f,121375681,479216672,41860,H6,075,00277302,488,C,06075,+37.7272391,-123.0322294,06,41884,G4020,San Francisco,San Francisco County,06,2022-10-01,16.33378455815665,1664582400000,"{""type"":""MultiPoint"",""coordinates"":[]}"
274_00000000000000000021,1857233047,225282636,41860,H1,013,01675903,488,A,06013,+37.9194790,-121.9515431,06,36084,G4020,Contra Costa,Contra Costa County,06,2022-10-02,17.22548482496073,1664668800000,"{""type"":""MultiPoint"",""coordinates"":[]}"
274_00000000000000000023,1909598013,216923745,41860,H1,001,01675839,488,A,06001,+37.6471385,-121.9124880,06,36084,G4020,Alameda,Alameda County,06,2022-10-02,17.380388573289668,1664668800000,"{""type"":""MultiPoint"",""coordinates"":[]}"
274_0000000000000000001f,121375681,479216672,41860,H6,075,00277302,488,C,06075,+37.7272391,-123.0322294,06,41884,G4020,San Francisco,San Francisco County,06,2022-10-02,16.05774834298998,1664668800000,"{""type"":""MultiPoint"",""coordinates"":[]}"
275_00000000000000000021,1857233047,225282636,41860,H1,013,01675903,488,A,06013,+37.9194790,-121.9515431,06,36084,G4020,Contra Costa,Contra Costa County,06,2022-10-03,17.6481682319043,1664755200000,"{""type"":""MultiPoint"",""coordinates"":[]}"
275_00000000000000000023,1909598013,216923745,41860,H1,001,01675839,488,A,06001,+37.6471385,-121.9124880,06,36084,G4020,Alameda,Alameda County,06,2022-10-03,17.221238184477286,1664755200000,"{""type"":""MultiPoint"",""coordinates"":[]}"
275_0000000000000000001f,121375681,479216672,41860,H6,075,00277302,488,C,06075,+37.7272391,-123.0322294,06,41884,G4020,San Francisco,San Francisco County,06,2022-10-03,15.879141291428367,1664755200000,"{""type"":""MultiPoint"",""coordinates"":[]}"
276_00000000000000000021,1857233047,225282636,41860,H1,013,01675903,488,A,06013,+37.9194790,-121.9515431,06,36084,G4020,Contra Costa,Contra Costa County,06,2022-10-04,17.6889624614167,1664841600000,"{""type"":""MultiPoint"",""coordinates"":[]}"
276_00000000000000000023,1909598013,216923745,41860,H1,001,01675839,488,A,06001,+37.6471385,-121.9124880,06,36084,G4020,Alameda,Alameda County,06,2022-10-04,17.286113010686396,1664841600000,"{""type"":""MultiPoint"",""coordinates"":[]}"
276_0000000000000000001f,121375681,479216672,41860,H6,075,00277302,488,C,06075,+37.7272391,-123.0322294,06,41884,G4020,San Francisco,San Francisco County,06,2022-10-04,16.033116711162148,1664841600000,"{""type"":""MultiPoint"",""coordinates"":[]}"
277_00000000000000000021,1857233047,225282636,41860,H1,013,01675903,488,A,06013,+37.9194790,-121.9515431,06,36084,G4020,Contra Costa,Contra Costa County,06,2022-10-05,18.720493960477153,1664928000000,"{""type"":""MultiPoint"",""coordinates"":[]}"
277_00000000000000000023,1909598013,216923745,41860,H1,001,01675839,488,A,06001,+37.6471385,-121.9124880,06,36084,G4020,Alameda,Alameda County,06,2022-10-05,18.736237909523012,1664928000000,"{""type"":""MultiPoint"",""coordinates"":[]}"
277_0000000000000000001f,121375681,479216672,41860,H6,075,00277302,488,C,06075,+37.7272391,-123.0322294,06,41884,G4020,San Francisco,San Francisco County,06,2022-10-05,16.66627025641143,1664928000000,"{""type"":""MultiPoint"",""coordinates"":[]}"
278_00000000000000000021,1857233047,225282636,41860,H1,013,01675903,488,A,06013,+37.9194790,-121.9515431,06,36084,G4020,Contra Costa,Contra Costa County,06,2022-10-06,19.486823622276713,1665014400000,"{""type"":""MultiPoint"",""coordinates"":[]}"
278_00000000000000000023,1909598013,216923745,41860,H1,001,01675839,488,A,06001,+37.6471385,-121.9124880,06,36084,G4020,Alameda,Alameda County,06,2022-10-06,20.395856050432794,1665014400000,"{""type"":""MultiPoint"",""coordinates"":[]}"
278_0000000000000000001f,121375681,479216672,41860,H6,075,00277302,488,C,06075,+37.7272391,-123.0322294,06,41884,G4020,San Francisco,San Francisco County,06,2022-10-06,16.775370094009105,1665014400000,"{""type"":""MultiPoint"",""coordinates"":[]}"
279_00000000000000000021,1857233047,225282636,41860,H1,013,01675903,488,A,06013,+37.9194790,-121.9515431,06,36084,G4020,Contra Costa,Contra Costa County,06,2022-10-07,19.079960240987894,1665100800000,"{""type"":""MultiPoint"",""coordinates"":[]}"
279_00000000000000000023,1909598013,216923745,41860,H1,001,01675839,488,A,06001,+37.6471385,-121.9124880,06,36084,G4020,Alameda,Alameda County,06,2022-10-07,19.952611864949095,1665100800000,"{""type"":""MultiPoint"",""coordinates"":[]}"
279_0000000000000000001f,121375681,479216672,41860,H6,075,00277302,488,C,06075,+37.7272391,-123.0322294,06,41884,G4020,San Francisco,San Francisco County,06,2022-10-07,15.91612320979285,1665100800000,"{""type"":""MultiPoint"",""coordinates"":[]}"
280_00000000000000000021,1857233047,225282636,41860,H1,013,01675903,488,A,06013,+37.9194790,-121.9515431,06,36084,G4020,Contra Costa,Contra Costa County,06,2022-10-08,19.024197155453294,1665187200000,"{""type"":""MultiPoint"",""coordinates"":[]}"
280_00000000000000000023,1909598013,216923745,41860,H1,001,01675839,488,A,06001,+37.6471385,-121.9124880,06,36084,G4020,Alameda,Alameda County,06,2022-10-08,20.244839275606793,1665187200000,"{""type"":""MultiPoint"",""coordinates"":[]}"
280_0000000000000000001f,121375681,479216672,41860,H6,075,00277302,488,C,06075,+37.7272391,-123.0322294,06,41884,G4020,San Francisco,San Francisco County,06,2022-10-08,15.408781335463022,1665187200000,"{""type"":""MultiPoint"",""coordinates"":[]}"
281_00000000000000000021,1857233047,225282636,41860,H1,013,01675903,488,A,06013,+37.9194790,-121.9515431,06,36084,G4020,Contra Costa,Contra Costa County,06,2022-10-09,17.859391087664505,1665273600000,"{""type"":""MultiPoint"",""coordinates"":[]}"
281_00000000000000000023,1909598013,216923745,41860,H1,001,01675839,488,A,06001,+37.6471385,-121.9124880,06,36084,G4020,Alameda,Alameda County,06,2022-10-09,18.892132422046277,1665273600000,"{""type"":""MultiPoint"",""coordinates"":[]}"
281_0000000000000000001f,121375681,479216672,41860,H6,075,00277302,488,C,06075,+37.7272391,-123.0322294,06,41884,G4020,San Francisco,San Francisco County,06,2022-10-09,14.555832975130567,1665273600000,"{""type"":""MultiPoint"",""coordinates"":[]}"
282_00000000000000000021,1857233047,225282636,41860,H1,013,01675903,488,A,06013,+37.9194790,-121.9515431,06,36084,G4020,Contra Costa,Contra Costa County,06,2022-10-10,17.628343534127858,1665360000000,"{""type"":""MultiPoint"",""coordinates"":[]}"
282_00000000000000000023,1909598013,216923745,41860,H1,001,01675839,488,A,06001,+37.6471385,-121.9124880,06,36084,G4020,Alameda,Alameda County,06,2022-10-10,18.584171556313308,1665360000000,"{""type"":""MultiPoint"",""coordinates"":[]}"
282_0000000000000000001f,121375681,479216672,41860,H6,075,00277302,488,C,06075,+37.7272391,-123.0322294,06,41884,G4020,San Francisco,San Francisco County,06,2022-10-10,14.770211933413936,1665360000000,"{""type"":""MultiPoint"",""coordinates"":[]}"
283_00000000000000000021,1857233047,225282636,41860,H1,013,01675903,488,A,06013,+37.9194790,-121.9515431,06,36084,G4020,Contra Costa,Contra Costa County,06,2022-10-11,17.379440974624572,1665446400000,"{""type"":""MultiPoint"",""coordinates"":[]}"
283_00000000000000000023,1909598013,216923745,41860,H1,001,01675839,488,A,06001,+37.6471385,-121.9124880,06,36084,G4020,Alameda,Alameda County,06,2022-10-11,18.70364147562894,1665446400000,"{""type"":""MultiPoint"",""coordinates"":[]}"
283_0000000000000000001f,121375681,479216672,41860,H6,075,00277302,488,C,06075,+37.7272391,-123.0322294,06,41884,G4020,San Francisco,San Francisco County,06,2022-10-11,14.57376255770795,1665446400000,"{""type"":""MultiPoint"",""coordinates"":[]}"
284_00000000000000000021,1857233047,225282636,41860,H1,013,01675903,488,A,06013,+37.9194790,-121.9515431,06,36084,G4020,Contra Costa,Contra Costa County,06,2022-10-12,16.441251758049642,1665532800000,"{""type"":""MultiPoint"",""coordinates"":[]}"
284_00000000000000000023,1909598013,216923745,41860,H1,001,01675839,488,A,06001,+37.6471385,-121.9124880,06,36084,G4020,Alameda,Alameda County,06,2022-10-12,17.477713491041253,1665532800000,"{""type"":""MultiPoint"",""coordinates"":[]}"
284_0000000000000000001f,121375681,479216672,41860,H6,075,00277302,488,C,06075,+37.7272391,-123.0322294,06,41884,G4020,San Francisco,San Francisco County,06,2022-10-12,13.642416555969145,1665532800000,"{""type"":""MultiPoint"",""coordinates"":[]}"
285_00000000000000000021,1857233047,225282636,41860,H1,013,01675903,488,A,06013,+37.9194790,-121.9515431,06,36084,G4020,Contra Costa,Contra Costa County,06,2022-10-13,15.855757728395194,1665619200000,"{""type"":""MultiPoint"",""coordinates"":[]}"
285_00000000000000000023,1909598013,216923745,41860,H1,001,01675839,488,A,06001,+37.6471385,-121.9124880,06,36084,G4020,Alameda,Alameda County,06,2022-10-13,16.35333338166,1665619200000,"{""type"":""MultiPoint"",""coordinates"":[]}"
285_0000000000000000001f,121375681,479216672,41860,H6,075,00277302,488,C,06075,+37.7272391,-123.0322294,06,41884,G4020,San Francisco,San Francisco County,06,2022-10-13,13.523907096120043,1665619200000,"{""type"":""MultiPoint"",""coordinates"":[]}"
286_00000000000000000021,1857233047,225282636,41860,H1,013,01675903,488,A,06013,+37.9194790,-121.9515431,06,36084,G4020,Contra Costa,Contra Costa County,06,2022-10-14,16.42443206595327,1665705600000,"{""type"":""MultiPoint"",""coordinates"":[]}"
286_00000000000000000023,1909598013,216923745,41860,H1,001,01675839,488,A,06001,+37.6471385,-121.9124880,06,36084,G4020,Alameda,Alameda County,06,2022-10-14,16.981401657736207,1665705600000,"{""type"":""MultiPoint"",""coordinates"":[]}"
286_0000000000000000001f,121375681,479216672,41860,H6,075,00277302,488,C,06075,+37.7272391,-123.0322294,06,41884,G4020,San Francisco,San Francisco County,06,2022-10-14,13.73202757500284,1665705600000,"{""type"":""MultiPoint"",""coordinates"":[]}"
287_00000000000000000021,1857233047,225282636,41860,H1,013,01675903,488,A,06013,+37.9194790,-121.9515431,06,36084,G4020,Contra Costa,Contra Costa County,06,2022-10-15,15.89268754238132,1665792000000,"{""type"":""MultiPoint"",""coordinates"":[]}"
287_00000000000000000023,1909598013,216923745,41860,H1,001,01675839,488,A,06001,+37.6471385,-121.9124880,06,36084,G4020,Alameda,Alameda County,06,2022-10-15,16.425512022688512,1665792000000,"{""type"":""MultiPoint"",""coordinates"":[]}"
287_0000000000000000001f,121375681,479216672,41860,H6,075,00277302,488,C,06075,+37.7272391,-123.0322294,06,41884,G4020,San Francisco,San Francisco County,06,2022-10-15,13.88170273028832,1665792000000,"{""type"":""MultiPoint"",""coordinates"":[]}"
288_00000000000000000021,1857233047,225282636,41860,H1,013,01675903,488,A,06013,+37.9194790,-121.9515431,06,36084,G4020,Contra Costa,Contra Costa County,06,2022-10-16,16.161806567128593,1665878400000,"{""type"":""MultiPoint"",""coordinates"":[]}"
288_00000000000000000023,1909598013,216923745,41860,H1,001,01675839,488,A,06001,+37.6471385,-121.9124880,06,36084,G4020,Alameda,Alameda County,06,2022-10-16,15.774788167238661,1665878400000,"{""type"":""MultiPoint"",""coordinates"":[]}"
288_0000000000000000001f,121375681,479216672,41860,H6,075,00277302,488,C,06075,+37.7272391,-123.0322294,06,41884,G4020,San Francisco,San Francisco County,06,2022-10-16,15.655182271892233,1665878400000,"{""type"":""MultiPoint"",""coordinates"":[]}"
289_00000000000000000021,1857233047,225282636,41860,H1,013,01675903,488,A,06013,+37.9194790,-121.9515431,06,36084,G4020,Contra Costa,Contra Costa County,06,2022-10-17,15.609688187081401,1665964800000,"{""type"":""MultiPoint"",""coordinates"":[]}"
289_00000000000000000023,1909598013,216923745,41860,H1,001,01675839,488,A,06001,+37.6471385,-121.9124880,06,36084,G4020,Alameda,Alameda County,06,2022-10-17,15.870873850797286,1665964800000,"{""type"":""MultiPoint"",""coordinates"":[]}"
289_0000000000000000001f,121375681,479216672,41860,H6,075,00277302,488,C,06075,+37.7272391,-123.0322294,06,41884,G4020,San Francisco,San Francisco County,06,2022-10-17,15.40896730256959,1665964800000,"{""type"":""MultiPoint"",""coordinates"":[]}"
290_00000000000000000021,1857233047,225282636,41860,H1,013,01675903,488,A,06013,+37.9194790,-121.9515431,06,36084,G4020,Contra Costa,Contra Costa County,06,2022-10-18,17.899779825794063,1666051200000,"{""type"":""MultiPoint"",""coordinates"":[]}"
290_00000000000000000023,1909598013,216923745,41860,H1,001,01675839,488,A,06001,+37.6471385,-121.9124880,06,36084,G4020,Alameda,Alameda County,06,2022-10-18,18.45432801116009,1666051200000,"{""type"":""MultiPoint"",""coordinates"":[]}"
290_0000000000000000001f,121375681,479216672,41860,H6,075,00277302,488,C,06075,+37.7272391,-123.0322294,06,41884,G4020,San Francisco,San Francisco County,06,2022-10-18,16.868931020543638,1666051200000,"{""type"":""MultiPoint"",""coordinates"":[]}"
291_00000000000000000021,1857233047,225282636,41860,H1,013,01675903,488,A,06013,+37.9194790,-121.9515431,06,36084,G4020,Contra Costa,Contra Costa County,06,2022-10-19,21.444032813421213,1666137600000,"{""type"":""MultiPoint"",""coordinates"":[]}"
291_00000000000000000023,1909598013,216923745,41860,H1,001,01675839,488,A,06001,+37.6471385,-121.9124880,06,36084,G4020,Alameda,Alameda County,06,2022-10-19,22.803781312766212,1666137600000,"{""type"":""MultiPoint"",""coordinates"":[]}"
291_0000000000000000001f,121375681,479216672,41860,H6,075,00277302,488,C,06075,+37.7272391,-123.0322294,06,41884,G4020,San Francisco,San Francisco County,06,2022-10-19,20.533839172028806,1666137600000,"{""type"":""MultiPoint"",""coordinates"":[]}"
292_00000000000000000021,1857233047,225282636,41860,H1,013,01675903,488,A,06013,+37.9194790,-121.9515431,06,36084,G4020,Contra Costa,Contra Costa County,06,2022-10-20,19.720765802136388,1666224000000,"{""type"":""MultiPoint"",""coordinates"":[]}"
292_00000000000000000023,1909598013,216923745,41860,H1,001,01675839,488,A,06001,+37.6471385,-121.9124880,06,36084,G4020,Alameda,Alameda County,06,2022-10-20,21.148973680482264,1666224000000,"{""type"":""MultiPoint"",""coordinates"":[]}"
292_0000000000000000001f,121375681,479216672,41860,H6,075,00277302,488,C,06075,+37.7272391,-123.0322294,06,41884,G4020,San Francisco,San Francisco County,06,2022-10-20,18.032097048239898,1666224000000,"{""type"":""MultiPoint"",""coordinates"":[]}"
293_00000000000000000021,1857233047,225282636,41860,H1,013,01675903,488,A,06013,+37.9194790,-121.9515431,06,36084,G4020,Contra Costa,Contra Costa County,06,2022-10-21,17.162821703362344,1666310400000,"{""type"":""MultiPoint"",""coordinates"":[]}"
293_00000000000000000023,1909598013,216923745,41860,H1,001,01675839,488,A,06001,+37.6471385,-121.9124880,06,36084,G4020,Alameda,Alameda County,06,2022-10-21,17.777396503555966,1666310400000,"{""type"":""MultiPoint"",""coordinates"":[]}"
293_0000000000000000001f,121375681,479216672,41860,H6,075,00277302,488,C,06075,+37.7272391,-123.0322294,06,41884,G4020,San Francisco,San Francisco County,06,2022-10-21,14.763739276347367,1666310400000,"{""type"":""MultiPoint"",""coordinates"":[]}"
294_00000000000000000021,1857233047,225282636,41860,H1,013,01675903,488,A,06013,+37.9194790,-121.9515431,06,36084,G4020,Contra Costa,Contra Costa County,06,2022-10-22,16.85449335001782,1666396800000,"{""type"":""MultiPoint"",""coordinates"":[]}"
294_00000000000000000023,1909598013,216923745,41860,H1,001,01675839,488,A,06001,+37.6471385,-121.9124880,06,36084,G4020,Alameda,Alameda County,06,2022-10-22,16.06015632650005,1666396800000,"{""type"":""MultiPoint"",""coordinates"":[]}"
294_0000000000000000001f,121375681,479216672,41860,H6,075,00277302,488,C,06075,+37.7272391,-123.0322294,06,41884,G4020,San Francisco,San Francisco County,06,2022-10-22,15.75991353834929,1666396800000,"{""type"":""MultiPoint"",""coordinates"":[]}"
295_00000000000000000021,1857233047,225282636,41860,H1,013,01675903,488,A,06013,+37.9194790,-121.9515431,06,36084,G4020,Contra Costa,Contra Costa County,06,2022-10-23,14.48830235715943,1666483200000,"{""type"":""MultiPoint"",""coordinates"":[]}"
295_00000000000000000023,1909598013,216923745,41860,H1,001,01675839,488,A,06001,+37.6471385,-121.9124880,06,36084,G4020,Alameda,Alameda County,06,2022-10-23,13.234582347416744,1666483200000,"{""type"":""MultiPoint"",""coordinates"":[]}"
295_0000000000000000001f,121375681,479216672,41860,H6,075,00277302,488,C,06075,+37.7272391,-123.0322294,06,41884,G4020,San Francisco,San Francisco County,06,2022-10-23,14.522081826195906,1666483200000,"{""type"":""MultiPoint"",""coordinates"":[]}"
296_00000000000000000021,1857233047,225282636,41860,H1,013,01675903,488,A,06013,+37.9194790,-121.9515431,06,36084,G4020,Contra Costa,Contra Costa County,06,2022-10-24,15.79297825674707,1666569600000,"{""type"":""MultiPoint"",""coordinates"":[]}"
296_00000000000000000023,1909598013,216923745,41860,H1,001,01675839,488,A,06001,+37.6471385,-121.9124880,06,36084,G4020,Alameda,Alameda County,06,2022-10-24,15.212917827591298,1666569600000,"{""type"":""MultiPoint"",""coordinates"":[]}"
296_0000000000000000001f,121375681,479216672,41860,H6,075,00277302,488,C,06075,+37.7272391,-123.0322294,06,41884,G4020,San Francisco,San Francisco County,06,2022-10-24,15.199021923918645,1666569600000,"{""type"":""MultiPoint"",""coordinates"":[]}"
297_00000000000000000021,1857233047,225282636,41860,H1,013,01675903,488,A,06013,+37.9194790,-121.9515431,06,36084,G4020,Contra Costa,Contra Costa County,06,2022-10-25,15.277468502844732,1666656000000,"{""type"":""MultiPoint"",""coordinates"":[]}"
297_00000000000000000023,1909598013,216923745,41860,H1,001,01675839,488,A,06001,+37.6471385,-121.9124880,06,36084,G4020,Alameda,Alameda County,06,2022-10-25,14.407239679246468,1666656000000,"{""type"":""MultiPoint"",""coordinates"":[]}"
297_0000000000000000001f,121375681,479216672,41860,H6,075,00277302,488,C,06075,+37.7272391,-123.0322294,06,41884,G4020,San Francisco,San Francisco County,06,2022-10-25,14.93984143068375,1666656000000,"{""type"":""MultiPoint"",""coordinates"":[]}"
298_00000000000000000021,1857233047,225282636,41860,H1,013,01675903,488,A,06013,+37.9194790,-121.9515431,06,36084,G4020,Contra Costa,Contra Costa County,06,2022-10-26,14.030432578689464,1666742400000,"{""type"":""MultiPoint"",""coordinates"":[]}"
298_00000000000000000023,1909598013,216923745,41860,H1,001,01675839,488,A,06001,+37.6471385,-121.9124880,06,36084,G4020,Alameda,Alameda County,06,2022-10-26,12.670595767609617,1666742400000,"{""type"":""MultiPoint"",""coordinates"":[]}"
298_0000000000000000001f,121375681,479216672,41860,H6,075,00277302,488,C,06075,+37.7272391,-123.0322294,06,41884,G4020,San Francisco,San Francisco County,06,2022-10-26,13.67223004944321,1666742400000,"{""type"":""MultiPoint"",""coordinates"":[]}"
299_00000000000000000021,1857233047,225282636,41860,H1,013,01675903,488,A,06013,+37.9194790,-121.9515431,06,36084,G4020,Contra Costa,Contra Costa County,06,2022-10-27,13.913163801506093,1666828800000,"{""type"":""MultiPoint"",""coordinates"":[]}"
299_00000000000000000023,1909598013,216923745,41860,H1,001,01675839,488,A,06001,+37.6471385,-121.9124880,06,36084,G4020,Alameda,Alameda County,06,2022-10-27,13.794030580562188,1666828800000,"{""type"":""MultiPoint"",""coordinates"":[]}"
299_0000000000000000001f,121375681,479216672,41860,H6,075,00277302,488,C,06075,+37.7272391,-123.0322294,06,41884,G4020,San Francisco,San Francisco County,06,2022-10-27,13.73677074277428,1666828800000,"{""type"":""MultiPoint"",""coordinates"":[]}"
300_00000000000000000021,1857233047,225282636,41860,H1,013,01675903,488,A,06013,+37.9194790,-121.9515431,06,36084,G4020,Contra Costa,Contra Costa County,06,2022-10-28,13.730751405040163,1666915200000,"{""type"":""MultiPoint"",""coordinates"":[]}"
300_00000000000000000023,1909598013,216923745,41860,H1,001,01675839,488,A,06001,+37.6471385,-121.9124880,06,36084,G4020,Alameda,Alameda County,06,2022-10-28,14.117252749575613,1666915200000,"{""type"":""MultiPoint"",""coordinates"":[]}"
300_0000000000000000001f,121375681,479216672,41860,H6,075,00277302,488,C,06075,+37.7272391,-123.0322294,06,41884,G4020,San Francisco,San Francisco County,06,2022-10-28,13.236554765978013,1666915200000,"{""type"":""MultiPoint"",""coordinates"":[]}"
301_00000000000000000021,1857233047,225282636,41860,H1,013,01675903,488,A,06013,+37.9194790,-121.9515431,06,36084,G4020,Contra Costa,Contra Costa County,06,2022-10-29,13.473104951160543,1667001600000,"{""type"":""MultiPoint"",""coordinates"":[]}"
301_00000000000000000023,1909598013,216923745,41860,H1,001,01675839,488,A,06001,+37.6471385,-121.9124880,06,36084,G4020,Alameda,Alameda County,06,2022-10-29,13.570065537811198,1667001600000,"{""type"":""MultiPoint"",""coordinates"":[]}"
301_0000000000000000001f,121375681,479216672,41860,H6,075,00277302,488,C,06075,+37.7272391,-123.0322294,06,41884,G4020,San Francisco,San Francisco County,06,2022-10-29,13.149127443462424,1667001600000,"{""type"":""MultiPoint"",""coordinates"":[]}"
302_00000000000000000021,1857233047,225282636,41860,H1,013,01675903,488,A,06013,+37.9194790,-121.9515431,06,36084,G4020,Contra Costa,Contra Costa County,06,2022-10-30,15.195506100661069,1667088000000,"{""type"":""MultiPoint"",""coordinates"":[]}"
302_00000000000000000023,1909598013,216923745,41860,H1,001,01675839,488,A,06001,+37.6471385,-121.9124880,06,36084,G4020,Alameda,Alameda County,06,2022-10-30,14.652338920468384,1667088000000,"{""type"":""MultiPoint"",""coordinates"":[]}"
302_0000000000000000001f,121375681,479216672,41860,H6,075,00277302,488,C,06075,+37.7272391,-123.0322294,06,41884,G4020,San Francisco,San Francisco County,06,2022-10-30,14.841328058052225,1667088000000,"{""type"":""MultiPoint"",""coordinates"":[]}"
303_00000000000000000021,1857233047,225282636,41860,H1,013,01675903,488,A,06013,+37.9194790,-121.9515431,06,36084,G4020,Contra Costa,Contra Costa County,06,2022-10-31,14.034688637855227,1667174400000,"{""type"":""MultiPoint"",""coordinates"":[]}"
303_00000000000000000023,1909598013,216923745,41860,H1,001,01675839,488,A,06001,+37.6471385,-121.9124880,06,36084,G4020,Alameda,Alameda County,06,2022-10-31,13.6313637101935,1667174400000,"{""type"":""MultiPoint"",""coordinates"":[]}"
303_0000000000000000001f,121375681,479216672,41860,H6,075,00277302,488,C,06075,+37.7272391,-123.0322294,06,41884,G4020,San Francisco,San Francisco County,06,2022-10-31,13.211040069855565,1667174400000,"{""type"":""MultiPoint"",""coordinates"":[]}"
304_00000000000000000021,1857233047,225282636,41860,H1,013,01675903,488,A,06013,+37.9194790,-121.9515431,06,36084,G4020,Contra Costa,Contra Costa County,06,2022-11-01,13.214502671525988,1667260800000,"{""type"":""MultiPoint"",""coordinates"":[]}"
304_00000000000000000023,1909598013,216923745,41860,H1,001,01675839,488,A,06001,+37.6471385,-121.9124880,06,36084,G4020,Alameda,Alameda County,06,2022-11-01,12.322860229376138,1667260800000,"{""type"":""MultiPoint"",""coordinates"":[]}"
304_0000000000000000001f,121375681,479216672,41860,H6,075,00277302,488,C,06075,+37.7272391,-123.0322294,06,41884,G4020,San Francisco,San Francisco County,06,2022-11-01,13.048035748676684,1667260800000,"{""type"":""MultiPoint"",""coordinates"":[]}"
305_00000000000000000021,1857233047,225282636,41860,H1,013,01675903,488,A,06013,+37.9194790,-121.9515431,06,36084,G4020,Contra Costa,Contra Costa County,06,2022-11-02,10.328680160219752,1667347200000,"{""type"":""MultiPoint"",""coordinates"":[]}"
305_00000000000000000023,1909598013,216923745,41860,H1,001,01675839,488,A,06001,+37.6471385,-121.9124880,06,36084,G4020,Alameda,Alameda County,06,2022-11-02,9.216941029678146,1667347200000,"{""type"":""MultiPoint"",""coordinates"":[]}"
305_0000000000000000001f,121375681,479216672,41860,H6,075,00277302,488,C,06075,+37.7272391,-123.0322294,06,41884,G4020,San Francisco,San Francisco County,06,2022-11-02,11.064964017492997,1667347200000,"{""type"":""MultiPoint"",""coordinates"":[]}"
306_00000000000000000021,1857233047,225282636,41860,H1,013,01675903,488,A,06013,+37.9194790,-121.9515431,06,36084,G4020,Contra Costa,Contra Costa County,06,2022-11-03,9.336715476461173,1667433600000,"{""type"":""MultiPoint"",""coordinates"":[]}"
306_00000000000000000023,1909598013,216923745,41860,H1,001,01675839,488,A,06001,+37.6471385,-121.9124880,06,36084,G4020,Alameda,Alameda County,06,2022-11-03,8.267874848117836,1667433600000,"{""type"":""MultiPoint"",""coordinates"":[]}"
306_0000000000000000001f,121375681,479216672,41860,H6,075,00277302,488,C,06075,+37.7272391,-123.0322294,06,41884,G4020,San Francisco,San Francisco County,06,2022-11-03,10.16925202276847,1667433600000,"{""type"":""MultiPoint"",""coordinates"":[]}"
307_00000000000000000021,1857233047,225282636,41860,H1,013,01675903,488,A,06013,+37.9194790,-121.9515431,06,36084,G4020,Contra Costa,Contra Costa County,06,2022-11-04,9.937832132777155,1667520000000,"{""type"":""MultiPoint"",""coordinates"":[]}"
307_00000000000000000023,1909598013,216923745,41860,H1,001,01675839,488,A,06001,+37.6471385,-121.9124880,06,36084,G4020,Alameda,Alameda County,06,2022-11-04,9.656625369260032,1667520000000,"{""type"":""MultiPoint"",""coordinates"":[]}"
307_0000000000000000001f,121375681,479216672,41860,H6,075,00277302,488,C,06075,+37.7272391,-123.0322294,06,41884,G4020,San Francisco,San Francisco County,06,2022-11-04,10.651884948169723,1667520000000,"{""type"":""MultiPoint"",""coordinates"":[]}"
308_00000000000000000021,1857233047,225282636,41860,H1,013,01675903,488,A,06013,+37.9194790,-121.9515431,06,36084,G4020,Contra Costa,Contra Costa County,06,2022-11-05,13.194180826805507,1667606400000,"{""type"":""MultiPoint"",""coordinates"":[]}"
308_00000000000000000023,1909598013,216923745,41860,H1,001,01675839,488,A,06001,+37.6471385,-121.9124880,06,36084,G4020,Alameda,Alameda County,06,2022-11-05,12.672396925677102,1667606400000,"{""type"":""MultiPoint"",""coordinates"":[]}"
308_0000000000000000001f,121375681,479216672,41860,H6,075,00277302,488,C,06075,+37.7272391,-123.0322294,06,41884,G4020,San Francisco,San Francisco County,06,2022-11-05,13.315378374533866,1667606400000,"{""type"":""MultiPoint"",""coordinates"":[]}"
309_00000000000000000021,1857233047,225282636,41860,H1,013,01675903,488,A,06013,+37.9194790,-121.9515431,06,36084,G4020,Contra Costa,Contra Costa County,06,2022-11-06,13.676027938234142,1667692800000,"{""type"":""MultiPoint"",""coordinates"":[]}"
309_00000000000000000023,1909598013,216923745,41860,H1,001,01675839,488,A,06001,+37.6471385,-121.9124880,06,36084,G4020,Alameda,Alameda County,06,2022-11-06,13.046564533962707,1667692800000,"{""type"":""MultiPoint"",""coordinates"":[]}"
309_0000000000000000001f,121375681,479216672,41860,H6,075,00277302,488,C,06075,+37.7272391,-123.0322294,06,41884,G4020,San Francisco,San Francisco County,06,2022-11-06,13.013047053904655,1667692800000,"{""type"":""MultiPoint"",""coordinates"":[]}"
310_00000000000000000021,1857233047,225282636,41860,H1,013,01675903,488,A,06013,+37.9194790,-121.9515431,06,36084,G4020,Contra Costa,Contra Costa County,06,2022-11-07,11.25316479572866,1667779200000,"{""type"":""MultiPoint"",""coordinates"":[]}"
310_00000000000000000023,1909598013,216923745,41860,H1,001,01675839,488,A,06001,+37.6471385,-121.9124880,06,36084,G4020,Alameda,Alameda County,06,2022-11-07,10.54472605217045,1667779200000,"{""type"":""MultiPoint"",""coordinates"":[]}"
310_0000000000000000001f,121375681,479216672,41860,H6,075,00277302,488,C,06075,+37.7272391,-123.0322294,06,41884,G4020,San Francisco,San Francisco County,06,2022-11-07,11.510211004802002,1667779200000,"{""type"":""MultiPoint"",""coordinates"":[]}"
311_00000000000000000021,1857233047,225282636,41860,H1,013,01675903,488,A,06013,+37.9194790,-121.9515431,06,36084,G4020,Contra Costa,Contra Costa County,06,2022-11-08,9.581209711059198,1667865600000,"{""type"":""MultiPoint"",""coordinates"":[]}"
311_00000000000000000023,1909598013,216923745,41860,H1,001,01675839,488,A,06001,+37.6471385,-121.9124880,06,36084,G4020,Alameda,Alameda County,06,2022-11-08,8.921682310874543,1667865600000,"{""type"":""MultiPoint"",""coordinates"":[]}"
311_0000000000000000001f,121375681,479216672,41860,H6,075,00277302,488,C,06075,+37.7272391,-123.0322294,06,41884,G4020,San Francisco,San Francisco County,06,2022-11-08,10.475658021751046,1667865600000,"{""type"":""MultiPoint"",""coordinates"":[]}"
312_00000000000000000021,1857233047,225282636,41860,H1,013,01675903,488,A,06013,+37.9194790,-121.9515431,06,36084,G4020,Contra Costa,Contra Costa County,06,2022-11-09,8.48616607280071,1667952000000,"{""type"":""MultiPoint"",""coordinates"":[]}"
312_00000000000000000023,1909598013,216923745,41860,H1,001,01675839,488,A,06001,+37.6471385,-121.9124880,06,36084,G4020,Alameda,Alameda County,06,2022-11-09,7.779653354979354,1667952000000,"{""type"":""MultiPoint"",""coordinates"":[]}"
312_0000000000000000001f,121375681,479216672,41860,H6,075,00277302,488,C,06075,+37.7272391,-123.0322294,06,41884,G4020,San Francisco,San Francisco County,06,2022-11-09,9.703370505406134,1667952000000,"{""type"":""MultiPoint"",""coordinates"":[]}"
313_00000000000000000021,1857233047,225282636,41860,H1,013,01675903,488,A,06013,+37.9194790,-121.9515431,06,36084,G4020,Contra Costa,Contra Costa County,06,2022-11-10,9.237515529189977,1668038400000,"{""type"":""MultiPoint"",""coordinates"":[]}"
313_00000000000000000023,1909598013,216923745,41860,H1,001,01675839,488,A,06001,+37.6471385,-121.9124880,06,36084,G4020,Alameda,Alameda County,06,2022-11-10,9.00840424393146,1668038400000,"{""type"":""MultiPoint"",""coordinates"":[]}"
313_0000000000000000001f,121375681,479216672,41860,H6,075,00277302,488,C,06075,+37.7272391,-123.0322294,06,41884,G4020,San Francisco,San Francisco County,06,2022-11-10,9.449379519198835,1668038400000,"{""type"":""MultiPoint"",""coordinates"":[]}"
314_00000000000000000021,1857233047,225282636,41860,H1,013,01675903,488,A,06013,+37.9194790,-121.9515431,06,36084,G4020,Contra Costa,Contra Costa County,06,2022-11-11,8.952812878275974,1668124800000,"{""type"":""MultiPoint"",""coordinates"":[]}"
314_00000000000000000023,1909598013,216923745,41860,H1,001,01675839,488,A,06001,+37.6471385,-121.9124880,06,36084,G4020,Alameda,Alameda County,06,2022-11-11,9.155076072578922,1668124800000,"{""type"":""MultiPoint"",""coordinates"":[]}"
314_0000000000000000001f,121375681,479216672,41860,H6,075,00277302,488,C,06075,+37.7272391,-123.0322294,06,41884,G4020,San Francisco,San Francisco County,06,2022-11-11,10.090633017013046,1668124800000,"{""type"":""MultiPoint"",""coordinates"":[]}"
315_00000000000000000021,1857233047,225282636,41860,H1,013,01675903,488,A,06013,+37.9194790,-121.9515431,06,36084,G4020,Contra Costa,Contra Costa County,06,2022-11-12,9.196163401886539,1668211200000,"{""type"":""MultiPoint"",""coordinates"":[]}"
315_00000000000000000023,1909598013,216923745,41860,H1,001,01675839,488,A,06001,+37.6471385,-121.9124880,06,36084,G4020,Alameda,Alameda County,06,2022-11-12,9.213353301642817,1668211200000,"{""type"":""MultiPoint"",""coordinates"":[]}"
315_0000000000000000001f,121375681,479216672,41860,H6,075,00277302,488,C,06075,+37.7272391,-123.0322294,06,41884,G4020,San Francisco,San Francisco County,06,2022-11-12,10.465847964505107,1668211200000,"{""type"":""MultiPoint"",""coordinates"":[]}"
316_00000000000000000021,1857233047,225282636,41860,H1,013,01675903,488,A,06013,+37.9194790,-121.9515431,06,36084,G4020,Contra Costa,Contra Costa County,06,2022-11-13,9.172602971117502,1668297600000,"{""type"":""MultiPoint"",""coordinates"":[]}"
316_00000000000000000023,1909598013,216923745,41860,H1,001,01675839,488,A,06001,+37.6471385,-121.9124880,06,36084,G4020,Alameda,Alameda County,06,2022-11-13,8.605566874292201,1668297600000,"{""type"":""MultiPoint"",""coordinates"":[]}"
316_0000000000000000001f,121375681,479216672,41860,H6,075,00277302,488,C,06075,+37.7272391,-123.0322294,06,41884,G4020,San Francisco,San Francisco County,06,2022-11-13,10.271553825117744,1668297600000,"{""type"":""MultiPoint"",""coordinates"":[]}"
317_00000000000000000021,1857233047,225282636,41860,H1,013,01675903,488,A,06013,+37.9194790,-121.9515431,06,36084,G4020,Contra Costa,Contra Costa County,06,2022-11-14,8.27448189702625,1668384000000,"{""type"":""MultiPoint"",""coordinates"":[]}"
317_00000000000000000023,1909598013,216923745,41860,H1,001,01675839,488,A,06001,+37.6471385,-121.9124880,06,36084,G4020,Alameda,Alameda County,06,2022-11-14,8.463927943382828,1668384000000,"{""type"":""MultiPoint"",""coordinates"":[]}"
317_0000000000000000001f,121375681,479216672,41860,H6,075,00277302,488,C,06075,+37.7272391,-123.0322294,06,41884,G4020,San Francisco,San Francisco County,06,2022-11-14,9.772727329050033,1668384000000,"{""type"":""MultiPoint"",""coordinates"":[]}"
318_00000000000000000021,1857233047,225282636,41860,H1,013,01675903,488,A,06013,+37.9194790,-121.9515431,06,36084,G4020,Contra Costa,Contra Costa County,06,2022-11-15,10.138413403325718,1668470400000,"{""type"":""MultiPoint"",""coordinates"":[]}"
318_00000000000000000023,1909598013,216923745,41860,H1,001,01675839,488,A,06001,+37.6471385,-121.9124880,06,36084,G4020,Alameda,Alameda County,06,2022-11-15,9.984447951727168,1668470400000,"{""type"":""MultiPoint"",""coordinates"":[]}"
318_0000000000000000001f,121375681,479216672,41860,H6,075,00277302,488,C,06075,+37.7272391,-123.0322294,06,41884,G4020,San Francisco,San Francisco County,06,2022-11-15,9.826239917049254,1668470400000,"{""type"":""MultiPoint"",""coordinates"":[]}"
319_00000000000000000021,1857233047,225282636,41860,H1,013,01675903,488,A,06013,+37.9194790,-121.9515431,06,36084,G4020,Contra Costa,Contra Costa County,06,2022-11-16,11.636469604660215,1668556800000,"{""type"":""MultiPoint"",""coordinates"":[]}"
319_00000000000000000023,1909598013,216923745,41860,H1,001,01675839,488,A,06001,+37.6471385,-121.9124880,06,36084,G4020,Alameda,Alameda County,06,2022-11-16,11.798019057044106,1668556800000,"{""type"":""MultiPoint"",""coordinates"":[]}"
319_0000000000000000001f,121375681,479216672,41860,H6,075,00277302,488,C,06075,+37.7272391,-123.0322294,06,41884,G4020,San Francisco,San Francisco County,06,2022-11-16,11.686859385172536,1668556800000,"{""type"":""MultiPoint"",""coordinates"":[]}"
320_00000000000000000021,1857233047,225282636,41860,H1,013,01675903,488,A,06013,+37.9194790,-121.9515431,06,36084,G4020,Contra Costa,Contra Costa County,06,2022-11-17,10.573636834237833,1668643200000,"{""type"":""MultiPoint"",""coordinates"":[]}"
320_00000000000000000023,1909598013,216923745,41860,H1,001,01675839,488,A,06001,+37.6471385,-121.9124880,06,36084,G4020,Alameda,Alameda County,06,2022-11-17,11.003960592540025,1668643200000,"{""type"":""MultiPoint"",""coordinates"":[]}"
320_0000000000000000001f,121375681,479216672,41860,H6,075,00277302,488,C,06075,+37.7272391,-123.0322294,06,41884,G4020,San Francisco,San Francisco County,06,2022-11-17,10.752542555739547,1668643200000,"{""type"":""MultiPoint"",""coordinates"":[]}"
321_00000000000000000021,1857233047,225282636,41860,H1,013,01675903,488,A,06013,+37.9194790,-121.9515431,06,36084,G4020,Contra Costa,Contra Costa County,06,2022-11-18,9.265798496727014,1668729600000,"{""type"":""MultiPoint"",""coordinates"":[]}"
321_00000000000000000023,1909598013,216923745,41860,H1,001,01675839,488,A,06001,+37.6471385,-121.9124880,06,36084,G4020,Alameda,Alameda County,06,2022-11-18,10.128269456178224,1668729600000,"{""type"":""MultiPoint"",""coordinates"":[]}"
321_0000000000000000001f,121375681,479216672,41860,H6,075,00277302,488,C,06075,+37.7272391,-123.0322294,06,41884,G4020,San Francisco,San Francisco County,06,2022-11-18,10.09850407298501,1668729600000,"{""type"":""MultiPoint"",""coordinates"":[]}"
322_00000000000000000021,1857233047,225282636,41860,H1,013,01675903,488,A,06013,+37.9194790,-121.9515431,06,36084,G4020,Contra Costa,Contra Costa County,06,2022-11-19,10.067584184809288,1668816000000,"{""type"":""MultiPoint"",""coordinates"":[]}"
322_00000000000000000023,1909598013,216923745,41860,H1,001,01675839,488,A,06001,+37.6471385,-121.9124880,06,36084,G4020,Alameda,Alameda County,06,2022-11-19,9.509008067863736,1668816000000,"{""type"":""MultiPoint"",""coordinates"":[]}"
322_0000000000000000001f,121375681,479216672,41860,H6,075,00277302,488,C,06075,+37.7272391,-123.0322294,06,41884,G4020,San Francisco,San Francisco County,06,2022-11-19,10.549606084423953,1668816000000,"{""type"":""MultiPoint"",""coordinates"":[]}"
323_00000000000000000021,1857233047,225282636,41860,H1,013,01675903,488,A,06013,+37.9194790,-121.9515431,06,36084,G4020,Contra Costa,Contra Costa County,06,2022-11-20,9.750180072493198,1668902400000,"{""type"":""MultiPoint"",""coordinates"":[]}"
323_00000000000000000023,1909598013,216923745,41860,H1,001,01675839,488,A,06001,+37.6471385,-121.9124880,06,36084,G4020,Alameda,Alameda County,06,2022-11-20,9.70278232394255,1668902400000,"{""type"":""MultiPoint"",""coordinates"":[]}"
323_0000000000000000001f,121375681,479216672,41860,H6,075,00277302,488,C,06075,+37.7272391,-123.0322294,06,41884,G4020,San Francisco,San Francisco County,06,2022-11-20,9.552821066270441,1668902400000,"{""type"":""MultiPoint"",""coordinates"":[]}"
324_00000000000000000021,1857233047,225282636,41860,H1,013,01675903,488,A,06013,+37.9194790,-121.9515431,06,36084,G4020,Contra Costa,Contra Costa County,06,2022-11-21,10.122407553135794,1668988800000,"{""type"":""MultiPoint"",""coordinates"":[]}"
324_00000000000000000023,1909598013,216923745,41860,H1,001,01675839,488,A,06001,+37.6471385,-121.9124880,06,36084,G4020,Alameda,Alameda County,06,2022-11-21,10.091514785150082,1668988800000,"{""type"":""MultiPoint"",""coordinates"":[]}"
324_0000000000000000001f,121375681,479216672,41860,H6,075,00277302,488,C,06075,+37.7272391,-123.0322294,06,41884,G4020,San Francisco,San Francisco County,06,2022-11-21,9.54709234772618,1668988800000,"{""type"":""MultiPoint"",""coordinates"":[]}"
325_00000000000000000021,1857233047,225282636,41860,H1,013,01675903,488,A,06013,+37.9194790,-121.9515431,06,36084,G4020,Contra Costa,Contra Costa County,06,2022-11-22,10.57902199327236,1669075200000,"{""type"":""MultiPoint"",""coordinates"":[]}"
325_00000000000000000023,1909598013,216923745,41860,H1,001,01675839,488,A,06001,+37.6471385,-121.9124880,06,36084,G4020,Alameda,Alameda County,06,2022-11-22,11.048580274376386,1669075200000,"{""type"":""MultiPoint"",""coordinates"":[]}"
325_0000000000000000001f,121375681,479216672,41860,H6,075,00277302,488,C,06075,+37.7272391,-123.0322294,06,41884,G4020,San Francisco,San Francisco County,06,2022-11-22,10.951520332961177,1669075200000,"{""type"":""MultiPoint"",""coordinates"":[]}"
326_00000000000000000021,1857233047,225282636,41860,H1,013,01675903,488,A,06013,+37.9194790,-121.9515431,06,36084,G4020,Contra Costa,Contra Costa County,06,2022-11-23,11.09969618712011,1669161600000,"{""type"":""MultiPoint"",""coordinates"":[]}"
326_00000000000000000023,1909598013,216923745,41860,H1,001,01675839,488,A,06001,+37.6471385,-121.9124880,06,36084,G4020,Alameda,Alameda County,06,2022-11-23,11.632814071825205,1669161600000,"{""type"":""MultiPoint"",""coordinates"":[]}"
326_0000000000000000001f,121375681,479216672,41860,H6,075,00277302,488,C,06075,+37.7272391,-123.0322294,06,41884,G4020,San Francisco,San Francisco County,06,2022-11-23,11.509638182875614,1669161600000,"{""type"":""MultiPoint"",""coordinates"":[]}"
327_00000000000000000021,1857233047,225282636,41860,H1,013,01675903,488,A,06013,+37.9194790,-121.9515431,06,36084,G4020,Contra Costa,Contra Costa County,06,2022-11-24,11.859743797775389,1669248000000,"{""type"":""MultiPoint"",""coordinates"":[]}"
327_00000000000000000023,1909598013,216923745,41860,H1,001,01675839,488,A,06001,+37.6471385,-121.9124880,06,36084,G4020,Alameda,Alameda County,06,2022-11-24,12.266394276232855,1669248000000,"{""type"":""MultiPoint"",""coordinates"":[]}"
327_0000000000000000001f,121375681,479216672,41860,H6,075,00277302,488,C,06075,+37.7272391,-123.0322294,06,41884,G4020,San Francisco,San Francisco County,06,2022-11-24,12.111964517589719,1669248000000,"{""type"":""MultiPoint"",""coordinates"":[]}"
328_00000000000000000021,1857233047,225282636,41860,H1,013,01675903,488,A,06013,+37.9194790,-121.9515431,06,36084,G4020,Contra Costa,Contra Costa County,06,2022-11-25,11.271524328594596,1669334400000,"{""type"":""MultiPoint"",""coordinates"":[]}"
328_00000000000000000023,1909598013,216923745,41860,H1,001,01675839,488,A,06001,+37.6471385,-121.9124880,06,36084,G4020,Alameda,Alameda County,06,2022-11-25,11.79452862239886,1669334400000,"{""type"":""MultiPoint"",""coordinates"":[]}"
328_0000000000000000001f,121375681,479216672,41860,H6,075,00277302,488,C,06075,+37.7272391,-123.0322294,06,41884,G4020,San Francisco,San Francisco County,06,2022-11-25,11.361848057415507,1669334400000,"{""type"":""MultiPoint"",""coordinates"":[]}"
329_00000000000000000021,1857233047,225282636,41860,H1,013,01675903,488,A,06013,+37.9194790,-121.9515431,06,36084,G4020,Contra Costa,Contra Costa County,06,2022-11-26,10.707870361472377,1669420800000,"{""type"":""MultiPoint"",""coordinates"":[]}"
329_00000000000000000023,1909598013,216923745,41860,H1,001,01675839,488,A,06001,+37.6471385,-121.9124880,06,36084,G4020,Alameda,Alameda County,06,2022-11-26,11.797060887668113,1669420800000,"{""type"":""MultiPoint"",""coordinates"":[]}"
329_0000000000000000001f,121375681,479216672,41860,H6,075,00277302,488,C,06075,+37.7272391,-123.0322294,06,41884,G4020,San Francisco,San Francisco County,06,2022-11-26,11.642078972477682,1669420800000,"{""type"":""MultiPoint"",""coordinates"":[]}"
330_00000000000000000021,1857233047,225282636,41860,H1,013,01675903,488,A,06013,+37.9194790,-121.9515431,06,36084,G4020,Contra Costa,Contra Costa County,06,2022-11-27,10.633113992955955,1669507200000,"{""type"":""MultiPoint"",""coordinates"":[]}"
330_00000000000000000023,1909598013,216923745,41860,H1,001,01675839,488,A,06001,+37.6471385,-121.9124880,06,36084,G4020,Alameda,Alameda County,06,2022-11-27,11.832076675913846,1669507200000,"{""type"":""MultiPoint"",""coordinates"":[]}"
330_0000000000000000001f,121375681,479216672,41860,H6,075,00277302,488,C,06075,+37.7272391,-123.0322294,06,41884,G4020,San Francisco,San Francisco County,06,2022-11-27,10.619194949142122,1669507200000,"{""type"":""MultiPoint"",""coordinates"":[]}"
331_00000000000000000021,1857233047,225282636,41860,H1,013,01675903,488,A,06013,+37.9194790,-121.9515431,06,36084,G4020,Contra Costa,Contra Costa County,06,2022-11-28,9.900837134898907,1669593600000,"{""type"":""MultiPoint"",""coordinates"":[]}"
331_00000000000000000023,1909598013,216923745,41860,H1,001,01675839,488,A,06001,+37.6471385,-121.9124880,06,36084,G4020,Alameda,Alameda County,06,2022-11-28,9.373402460866975,1669593600000,"{""type"":""MultiPoint"",""coordinates"":[]}"
331_0000000000000000001f,121375681,479216672,41860,H6,075,00277302,488,C,06075,+37.7272391,-123.0322294,06,41884,G4020,San Francisco,San Francisco County,06,2022-11-28,10.841645110798703,1669593600000,"{""type"":""MultiPoint"",""coordinates"":[]}"
332_00000000000000000021,1857233047,225282636,41860,H1,013,01675903,488,A,06013,+37.9194790,-121.9515431,06,36084,G4020,Contra Costa,Contra Costa County,06,2022-11-29,8.440669275927542,1669680000000,"{""type"":""MultiPoint"",""coordinates"":[]}"
332_00000000000000000023,1909598013,216923745,41860,H1,001,01675839,488,A,06001,+37.6471385,-121.9124880,06,36084,G4020,Alameda,Alameda County,06,2022-11-29,7.7897922999724605,1669680000000,"{""type"":""MultiPoint"",""coordinates"":[]}"
332_0000000000000000001f,121375681,479216672,41860,H6,075,00277302,488,C,06075,+37.7272391,-123.0322294,06,41884,G4020,San Francisco,San Francisco County,06,2022-11-29,9.020314547786576,1669680000000,"{""type"":""MultiPoint"",""coordinates"":[]}"
333_00000000000000000021,1857233047,225282636,41860,H1,013,01675903,488,A,06013,+37.9194790,-121.9515431,06,36084,G4020,Contra Costa,Contra Costa County,06,2022-11-30,7.576621104757846,1669766400000,"{""type"":""MultiPoint"",""coordinates"":[]}"
333_00000000000000000023,1909598013,216923745,41860,H1,001,01675839,488,A,06001,+37.6471385,-121.9124880,06,36084,G4020,Alameda,Alameda County,06,2022-11-30,7.660255122154551,1669766400000,"{""type"":""MultiPoint"",""coordinates"":[]}"
333_0000000000000000001f,121375681,479216672,41860,H6,075,00277302,488,C,06075,+37.7272391,-123.0322294,06,41884,G4020,San Francisco,San Francisco County,06,2022-11-30,8.965415317331276,1669766400000,"{""type"":""MultiPoint"",""coordinates"":[]}"
334_00000000000000000021,1857233047,225282636,41860,H1,013,01675903,488,A,06013,+37.9194790,-121.9515431,06,36084,G4020,Contra Costa,Contra Costa County,06,2022-12-01,8.737267644796436,1669852800000,"{""type"":""MultiPoint"",""coordinates"":[]}"
334_00000000000000000023,1909598013,216923745,41860,H1,001,01675839,488,A,06001,+37.6471385,-121.9124880,06,36084,G4020,Alameda,Alameda County,06,2022-12-01,7.952958740180576,1669852800000,"{""type"":""MultiPoint"",""coordinates"":[]}"
334_0000000000000000001f,121375681,479216672,41860,H6,075,00277302,488,C,06075,+37.7272391,-123.0322294,06,41884,G4020,San Francisco,San Francisco County,06,2022-12-01,10.273272807393697,1669852800000,"{""type"":""MultiPoint"",""coordinates"":[]}"
335_00000000000000000021,1857233047,225282636,41860,H1,013,01675903,488,A,06013,+37.9194790,-121.9515431,06,36084,G4020,Contra Costa,Contra Costa County,06,2022-12-02,5.4070633013424265,1669939200000,"{""type"":""MultiPoint"",""coordinates"":[]}"
335_00000000000000000023,1909598013,216923745,41860,H1,001,01675839,488,A,06001,+37.6471385,-121.9124880,06,36084,G4020,Alameda,Alameda County,06,2022-12-02,5.432907014260874,1669939200000,"{""type"":""MultiPoint"",""coordinates"":[]}"
335_0000000000000000001f,121375681,479216672,41860,H6,075,00277302,488,C,06075,+37.7272391,-123.0322294,06,41884,G4020,San Francisco,San Francisco County,06,2022-12-02,6.45302027389362,1669939200000,"{""type"":""MultiPoint"",""coordinates"":[]}"
336_00000000000000000021,1857233047,225282636,41860,H1,013,01675903,488,A,06013,+37.9194790,-121.9515431,06,36084,G4020,Contra Costa,Contra Costa County,06,2022-12-03,6.183734925815834,1670025600000,"{""type"":""MultiPoint"",""coordinates"":[]}"
336_00000000000000000023,1909598013,216923745,41860,H1,001,01675839,488,A,06001,+37.6471385,-121.9124880,06,36084,G4020,Alameda,Alameda County,06,2022-12-03,6.804448457287582,1670025600000,"{""type"":""MultiPoint"",""coordinates"":[]}"
336_0000000000000000001f,121375681,479216672,41860,H6,075,00277302,488,C,06075,+37.7272391,-123.0322294,06,41884,G4020,San Francisco,San Francisco County,06,2022-12-03,6.728776621618748,1670025600000,"{""type"":""MultiPoint"",""coordinates"":[]}"
337_00000000000000000021,1857233047,225282636,41860,H1,013,01675903,488,A,06013,+37.9194790,-121.9515431,06,36084,G4020,Contra Costa,Contra Costa County,06,2022-12-04,9.673701680406221,1670112000000,"{""type"":""MultiPoint"",""coordinates"":[]}"
337_00000000000000000023,1909598013,216923745,41860,H1,001,01675839,488,A,06001,+37.6471385,-121.9124880,06,36084,G4020,Alameda,Alameda County,06,2022-12-04,9.694425914476975,1670112000000,"{""type"":""MultiPoint"",""coordinates"":[]}"
337_0000000000000000001f,121375681,479216672,41860,H6,075,00277302,488,C,06075,+37.7272391,-123.0322294,06,41884,G4020,San Francisco,San Francisco County,06,2022-12-04,10.505006639885202,1670112000000,"{""type"":""MultiPoint"",""coordinates"":[]}"
338_00000000000000000021,1857233047,225282636,41860,H1,013,01675903,488,A,06013,+37.9194790,-121.9515431,06,36084,G4020,Contra Costa,Contra Costa County,06,2022-12-05,9.7408069904217,1670198400000,"{""type"":""MultiPoint"",""coordinates"":[]}"
338_00000000000000000023,1909598013,216923745,41860,H1,001,01675839,488,A,06001,+37.6471385,-121.9124880,06,36084,G4020,Alameda,Alameda County,06,2022-12-05,9.036552089049623,1670198400000,"{""type"":""MultiPoint"",""coordinates"":[]}"
338_0000000000000000001f,121375681,479216672,41860,H6,075,00277302,488,C,06075,+37.7272391,-123.0322294,06,41884,G4020,San Francisco,San Francisco County,06,2022-12-05,11.256071680734294,1670198400000,"{""type"":""MultiPoint"",""coordinates"":[]}"
339_00000000000000000021,1857233047,225282636,41860,H1,013,01675903,488,A,06013,+37.9194790,-121.9515431,06,36084,G4020,Contra Costa,Contra Costa County,06,2022-12-06,8.266622461430142,1670284800000,"{""type"":""MultiPoint"",""coordinates"":[]}"
339_00000000000000000023,1909598013,216923745,41860,H1,001,01675839,488,A,06001,+37.6471385,-121.9124880,06,36084,G4020,Alameda,Alameda County,06,2022-12-06,7.743540156070967,1670284800000,"{""type"":""MultiPoint"",""coordinates"":[]}"
339_0000000000000000001f,121375681,479216672,41860,H6,075,00277302,488,C,06075,+37.7272391,-123.0322294,06,41884,G4020,San Francisco,San Francisco County,06,2022-12-06,9.69854251165533,1670284800000,"{""type"":""MultiPoint"",""coordinates"":[]}"
340_00000000000000000021,1857233047,225282636,41860,H1,013,01675903,488,A,06013,+37.9194790,-121.9515431,06,36084,G4020,Contra Costa,Contra Costa County,06,2022-12-07,8.158956057480289,1670371200000,"{""type"":""MultiPoint"",""coordinates"":[]}"
340_00000000000000000023,1909598013,216923745,41860,H1,001,01675839,488,A,06001,+37.6471385,-121.9124880,06,36084,G4020,Alameda,Alameda County,06,2022-12-07,8.221834328022034,1670371200000,"{""type"":""MultiPoint"",""coordinates"":[]}"
340_0000000000000000001f,121375681,479216672,41860,H6,075,00277302,488,C,06075,+37.7272391,-123.0322294,06,41884,G4020,San Francisco,San Francisco County,06,2022-12-07,9.17166483846502,1670371200000,"{""type"":""MultiPoint"",""coordinates"":[]}"
341_00000000000000000021,1857233047,225282636,41860,H1,013,01675903,488,A,06013,+37.9194790,-121.9515431,06,36084,G4020,Contra Costa,Contra Costa County,06,2022-12-08,7.221620358714483,1670457600000,"{""type"":""MultiPoint"",""coordinates"":[]}"
341_00000000000000000023,1909598013,216923745,41860,H1,001,01675839,488,A,06001,+37.6471385,-121.9124880,06,36084,G4020,Alameda,Alameda County,06,2022-12-08,7.23974759702378,1670457600000,"{""type"":""MultiPoint"",""coordinates"":[]}"
341_0000000000000000001f,121375681,479216672,41860,H6,075,00277302,488,C,06075,+37.7272391,-123.0322294,06,41884,G4020,San Francisco,San Francisco County,06,2022-12-08,8.546218109376847,1670457600000,"{""type"":""MultiPoint"",""coordinates"":[]}"
342_00000000000000000021,1857233047,225282636,41860,H1,013,01675903,488,A,06013,+37.9194790,-121.9515431,06,36084,G4020,Contra Costa,Contra Costa County,06,2022-12-09,8.6873480587099,1670544000000,"{""type"":""MultiPoint"",""coordinates"":[]}"
342_00000000000000000023,1909598013,216923745,41860,H1,001,01675839,488,A,06001,+37.6471385,-121.9124880,06,36084,G4020,Alameda,Alameda County,06,2022-12-09,8.54938913371309,1670544000000,"{""type"":""MultiPoint"",""coordinates"":[]}"
342_0000000000000000001f,121375681,479216672,41860,H6,075,00277302,488,C,06075,+37.7272391,-123.0322294,06,41884,G4020,San Francisco,San Francisco County,06,2022-12-09,9.356023431577508,1670544000000,"{""type"":""MultiPoint"",""coordinates"":[]}"
343_00000000000000000021,1857233047,225282636,41860,H1,013,01675903,488,A,06013,+37.9194790,-121.9515431,06,36084,G4020,Contra Costa,Contra Costa County,06,2022-12-10,10.458865254688373,1670630400000,"{""type"":""MultiPoint"",""coordinates"":[]}"
343_00000000000000000023,1909598013,216923745,41860,H1,001,01675839,488,A,06001,+37.6471385,-121.9124880,06,36084,G4020,Alameda,Alameda County,06,2022-12-10,10.116774488713753,1670630400000,"{""type"":""MultiPoint"",""coordinates"":[]}"
343_0000000000000000001f,121375681,479216672,41860,H6,075,00277302,488,C,06075,+37.7272391,-123.0322294,06,41884,G4020,San Francisco,San Francisco County,06,2022-12-10,11.010760718418833,1670630400000,"{""type"":""MultiPoint"",""coordinates"":[]}"
344_00000000000000000021,1857233047,225282636,41860,H1,013,01675903,488,A,06013,+37.9194790,-121.9515431,06,36084,G4020,Contra Costa,Contra Costa County,06,2022-12-11,8.672628103660228,1670716800000,"{""type"":""MultiPoint"",""coordinates"":[]}"
344_00000000000000000023,1909598013,216923745,41860,H1,001,01675839,488,A,06001,+37.6471385,-121.9124880,06,36084,G4020,Alameda,Alameda County,06,2022-12-11,8.067340573344044,1670716800000,"{""type"":""MultiPoint"",""coordinates"":[]}"
344_0000000000000000001f,121375681,479216672,41860,H6,075,00277302,488,C,06075,+37.7272391,-123.0322294,06,41884,G4020,San Francisco,San Francisco County,06,2022-12-11,9.324622206254467,1670716800000,"{""type"":""MultiPoint"",""coordinates"":[]}"
345_00000000000000000021,1857233047,225282636,41860,H1,013,01675903,488,A,06013,+37.9194790,-121.9515431,06,36084,G4020,Contra Costa,Contra Costa County,06,2022-12-12,7.14897236767077,1670803200000,"{""type"":""MultiPoint"",""coordinates"":[]}"
345_00000000000000000023,1909598013,216923745,41860,H1,001,01675839,488,A,06001,+37.6471385,-121.9124880,06,36084,G4020,Alameda,Alameda County,06,2022-12-12,6.5151742998370255,1670803200000,"{""type"":""MultiPoint"",""coordinates"":[]}"
345_0000000000000000001f,121375681,479216672,41860,H6,075,00277302,488,C,06075,+37.7272391,-123.0322294,06,41884,G4020,San Francisco,San Francisco County,06,2022-12-12,8.047925691832134,1670803200000,"{""type"":""MultiPoint"",""coordinates"":[]}"
346_00000000000000000021,1857233047,225282636,41860,H1,013,01675903,488,A,06013,+37.9194790,-121.9515431,06,36084,G4020,Contra Costa,Contra Costa County,06,2022-12-13,5.993203178026174,1670889600000,"{""type"":""MultiPoint"",""coordinates"":[]}"
346_00000000000000000023,1909598013,216923745,41860,H1,001,01675839,488,A,06001,+37.6471385,-121.9124880,06,36084,G4020,Alameda,Alameda County,06,2022-12-13,6.095713572762121,1670889600000,"{""type"":""MultiPoint"",""coordinates"":[]}"
346_0000000000000000001f,121375681,479216672,41860,H6,075,00277302,488,C,06075,+37.7272391,-123.0322294,06,41884,G4020,San Francisco,San Francisco County,06,2022-12-13,7.608420902402262,1670889600000,"{""type"":""MultiPoint"",""coordinates"":[]}"
347_00000000000000000021,1857233047,225282636,41860,H1,013,01675903,488,A,06013,+37.9194790,-121.9515431,06,36084,G4020,Contra Costa,Contra Costa County,06,2022-12-14,5.721122127234611,1670976000000,"{""type"":""MultiPoint"",""coordinates"":[]}"
347_00000000000000000023,1909598013,216923745,41860,H1,001,01675839,488,A,06001,+37.6471385,-121.9124880,06,36084,G4020,Alameda,Alameda County,06,2022-12-14,5.9483459104034955,1670976000000,"{""type"":""MultiPoint"",""coordinates"":[]}"
347_0000000000000000001f,121375681,479216672,41860,H6,075,00277302,488,C,06075,+37.7272391,-123.0322294,06,41884,G4020,San Francisco,San Francisco County,06,2022-12-14,6.674997185584756,1670976000000,"{""type"":""MultiPoint"",""coordinates"":[]}"
348_00000000000000000021,1857233047,225282636,41860,H1,013,01675903,488,A,06013,+37.9194790,-121.9515431,06,36084,G4020,Contra Costa,Contra Costa County,06,2022-12-15,5.961921132310528,1671062400000,"{""type"":""MultiPoint"",""coordinates"":[]}"
348_00000000000000000023,1909598013,216923745,41860,H1,001,01675839,488,A,06001,+37.6471385,-121.9124880,06,36084,G4020,Alameda,Alameda County,06,2022-12-15,6.070209252603696,1671062400000,"{""type"":""MultiPoint"",""coordinates"":[]}"
348_0000000000000000001f,121375681,479216672,41860,H6,075,00277302,488,C,06075,+37.7272391,-123.0322294,06,41884,G4020,San Francisco,San Francisco County,06,2022-12-15,6.07519174965639,1671062400000,"{""type"":""MultiPoint"",""coordinates"":[]}"
349_00000000000000000021,1857233047,225282636,41860,H1,013,01675903,488,A,06013,+37.9194790,-121.9515431,06,36084,G4020,Contra Costa,Contra Costa County,06,2022-12-16,5.645093200951477,1671148800000,"{""type"":""MultiPoint"",""coordinates"":[]}"
349_00000000000000000023,1909598013,216923745,41860,H1,001,01675839,488,A,06001,+37.6471385,-121.9124880,06,36084,G4020,Alameda,Alameda County,06,2022-12-16,6.047567070301321,1671148800000,"{""type"":""MultiPoint"",""coordinates"":[]}"
349_0000000000000000001f,121375681,479216672,41860,H6,075,00277302,488,C,06075,+37.7272391,-123.0322294,06,41884,G4020,San Francisco,San Francisco County,06,2022-12-16,5.934941572561964,1671148800000,"{""type"":""MultiPoint"",""coordinates"":[]}"
350_00000000000000000021,1857233047,225282636,41860,H1,013,01675903,488,A,06013,+37.9194790,-121.9515431,06,36084,G4020,Contra Costa,Contra Costa County,06,2022-12-17,5.720399010296606,1671235200000,"{""type"":""MultiPoint"",""coordinates"":[]}"
350_00000000000000000023,1909598013,216923745,41860,H1,001,01675839,488,A,06001,+37.6471385,-121.9124880,06,36084,G4020,Alameda,Alameda County,06,2022-12-17,5.83054867317527,1671235200000,"{""type"":""MultiPoint"",""coordinates"":[]}"
350_0000000000000000001f,121375681,479216672,41860,H6,075,00277302,488,C,06075,+37.7272391,-123.0322294,06,41884,G4020,San Francisco,San Francisco County,06,2022-12-17,5.9712767890620535,1671235200000,"{""type"":""MultiPoint"",""coordinates"":[]}"
351_00000000000000000021,1857233047,225282636,41860,H1,013,01675903,488,A,06013,+37.9194790,-121.9515431,06,36084,G4020,Contra Costa,Contra Costa County,06,2022-12-18,5.323254687914659,1671321600000,"{""type"":""MultiPoint"",""coordinates"":[]}"
351_00000000000000000023,1909598013,216923745,41860,H1,001,01675839,488,A,06001,+37.6471385,-121.9124880,06,36084,G4020,Alameda,Alameda County,06,2022-12-18,5.984519176757591,1671321600000,"{""type"":""MultiPoint"",""coordinates"":[]}"
351_0000000000000000001f,121375681,479216672,41860,H6,075,00277302,488,C,06075,+37.7272391,-123.0322294,06,41884,G4020,San Francisco,San Francisco County,06,2022-12-18,5.309221014124901,1671321600000,"{""type"":""MultiPoint"",""coordinates"":[]}"
352_00000000000000000021,1857233047,225282636,41860,H1,013,01675903,488,A,06013,+37.9194790,-121.9515431,06,36084,G4020,Contra Costa,Contra Costa County,06,2022-12-19,4.242626067466984,1671408000000,"{""type"":""MultiPoint"",""coordinates"":[]}"
352_00000000000000000023,1909598013,216923745,41860,H1,001,01675839,488,A,06001,+37.6471385,-121.9124880,06,36084,G4020,Alameda,Alameda County,06,2022-12-19,4.83977157753009,1671408000000,"{""type"":""MultiPoint"",""coordinates"":[]}"
352_0000000000000000001f,121375681,479216672,41860,H6,075,00277302,488,C,06075,+37.7272391,-123.0322294,06,41884,G4020,San Francisco,San Francisco County,06,2022-12-19,4.8891680141328715,1671408000000,"{""type"":""MultiPoint"",""coordinates"":[]}"
353_00000000000000000021,1857233047,225282636,41860,H1,013,01675903,488,A,06013,+37.9194790,-121.9515431,06,36084,G4020,Contra Costa,Contra Costa County,06,2022-12-20,6.208448032526981,1671494400000,"{""type"":""MultiPoint"",""coordinates"":[]}"
353_00000000000000000023,1909598013,216923745,41860,H1,001,01675839,488,A,06001,+37.6471385,-121.9124880,06,36084,G4020,Alameda,Alameda County,06,2022-12-20,6.593241115767968,1671494400000,"{""type"":""MultiPoint"",""coordinates"":[]}"
353_0000000000000000001f,121375681,479216672,41860,H6,075,00277302,488,C,06075,+37.7272391,-123.0322294,06,41884,G4020,San Francisco,San Francisco County,06,2022-12-20,6.692916219331325,1671494400000,"{""type"":""MultiPoint"",""coordinates"":[]}"
354_00000000000000000021,1857233047,225282636,41860,H1,013,01675903,488,A,06013,+37.9194790,-121.9515431,06,36084,G4020,Contra Costa,Contra Costa County,06,2022-12-21,7.946046815077534,1671580800000,"{""type"":""MultiPoint"",""coordinates"":[]}"
354_00000000000000000023,1909598013,216923745,41860,H1,001,01675839,488,A,06001,+37.6471385,-121.9124880,06,36084,G4020,Alameda,Alameda County,06,2022-12-21,8.176054160646615,1671580800000,"{""type"":""MultiPoint"",""coordinates"":[]}"
354_0000000000000000001f,121375681,479216672,41860,H6,075,00277302,488,C,06075,+37.7272391,-123.0322294,06,41884,G4020,San Francisco,San Francisco County,06,2022-12-21,8.631522732408213,1671580800000,"{""type"":""MultiPoint"",""coordinates"":[]}"
355_00000000000000000021,1857233047,225282636,41860,H1,013,01675903,488,A,06013,+37.9194790,-121.9515431,06,36084,G4020,Contra Costa,Contra Costa County,06,2022-12-22,8.68005050242327,1671667200000,"{""type"":""MultiPoint"",""coordinates"":[]}"
355_00000000000000000023,1909598013,216923745,41860,H1,001,01675839,488,A,06001,+37.6471385,-121.9124880,06,36084,G4020,Alameda,Alameda County,06,2022-12-22,9.031787349851715,1671667200000,"{""type"":""MultiPoint"",""coordinates"":[]}"
355_0000000000000000001f,121375681,479216672,41860,H6,075,00277302,488,C,06075,+37.7272391,-123.0322294,06,41884,G4020,San Francisco,San Francisco County,06,2022-12-22,9.426369211183395,1671667200000,"{""type"":""MultiPoint"",""coordinates"":[]}"
356_00000000000000000021,1857233047,225282636,41860,H1,013,01675903,488,A,06013,+37.9194790,-121.9515431,06,36084,G4020,Contra Costa,Contra Costa County,06,2022-12-23,8.227808642285874,1671753600000,"{""type"":""MultiPoint"",""coordinates"":[]}"
356_00000000000000000023,1909598013,216923745,41860,H1,001,01675839,488,A,06001,+37.6471385,-121.9124880,06,36084,G4020,Alameda,Alameda County,06,2022-12-23,8.96919023709252,1671753600000,"{""type"":""MultiPoint"",""coordinates"":[]}"
356_0000000000000000001f,121375681,479216672,41860,H6,075,00277302,488,C,06075,+37.7272391,-123.0322294,06,41884,G4020,San Francisco,San Francisco County,06,2022-12-23,9.414335892540224,1671753600000,"{""type"":""MultiPoint"",""coordinates"":[]}"
357_00000000000000000021,1857233047,225282636,41860,H1,013,01675903,488,A,06013,+37.9194790,-121.9515431,06,36084,G4020,Contra Costa,Contra Costa County,06,2022-12-24,8.682906281005783,1671840000000,"{""type"":""MultiPoint"",""coordinates"":[]}"
357_00000000000000000023,1909598013,216923745,41860,H1,001,01675839,488,A,06001,+37.6471385,-121.9124880,06,36084,G4020,Alameda,Alameda County,06,2022-12-24,9.157093239114472,1671840000000,"{""type"":""MultiPoint"",""coordinates"":[]}"
357_0000000000000000001f,121375681,479216672,41860,H6,075,00277302,488,C,06075,+37.7272391,-123.0322294,06,41884,G4020,San Francisco,San Francisco County,06,2022-12-24,8.991480330879824,1671840000000,"{""type"":""MultiPoint"",""coordinates"":[]}"
358_00000000000000000021,1857233047,225282636,41860,H1,013,01675903,488,A,06013,+37.9194790,-121.9515431,06,36084,G4020,Contra Costa,Contra Costa County,06,2022-12-25,8.582604150523464,1671926400000,"{""type"":""MultiPoint"",""coordinates"":[]}"
358_00000000000000000023,1909598013,216923745,41860,H1,001,01675839,488,A,06001,+37.6471385,-121.9124880,06,36084,G4020,Alameda,Alameda County,06,2022-12-25,9.562277849850433,1671926400000,"{""type"":""MultiPoint"",""coordinates"":[]}"
358_0000000000000000001f,121375681,479216672,41860,H6,075,00277302,488,C,06075,+37.7272391,-123.0322294,06,41884,G4020,San Francisco,San Francisco County,06,2022-12-25,9.621080256891936,1671926400000,"{""type"":""MultiPoint"",""coordinates"":[]}"
359_00000000000000000021,1857233047,225282636,41860,H1,013,01675903,488,A,06013,+37.9194790,-121.9515431,06,36084,G4020,Contra Costa,Contra Costa County,06,2022-12-26,8.650596540313764,1672012800000,"{""type"":""MultiPoint"",""coordinates"":[]}"
359_00000000000000000023,1909598013,216923745,41860,H1,001,01675839,488,A,06001,+37.6471385,-121.9124880,06,36084,G4020,Alameda,Alameda County,06,2022-12-26,10.33478302067983,1672012800000,"{""type"":""MultiPoint"",""coordinates"":[]}"
359_0000000000000000001f,121375681,479216672,41860,H6,075,00277302,488,C,06075,+37.7272391,-123.0322294,06,41884,G4020,San Francisco,San Francisco County,06,2022-12-26,9.418364691227064,1672012800000,"{""type"":""MultiPoint"",""coordinates"":[]}"
360_00000000000000000021,1857233047,225282636,41860,H1,013,01675903,488,A,06013,+37.9194790,-121.9515431,06,36084,G4020,Contra Costa,Contra Costa County,06,2022-12-27,12.17540093130001,1672099200000,"{""type"":""MultiPoint"",""coordinates"":[]}"
360_00000000000000000023,1909598013,216923745,41860,H1,001,01675839,488,A,06001,+37.6471385,-121.9124880,06,36084,G4020,Alameda,Alameda County,06,2022-12-27,11.883929611920193,1672099200000,"{""type"":""MultiPoint"",""coordinates"":[]}"
360_0000000000000000001f,121375681,479216672,41860,H6,075,00277302,488,C,06075,+37.7272391,-123.0322294,06,41884,G4020,San Francisco,San Francisco County,06,2022-12-27,12.545980699196104,1672099200000,"{""type"":""MultiPoint"",""coordinates"":[]}"
361_00000000000000000021,1857233047,225282636,41860,H1,013,01675903,488,A,06013,+37.9194790,-121.9515431,06,36084,G4020,Contra Costa,Contra Costa County,06,2022-12-28,8.087456402452235,1672185600000,"{""type"":""MultiPoint"",""coordinates"":[]}"
361_00000000000000000023,1909598013,216923745,41860,H1,001,01675839,488,A,06001,+37.6471385,-121.9124880,06,36084,G4020,Alameda,Alameda County,06,2022-12-28,7.568590754420731,1672185600000,"{""type"":""MultiPoint"",""coordinates"":[]}"
361_0000000000000000001f,121375681,479216672,41860,H6,075,00277302,488,C,06075,+37.7272391,-123.0322294,06,41884,G4020,San Francisco,San Francisco County,06,2022-12-28,8.871729088690442,1672185600000,"{""type"":""MultiPoint"",""coordinates"":[]}"
362_00000000000000000021,1857233047,225282636,41860,H1,013,01675903,488,A,06013,+37.9194790,-121.9515431,06,36084,G4020,Contra Costa,Contra Costa County,06,2022-12-29,8.79431373859303,1672272000000,"{""type"":""MultiPoint"",""coordinates"":[]}"
362_00000000000000000023,1909598013,216923745,41860,H1,001,01675839,488,A,06001,+37.6471385,-121.9124880,06,36084,G4020,Alameda,Alameda County,06,2022-12-29,8.532051574045093,1672272000000,"{""type"":""MultiPoint"",""coordinates"":[]}"
362_0000000000000000001f,121375681,479216672,41860,H6,075,00277302,488,C,06075,+37.7272391,-123.0322294,06,41884,G4020,San Francisco,San Francisco County,06,2022-12-29,9.858352695319983,1672272000000,"{""type"":""MultiPoint"",""coordinates"":[]}"
363_00000000000000000021,1857233047,225282636,41860,H1,013,01675903,488,A,06013,+37.9194790,-121.9515431,06,36084,G4020,Contra Costa,Contra Costa County,06,2022-12-30,12.143037624166974,1672358400000,"{""type"":""MultiPoint"",""coordinates"":[]}"
363_00000000000000000023,1909598013,216923745,41860,H1,001,01675839,488,A,06001,+37.6471385,-121.9124880,06,36084,G4020,Alameda,Alameda County,06,2022-12-30,11.713692047327763,1672358400000,"{""type"":""MultiPoint"",""coordinates"":[]}"
363_0000000000000000001f,121375681,479216672,41860,H6,075,00277302,488,C,06075,+37.7272391,-123.0322294,06,41884,G4020,San Francisco,San Francisco County,06,2022-12-30,13.077275390920157,1672358400000,"{""type"":""MultiPoint"",""coordinates"":[]}"
364_00000000000000000021,1857233047,225282636,41860,H1,013,01675903,488,A,06013,+37.9194790,-121.9515431,06,36084,G4020,Contra Costa,Contra Costa County,06,2022-12-31,13.257090795811594,1672444800000,"{""type"":""MultiPoint"",""coordinates"":[]}"
364_00000000000000000023,1909598013,216923745,41860,H1,001,01675839,488,A,06001,+37.6471385,-121.9124880,06,36084,G4020,Alameda,Alameda County,06,2022-12-31,12.89542741543681,1672444800000,"{""type"":""MultiPoint"",""coordinates"":[]}"
364_0000000000000000001f,121375681,479216672,41860,H6,075,00277302,488,C,06075,+37.7272391,-123.0322294,06,41884,G4020,San Francisco,San Francisco County,06,2022-12-31,13.189427283930835,1672444800000,"{""type"":""MultiPoint"",""coordinates"":[]}"
365_00000000000000000021,1857233047,225282636,41860,H1,013,01675903,488,A,06013,+37.9194790,-121.9515431,06,36084,G4020,Contra Costa,Contra Costa County,06,2023-01-01,9.864027560352874,1672531200000,"{""type"":""MultiPoint"",""coordinates"":[]}"
365_00000000000000000023,1909598013,216923745,41860,H1,001,01675839,488,A,06001,+37.6471385,-121.9124880,06,36084,G4020,Alameda,Alameda County,06,2023-01-01,8.887539129949575,1672531200000,"{""type"":""MultiPoint"",""coordinates"":[]}"
365_0000000000000000001f,121375681,479216672,41860,H6,075,00277302,488,C,06075,+37.7272391,-123.0322294,06,41884,G4020,San Francisco,San Francisco County,06,2023-01-01,10.469944296368935,1672531200000,"{""type"":""MultiPoint"",""coordinates"":[]}"
366_00000000000000000021,1857233047,225282636,41860,H1,013,01675903,488,A,06013,+37.9194790,-121.9515431,06,36084,G4020,Contra Costa,Contra Costa County,06,2023-01-02,7.671492294687189,1672617600000,"{""type"":""MultiPoint"",""coordinates"":[]}"
366_00000000000000000023,1909598013,216923745,41860,H1,001,01675839,488,A,06001,+37.6471385,-121.9124880,06,36084,G4020,Alameda,Alameda County,06,2023-01-02,7.431132538151347,1672617600000,"{""type"":""MultiPoint"",""coordinates"":[]}"
366_0000000000000000001f,121375681,479216672,41860,H6,075,00277302,488,C,06075,+37.7272391,-123.0322294,06,41884,G4020,San Francisco,San Francisco County,06,2023-01-02,8.93578274036365,1672617600000,"{""type"":""MultiPoint"",""coordinates"":[]}"
367_00000000000000000021,1857233047,225282636,41860,H1,013,01675903,488,A,06013,+37.9194790,-121.9515431,06,36084,G4020,Contra Costa,Contra Costa County,06,2023-01-03,8.106243146938192,1672704000000,"{""type"":""MultiPoint"",""coordinates"":[]}"
367_00000000000000000023,1909598013,216923745,41860,H1,001,01675839,488,A,06001,+37.6471385,-121.9124880,06,36084,G4020,Alameda,Alameda County,06,2023-01-03,8.130948081462625,1672704000000,"{""type"":""MultiPoint"",""coordinates"":[]}"
367_0000000000000000001f,121375681,479216672,41860,H6,075,00277302,488,C,06075,+37.7272391,-123.0322294,06,41884,G4020,San Francisco,San Francisco County,06,2023-01-03,9.086341834298905,1672704000000,"{""type"":""MultiPoint"",""coordinates"":[]}"
368_00000000000000000021,1857233047,225282636,41860,H1,013,01675903,488,A,06013,+37.9194790,-121.9515431,06,36084,G4020,Contra Costa,Contra Costa County,06,2023-01-04,9.331759762112664,1672790400000,"{""type"":""MultiPoint"",""coordinates"":[]}"
368_00000000000000000023,1909598013,216923745,41860,H1,001,01675839,488,A,06001,+37.6471385,-121.9124880,06,36084,G4020,Alameda,Alameda County,06,2023-01-04,9.377109555639318,1672790400000,"{""type"":""MultiPoint"",""coordinates"":[]}"
368_0000000000000000001f,121375681,479216672,41860,H6,075,00277302,488,C,06075,+37.7272391,-123.0322294,06,41884,G4020,San Francisco,San Francisco County,06,2023-01-04,10.43080734951433,1672790400000,"{""type"":""MultiPoint"",""coordinates"":[]}"
369_00000000000000000021,1857233047,225282636,41860,H1,013,01675903,488,A,06013,+37.9194790,-121.9515431,06,36084,G4020,Contra Costa,Contra Costa County,06,2023-01-05,11.511524248702699,1672876800000,"{""type"":""MultiPoint"",""coordinates"":[]}"
369_00000000000000000023,1909598013,216923745,41860,H1,001,01675839,488,A,06001,+37.6471385,-121.9124880,06,36084,G4020,Alameda,Alameda County,06,2023-01-05,10.897582199158114,1672876800000,"{""type"":""MultiPoint"",""coordinates"":[]}"
369_0000000000000000001f,121375681,479216672,41860,H6,075,00277302,488,C,06075,+37.7272391,-123.0322294,06,41884,G4020,San Francisco,San Francisco County,06,2023-01-05,12.258487237552783,1672876800000,"{""type"":""MultiPoint"",""coordinates"":[]}"
370_00000000000000000021,1857233047,225282636,41860,H1,013,01675903,488,A,06013,+37.9194790,-121.9515431,06,36084,G4020,Contra Costa,Contra Costa County,06,2023-01-06,8.807004861345291,1672963200000,"{""type"":""MultiPoint"",""coordinates"":[]}"
370_00000000000000000023,1909598013,216923745,41860,H1,001,01675839,488,A,06001,+37.6471385,-121.9124880,06,36084,G4020,Alameda,Alameda County,06,2023-01-06,8.21824690373678,1672963200000,"{""type"":""MultiPoint"",""coordinates"":[]}"
370_0000000000000000001f,121375681,479216672,41860,H6,075,00277302,488,C,06075,+37.7272391,-123.0322294,06,41884,G4020,San Francisco,San Francisco County,06,2023-01-06,10.45437069763145,1672963200000,"{""type"":""MultiPoint"",""coordinates"":[]}"
371_00000000000000000021,1857233047,225282636,41860,H1,013,01675903,488,A,06013,+37.9194790,-121.9515431,06,36084,G4020,Contra Costa,Contra Costa County,06,2023-01-07,10.547520752642619,1673049600000,"{""type"":""MultiPoint"",""coordinates"":[]}"
371_00000000000000000023,1909598013,216923745,41860,H1,001,01675839,488,A,06001,+37.6471385,-121.9124880,06,36084,G4020,Alameda,Alameda County,06,2023-01-07,10.470013197203961,1673049600000,"{""type"":""MultiPoint"",""coordinates"":[]}"
371_0000000000000000001f,121375681,479216672,41860,H6,075,00277302,488,C,06075,+37.7272391,-123.0322294,06,41884,G4020,San Francisco,San Francisco County,06,2023-01-07,11.858942854319928,1673049600000,"{""type"":""MultiPoint"",""coordinates"":[]}"
372_00000000000000000021,1857233047,225282636,41860,H1,013,01675903,488,A,06013,+37.9194790,-121.9515431,06,36084,G4020,Contra Costa,Contra Costa County,06,2023-01-08,11.595440381356132,1673136000000,"{""type"":""MultiPoint"",""coordinates"":[]}"
372_00000000000000000023,1909598013,216923745,41860,H1,001,01675839,488,A,06001,+37.6471385,-121.9124880,06,36084,G4020,Alameda,Alameda County,06,2023-01-08,11.131936394958709,1673136000000,"{""type"":""MultiPoint"",""coordinates"":[]}"
372_0000000000000000001f,121375681,479216672,41860,H6,075,00277302,488,C,06075,+37.7272391,-123.0322294,06,41884,G4020,San Francisco,San Francisco County,06,2023-01-08,12.4442300996959,1673136000000,"{""type"":""MultiPoint"",""coordinates"":[]}"
373_00000000000000000021,1857233047,225282636,41860,H1,013,01675903,488,A,06013,+37.9194790,-121.9515431,06,36084,G4020,Contra Costa,Contra Costa County,06,2023-01-09,12.951360599212336,1673222400000,"{""type"":""MultiPoint"",""coordinates"":[]}"
373_00000000000000000023,1909598013,216923745,41860,H1,001,01675839,488,A,06001,+37.6471385,-121.9124880,06,36084,G4020,Alameda,Alameda County,06,2023-01-09,12.58940643218867,1673222400000,"{""type"":""MultiPoint"",""coordinates"":[]}"
373_0000000000000000001f,121375681,479216672,41860,H6,075,00277302,488,C,06075,+37.7272391,-123.0322294,06,41884,G4020,San Francisco,San Francisco County,06,2023-01-09,13.545352194003357,1673222400000,"{""type"":""MultiPoint"",""coordinates"":[]}"
374_00000000000000000021,1857233047,225282636,41860,H1,013,01675903,488,A,06013,+37.9194790,-121.9515431,06,36084,G4020,Contra Costa,Contra Costa County,06,2023-01-10,10.187432098150937,1673308800000,"{""type"":""MultiPoint"",""coordinates"":[]}"
374_00000000000000000023,1909598013,216923745,41860,H1,001,01675839,488,A,06001,+37.6471385,-121.9124880,06,36084,G4020,Alameda,Alameda County,06,2023-01-10,9.727544527351933,1673308800000,"{""type"":""MultiPoint"",""coordinates"":[]}"
374_0000000000000000001f,121375681,479216672,41860,H6,075,00277302,488,C,06075,+37.7272391,-123.0322294,06,41884,G4020,San Francisco,San Francisco County,06,2023-01-10,10.832695396910333,1673308800000,"{""type"":""MultiPoint"",""coordinates"":[]}"
375_00000000000000000021,1857233047,225282636,41860,H1,013,01675903,488,A,06013,+37.9194790,-121.9515431,06,36084,G4020,Contra Costa,Contra Costa County,06,2023-01-11,9.179622831153434,1673395200000,"{""type"":""MultiPoint"",""coordinates"":[]}"
375_00000000000000000023,1909598013,216923745,41860,H1,001,01675839,488,A,06001,+37.6471385,-121.9124880,06,36084,G4020,Alameda,Alameda County,06,2023-01-11,8.765381948922037,1673395200000,"{""type"":""MultiPoint"",""coordinates"":[]}"
375_0000000000000000001f,121375681,479216672,41860,H6,075,00277302,488,C,06075,+37.7272391,-123.0322294,06,41884,G4020,San Francisco,San Francisco County,06,2023-01-11,10.70856650307594,1673395200000,"{""type"":""MultiPoint"",""coordinates"":[]}"
376_00000000000000000021,1857233047,225282636,41860,H1,013,01675903,488,A,06013,+37.9194790,-121.9515431,06,36084,G4020,Contra Costa,Contra Costa County,06,2023-01-12,11.472093815267124,1673481600000,"{""type"":""MultiPoint"",""coordinates"":[]}"
376_00000000000000000023,1909598013,216923745,41860,H1,001,01675839,488,A,06001,+37.6471385,-121.9124880,06,36084,G4020,Alameda,Alameda County,06,2023-01-12,11.464410430460752,1673481600000,"{""type"":""MultiPoint"",""coordinates"":[]}"
376_0000000000000000001f,121375681,479216672,41860,H6,075,00277302,488,C,06075,+37.7272391,-123.0322294,06,41884,G4020,San Francisco,San Francisco County,06,2023-01-12,12.85921952809006,1673481600000,"{""type"":""MultiPoint"",""coordinates"":[]}"
377_00000000000000000021,1857233047,225282636,41860,H1,013,01675903,488,A,06013,+37.9194790,-121.9515431,06,36084,G4020,Contra Costa,Contra Costa County,06,2023-01-13,11.425055284342628,1673568000000,"{""type"":""MultiPoint"",""coordinates"":[]}"
377_00000000000000000023,1909598013,216923745,41860,H1,001,01675839,488,A,06001,+37.6471385,-121.9124880,06,36084,G4020,Alameda,Alameda County,06,2023-01-13,11.778925314927944,1673568000000,"{""type"":""MultiPoint"",""coordinates"":[]}"
377_0000000000000000001f,121375681,479216672,41860,H6,075,00277302,488,C,06075,+37.7272391,-123.0322294,06,41884,G4020,San Francisco,San Francisco County,06,2023-01-13,13.235325857933557,1673568000000,"{""type"":""MultiPoint"",""coordinates"":[]}"
378_00000000000000000021,1857233047,225282636,41860,H1,013,01675903,488,A,06013,+37.9194790,-121.9515431,06,36084,G4020,Contra Costa,Contra Costa County,06,2023-01-14,11.525252167695895,1673654400000,"{""type"":""MultiPoint"",""coordinates"":[]}"
378_00000000000000000023,1909598013,216923745,41860,H1,001,01675839,488,A,06001,+37.6471385,-121.9124880,06,36084,G4020,Alameda,Alameda County,06,2023-01-14,10.960492209826763,1673654400000,"{""type"":""MultiPoint"",""coordinates"":[]}"
378_0000000000000000001f,121375681,479216672,41860,H6,075,00277302,488,C,06075,+37.7272391,-123.0322294,06,41884,G4020,San Francisco,San Francisco County,06,2023-01-14,12.270836359512304,1673654400000,"{""type"":""MultiPoint"",""coordinates"":[]}"
379_00000000000000000021,1857233047,225282636,41860,H1,013,01675903,488,A,06013,+37.9194790,-121.9515431,06,36084,G4020,Contra Costa,Contra Costa County,06,2023-01-15,8.561525462059349,1673740800000,"{""type"":""MultiPoint"",""coordinates"":[]}"
379_00000000000000000023,1909598013,216923745,41860,H1,001,01675839,488,A,06001,+37.6471385,-121.9124880,06,36084,G4020,Alameda,Alameda County,06,2023-01-15,7.921744825038199,1673740800000,"{""type"":""MultiPoint"",""coordinates"":[]}"
379_0000000000000000001f,121375681,479216672,41860,H6,075,00277302,488,C,06075,+37.7272391,-123.0322294,06,41884,G4020,San Francisco,San Francisco County,06,2023-01-15,9.804761080861812,1673740800000,"{""type"":""MultiPoint"",""coordinates"":[]}"
380_00000000000000000021,1857233047,225282636,41860,H1,013,01675903,488,A,06013,+37.9194790,-121.9515431,06,36084,G4020,Contra Costa,Contra Costa County,06,2023-01-16,8.276966827359313,1673827200000,"{""type"":""MultiPoint"",""coordinates"":[]}"
380_00000000000000000023,1909598013,216923745,41860,H1,001,01675839,488,A,06001,+37.6471385,-121.9124880,06,36084,G4020,Alameda,Alameda County,06,2023-01-16,7.339712363402357,1673827200000,"{""type"":""MultiPoint"",""coordinates"":[]}"
380_0000000000000000001f,121375681,479216672,41860,H6,075,00277302,488,C,06075,+37.7272391,-123.0322294,06,41884,G4020,San Francisco,San Francisco County,06,2023-01-16,9.231698521085935,1673827200000,"{""type"":""MultiPoint"",""coordinates"":[]}"
381_00000000000000000021,1857233047,225282636,41860,H1,013,01675903,488,A,06013,+37.9194790,-121.9515431,06,36084,G4020,Contra Costa,Contra Costa County,06,2023-01-17,7.143888309780331,1673913600000,"{""type"":""MultiPoint"",""coordinates"":[]}"
381_00000000000000000023,1909598013,216923745,41860,H1,001,01675839,488,A,06001,+37.6471385,-121.9124880,06,36084,G4020,Alameda,Alameda County,06,2023-01-17,6.695686424423193,1673913600000,"{""type"":""MultiPoint"",""coordinates"":[]}"
381_0000000000000000001f,121375681,479216672,41860,H6,075,00277302,488,C,06075,+37.7272391,-123.0322294,06,41884,G4020,San Francisco,San Francisco County,06,2023-01-17,8.472039456739523,1673913600000,"{""type"":""MultiPoint"",""coordinates"":[]}"
382_00000000000000000021,1857233047,225282636,41860,H1,013,01675903,488,A,06013,+37.9194790,-121.9515431,06,36084,G4020,Contra Costa,Contra Costa County,06,2023-01-18,6.590310860334009,1674000000000,"{""type"":""MultiPoint"",""coordinates"":[]}"
382_00000000000000000023,1909598013,216923745,41860,H1,001,01675839,488,A,06001,+37.6471385,-121.9124880,06,36084,G4020,Alameda,Alameda County,06,2023-01-18,6.338974534691829,1674000000000,"{""type"":""MultiPoint"",""coordinates"":[]}"
382_0000000000000000001f,121375681,479216672,41860,H6,075,00277302,488,C,06075,+37.7272391,-123.0322294,06,41884,G4020,San Francisco,San Francisco County,06,2023-01-18,8.969298513130896,1674000000000,"{""type"":""MultiPoint"",""coordinates"":[]}"
383_00000000000000000021,1857233047,225282636,41860,H1,013,01675903,488,A,06013,+37.9194790,-121.9515431,06,36084,G4020,Contra Costa,Contra Costa County,06,2023-01-19,7.986972601321869,1674086400000,"{""type"":""MultiPoint"",""coordinates"":[]}"
383_00000000000000000023,1909598013,216923745,41860,H1,001,01675839,488,A,06001,+37.6471385,-121.9124880,06,36084,G4020,Alameda,Alameda County,06,2023-01-19,7.513099585856418,1674086400000,"{""type"":""MultiPoint"",""coordinates"":[]}"
383_0000000000000000001f,121375681,479216672,41860,H6,075,00277302,488,C,06075,+37.7272391,-123.0322294,06,41884,G4020,San Francisco,San Francisco County,06,2023-01-19,8.90044416086973,1674086400000,"{""type"":""MultiPoint"",""coordinates"":[]}"
384_00000000000000000021,1857233047,225282636,41860,H1,013,01675903,488,A,06013,+37.9194790,-121.9515431,06,36084,G4020,Contra Costa,Contra Costa County,06,2023-01-20,6.0907668006622195,1674172800000,"{""type"":""MultiPoint"",""coordinates"":[]}"
384_00000000000000000023,1909598013,216923745,41860,H1,001,01675839,488,A,06001,+37.6471385,-121.9124880,06,36084,G4020,Alameda,Alameda County,06,2023-01-20,5.309404615916699,1674172800000,"{""type"":""MultiPoint"",""coordinates"":[]}"
384_0000000000000000001f,121375681,479216672,41860,H6,075,00277302,488,C,06075,+37.7272391,-123.0322294,06,41884,G4020,San Francisco,San Francisco County,06,2023-01-20,7.5372537528062304,1674172800000,"{""type"":""MultiPoint"",""coordinates"":[]}"
385_00000000000000000021,1857233047,225282636,41860,H1,013,01675903,488,A,06013,+37.9194790,-121.9515431,06,36084,G4020,Contra Costa,Contra Costa County,06,2023-01-21,6.848506790902935,1674259200000,"{""type"":""MultiPoint"",""coordinates"":[]}"
385_00000000000000000023,1909598013,216923745,41860,H1,001,01675839,488,A,06001,+37.6471385,-121.9124880,06,36084,G4020,Alameda,Alameda County,06,2023-01-21,6.658000997332336,1674259200000,"{""type"":""MultiPoint"",""coordinates"":[]}"
385_0000000000000000001f,121375681,479216672,41860,H6,075,00277302,488,C,06075,+37.7272391,-123.0322294,06,41884,G4020,San Francisco,San Francisco County,06,2023-01-21,7.804981912727304,1674259200000,"{""type"":""MultiPoint"",""coordinates"":[]}"
386_00000000000000000021,1857233047,225282636,41860,H1,013,01675903,488,A,06013,+37.9194790,-121.9515431,06,36084,G4020,Contra Costa,Contra Costa County,06,2023-01-22,6.430767048746323,1674345600000,"{""type"":""MultiPoint"",""coordinates"":[]}"
386_00000000000000000023,1909598013,216923745,41860,H1,001,01675839,488,A,06001,+37.6471385,-121.9124880,06,36084,G4020,Alameda,Alameda County,06,2023-01-22,6.395572077752914,1674345600000,"{""type"":""MultiPoint"",""coordinates"":[]}"
386_0000000000000000001f,121375681,479216672,41860,H6,075,00277302,488,C,06075,+37.7272391,-123.0322294,06,41884,G4020,San Francisco,San Francisco County,06,2023-01-22,8.318742826844279,1674345600000,"{""type"":""MultiPoint"",""coordinates"":[]}"
387_00000000000000000021,1857233047,225282636,41860,H1,013,01675903,488,A,06013,+37.9194790,-121.9515431,06,36084,G4020,Contra Costa,Contra Costa County,06,2023-01-23,9.051120125760782,1674432000000,"{""type"":""MultiPoint"",""coordinates"":[]}"
387_00000000000000000023,1909598013,216923745,41860,H1,001,01675839,488,A,06001,+37.6471385,-121.9124880,06,36084,G4020,Alameda,Alameda County,06,2023-01-23,7.650604966343818,1674432000000,"{""type"":""MultiPoint"",""coordinates"":[]}"
387_0000000000000000001f,121375681,479216672,41860,H6,075,00277302,488,C,06075,+37.7272391,-123.0322294,06,41884,G4020,San Francisco,San Francisco County,06,2023-01-23,9.93104028584957,1674432000000,"{""type"":""MultiPoint"",""coordinates"":[]}"
388_00000000000000000021,1857233047,225282636,41860,H1,013,01675903,488,A,06013,+37.9194790,-121.9515431,06,36084,G4020,Contra Costa,Contra Costa County,06,2023-01-24,8.740938157243791,1674518400000,"{""type"":""MultiPoint"",""coordinates"":[]}"
388_00000000000000000023,1909598013,216923745,41860,H1,001,01675839,488,A,06001,+37.6471385,-121.9124880,06,36084,G4020,Alameda,Alameda County,06,2023-01-24,8.408900491424209,1674518400000,"{""type"":""MultiPoint"",""coordinates"":[]}"
388_0000000000000000001f,121375681,479216672,41860,H6,075,00277302,488,C,06075,+37.7272391,-123.0322294,06,41884,G4020,San Francisco,San Francisco County,06,2023-01-24,9.64366423129114,1674518400000,"{""type"":""MultiPoint"",""coordinates"":[]}"
389_00000000000000000021,1857233047,225282636,41860,H1,013,01675903,488,A,06013,+37.9194790,-121.9515431,06,36084,G4020,Contra Costa,Contra Costa County,06,2023-01-25,9.482818635730755,1674604800000,"{""type"":""MultiPoint"",""coordinates"":[]}"
389_00000000000000000023,1909598013,216923745,41860,H1,001,01675839,488,A,06001,+37.6471385,-121.9124880,06,36084,G4020,Alameda,Alameda County,06,2023-01-25,9.668120757075075,1674604800000,"{""type"":""MultiPoint"",""coordinates"":[]}"
389_0000000000000000001f,121375681,479216672,41860,H6,075,00277302,488,C,06075,+37.7272391,-123.0322294,06,41884,G4020,San Francisco,San Francisco County,06,2023-01-25,9.671028616565218,1674604800000,"{""type"":""MultiPoint"",""coordinates"":[]}"
390_00000000000000000021,1857233047,225282636,41860,H1,013,01675903,488,A,06013,+37.9194790,-121.9515431,06,36084,G4020,Contra Costa,Contra Costa County,06,2023-01-26,10.127245441602023,1674691200000,"{""type"":""MultiPoint"",""coordinates"":[]}"
390_00000000000000000023,1909598013,216923745,41860,H1,001,01675839,488,A,06001,+37.6471385,-121.9124880,06,36084,G4020,Alameda,Alameda County,06,2023-01-26,9.803258656133325,1674691200000,"{""type"":""MultiPoint"",""coordinates"":[]}"
390_0000000000000000001f,121375681,479216672,41860,H6,075,00277302,488,C,06075,+37.7272391,-123.0322294,06,41884,G4020,San Francisco,San Francisco County,06,2023-01-26,11.252110399237619,1674691200000,"{""type"":""MultiPoint"",""coordinates"":[]}"
391_00000000000000000021,1857233047,225282636,41860,H1,013,01675903,488,A,06013,+37.9194790,-121.9515431,06,36084,G4020,Contra Costa,Contra Costa County,06,2023-01-27,8.712550514168115,1674777600000,"{""type"":""MultiPoint"",""coordinates"":[]}"
391_00000000000000000023,1909598013,216923745,41860,H1,001,01675839,488,A,06001,+37.6471385,-121.9124880,06,36084,G4020,Alameda,Alameda County,06,2023-01-27,9.428867460031878,1674777600000,"{""type"":""MultiPoint"",""coordinates"":[]}"
391_0000000000000000001f,121375681,479216672,41860,H6,075,00277302,488,C,06075,+37.7272391,-123.0322294,06,41884,G4020,San Francisco,San Francisco County,06,2023-01-27,10.006898687917312,1674777600000,"{""type"":""MultiPoint"",""coordinates"":[]}"
392_00000000000000000021,1857233047,225282636,41860,H1,013,01675903,488,A,06013,+37.9194790,-121.9515431,06,36084,G4020,Contra Costa,Contra Costa County,06,2023-01-28,7.642850887068379,1674864000000,"{""type"":""MultiPoint"",""coordinates"":[]}"
392_00000000000000000023,1909598013,216923745,41860,H1,001,01675839,488,A,06001,+37.6471385,-121.9124880,06,36084,G4020,Alameda,Alameda County,06,2023-01-28,8.228583647438487,1674864000000,"{""type"":""MultiPoint"",""coordinates"":[]}"
392_0000000000000000001f,121375681,479216672,41860,H6,075,00277302,488,C,06075,+37.7272391,-123.0322294,06,41884,G4020,San Francisco,San Francisco County,06,2023-01-28,8.095688860836088,1674864000000,"{""type"":""MultiPoint"",""coordinates"":[]}"
393_00000000000000000021,1857233047,225282636,41860,H1,013,01675903,488,A,06013,+37.9194790,-121.9515431,06,36084,G4020,Contra Costa,Contra Costa County,06,2023-01-29,7.676685318115232,1674950400000,"{""type"":""MultiPoint"",""coordinates"":[]}"
393_00000000000000000023,1909598013,216923745,41860,H1,001,01675839,488,A,06001,+37.6471385,-121.9124880,06,36084,G4020,Alameda,Alameda County,06,2023-01-29,7.2458357128666915,1674950400000,"{""type"":""MultiPoint"",""coordinates"":[]}"
393_0000000000000000001f,121375681,479216672,41860,H6,075,00277302,488,C,06075,+37.7272391,-123.0322294,06,41884,G4020,San Francisco,San Francisco County,06,2023-01-29,8.355960736253216,1674950400000,"{""type"":""MultiPoint"",""coordinates"":[]}"
394_00000000000000000021,1857233047,225282636,41860,H1,013,01675903,488,A,06013,+37.9194790,-121.9515431,06,36084,G4020,Contra Costa,Contra Costa County,06,2023-01-30,5.405855091975064,1675036800000,"{""type"":""MultiPoint"",""coordinates"":[]}"
394_00000000000000000023,1909598013,216923745,41860,H1,001,01675839,488,A,06001,+37.6471385,-121.9124880,06,36084,G4020,Alameda,Alameda County,06,2023-01-30,4.19094121502016,1675036800000,"{""type"":""MultiPoint"",""coordinates"":[]}"
394_0000000000000000001f,121375681,479216672,41860,H6,075,00277302,488,C,06075,+37.7272391,-123.0322294,06,41884,G4020,San Francisco,San Francisco County,06,2023-01-30,6.39817725918819,1675036800000,"{""type"":""MultiPoint"",""coordinates"":[]}"
395_00000000000000000021,1857233047,225282636,41860,H1,013,01675903,488,A,06013,+37.9194790,-121.9515431,06,36084,G4020,Contra Costa,Contra Costa County,06,2023-01-31,6.052118399582335,1675123200000,"{""type"":""MultiPoint"",""coordinates"":[]}"
395_00000000000000000023,1909598013,216923745,41860,H1,001,01675839,488,A,06001,+37.6471385,-121.9124880,06,36084,G4020,Alameda,Alameda County,06,2023-01-31,5.699113793128944,1675123200000,"{""type"":""MultiPoint"",""coordinates"":[]}"
395_0000000000000000001f,121375681,479216672,41860,H6,075,00277302,488,C,06075,+37.7272391,-123.0322294,06,41884,G4020,San Francisco,San Francisco County,06,2023-01-31,6.935795459710448,1675123200000,"{""type"":""MultiPoint"",""coordinates"":[]}"
396_00000000000000000021,1857233047,225282636,41860,H1,013,01675903,488,A,06013,+37.9194790,-121.9515431,06,36084,G4020,Contra Costa,Contra Costa County,06,2023-02-01,6.347453983592604,1675209600000,"{""type"":""MultiPoint"",""coordinates"":[]}"
396_00000000000000000023,1909598013,216923745,41860,H1,001,01675839,488,A,06001,+37.6471385,-121.9124880,06,36084,G4020,Alameda,Alameda County,06,2023-02-01,6.436232332612663,1675209600000,"{""type"":""MultiPoint"",""coordinates"":[]}"
396_0000000000000000001f,121375681,479216672,41860,H6,075,00277302,488,C,06075,+37.7272391,-123.0322294,06,41884,G4020,San Francisco,San Francisco County,06,2023-02-01,7.146098861595988,1675209600000,"{""type"":""MultiPoint"",""coordinates"":[]}"
397_00000000000000000021,1857233047,225282636,41860,H1,013,01675903,488,A,06013,+37.9194790,-121.9515431,06,36084,G4020,Contra Costa,Contra Costa County,06,2023-02-02,6.947756989390825,1675296000000,"{""type"":""MultiPoint"",""coordinates"":[]}"
397_00000000000000000023,1909598013,216923745,41860,H1,001,01675839,488,A,06001,+37.6471385,-121.9124880,06,36084,G4020,Alameda,Alameda County,06,2023-02-02,7.013352951588994,1675296000000,"{""type"":""MultiPoint"",""coordinates"":[]}"
397_0000000000000000001f,121375681,479216672,41860,H6,075,00277302,488,C,06075,+37.7272391,-123.0322294,06,41884,G4020,San Francisco,San Francisco County,06,2023-02-02,7.19698126256122,1675296000000,"{""type"":""MultiPoint"",""coordinates"":[]}"
398_00000000000000000021,1857233047,225282636,41860,H1,013,01675903,488,A,06013,+37.9194790,-121.9515431,06,36084,G4020,Contra Costa,Contra Costa County,06,2023-02-03,8.705951866133283,1675382400000,"{""type"":""MultiPoint"",""coordinates"":[]}"
398_00000000000000000023,1909598013,216923745,41860,H1,001,01675839,488,A,06001,+37.6471385,-121.9124880,06,36084,G4020,Alameda,Alameda County,06,2023-02-03,9.210876116913774,1675382400000,"{""type"":""MultiPoint"",""coordinates"":[]}"
398_0000000000000000001f,121375681,479216672,41860,H6,075,00277302,488,C,06075,+37.7272391,-123.0322294,06,41884,G4020,San Francisco,San Francisco County,06,2023-02-03,10.907258928152638,1675382400000,"{""type"":""MultiPoint"",""coordinates"":[]}"
399_00000000000000000021,1857233047,225282636,41860,H1,013,01675903,488,A,06013,+37.9194790,-121.9515431,06,36084,G4020,Contra Costa,Contra Costa County,06,2023-02-04,8.576266257077169,1675468800000,"{""type"":""MultiPoint"",""coordinates"":[]}"
399_00000000000000000023,1909598013,216923745,41860,H1,001,01675839,488,A,06001,+37.6471385,-121.9124880,06,36084,G4020,Alameda,Alameda County,06,2023-02-04,8.931301481969177,1675468800000,"{""type"":""MultiPoint"",""coordinates"":[]}"
399_0000000000000000001f,121375681,479216672,41860,H6,075,00277302,488,C,06075,+37.7272391,-123.0322294,06,41884,G4020,San Francisco,San Francisco County,06,2023-02-04,10.262962178735119,1675468800000,"{""type"":""MultiPoint"",""coordinates"":[]}"
400_00000000000000000021,1857233047,225282636,41860,H1,013,01675903,488,A,06013,+37.9194790,-121.9515431,06,36084,G4020,Contra Costa,Contra Costa County,06,2023-02-05,10.511541737784022,1675555200000,"{""type"":""MultiPoint"",""coordinates"":[]}"
400_00000000000000000023,1909598013,216923745,41860,H1,001,01675839,488,A,06001,+37.6471385,-121.9124880,06,36084,G4020,Alameda,Alameda County,06,2023-02-05,9.84885472856543,1675555200000,"{""type"":""MultiPoint"",""coordinates"":[]}"
400_0000000000000000001f,121375681,479216672,41860,H6,075,00277302,488,C,06075,+37.7272391,-123.0322294,06,41884,G4020,San Francisco,San Francisco County,06,2023-02-05,11.016722592194578,1675555200000,"{""type"":""MultiPoint"",""coordinates"":[]}"
401_00000000000000000021,1857233047,225282636,41860,H1,013,01675903,488,A,06013,+37.9194790,-121.9515431,06,36084,G4020,Contra Costa,Contra Costa County,06,2023-02-06,7.321782230421999,1675641600000,"{""type"":""MultiPoint"",""coordinates"":[]}"
401_00000000000000000023,1909598013,216923745,41860,H1,001,01675839,488,A,06001,+37.6471385,-121.9124880,06,36084,G4020,Alameda,Alameda County,06,2023-02-06,6.936418503128946,1675641600000,"{""type"":""MultiPoint"",""coordinates"":[]}"
401_0000000000000000001f,121375681,479216672,41860,H6,075,00277302,488,C,06075,+37.7272391,-123.0322294,06,41884,G4020,San Francisco,San Francisco County,06,2023-02-06,8.596241520943774,1675641600000,"{""type"":""MultiPoint"",""coordinates"":[]}"
402_00000000000000000021,1857233047,225282636,41860,H1,013,01675903,488,A,06013,+37.9194790,-121.9515431,06,36084,G4020,Contra Costa,Contra Costa County,06,2023-02-07,8.37739622794273,1675728000000,"{""type"":""MultiPoint"",""coordinates"":[]}"
402_00000000000000000023,1909598013,216923745,41860,H1,001,01675839,488,A,06001,+37.6471385,-121.9124880,06,36084,G4020,Alameda,Alameda County,06,2023-02-07,8.775605428540198,1675728000000,"{""type"":""MultiPoint"",""coordinates"":[]}"
402_0000000000000000001f,121375681,479216672,41860,H6,075,00277302,488,C,06075,+37.7272391,-123.0322294,06,41884,G4020,San Francisco,San Francisco County,06,2023-02-07,9.044982223707535,1675728000000,"{""type"":""MultiPoint"",""coordinates"":[]}"
403_00000000000000000021,1857233047,225282636,41860,H1,013,01675903,488,A,06013,+37.9194790,-121.9515431,06,36084,G4020,Contra Costa,Contra Costa County,06,2023-02-08,8.81461840390146,1675814400000,"{""type"":""MultiPoint"",""coordinates"":[]}"
403_00000000000000000023,1909598013,216923745,41860,H1,001,01675839,488,A,06001,+37.6471385,-121.9124880,06,36084,G4020,Alameda,Alameda County,06,2023-02-08,9.375076917090363,1675814400000,"{""type"":""MultiPoint"",""coordinates"":[]}"
403_0000000000000000001f,121375681,479216672,41860,H6,075,00277302,488,C,06075,+37.7272391,-123.0322294,06,41884,G4020,San Francisco,San Francisco County,06,2023-02-08,8.548258034111559,1675814400000,"{""type"":""MultiPoint"",""coordinates"":[]}"
404_00000000000000000021,1857233047,225282636,41860,H1,013,01675903,488,A,06013,+37.9194790,-121.9515431,06,36084,G4020,Contra Costa,Contra Costa County,06,2023-02-09,10.055987239040016,1675900800000,"{""type"":""MultiPoint"",""coordinates"":[]}"
404_00000000000000000023,1909598013,216923745,41860,H1,001,01675839,488,A,06001,+37.6471385,-121.9124880,06,36084,G4020,Alameda,Alameda County,06,2023-02-09,10.533230984507357,1675900800000,"{""type"":""MultiPoint"",""coordinates"":[]}"
404_0000000000000000001f,121375681,479216672,41860,H6,075,00277302,488,C,06075,+37.7272391,-123.0322294,06,41884,G4020,San Francisco,San Francisco County,06,2023-02-09,9.706631671898158,1675900800000,"{""type"":""MultiPoint"",""coordinates"":[]}"
405_00000000000000000021,1857233047,225282636,41860,H1,013,01675903,488,A,06013,+37.9194790,-121.9515431,06,36084,G4020,Contra Costa,Contra Costa County,06,2023-02-10,8.255393450087078,1675987200000,"{""type"":""MultiPoint"",""coordinates"":[]}"
405_00000000000000000023,1909598013,216923745,41860,H1,001,01675839,488,A,06001,+37.6471385,-121.9124880,06,36084,G4020,Alameda,Alameda County,06,2023-02-10,9.173016040361066,1675987200000,"{""type"":""MultiPoint"",""coordinates"":[]}"
405_0000000000000000001f,121375681,479216672,41860,H6,075,00277302,488,C,06075,+37.7272391,-123.0322294,06,41884,G4020,San Francisco,San Francisco County,06,2023-02-10,9.422498970843403,1675987200000,"{""type"":""MultiPoint"",""coordinates"":[]}"
406_00000000000000000021,1857233047,225282636,41860,H1,013,01675903,488,A,06013,+37.9194790,-121.9515431,06,36084,G4020,Contra Costa,Contra Costa County,06,2023-02-11,7.704655997384403,1676073600000,"{""type"":""MultiPoint"",""coordinates"":[]}"
406_00000000000000000023,1909598013,216923745,41860,H1,001,01675839,488,A,06001,+37.6471385,-121.9124880,06,36084,G4020,Alameda,Alameda County,06,2023-02-11,6.974300999991296,1676073600000,"{""type"":""MultiPoint"",""coordinates"":[]}"
406_0000000000000000001f,121375681,479216672,41860,H6,075,00277302,488,C,06075,+37.7272391,-123.0322294,06,41884,G4020,San Francisco,San Francisco County,06,2023-02-11,8.582432437358104,1676073600000,"{""type"":""MultiPoint"",""coordinates"":[]}"
407_00000000000000000021,1857233047,225282636,41860,H1,013,01675903,488,A,06013,+37.9194790,-121.9515431,06,36084,G4020,Contra Costa,Contra Costa County,06,2023-02-12,8.461182155274328,1676160000000,"{""type"":""MultiPoint"",""coordinates"":[]}"
407_00000000000000000023,1909598013,216923745,41860,H1,001,01675839,488,A,06001,+37.6471385,-121.9124880,06,36084,G4020,Alameda,Alameda County,06,2023-02-12,8.235558105068408,1676160000000,"{""type"":""MultiPoint"",""coordinates"":[]}"
407_0000000000000000001f,121375681,479216672,41860,H6,075,00277302,488,C,06075,+37.7272391,-123.0322294,06,41884,G4020,San Francisco,San Francisco County,06,2023-02-12,9.566877581303098,1676160000000,"{""type"":""MultiPoint"",""coordinates"":[]}"
408_00000000000000000021,1857233047,225282636,41860,H1,013,01675903,488,A,06013,+37.9194790,-121.9515431,06,36084,G4020,Contra Costa,Contra Costa County,06,2023-02-13,10.254515351909378,1676246400000,"{""type"":""MultiPoint"",""coordinates"":[]}"
408_00000000000000000023,1909598013,216923745,41860,H1,001,01675839,488,A,06001,+37.6471385,-121.9124880,06,36084,G4020,Alameda,Alameda County,06,2023-02-13,10.473813102082516,1676246400000,"{""type"":""MultiPoint"",""coordinates"":[]}"
408_0000000000000000001f,121375681,479216672,41860,H6,075,00277302,488,C,06075,+37.7272391,-123.0322294,06,41884,G4020,San Francisco,San Francisco County,06,2023-02-13,10.070912506624943,1676246400000,"{""type"":""MultiPoint"",""coordinates"":[]}"
409_00000000000000000021,1857233047,225282636,41860,H1,013,01675903,488,A,06013,+37.9194790,-121.9515431,06,36084,G4020,Contra Costa,Contra Costa County,06,2023-02-14,7.557931703405269,1676332800000,"{""type"":""MultiPoint"",""coordinates"":[]}"
409_00000000000000000023,1909598013,216923745,41860,H1,001,01675839,488,A,06001,+37.6471385,-121.9124880,06,36084,G4020,Alameda,Alameda County,06,2023-02-14,6.2867785626489425,1676332800000,"{""type"":""MultiPoint"",""coordinates"":[]}"
409_0000000000000000001f,121375681,479216672,41860,H6,075,00277302,488,C,06075,+37.7272391,-123.0322294,06,41884,G4020,San Francisco,San Francisco County,06,2023-02-14,7.962789693914823,1676332800000,"{""type"":""MultiPoint"",""coordinates"":[]}"
410_00000000000000000021,1857233047,225282636,41860,H1,013,01675903,488,A,06013,+37.9194790,-121.9515431,06,36084,G4020,Contra Costa,Contra Costa County,06,2023-02-15,6.265504163926549,1676419200000,"{""type"":""MultiPoint"",""coordinates"":[]}"
410_00000000000000000023,1909598013,216923745,41860,H1,001,01675839,488,A,06001,+37.6471385,-121.9124880,06,36084,G4020,Alameda,Alameda County,06,2023-02-15,5.019583068228611,1676419200000,"{""type"":""MultiPoint"",""coordinates"":[]}"
410_0000000000000000001f,121375681,479216672,41860,H6,075,00277302,488,C,06075,+37.7272391,-123.0322294,06,41884,G4020,San Francisco,San Francisco County,06,2023-02-15,6.84943743668243,1676419200000,"{""type"":""MultiPoint"",""coordinates"":[]}"
411_00000000000000000021,1857233047,225282636,41860,H1,013,01675903,488,A,06013,+37.9194790,-121.9515431,06,36084,G4020,Contra Costa,Contra Costa County,06,2023-02-16,5.8734810064499765,1676505600000,"{""type"":""MultiPoint"",""coordinates"":[]}"
411_00000000000000000023,1909598013,216923745,41860,H1,001,01675839,488,A,06001,+37.6471385,-121.9124880,06,36084,G4020,Alameda,Alameda County,06,2023-02-16,5.715666720078756,1676505600000,"{""type"":""MultiPoint"",""coordinates"":[]}"
411_0000000000000000001f,121375681,479216672,41860,H6,075,00277302,488,C,06075,+37.7272391,-123.0322294,06,41884,G4020,San Francisco,San Francisco County,06,2023-02-16,7.610064006389785,1676505600000,"{""type"":""MultiPoint"",""coordinates"":[]}"
412_00000000000000000021,1857233047,225282636,41860,H1,013,01675903,488,A,06013,+37.9194790,-121.9515431,06,36084,G4020,Contra Costa,Contra Costa County,06,2023-02-17,7.5319689098741485,1676592000000,"{""type"":""MultiPoint"",""coordinates"":[]}"
412_00000000000000000023,1909598013,216923745,41860,H1,001,01675839,488,A,06001,+37.6471385,-121.9124880,06,36084,G4020,Alameda,Alameda County,06,2023-02-17,7.641608564607001,1676592000000,"{""type"":""MultiPoint"",""coordinates"":[]}"
412_0000000000000000001f,121375681,479216672,41860,H6,075,00277302,488,C,06075,+37.7272391,-123.0322294,06,41884,G4020,San Francisco,San Francisco County,06,2023-02-17,8.348421707743631,1676592000000,"{""type"":""MultiPoint"",""coordinates"":[]}"
413_00000000000000000021,1857233047,225282636,41860,H1,013,01675903,488,A,06013,+37.9194790,-121.9515431,06,36084,G4020,Contra Costa,Contra Costa County,06,2023-02-18,7.4425373278687745,1676678400000,"{""type"":""MultiPoint"",""coordinates"":[]}"
413_00000000000000000023,1909598013,216923745,41860,H1,001,01675839,488,A,06001,+37.6471385,-121.9124880,06,36084,G4020,Alameda,Alameda County,06,2023-02-18,8.210902275273464,1676678400000,"{""type"":""MultiPoint"",""coordinates"":[]}"
413_0000000000000000001f,121375681,479216672,41860,H6,075,00277302,488,C,06075,+37.7272391,-123.0322294,06,41884,G4020,San Francisco,San Francisco County,06,2023-02-18,9.287875688652498,1676678400000,"{""type"":""MultiPoint"",""coordinates"":[]}"
414_00000000000000000021,1857233047,225282636,41860,H1,013,01675903,488,A,06013,+37.9194790,-121.9515431,06,36084,G4020,Contra Costa,Contra Costa County,06,2023-02-19,10.443276903242234,1676764800000,"{""type"":""MultiPoint"",""coordinates"":[]}"
414_00000000000000000023,1909598013,216923745,41860,H1,001,01675839,488,A,06001,+37.6471385,-121.9124880,06,36084,G4020,Alameda,Alameda County,06,2023-02-19,10.731191087225175,1676764800000,"{""type"":""MultiPoint"",""coordinates"":[]}"
414_0000000000000000001f,121375681,479216672,41860,H6,075,00277302,488,C,06075,+37.7272391,-123.0322294,06,41884,G4020,San Francisco,San Francisco County,06,2023-02-19,10.036187366606132,1676764800000,"{""type"":""MultiPoint"",""coordinates"":[]}"
415_00000000000000000021,1857233047,225282636,41860,H1,013,01675903,488,A,06013,+37.9194790,-121.9515431,06,36084,G4020,Contra Costa,Contra Costa County,06,2023-02-20,10.60998622878043,1676851200000,"{""type"":""MultiPoint"",""coordinates"":[]}"
415_00000000000000000023,1909598013,216923745,41860,H1,001,01675839,488,A,06001,+37.6471385,-121.9124880,06,36084,G4020,Alameda,Alameda County,06,2023-02-20,10.915817663092778,1676851200000,"{""type"":""MultiPoint"",""coordinates"":[]}"
415_0000000000000000001f,121375681,479216672,41860,H6,075,00277302,488,C,06075,+37.7272391,-123.0322294,06,41884,G4020,San Francisco,San Francisco County,06,2023-02-20,10.440576302228962,1676851200000,"{""type"":""MultiPoint"",""coordinates"":[]}"
416_00000000000000000021,1857233047,225282636,41860,H1,013,01675903,488,A,06013,+37.9194790,-121.9515431,06,36084,G4020,Contra Costa,Contra Costa County,06,2023-02-21,10.025881542619121,1676937600000,"{""type"":""MultiPoint"",""coordinates"":[]}"
416_00000000000000000023,1909598013,216923745,41860,H1,001,01675839,488,A,06001,+37.6471385,-121.9124880,06,36084,G4020,Alameda,Alameda County,06,2023-02-21,9.569129884948127,1676937600000,"{""type"":""MultiPoint"",""coordinates"":[]}"
416_0000000000000000001f,121375681,479216672,41860,H6,075,00277302,488,C,06075,+37.7272391,-123.0322294,06,41884,G4020,San Francisco,San Francisco County,06,2023-02-21,10.129866768881877,1676937600000,"{""type"":""MultiPoint"",""coordinates"":[]}"
417_00000000000000000021,1857233047,225282636,41860,H1,013,01675903,488,A,06013,+37.9194790,-121.9515431,06,36084,G4020,Contra Costa,Contra Costa County,06,2023-02-22,5.8343440873608055,1677024000000,"{""type"":""MultiPoint"",""coordinates"":[]}"
417_00000000000000000023,1909598013,216923745,41860,H1,001,01675839,488,A,06001,+37.6471385,-121.9124880,06,36084,G4020,Alameda,Alameda County,06,2023-02-22,4.7917266141263894,1677024000000,"{""type"":""MultiPoint"",""coordinates"":[]}"
417_0000000000000000001f,121375681,479216672,41860,H6,075,00277302,488,C,06075,+37.7272391,-123.0322294,06,41884,G4020,San Francisco,San Francisco County,06,2023-02-22,6.489693827724426,1677024000000,"{""type"":""MultiPoint"",""coordinates"":[]}"
418_00000000000000000021,1857233047,225282636,41860,H1,013,01675903,488,A,06013,+37.9194790,-121.9515431,06,36084,G4020,Contra Costa,Contra Costa County,06,2023-02-23,4.61345502212065,1677110400000,"{""type"":""MultiPoint"",""coordinates"":[]}"
418_00000000000000000023,1909598013,216923745,41860,H1,001,01675839,488,A,06001,+37.6471385,-121.9124880,06,36084,G4020,Alameda,Alameda County,06,2023-02-23,3.741894927039854,1677110400000,"{""type"":""MultiPoint"",""coordinates"":[]}"
418_0000000000000000001f,121375681,479216672,41860,H6,075,00277302,488,C,06075,+37.7272391,-123.0322294,06,41884,G4020,San Francisco,San Francisco County,06,2023-02-23,5.375465937601542,1677110400000,"{""type"":""MultiPoint"",""coordinates"":[]}"
419_00000000000000000021,1857233047,225282636,41860,H1,013,01675903,488,A,06013,+37.9194790,-121.9515431,06,36084,G4020,Contra Costa,Contra Costa County,06,2023-02-24,5.2985998061558695,1677196800000,"{""type"":""MultiPoint"",""coordinates"":[]}"
419_00000000000000000023,1909598013,216923745,41860,H1,001,01675839,488,A,06001,+37.6471385,-121.9124880,06,36084,G4020,Alameda,Alameda County,06,2023-02-24,4.530378320836037,1677196800000,"{""type"":""MultiPoint"",""coordinates"":[]}"
419_0000000000000000001f,121375681,479216672,41860,H6,075,00277302,488,C,06075,+37.7272391,-123.0322294,06,41884,G4020,San Francisco,San Francisco County,06,2023-02-24,6.291624880605658,1677196800000,"{""type"":""MultiPoint"",""coordinates"":[]}"
420_00000000000000000021,1857233047,225282636,41860,H1,013,01675903,488,A,06013,+37.9194790,-121.9515431,06,36084,G4020,Contra Costa,Contra Costa County,06,2023-02-25,4.947011915060119,1677283200000,"{""type"":""MultiPoint"",""coordinates"":[]}"
420_00000000000000000023,1909598013,216923745,41860,H1,001,01675839,488,A,06001,+37.6471385,-121.9124880,06,36084,G4020,Alameda,Alameda County,06,2023-02-25,4.302059157161103,1677283200000,"{""type"":""MultiPoint"",""coordinates"":[]}"
420_0000000000000000001f,121375681,479216672,41860,H6,075,00277302,488,C,06075,+37.7272391,-123.0322294,06,41884,G4020,San Francisco,San Francisco County,06,2023-02-25,5.629590735813674,1677283200000,"{""type"":""MultiPoint"",""coordinates"":[]}"
421_00000000000000000021,1857233047,225282636,41860,H1,013,01675903,488,A,06013,+37.9194790,-121.9515431,06,36084,G4020,Contra Costa,Contra Costa County,06,2023-02-26,6.766210168220566,1677369600000,"{""type"":""MultiPoint"",""coordinates"":[]}"
421_00000000000000000023,1909598013,216923745,41860,H1,001,01675839,488,A,06001,+37.6471385,-121.9124880,06,36084,G4020,Alameda,Alameda County,06,2023-02-26,6.150347633040114,1677369600000,"{""type"":""MultiPoint"",""coordinates"":[]}"
421_0000000000000000001f,121375681,479216672,41860,H6,075,00277302,488,C,06075,+37.7272391,-123.0322294,06,41884,G4020,San Francisco,San Francisco County,06,2023-02-26,7.7559267148596645,1677369600000,"{""type"":""MultiPoint"",""coordinates"":[]}"
422_00000000000000000021,1857233047,225282636,41860,H1,013,01675903,488,A,06013,+37.9194790,-121.9515431,06,36084,G4020,Contra Costa,Contra Costa County,06,2023-02-27,5.546891458950625,1677456000000,"{""type"":""MultiPoint"",""coordinates"":[]}"
422_00000000000000000023,1909598013,216923745,41860,H1,001,01675839,488,A,06001,+37.6471385,-121.9124880,06,36084,G4020,Alameda,Alameda County,06,2023-02-27,4.838733634698527,1677456000000,"{""type"":""MultiPoint"",""coordinates"":[]}"
422_0000000000000000001f,121375681,479216672,41860,H6,075,00277302,488,C,06075,+37.7272391,-123.0322294,06,41884,G4020,San Francisco,San Francisco County,06,2023-02-27,6.703586704787901,1677456000000,"{""type"":""MultiPoint"",""coordinates"":[]}"
423_00000000000000000021,1857233047,225282636,41860,H1,013,01675903,488,A,06013,+37.9194790,-121.9515431,06,36084,G4020,Contra Costa,Contra Costa County,06,2023-02-28,5.768792770772512,1677542400000,"{""type"":""MultiPoint"",""coordinates"":[]}"
423_00000000000000000023,1909598013,216923745,41860,H1,001,01675839,488,A,06001,+37.6471385,-121.9124880,06,36084,G4020,Alameda,Alameda County,06,2023-02-28,4.8811525895888765,1677542400000,"{""type"":""MultiPoint"",""coordinates"":[]}"
423_0000000000000000001f,121375681,479216672,41860,H6,075,00277302,488,C,06075,+37.7272391,-123.0322294,06,41884,G4020,San Francisco,San Francisco County,06,2023-02-28,7.466973725693376,1677542400000,"{""type"":""MultiPoint"",""coordinates"":[]}"
424_00000000000000000021,1857233047,225282636,41860,H1,013,01675903,488,A,06013,+37.9194790,-121.9515431,06,36084,G4020,Contra Costa,Contra Costa County,06,2023-03-01,5.368091384453423,1677628800000,"{""type"":""MultiPoint"",""coordinates"":[]}"
424_00000000000000000023,1909598013,216923745,41860,H1,001,01675839,488,A,06001,+37.6471385,-121.9124880,06,36084,G4020,Alameda,Alameda County,06,2023-03-01,4.609419370411233,1677628800000,"{""type"":""MultiPoint"",""coordinates"":[]}"
424_0000000000000000001f,121375681,479216672,41860,H6,075,00277302,488,C,06075,+37.7272391,-123.0322294,06,41884,G4020,San Francisco,San Francisco County,06,2023-03-01,6.417985280108906,1677628800000,"{""type"":""MultiPoint"",""coordinates"":[]}"
425_00000000000000000021,1857233047,225282636,41860,H1,013,01675903,488,A,06013,+37.9194790,-121.9515431,06,36084,G4020,Contra Costa,Contra Costa County,06,2023-03-02,7.251974495467464,1677715200000,"{""type"":""MultiPoint"",""coordinates"":[]}"
425_00000000000000000023,1909598013,216923745,41860,H1,001,01675839,488,A,06001,+37.6471385,-121.9124880,06,36084,G4020,Alameda,Alameda County,06,2023-03-02,6.701923723296021,1677715200000,"{""type"":""MultiPoint"",""coordinates"":[]}"
425_0000000000000000001f,121375681,479216672,41860,H6,075,00277302,488,C,06075,+37.7272391,-123.0322294,06,41884,G4020,San Francisco,San Francisco County,06,2023-03-02,7.603967174478412,1677715200000,"{""type"":""MultiPoint"",""coordinates"":[]}"
426_00000000000000000021,1857233047,225282636,41860,H1,013,01675903,488,A,06013,+37.9194790,-121.9515431,06,36084,G4020,Contra Costa,Contra Costa County,06,2023-03-03,7.661096437675552,1677801600000,"{""type"":""MultiPoint"",""coordinates"":[]}"
426_00000000000000000023,1909598013,216923745,41860,H1,001,01675839,488,A,06001,+37.6471385,-121.9124880,06,36084,G4020,Alameda,Alameda County,06,2023-03-03,6.832854850499489,1677801600000,"{""type"":""MultiPoint"",""coordinates"":[]}"
426_0000000000000000001f,121375681,479216672,41860,H6,075,00277302,488,C,06075,+37.7272391,-123.0322294,06,41884,G4020,San Francisco,San Francisco County,06,2023-03-03,8.532058917254057,1677801600000,"{""type"":""MultiPoint"",""coordinates"":[]}"
427_00000000000000000021,1857233047,225282636,41860,H1,013,01675903,488,A,06013,+37.9194790,-121.9515431,06,36084,G4020,Contra Costa,Contra Costa County,06,2023-03-04,7.915415823708534,1677888000000,"{""type"":""MultiPoint"",""coordinates"":[]}"
427_00000000000000000023,1909598013,216923745,41860,H1,001,01675839,488,A,06001,+37.6471385,-121.9124880,06,36084,G4020,Alameda,Alameda County,06,2023-03-04,6.9552810317146365,1677888000000,"{""type"":""MultiPoint"",""coordinates"":[]}"
427_0000000000000000001f,121375681,479216672,41860,H6,075,00277302,488,C,06075,+37.7272391,-123.0322294,06,41884,G4020,San Francisco,San Francisco County,06,2023-03-04,8.065867187037632,1677888000000,"{""type"":""MultiPoint"",""coordinates"":[]}"
428_00000000000000000021,1857233047,225282636,41860,H1,013,01675903,488,A,06013,+37.9194790,-121.9515431,06,36084,G4020,Contra Costa,Contra Costa County,06,2023-03-05,6.962163287327541,1677974400000,"{""type"":""MultiPoint"",""coordinates"":[]}"
428_00000000000000000023,1909598013,216923745,41860,H1,001,01675839,488,A,06001,+37.6471385,-121.9124880,06,36084,G4020,Alameda,Alameda County,06,2023-03-05,6.144376982473441,1677974400000,"{""type"":""MultiPoint"",""coordinates"":[]}"
428_0000000000000000001f,121375681,479216672,41860,H6,075,00277302,488,C,06075,+37.7272391,-123.0322294,06,41884,G4020,San Francisco,San Francisco County,06,2023-03-05,7.961926380701031,1677974400000,"{""type"":""MultiPoint"",""coordinates"":[]}"
429_00000000000000000021,1857233047,225282636,41860,H1,013,01675903,488,A,06013,+37.9194790,-121.9515431,06,36084,G4020,Contra Costa,Contra Costa County,06,2023-03-06,5.507411878052285,1678060800000,"{""type"":""MultiPoint"",""coordinates"":[]}"
429_00000000000000000023,1909598013,216923745,41860,H1,001,01675839,488,A,06001,+37.6471385,-121.9124880,06,36084,G4020,Alameda,Alameda County,06,2023-03-06,4.7562082405147335,1678060800000,"{""type"":""MultiPoint"",""coordinates"":[]}"
429_0000000000000000001f,121375681,479216672,41860,H6,075,00277302,488,C,06075,+37.7272391,-123.0322294,06,41884,G4020,San Francisco,San Francisco County,06,2023-03-06,6.9240072802526,1678060800000,"{""type"":""MultiPoint"",""coordinates"":[]}"
430_00000000000000000021,1857233047,225282636,41860,H1,013,01675903,488,A,06013,+37.9194790,-121.9515431,06,36084,G4020,Contra Costa,Contra Costa County,06,2023-03-07,6.05291398606026,1678147200000,"{""type"":""MultiPoint"",""coordinates"":[]}"
430_00000000000000000023,1909598013,216923745,41860,H1,001,01675839,488,A,06001,+37.6471385,-121.9124880,06,36084,G4020,Alameda,Alameda County,06,2023-03-07,5.455107774940071,1678147200000,"{""type"":""MultiPoint"",""coordinates"":[]}"
430_0000000000000000001f,121375681,479216672,41860,H6,075,00277302,488,C,06075,+37.7272391,-123.0322294,06,41884,G4020,San Francisco,San Francisco County,06,2023-03-07,7.476308297280898,1678147200000,"{""type"":""MultiPoint"",""coordinates"":[]}"
431_00000000000000000021,1857233047,225282636,41860,H1,013,01675903,488,A,06013,+37.9194790,-121.9515431,06,36084,G4020,Contra Costa,Contra Costa County,06,2023-03-08,6.863913053855548,1678233600000,"{""type"":""MultiPoint"",""coordinates"":[]}"
431_00000000000000000023,1909598013,216923745,41860,H1,001,01675839,488,A,06001,+37.6471385,-121.9124880,06,36084,G4020,Alameda,Alameda County,06,2023-03-08,6.000721686827808,1678233600000,"{""type"":""MultiPoint"",""coordinates"":[]}"
431_0000000000000000001f,121375681,479216672,41860,H6,075,00277302,488,C,06075,+37.7272391,-123.0322294,06,41884,G4020,San Francisco,San Francisco County,06,2023-03-08,8.156773811059967,1678233600000,"{""type"":""MultiPoint"",""coordinates"":[]}"
432_00000000000000000021,1857233047,225282636,41860,H1,013,01675903,488,A,06013,+37.9194790,-121.9515431,06,36084,G4020,Contra Costa,Contra Costa County,06,2023-03-09,6.243839680691621,1678320000000,"{""type"":""MultiPoint"",""coordinates"":[]}"
432_00000000000000000023,1909598013,216923745,41860,H1,001,01675839,488,A,06001,+37.6471385,-121.9124880,06,36084,G4020,Alameda,Alameda County,06,2023-03-09,6.058205729701643,1678320000000,"{""type"":""MultiPoint"",""coordinates"":[]}"
432_0000000000000000001f,121375681,479216672,41860,H6,075,00277302,488,C,06075,+37.7272391,-123.0322294,06,41884,G4020,San Francisco,San Francisco County,06,2023-03-09,7.313742406809472,1678320000000,"{""type"":""MultiPoint"",""coordinates"":[]}"
433_00000000000000000021,1857233047,225282636,41860,H1,013,01675903,488,A,06013,+37.9194790,-121.9515431,06,36084,G4020,Contra Costa,Contra Costa County,06,2023-03-10,10.815612281727224,1678406400000,"{""type"":""MultiPoint"",""coordinates"":[]}"
433_00000000000000000023,1909598013,216923745,41860,H1,001,01675839,488,A,06001,+37.6471385,-121.9124880,06,36084,G4020,Alameda,Alameda County,06,2023-03-10,10.395073199315549,1678406400000,"{""type"":""MultiPoint"",""coordinates"":[]}"
433_0000000000000000001f,121375681,479216672,41860,H6,075,00277302,488,C,06075,+37.7272391,-123.0322294,06,41884,G4020,San Francisco,San Francisco County,06,2023-03-10,10.751222265896551,1678406400000,"{""type"":""MultiPoint"",""coordinates"":[]}"
434_00000000000000000021,1857233047,225282636,41860,H1,013,01675903,488,A,06013,+37.9194790,-121.9515431,06,36084,G4020,Contra Costa,Contra Costa County,06,2023-03-11,9.842262835416948,1678492800000,"{""type"":""MultiPoint"",""coordinates"":[]}"
434_00000000000000000023,1909598013,216923745,41860,H1,001,01675839,488,A,06001,+37.6471385,-121.9124880,06,36084,G4020,Alameda,Alameda County,06,2023-03-11,9.978461531915691,1678492800000,"{""type"":""MultiPoint"",""coordinates"":[]}"
434_0000000000000000001f,121375681,479216672,41860,H6,075,00277302,488,C,06075,+37.7272391,-123.0322294,06,41884,G4020,San Francisco,San Francisco County,06,2023-03-11,9.678939837536324,1678492800000,"{""type"":""MultiPoint"",""coordinates"":[]}"
435_00000000000000000021,1857233047,225282636,41860,H1,013,01675903,488,A,06013,+37.9194790,-121.9515431,06,36084,G4020,Contra Costa,Contra Costa County,06,2023-03-12,12.13845565861678,1678579200000,"{""type"":""MultiPoint"",""coordinates"":[]}"
435_00000000000000000023,1909598013,216923745,41860,H1,001,01675839,488,A,06001,+37.6471385,-121.9124880,06,36084,G4020,Alameda,Alameda County,06,2023-03-12,11.624817870211439,1678579200000,"{""type"":""MultiPoint"",""coordinates"":[]}"
435_0000000000000000001f,121375681,479216672,41860,H6,075,00277302,488,C,06075,+37.7272391,-123.0322294,06,41884,G4020,San Francisco,San Francisco County,06,2023-03-12,12.019353867560955,1678579200000,"{""type"":""MultiPoint"",""coordinates"":[]}"
436_00000000000000000021,1857233047,225282636,41860,H1,013,01675903,488,A,06013,+37.9194790,-121.9515431,06,36084,G4020,Contra Costa,Contra Costa County,06,2023-03-13,12.935016165614773,1678665600000,"{""type"":""MultiPoint"",""coordinates"":[]}"
436_00000000000000000023,1909598013,216923745,41860,H1,001,01675839,488,A,06001,+37.6471385,-121.9124880,06,36084,G4020,Alameda,Alameda County,06,2023-03-13,12.426334848851326,1678665600000,"{""type"":""MultiPoint"",""coordinates"":[]}"
436_0000000000000000001f,121375681,479216672,41860,H6,075,00277302,488,C,06075,+37.7272391,-123.0322294,06,41884,G4020,San Francisco,San Francisco County,06,2023-03-13,12.535559971881348,1678665600000,"{""type"":""MultiPoint"",""coordinates"":[]}"
437_00000000000000000021,1857233047,225282636,41860,H1,013,01675903,488,A,06013,+37.9194790,-121.9515431,06,36084,G4020,Contra Costa,Contra Costa County,06,2023-03-14,13.451109050498347,1678752000000,"{""type"":""MultiPoint"",""coordinates"":[]}"
437_00000000000000000023,1909598013,216923745,41860,H1,001,01675839,488,A,06001,+37.6471385,-121.9124880,06,36084,G4020,Alameda,Alameda County,06,2023-03-14,12.905025472063269,1678752000000,"{""type"":""MultiPoint"",""coordinates"":[]}"
437_0000000000000000001f,121375681,479216672,41860,H6,075,00277302,488,C,06075,+37.7272391,-123.0322294,06,41884,G4020,San Francisco,San Francisco County,06,2023-03-14,13.162303675904305,1678752000000,"{""type"":""MultiPoint"",""coordinates"":[]}"
438_00000000000000000021,1857233047,225282636,41860,H1,013,01675903,488,A,06013,+37.9194790,-121.9515431,06,36084,G4020,Contra Costa,Contra Costa County,06,2023-03-15,9.28268992965984,1678838400000,"{""type"":""MultiPoint"",""coordinates"":[]}"
438_00000000000000000023,1909598013,216923745,41860,H1,001,01675839,488,A,06001,+37.6471385,-121.9124880,06,36084,G4020,Alameda,Alameda County,06,2023-03-15,8.49629835830387,1678838400000,"{""type"":""MultiPoint"",""coordinates"":[]}"
438_0000000000000000001f,121375681,479216672,41860,H6,075,00277302,488,C,06075,+37.7272391,-123.0322294,06,41884,G4020,San Francisco,San Francisco County,06,2023-03-15,9.22699068292046,1678838400000,"{""type"":""MultiPoint"",""coordinates"":[]}"
439_00000000000000000021,1857233047,225282636,41860,H1,013,01675903,488,A,06013,+37.9194790,-121.9515431,06,36084,G4020,Contra Costa,Contra Costa County,06,2023-03-16,9.238746676470283,1678924800000,"{""type"":""MultiPoint"",""coordinates"":[]}"
439_00000000000000000023,1909598013,216923745,41860,H1,001,01675839,488,A,06001,+37.6471385,-121.9124880,06,36084,G4020,Alameda,Alameda County,06,2023-03-16,9.026782600041594,1678924800000,"{""type"":""MultiPoint"",""coordinates"":[]}"
439_0000000000000000001f,121375681,479216672,41860,H6,075,00277302,488,C,06075,+37.7272391,-123.0322294,06,41884,G4020,San Francisco,San Francisco County,06,2023-03-16,9.435899642019587,1678924800000,"{""type"":""MultiPoint"",""coordinates"":[]}"
440_00000000000000000021,1857233047,225282636,41860,H1,013,01675903,488,A,06013,+37.9194790,-121.9515431,06,36084,G4020,Contra Costa,Contra Costa County,06,2023-03-17,9.839340492209713,1679011200000,"{""type"":""MultiPoint"",""coordinates"":[]}"
440_00000000000000000023,1909598013,216923745,41860,H1,001,01675839,488,A,06001,+37.6471385,-121.9124880,06,36084,G4020,Alameda,Alameda County,06,2023-03-17,10.138179678097128,1679011200000,"{""type"":""MultiPoint"",""coordinates"":[]}"
440_0000000000000000001f,121375681,479216672,41860,H6,075,00277302,488,C,06075,+37.7272391,-123.0322294,06,41884,G4020,San Francisco,San Francisco County,06,2023-03-17,10.089634101272479,1679011200000,"{""type"":""MultiPoint"",""coordinates"":[]}"
441_00000000000000000021,1857233047,225282636,41860,H1,013,01675903,488,A,06013,+37.9194790,-121.9515431,06,36084,G4020,Contra Costa,Contra Costa County,06,2023-03-18,12.123926979113307,1679097600000,"{""type"":""MultiPoint"",""coordinates"":[]}"
441_00000000000000000023,1909598013,216923745,41860,H1,001,01675839,488,A,06001,+37.6471385,-121.9124880,06,36084,G4020,Alameda,Alameda County,06,2023-03-18,12.193714977584255,1679097600000,"{""type"":""MultiPoint"",""coordinates"":[]}"
441_0000000000000000001f,121375681,479216672,41860,H6,075,00277302,488,C,06075,+37.7272391,-123.0322294,06,41884,G4020,San Francisco,San Francisco County,06,2023-03-18,11.346406252656307,1679097600000,"{""type"":""MultiPoint"",""coordinates"":[]}"
442_00000000000000000021,1857233047,225282636,41860,H1,013,01675903,488,A,06013,+37.9194790,-121.9515431,06,36084,G4020,Contra Costa,Contra Costa County,06,2023-03-19,12.120413362783017,1679184000000,"{""type"":""MultiPoint"",""coordinates"":[]}"
442_00000000000000000023,1909598013,216923745,41860,H1,001,01675839,488,A,06001,+37.6471385,-121.9124880,06,36084,G4020,Alameda,Alameda County,06,2023-03-19,11.6664437907342,1679184000000,"{""type"":""MultiPoint"",""coordinates"":[]}"
442_0000000000000000001f,121375681,479216672,41860,H6,075,00277302,488,C,06075,+37.7272391,-123.0322294,06,41884,G4020,San Francisco,San Francisco County,06,2023-03-19,12.166320474650464,1679184000000,"{""type"":""MultiPoint"",""coordinates"":[]}"
443_00000000000000000021,1857233047,225282636,41860,H1,013,01675903,488,A,06013,+37.9194790,-121.9515431,06,36084,G4020,Contra Costa,Contra Costa County,06,2023-03-20,10.659494503762641,1679270400000,"{""type"":""MultiPoint"",""coordinates"":[]}"
443_00000000000000000023,1909598013,216923745,41860,H1,001,01675839,488,A,06001,+37.6471385,-121.9124880,06,36084,G4020,Alameda,Alameda County,06,2023-03-20,10.082314704212475,1679270400000,"{""type"":""MultiPoint"",""coordinates"":[]}"
443_0000000000000000001f,121375681,479216672,41860,H6,075,00277302,488,C,06075,+37.7272391,-123.0322294,06,41884,G4020,San Francisco,San Francisco County,06,2023-03-20,10.532251395908668,1679270400000,"{""type"":""MultiPoint"",""coordinates"":[]}"
444_00000000000000000021,1857233047,225282636,41860,H1,013,01675903,488,A,06013,+37.9194790,-121.9515431,06,36084,G4020,Contra Costa,Contra Costa County,06,2023-03-21,8.671265615207899,1679356800000,"{""type"":""MultiPoint"",""coordinates"":[]}"
444_00000000000000000023,1909598013,216923745,41860,H1,001,01675839,488,A,06001,+37.6471385,-121.9124880,06,36084,G4020,Alameda,Alameda County,06,2023-03-21,8.324054758896114,1679356800000,"{""type"":""MultiPoint"",""coordinates"":[]}"
444_0000000000000000001f,121375681,479216672,41860,H6,075,00277302,488,C,06075,+37.7272391,-123.0322294,06,41884,G4020,San Francisco,San Francisco County,06,2023-03-21,8.779123620845551,1679356800000,"{""type"":""MultiPoint"",""coordinates"":[]}"
445_00000000000000000021,1857233047,225282636,41860,H1,013,01675903,488,A,06013,+37.9194790,-121.9515431,06,36084,G4020,Contra Costa,Contra Costa County,06,2023-03-22,8.693938336164857,1679443200000,"{""type"":""MultiPoint"",""coordinates"":[]}"
445_00000000000000000023,1909598013,216923745,41860,H1,001,01675839,488,A,06001,+37.6471385,-121.9124880,06,36084,G4020,Alameda,Alameda County,06,2023-03-22,7.988473892506329,1679443200000,"{""type"":""MultiPoint"",""coordinates"":[]}"
445_0000000000000000001f,121375681,479216672,41860,H6,075,00277302,488,C,06075,+37.7272391,-123.0322294,06,41884,G4020,San Francisco,San Francisco County,06,2023-03-22,9.904890907479468,1679443200000,"{""type"":""MultiPoint"",""coordinates"":[]}"
446_00000000000000000021,1857233047,225282636,41860,H1,013,01675903,488,A,06013,+37.9194790,-121.9515431,06,36084,G4020,Contra Costa,Contra Costa County,06,2023-03-23,9.56035082793206,1679529600000,"{""type"":""MultiPoint"",""coordinates"":[]}"
446_00000000000000000023,1909598013,216923745,41860,H1,001,01675839,488,A,06001,+37.6471385,-121.9124880,06,36084,G4020,Alameda,Alameda County,06,2023-03-23,8.790026247043386,1679529600000,"{""type"":""MultiPoint"",""coordinates"":[]}"
446_0000000000000000001f,121375681,479216672,41860,H6,075,00277302,488,C,06075,+37.7272391,-123.0322294,06,41884,G4020,San Francisco,San Francisco County,06,2023-03-23,10.258443928072356,1679529600000,"{""type"":""MultiPoint"",""coordinates"":[]}"
447_00000000000000000021,1857233047,225282636,41860,H1,013,01675903,488,A,06013,+37.9194790,-121.9515431,06,36084,G4020,Contra Costa,Contra Costa County,06,2023-03-24,8.44380902953768,1679616000000,"{""type"":""MultiPoint"",""coordinates"":[]}"
447_00000000000000000023,1909598013,216923745,41860,H1,001,01675839,488,A,06001,+37.6471385,-121.9124880,06,36084,G4020,Alameda,Alameda County,06,2023-03-24,7.583977107687365,1679616000000,"{""type"":""MultiPoint"",""coordinates"":[]}"
447_0000000000000000001f,121375681,479216672,41860,H6,075,00277302,488,C,06075,+37.7272391,-123.0322294,06,41884,G4020,San Francisco,San Francisco County,06,2023-03-24,9.096575303265253,1679616000000,"{""type"":""MultiPoint"",""coordinates"":[]}"
448_00000000000000000021,1857233047,225282636,41860,H1,013,01675903,488,A,06013,+37.9194790,-121.9515431,06,36084,G4020,Contra Costa,Contra Costa County,06,2023-03-25,7.978981163014614,1679702400000,"{""type"":""MultiPoint"",""coordinates"":[]}"
448_00000000000000000023,1909598013,216923745,41860,H1,001,01675839,488,A,06001,+37.6471385,-121.9124880,06,36084,G4020,Alameda,Alameda County,06,2023-03-25,6.953473230993538,1679702400000,"{""type"":""MultiPoint"",""coordinates"":[]}"
448_0000000000000000001f,121375681,479216672,41860,H6,075,00277302,488,C,06075,+37.7272391,-123.0322294,06,41884,G4020,San Francisco,San Francisco County,06,2023-03-25,8.465635144487665,1679702400000,"{""type"":""MultiPoint"",""coordinates"":[]}"
449_00000000000000000021,1857233047,225282636,41860,H1,013,01675903,488,A,06013,+37.9194790,-121.9515431,06,36084,G4020,Contra Costa,Contra Costa County,06,2023-03-26,7.515993101366284,1679788800000,"{""type"":""MultiPoint"",""coordinates"":[]}"
449_00000000000000000023,1909598013,216923745,41860,H1,001,01675839,488,A,06001,+37.6471385,-121.9124880,06,36084,G4020,Alameda,Alameda County,06,2023-03-26,6.59209755927542,1679788800000,"{""type"":""MultiPoint"",""coordinates"":[]}"
449_0000000000000000001f,121375681,479216672,41860,H6,075,00277302,488,C,06075,+37.7272391,-123.0322294,06,41884,G4020,San Francisco,San Francisco County,06,2023-03-26,8.015200322616666,1679788800000,"{""type"":""MultiPoint"",""coordinates"":[]}"
450_00000000000000000021,1857233047,225282636,41860,H1,013,01675903,488,A,06013,+37.9194790,-121.9515431,06,36084,G4020,Contra Costa,Contra Costa County,06,2023-03-27,7.930938911021943,1679875200000,"{""type"":""MultiPoint"",""coordinates"":[]}"
450_00000000000000000023,1909598013,216923745,41860,H1,001,01675839,488,A,06001,+37.6471385,-121.9124880,06,36084,G4020,Alameda,Alameda County,06,2023-03-27,7.805562691961654,1679875200000,"{""type"":""MultiPoint"",""coordinates"":[]}"
450_0000000000000000001f,121375681,479216672,41860,H6,075,00277302,488,C,06075,+37.7272391,-123.0322294,06,41884,G4020,San Francisco,San Francisco County,06,2023-03-27,8.686569607142586,1679875200000,"{""type"":""MultiPoint"",""coordinates"":[]}"
451_00000000000000000021,1857233047,225282636,41860,H1,013,01675903,488,A,06013,+37.9194790,-121.9515431,06,36084,G4020,Contra Costa,Contra Costa County,06,2023-03-28,8.466001337974074,1679961600000,"{""type"":""MultiPoint"",""coordinates"":[]}"
451_00000000000000000023,1909598013,216923745,41860,H1,001,01675839,488,A,06001,+37.6471385,-121.9124880,06,36084,G4020,Alameda,Alameda County,06,2023-03-28,8.009228724475546,1679961600000,"{""type"":""MultiPoint"",""coordinates"":[]}"
451_0000000000000000001f,121375681,479216672,41860,H6,075,00277302,488,C,06075,+37.7272391,-123.0322294,06,41884,G4020,San Francisco,San Francisco County,06,2023-03-28,9.06079495182199,1679961600000,"{""type"":""MultiPoint"",""coordinates"":[]}"
452_00000000000000000021,1857233047,225282636,41860,H1,013,01675903,488,A,06013,+37.9194790,-121.9515431,06,36084,G4020,Contra Costa,Contra Costa County,06,2023-03-29,7.250463711302823,1680048000000,"{""type"":""MultiPoint"",""coordinates"":[]}"
452_00000000000000000023,1909598013,216923745,41860,H1,001,01675839,488,A,06001,+37.6471385,-121.9124880,06,36084,G4020,Alameda,Alameda County,06,2023-03-29,6.441198193791063,1680048000000,"{""type"":""MultiPoint"",""coordinates"":[]}"
452_0000000000000000001f,121375681,479216672,41860,H6,075,00277302,488,C,06075,+37.7272391,-123.0322294,06,41884,G4020,San Francisco,San Francisco County,06,2023-03-29,8.58903462934467,1680048000000,"{""type"":""MultiPoint"",""coordinates"":[]}"
453_00000000000000000021,1857233047,225282636,41860,H1,013,01675903,488,A,06013,+37.9194790,-121.9515431,06,36084,G4020,Contra Costa,Contra Costa County,06,2023-03-30,7.367555953632392,1680134400000,"{""type"":""MultiPoint"",""coordinates"":[]}"
453_00000000000000000023,1909598013,216923745,41860,H1,001,01675839,488,A,06001,+37.6471385,-121.9124880,06,36084,G4020,Alameda,Alameda County,06,2023-03-30,6.8080486929079775,1680134400000,"{""type"":""MultiPoint"",""coordinates"":[]}"
453_0000000000000000001f,121375681,479216672,41860,H6,075,00277302,488,C,06075,+37.7272391,-123.0322294,06,41884,G4020,San Francisco,San Francisco County,06,2023-03-30,7.937369492098607,1680134400000,"{""type"":""MultiPoint"",""coordinates"":[]}"
454_00000000000000000021,1857233047,225282636,41860,H1,013,01675903,488,A,06013,+37.9194790,-121.9515431,06,36084,G4020,Contra Costa,Contra Costa County,06,2023-03-31,8.177116222189431,1680220800000,"{""type"":""MultiPoint"",""coordinates"":[]}"
454_00000000000000000023,1909598013,216923745,41860,H1,001,01675839,488,A,06001,+37.6471385,-121.9124880,06,36084,G4020,Alameda,Alameda County,06,2023-03-31,7.95880558761886,1680220800000,"{""type"":""MultiPoint"",""coordinates"":[]}"
454_0000000000000000001f,121375681,479216672,41860,H6,075,00277302,488,C,06075,+37.7272391,-123.0322294,06,41884,G4020,San Francisco,San Francisco County,06,2023-03-31,9.048941586787764,1680220800000,"{""type"":""MultiPoint"",""coordinates"":[]}"
455_00000000000000000021,1857233047,225282636,41860,H1,013,01675903,488,A,06013,+37.9194790,-121.9515431,06,36084,G4020,Contra Costa,Contra Costa County,06,2023-04-01,9.156438887269152,1680307200000,"{""type"":""MultiPoint"",""coordinates"":[]}"
455_00000000000000000023,1909598013,216923745,41860,H1,001,01675839,488,A,06001,+37.6471385,-121.9124880,06,36084,G4020,Alameda,Alameda County,06,2023-04-01,9.163540864888438,1680307200000,"{""type"":""MultiPoint"",""coordinates"":[]}"
455_0000000000000000001f,121375681,479216672,41860,H6,075,00277302,488,C,06075,+37.7272391,-123.0322294,06,41884,G4020,San Francisco,San Francisco County,06,2023-04-01,9.64775808274095,1680307200000,"{""type"":""MultiPoint"",""coordinates"":[]}"
456_00000000000000000021,1857233047,225282636,41860,H1,013,01675903,488,A,06013,+37.9194790,-121.9515431,06,36084,G4020,Contra Costa,Contra Costa County,06,2023-04-02,10.318993089770425,1680393600000,"{""type"":""MultiPoint"",""coordinates"":[]}"
456_00000000000000000023,1909598013,216923745,41860,H1,001,01675839,488,A,06001,+37.6471385,-121.9124880,06,36084,G4020,Alameda,Alameda County,06,2023-04-02,9.451963034591412,1680393600000,"{""type"":""MultiPoint"",""coordinates"":[]}"
456_0000000000000000001f,121375681,479216672,41860,H6,075,00277302,488,C,06075,+37.7272391,-123.0322294,06,41884,G4020,San Francisco,San Francisco County,06,2023-04-02,10.589154286879582,1680393600000,"{""type"":""MultiPoint"",""coordinates"":[]}"
457_00000000000000000021,1857233047,225282636,41860,H1,013,01675903,488,A,06013,+37.9194790,-121.9515431,06,36084,G4020,Contra Costa,Contra Costa County,06,2023-04-03,7.946770570968408,1680480000000,"{""type"":""MultiPoint"",""coordinates"":[]}"
457_00000000000000000023,1909598013,216923745,41860,H1,001,01675839,488,A,06001,+37.6471385,-121.9124880,06,36084,G4020,Alameda,Alameda County,06,2023-04-03,7.020289521101455,1680480000000,"{""type"":""MultiPoint"",""coordinates"":[]}"
457_0000000000000000001f,121375681,479216672,41860,H6,075,00277302,488,C,06075,+37.7272391,-123.0322294,06,41884,G4020,San Francisco,San Francisco County,06,2023-04-03,8.456518475491354,1680480000000,"{""type"":""MultiPoint"",""coordinates"":[]}"
458_00000000000000000021,1857233047,225282636,41860,H1,013,01675903,488,A,06013,+37.9194790,-121.9515431,06,36084,G4020,Contra Costa,Contra Costa County,06,2023-04-04,7.0548120858254135,1680566400000,"{""type"":""MultiPoint"",""coordinates"":[]}"
458_00000000000000000023,1909598013,216923745,41860,H1,001,01675839,488,A,06001,+37.6471385,-121.9124880,06,36084,G4020,Alameda,Alameda County,06,2023-04-04,6.188113713294716,1680566400000,"{""type"":""MultiPoint"",""coordinates"":[]}"
458_0000000000000000001f,121375681,479216672,41860,H6,075,00277302,488,C,06075,+37.7272391,-123.0322294,06,41884,G4020,San Francisco,San Francisco County,06,2023-04-04,7.850855873201386,1680566400000,"{""type"":""MultiPoint"",""coordinates"":[]}"
459_00000000000000000021,1857233047,225282636,41860,H1,013,01675903,488,A,06013,+37.9194790,-121.9515431,06,36084,G4020,Contra Costa,Contra Costa County,06,2023-04-05,8.110643849185156,1680652800000,"{""type"":""MultiPoint"",""coordinates"":[]}"
459_00000000000000000023,1909598013,216923745,41860,H1,001,01675839,488,A,06001,+37.6471385,-121.9124880,06,36084,G4020,Alameda,Alameda County,06,2023-04-05,7.355616618966507,1680652800000,"{""type"":""MultiPoint"",""coordinates"":[]}"
459_0000000000000000001f,121375681,479216672,41860,H6,075,00277302,488,C,06075,+37.7272391,-123.0322294,06,41884,G4020,San Francisco,San Francisco County,06,2023-04-05,8.548880689363983,1680652800000,"{""type"":""MultiPoint"",""coordinates"":[]}"
460_00000000000000000021,1857233047,225282636,41860,H1,013,01675903,488,A,06013,+37.9194790,-121.9515431,06,36084,G4020,Contra Costa,Contra Costa County,06,2023-04-06,9.58771789267861,1680739200000,"{""type"":""MultiPoint"",""coordinates"":[]}"
460_00000000000000000023,1909598013,216923745,41860,H1,001,01675839,488,A,06001,+37.6471385,-121.9124880,06,36084,G4020,Alameda,Alameda County,06,2023-04-06,9.282598129048745,1680739200000,"{""type"":""MultiPoint"",""coordinates"":[]}"
460_0000000000000000001f,121375681,479216672,41860,H6,075,00277302,488,C,06075,+37.7272391,-123.0322294,06,41884,G4020,San Francisco,San Francisco County,06,2023-04-06,9.371895288729366,1680739200000,"{""type"":""MultiPoint"",""coordinates"":[]}"
461_00000000000000000021,1857233047,225282636,41860,H1,013,01675903,488,A,06013,+37.9194790,-121.9515431,06,36084,G4020,Contra Costa,Contra Costa County,06,2023-04-07,11.043733022556498,1680825600000,"{""type"":""MultiPoint"",""coordinates"":[]}"
461_00000000000000000023,1909598013,216923745,41860,H1,001,01675839,488,A,06001,+37.6471385,-121.9124880,06,36084,G4020,Alameda,Alameda County,06,2023-04-07,10.46743871204043,1680825600000,"{""type"":""MultiPoint"",""coordinates"":[]}"
461_0000000000000000001f,121375681,479216672,41860,H6,075,00277302,488,C,06075,+37.7272391,-123.0322294,06,41884,G4020,San Francisco,San Francisco County,06,2023-04-07,10.90929430033761,1680825600000,"{""type"":""MultiPoint"",""coordinates"":[]}"
462_00000000000000000021,1857233047,225282636,41860,H1,013,01675903,488,A,06013,+37.9194790,-121.9515431,06,36084,G4020,Contra Costa,Contra Costa County,06,2023-04-08,11.470112642118037,1680912000000,"{""type"":""MultiPoint"",""coordinates"":[]}"
462_00000000000000000023,1909598013,216923745,41860,H1,001,01675839,488,A,06001,+37.6471385,-121.9124880,06,36084,G4020,Alameda,Alameda County,06,2023-04-08,11.395566421314506,1680912000000,"{""type"":""MultiPoint"",""coordinates"":[]}"
462_0000000000000000001f,121375681,479216672,41860,H6,075,00277302,488,C,06075,+37.7272391,-123.0322294,06,41884,G4020,San Francisco,San Francisco County,06,2023-04-08,10.779981492397335,1680912000000,"{""type"":""MultiPoint"",""coordinates"":[]}"
463_00000000000000000021,1857233047,225282636,41860,H1,013,01675903,488,A,06013,+37.9194790,-121.9515431,06,36084,G4020,Contra Costa,Contra Costa County,06,2023-04-09,12.69265615784816,1680998400000,"{""type"":""MultiPoint"",""coordinates"":[]}"
463_00000000000000000023,1909598013,216923745,41860,H1,001,01675839,488,A,06001,+37.6471385,-121.9124880,06,36084,G4020,Alameda,Alameda County,06,2023-04-09,13.15115278818192,1680998400000,"{""type"":""MultiPoint"",""coordinates"":[]}"
463_0000000000000000001f,121375681,479216672,41860,H6,075,00277302,488,C,06075,+37.7272391,-123.0322294,06,41884,G4020,San Francisco,San Francisco County,06,2023-04-09,12.098490181682523,1680998400000,"{""type"":""MultiPoint"",""coordinates"":[]}"
464_00000000000000000021,1857233047,225282636,41860,H1,013,01675903,488,A,06013,+37.9194790,-121.9515431,06,36084,G4020,Contra Costa,Contra Costa County,06,2023-04-10,14.803309116302133,1681084800000,"{""type"":""MultiPoint"",""coordinates"":[]}"
464_00000000000000000023,1909598013,216923745,41860,H1,001,01675839,488,A,06001,+37.6471385,-121.9124880,06,36084,G4020,Alameda,Alameda County,06,2023-04-10,15.63500141988918,1681084800000,"{""type"":""MultiPoint"",""coordinates"":[]}"
464_0000000000000000001f,121375681,479216672,41860,H6,075,00277302,488,C,06075,+37.7272391,-123.0322294,06,41884,G4020,San Francisco,San Francisco County,06,2023-04-10,13.255576790785693,1681084800000,"{""type"":""MultiPoint"",""coordinates"":[]}"
465_00000000000000000021,1857233047,225282636,41860,H1,013,01675903,488,A,06013,+37.9194790,-121.9515431,06,36084,G4020,Contra Costa,Contra Costa County,06,2023-04-11,14.101191721807549,1681171200000,"{""type"":""MultiPoint"",""coordinates"":[]}"
465_00000000000000000023,1909598013,216923745,41860,H1,001,01675839,488,A,06001,+37.6471385,-121.9124880,06,36084,G4020,Alameda,Alameda County,06,2023-04-11,13.12517261865761,1681171200000,"{""type"":""MultiPoint"",""coordinates"":[]}"
465_0000000000000000001f,121375681,479216672,41860,H6,075,00277302,488,C,06075,+37.7272391,-123.0322294,06,41884,G4020,San Francisco,San Francisco County,06,2023-04-11,12.888517377055303,1681171200000,"{""type"":""MultiPoint"",""coordinates"":[]}"
466_00000000000000000021,1857233047,225282636,41860,H1,013,01675903,488,A,06013,+37.9194790,-121.9515431,06,36084,G4020,Contra Costa,Contra Costa County,06,2023-04-12,10.624988934049455,1681257600000,"{""type"":""MultiPoint"",""coordinates"":[]}"
466_00000000000000000023,1909598013,216923745,41860,H1,001,01675839,488,A,06001,+37.6471385,-121.9124880,06,36084,G4020,Alameda,Alameda County,06,2023-04-12,9.173479974186437,1681257600000,"{""type"":""MultiPoint"",""coordinates"":[]}"
466_0000000000000000001f,121375681,479216672,41860,H6,075,00277302,488,C,06075,+37.7272391,-123.0322294,06,41884,G4020,San Francisco,San Francisco County,06,2023-04-12,10.093697663878453,1681257600000,"{""type"":""MultiPoint"",""coordinates"":[]}"
467_00000000000000000021,1857233047,225282636,41860,H1,013,01675903,488,A,06013,+37.9194790,-121.9515431,06,36084,G4020,Contra Costa,Contra Costa County,06,2023-04-13,10.694721198069608,1681344000000,"{""type"":""MultiPoint"",""coordinates"":[]}"
467_00000000000000000023,1909598013,216923745,41860,H1,001,01675839,488,A,06001,+37.6471385,-121.9124880,06,36084,G4020,Alameda,Alameda County,06,2023-04-13,9.320017116641907,1681344000000,"{""type"":""MultiPoint"",""coordinates"":[]}"
467_0000000000000000001f,121375681,479216672,41860,H6,075,00277302,488,C,06075,+37.7272391,-123.0322294,06,41884,G4020,San Francisco,San Francisco County,06,2023-04-13,10.504025674865488,1681344000000,"{""type"":""MultiPoint"",""coordinates"":[]}"
468_00000000000000000021,1857233047,225282636,41860,H1,013,01675903,488,A,06013,+37.9194790,-121.9515431,06,36084,G4020,Contra Costa,Contra Costa County,06,2023-04-14,10.819025830706442,1681430400000,"{""type"":""MultiPoint"",""coordinates"":[]}"
468_00000000000000000023,1909598013,216923745,41860,H1,001,01675839,488,A,06001,+37.6471385,-121.9124880,06,36084,G4020,Alameda,Alameda County,06,2023-04-14,9.402157295058425,1681430400000,"{""type"":""MultiPoint"",""coordinates"":[]}"
468_0000000000000000001f,121375681,479216672,41860,H6,075,00277302,488,C,06075,+37.7272391,-123.0322294,06,41884,G4020,San Francisco,San Francisco County,06,2023-04-14,10.175309854257824,1681430400000,"{""type"":""MultiPoint"",""coordinates"":[]}"
469_00000000000000000021,1857233047,225282636,41860,H1,013,01675903,488,A,06013,+37.9194790,-121.9515431,06,36084,G4020,Contra Costa,Contra Costa County,06,2023-04-15,10.906430721748578,1681516800000,"{""type"":""MultiPoint"",""coordinates"":[]}"
469_00000000000000000023,1909598013,216923745,41860,H1,001,01675839,488,A,06001,+37.6471385,-121.9124880,06,36084,G4020,Alameda,Alameda County,06,2023-04-15,9.91722164190854,1681516800000,"{""type"":""MultiPoint"",""coordinates"":[]}"
469_0000000000000000001f,121375681,479216672,41860,H6,075,00277302,488,C,06075,+37.7272391,-123.0322294,06,41884,G4020,San Francisco,San Francisco County,06,2023-04-15,9.803437154635867,1681516800000,"{""type"":""MultiPoint"",""coordinates"":[]}"
470_00000000000000000021,1857233047,225282636,41860,H1,013,01675903,488,A,06013,+37.9194790,-121.9515431,06,36084,G4020,Contra Costa,Contra Costa County,06,2023-04-16,10.555680140654522,1681603200000,"{""type"":""MultiPoint"",""coordinates"":[]}"
470_00000000000000000023,1909598013,216923745,41860,H1,001,01675839,488,A,06001,+37.6471385,-121.9124880,06,36084,G4020,Alameda,Alameda County,06,2023-04-16,9.60580185678395,1681603200000,"{""type"":""MultiPoint"",""coordinates"":[]}"
470_0000000000000000001f,121375681,479216672,41860,H6,075,00277302,488,C,06075,+37.7272391,-123.0322294,06,41884,G4020,San Francisco,San Francisco County,06,2023-04-16,9.63740862582595,1681603200000,"{""type"":""MultiPoint"",""coordinates"":[]}"
471_00000000000000000021,1857233047,225282636,41860,H1,013,01675903,488,A,06013,+37.9194790,-121.9515431,06,36084,G4020,Contra Costa,Contra Costa County,06,2023-04-17,10.871834391404443,1681689600000,"{""type"":""MultiPoint"",""coordinates"":[]}"
471_00000000000000000023,1909598013,216923745,41860,H1,001,01675839,488,A,06001,+37.6471385,-121.9124880,06,36084,G4020,Alameda,Alameda County,06,2023-04-17,9.62460571239859,1681689600000,"{""type"":""MultiPoint"",""coordinates"":[]}"
471_0000000000000000001f,121375681,479216672,41860,H6,075,00277302,488,C,06075,+37.7272391,-123.0322294,06,41884,G4020,San Francisco,San Francisco County,06,2023-04-17,10.427745489271771,1681689600000,"{""type"":""MultiPoint"",""coordinates"":[]}"
472_00000000000000000021,1857233047,225282636,41860,H1,013,01675903,488,A,06013,+37.9194790,-121.9515431,06,36084,G4020,Contra Costa,Contra Costa County,06,2023-04-18,9.988538871361776,1681776000000,"{""type"":""MultiPoint"",""coordinates"":[]}"
472_00000000000000000023,1909598013,216923745,41860,H1,001,01675839,488,A,06001,+37.6471385,-121.9124880,06,36084,G4020,Alameda,Alameda County,06,2023-04-18,9.185917832892045,1681776000000,"{""type"":""MultiPoint"",""coordinates"":[]}"
472_0000000000000000001f,121375681,479216672,41860,H6,075,00277302,488,C,06075,+37.7272391,-123.0322294,06,41884,G4020,San Francisco,San Francisco County,06,2023-04-18,10.057642290224818,1681776000000,"{""type"":""MultiPoint"",""coordinates"":[]}"
473_00000000000000000021,1857233047,225282636,41860,H1,013,01675903,488,A,06013,+37.9194790,-121.9515431,06,36084,G4020,Contra Costa,Contra Costa County,06,2023-04-19,9.754306443046916,1681862400000,"{""type"":""MultiPoint"",""coordinates"":[]}"
473_00000000000000000023,1909598013,216923745,41860,H1,001,01675839,488,A,06001,+37.6471385,-121.9124880,06,36084,G4020,Alameda,Alameda County,06,2023-04-19,8.692372454906174,1681862400000,"{""type"":""MultiPoint"",""coordinates"":[]}"
473_0000000000000000001f,121375681,479216672,41860,H6,075,00277302,488,C,06075,+37.7272391,-123.0322294,06,41884,G4020,San Francisco,San Francisco County,06,2023-04-19,10.141154991804155,1681862400000,"{""type"":""MultiPoint"",""coordinates"":[]}"
474_00000000000000000021,1857233047,225282636,41860,H1,013,01675903,488,A,06013,+37.9194790,-121.9515431,06,36084,G4020,Contra Costa,Contra Costa County,06,2023-04-20,11.845246481447207,1681948800000,"{""type"":""MultiPoint"",""coordinates"":[]}"
474_00000000000000000023,1909598013,216923745,41860,H1,001,01675839,488,A,06001,+37.6471385,-121.9124880,06,36084,G4020,Alameda,Alameda County,06,2023-04-20,11.397570121911937,1681948800000,"{""type"":""MultiPoint"",""coordinates"":[]}"
474_0000000000000000001f,121375681,479216672,41860,H6,075,00277302,488,C,06075,+37.7272391,-123.0322294,06,41884,G4020,San Francisco,San Francisco County,06,2023-04-20,11.437107355251877,1681948800000,"{""type"":""MultiPoint"",""coordinates"":[]}"
475_00000000000000000021,1857233047,225282636,41860,H1,013,01675903,488,A,06013,+37.9194790,-121.9515431,06,36084,G4020,Contra Costa,Contra Costa County,06,2023-04-21,15.109026169492125,1682035200000,"{""type"":""MultiPoint"",""coordinates"":[]}"
475_00000000000000000023,1909598013,216923745,41860,H1,001,01675839,488,A,06001,+37.6471385,-121.9124880,06,36084,G4020,Alameda,Alameda County,06,2023-04-21,14.65208180974651,1682035200000,"{""type"":""MultiPoint"",""coordinates"":[]}"
475_0000000000000000001f,121375681,479216672,41860,H6,075,00277302,488,C,06075,+37.7272391,-123.0322294,06,41884,G4020,San Francisco,San Francisco County,06,2023-04-21,14.03998088504639,1682035200000,"{""type"":""MultiPoint"",""coordinates"":[]}"
476_00000000000000000021,1857233047,225282636,41860,H1,013,01675903,488,A,06013,+37.9194790,-121.9515431,06,36084,G4020,Contra Costa,Contra Costa County,06,2023-04-22,17.36955610179973,1682121600000,"{""type"":""MultiPoint"",""coordinates"":[]}"
476_00000000000000000023,1909598013,216923745,41860,H1,001,01675839,488,A,06001,+37.6471385,-121.9124880,06,36084,G4020,Alameda,Alameda County,06,2023-04-22,16.222080297981616,1682121600000,"{""type"":""MultiPoint"",""coordinates"":[]}"
476_0000000000000000001f,121375681,479216672,41860,H6,075,00277302,488,C,06075,+37.7272391,-123.0322294,06,41884,G4020,San Francisco,San Francisco County,06,2023-04-22,15.66228401459549,1682121600000,"{""type"":""MultiPoint"",""coordinates"":[]}"
477_00000000000000000021,1857233047,225282636,41860,H1,013,01675903,488,A,06013,+37.9194790,-121.9515431,06,36084,G4020,Contra Costa,Contra Costa County,06,2023-04-23,16.588209306878014,1682208000000,"{""type"":""MultiPoint"",""coordinates"":[]}"
477_00000000000000000023,1909598013,216923745,41860,H1,001,01675839,488,A,06001,+37.6471385,-121.9124880,06,36084,G4020,Alameda,Alameda County,06,2023-04-23,14.67769908792531,1682208000000,"{""type"":""MultiPoint"",""coordinates"":[]}"
477_0000000000000000001f,121375681,479216672,41860,H6,075,00277302,488,C,06075,+37.7272391,-123.0322294,06,41884,G4020,San Francisco,San Francisco County,06,2023-04-23,14.737242153027546,1682208000000,"{""type"":""MultiPoint"",""coordinates"":[]}"
478_00000000000000000021,1857233047,225282636,41860,H1,013,01675903,488,A,06013,+37.9194790,-121.9515431,06,36084,G4020,Contra Costa,Contra Costa County,06,2023-04-24,14.975926587073213,1682294400000,"{""type"":""MultiPoint"",""coordinates"":[]}"
478_00000000000000000023,1909598013,216923745,41860,H1,001,01675839,488,A,06001,+37.6471385,-121.9124880,06,36084,G4020,Alameda,Alameda County,06,2023-04-24,13.28970227219176,1682294400000,"{""type"":""MultiPoint"",""coordinates"":[]}"
478_0000000000000000001f,121375681,479216672,41860,H6,075,00277302,488,C,06075,+37.7272391,-123.0322294,06,41884,G4020,San Francisco,San Francisco County,06,2023-04-24,13.132272119970967,1682294400000,"{""type"":""MultiPoint"",""coordinates"":[]}"
479_00000000000000000021,1857233047,225282636,41860,H1,013,01675903,488,A,06013,+37.9194790,-121.9515431,06,36084,G4020,Contra Costa,Contra Costa County,06,2023-04-25,15.966252046044021,1682380800000,"{""type"":""MultiPoint"",""coordinates"":[]}"
479_00000000000000000023,1909598013,216923745,41860,H1,001,01675839,488,A,06001,+37.6471385,-121.9124880,06,36084,G4020,Alameda,Alameda County,06,2023-04-25,14.654424572080357,1682380800000,"{""type"":""MultiPoint"",""coordinates"":[]}"
479_0000000000000000001f,121375681,479216672,41860,H6,075,00277302,488,C,06075,+37.7272391,-123.0322294,06,41884,G4020,San Francisco,San Francisco County,06,2023-04-25,13.650424247461354,1682380800000,"{""type"":""MultiPoint"",""coordinates"":[]}"
480_00000000000000000021,1857233047,225282636,41860,H1,013,01675903,488,A,06013,+37.9194790,-121.9515431,06,36084,G4020,Contra Costa,Contra Costa County,06,2023-04-26,16.941283148764303,1682467200000,"{""type"":""MultiPoint"",""coordinates"":[]}"
480_00000000000000000023,1909598013,216923745,41860,H1,001,01675839,488,A,06001,+37.6471385,-121.9124880,06,36084,G4020,Alameda,Alameda County,06,2023-04-26,17.12410149883132,1682467200000,"{""type"":""MultiPoint"",""coordinates"":[]}"
480_0000000000000000001f,121375681,479216672,41860,H6,075,00277302,488,C,06075,+37.7272391,-123.0322294,06,41884,G4020,San Francisco,San Francisco County,06,2023-04-26,14.185613050282507,1682467200000,"{""type"":""MultiPoint"",""coordinates"":[]}"
481_00000000000000000021,1857233047,225282636,41860,H1,013,01675903,488,A,06013,+37.9194790,-121.9515431,06,36084,G4020,Contra Costa,Contra Costa County,06,2023-04-27,18.90291187967532,1682553600000,"{""type"":""MultiPoint"",""coordinates"":[]}"
481_00000000000000000023,1909598013,216923745,41860,H1,001,01675839,488,A,06001,+37.6471385,-121.9124880,06,36084,G4020,Alameda,Alameda County,06,2023-04-27,19.327281935481427,1682553600000,"{""type"":""MultiPoint"",""coordinates"":[]}"
481_0000000000000000001f,121375681,479216672,41860,H6,075,00277302,488,C,06075,+37.7272391,-123.0322294,06,41884,G4020,San Francisco,San Francisco County,06,2023-04-27,15.744324974733992,1682553600000,"{""type"":""MultiPoint"",""coordinates"":[]}"
482_00000000000000000021,1857233047,225282636,41860,H1,013,01675903,488,A,06013,+37.9194790,-121.9515431,06,36084,G4020,Contra Costa,Contra Costa County,06,2023-04-28,18.845547554853812,1682640000000,"{""type"":""MultiPoint"",""coordinates"":[]}"
482_00000000000000000023,1909598013,216923745,41860,H1,001,01675839,488,A,06001,+37.6471385,-121.9124880,06,36084,G4020,Alameda,Alameda County,06,2023-04-28,19.19393211694048,1682640000000,"{""type"":""MultiPoint"",""coordinates"":[]}"
482_0000000000000000001f,121375681,479216672,41860,H6,075,00277302,488,C,06075,+37.7272391,-123.0322294,06,41884,G4020,San Francisco,San Francisco County,06,2023-04-28,14.305963550422547,1682640000000,"{""type"":""MultiPoint"",""coordinates"":[]}"
483_00000000000000000021,1857233047,225282636,41860,H1,013,01675903,488,A,06013,+37.9194790,-121.9515431,06,36084,G4020,Contra Costa,Contra Costa County,06,2023-04-29,16.230056645722385,1682726400000,"{""type"":""MultiPoint"",""coordinates"":[]}"
483_00000000000000000023,1909598013,216923745,41860,H1,001,01675839,488,A,06001,+37.6471385,-121.9124880,06,36084,G4020,Alameda,Alameda County,06,2023-04-29,16.91670580877045,1682726400000,"{""type"":""MultiPoint"",""coordinates"":[]}"
483_0000000000000000001f,121375681,479216672,41860,H6,075,00277302,488,C,06075,+37.7272391,-123.0322294,06,41884,G4020,San Francisco,San Francisco County,06,2023-04-29,12.31949086290728,1682726400000,"{""type"":""MultiPoint"",""coordinates"":[]}"
484_00000000000000000021,1857233047,225282636,41860,H1,013,01675903,488,A,06013,+37.9194790,-121.9515431,06,36084,G4020,Contra Costa,Contra Costa County,06,2023-04-30,14.540960796423974,1682812800000,"{""type"":""MultiPoint"",""coordinates"":[]}"
484_00000000000000000023,1909598013,216923745,41860,H1,001,01675839,488,A,06001,+37.6471385,-121.9124880,06,36084,G4020,Alameda,Alameda County,06,2023-04-30,13.91773787047898,1682812800000,"{""type"":""MultiPoint"",""coordinates"":[]}"
484_0000000000000000001f,121375681,479216672,41860,H6,075,00277302,488,C,06075,+37.7272391,-123.0322294,06,41884,G4020,San Francisco,San Francisco County,06,2023-04-30,12.339125019961381,1682812800000,"{""type"":""MultiPoint"",""coordinates"":[]}"
485_00000000000000000021,1857233047,225282636,41860,H1,013,01675903,488,A,06013,+37.9194790,-121.9515431,06,36084,G4020,Contra Costa,Contra Costa County,06,2023-05-01,11.672467363919644,1682899200000,"{""type"":""MultiPoint"",""coordinates"":[]}"
485_00000000000000000023,1909598013,216923745,41860,H1,001,01675839,488,A,06001,+37.6471385,-121.9124880,06,36084,G4020,Alameda,Alameda County,06,2023-05-01,10.409066612542693,1682899200000,"{""type"":""MultiPoint"",""coordinates"":[]}"
485_0000000000000000001f,121375681,479216672,41860,H6,075,00277302,488,C,06075,+37.7272391,-123.0322294,06,41884,G4020,San Francisco,San Francisco County,06,2023-05-01,11.381267901530666,1682899200000,"{""type"":""MultiPoint"",""coordinates"":[]}"
486_00000000000000000021,1857233047,225282636,41860,H1,013,01675903,488,A,06013,+37.9194790,-121.9515431,06,36084,G4020,Contra Costa,Contra Costa County,06,2023-05-02,10.807241013177155,1682985600000,"{""type"":""MultiPoint"",""coordinates"":[]}"
486_00000000000000000023,1909598013,216923745,41860,H1,001,01675839,488,A,06001,+37.6471385,-121.9124880,06,36084,G4020,Alameda,Alameda County,06,2023-05-02,9.730049448174725,1682985600000,"{""type"":""MultiPoint"",""coordinates"":[]}"
486_0000000000000000001f,121375681,479216672,41860,H6,075,00277302,488,C,06075,+37.7272391,-123.0322294,06,41884,G4020,San Francisco,San Francisco County,06,2023-05-02,11.063771598712654,1682985600000,"{""type"":""MultiPoint"",""coordinates"":[]}"
487_00000000000000000021,1857233047,225282636,41860,H1,013,01675903,488,A,06013,+37.9194790,-121.9515431,06,36084,G4020,Contra Costa,Contra Costa County,06,2023-05-03,11.436025565933873,1683072000000,"{""type"":""MultiPoint"",""coordinates"":[]}"
487_00000000000000000023,1909598013,216923745,41860,H1,001,01675839,488,A,06001,+37.6471385,-121.9124880,06,36084,G4020,Alameda,Alameda County,06,2023-05-03,10.500781372193979,1683072000000,"{""type"":""MultiPoint"",""coordinates"":[]}"
487_0000000000000000001f,121375681,479216672,41860,H6,075,00277302,488,C,06075,+37.7272391,-123.0322294,06,41884,G4020,San Francisco,San Francisco County,06,2023-05-03,11.830457865446352,1683072000000,"{""type"":""MultiPoint"",""coordinates"":[]}"
488_00000000000000000021,1857233047,225282636,41860,H1,013,01675903,488,A,06013,+37.9194790,-121.9515431,06,36084,G4020,Contra Costa,Contra Costa County,06,2023-05-04,11.588086809210054,1683158400000,"{""type"":""MultiPoint"",""coordinates"":[]}"
488_00000000000000000023,1909598013,216923745,41860,H1,001,01675839,488,A,06001,+37.6471385,-121.9124880,06,36084,G4020,Alameda,Alameda County,06,2023-05-04,10.995670292507736,1683158400000,"{""type"":""MultiPoint"",""coordinates"":[]}"
488_0000000000000000001f,121375681,479216672,41860,H6,075,00277302,488,C,06075,+37.7272391,-123.0322294,06,41884,G4020,San Francisco,San Francisco County,06,2023-05-04,11.54214007748397,1683158400000,"{""type"":""MultiPoint"",""coordinates"":[]}"
489_00000000000000000021,1857233047,225282636,41860,H1,013,01675903,488,A,06013,+37.9194790,-121.9515431,06,36084,G4020,Contra Costa,Contra Costa County,06,2023-05-05,11.239042298865886,1683244800000,"{""type"":""MultiPoint"",""coordinates"":[]}"
489_00000000000000000023,1909598013,216923745,41860,H1,001,01675839,488,A,06001,+37.6471385,-121.9124880,06,36084,G4020,Alameda,Alameda County,06,2023-05-05,10.473547576253297,1683244800000,"{""type"":""MultiPoint"",""coordinates"":[]}"
489_0000000000000000001f,121375681,479216672,41860,H6,075,00277302,488,C,06075,+37.7272391,-123.0322294,06,41884,G4020,San Francisco,San Francisco County,06,2023-05-05,11.336700022320564,1683244800000,"{""type"":""MultiPoint"",""coordinates"":[]}"
490_00000000000000000021,1857233047,225282636,41860,H1,013,01675903,488,A,06013,+37.9194790,-121.9515431,06,36084,G4020,Contra Costa,Contra Costa County,06,2023-05-06,12.221784585057447,1683331200000,"{""type"":""MultiPoint"",""coordinates"":[]}"
490_00000000000000000023,1909598013,216923745,41860,H1,001,01675839,488,A,06001,+37.6471385,-121.9124880,06,36084,G4020,Alameda,Alameda County,06,2023-05-06,11.408371162067612,1683331200000,"{""type"":""MultiPoint"",""coordinates"":[]}"
490_0000000000000000001f,121375681,479216672,41860,H6,075,00277302,488,C,06075,+37.7272391,-123.0322294,06,41884,G4020,San Francisco,San Francisco County,06,2023-05-06,12.223759790515249,1683331200000,"{""type"":""MultiPoint"",""coordinates"":[]}"
491_00000000000000000021,1857233047,225282636,41860,H1,013,01675903,488,A,06013,+37.9194790,-121.9515431,06,36084,G4020,Contra Costa,Contra Costa County,06,2023-05-07,12.400834392651843,1683417600000,"{""type"":""MultiPoint"",""coordinates"":[]}"
491_00000000000000000023,1909598013,216923745,41860,H1,001,01675839,488,A,06001,+37.6471385,-121.9124880,06,36084,G4020,Alameda,Alameda County,06,2023-05-07,12.246953239375753,1683417600000,"{""type"":""MultiPoint"",""coordinates"":[]}"
491_0000000000000000001f,121375681,479216672,41860,H6,075,00277302,488,C,06075,+37.7272391,-123.0322294,06,41884,G4020,San Francisco,San Francisco County,06,2023-05-07,11.884338812763533,1683417600000,"{""type"":""MultiPoint"",""coordinates"":[]}"
492_00000000000000000021,1857233047,225282636,41860,H1,013,01675903,488,A,06013,+37.9194790,-121.9515431,06,36084,G4020,Contra Costa,Contra Costa County,06,2023-05-08,11.853757156834913,1683504000000,"{""type"":""MultiPoint"",""coordinates"":[]}"
492_00000000000000000023,1909598013,216923745,41860,H1,001,01675839,488,A,06001,+37.6471385,-121.9124880,06,36084,G4020,Alameda,Alameda County,06,2023-05-08,11.3184964490104,1683504000000,"{""type"":""MultiPoint"",""coordinates"":[]}"
492_0000000000000000001f,121375681,479216672,41860,H6,075,00277302,488,C,06075,+37.7272391,-123.0322294,06,41884,G4020,San Francisco,San Francisco County,06,2023-05-08,11.793396045037989,1683504000000,"{""type"":""MultiPoint"",""coordinates"":[]}"
493_00000000000000000021,1857233047,225282636,41860,H1,013,01675903,488,A,06013,+37.9194790,-121.9515431,06,36084,G4020,Contra Costa,Contra Costa County,06,2023-05-09,12.741589891158942,1683590400000,"{""type"":""MultiPoint"",""coordinates"":[]}"
493_00000000000000000023,1909598013,216923745,41860,H1,001,01675839,488,A,06001,+37.6471385,-121.9124880,06,36084,G4020,Alameda,Alameda County,06,2023-05-09,11.865370734477498,1683590400000,"{""type"":""MultiPoint"",""coordinates"":[]}"
493_0000000000000000001f,121375681,479216672,41860,H6,075,00277302,488,C,06075,+37.7272391,-123.0322294,06,41884,G4020,San Francisco,San Francisco County,06,2023-05-09,12.563612095914607,1683590400000,"{""type"":""MultiPoint"",""coordinates"":[]}"
494_00000000000000000021,1857233047,225282636,41860,H1,013,01675903,488,A,06013,+37.9194790,-121.9515431,06,36084,G4020,Contra Costa,Contra Costa County,06,2023-05-10,12.820050815135724,1683676800000,"{""type"":""MultiPoint"",""coordinates"":[]}"
494_00000000000000000023,1909598013,216923745,41860,H1,001,01675839,488,A,06001,+37.6471385,-121.9124880,06,36084,G4020,Alameda,Alameda County,06,2023-05-10,11.325411464568592,1683676800000,"{""type"":""MultiPoint"",""coordinates"":[]}"
494_0000000000000000001f,121375681,479216672,41860,H6,075,00277302,488,C,06075,+37.7272391,-123.0322294,06,41884,G4020,San Francisco,San Francisco County,06,2023-05-10,12.340158547131521,1683676800000,"{""type"":""MultiPoint"",""coordinates"":[]}"
495_00000000000000000021,1857233047,225282636,41860,H1,013,01675903,488,A,06013,+37.9194790,-121.9515431,06,36084,G4020,Contra Costa,Contra Costa County,06,2023-05-11,13.11010229333214,1683763200000,"{""type"":""MultiPoint"",""coordinates"":[]}"
495_00000000000000000023,1909598013,216923745,41860,H1,001,01675839,488,A,06001,+37.6471385,-121.9124880,06,36084,G4020,Alameda,Alameda County,06,2023-05-11,11.885851080358123,1683763200000,"{""type"":""MultiPoint"",""coordinates"":[]}"
495_0000000000000000001f,121375681,479216672,41860,H6,075,00277302,488,C,06075,+37.7272391,-123.0322294,06,41884,G4020,San Francisco,San Francisco County,06,2023-05-11,12.410272911607983,1683763200000,"{""type"":""MultiPoint"",""coordinates"":[]}"
496_00000000000000000021,1857233047,225282636,41860,H1,013,01675903,488,A,06013,+37.9194790,-121.9515431,06,36084,G4020,Contra Costa,Contra Costa County,06,2023-05-12,15.689132288553111,1683849600000,"{""type"":""MultiPoint"",""coordinates"":[]}"
496_00000000000000000023,1909598013,216923745,41860,H1,001,01675839,488,A,06001,+37.6471385,-121.9124880,06,36084,G4020,Alameda,Alameda County,06,2023-05-12,14.465975202835173,1683849600000,"{""type"":""MultiPoint"",""coordinates"":[]}"
496_0000000000000000001f,121375681,479216672,41860,H6,075,00277302,488,C,06075,+37.7272391,-123.0322294,06,41884,G4020,San Francisco,San Francisco County,06,2023-05-12,14.060904515535146,1683849600000,"{""type"":""MultiPoint"",""coordinates"":[]}"
497_00000000000000000021,1857233047,225282636,41860,H1,013,01675903,488,A,06013,+37.9194790,-121.9515431,06,36084,G4020,Contra Costa,Contra Costa County,06,2023-05-13,18.47250697705635,1683936000000,"{""type"":""MultiPoint"",""coordinates"":[]}"
497_00000000000000000023,1909598013,216923745,41860,H1,001,01675839,488,A,06001,+37.6471385,-121.9124880,06,36084,G4020,Alameda,Alameda County,06,2023-05-13,18.104882529672846,1683936000000,"{""type"":""MultiPoint"",""coordinates"":[]}"
497_0000000000000000001f,121375681,479216672,41860,H6,075,00277302,488,C,06075,+37.7272391,-123.0322294,06,41884,G4020,San Francisco,San Francisco County,06,2023-05-13,16.1252581780223,1683936000000,"{""type"":""MultiPoint"",""coordinates"":[]}"
498_00000000000000000021,1857233047,225282636,41860,H1,013,01675903,488,A,06013,+37.9194790,-121.9515431,06,36084,G4020,Contra Costa,Contra Costa County,06,2023-05-14,19.990588686079153,1684022400000,"{""type"":""MultiPoint"",""coordinates"":[]}"
498_00000000000000000023,1909598013,216923745,41860,H1,001,01675839,488,A,06001,+37.6471385,-121.9124880,06,36084,G4020,Alameda,Alameda County,06,2023-05-14,19.803647874062865,1684022400000,"{""type"":""MultiPoint"",""coordinates"":[]}"
498_0000000000000000001f,121375681,479216672,41860,H6,075,00277302,488,C,06075,+37.7272391,-123.0322294,06,41884,G4020,San Francisco,San Francisco County,06,2023-05-14,16.67518032917587,1684022400000,"{""type"":""MultiPoint"",""coordinates"":[]}"
499_00000000000000000021,1857233047,225282636,41860,H1,013,01675903,488,A,06013,+37.9194790,-121.9515431,06,36084,G4020,Contra Costa,Contra Costa County,06,2023-05-15,17.07999390558229,1684108800000,"{""type"":""MultiPoint"",""coordinates"":[]}"
499_00000000000000000023,1909598013,216923745,41860,H1,001,01675839,488,A,06001,+37.6471385,-121.9124880,06,36084,G4020,Alameda,Alameda County,06,2023-05-15,17.270872099035152,1684108800000,"{""type"":""MultiPoint"",""coordinates"":[]}"
499_0000000000000000001f,121375681,479216672,41860,H6,075,00277302,488,C,06075,+37.7272391,-123.0322294,06,41884,G4020,San Francisco,San Francisco County,06,2023-05-15,14.841324817650115,1684108800000,"{""type"":""MultiPoint"",""coordinates"":[]}"
500_00000000000000000021,1857233047,225282636,41860,H1,013,01675903,488,A,06013,+37.9194790,-121.9515431,06,36084,G4020,Contra Costa,Contra Costa County,06,2023-05-16,17.837135528440832,1684195200000,"{""type"":""MultiPoint"",""coordinates"":[]}"
500_00000000000000000023,1909598013,216923745,41860,H1,001,01675839,488,A,06001,+37.6471385,-121.9124880,06,36084,G4020,Alameda,Alameda County,06,2023-05-16,17.974804265088697,1684195200000,"{""type"":""MultiPoint"",""coordinates"":[]}"
500_0000000000000000001f,121375681,479216672,41860,H6,075,00277302,488,C,06075,+37.7272391,-123.0322294,06,41884,G4020,San Francisco,San Francisco County,06,2023-05-16,15.031074259282715,1684195200000,"{""type"":""MultiPoint"",""coordinates"":[]}"
501_00000000000000000021,1857233047,225282636,41860,H1,013,01675903,488,A,06013,+37.9194790,-121.9515431,06,36084,G4020,Contra Costa,Contra Costa County,06,2023-05-17,18.243635507411074,1684281600000,"{""type"":""MultiPoint"",""coordinates"":[]}"
501_00000000000000000023,1909598013,216923745,41860,H1,001,01675839,488,A,06001,+37.6471385,-121.9124880,06,36084,G4020,Alameda,Alameda County,06,2023-05-17,18.398570584885515,1684281600000,"{""type"":""MultiPoint"",""coordinates"":[]}"
501_0000000000000000001f,121375681,479216672,41860,H6,075,00277302,488,C,06075,+37.7272391,-123.0322294,06,41884,G4020,San Francisco,San Francisco County,06,2023-05-17,14.945685382107643,1684281600000,"{""type"":""MultiPoint"",""coordinates"":[]}"
502_00000000000000000021,1857233047,225282636,41860,H1,013,01675903,488,A,06013,+37.9194790,-121.9515431,06,36084,G4020,Contra Costa,Contra Costa County,06,2023-05-18,16.664247457461297,1684368000000,"{""type"":""MultiPoint"",""coordinates"":[]}"
502_00000000000000000023,1909598013,216923745,41860,H1,001,01675839,488,A,06001,+37.6471385,-121.9124880,06,36084,G4020,Alameda,Alameda County,06,2023-05-18,16.517246301094943,1684368000000,"{""type"":""MultiPoint"",""coordinates"":[]}"
502_0000000000000000001f,121375681,479216672,41860,H6,075,00277302,488,C,06075,+37.7272391,-123.0322294,06,41884,G4020,San Francisco,San Francisco County,06,2023-05-18,14.00932785073535,1684368000000,"{""type"":""MultiPoint"",""coordinates"":[]}"
503_00000000000000000021,1857233047,225282636,41860,H1,013,01675903,488,A,06013,+37.9194790,-121.9515431,06,36084,G4020,Contra Costa,Contra Costa County,06,2023-05-19,16.92325182905126,1684454400000,"{""type"":""MultiPoint"",""coordinates"":[]}"
503_00000000000000000023,1909598013,216923745,41860,H1,001,01675839,488,A,06001,+37.6471385,-121.9124880,06,36084,G4020,Alameda,Alameda County,06,2023-05-19,16.223589947759773,1684454400000,"{""type"":""MultiPoint"",""coordinates"":[]}"
503_0000000000000000001f,121375681,479216672,41860,H6,075,00277302,488,C,06075,+37.7272391,-123.0322294,06,41884,G4020,San Francisco,San Francisco County,06,2023-05-19,14.46907898972376,1684454400000,"{""type"":""MultiPoint"",""coordinates"":[]}"
504_00000000000000000021,1857233047,225282636,41860,H1,013,01675903,488,A,06013,+37.9194790,-121.9515431,06,36084,G4020,Contra Costa,Contra Costa County,06,2023-05-20,15.621828527699225,1684540800000,"{""type"":""MultiPoint"",""coordinates"":[]}"
504_00000000000000000023,1909598013,216923745,41860,H1,001,01675839,488,A,06001,+37.6471385,-121.9124880,06,36084,G4020,Alameda,Alameda County,06,2023-05-20,15.226356071466721,1684540800000,"{""type"":""MultiPoint"",""coordinates"":[]}"
504_0000000000000000001f,121375681,479216672,41860,H6,075,00277302,488,C,06075,+37.7272391,-123.0322294,06,41884,G4020,San Francisco,San Francisco County,06,2023-05-20,13.410901857052693,1684540800000,"{""type"":""MultiPoint"",""coordinates"":[]}"
505_00000000000000000021,1857233047,225282636,41860,H1,013,01675903,488,A,06013,+37.9194790,-121.9515431,06,36084,G4020,Contra Costa,Contra Costa County,06,2023-05-21,15.846640257391112,1684627200000,"{""type"":""MultiPoint"",""coordinates"":[]}"
505_00000000000000000023,1909598013,216923745,41860,H1,001,01675839,488,A,06001,+37.6471385,-121.9124880,06,36084,G4020,Alameda,Alameda County,06,2023-05-21,15.915053374900989,1684627200000,"{""type"":""MultiPoint"",""coordinates"":[]}"
505_0000000000000000001f,121375681,479216672,41860,H6,075,00277302,488,C,06075,+37.7272391,-123.0322294,06,41884,G4020,San Francisco,San Francisco County,06,2023-05-21,13.5902770400893,1684627200000,"{""type"":""MultiPoint"",""coordinates"":[]}"
506_00000000000000000021,1857233047,225282636,41860,H1,013,01675903,488,A,06013,+37.9194790,-121.9515431,06,36084,G4020,Contra Costa,Contra Costa County,06,2023-05-22,18.213781381894155,1684713600000,"{""type"":""MultiPoint"",""coordinates"":[]}"
506_00000000000000000023,1909598013,216923745,41860,H1,001,01675839,488,A,06001,+37.6471385,-121.9124880,06,36084,G4020,Alameda,Alameda County,06,2023-05-22,18.19661544703919,1684713600000,"{""type"":""MultiPoint"",""coordinates"":[]}"
506_0000000000000000001f,121375681,479216672,41860,H6,075,00277302,488,C,06075,+37.7272391,-123.0322294,06,41884,G4020,San Francisco,San Francisco County,06,2023-05-22,15.394897100373631,1684713600000,"{""type"":""MultiPoint"",""coordinates"":[]}"
507_00000000000000000021,1857233047,225282636,41860,H1,013,01675903,488,A,06013,+37.9194790,-121.9515431,06,36084,G4020,Contra Costa,Contra Costa County,06,2023-05-23,16.9339801585054,1684800000000,"{""type"":""MultiPoint"",""coordinates"":[]}"
507_00000000000000000023,1909598013,216923745,41860,H1,001,01675839,488,A,06001,+37.6471385,-121.9124880,06,36084,G4020,Alameda,Alameda County,06,2023-05-23,16.403729834350788,1684800000000,"{""type"":""MultiPoint"",""coordinates"":[]}"
507_0000000000000000001f,121375681,479216672,41860,H6,075,00277302,488,C,06075,+37.7272391,-123.0322294,06,41884,G4020,San Francisco,San Francisco County,06,2023-05-23,14.45670421755293,1684800000000,"{""type"":""MultiPoint"",""coordinates"":[]}"
508_00000000000000000021,1857233047,225282636,41860,H1,013,01675903,488,A,06013,+37.9194790,-121.9515431,06,36084,G4020,Contra Costa,Contra Costa County,06,2023-05-24,15.54564893771473,1684886400000,"{""type"":""MultiPoint"",""coordinates"":[]}"
508_00000000000000000023,1909598013,216923745,41860,H1,001,01675839,488,A,06001,+37.6471385,-121.9124880,06,36084,G4020,Alameda,Alameda County,06,2023-05-24,14.998154231549304,1684886400000,"{""type"":""MultiPoint"",""coordinates"":[]}"
508_0000000000000000001f,121375681,479216672,41860,H6,075,00277302,488,C,06075,+37.7272391,-123.0322294,06,41884,G4020,San Francisco,San Francisco County,06,2023-05-24,13.6524383399811,1684886400000,"{""type"":""MultiPoint"",""coordinates"":[]}"
509_00000000000000000021,1857233047,225282636,41860,H1,013,01675903,488,A,06013,+37.9194790,-121.9515431,06,36084,G4020,Contra Costa,Contra Costa County,06,2023-05-25,15.197714702796029,1684972800000,"{""type"":""MultiPoint"",""coordinates"":[]}"
509_00000000000000000023,1909598013,216923745,41860,H1,001,01675839,488,A,06001,+37.6471385,-121.9124880,06,36084,G4020,Alameda,Alameda County,06,2023-05-25,14.782062457003567,1684972800000,"{""type"":""MultiPoint"",""coordinates"":[]}"
509_0000000000000000001f,121375681,479216672,41860,H6,075,00277302,488,C,06075,+37.7272391,-123.0322294,06,41884,G4020,San Francisco,San Francisco County,06,2023-05-25,13.355571983922783,1684972800000,"{""type"":""MultiPoint"",""coordinates"":[]}"
510_00000000000000000021,1857233047,225282636,41860,H1,013,01675903,488,A,06013,+37.9194790,-121.9515431,06,36084,G4020,Contra Costa,Contra Costa County,06,2023-05-26,14.892304559178466,1685059200000,"{""type"":""MultiPoint"",""coordinates"":[]}"
510_00000000000000000023,1909598013,216923745,41860,H1,001,01675839,488,A,06001,+37.6471385,-121.9124880,06,36084,G4020,Alameda,Alameda County,06,2023-05-26,14.634752107837587,1685059200000,"{""type"":""MultiPoint"",""coordinates"":[]}"
510_0000000000000000001f,121375681,479216672,41860,H6,075,00277302,488,C,06075,+37.7272391,-123.0322294,06,41884,G4020,San Francisco,San Francisco County,06,2023-05-26,13.307351418943444,1685059200000,"{""type"":""MultiPoint"",""coordinates"":[]}"
511_00000000000000000021,1857233047,225282636,41860,H1,013,01675903,488,A,06013,+37.9194790,-121.9515431,06,36084,G4020,Contra Costa,Contra Costa County,06,2023-05-27,15.034902384730168,1685145600000,"{""type"":""MultiPoint"",""coordinates"":[]}"
511_00000000000000000023,1909598013,216923745,41860,H1,001,01675839,488,A,06001,+37.6471385,-121.9124880,06,36084,G4020,Alameda,Alameda County,06,2023-05-27,14.904132758043282,1685145600000,"{""type"":""MultiPoint"",""coordinates"":[]}"
511_0000000000000000001f,121375681,479216672,41860,H6,075,00277302,488,C,06075,+37.7272391,-123.0322294,06,41884,G4020,San Francisco,San Francisco County,06,2023-05-27,13.20264448563107,1685145600000,"{""type"":""MultiPoint"",""coordinates"":[]}"
512_00000000000000000021,1857233047,225282636,41860,H1,013,01675903,488,A,06013,+37.9194790,-121.9515431,06,36084,G4020,Contra Costa,Contra Costa County,06,2023-05-28,14.91321869776161,1685232000000,"{""type"":""MultiPoint"",""coordinates"":[]}"
512_00000000000000000023,1909598013,216923745,41860,H1,001,01675839,488,A,06001,+37.6471385,-121.9124880,06,36084,G4020,Alameda,Alameda County,06,2023-05-28,14.313588188057434,1685232000000,"{""type"":""MultiPoint"",""coordinates"":[]}"
512_0000000000000000001f,121375681,479216672,41860,H6,075,00277302,488,C,06075,+37.7272391,-123.0322294,06,41884,G4020,San Francisco,San Francisco County,06,2023-05-28,13.241806432157118,1685232000000,"{""type"":""MultiPoint"",""coordinates"":[]}"
513_00000000000000000021,1857233047,225282636,41860,H1,013,01675903,488,A,06013,+37.9194790,-121.9515431,06,36084,G4020,Contra Costa,Contra Costa County,06,2023-05-29,15.231432798256268,1685318400000,"{""type"":""MultiPoint"",""coordinates"":[]}"
513_00000000000000000023,1909598013,216923745,41860,H1,001,01675839,488,A,06001,+37.6471385,-121.9124880,06,36084,G4020,Alameda,Alameda County,06,2023-05-29,14.834308714246598,1685318400000,"{""type"":""MultiPoint"",""coordinates"":[]}"
513_0000000000000000001f,121375681,479216672,41860,H6,075,00277302,488,C,06075,+37.7272391,-123.0322294,06,41884,G4020,San Francisco,San Francisco County,06,2023-05-29,13.618684351544191,1685318400000,"{""type"":""MultiPoint"",""coordinates"":[]}"
514_00000000000000000021,1857233047,225282636,41860,H1,013,01675903,488,A,06013,+37.9194790,-121.9515431,06,36084,G4020,Contra Costa,Contra Costa County,06,2023-05-30,15.217613106411905,1685404800000,"{""type"":""MultiPoint"",""coordinates"":[]}"
514_00000000000000000023,1909598013,216923745,41860,H1,001,01675839,488,A,06001,+37.6471385,-121.9124880,06,36084,G4020,Alameda,Alameda County,06,2023-05-30,14.79756790606088,1685404800000,"{""type"":""MultiPoint"",""coordinates"":[]}"
514_0000000000000000001f,121375681,479216672,41860,H6,075,00277302,488,C,06075,+37.7272391,-123.0322294,06,41884,G4020,San Francisco,San Francisco County,06,2023-05-30,13.8987878628503,1685404800000,"{""type"":""MultiPoint"",""coordinates"":[]}"
515_00000000000000000021,1857233047,225282636,41860,H1,013,01675903,488,A,06013,+37.9194790,-121.9515431,06,36084,G4020,Contra Costa,Contra Costa County,06,2023-05-31,14.96603486506978,1685491200000,"{""type"":""MultiPoint"",""coordinates"":[]}"
515_00000000000000000023,1909598013,216923745,41860,H1,001,01675839,488,A,06001,+37.6471385,-121.9124880,06,36084,G4020,Alameda,Alameda County,06,2023-05-31,14.59241290779299,1685491200000,"{""type"":""MultiPoint"",""coordinates"":[]}"
515_0000000000000000001f,121375681,479216672,41860,H6,075,00277302,488,C,06075,+37.7272391,-123.0322294,06,41884,G4020,San Francisco,San Francisco County,06,2023-05-31,13.395310558464233,1685491200000,"{""type"":""MultiPoint"",""coordinates"":[]}"
516_00000000000000000021,1857233047,225282636,41860,H1,013,01675903,488,A,06013,+37.9194790,-121.9515431,06,36084,G4020,Contra Costa,Contra Costa County,06,2023-06-01,15.894358251794964,1685577600000,"{""type"":""MultiPoint"",""coordinates"":[]}"
516_00000000000000000023,1909598013,216923745,41860,H1,001,01675839,488,A,06001,+37.6471385,-121.9124880,06,36084,G4020,Alameda,Alameda County,06,2023-06-01,15.126905787489903,1685577600000,"{""type"":""MultiPoint"",""coordinates"":[]}"
516_0000000000000000001f,121375681,479216672,41860,H6,075,00277302,488,C,06075,+37.7272391,-123.0322294,06,41884,G4020,San Francisco,San Francisco County,06,2023-06-01,14.483328083021128,1685577600000,"{""type"":""MultiPoint"",""coordinates"":[]}"
517_00000000000000000021,1857233047,225282636,41860,H1,013,01675903,488,A,06013,+37.9194790,-121.9515431,06,36084,G4020,Contra Costa,Contra Costa County,06,2023-06-02,16.994868849519282,1685664000000,"{""type"":""MultiPoint"",""coordinates"":[]}"
517_00000000000000000023,1909598013,216923745,41860,H1,001,01675839,488,A,06001,+37.6471385,-121.9124880,06,36084,G4020,Alameda,Alameda County,06,2023-06-02,16.034574602536207,1685664000000,"{""type"":""MultiPoint"",""coordinates"":[]}"
517_0000000000000000001f,121375681,479216672,41860,H6,075,00277302,488,C,06075,+37.7272391,-123.0322294,06,41884,G4020,San Francisco,San Francisco County,06,2023-06-02,15.155393065274902,1685664000000,"{""type"":""MultiPoint"",""coordinates"":[]}"
518_00000000000000000021,1857233047,225282636,41860,H1,013,01675903,488,A,06013,+37.9194790,-121.9515431,06,36084,G4020,Contra Costa,Contra Costa County,06,2023-06-03,18.439661989006996,1685750400000,"{""type"":""MultiPoint"",""coordinates"":[]}"
518_00000000000000000023,1909598013,216923745,41860,H1,001,01675839,488,A,06001,+37.6471385,-121.9124880,06,36084,G4020,Alameda,Alameda County,06,2023-06-03,17.882218209951102,1685750400000,"{""type"":""MultiPoint"",""coordinates"":[]}"
518_0000000000000000001f,121375681,479216672,41860,H6,075,00277302,488,C,06075,+37.7272391,-123.0322294,06,41884,G4020,San Francisco,San Francisco County,06,2023-06-03,15.792526794571367,1685750400000,"{""type"":""MultiPoint"",""coordinates"":[]}"
519_00000000000000000021,1857233047,225282636,41860,H1,013,01675903,488,A,06013,+37.9194790,-121.9515431,06,36084,G4020,Contra Costa,Contra Costa County,06,2023-06-04,19.56411594007697,1685836800000,"{""type"":""MultiPoint"",""coordinates"":[]}"
519_00000000000000000023,1909598013,216923745,41860,H1,001,01675839,488,A,06001,+37.6471385,-121.9124880,06,36084,G4020,Alameda,Alameda County,06,2023-06-04,19.405575273901896,1685836800000,"{""type"":""MultiPoint"",""coordinates"":[]}"
519_0000000000000000001f,121375681,479216672,41860,H6,075,00277302,488,C,06075,+37.7272391,-123.0322294,06,41884,G4020,San Francisco,San Francisco County,06,2023-06-04,16.172265770111,1685836800000,"{""type"":""MultiPoint"",""coordinates"":[]}"
520_00000000000000000021,1857233047,225282636,41860,H1,013,01675903,488,A,06013,+37.9194790,-121.9515431,06,36084,G4020,Contra Costa,Contra Costa County,06,2023-06-05,18.136800737381993,1685923200000,"{""type"":""MultiPoint"",""coordinates"":[]}"
520_00000000000000000023,1909598013,216923745,41860,H1,001,01675839,488,A,06001,+37.6471385,-121.9124880,06,36084,G4020,Alameda,Alameda County,06,2023-06-05,18.50514727523551,1685923200000,"{""type"":""MultiPoint"",""coordinates"":[]}"
520_0000000000000000001f,121375681,479216672,41860,H6,075,00277302,488,C,06075,+37.7272391,-123.0322294,06,41884,G4020,San Francisco,San Francisco County,06,2023-06-05,14.563797380507657,1685923200000,"{""type"":""MultiPoint"",""coordinates"":[]}"
521_00000000000000000021,1857233047,225282636,41860,H1,013,01675903,488,A,06013,+37.9194790,-121.9515431,06,36084,G4020,Contra Costa,Contra Costa County,06,2023-06-06,17.20232100264361,1686009600000,"{""type"":""MultiPoint"",""coordinates"":[]}"
521_00000000000000000023,1909598013,216923745,41860,H1,001,01675839,488,A,06001,+37.6471385,-121.9124880,06,36084,G4020,Alameda,Alameda County,06,2023-06-06,16.944587299028793,1686009600000,"{""type"":""MultiPoint"",""coordinates"":[]}"
521_0000000000000000001f,121375681,479216672,41860,H6,075,00277302,488,C,06075,+37.7272391,-123.0322294,06,41884,G4020,San Francisco,San Francisco County,06,2023-06-06,15.195587387921208,1686009600000,"{""type"":""MultiPoint"",""coordinates"":[]}"
522_00000000000000000021,1857233047,225282636,41860,H1,013,01675903,488,A,06013,+37.9194790,-121.9515431,06,36084,G4020,Contra Costa,Contra Costa County,06,2023-06-07,16.566073432740897,1686096000000,"{""type"":""MultiPoint"",""coordinates"":[]}"
522_00000000000000000023,1909598013,216923745,41860,H1,001,01675839,488,A,06001,+37.6471385,-121.9124880,06,36084,G4020,Alameda,Alameda County,06,2023-06-07,16.245707183265104,1686096000000,"{""type"":""MultiPoint"",""coordinates"":[]}"
522_0000000000000000001f,121375681,479216672,41860,H6,075,00277302,488,C,06075,+37.7272391,-123.0322294,06,41884,G4020,San Francisco,San Francisco County,06,2023-06-07,15.141644313426129,1686096000000,"{""type"":""MultiPoint"",""coordinates"":[]}"
523_00000000000000000021,1857233047,225282636,41860,H1,013,01675903,488,A,06013,+37.9194790,-121.9515431,06,36084,G4020,Contra Costa,Contra Costa County,06,2023-06-08,17.144437422514155,1686182400000,"{""type"":""MultiPoint"",""coordinates"":[]}"
523_00000000000000000023,1909598013,216923745,41860,H1,001,01675839,488,A,06001,+37.6471385,-121.9124880,06,36084,G4020,Alameda,Alameda County,06,2023-06-08,16.9050228597495,1686182400000,"{""type"":""MultiPoint"",""coordinates"":[]}"
523_0000000000000000001f,121375681,479216672,41860,H6,075,00277302,488,C,06075,+37.7272391,-123.0322294,06,41884,G4020,San Francisco,San Francisco County,06,2023-06-08,15.332902414947881,1686182400000,"{""type"":""MultiPoint"",""coordinates"":[]}"
524_00000000000000000021,1857233047,225282636,41860,H1,013,01675903,488,A,06013,+37.9194790,-121.9515431,06,36084,G4020,Contra Costa,Contra Costa County,06,2023-06-09,16.27742294679245,1686268800000,"{""type"":""MultiPoint"",""coordinates"":[]}"
524_00000000000000000023,1909598013,216923745,41860,H1,001,01675839,488,A,06001,+37.6471385,-121.9124880,06,36084,G4020,Alameda,Alameda County,06,2023-06-09,16.11010986478688,1686268800000,"{""type"":""MultiPoint"",""coordinates"":[]}"
524_0000000000000000001f,121375681,479216672,41860,H6,075,00277302,488,C,06075,+37.7272391,-123.0322294,06,41884,G4020,San Francisco,San Francisco County,06,2023-06-09,14.102707881669277,1686268800000,"{""type"":""MultiPoint"",""coordinates"":[]}"
525_00000000000000000021,1857233047,225282636,41860,H1,013,01675903,488,A,06013,+37.9194790,-121.9515431,06,36084,G4020,Contra Costa,Contra Costa County,06,2023-06-10,15.40473196854459,1686355200000,"{""type"":""MultiPoint"",""coordinates"":[]}"
525_00000000000000000023,1909598013,216923745,41860,H1,001,01675839,488,A,06001,+37.6471385,-121.9124880,06,36084,G4020,Alameda,Alameda County,06,2023-06-10,15.344697672261118,1686355200000,"{""type"":""MultiPoint"",""coordinates"":[]}"
525_0000000000000000001f,121375681,479216672,41860,H6,075,00277302,488,C,06075,+37.7272391,-123.0322294,06,41884,G4020,San Francisco,San Francisco County,06,2023-06-10,13.398649509363548,1686355200000,"{""type"":""MultiPoint"",""coordinates"":[]}"
526_00000000000000000021,1857233047,225282636,41860,H1,013,01675903,488,A,06013,+37.9194790,-121.9515431,06,36084,G4020,Contra Costa,Contra Costa County,06,2023-06-11,16.751068411351905,1686441600000,"{""type"":""MultiPoint"",""coordinates"":[]}"
526_00000000000000000023,1909598013,216923745,41860,H1,001,01675839,488,A,06001,+37.6471385,-121.9124880,06,36084,G4020,Alameda,Alameda County,06,2023-06-11,16.51697037164148,1686441600000,"{""type"":""MultiPoint"",""coordinates"":[]}"
526_0000000000000000001f,121375681,479216672,41860,H6,075,00277302,488,C,06075,+37.7272391,-123.0322294,06,41884,G4020,San Francisco,San Francisco County,06,2023-06-11,14.295391746584983,1686441600000,"{""type"":""MultiPoint"",""coordinates"":[]}"
527_00000000000000000021,1857233047,225282636,41860,H1,013,01675903,488,A,06013,+37.9194790,-121.9515431,06,36084,G4020,Contra Costa,Contra Costa County,06,2023-06-12,16.887960160864584,1686528000000,"{""type"":""MultiPoint"",""coordinates"":[]}"
527_00000000000000000023,1909598013,216923745,41860,H1,001,01675839,488,A,06001,+37.6471385,-121.9124880,06,36084,G4020,Alameda,Alameda County,06,2023-06-12,16.727426699552225,1686528000000,"{""type"":""MultiPoint"",""coordinates"":[]}"
527_0000000000000000001f,121375681,479216672,41860,H6,075,00277302,488,C,06075,+37.7272391,-123.0322294,06,41884,G4020,San Francisco,San Francisco County,06,2023-06-12,14.816611478499363,1686528000000,"{""type"":""MultiPoint"",""coordinates"":[]}"
528_00000000000000000021,1857233047,225282636,41860,H1,013,01675903,488,A,06013,+37.9194790,-121.9515431,06,36084,G4020,Contra Costa,Contra Costa County,06,2023-06-13,16.94064706493493,1686614400000,"{""type"":""MultiPoint"",""coordinates"":[]}"
528_00000000000000000023,1909598013,216923745,41860,H1,001,01675839,488,A,06001,+37.6471385,-121.9124880,06,36084,G4020,Alameda,Alameda County,06,2023-06-13,16.97993522826148,1686614400000,"{""type"":""MultiPoint"",""coordinates"":[]}"
528_0000000000000000001f,121375681,479216672,41860,H6,075,00277302,488,C,06075,+37.7272391,-123.0322294,06,41884,G4020,San Francisco,San Francisco County,06,2023-06-13,14.662033770700816,1686614400000,"{""type"":""MultiPoint"",""coordinates"":[]}"
529_00000000000000000021,1857233047,225282636,41860,H1,013,01675903,488,A,06013,+37.9194790,-121.9515431,06,36084,G4020,Contra Costa,Contra Costa County,06,2023-06-14,17.40029791810872,1686700800000,"{""type"":""MultiPoint"",""coordinates"":[]}"
529_00000000000000000023,1909598013,216923745,41860,H1,001,01675839,488,A,06001,+37.6471385,-121.9124880,06,36084,G4020,Alameda,Alameda County,06,2023-06-14,17.750617578459288,1686700800000,"{""type"":""MultiPoint"",""coordinates"":[]}"
529_0000000000000000001f,121375681,479216672,41860,H6,075,00277302,488,C,06075,+37.7272391,-123.0322294,06,41884,G4020,San Francisco,San Francisco County,06,2023-06-14,14.661894253866695,1686700800000,"{""type"":""MultiPoint"",""coordinates"":[]}"
530_00000000000000000021,1857233047,225282636,41860,H1,013,01675903,488,A,06013,+37.9194790,-121.9515431,06,36084,G4020,Contra Costa,Contra Costa County,06,2023-06-15,18.117011435811776,1686787200000,"{""type"":""MultiPoint"",""coordinates"":[]}"
530_00000000000000000023,1909598013,216923745,41860,H1,001,01675839,488,A,06001,+37.6471385,-121.9124880,06,36084,G4020,Alameda,Alameda County,06,2023-06-15,18.396591460182407,1686787200000,"{""type"":""MultiPoint"",""coordinates"":[]}"
530_0000000000000000001f,121375681,479216672,41860,H6,075,00277302,488,C,06075,+37.7272391,-123.0322294,06,41884,G4020,San Francisco,San Francisco County,06,2023-06-15,15.344563170973537,1686787200000,"{""type"":""MultiPoint"",""coordinates"":[]}"
531_00000000000000000021,1857233047,225282636,41860,H1,013,01675903,488,A,06013,+37.9194790,-121.9515431,06,36084,G4020,Contra Costa,Contra Costa County,06,2023-06-16,18.220852834452515,1686873600000,"{""type"":""MultiPoint"",""coordinates"":[]}"
531_00000000000000000023,1909598013,216923745,41860,H1,001,01675839,488,A,06001,+37.6471385,-121.9124880,06,36084,G4020,Alameda,Alameda County,06,2023-06-16,18.62629218909243,1686873600000,"{""type"":""MultiPoint"",""coordinates"":[]}"
531_0000000000000000001f,121375681,479216672,41860,H6,075,00277302,488,C,06075,+37.7272391,-123.0322294,06,41884,G4020,San Francisco,San Francisco County,06,2023-06-16,15.320373272972704,1686873600000,"{""type"":""MultiPoint"",""coordinates"":[]}"
532_00000000000000000021,1857233047,225282636,41860,H1,013,01675903,488,A,06013,+37.9194790,-121.9515431,06,36084,G4020,Contra Costa,Contra Costa County,06,2023-06-17,18.11742458650601,1686960000000,"{""type"":""MultiPoint"",""coordinates"":[]}"
532_00000000000000000023,1909598013,216923745,41860,H1,001,01675839,488,A,06001,+37.6471385,-121.9124880,06,36084,G4020,Alameda,Alameda County,06,2023-06-17,19.127697438107123,1686960000000,"{""type"":""MultiPoint"",""coordinates"":[]}"
532_0000000000000000001f,121375681,479216672,41860,H6,075,00277302,488,C,06075,+37.7272391,-123.0322294,06,41884,G4020,San Francisco,San Francisco County,06,2023-06-17,14.985366229531419,1686960000000,"{""type"":""MultiPoint"",""coordinates"":[]}"
533_00000000000000000021,1857233047,225282636,41860,H1,013,01675903,488,A,06013,+37.9194790,-121.9515431,06,36084,G4020,Contra Costa,Contra Costa County,06,2023-06-18,19.049097413740355,1687046400000,"{""type"":""MultiPoint"",""coordinates"":[]}"
533_00000000000000000023,1909598013,216923745,41860,H1,001,01675839,488,A,06001,+37.6471385,-121.9124880,06,36084,G4020,Alameda,Alameda County,06,2023-06-18,18.562955086781006,1687046400000,"{""type"":""MultiPoint"",""coordinates"":[]}"
533_0000000000000000001f,121375681,479216672,41860,H6,075,00277302,488,C,06075,+37.7272391,-123.0322294,06,41884,G4020,San Francisco,San Francisco County,06,2023-06-18,16.434909923610043,1687046400000,"{""type"":""MultiPoint"",""coordinates"":[]}"
534_00000000000000000021,1857233047,225282636,41860,H1,013,01675903,488,A,06013,+37.9194790,-121.9515431,06,36084,G4020,Contra Costa,Contra Costa County,06,2023-06-19,15.895179710614064,1687132800000,"{""type"":""MultiPoint"",""coordinates"":[]}"
534_00000000000000000023,1909598013,216923745,41860,H1,001,01675839,488,A,06001,+37.6471385,-121.9124880,06,36084,G4020,Alameda,Alameda County,06,2023-06-19,14.546190515523158,1687132800000,"{""type"":""MultiPoint"",""coordinates"":[]}"
534_0000000000000000001f,121375681,479216672,41860,H6,075,00277302,488,C,06075,+37.7272391,-123.0322294,06,41884,G4020,San Francisco,San Francisco County,06,2023-06-19,14.750159026637226,1687132800000,"{""type"":""MultiPoint"",""coordinates"":[]}"
535_00000000000000000021,1857233047,225282636,41860,H1,013,01675903,488,A,06013,+37.9194790,-121.9515431,06,36084,G4020,Contra Costa,Contra Costa County,06,2023-06-20,15.984651194186416,1687219200000,"{""type"":""MultiPoint"",""coordinates"":[]}"
535_00000000000000000023,1909598013,216923745,41860,H1,001,01675839,488,A,06001,+37.6471385,-121.9124880,06,36084,G4020,Alameda,Alameda County,06,2023-06-20,14.750910047204489,1687219200000,"{""type"":""MultiPoint"",""coordinates"":[]}"
535_0000000000000000001f,121375681,479216672,41860,H6,075,00277302,488,C,06075,+37.7272391,-123.0322294,06,41884,G4020,San Francisco,San Francisco County,06,2023-06-20,15.118959703328638,1687219200000,"{""type"":""MultiPoint"",""coordinates"":[]}"
536_00000000000000000021,1857233047,225282636,41860,H1,013,01675903,488,A,06013,+37.9194790,-121.9515431,06,36084,G4020,Contra Costa,Contra Costa County,06,2023-06-21,17.09366506654006,1687305600000,"{""type"":""MultiPoint"",""coordinates"":[]}"
536_00000000000000000023,1909598013,216923745,41860,H1,001,01675839,488,A,06001,+37.6471385,-121.9124880,06,36084,G4020,Alameda,Alameda County,06,2023-06-21,15.800014670676783,1687305600000,"{""type"":""MultiPoint"",""coordinates"":[]}"
536_0000000000000000001f,121375681,479216672,41860,H6,075,00277302,488,C,06075,+37.7272391,-123.0322294,06,41884,G4020,San Francisco,San Francisco County,06,2023-06-21,15.297871087060155,1687305600000,"{""type"":""MultiPoint"",""coordinates"":[]}"
537_00000000000000000021,1857233047,225282636,41860,H1,013,01675903,488,A,06013,+37.9194790,-121.9515431,06,36084,G4020,Contra Costa,Contra Costa County,06,2023-06-22,16.48629518031234,1687392000000,"{""type"":""MultiPoint"",""coordinates"":[]}"
537_00000000000000000023,1909598013,216923745,41860,H1,001,01675839,488,A,06001,+37.6471385,-121.9124880,06,36084,G4020,Alameda,Alameda County,06,2023-06-22,15.636865746197588,1687392000000,"{""type"":""MultiPoint"",""coordinates"":[]}"
537_0000000000000000001f,121375681,479216672,41860,H6,075,00277302,488,C,06075,+37.7272391,-123.0322294,06,41884,G4020,San Francisco,San Francisco County,06,2023-06-22,14.619882718645185,1687392000000,"{""type"":""MultiPoint"",""coordinates"":[]}"
538_00000000000000000021,1857233047,225282636,41860,H1,013,01675903,488,A,06013,+37.9194790,-121.9515431,06,36084,G4020,Contra Costa,Contra Costa County,06,2023-06-23,16.32162582426785,1687478400000,"{""type"":""MultiPoint"",""coordinates"":[]}"
538_00000000000000000023,1909598013,216923745,41860,H1,001,01675839,488,A,06001,+37.6471385,-121.9124880,06,36084,G4020,Alameda,Alameda County,06,2023-06-23,15.742895270048438,1687478400000,"{""type"":""MultiPoint"",""coordinates"":[]}"
538_0000000000000000001f,121375681,479216672,41860,H6,075,00277302,488,C,06075,+37.7272391,-123.0322294,06,41884,G4020,San Francisco,San Francisco County,06,2023-06-23,14.782817975603189,1687478400000,"{""type"":""MultiPoint"",""coordinates"":[]}"
539_00000000000000000021,1857233047,225282636,41860,H1,013,01675903,488,A,06013,+37.9194790,-121.9515431,06,36084,G4020,Contra Costa,Contra Costa County,06,2023-06-24,16.130836447310312,1687564800000,"{""type"":""MultiPoint"",""coordinates"":[]}"
539_00000000000000000023,1909598013,216923745,41860,H1,001,01675839,488,A,06001,+37.6471385,-121.9124880,06,36084,G4020,Alameda,Alameda County,06,2023-06-24,15.55568780671422,1687564800000,"{""type"":""MultiPoint"",""coordinates"":[]}"
539_0000000000000000001f,121375681,479216672,41860,H6,075,00277302,488,C,06075,+37.7272391,-123.0322294,06,41884,G4020,San Francisco,San Francisco County,06,2023-06-24,14.136989290740413,1687564800000,"{""type"":""MultiPoint"",""coordinates"":[]}"
540_00000000000000000021,1857233047,225282636,41860,H1,013,01675903,488,A,06013,+37.9194790,-121.9515431,06,36084,G4020,Contra Costa,Contra Costa County,06,2023-06-25,15.604434524945082,1687651200000,"{""type"":""MultiPoint"",""coordinates"":[]}"
540_00000000000000000023,1909598013,216923745,41860,H1,001,01675839,488,A,06001,+37.6471385,-121.9124880,06,36084,G4020,Alameda,Alameda County,06,2023-06-25,14.954079829576079,1687651200000,"{""type"":""MultiPoint"",""coordinates"":[]}"
540_0000000000000000001f,121375681,479216672,41860,H6,075,00277302,488,C,06075,+37.7272391,-123.0322294,06,41884,G4020,San Francisco,San Francisco County,06,2023-06-25,13.993300887156437,1687651200000,"{""type"":""MultiPoint"",""coordinates"":[]}"
541_00000000000000000021,1857233047,225282636,41860,H1,013,01675903,488,A,06013,+37.9194790,-121.9515431,06,36084,G4020,Contra Costa,Contra Costa County,06,2023-06-26,16.074558025775,1687737600000,"{""type"":""MultiPoint"",""coordinates"":[]}"
541_00000000000000000023,1909598013,216923745,41860,H1,001,01675839,488,A,06001,+37.6471385,-121.9124880,06,36084,G4020,Alameda,Alameda County,06,2023-06-26,15.569630153969978,1687737600000,"{""type"":""MultiPoint"",""coordinates"":[]}"
541_0000000000000000001f,121375681,479216672,41860,H6,075,00277302,488,C,06075,+37.7272391,-123.0322294,06,41884,G4020,San Francisco,San Francisco County,06,2023-06-26,14.255793898955694,1687737600000,"{""type"":""MultiPoint"",""coordinates"":[]}"
542_00000000000000000021,1857233047,225282636,41860,H1,013,01675903,488,A,06013,+37.9194790,-121.9515431,06,36084,G4020,Contra Costa,Contra Costa County,06,2023-06-27,16.43734981964421,1687824000000,"{""type"":""MultiPoint"",""coordinates"":[]}"
542_00000000000000000023,1909598013,216923745,41860,H1,001,01675839,488,A,06001,+37.6471385,-121.9124880,06,36084,G4020,Alameda,Alameda County,06,2023-06-27,15.919982894889918,1687824000000,"{""type"":""MultiPoint"",""coordinates"":[]}"
542_0000000000000000001f,121375681,479216672,41860,H6,075,00277302,488,C,06075,+37.7272391,-123.0322294,06,41884,G4020,San Francisco,San Francisco County,06,2023-06-27,14.187201478172332,1687824000000,"{""type"":""MultiPoint"",""coordinates"":[]}"
543_00000000000000000021,1857233047,225282636,41860,H1,013,01675903,488,A,06013,+37.9194790,-121.9515431,06,36084,G4020,Contra Costa,Contra Costa County,06,2023-06-28,16.678622530712047,1687910400000,"{""type"":""MultiPoint"",""coordinates"":[]}"
543_00000000000000000023,1909598013,216923745,41860,H1,001,01675839,488,A,06001,+37.6471385,-121.9124880,06,36084,G4020,Alameda,Alameda County,06,2023-06-28,16.298035740377934,1687910400000,"{""type"":""MultiPoint"",""coordinates"":[]}"
543_0000000000000000001f,121375681,479216672,41860,H6,075,00277302,488,C,06075,+37.7272391,-123.0322294,06,41884,G4020,San Francisco,San Francisco County,06,2023-06-28,14.040415846617474,1687910400000,"{""type"":""MultiPoint"",""coordinates"":[]}"
544_00000000000000000021,1857233047,225282636,41860,H1,013,01675903,488,A,06013,+37.9194790,-121.9515431,06,36084,G4020,Contra Costa,Contra Costa County,06,2023-06-29,18.5171017777255,1687996800000,"{""type"":""MultiPoint"",""coordinates"":[]}"
544_00000000000000000023,1909598013,216923745,41860,H1,001,01675839,488,A,06001,+37.6471385,-121.9124880,06,36084,G4020,Alameda,Alameda County,06,2023-06-29,18.82784458387716,1687996800000,"{""type"":""MultiPoint"",""coordinates"":[]}"
544_0000000000000000001f,121375681,479216672,41860,H6,075,00277302,488,C,06075,+37.7272391,-123.0322294,06,41884,G4020,San Francisco,San Francisco County,06,2023-06-29,14.891983782130652,1687996800000,"{""type"":""MultiPoint"",""coordinates"":[]}"
545_00000000000000000021,1857233047,225282636,41860,H1,013,01675903,488,A,06013,+37.9194790,-121.9515431,06,36084,G4020,Contra Costa,Contra Costa County,06,2023-06-30,21.485119664925378,1688083200000,"{""type"":""MultiPoint"",""coordinates"":[]}"
545_00000000000000000023,1909598013,216923745,41860,H1,001,01675839,488,A,06001,+37.6471385,-121.9124880,06,36084,G4020,Alameda,Alameda County,06,2023-06-30,22.53221825682261,1688083200000,"{""type"":""MultiPoint"",""coordinates"":[]}"
545_0000000000000000001f,121375681,479216672,41860,H6,075,00277302,488,C,06075,+37.7272391,-123.0322294,06,41884,G4020,San Francisco,San Francisco County,06,2023-06-30,16.68332279311083,1688083200000,"{""type"":""MultiPoint"",""coordinates"":[]}"
546_00000000000000000021,1857233047,225282636,41860,H1,013,01675903,488,A,06013,+37.9194790,-121.9515431,06,36084,G4020,Contra Costa,Contra Costa County,06,2023-07-01,23.65140134851622,1688169600000,"{""type"":""MultiPoint"",""coordinates"":[]}"
546_00000000000000000023,1909598013,216923745,41860,H1,001,01675839,488,A,06001,+37.6471385,-121.9124880,06,36084,G4020,Alameda,Alameda County,06,2023-07-01,25.443230945891465,1688169600000,"{""type"":""MultiPoint"",""coordinates"":[]}"
546_0000000000000000001f,121375681,479216672,41860,H6,075,00277302,488,C,06075,+37.7272391,-123.0322294,06,41884,G4020,San Francisco,San Francisco County,06,2023-07-01,18.21479960773012,1688169600000,"{""type"":""MultiPoint"",""coordinates"":[]}"
547_00000000000000000021,1857233047,225282636,41860,H1,013,01675903,488,A,06013,+37.9194790,-121.9515431,06,36084,G4020,Contra Costa,Contra Costa County,06,2023-07-02,25.11660287507762,1688256000000,"{""type"":""MultiPoint"",""coordinates"":[]}"
547_00000000000000000023,1909598013,216923745,41860,H1,001,01675839,488,A,06001,+37.6471385,-121.9124880,06,36084,G4020,Alameda,Alameda County,06,2023-07-02,26.67089928070352,1688256000000,"{""type"":""MultiPoint"",""coordinates"":[]}"
547_0000000000000000001f,121375681,479216672,41860,H6,075,00277302,488,C,06075,+37.7272391,-123.0322294,06,41884,G4020,San Francisco,San Francisco County,06,2023-07-02,19.16949066639255,1688256000000,"{""type"":""MultiPoint"",""coordinates"":[]}"
548_00000000000000000021,1857233047,225282636,41860,H1,013,01675903,488,A,06013,+37.9194790,-121.9515431,06,36084,G4020,Contra Costa,Contra Costa County,06,2023-07-03,22.306133949356674,1688342400000,"{""type"":""MultiPoint"",""coordinates"":[]}"
548_00000000000000000023,1909598013,216923745,41860,H1,001,01675839,488,A,06001,+37.6471385,-121.9124880,06,36084,G4020,Alameda,Alameda County,06,2023-07-03,23.706750986645893,1688342400000,"{""type"":""MultiPoint"",""coordinates"":[]}"
548_0000000000000000001f,121375681,479216672,41860,H6,075,00277302,488,C,06075,+37.7272391,-123.0322294,06,41884,G4020,San Francisco,San Francisco County,06,2023-07-03,17.138760054272904,1688342400000,"{""type"":""MultiPoint"",""coordinates"":[]}"
549_00000000000000000021,1857233047,225282636,41860,H1,013,01675903,488,A,06013,+37.9194790,-121.9515431,06,36084,G4020,Contra Costa,Contra Costa County,06,2023-07-04,18.710188249314815,1688428800000,"{""type"":""MultiPoint"",""coordinates"":[]}"
549_00000000000000000023,1909598013,216923745,41860,H1,001,01675839,488,A,06001,+37.6471385,-121.9124880,06,36084,G4020,Alameda,Alameda County,06,2023-07-04,20.20221435482111,1688428800000,"{""type"":""MultiPoint"",""coordinates"":[]}"
549_0000000000000000001f,121375681,479216672,41860,H6,075,00277302,488,C,06075,+37.7272391,-123.0322294,06,41884,G4020,San Francisco,San Francisco County,06,2023-07-04,14.820848631966445,1688428800000,"{""type"":""MultiPoint"",""coordinates"":[]}"
550_00000000000000000021,1857233047,225282636,41860,H1,013,01675903,488,A,06013,+37.9194790,-121.9515431,06,36084,G4020,Contra Costa,Contra Costa County,06,2023-07-05,17.67195068542445,1688515200000,"{""type"":""MultiPoint"",""coordinates"":[]}"
550_00000000000000000023,1909598013,216923745,41860,H1,001,01675839,488,A,06001,+37.6471385,-121.9124880,06,36084,G4020,Alameda,Alameda County,06,2023-07-05,18.903908418685173,1688515200000,"{""type"":""MultiPoint"",""coordinates"":[]}"
550_0000000000000000001f,121375681,479216672,41860,H6,075,00277302,488,C,06075,+37.7272391,-123.0322294,06,41884,G4020,San Francisco,San Francisco County,06,2023-07-05,14.627118344678966,1688515200000,"{""type"":""MultiPoint"",""coordinates"":[]}"
551_00000000000000000021,1857233047,225282636,41860,H1,013,01675903,488,A,06013,+37.9194790,-121.9515431,06,36084,G4020,Contra Costa,Contra Costa County,06,2023-07-06,16.74052229897435,1688601600000,"{""type"":""MultiPoint"",""coordinates"":[]}"
551_00000000000000000023,1909598013,216923745,41860,H1,001,01675839,488,A,06001,+37.6471385,-121.9124880,06,36084,G4020,Alameda,Alameda County,06,2023-07-06,17.423506907534648,1688601600000,"{""type"":""MultiPoint"",""coordinates"":[]}"
551_0000000000000000001f,121375681,479216672,41860,H6,075,00277302,488,C,06075,+37.7272391,-123.0322294,06,41884,G4020,San Francisco,San Francisco County,06,2023-07-06,14.390639722370324,1688601600000,"{""type"":""MultiPoint"",""coordinates"":[]}"
552_00000000000000000021,1857233047,225282636,41860,H1,013,01675903,488,A,06013,+37.9194790,-121.9515431,06,36084,G4020,Contra Costa,Contra Costa County,06,2023-07-07,16.703515445300717,1688688000000,"{""type"":""MultiPoint"",""coordinates"":[]}"
552_00000000000000000023,1909598013,216923745,41860,H1,001,01675839,488,A,06001,+37.6471385,-121.9124880,06,36084,G4020,Alameda,Alameda County,06,2023-07-07,16.78105692890015,1688688000000,"{""type"":""MultiPoint"",""coordinates"":[]}"
552_0000000000000000001f,121375681,479216672,41860,H6,075,00277302,488,C,06075,+37.7272391,-123.0322294,06,41884,G4020,San Francisco,San Francisco County,06,2023-07-07,14.489052726160264,1688688000000,"{""type"":""MultiPoint"",""coordinates"":[]}"
553_00000000000000000021,1857233047,225282636,41860,H1,013,01675903,488,A,06013,+37.9194790,-121.9515431,06,36084,G4020,Contra Costa,Contra Costa County,06,2023-07-08,16.63239177768448,1688774400000,"{""type"":""MultiPoint"",""coordinates"":[]}"
553_00000000000000000023,1909598013,216923745,41860,H1,001,01675839,488,A,06001,+37.6471385,-121.9124880,06,36084,G4020,Alameda,Alameda County,06,2023-07-08,15.980223373641055,1688774400000,"{""type"":""MultiPoint"",""coordinates"":[]}"
553_0000000000000000001f,121375681,479216672,41860,H6,075,00277302,488,C,06075,+37.7272391,-123.0322294,06,41884,G4020,San Francisco,San Francisco County,06,2023-07-08,14.73036772668325,1688774400000,"{""type"":""MultiPoint"",""coordinates"":[]}"
554_00000000000000000021,1857233047,225282636,41860,H1,013,01675903,488,A,06013,+37.9194790,-121.9515431,06,36084,G4020,Contra Costa,Contra Costa County,06,2023-07-09,15.676146778714157,1688860800000,"{""type"":""MultiPoint"",""coordinates"":[]}"
554_00000000000000000023,1909598013,216923745,41860,H1,001,01675839,488,A,06001,+37.6471385,-121.9124880,06,36084,G4020,Alameda,Alameda County,06,2023-07-09,14.992465199888537,1688860800000,"{""type"":""MultiPoint"",""coordinates"":[]}"
554_0000000000000000001f,121375681,479216672,41860,H6,075,00277302,488,C,06075,+37.7272391,-123.0322294,06,41884,G4020,San Francisco,San Francisco County,06,2023-07-09,14.175750579686444,1688860800000,"{""type"":""MultiPoint"",""coordinates"":[]}"
555_00000000000000000021,1857233047,225282636,41860,H1,013,01675903,488,A,06013,+37.9194790,-121.9515431,06,36084,G4020,Contra Costa,Contra Costa County,06,2023-07-10,16.99907509770192,1688947200000,"{""type"":""MultiPoint"",""coordinates"":[]}"
555_00000000000000000023,1909598013,216923745,41860,H1,001,01675839,488,A,06001,+37.6471385,-121.9124880,06,36084,G4020,Alameda,Alameda County,06,2023-07-10,16.54157099041722,1688947200000,"{""type"":""MultiPoint"",""coordinates"":[]}"
555_0000000000000000001f,121375681,479216672,41860,H6,075,00277302,488,C,06075,+37.7272391,-123.0322294,06,41884,G4020,San Francisco,San Francisco County,06,2023-07-10,15.094413945230674,1688947200000,"{""type"":""MultiPoint"",""coordinates"":[]}"
556_00000000000000000021,1857233047,225282636,41860,H1,013,01675903,488,A,06013,+37.9194790,-121.9515431,06,36084,G4020,Contra Costa,Contra Costa County,06,2023-07-11,19.718474893360938,1689033600000,"{""type"":""MultiPoint"",""coordinates"":[]}"
556_00000000000000000023,1909598013,216923745,41860,H1,001,01675839,488,A,06001,+37.6471385,-121.9124880,06,36084,G4020,Alameda,Alameda County,06,2023-07-11,20.07456702883233,1689033600000,"{""type"":""MultiPoint"",""coordinates"":[]}"
556_0000000000000000001f,121375681,479216672,41860,H6,075,00277302,488,C,06075,+37.7272391,-123.0322294,06,41884,G4020,San Francisco,San Francisco County,06,2023-07-11,16.26849394723882,1689033600000,"{""type"":""MultiPoint"",""coordinates"":[]}"
557_00000000000000000021,1857233047,225282636,41860,H1,013,01675903,488,A,06013,+37.9194790,-121.9515431,06,36084,G4020,Contra Costa,Contra Costa County,06,2023-07-12,19.924102877035104,1689120000000,"{""type"":""MultiPoint"",""coordinates"":[]}"
557_00000000000000000023,1909598013,216923745,41860,H1,001,01675839,488,A,06001,+37.6471385,-121.9124880,06,36084,G4020,Alameda,Alameda County,06,2023-07-12,20.729964887474893,1689120000000,"{""type"":""MultiPoint"",""coordinates"":[]}"
557_0000000000000000001f,121375681,479216672,41860,H6,075,00277302,488,C,06075,+37.7272391,-123.0322294,06,41884,G4020,San Francisco,San Francisco County,06,2023-07-12,15.723305949758997,1689120000000,"{""type"":""MultiPoint"",""coordinates"":[]}"
558_00000000000000000021,1857233047,225282636,41860,H1,013,01675903,488,A,06013,+37.9194790,-121.9515431,06,36084,G4020,Contra Costa,Contra Costa County,06,2023-07-13,20.658089236176956,1689206400000,"{""type"":""MultiPoint"",""coordinates"":[]}"
558_00000000000000000023,1909598013,216923745,41860,H1,001,01675839,488,A,06001,+37.6471385,-121.9124880,06,36084,G4020,Alameda,Alameda County,06,2023-07-13,21.003624699624524,1689206400000,"{""type"":""MultiPoint"",""coordinates"":[]}"
558_0000000000000000001f,121375681,479216672,41860,H6,075,00277302,488,C,06075,+37.7272391,-123.0322294,06,41884,G4020,San Francisco,San Francisco County,06,2023-07-13,17.08539500848318,1689206400000,"{""type"":""MultiPoint"",""coordinates"":[]}"
559_00000000000000000021,1857233047,225282636,41860,H1,013,01675903,488,A,06013,+37.9194790,-121.9515431,06,36084,G4020,Contra Costa,Contra Costa County,06,2023-07-14,20.952830184884238,1689292800000,"{""type"":""MultiPoint"",""coordinates"":[]}"
559_00000000000000000023,1909598013,216923745,41860,H1,001,01675839,488,A,06001,+37.6471385,-121.9124880,06,36084,G4020,Alameda,Alameda County,06,2023-07-14,21.36665559153294,1689292800000,"{""type"":""MultiPoint"",""coordinates"":[]}"
559_0000000000000000001f,121375681,479216672,41860,H6,075,00277302,488,C,06075,+37.7272391,-123.0322294,06,41884,G4020,San Francisco,San Francisco County,06,2023-07-14,16.38474033240118,1689292800000,"{""type"":""MultiPoint"",""coordinates"":[]}"
560_00000000000000000021,1857233047,225282636,41860,H1,013,01675903,488,A,06013,+37.9194790,-121.9515431,06,36084,G4020,Contra Costa,Contra Costa County,06,2023-07-15,22.166593759983932,1689379200000,"{""type"":""MultiPoint"",""coordinates"":[]}"
560_00000000000000000023,1909598013,216923745,41860,H1,001,01675839,488,A,06001,+37.6471385,-121.9124880,06,36084,G4020,Alameda,Alameda County,06,2023-07-15,23.13274090180594,1689379200000,"{""type"":""MultiPoint"",""coordinates"":[]}"
560_0000000000000000001f,121375681,479216672,41860,H6,075,00277302,488,C,06075,+37.7272391,-123.0322294,06,41884,G4020,San Francisco,San Francisco County,06,2023-07-15,17.138231612942768,1689379200000,"{""type"":""MultiPoint"",""coordinates"":[]}"
561_00000000000000000021,1857233047,225282636,41860,H1,013,01675903,488,A,06013,+37.9194790,-121.9515431,06,36084,G4020,Contra Costa,Contra Costa County,06,2023-07-16,24.346288103218768,1689465600000,"{""type"":""MultiPoint"",""coordinates"":[]}"
561_00000000000000000023,1909598013,216923745,41860,H1,001,01675839,488,A,06001,+37.6471385,-121.9124880,06,36084,G4020,Alameda,Alameda County,06,2023-07-16,25.997551706834667,1689465600000,"{""type"":""MultiPoint"",""coordinates"":[]}"
561_0000000000000000001f,121375681,479216672,41860,H6,075,00277302,488,C,06075,+37.7272391,-123.0322294,06,41884,G4020,San Francisco,San Francisco County,06,2023-07-16,18.594735854276166,1689465600000,"{""type"":""MultiPoint"",""coordinates"":[]}"
562_00000000000000000021,1857233047,225282636,41860,H1,013,01675903,488,A,06013,+37.9194790,-121.9515431,06,36084,G4020,Contra Costa,Contra Costa County,06,2023-07-17,23.83653260418545,1689552000000,"{""type"":""MultiPoint"",""coordinates"":[]}"
562_00000000000000000023,1909598013,216923745,41860,H1,001,01675839,488,A,06001,+37.6471385,-121.9124880,06,36084,G4020,Alameda,Alameda County,06,2023-07-17,25.379210521238985,1689552000000,"{""type"":""MultiPoint"",""coordinates"":[]}"
562_0000000000000000001f,121375681,479216672,41860,H6,075,00277302,488,C,06075,+37.7272391,-123.0322294,06,41884,G4020,San Francisco,San Francisco County,06,2023-07-17,18.293916414262128,1689552000000,"{""type"":""MultiPoint"",""coordinates"":[]}"
563_00000000000000000021,1857233047,225282636,41860,H1,013,01675903,488,A,06013,+37.9194790,-121.9515431,06,36084,G4020,Contra Costa,Contra Costa County,06,2023-07-18,21.565945681592474,1689638400000,"{""type"":""MultiPoint"",""coordinates"":[]}"
563_00000000000000000023,1909598013,216923745,41860,H1,001,01675839,488,A,06001,+37.6471385,-121.9124880,06,36084,G4020,Alameda,Alameda County,06,2023-07-18,22.77254035482466,1689638400000,"{""type"":""MultiPoint"",""coordinates"":[]}"
563_0000000000000000001f,121375681,479216672,41860,H6,075,00277302,488,C,06075,+37.7272391,-123.0322294,06,41884,G4020,San Francisco,San Francisco County,06,2023-07-18,16.790433585820562,1689638400000,"{""type"":""MultiPoint"",""coordinates"":[]}"
564_00000000000000000021,1857233047,225282636,41860,H1,013,01675903,488,A,06013,+37.9194790,-121.9515431,06,36084,G4020,Contra Costa,Contra Costa County,06,2023-07-19,19.385819744214345,1689724800000,"{""type"":""MultiPoint"",""coordinates"":[]}"
564_00000000000000000023,1909598013,216923745,41860,H1,001,01675839,488,A,06001,+37.6471385,-121.9124880,06,36084,G4020,Alameda,Alameda County,06,2023-07-19,20.628169828675375,1689724800000,"{""type"":""MultiPoint"",""coordinates"":[]}"
564_0000000000000000001f,121375681,479216672,41860,H6,075,00277302,488,C,06075,+37.7272391,-123.0322294,06,41884,G4020,San Francisco,San Francisco County,06,2023-07-19,15.539698824953234,1689724800000,"{""type"":""MultiPoint"",""coordinates"":[]}"
565_00000000000000000021,1857233047,225282636,41860,H1,013,01675903,488,A,06013,+37.9194790,-121.9515431,06,36084,G4020,Contra Costa,Contra Costa County,06,2023-07-20,20.251815552323677,1689811200000,"{""type"":""MultiPoint"",""coordinates"":[]}"
565_00000000000000000023,1909598013,216923745,41860,H1,001,01675839,488,A,06001,+37.6471385,-121.9124880,06,36084,G4020,Alameda,Alameda County,06,2023-07-20,21.096818471300566,1689811200000,"{""type"":""MultiPoint"",""coordinates"":[]}"
565_0000000000000000001f,121375681,479216672,41860,H6,075,00277302,488,C,06075,+37.7272391,-123.0322294,06,41884,G4020,San Francisco,San Francisco County,06,2023-07-20,16.589393534312954,1689811200000,"{""type"":""MultiPoint"",""coordinates"":[]}"
566_00000000000000000021,1857233047,225282636,41860,H1,013,01675903,488,A,06013,+37.9194790,-121.9515431,06,36084,G4020,Contra Costa,Contra Costa County,06,2023-07-21,22.64818346255962,1689897600000,"{""type"":""MultiPoint"",""coordinates"":[]}"
566_00000000000000000023,1909598013,216923745,41860,H1,001,01675839,488,A,06001,+37.6471385,-121.9124880,06,36084,G4020,Alameda,Alameda County,06,2023-07-21,23.36925444462345,1689897600000,"{""type"":""MultiPoint"",""coordinates"":[]}"
566_0000000000000000001f,121375681,479216672,41860,H6,075,00277302,488,C,06075,+37.7272391,-123.0322294,06,41884,G4020,San Francisco,San Francisco County,06,2023-07-21,18.319014975119256,1689897600000,"{""type"":""MultiPoint"",""coordinates"":[]}"
567_00000000000000000021,1857233047,225282636,41860,H1,013,01675903,488,A,06013,+37.9194790,-121.9515431,06,36084,G4020,Contra Costa,Contra Costa County,06,2023-07-22,23.824825187723548,1689984000000,"{""type"":""MultiPoint"",""coordinates"":[]}"
567_00000000000000000023,1909598013,216923745,41860,H1,001,01675839,488,A,06001,+37.6471385,-121.9124880,06,36084,G4020,Alameda,Alameda County,06,2023-07-22,24.515235828206016,1689984000000,"{""type"":""MultiPoint"",""coordinates"":[]}"
567_0000000000000000001f,121375681,479216672,41860,H6,075,00277302,488,C,06075,+37.7272391,-123.0322294,06,41884,G4020,San Francisco,San Francisco County,06,2023-07-22,19.381696425338962,1689984000000,"{""type"":""MultiPoint"",""coordinates"":[]}"
568_00000000000000000021,1857233047,225282636,41860,H1,013,01675903,488,A,06013,+37.9194790,-121.9515431,06,36084,G4020,Contra Costa,Contra Costa County,06,2023-07-23,24.253625260239474,1690070400000,"{""type"":""MultiPoint"",""coordinates"":[]}"
568_00000000000000000023,1909598013,216923745,41860,H1,001,01675839,488,A,06001,+37.6471385,-121.9124880,06,36084,G4020,Alameda,Alameda County,06,2023-07-23,25.11169213764489,1690070400000,"{""type"":""MultiPoint"",""coordinates"":[]}"
568_0000000000000000001f,121375681,479216672,41860,H6,075,00277302,488,C,06075,+37.7272391,-123.0322294,06,41884,G4020,San Francisco,San Francisco County,06,2023-07-23,19.56652353140404,1690070400000,"{""type"":""MultiPoint"",""coordinates"":[]}"
569_00000000000000000021,1857233047,225282636,41860,H1,013,01675903,488,A,06013,+37.9194790,-121.9515431,06,36084,G4020,Contra Costa,Contra Costa County,06,2023-07-24,20.811215463521226,1690156800000,"{""type"":""MultiPoint"",""coordinates"":[]}"
569_00000000000000000023,1909598013,216923745,41860,H1,001,01675839,488,A,06001,+37.6471385,-121.9124880,06,36084,G4020,Alameda,Alameda County,06,2023-07-24,21.101651643109932,1690156800000,"{""type"":""MultiPoint"",""coordinates"":[]}"
569_0000000000000000001f,121375681,479216672,41860,H6,075,00277302,488,C,06075,+37.7272391,-123.0322294,06,41884,G4020,San Francisco,San Francisco County,06,2023-07-24,17.060608455921155,1690156800000,"{""type"":""MultiPoint"",""coordinates"":[]}"
570_00000000000000000021,1857233047,225282636,41860,H1,013,01675903,488,A,06013,+37.9194790,-121.9515431,06,36084,G4020,Contra Costa,Contra Costa County,06,2023-07-25,21.497905433340176,1690243200000,"{""type"":""MultiPoint"",""coordinates"":[]}"
570_00000000000000000023,1909598013,216923745,41860,H1,001,01675839,488,A,06001,+37.6471385,-121.9124880,06,36084,G4020,Alameda,Alameda County,06,2023-07-25,21.330589479459366,1690243200000,"{""type"":""MultiPoint"",""coordinates"":[]}"
570_0000000000000000001f,121375681,479216672,41860,H6,075,00277302,488,C,06075,+37.7272391,-123.0322294,06,41884,G4020,San Francisco,San Francisco County,06,2023-07-25,18.259240748481115,1690243200000,"{""type"":""MultiPoint"",""coordinates"":[]}"
571_00000000000000000021,1857233047,225282636,41860,H1,013,01675903,488,A,06013,+37.9194790,-121.9515431,06,36084,G4020,Contra Costa,Contra Costa County,06,2023-07-26,21.663407467027525,1690329600000,"{""type"":""MultiPoint"",""coordinates"":[]}"
571_00000000000000000023,1909598013,216923745,41860,H1,001,01675839,488,A,06001,+37.6471385,-121.9124880,06,36084,G4020,Alameda,Alameda County,06,2023-07-26,21.9704891604367,1690329600000,"{""type"":""MultiPoint"",""coordinates"":[]}"
571_0000000000000000001f,121375681,479216672,41860,H6,075,00277302,488,C,06075,+37.7272391,-123.0322294,06,41884,G4020,San Francisco,San Francisco County,06,2023-07-26,17.540797867273852,1690329600000,"{""type"":""MultiPoint"",""coordinates"":[]}"
572_00000000000000000021,1857233047,225282636,41860,H1,013,01675903,488,A,06013,+37.9194790,-121.9515431,06,36084,G4020,Contra Costa,Contra Costa County,06,2023-07-27,20.00216572247304,1690416000000,"{""type"":""MultiPoint"",""coordinates"":[]}"
572_00000000000000000023,1909598013,216923745,41860,H1,001,01675839,488,A,06001,+37.6471385,-121.9124880,06,36084,G4020,Alameda,Alameda County,06,2023-07-27,20.462359890528578,1690416000000,"{""type"":""MultiPoint"",""coordinates"":[]}"
572_0000000000000000001f,121375681,479216672,41860,H6,075,00277302,488,C,06075,+37.7272391,-123.0322294,06,41884,G4020,San Francisco,San Francisco County,06,2023-07-27,16.48116916235919,1690416000000,"{""type"":""MultiPoint"",""coordinates"":[]}"
573_00000000000000000021,1857233047,225282636,41860,H1,013,01675903,488,A,06013,+37.9194790,-121.9515431,06,36084,G4020,Contra Costa,Contra Costa County,06,2023-07-28,19.944630750674172,1690502400000,"{""type"":""MultiPoint"",""coordinates"":[]}"
573_00000000000000000023,1909598013,216923745,41860,H1,001,01675839,488,A,06001,+37.6471385,-121.9124880,06,36084,G4020,Alameda,Alameda County,06,2023-07-28,19.97195105836817,1690502400000,"{""type"":""MultiPoint"",""coordinates"":[]}"
573_0000000000000000001f,121375681,479216672,41860,H6,075,00277302,488,C,06075,+37.7272391,-123.0322294,06,41884,G4020,San Francisco,San Francisco County,06,2023-07-28,16.73023917925583,1690502400000,"{""type"":""MultiPoint"",""coordinates"":[]}"
574_00000000000000000021,1857233047,225282636,41860,H1,013,01675903,488,A,06013,+37.9194790,-121.9515431,06,36084,G4020,Contra Costa,Contra Costa County,06,2023-07-29,20.71031791573686,1690588800000,"{""type"":""MultiPoint"",""coordinates"":[]}"
574_00000000000000000023,1909598013,216923745,41860,H1,001,01675839,488,A,06001,+37.6471385,-121.9124880,06,36084,G4020,Alameda,Alameda County,06,2023-07-29,20.79553187316524,1690588800000,"{""type"":""MultiPoint"",""coordinates"":[]}"
574_0000000000000000001f,121375681,479216672,41860,H6,075,00277302,488,C,06075,+37.7272391,-123.0322294,06,41884,G4020,San Francisco,San Francisco County,06,2023-07-29,16.967112777680466,1690588800000,"{""type"":""MultiPoint"",""coordinates"":[]}"
575_00000000000000000021,1857233047,225282636,41860,H1,013,01675903,488,A,06013,+37.9194790,-121.9515431,06,36084,G4020,Contra Costa,Contra Costa County,06,2023-07-30,20.985629887718098,1690675200000,"{""type"":""MultiPoint"",""coordinates"":[]}"
575_00000000000000000023,1909598013,216923745,41860,H1,001,01675839,488,A,06001,+37.6471385,-121.9124880,06,36084,G4020,Alameda,Alameda County,06,2023-07-30,21.095399530716854,1690675200000,"{""type"":""MultiPoint"",""coordinates"":[]}"
575_0000000000000000001f,121375681,479216672,41860,H6,075,00277302,488,C,06075,+37.7272391,-123.0322294,06,41884,G4020,San Francisco,San Francisco County,06,2023-07-30,17.319119190631746,1690675200000,"{""type"":""MultiPoint"",""coordinates"":[]}"
576_00000000000000000021,1857233047,225282636,41860,H1,013,01675903,488,A,06013,+37.9194790,-121.9515431,06,36084,G4020,Contra Costa,Contra Costa County,06,2023-07-31,20.8379103647012,1690761600000,"{""type"":""MultiPoint"",""coordinates"":[]}"
576_00000000000000000023,1909598013,216923745,41860,H1,001,01675839,488,A,06001,+37.6471385,-121.9124880,06,36084,G4020,Alameda,Alameda County,06,2023-07-31,21.28396170384686,1690761600000,"{""type"":""MultiPoint"",""coordinates"":[]}"
576_0000000000000000001f,121375681,479216672,41860,H6,075,00277302,488,C,06075,+37.7272391,-123.0322294,06,41884,G4020,San Francisco,San Francisco County,06,2023-07-31,17.083676060640336,1690761600000,"{""type"":""MultiPoint"",""coordinates"":[]}"
577_00000000000000000021,1857233047,225282636,41860,H1,013,01675903,488,A,06013,+37.9194790,-121.9515431,06,36084,G4020,Contra Costa,Contra Costa County,06,2023-08-01,19.823191980385918,1690848000000,"{""type"":""MultiPoint"",""coordinates"":[]}"
577_00000000000000000023,1909598013,216923745,41860,H1,001,01675839,488,A,06001,+37.6471385,-121.9124880,06,36084,G4020,Alameda,Alameda County,06,2023-08-01,20.20560418962679,1690848000000,"{""type"":""MultiPoint"",""coordinates"":[]}"
577_0000000000000000001f,121375681,479216672,41860,H6,075,00277302,488,C,06075,+37.7272391,-123.0322294,06,41884,G4020,San Francisco,San Francisco County,06,2023-08-01,16.088712420239155,1690848000000,"{""type"":""MultiPoint"",""coordinates"":[]}"
578_00000000000000000021,1857233047,225282636,41860,H1,013,01675903,488,A,06013,+37.9194790,-121.9515431,06,36084,G4020,Contra Costa,Contra Costa County,06,2023-08-02,18.035328617414933,1690934400000,"{""type"":""MultiPoint"",""coordinates"":[]}"
578_00000000000000000023,1909598013,216923745,41860,H1,001,01675839,488,A,06001,+37.6471385,-121.9124880,06,36084,G4020,Alameda,Alameda County,06,2023-08-02,18.006449552762824,1690934400000,"{""type"":""MultiPoint"",""coordinates"":[]}"
578_0000000000000000001f,121375681,479216672,41860,H6,075,00277302,488,C,06075,+37.7272391,-123.0322294,06,41884,G4020,San Francisco,San Francisco County,06,2023-08-02,15.54485690069538,1690934400000,"{""type"":""MultiPoint"",""coordinates"":[]}"
579_00000000000000000021,1857233047,225282636,41860,H1,013,01675903,488,A,06013,+37.9194790,-121.9515431,06,36084,G4020,Contra Costa,Contra Costa County,06,2023-08-03,18.414238042763085,1691020800000,"{""type"":""MultiPoint"",""coordinates"":[]}"
579_00000000000000000023,1909598013,216923745,41860,H1,001,01675839,488,A,06001,+37.6471385,-121.9124880,06,36084,G4020,Alameda,Alameda County,06,2023-08-03,17.515745034146104,1691020800000,"{""type"":""MultiPoint"",""coordinates"":[]}"
579_0000000000000000001f,121375681,479216672,41860,H6,075,00277302,488,C,06075,+37.7272391,-123.0322294,06,41884,G4020,San Francisco,San Francisco County,06,2023-08-03,16.412865147200204,1691020800000,"{""type"":""MultiPoint"",""coordinates"":[]}"
580_00000000000000000021,1857233047,225282636,41860,H1,013,01675903,488,A,06013,+37.9194790,-121.9515431,06,36084,G4020,Contra Costa,Contra Costa County,06,2023-08-04,19.02571274513792,1691107200000,"{""type"":""MultiPoint"",""coordinates"":[]}"
580_00000000000000000023,1909598013,216923745,41860,H1,001,01675839,488,A,06001,+37.6471385,-121.9124880,06,36084,G4020,Alameda,Alameda County,06,2023-08-04,18.460561660195502,1691107200000,"{""type"":""MultiPoint"",""coordinates"":[]}"
580_0000000000000000001f,121375681,479216672,41860,H6,075,00277302,488,C,06075,+37.7272391,-123.0322294,06,41884,G4020,San Francisco,San Francisco County,06,2023-08-04,16.69652123860129,1691107200000,"{""type"":""MultiPoint"",""coordinates"":[]}"
581_00000000000000000021,1857233047,225282636,41860,H1,013,01675903,488,A,06013,+37.9194790,-121.9515431,06,36084,G4020,Contra Costa,Contra Costa County,06,2023-08-05,21.08725197874178,1691193600000,"{""type"":""MultiPoint"",""coordinates"":[]}"
581_00000000000000000023,1909598013,216923745,41860,H1,001,01675839,488,A,06001,+37.6471385,-121.9124880,06,36084,G4020,Alameda,Alameda County,06,2023-08-05,20.68208054036346,1691193600000,"{""type"":""MultiPoint"",""coordinates"":[]}"
581_0000000000000000001f,121375681,479216672,41860,H6,075,00277302,488,C,06075,+37.7272391,-123.0322294,06,41884,G4020,San Francisco,San Francisco County,06,2023-08-05,18.023205852201126,1691193600000,"{""type"":""MultiPoint"",""coordinates"":[]}"
582_00000000000000000021,1857233047,225282636,41860,H1,013,01675903,488,A,06013,+37.9194790,-121.9515431,06,36084,G4020,Contra Costa,Contra Costa County,06,2023-08-06,24.013197112526754,1691280000000,"{""type"":""MultiPoint"",""coordinates"":[]}"
582_00000000000000000023,1909598013,216923745,41860,H1,001,01675839,488,A,06001,+37.6471385,-121.9124880,06,36084,G4020,Alameda,Alameda County,06,2023-08-06,23.49030396907442,1691280000000,"{""type"":""MultiPoint"",""coordinates"":[]}"
582_0000000000000000001f,121375681,479216672,41860,H6,075,00277302,488,C,06075,+37.7272391,-123.0322294,06,41884,G4020,San Francisco,San Francisco County,06,2023-08-06,20.23879825437095,1691280000000,"{""type"":""MultiPoint"",""coordinates"":[]}"
583_00000000000000000021,1857233047,225282636,41860,H1,013,01675903,488,A,06013,+37.9194790,-121.9515431,06,36084,G4020,Contra Costa,Contra Costa County,06,2023-08-07,25.16814590351871,1691366400000,"{""type"":""MultiPoint"",""coordinates"":[]}"
583_00000000000000000023,1909598013,216923745,41860,H1,001,01675839,488,A,06001,+37.6471385,-121.9124880,06,36084,G4020,Alameda,Alameda County,06,2023-08-07,24.91561208590084,1691366400000,"{""type"":""MultiPoint"",""coordinates"":[]}"
583_0000000000000000001f,121375681,479216672,41860,H6,075,00277302,488,C,06075,+37.7272391,-123.0322294,06,41884,G4020,San Francisco,San Francisco County,06,2023-08-07,20.971039002576553,1691366400000,"{""type"":""MultiPoint"",""coordinates"":[]}"
584_00000000000000000021,1857233047,225282636,41860,H1,013,01675903,488,A,06013,+37.9194790,-121.9515431,06,36084,G4020,Contra Costa,Contra Costa County,06,2023-08-08,21.040906517129475,1691452800000,"{""type"":""MultiPoint"",""coordinates"":[]}"
584_00000000000000000023,1909598013,216923745,41860,H1,001,01675839,488,A,06001,+37.6471385,-121.9124880,06,36084,G4020,Alameda,Alameda County,06,2023-08-08,21.06800058157849,1691452800000,"{""type"":""MultiPoint"",""coordinates"":[]}"
584_0000000000000000001f,121375681,479216672,41860,H6,075,00277302,488,C,06075,+37.7272391,-123.0322294,06,41884,G4020,San Francisco,San Francisco County,06,2023-08-08,16.94973462299716,1691452800000,"{""type"":""MultiPoint"",""coordinates"":[]}"
585_00000000000000000021,1857233047,225282636,41860,H1,013,01675903,488,A,06013,+37.9194790,-121.9515431,06,36084,G4020,Contra Costa,Contra Costa County,06,2023-08-09,19.028098954973157,1691539200000,"{""type"":""MultiPoint"",""coordinates"":[]}"
585_00000000000000000023,1909598013,216923745,41860,H1,001,01675839,488,A,06001,+37.6471385,-121.9124880,06,36084,G4020,Alameda,Alameda County,06,2023-08-09,19.468240043548057,1691539200000,"{""type"":""MultiPoint"",""coordinates"":[]}"
585_0000000000000000001f,121375681,479216672,41860,H6,075,00277302,488,C,06075,+37.7272391,-123.0322294,06,41884,G4020,San Francisco,San Francisco County,06,2023-08-09,15.878910427228803,1691539200000,"{""type"":""MultiPoint"",""coordinates"":[]}"
586_00000000000000000021,1857233047,225282636,41860,H1,013,01675903,488,A,06013,+37.9194790,-121.9515431,06,36084,G4020,Contra Costa,Contra Costa County,06,2023-08-10,19.240450238760527,1691625600000,"{""type"":""MultiPoint"",""coordinates"":[]}"
586_00000000000000000023,1909598013,216923745,41860,H1,001,01675839,488,A,06001,+37.6471385,-121.9124880,06,36084,G4020,Alameda,Alameda County,06,2023-08-10,19.525167600819827,1691625600000,"{""type"":""MultiPoint"",""coordinates"":[]}"
586_0000000000000000001f,121375681,479216672,41860,H6,075,00277302,488,C,06075,+37.7272391,-123.0322294,06,41884,G4020,San Francisco,San Francisco County,06,2023-08-10,16.091907416121742,1691625600000,"{""type"":""MultiPoint"",""coordinates"":[]}"
587_00000000000000000021,1857233047,225282636,41860,H1,013,01675903,488,A,06013,+37.9194790,-121.9515431,06,36084,G4020,Contra Costa,Contra Costa County,06,2023-08-11,19.53093238585685,1691712000000,"{""type"":""MultiPoint"",""coordinates"":[]}"
587_00000000000000000023,1909598013,216923745,41860,H1,001,01675839,488,A,06001,+37.6471385,-121.9124880,06,36084,G4020,Alameda,Alameda County,06,2023-08-11,19.720428551203465,1691712000000,"{""type"":""MultiPoint"",""coordinates"":[]}"
587_0000000000000000001f,121375681,479216672,41860,H6,075,00277302,488,C,06075,+37.7272391,-123.0322294,06,41884,G4020,San Francisco,San Francisco County,06,2023-08-11,16.52343149732423,1691712000000,"{""type"":""MultiPoint"",""coordinates"":[]}"
588_00000000000000000021,1857233047,225282636,41860,H1,013,01675903,488,A,06013,+37.9194790,-121.9515431,06,36084,G4020,Contra Costa,Contra Costa County,06,2023-08-12,20.57776733688494,1691798400000,"{""type"":""MultiPoint"",""coordinates"":[]}"
588_00000000000000000023,1909598013,216923745,41860,H1,001,01675839,488,A,06001,+37.6471385,-121.9124880,06,36084,G4020,Alameda,Alameda County,06,2023-08-12,21.241840939221902,1691798400000,"{""type"":""MultiPoint"",""coordinates"":[]}"
588_0000000000000000001f,121375681,479216672,41860,H6,075,00277302,488,C,06075,+37.7272391,-123.0322294,06,41884,G4020,San Francisco,San Francisco County,06,2023-08-12,17.039355755528696,1691798400000,"{""type"":""MultiPoint"",""coordinates"":[]}"
589_00000000000000000021,1857233047,225282636,41860,H1,013,01675903,488,A,06013,+37.9194790,-121.9515431,06,36084,G4020,Contra Costa,Contra Costa County,06,2023-08-13,22.26583875947572,1691884800000,"{""type"":""MultiPoint"",""coordinates"":[]}"
589_00000000000000000023,1909598013,216923745,41860,H1,001,01675839,488,A,06001,+37.6471385,-121.9124880,06,36084,G4020,Alameda,Alameda County,06,2023-08-13,23.224370247229153,1691884800000,"{""type"":""MultiPoint"",""coordinates"":[]}"
589_0000000000000000001f,121375681,479216672,41860,H6,075,00277302,488,C,06075,+37.7272391,-123.0322294,06,41884,G4020,San Francisco,San Francisco County,06,2023-08-13,17.360155893617264,1691884800000,"{""type"":""MultiPoint"",""coordinates"":[]}"
590_00000000000000000021,1857233047,225282636,41860,H1,013,01675903,488,A,06013,+37.9194790,-121.9515431,06,36084,G4020,Contra Costa,Contra Costa County,06,2023-08-14,22.89668309421844,1691971200000,"{""type"":""MultiPoint"",""coordinates"":[]}"
590_00000000000000000023,1909598013,216923745,41860,H1,001,01675839,488,A,06001,+37.6471385,-121.9124880,06,36084,G4020,Alameda,Alameda County,06,2023-08-14,24.437316658891024,1691971200000,"{""type"":""MultiPoint"",""coordinates"":[]}"
590_0000000000000000001f,121375681,479216672,41860,H6,075,00277302,488,C,06075,+37.7272391,-123.0322294,06,41884,G4020,San Francisco,San Francisco County,06,2023-08-14,17.69539268341165,1691971200000,"{""type"":""MultiPoint"",""coordinates"":[]}"
591_00000000000000000021,1857233047,225282636,41860,H1,013,01675903,488,A,06013,+37.9194790,-121.9515431,06,36084,G4020,Contra Costa,Contra Costa County,06,2023-08-15,23.135003443973847,1692057600000,"{""type"":""MultiPoint"",""coordinates"":[]}"
591_00000000000000000023,1909598013,216923745,41860,H1,001,01675839,488,A,06001,+37.6471385,-121.9124880,06,36084,G4020,Alameda,Alameda County,06,2023-08-15,24.344028855589766,1692057600000,"{""type"":""MultiPoint"",""coordinates"":[]}"
591_0000000000000000001f,121375681,479216672,41860,H6,075,00277302,488,C,06075,+37.7272391,-123.0322294,06,41884,G4020,San Francisco,San Francisco County,06,2023-08-15,17.73828877093023,1692057600000,"{""type"":""MultiPoint"",""coordinates"":[]}"
592_00000000000000000021,1857233047,225282636,41860,H1,013,01675903,488,A,06013,+37.9194790,-121.9515431,06,36084,G4020,Contra Costa,Contra Costa County,06,2023-08-16,22.63452199387307,1692144000000,"{""type"":""MultiPoint"",""coordinates"":[]}"
592_00000000000000000023,1909598013,216923745,41860,H1,001,01675839,488,A,06001,+37.6471385,-121.9124880,06,36084,G4020,Alameda,Alameda County,06,2023-08-16,24.27181897771893,1692144000000,"{""type"":""MultiPoint"",""coordinates"":[]}"
592_0000000000000000001f,121375681,479216672,41860,H6,075,00277302,488,C,06075,+37.7272391,-123.0322294,06,41884,G4020,San Francisco,San Francisco County,06,2023-08-16,17.73253110520386,1692144000000,"{""type"":""MultiPoint"",""coordinates"":[]}"
593_00000000000000000021,1857233047,225282636,41860,H1,013,01675903,488,A,06013,+37.9194790,-121.9515431,06,36084,G4020,Contra Costa,Contra Costa County,06,2023-08-17,22.004862823201044,1692230400000,"{""type"":""MultiPoint"",""coordinates"":[]}"
593_00000000000000000023,1909598013,216923745,41860,H1,001,01675839,488,A,06001,+37.6471385,-121.9124880,06,36084,G4020,Alameda,Alameda County,06,2023-08-17,23.549627138775733,1692230400000,"{""type"":""MultiPoint"",""coordinates"":[]}"
593_0000000000000000001f,121375681,479216672,41860,H6,075,00277302,488,C,06075,+37.7272391,-123.0322294,06,41884,G4020,San Francisco,San Francisco County,06,2023-08-17,17.515274666171948,1692230400000,"{""type"":""MultiPoint"",""coordinates"":[]}"
594_00000000000000000021,1857233047,225282636,41860,H1,013,01675903,488,A,06013,+37.9194790,-121.9515431,06,36084,G4020,Contra Costa,Contra Costa County,06,2023-08-18,20.220335302435146,1692316800000,"{""type"":""MultiPoint"",""coordinates"":[]}"
594_00000000000000000023,1909598013,216923745,41860,H1,001,01675839,488,A,06001,+37.6471385,-121.9124880,06,36084,G4020,Alameda,Alameda County,06,2023-08-18,21.253534633677923,1692316800000,"{""type"":""MultiPoint"",""coordinates"":[]}"
594_0000000000000000001f,121375681,479216672,41860,H6,075,00277302,488,C,06075,+37.7272391,-123.0322294,06,41884,G4020,San Francisco,San Francisco County,06,2023-08-18,17.234213081718966,1692316800000,"{""type"":""MultiPoint"",""coordinates"":[]}"
595_00000000000000000021,1857233047,225282636,41860,H1,013,01675903,488,A,06013,+37.9194790,-121.9515431,06,36084,G4020,Contra Costa,Contra Costa County,06,2023-08-19,20.642751031512866,1692403200000,"{""type"":""MultiPoint"",""coordinates"":[]}"
595_00000000000000000023,1909598013,216923745,41860,H1,001,01675839,488,A,06001,+37.6471385,-121.9124880,06,36084,G4020,Alameda,Alameda County,06,2023-08-19,21.477641753767703,1692403200000,"{""type"":""MultiPoint"",""coordinates"":[]}"
595_0000000000000000001f,121375681,479216672,41860,H6,075,00277302,488,C,06075,+37.7272391,-123.0322294,06,41884,G4020,San Francisco,San Francisco County,06,2023-08-19,17.042023071298917,1692403200000,"{""type"":""MultiPoint"",""coordinates"":[]}"
596_00000000000000000021,1857233047,225282636,41860,H1,013,01675903,488,A,06013,+37.9194790,-121.9515431,06,36084,G4020,Contra Costa,Contra Costa County,06,2023-08-20,21.64181121088356,1692489600000,"{""type"":""MultiPoint"",""coordinates"":[]}"
596_00000000000000000023,1909598013,216923745,41860,H1,001,01675839,488,A,06001,+37.6471385,-121.9124880,06,36084,G4020,Alameda,Alameda County,06,2023-08-20,22.440510458294646,1692489600000,"{""type"":""MultiPoint"",""coordinates"":[]}"
596_0000000000000000001f,121375681,479216672,41860,H6,075,00277302,488,C,06075,+37.7272391,-123.0322294,06,41884,G4020,San Francisco,San Francisco County,06,2023-08-20,18.2325670472274,1692489600000,"{""type"":""MultiPoint"",""coordinates"":[]}"
597_00000000000000000021,1857233047,225282636,41860,H1,013,01675903,488,A,06013,+37.9194790,-121.9515431,06,36084,G4020,Contra Costa,Contra Costa County,06,2023-08-21,23.65884393422767,1692576000000,"{""type"":""MultiPoint"",""coordinates"":[]}"
597_00000000000000000023,1909598013,216923745,41860,H1,001,01675839,488,A,06001,+37.6471385,-121.9124880,06,36084,G4020,Alameda,Alameda County,06,2023-08-21,23.14573509418601,1692576000000,"{""type"":""MultiPoint"",""coordinates"":[]}"
597_0000000000000000001f,121375681,479216672,41860,H6,075,00277302,488,C,06075,+37.7272391,-123.0322294,06,41884,G4020,San Francisco,San Francisco County,06,2023-08-21,20.3820358719079,1692576000000,"{""type"":""MultiPoint"",""coordinates"":[]}"
598_00000000000000000021,1857233047,225282636,41860,H1,013,01675903,488,A,06013,+37.9194790,-121.9515431,06,36084,G4020,Contra Costa,Contra Costa County,06,2023-08-22,21.477755200861665,1692662400000,"{""type"":""MultiPoint"",""coordinates"":[]}"
598_00000000000000000023,1909598013,216923745,41860,H1,001,01675839,488,A,06001,+37.6471385,-121.9124880,06,36084,G4020,Alameda,Alameda County,06,2023-08-22,21.273825262031988,1692662400000,"{""type"":""MultiPoint"",""coordinates"":[]}"
598_0000000000000000001f,121375681,479216672,41860,H6,075,00277302,488,C,06075,+37.7272391,-123.0322294,06,41884,G4020,San Francisco,San Francisco County,06,2023-08-22,19.68225275085177,1692662400000,"{""type"":""MultiPoint"",""coordinates"":[]}"
599_00000000000000000021,1857233047,225282636,41860,H1,013,01675903,488,A,06013,+37.9194790,-121.9515431,06,36084,G4020,Contra Costa,Contra Costa County,06,2023-08-23,23.233610456646392,1692748800000,"{""type"":""MultiPoint"",""coordinates"":[]}"
599_00000000000000000023,1909598013,216923745,41860,H1,001,01675839,488,A,06001,+37.6471385,-121.9124880,06,36084,G4020,Alameda,Alameda County,06,2023-08-23,23.16271868502253,1692748800000,"{""type"":""MultiPoint"",""coordinates"":[]}"
599_0000000000000000001f,121375681,479216672,41860,H6,075,00277302,488,C,06075,+37.7272391,-123.0322294,06,41884,G4020,San Francisco,San Francisco County,06,2023-08-23,20.288842255711035,1692748800000,"{""type"":""MultiPoint"",""coordinates"":[]}"
600_00000000000000000021,1857233047,225282636,41860,H1,013,01675903,488,A,06013,+37.9194790,-121.9515431,06,36084,G4020,Contra Costa,Contra Costa County,06,2023-08-24,25.13194147500095,1692835200000,"{""type"":""MultiPoint"",""coordinates"":[]}"
600_00000000000000000023,1909598013,216923745,41860,H1,001,01675839,488,A,06001,+37.6471385,-121.9124880,06,36084,G4020,Alameda,Alameda County,06,2023-08-24,24.70308717273773,1692835200000,"{""type"":""MultiPoint"",""coordinates"":[]}"
600_0000000000000000001f,121375681,479216672,41860,H6,075,00277302,488,C,06075,+37.7272391,-123.0322294,06,41884,G4020,San Francisco,San Francisco County,06,2023-08-24,22.049094849813397,1692835200000,"{""type"":""MultiPoint"",""coordinates"":[]}"
601_00000000000000000021,1857233047,225282636,41860,H1,013,01675903,488,A,06013,+37.9194790,-121.9515431,06,36084,G4020,Contra Costa,Contra Costa County,06,2023-08-25,20.44176687393357,1692921600000,"{""type"":""MultiPoint"",""coordinates"":[]}"
601_00000000000000000023,1909598013,216923745,41860,H1,001,01675839,488,A,06001,+37.6471385,-121.9124880,06,36084,G4020,Alameda,Alameda County,06,2023-08-25,20.432932396790928,1692921600000,"{""type"":""MultiPoint"",""coordinates"":[]}"
601_0000000000000000001f,121375681,479216672,41860,H6,075,00277302,488,C,06075,+37.7272391,-123.0322294,06,41884,G4020,San Francisco,San Francisco County,06,2023-08-25,17.968961615842233,1692921600000,"{""type"":""MultiPoint"",""coordinates"":[]}"
602_00000000000000000021,1857233047,225282636,41860,H1,013,01675903,488,A,06013,+37.9194790,-121.9515431,06,36084,G4020,Contra Costa,Contra Costa County,06,2023-08-26,19.81528755240295,1693008000000,"{""type"":""MultiPoint"",""coordinates"":[]}"
602_00000000000000000023,1909598013,216923745,41860,H1,001,01675839,488,A,06001,+37.6471385,-121.9124880,06,36084,G4020,Alameda,Alameda County,06,2023-08-26,19.81541042326832,1693008000000,"{""type"":""MultiPoint"",""coordinates"":[]}"
602_0000000000000000001f,121375681,479216672,41860,H6,075,00277302,488,C,06075,+37.7272391,-123.0322294,06,41884,G4020,San Francisco,San Francisco County,06,2023-08-26,17.418214786659924,1693008000000,"{""type"":""MultiPoint"",""coordinates"":[]}"
603_00000000000000000021,1857233047,225282636,41860,H1,013,01675903,488,A,06013,+37.9194790,-121.9515431,06,36084,G4020,Contra Costa,Contra Costa County,06,2023-08-27,20.333459137032648,1693094400000,"{""type"":""MultiPoint"",""coordinates"":[]}"
603_00000000000000000023,1909598013,216923745,41860,H1,001,01675839,488,A,06001,+37.6471385,-121.9124880,06,36084,G4020,Alameda,Alameda County,06,2023-08-27,20.12283170542471,1693094400000,"{""type"":""MultiPoint"",""coordinates"":[]}"
603_0000000000000000001f,121375681,479216672,41860,H6,075,00277302,488,C,06075,+37.7272391,-123.0322294,06,41884,G4020,San Francisco,San Francisco County,06,2023-08-27,18.04789651099673,1693094400000,"{""type"":""MultiPoint"",""coordinates"":[]}"
604_00000000000000000021,1857233047,225282636,41860,H1,013,01675903,488,A,06013,+37.9194790,-121.9515431,06,36084,G4020,Contra Costa,Contra Costa County,06,2023-08-28,21.675936290994187,1693180800000,"{""type"":""MultiPoint"",""coordinates"":[]}"
604_00000000000000000023,1909598013,216923745,41860,H1,001,01675839,488,A,06001,+37.6471385,-121.9124880,06,36084,G4020,Alameda,Alameda County,06,2023-08-28,21.27094672924171,1693180800000,"{""type"":""MultiPoint"",""coordinates"":[]}"
604_0000000000000000001f,121375681,479216672,41860,H6,075,00277302,488,C,06075,+37.7272391,-123.0322294,06,41884,G4020,San Francisco,San Francisco County,06,2023-08-28,19.083085081394405,1693180800000,"{""type"":""MultiPoint"",""coordinates"":[]}"
605_00000000000000000021,1857233047,225282636,41860,H1,013,01675903,488,A,06013,+37.9194790,-121.9515431,06,36084,G4020,Contra Costa,Contra Costa County,06,2023-08-29,21.63541905003026,1693267200000,"{""type"":""MultiPoint"",""coordinates"":[]}"
605_00000000000000000023,1909598013,216923745,41860,H1,001,01675839,488,A,06001,+37.6471385,-121.9124880,06,36084,G4020,Alameda,Alameda County,06,2023-08-29,20.701497006478117,1693267200000,"{""type"":""MultiPoint"",""coordinates"":[]}"
605_0000000000000000001f,121375681,479216672,41860,H6,075,00277302,488,C,06075,+37.7272391,-123.0322294,06,41884,G4020,San Francisco,San Francisco County,06,2023-08-29,19.30832619584047,1693267200000,"{""type"":""MultiPoint"",""coordinates"":[]}"
606_00000000000000000021,1857233047,225282636,41860,H1,013,01675903,488,A,06013,+37.9194790,-121.9515431,06,36084,G4020,Contra Costa,Contra Costa County,06,2023-08-30,23.9332588936392,1693353600000,"{""type"":""MultiPoint"",""coordinates"":[]}"
606_00000000000000000023,1909598013,216923745,41860,H1,001,01675839,488,A,06001,+37.6471385,-121.9124880,06,36084,G4020,Alameda,Alameda County,06,2023-08-30,23.70458647398512,1693353600000,"{""type"":""MultiPoint"",""coordinates"":[]}"
606_0000000000000000001f,121375681,479216672,41860,H6,075,00277302,488,C,06075,+37.7272391,-123.0322294,06,41884,G4020,San Francisco,San Francisco County,06,2023-08-30,21.085242275481537,1693353600000,"{""type"":""MultiPoint"",""coordinates"":[]}"
607_00000000000000000021,1857233047,225282636,41860,H1,013,01675903,488,A,06013,+37.9194790,-121.9515431,06,36084,G4020,Contra Costa,Contra Costa County,06,2023-08-31,22.79827219351959,1693440000000,"{""type"":""MultiPoint"",""coordinates"":[]}"
607_00000000000000000023,1909598013,216923745,41860,H1,001,01675839,488,A,06001,+37.6471385,-121.9124880,06,36084,G4020,Alameda,Alameda County,06,2023-08-31,22.51744479067989,1693440000000,"{""type"":""MultiPoint"",""coordinates"":[]}"
607_0000000000000000001f,121375681,479216672,41860,H6,075,00277302,488,C,06075,+37.7272391,-123.0322294,06,41884,G4020,San Francisco,San Francisco County,06,2023-08-31,19.24415959125181,1693440000000,"{""type"":""MultiPoint"",""coordinates"":[]}"
608_00000000000000000021,1857233047,225282636,41860,H1,013,01675903,488,A,06013,+37.9194790,-121.9515431,06,36084,G4020,Contra Costa,Contra Costa County,06,2023-09-01,19.024505478845207,1693526400000,"{""type"":""MultiPoint"",""coordinates"":[]}"
608_00000000000000000023,1909598013,216923745,41860,H1,001,01675839,488,A,06001,+37.6471385,-121.9124880,06,36084,G4020,Alameda,Alameda County,06,2023-09-01,18.362908477345847,1693526400000,"{""type"":""MultiPoint"",""coordinates"":[]}"
608_0000000000000000001f,121375681,479216672,41860,H6,075,00277302,488,C,06075,+37.7272391,-123.0322294,06,41884,G4020,San Francisco,San Francisco County,06,2023-09-01,17.356917925206886,1693526400000,"{""type"":""MultiPoint"",""coordinates"":[]}"
609_00000000000000000021,1857233047,225282636,41860,H1,013,01675903,488,A,06013,+37.9194790,-121.9515431,06,36084,G4020,Contra Costa,Contra Costa County,06,2023-09-02,18.227905860996792,1693612800000,"{""type"":""MultiPoint"",""coordinates"":[]}"
609_00000000000000000023,1909598013,216923745,41860,H1,001,01675839,488,A,06001,+37.6471385,-121.9124880,06,36084,G4020,Alameda,Alameda County,06,2023-09-02,17.884505609127856,1693612800000,"{""type"":""MultiPoint"",""coordinates"":[]}"
609_0000000000000000001f,121375681,479216672,41860,H6,075,00277302,488,C,06075,+37.7272391,-123.0322294,06,41884,G4020,San Francisco,San Francisco County,06,2023-09-02,17.55010528957977,1693612800000,"{""type"":""MultiPoint"",""coordinates"":[]}"
610_00000000000000000021,1857233047,225282636,41860,H1,013,01675903,488,A,06013,+37.9194790,-121.9515431,06,36084,G4020,Contra Costa,Contra Costa County,06,2023-09-03,18.810287093521858,1693699200000,"{""type"":""MultiPoint"",""coordinates"":[]}"
610_00000000000000000023,1909598013,216923745,41860,H1,001,01675839,488,A,06001,+37.6471385,-121.9124880,06,36084,G4020,Alameda,Alameda County,06,2023-09-03,18.150588173243598,1693699200000,"{""type"":""MultiPoint"",""coordinates"":[]}"
610_0000000000000000001f,121375681,479216672,41860,H6,075,00277302,488,C,06075,+37.7272391,-123.0322294,06,41884,G4020,San Francisco,San Francisco County,06,2023-09-03,17.18574591168739,1693699200000,"{""type"":""MultiPoint"",""coordinates"":[]}"
611_00000000000000000021,1857233047,225282636,41860,H1,013,01675903,488,A,06013,+37.9194790,-121.9515431,06,36084,G4020,Contra Costa,Contra Costa County,06,2023-09-04,18.936426319753554,1693785600000,"{""type"":""MultiPoint"",""coordinates"":[]}"
611_00000000000000000023,1909598013,216923745,41860,H1,001,01675839,488,A,06001,+37.6471385,-121.9124880,06,36084,G4020,Alameda,Alameda County,06,2023-09-04,18.14477495648005,1693785600000,"{""type"":""MultiPoint"",""coordinates"":[]}"
611_0000000000000000001f,121375681,479216672,41860,H6,075,00277302,488,C,06075,+37.7272391,-123.0322294,06,41884,G4020,San Francisco,San Francisco County,06,2023-09-04,17.330225364444047,1693785600000,"{""type"":""MultiPoint"",""coordinates"":[]}"
612_00000000000000000021,1857233047,225282636,41860,H1,013,01675903,488,A,06013,+37.9194790,-121.9515431,06,36084,G4020,Contra Costa,Contra Costa County,06,2023-09-05,19.849360090972773,1693872000000,"{""type"":""MultiPoint"",""coordinates"":[]}"
612_00000000000000000023,1909598013,216923745,41860,H1,001,01675839,488,A,06001,+37.6471385,-121.9124880,06,36084,G4020,Alameda,Alameda County,06,2023-09-05,19.342728413810605,1693872000000,"{""type"":""MultiPoint"",""coordinates"":[]}"
612_0000000000000000001f,121375681,479216672,41860,H6,075,00277302,488,C,06075,+37.7272391,-123.0322294,06,41884,G4020,San Francisco,San Francisco County,06,2023-09-05,17.835421301855913,1693872000000,"{""type"":""MultiPoint"",""coordinates"":[]}"
613_00000000000000000021,1857233047,225282636,41860,H1,013,01675903,488,A,06013,+37.9194790,-121.9515431,06,36084,G4020,Contra Costa,Contra Costa County,06,2023-09-06,19.682314826004045,1693958400000,"{""type"":""MultiPoint"",""coordinates"":[]}"
613_00000000000000000023,1909598013,216923745,41860,H1,001,01675839,488,A,06001,+37.6471385,-121.9124880,06,36084,G4020,Alameda,Alameda County,06,2023-09-06,19.781980847484423,1693958400000,"{""type"":""MultiPoint"",""coordinates"":[]}"
613_0000000000000000001f,121375681,479216672,41860,H6,075,00277302,488,C,06075,+37.7272391,-123.0322294,06,41884,G4020,San Francisco,San Francisco County,06,2023-09-06,16.874784394343564,1693958400000,"{""type"":""MultiPoint"",""coordinates"":[]}"
614_00000000000000000021,1857233047,225282636,41860,H1,013,01675903,488,A,06013,+37.9194790,-121.9515431,06,36084,G4020,Contra Costa,Contra Costa County,06,2023-09-07,19.0658849307455,1694044800000,"{""type"":""MultiPoint"",""coordinates"":[]}"
614_00000000000000000023,1909598013,216923745,41860,H1,001,01675839,488,A,06001,+37.6471385,-121.9124880,06,36084,G4020,Alameda,Alameda County,06,2023-09-07,19.24361586764463,1694044800000,"{""type"":""MultiPoint"",""coordinates"":[]}"
614_0000000000000000001f,121375681,479216672,41860,H6,075,00277302,488,C,06075,+37.7272391,-123.0322294,06,41884,G4020,San Francisco,San Francisco County,06,2023-09-07,16.27505388610371,1694044800000,"{""type"":""MultiPoint"",""coordinates"":[]}"
615_00000000000000000021,1857233047,225282636,41860,H1,013,01675903,488,A,06013,+37.9194790,-121.9515431,06,36084,G4020,Contra Costa,Contra Costa County,06,2023-09-08,19.946568854635018,1694131200000,"{""type"":""MultiPoint"",""coordinates"":[]}"
615_00000000000000000023,1909598013,216923745,41860,H1,001,01675839,488,A,06001,+37.6471385,-121.9124880,06,36084,G4020,Alameda,Alameda County,06,2023-09-08,20.190928212540104,1694131200000,"{""type"":""MultiPoint"",""coordinates"":[]}"
615_0000000000000000001f,121375681,479216672,41860,H6,075,00277302,488,C,06075,+37.7272391,-123.0322294,06,41884,G4020,San Francisco,San Francisco County,06,2023-09-08,17.181871306950036,1694131200000,"{""type"":""MultiPoint"",""coordinates"":[]}"
616_00000000000000000021,1857233047,225282636,41860,H1,013,01675903,488,A,06013,+37.9194790,-121.9515431,06,36084,G4020,Contra Costa,Contra Costa County,06,2023-09-09,20.55811959775152,1694217600000,"{""type"":""MultiPoint"",""coordinates"":[]}"
616_00000000000000000023,1909598013,216923745,41860,H1,001,01675839,488,A,06001,+37.6471385,-121.9124880,06,36084,G4020,Alameda,Alameda County,06,2023-09-09,20.697482710608558,1694217600000,"{""type"":""MultiPoint"",""coordinates"":[]}"
616_0000000000000000001f,121375681,479216672,41860,H6,075,00277302,488,C,06075,+37.7272391,-123.0322294,06,41884,G4020,San Francisco,San Francisco County,06,2023-09-09,17.687464470927917,1694217600000,"{""type"":""MultiPoint"",""coordinates"":[]}"
617_00000000000000000021,1857233047,225282636,41860,H1,013,01675903,488,A,06013,+37.9194790,-121.9515431,06,36084,G4020,Contra Costa,Contra Costa County,06,2023-09-10,19.982614886833787,1694304000000,"{""type"":""MultiPoint"",""coordinates"":[]}"
617_00000000000000000023,1909598013,216923745,41860,H1,001,01675839,488,A,06001,+37.6471385,-121.9124880,06,36084,G4020,Alameda,Alameda County,06,2023-09-10,19.85967589424043,1694304000000,"{""type"":""MultiPoint"",""coordinates"":[]}"
617_0000000000000000001f,121375681,479216672,41860,H6,075,00277302,488,C,06075,+37.7272391,-123.0322294,06,41884,G4020,San Francisco,San Francisco County,06,2023-09-10,17.253554884408246,1694304000000,"{""type"":""MultiPoint"",""coordinates"":[]}"
618_00000000000000000021,1857233047,225282636,41860,H1,013,01675903,488,A,06013,+37.9194790,-121.9515431,06,36084,G4020,Contra Costa,Contra Costa County,06,2023-09-11,20.51649140654863,1694390400000,"{""type"":""MultiPoint"",""coordinates"":[]}"
618_00000000000000000023,1909598013,216923745,41860,H1,001,01675839,488,A,06001,+37.6471385,-121.9124880,06,36084,G4020,Alameda,Alameda County,06,2023-09-11,19.881283089938638,1694390400000,"{""type"":""MultiPoint"",""coordinates"":[]}"
618_0000000000000000001f,121375681,479216672,41860,H6,075,00277302,488,C,06075,+37.7272391,-123.0322294,06,41884,G4020,San Francisco,San Francisco County,06,2023-09-11,18.389296357421117,1694390400000,"{""type"":""MultiPoint"",""coordinates"":[]}"
619_00000000000000000021,1857233047,225282636,41860,H1,013,01675903,488,A,06013,+37.9194790,-121.9515431,06,36084,G4020,Contra Costa,Contra Costa County,06,2023-09-12,19.857930831695228,1694476800000,"{""type"":""MultiPoint"",""coordinates"":[]}"
619_00000000000000000023,1909598013,216923745,41860,H1,001,01675839,488,A,06001,+37.6471385,-121.9124880,06,36084,G4020,Alameda,Alameda County,06,2023-09-12,19.303146849608574,1694476800000,"{""type"":""MultiPoint"",""coordinates"":[]}"
619_0000000000000000001f,121375681,479216672,41860,H6,075,00277302,488,C,06075,+37.7272391,-123.0322294,06,41884,G4020,San Francisco,San Francisco County,06,2023-09-12,17.497025980847976,1694476800000,"{""type"":""MultiPoint"",""coordinates"":[]}"
620_00000000000000000021,1857233047,225282636,41860,H1,013,01675903,488,A,06013,+37.9194790,-121.9515431,06,36084,G4020,Contra Costa,Contra Costa County,06,2023-09-13,20.13648094216081,1694563200000,"{""type"":""MultiPoint"",""coordinates"":[]}"
620_00000000000000000023,1909598013,216923745,41860,H1,001,01675839,488,A,06001,+37.6471385,-121.9124880,06,36084,G4020,Alameda,Alameda County,06,2023-09-13,19.700766403318553,1694563200000,"{""type"":""MultiPoint"",""coordinates"":[]}"
620_0000000000000000001f,121375681,479216672,41860,H6,075,00277302,488,C,06075,+37.7272391,-123.0322294,06,41884,G4020,San Francisco,San Francisco County,06,2023-09-13,17.944796365803118,1694563200000,"{""type"":""MultiPoint"",""coordinates"":[]}"
621_00000000000000000021,1857233047,225282636,41860,H1,013,01675903,488,A,06013,+37.9194790,-121.9515431,06,36084,G4020,Contra Costa,Contra Costa County,06,2023-09-14,20.595646911134512,1694649600000,"{""type"":""MultiPoint"",""coordinates"":[]}"
621_00000000000000000023,1909598013,216923745,41860,H1,001,01675839,488,A,06001,+37.6471385,-121.9124880,06,36084,G4020,Alameda,Alameda County,06,2023-09-14,20.470816716784594,1694649600000,"{""type"":""MultiPoint"",""coordinates"":[]}"
621_0000000000000000001f,121375681,479216672,41860,H6,075,00277302,488,C,06075,+37.7272391,-123.0322294,06,41884,G4020,San Francisco,San Francisco County,06,2023-09-14,17.408721842418426,1694649600000,"{""type"":""MultiPoint"",""coordinates"":[]}"
622_00000000000000000021,1857233047,225282636,41860,H1,013,01675903,488,A,06013,+37.9194790,-121.9515431,06,36084,G4020,Contra Costa,Contra Costa County,06,2023-09-15,19.15390408294923,1694736000000,"{""type"":""MultiPoint"",""coordinates"":[]}"
622_00000000000000000023,1909598013,216923745,41860,H1,001,01675839,488,A,06001,+37.6471385,-121.9124880,06,36084,G4020,Alameda,Alameda County,06,2023-09-15,19.658388654770814,1694736000000,"{""type"":""MultiPoint"",""coordinates"":[]}"
622_0000000000000000001f,121375681,479216672,41860,H6,075,00277302,488,C,06075,+37.7272391,-123.0322294,06,41884,G4020,San Francisco,San Francisco County,06,2023-09-15,16.506009685140082,1694736000000,"{""type"":""MultiPoint"",""coordinates"":[]}"
623_00000000000000000021,1857233047,225282636,41860,H1,013,01675903,488,A,06013,+37.9194790,-121.9515431,06,36084,G4020,Contra Costa,Contra Costa County,06,2023-09-16,18.39350814688575,1694822400000,"{""type"":""MultiPoint"",""coordinates"":[]}"
623_00000000000000000023,1909598013,216923745,41860,H1,001,01675839,488,A,06001,+37.6471385,-121.9124880,06,36084,G4020,Alameda,Alameda County,06,2023-09-16,18.855980260487453,1694822400000,"{""type"":""MultiPoint"",""coordinates"":[]}"
623_0000000000000000001f,121375681,479216672,41860,H6,075,00277302,488,C,06075,+37.7272391,-123.0322294,06,41884,G4020,San Francisco,San Francisco County,06,2023-09-16,16.219504230088564,1694822400000,"{""type"":""MultiPoint"",""coordinates"":[]}"
624_00000000000000000021,1857233047,225282636,41860,H1,013,01675903,488,A,06013,+37.9194790,-121.9515431,06,36084,G4020,Contra Costa,Contra Costa County,06,2023-09-17,18.225429386635433,1694908800000,"{""type"":""MultiPoint"",""coordinates"":[]}"
624_00000000000000000023,1909598013,216923745,41860,H1,001,01675839,488,A,06001,+37.6471385,-121.9124880,06,36084,G4020,Alameda,Alameda County,06,2023-09-17,18.218246312007647,1694908800000,"{""type"":""MultiPoint"",""coordinates"":[]}"
624_0000000000000000001f,121375681,479216672,41860,H6,075,00277302,488,C,06075,+37.7272391,-123.0322294,06,41884,G4020,San Francisco,San Francisco County,06,2023-09-17,16.865950053526788,1694908800000,"{""type"":""MultiPoint"",""coordinates"":[]}"
625_00000000000000000021,1857233047,225282636,41860,H1,013,01675903,488,A,06013,+37.9194790,-121.9515431,06,36084,G4020,Contra Costa,Contra Costa County,06,2023-09-18,18.250995947557605,1694995200000,"{""type"":""MultiPoint"",""coordinates"":[]}"
625_00000000000000000023,1909598013,216923745,41860,H1,001,01675839,488,A,06001,+37.6471385,-121.9124880,06,36084,G4020,Alameda,Alameda County,06,2023-09-18,17.756662104115495,1694995200000,"{""type"":""MultiPoint"",""coordinates"":[]}"
625_0000000000000000001f,121375681,479216672,41860,H6,075,00277302,488,C,06075,+37.7272391,-123.0322294,06,41884,G4020,San Francisco,San Francisco County,06,2023-09-18,16.676715432467745,1694995200000,"{""type"":""MultiPoint"",""coordinates"":[]}"
626_00000000000000000021,1857233047,225282636,41860,H1,013,01675903,488,A,06013,+37.9194790,-121.9515431,06,36084,G4020,Contra Costa,Contra Costa County,06,2023-09-19,18.335163463886953,1695081600000,"{""type"":""MultiPoint"",""coordinates"":[]}"
626_00000000000000000023,1909598013,216923745,41860,H1,001,01675839,488,A,06001,+37.6471385,-121.9124880,06,36084,G4020,Alameda,Alameda County,06,2023-09-19,17.893599867385745,1695081600000,"{""type"":""MultiPoint"",""coordinates"":[]}"
626_0000000000000000001f,121375681,479216672,41860,H6,075,00277302,488,C,06075,+37.7272391,-123.0322294,06,41884,G4020,San Francisco,San Francisco County,06,2023-09-19,16.5224322138872,1695081600000,"{""type"":""MultiPoint"",""coordinates"":[]}"
627_00000000000000000021,1857233047,225282636,41860,H1,013,01675903,488,A,06013,+37.9194790,-121.9515431,06,36084,G4020,Contra Costa,Contra Costa County,06,2023-09-20,18.348494663082022,1695168000000,"{""type"":""MultiPoint"",""coordinates"":[]}"
627_00000000000000000023,1909598013,216923745,41860,H1,001,01675839,488,A,06001,+37.6471385,-121.9124880,06,36084,G4020,Alameda,Alameda County,06,2023-09-20,18.33678975762152,1695168000000,"{""type"":""MultiPoint"",""coordinates"":[]}"
627_0000000000000000001f,121375681,479216672,41860,H6,075,00277302,488,C,06075,+37.7272391,-123.0322294,06,41884,G4020,San Francisco,San Francisco County,06,2023-09-20,16.22975817692045,1695168000000,"{""type"":""MultiPoint"",""coordinates"":[]}"
628_00000000000000000021,1857233047,225282636,41860,H1,013,01675903,488,A,06013,+37.9194790,-121.9515431,06,36084,G4020,Contra Costa,Contra Costa County,06,2023-09-21,17.71449779250163,1695254400000,"{""type"":""MultiPoint"",""coordinates"":[]}"
628_00000000000000000023,1909598013,216923745,41860,H1,001,01675839,488,A,06001,+37.6471385,-121.9124880,06,36084,G4020,Alameda,Alameda County,06,2023-09-21,17.25449666580027,1695254400000,"{""type"":""MultiPoint"",""coordinates"":[]}"
628_0000000000000000001f,121375681,479216672,41860,H6,075,00277302,488,C,06075,+37.7272391,-123.0322294,06,41884,G4020,San Francisco,San Francisco County,06,2023-09-21,16.48103318352767,1695254400000,"{""type"":""MultiPoint"",""coordinates"":[]}"
629_00000000000000000021,1857233047,225282636,41860,H1,013,01675903,488,A,06013,+37.9194790,-121.9515431,06,36084,G4020,Contra Costa,Contra Costa County,06,2023-09-22,17.33411577870026,1695340800000,"{""type"":""MultiPoint"",""coordinates"":[]}"
629_00000000000000000023,1909598013,216923745,41860,H1,001,01675839,488,A,06001,+37.6471385,-121.9124880,06,36084,G4020,Alameda,Alameda County,06,2023-09-22,17.222605031764576,1695340800000,"{""type"":""MultiPoint"",""coordinates"":[]}"
629_0000000000000000001f,121375681,479216672,41860,H6,075,00277302,488,C,06075,+37.7272391,-123.0322294,06,41884,G4020,San Francisco,San Francisco County,06,2023-09-22,16.078601529473747,1695340800000,"{""type"":""MultiPoint"",""coordinates"":[]}"
630_00000000000000000021,1857233047,225282636,41860,H1,013,01675903,488,A,06013,+37.9194790,-121.9515431,06,36084,G4020,Contra Costa,Contra Costa County,06,2023-09-23,16.69693437986216,1695427200000,"{""type"":""MultiPoint"",""coordinates"":[]}"
630_00000000000000000023,1909598013,216923745,41860,H1,001,01675839,488,A,06001,+37.6471385,-121.9124880,06,36084,G4020,Alameda,Alameda County,06,2023-09-23,16.523314233906838,1695427200000,"{""type"":""MultiPoint"",""coordinates"":[]}"
630_0000000000000000001f,121375681,479216672,41860,H6,075,00277302,488,C,06075,+37.7272391,-123.0322294,06,41884,G4020,San Francisco,San Francisco County,06,2023-09-23,14.930802718260328,1695427200000,"{""type"":""MultiPoint"",""coordinates"":[]}"
631_00000000000000000021,1857233047,225282636,41860,H1,013,01675903,488,A,06013,+37.9194790,-121.9515431,06,36084,G4020,Contra Costa,Contra Costa County,06,2023-09-24,16.198109618270482,1695513600000,"{""type"":""MultiPoint"",""coordinates"":[]}"
631_00000000000000000023,1909598013,216923745,41860,H1,001,01675839,488,A,06001,+37.6471385,-121.9124880,06,36084,G4020,Alameda,Alameda County,06,2023-09-24,16.181678158984205,1695513600000,"{""type"":""MultiPoint"",""coordinates"":[]}"
631_0000000000000000001f,121375681,479216672,41860,H6,075,00277302,488,C,06075,+37.7272391,-123.0322294,06,41884,G4020,San Francisco,San Francisco County,06,2023-09-24,15.047172098510291,1695513600000,"{""type"":""MultiPoint"",""coordinates"":[]}"
632_00000000000000000021,1857233047,225282636,41860,H1,013,01675903,488,A,06013,+37.9194790,-121.9515431,06,36084,G4020,Contra Costa,Contra Costa County,06,2023-09-25,17.014297329149887,1695600000000,"{""type"":""MultiPoint"",""coordinates"":[]}"
632_00000000000000000023,1909598013,216923745,41860,H1,001,01675839,488,A,06001,+37.6471385,-121.9124880,06,36084,G4020,Alameda,Alameda County,06,2023-09-25,16.68675454271505,1695600000000,"{""type"":""MultiPoint"",""coordinates"":[]}"
632_0000000000000000001f,121375681,479216672,41860,H6,075,00277302,488,C,06075,+37.7272391,-123.0322294,06,41884,G4020,San Francisco,San Francisco County,06,2023-09-25,16.365843249381893,1695600000000,"{""type"":""MultiPoint"",""coordinates"":[]}"
633_00000000000000000021,1857233047,225282636,41860,H1,013,01675903,488,A,06013,+37.9194790,-121.9515431,06,36084,G4020,Contra Costa,Contra Costa County,06,2023-09-26,19.45727229702322,1695686400000,"{""type"":""MultiPoint"",""coordinates"":[]}"
633_00000000000000000023,1909598013,216923745,41860,H1,001,01675839,488,A,06001,+37.6471385,-121.9124880,06,36084,G4020,Alameda,Alameda County,06,2023-09-26,18.417446087563405,1695686400000,"{""type"":""MultiPoint"",""coordinates"":[]}"
633_0000000000000000001f,121375681,479216672,41860,H6,075,00277302,488,C,06075,+37.7272391,-123.0322294,06,41884,G4020,San Francisco,San Francisco County,06,2023-09-26,19.27754557331022,1695686400000,"{""type"":""MultiPoint"",""coordinates"":[]}"
634_00000000000000000021,1857233047,225282636,41860,H1,013,01675903,488,A,06013,+37.9194790,-121.9515431,06,36084,G4020,Contra Costa,Contra Costa County,06,2023-09-27,18.86210241059198,1695772800000,"{""type"":""MultiPoint"",""coordinates"":[]}"
634_00000000000000000023,1909598013,216923745,41860,H1,001,01675839,488,A,06001,+37.6471385,-121.9124880,06,36084,G4020,Alameda,Alameda County,06,2023-09-27,17.63139748627716,1695772800000,"{""type"":""MultiPoint"",""coordinates"":[]}"
634_0000000000000000001f,121375681,479216672,41860,H6,075,00277302,488,C,06075,+37.7272391,-123.0322294,06,41884,G4020,San Francisco,San Francisco County,06,2023-09-27,18.042007434975357,1695772800000,"{""type"":""MultiPoint"",""coordinates"":[]}"
635_00000000000000000021,1857233047,225282636,41860,H1,013,01675903,488,A,06013,+37.9194790,-121.9515431,06,36084,G4020,Contra Costa,Contra Costa County,06,2023-09-28,18.590317571221398,1695859200000,"{""type"":""MultiPoint"",""coordinates"":[]}"
635_00000000000000000023,1909598013,216923745,41860,H1,001,01675839,488,A,06001,+37.6471385,-121.9124880,06,36084,G4020,Alameda,Alameda County,06,2023-09-28,17.42631872496858,1695859200000,"{""type"":""MultiPoint"",""coordinates"":[]}"
635_0000000000000000001f,121375681,479216672,41860,H6,075,00277302,488,C,06075,+37.7272391,-123.0322294,06,41884,G4020,San Francisco,San Francisco County,06,2023-09-28,17.439952625050864,1695859200000,"{""type"":""MultiPoint"",""coordinates"":[]}"
636_00000000000000000021,1857233047,225282636,41860,H1,013,01675903,488,A,06013,+37.9194790,-121.9515431,06,36084,G4020,Contra Costa,Contra Costa County,06,2023-09-29,18.761341288855768,1695945600000,"{""type"":""MultiPoint"",""coordinates"":[]}"
636_00000000000000000023,1909598013,216923745,41860,H1,001,01675839,488,A,06001,+37.6471385,-121.9124880,06,36084,G4020,Alameda,Alameda County,06,2023-09-29,17.212067397075433,1695945600000,"{""type"":""MultiPoint"",""coordinates"":[]}"
636_0000000000000000001f,121375681,479216672,41860,H6,075,00277302,488,C,06075,+37.7272391,-123.0322294,06,41884,G4020,San Francisco,San Francisco County,06,2023-09-29,17.738636097763557,1695945600000,"{""type"":""MultiPoint"",""coordinates"":[]}"
637_00000000000000000021,1857233047,225282636,41860,H1,013,01675903,488,A,06013,+37.9194790,-121.9515431,06,36084,G4020,Contra Costa,Contra Costa County,06,2023-09-30,16.64422907593022,1696032000000,"{""type"":""MultiPoint"",""coordinates"":[]}"
637_00000000000000000023,1909598013,216923745,41860,H1,001,01675839,488,A,06001,+37.6471385,-121.9124880,06,36084,G4020,Alameda,Alameda County,06,2023-09-30,15.522194708997715,1696032000000,"{""type"":""MultiPoint"",""coordinates"":[]}"
637_0000000000000000001f,121375681,479216672,41860,H6,075,00277302,488,C,06075,+37.7272391,-123.0322294,06,41884,G4020,San Francisco,San Francisco County,06,2023-09-30,16.23078704701174,1696032000000,"{""type"":""MultiPoint"",""coordinates"":[]}"
638_00000000000000000021,1857233047,225282636,41860,H1,013,01675903,488,A,06013,+37.9194790,-121.9515431,06,36084,G4020,Contra Costa,Contra Costa County,06,2023-10-01,16.658186431112895,1696118400000,"{""type"":""MultiPoint"",""coordinates"":[]}"
638_00000000000000000023,1909598013,216923745,41860,H1,001,01675839,488,A,06001,+37.6471385,-121.9124880,06,36084,G4020,Alameda,Alameda County,06,2023-10-01,15.740680573437553,1696118400000,"{""type"":""MultiPoint"",""coordinates"":[]}"
638_0000000000000000001f,121375681,479216672,41860,H6,075,00277302,488,C,06075,+37.7272391,-123.0322294,06,41884,G4020,San Francisco,San Francisco County,06,2023-10-01,15.941551267278381,1696118400000,"{""type"":""MultiPoint"",""coordinates"":[]}"
639_00000000000000000021,1857233047,225282636,41860,H1,013,01675903,488,A,06013,+37.9194790,-121.9515431,06,36084,G4020,Contra Costa,Contra Costa County,06,2023-10-02,17.130655058395902,1696204800000,"{""type"":""MultiPoint"",""coordinates"":[]}"
639_00000000000000000023,1909598013,216923745,41860,H1,001,01675839,488,A,06001,+37.6471385,-121.9124880,06,36084,G4020,Alameda,Alameda County,06,2023-10-02,16.538110402555525,1696204800000,"{""type"":""MultiPoint"",""coordinates"":[]}"
639_0000000000000000001f,121375681,479216672,41860,H6,075,00277302,488,C,06075,+37.7272391,-123.0322294,06,41884,G4020,San Francisco,San Francisco County,06,2023-10-02,15.829523244940221,1696204800000,"{""type"":""MultiPoint"",""coordinates"":[]}"
640_00000000000000000021,1857233047,225282636,41860,H1,013,01675903,488,A,06013,+37.9194790,-121.9515431,06,36084,G4020,Contra Costa,Contra Costa County,06,2023-10-03,17.89507461346558,1696291200000,"{""type"":""MultiPoint"",""coordinates"":[]}"
640_00000000000000000023,1909598013,216923745,41860,H1,001,01675839,488,A,06001,+37.6471385,-121.9124880,06,36084,G4020,Alameda,Alameda County,06,2023-10-03,17.607590419474285,1696291200000,"{""type"":""MultiPoint"",""coordinates"":[]}"
640_0000000000000000001f,121375681,479216672,41860,H6,075,00277302,488,C,06075,+37.7272391,-123.0322294,06,41884,G4020,San Francisco,San Francisco County,06,2023-10-03,16.17916138757821,1696291200000,"{""type"":""MultiPoint"",""coordinates"":[]}"
641_00000000000000000021,1857233047,225282636,41860,H1,013,01675903,488,A,06013,+37.9194790,-121.9515431,06,36084,G4020,Contra Costa,Contra Costa County,06,2023-10-04,21.60285109233372,1696377600000,"{""type"":""MultiPoint"",""coordinates"":[]}"
641_00000000000000000023,1909598013,216923745,41860,H1,001,01675839,488,A,06001,+37.6471385,-121.9124880,06,36084,G4020,Alameda,Alameda County,06,2023-10-04,21.85215746364025,1696377600000,"{""type"":""MultiPoint"",""coordinates"":[]}"
641_0000000000000000001f,121375681,479216672,41860,H6,075,00277302,488,C,06075,+37.7272391,-123.0322294,06,41884,G4020,San Francisco,San Francisco County,06,2023-10-04,20.71329648542375,1696377600000,"{""type"":""MultiPoint"",""coordinates"":[]}"
642_00000000000000000021,1857233047,225282636,41860,H1,013,01675903,488,A,06013,+37.9194790,-121.9515431,06,36084,G4020,Contra Costa,Contra Costa County,06,2023-10-05,23.558261475999434,1696464000000,"{""type"":""MultiPoint"",""coordinates"":[]}"
642_00000000000000000023,1909598013,216923745,41860,H1,001,01675839,488,A,06001,+37.6471385,-121.9124880,06,36084,G4020,Alameda,Alameda County,06,2023-10-05,24.439422957728073,1696464000000,"{""type"":""MultiPoint"",""coordinates"":[]}"
642_0000000000000000001f,121375681,479216672,41860,H6,075,00277302,488,C,06075,+37.7272391,-123.0322294,06,41884,G4020,San Francisco,San Francisco County,06,2023-10-05,23.737197937218333,1696464000000,"{""type"":""MultiPoint"",""coordinates"":[]}"
643_00000000000000000021,1857233047,225282636,41860,H1,013,01675903,488,A,06013,+37.9194790,-121.9515431,06,36084,G4020,Contra Costa,Contra Costa County,06,2023-10-06,24.33738459643266,1696550400000,"{""type"":""MultiPoint"",""coordinates"":[]}"
643_00000000000000000023,1909598013,216923745,41860,H1,001,01675839,488,A,06001,+37.6471385,-121.9124880,06,36084,G4020,Alameda,Alameda County,06,2023-10-06,25.670444938189082,1696550400000,"{""type"":""MultiPoint"",""coordinates"":[]}"
643_0000000000000000001f,121375681,479216672,41860,H6,075,00277302,488,C,06075,+37.7272391,-123.0322294,06,41884,G4020,San Francisco,San Francisco County,06,2023-10-06,24.125977923591872,1696550400000,"{""type"":""MultiPoint"",""coordinates"":[]}"
644_00000000000000000021,1857233047,225282636,41860,H1,013,01675903,488,A,06013,+37.9194790,-121.9515431,06,36084,G4020,Contra Costa,Contra Costa County,06,2023-10-07,24.859405497092027,1696636800000,"{""type"":""MultiPoint"",""coordinates"":[]}"
644_00000000000000000023,1909598013,216923745,41860,H1,001,01675839,488,A,06001,+37.6471385,-121.9124880,06,36084,G4020,Alameda,Alameda County,06,2023-10-07,26.100879090897266,1696636800000,"{""type"":""MultiPoint"",""coordinates"":[]}"
644_0000000000000000001f,121375681,479216672,41860,H6,075,00277302,488,C,06075,+37.7272391,-123.0322294,06,41884,G4020,San Francisco,San Francisco County,06,2023-10-07,23.854132941643883,1696636800000,"{""type"":""MultiPoint"",""coordinates"":[]}"
645_00000000000000000021,1857233047,225282636,41860,H1,013,01675903,488,A,06013,+37.9194790,-121.9515431,06,36084,G4020,Contra Costa,Contra Costa County,06,2023-10-08,22.923409874689145,1696723200000,"{""type"":""MultiPoint"",""coordinates"":[]}"
645_00000000000000000023,1909598013,216923745,41860,H1,001,01675839,488,A,06001,+37.6471385,-121.9124880,06,36084,G4020,Alameda,Alameda County,06,2023-10-08,23.367684182562986,1696723200000,"{""type"":""MultiPoint"",""coordinates"":[]}"
645_0000000000000000001f,121375681,479216672,41860,H6,075,00277302,488,C,06075,+37.7272391,-123.0322294,06,41884,G4020,San Francisco,San Francisco County,06,2023-10-08,19.776952122258503,1696723200000,"{""type"":""MultiPoint"",""coordinates"":[]}"
646_00000000000000000021,1857233047,225282636,41860,H1,013,01675903,488,A,06013,+37.9194790,-121.9515431,06,36084,G4020,Contra Costa,Contra Costa County,06,2023-10-09,17.371273604555782,1696809600000,"{""type"":""MultiPoint"",""coordinates"":[]}"
646_00000000000000000023,1909598013,216923745,41860,H1,001,01675839,488,A,06001,+37.6471385,-121.9124880,06,36084,G4020,Alameda,Alameda County,06,2023-10-09,17.552822559756883,1696809600000,"{""type"":""MultiPoint"",""coordinates"":[]}"
646_0000000000000000001f,121375681,479216672,41860,H6,075,00277302,488,C,06075,+37.7272391,-123.0322294,06,41884,G4020,San Francisco,San Francisco County,06,2023-10-09,15.768656534260153,1696809600000,"{""type"":""MultiPoint"",""coordinates"":[]}"
647_00000000000000000021,1857233047,225282636,41860,H1,013,01675903,488,A,06013,+37.9194790,-121.9515431,06,36084,G4020,Contra Costa,Contra Costa County,06,2023-10-10,18.381455110609576,1696896000000,"{""type"":""MultiPoint"",""coordinates"":[]}"
647_00000000000000000023,1909598013,216923745,41860,H1,001,01675839,488,A,06001,+37.6471385,-121.9124880,06,36084,G4020,Alameda,Alameda County,06,2023-10-10,17.84923295723975,1696896000000,"{""type"":""MultiPoint"",""coordinates"":[]}"
647_0000000000000000001f,121375681,479216672,41860,H6,075,00277302,488,C,06075,+37.7272391,-123.0322294,06,41884,G4020,San Francisco,San Francisco County,06,2023-10-10,17.16031979229434,1696896000000,"{""type"":""MultiPoint"",""coordinates"":[]}"
648_00000000000000000021,1857233047,225282636,41860,H1,013,01675903,488,A,06013,+37.9194790,-121.9515431,06,36084,G4020,Contra Costa,Contra Costa County,06,2023-10-11,16.660083408104114,1696982400000,"{""type"":""MultiPoint"",""coordinates"":[]}"
648_00000000000000000023,1909598013,216923745,41860,H1,001,01675839,488,A,06001,+37.6471385,-121.9124880,06,36084,G4020,Alameda,Alameda County,06,2023-10-11,15.786704028225122,1696982400000,"{""type"":""MultiPoint"",""coordinates"":[]}"
648_0000000000000000001f,121375681,479216672,41860,H6,075,00277302,488,C,06075,+37.7272391,-123.0322294,06,41884,G4020,San Francisco,San Francisco County,06,2023-10-11,16.553716548622095,1696982400000,"{""type"":""MultiPoint"",""coordinates"":[]}"
649_00000000000000000021,1857233047,225282636,41860,H1,013,01675903,488,A,06013,+37.9194790,-121.9515431,06,36084,G4020,Contra Costa,Contra Costa County,06,2023-10-12,16.84140361795005,1697068800000,"{""type"":""MultiPoint"",""coordinates"":[]}"
649_00000000000000000023,1909598013,216923745,41860,H1,001,01675839,488,A,06001,+37.6471385,-121.9124880,06,36084,G4020,Alameda,Alameda County,06,2023-10-12,16.175166972586023,1697068800000,"{""type"":""MultiPoint"",""coordinates"":[]}"
649_0000000000000000001f,121375681,479216672,41860,H6,075,00277302,488,C,06075,+37.7272391,-123.0322294,06,41884,G4020,San Francisco,San Francisco County,06,2023-10-12,16.300103553166945,1697068800000,"{""type"":""MultiPoint"",""coordinates"":[]}"
650_00000000000000000021,1857233047,225282636,41860,H1,013,01675903,488,A,06013,+37.9194790,-121.9515431,06,36084,G4020,Contra Costa,Contra Costa County,06,2023-10-13,17.512252153527584,1697155200000,"{""type"":""MultiPoint"",""coordinates"":[]}"
650_00000000000000000023,1909598013,216923745,41860,H1,001,01675839,488,A,06001,+37.6471385,-121.9124880,06,36084,G4020,Alameda,Alameda County,06,2023-10-13,17.976574320683042,1697155200000,"{""type"":""MultiPoint"",""coordinates"":[]}"
650_0000000000000000001f,121375681,479216672,41860,H6,075,00277302,488,C,06075,+37.7272391,-123.0322294,06,41884,G4020,San Francisco,San Francisco County,06,2023-10-13,16.088137148642556,1697155200000,"{""type"":""MultiPoint"",""coordinates"":[]}"
651_00000000000000000021,1857233047,225282636,41860,H1,013,01675903,488,A,06013,+37.9194790,-121.9515431,06,36084,G4020,Contra Costa,Contra Costa County,06,2023-10-14,17.04199456531609,1697241600000,"{""type"":""MultiPoint"",""coordinates"":[]}"
651_00000000000000000023,1909598013,216923745,41860,H1,001,01675839,488,A,06001,+37.6471385,-121.9124880,06,36084,G4020,Alameda,Alameda County,06,2023-10-14,16.85236859118413,1697241600000,"{""type"":""MultiPoint"",""coordinates"":[]}"
651_0000000000000000001f,121375681,479216672,41860,H6,075,00277302,488,C,06075,+37.7272391,-123.0322294,06,41884,G4020,San Francisco,San Francisco County,06,2023-10-14,16.18965734879024,1697241600000,"{""type"":""MultiPoint"",""coordinates"":[]}"
652_00000000000000000021,1857233047,225282636,41860,H1,013,01675903,488,A,06013,+37.9194790,-121.9515431,06,36084,G4020,Contra Costa,Contra Costa County,06,2023-10-15,18.158864227569147,1697328000000,"{""type"":""MultiPoint"",""coordinates"":[]}"
652_00000000000000000023,1909598013,216923745,41860,H1,001,01675839,488,A,06001,+37.6471385,-121.9124880,06,36084,G4020,Alameda,Alameda County,06,2023-10-15,18.51516410586237,1697328000000,"{""type"":""MultiPoint"",""coordinates"":[]}"
652_0000000000000000001f,121375681,479216672,41860,H6,075,00277302,488,C,06075,+37.7272391,-123.0322294,06,41884,G4020,San Francisco,San Francisco County,06,2023-10-15,17.15399815764143,1697328000000,"{""type"":""MultiPoint"",""coordinates"":[]}"
653_00000000000000000021,1857233047,225282636,41860,H1,013,01675903,488,A,06013,+37.9194790,-121.9515431,06,36084,G4020,Contra Costa,Contra Costa County,06,2023-10-16,17.89286717927704,1697414400000,"{""type"":""MultiPoint"",""coordinates"":[]}"
653_00000000000000000023,1909598013,216923745,41860,H1,001,01675839,488,A,06001,+37.6471385,-121.9124880,06,36084,G4020,Alameda,Alameda County,06,2023-10-16,17.963496400944496,1697414400000,"{""type"":""MultiPoint"",""coordinates"":[]}"
653_0000000000000000001f,121375681,479216672,41860,H6,075,00277302,488,C,06075,+37.7272391,-123.0322294,06,41884,G4020,San Francisco,San Francisco County,06,2023-10-16,16.017330847026326,1697414400000,"{""type"":""MultiPoint"",""coordinates"":[]}"
654_00000000000000000021,1857233047,225282636,41860,H1,013,01675903,488,A,06013,+37.9194790,-121.9515431,06,36084,G4020,Contra Costa,Contra Costa County,06,2023-10-17,19.279978666962343,1697500800000,"{""type"":""MultiPoint"",""coordinates"":[]}"
654_00000000000000000023,1909598013,216923745,41860,H1,001,01675839,488,A,06001,+37.6471385,-121.9124880,06,36084,G4020,Alameda,Alameda County,06,2023-10-17,18.358187959386218,1697500800000,"{""type"":""MultiPoint"",""coordinates"":[]}"
654_0000000000000000001f,121375681,479216672,41860,H6,075,00277302,488,C,06075,+37.7272391,-123.0322294,06,41884,G4020,San Francisco,San Francisco County,06,2023-10-17,18.0012476664678,1697500800000,"{""type"":""MultiPoint"",""coordinates"":[]}"
655_00000000000000000021,1857233047,225282636,41860,H1,013,01675903,488,A,06013,+37.9194790,-121.9515431,06,36084,G4020,Contra Costa,Contra Costa County,06,2023-10-18,20.06122026270125,1697587200000,"{""type"":""MultiPoint"",""coordinates"":[]}"
655_00000000000000000023,1909598013,216923745,41860,H1,001,01675839,488,A,06001,+37.6471385,-121.9124880,06,36084,G4020,Alameda,Alameda County,06,2023-10-18,20.49080104572393,1697587200000,"{""type"":""MultiPoint"",""coordinates"":[]}"
655_0000000000000000001f,121375681,479216672,41860,H6,075,00277302,488,C,06075,+37.7272391,-123.0322294,06,41884,G4020,San Francisco,San Francisco County,06,2023-10-18,18.53294139249646,1697587200000,"{""type"":""MultiPoint"",""coordinates"":[]}"
656_00000000000000000021,1857233047,225282636,41860,H1,013,01675903,488,A,06013,+37.9194790,-121.9515431,06,36084,G4020,Contra Costa,Contra Costa County,06,2023-10-19,22.847289221123578,1697673600000,"{""type"":""MultiPoint"",""coordinates"":[]}"
656_00000000000000000023,1909598013,216923745,41860,H1,001,01675839,488,A,06001,+37.6471385,-121.9124880,06,36084,G4020,Alameda,Alameda County,06,2023-10-19,24.113930897801843,1697673600000,"{""type"":""MultiPoint"",""coordinates"":[]}"
656_0000000000000000001f,121375681,479216672,41860,H6,075,00277302,488,C,06075,+37.7272391,-123.0322294,06,41884,G4020,San Francisco,San Francisco County,06,2023-10-19,21.36786387804477,1697673600000,"{""type"":""MultiPoint"",""coordinates"":[]}"
657_00000000000000000021,1857233047,225282636,41860,H1,013,01675903,488,A,06013,+37.9194790,-121.9515431,06,36084,G4020,Contra Costa,Contra Costa County,06,2023-10-20,20.056795784671024,1697760000000,"{""type"":""MultiPoint"",""coordinates"":[]}"
657_00000000000000000023,1909598013,216923745,41860,H1,001,01675839,488,A,06001,+37.6471385,-121.9124880,06,36084,G4020,Alameda,Alameda County,06,2023-10-20,20.43433662131936,1697760000000,"{""type"":""MultiPoint"",""coordinates"":[]}"
657_0000000000000000001f,121375681,479216672,41860,H6,075,00277302,488,C,06075,+37.7272391,-123.0322294,06,41884,G4020,San Francisco,San Francisco County,06,2023-10-20,17.50590881578852,1697760000000,"{""type"":""MultiPoint"",""coordinates"":[]}"
658_00000000000000000021,1857233047,225282636,41860,H1,013,01675903,488,A,06013,+37.9194790,-121.9515431,06,36084,G4020,Contra Costa,Contra Costa County,06,2023-10-21,16.33241382835439,1697846400000,"{""type"":""MultiPoint"",""coordinates"":[]}"
658_00000000000000000023,1909598013,216923745,41860,H1,001,01675839,488,A,06001,+37.6471385,-121.9124880,06,36084,G4020,Alameda,Alameda County,06,2023-10-21,16.454393472403947,1697846400000,"{""type"":""MultiPoint"",""coordinates"":[]}"
658_0000000000000000001f,121375681,479216672,41860,H6,075,00277302,488,C,06075,+37.7272391,-123.0322294,06,41884,G4020,San Francisco,San Francisco County,06,2023-10-21,15.250858740742045,1697846400000,"{""type"":""MultiPoint"",""coordinates"":[]}"
659_00000000000000000021,1857233047,225282636,41860,H1,013,01675903,488,A,06013,+37.9194790,-121.9515431,06,36084,G4020,Contra Costa,Contra Costa County,06,2023-10-22,16.921323126910508,1697932800000,"{""type"":""MultiPoint"",""coordinates"":[]}"
659_00000000000000000023,1909598013,216923745,41860,H1,001,01675839,488,A,06001,+37.6471385,-121.9124880,06,36084,G4020,Alameda,Alameda County,06,2023-10-22,16.29222480463134,1697932800000,"{""type"":""MultiPoint"",""coordinates"":[]}"
659_0000000000000000001f,121375681,479216672,41860,H6,075,00277302,488,C,06075,+37.7272391,-123.0322294,06,41884,G4020,San Francisco,San Francisco County,06,2023-10-22,16.588021651365793,1697932800000,"{""type"":""MultiPoint"",""coordinates"":[]}"
660_00000000000000000021,1857233047,225282636,41860,H1,013,01675903,488,A,06013,+37.9194790,-121.9515431,06,36084,G4020,Contra Costa,Contra Costa County,06,2023-10-23,17.17163730489388,1698019200000,"{""type"":""MultiPoint"",""coordinates"":[]}"
660_00000000000000000023,1909598013,216923745,41860,H1,001,01675839,488,A,06001,+37.6471385,-121.9124880,06,36084,G4020,Alameda,Alameda County,06,2023-10-23,16.334632652088864,1698019200000,"{""type"":""MultiPoint"",""coordinates"":[]}"
660_0000000000000000001f,121375681,479216672,41860,H6,075,00277302,488,C,06075,+37.7272391,-123.0322294,06,41884,G4020,San Francisco,San Francisco County,06,2023-10-23,16.69821518677272,1698019200000,"{""type"":""MultiPoint"",""coordinates"":[]}"
661_00000000000000000021,1857233047,225282636,41860,H1,013,01675903,488,A,06013,+37.9194790,-121.9515431,06,36084,G4020,Contra Costa,Contra Costa County,06,2023-10-24,16.933764127448217,1698105600000,"{""type"":""MultiPoint"",""coordinates"":[]}"
661_00000000000000000023,1909598013,216923745,41860,H1,001,01675839,488,A,06001,+37.6471385,-121.9124880,06,36084,G4020,Alameda,Alameda County,06,2023-10-24,16.233461248348327,1698105600000,"{""type"":""MultiPoint"",""coordinates"":[]}"
661_0000000000000000001f,121375681,479216672,41860,H6,075,00277302,488,C,06075,+37.7272391,-123.0322294,06,41884,G4020,San Francisco,San Francisco County,06,2023-10-24,16.096835778714176,1698105600000,"{""type"":""MultiPoint"",""coordinates"":[]}"
662_00000000000000000021,1857233047,225282636,41860,H1,013,01675903,488,A,06013,+37.9194790,-121.9515431,06,36084,G4020,Contra Costa,Contra Costa County,06,2023-10-25,15.445722603255556,1698192000000,"{""type"":""MultiPoint"",""coordinates"":[]}"
662_00000000000000000023,1909598013,216923745,41860,H1,001,01675839,488,A,06001,+37.6471385,-121.9124880,06,36084,G4020,Alameda,Alameda County,06,2023-10-25,14.353693617689391,1698192000000,"{""type"":""MultiPoint"",""coordinates"":[]}"
662_0000000000000000001f,121375681,479216672,41860,H6,075,00277302,488,C,06075,+37.7272391,-123.0322294,06,41884,G4020,San Francisco,San Francisco County,06,2023-10-25,14.660448973045135,1698192000000,"{""type"":""MultiPoint"",""coordinates"":[]}"
663_00000000000000000021,1857233047,225282636,41860,H1,013,01675903,488,A,06013,+37.9194790,-121.9515431,06,36084,G4020,Contra Costa,Contra Costa County,06,2023-10-26,13.819861474873774,1698278400000,"{""type"":""MultiPoint"",""coordinates"":[]}"
663_00000000000000000023,1909598013,216923745,41860,H1,001,01675839,488,A,06001,+37.6471385,-121.9124880,06,36084,G4020,Alameda,Alameda County,06,2023-10-26,13.015103112026226,1698278400000,"{""type"":""MultiPoint"",""coordinates"":[]}"
663_0000000000000000001f,121375681,479216672,41860,H6,075,00277302,488,C,06075,+37.7272391,-123.0322294,06,41884,G4020,San Francisco,San Francisco County,06,2023-10-26,13.681453769765026,1698278400000,"{""type"":""MultiPoint"",""coordinates"":[]}"
664_00000000000000000021,1857233047,225282636,41860,H1,013,01675903,488,A,06013,+37.9194790,-121.9515431,06,36084,G4020,Contra Costa,Contra Costa County,06,2023-10-27,12.119572301285926,1698364800000,"{""type"":""MultiPoint"",""coordinates"":[]}"
664_00000000000000000023,1909598013,216923745,41860,H1,001,01675839,488,A,06001,+37.6471385,-121.9124880,06,36084,G4020,Alameda,Alameda County,06,2023-10-27,11.763426369003168,1698364800000,"{""type"":""MultiPoint"",""coordinates"":[]}"
664_0000000000000000001f,121375681,479216672,41860,H6,075,00277302,488,C,06075,+37.7272391,-123.0322294,06,41884,G4020,San Francisco,San Francisco County,06,2023-10-27,12.110554560225394,1698364800000,"{""type"":""MultiPoint"",""coordinates"":[]}"
665_00000000000000000021,1857233047,225282636,41860,H1,013,01675903,488,A,06013,+37.9194790,-121.9515431,06,36084,G4020,Contra Costa,Contra Costa County,06,2023-10-28,12.664386880545175,1698451200000,"{""type"":""MultiPoint"",""coordinates"":[]}"
665_00000000000000000023,1909598013,216923745,41860,H1,001,01675839,488,A,06001,+37.6471385,-121.9124880,06,36084,G4020,Alameda,Alameda County,06,2023-10-28,11.844277312010302,1698451200000,"{""type"":""MultiPoint"",""coordinates"":[]}"
665_0000000000000000001f,121375681,479216672,41860,H6,075,00277302,488,C,06075,+37.7272391,-123.0322294,06,41884,G4020,San Francisco,San Francisco County,06,2023-10-28,12.803814566173868,1698451200000,"{""type"":""MultiPoint"",""coordinates"":[]}"
666_00000000000000000021,1857233047,225282636,41860,H1,013,01675903,488,A,06013,+37.9194790,-121.9515431,06,36084,G4020,Contra Costa,Contra Costa County,06,2023-10-29,14.479184560239855,1698537600000,"{""type"":""MultiPoint"",""coordinates"":[]}"
666_00000000000000000023,1909598013,216923745,41860,H1,001,01675839,488,A,06001,+37.6471385,-121.9124880,06,36084,G4020,Alameda,Alameda County,06,2023-10-29,13.153399237032477,1698537600000,"{""type"":""MultiPoint"",""coordinates"":[]}"
666_0000000000000000001f,121375681,479216672,41860,H6,075,00277302,488,C,06075,+37.7272391,-123.0322294,06,41884,G4020,San Francisco,San Francisco County,06,2023-10-29,14.505480209586727,1698537600000,"{""type"":""MultiPoint"",""coordinates"":[]}"
667_00000000000000000021,1857233047,225282636,41860,H1,013,01675903,488,A,06013,+37.9194790,-121.9515431,06,36084,G4020,Contra Costa,Contra Costa County,06,2023-10-30,14.411222822554492,1698624000000,"{""type"":""MultiPoint"",""coordinates"":[]}"
667_00000000000000000023,1909598013,216923745,41860,H1,001,01675839,488,A,06001,+37.6471385,-121.9124880,06,36084,G4020,Alameda,Alameda County,06,2023-10-30,14.8689948923355,1698624000000,"{""type"":""MultiPoint"",""coordinates"":[]}"
667_0000000000000000001f,121375681,479216672,41860,H6,075,00277302,488,C,06075,+37.7272391,-123.0322294,06,41884,G4020,San Francisco,San Francisco County,06,2023-10-30,14.685883622012732,1698624000000,"{""type"":""MultiPoint"",""coordinates"":[]}"
668_00000000000000000021,1857233047,225282636,41860,H1,013,01675903,488,A,06013,+37.9194790,-121.9515431,06,36084,G4020,Contra Costa,Contra Costa County,06,2023-10-31,14.54726087039812,1698710400000,"{""type"":""MultiPoint"",""coordinates"":[]}"
668_00000000000000000023,1909598013,216923745,41860,H1,001,01675839,488,A,06001,+37.6471385,-121.9124880,06,36084,G4020,Alameda,Alameda County,06,2023-10-31,14.933740673230274,1698710400000,"{""type"":""MultiPoint"",""coordinates"":[]}"
668_0000000000000000001f,121375681,479216672,41860,H6,075,00277302,488,C,06075,+37.7272391,-123.0322294,06,41884,G4020,San Francisco,San Francisco County,06,2023-10-31,14.520303504594622,1698710400000,"{""type"":""MultiPoint"",""coordinates"":[]}"
669_00000000000000000021,1857233047,225282636,41860,H1,013,01675903,488,A,06013,+37.9194790,-121.9515431,06,36084,G4020,Contra Costa,Contra Costa County,06,2023-11-01,15.244748752134756,1698796800000,"{""type"":""MultiPoint"",""coordinates"":[]}"
669_00000000000000000023,1909598013,216923745,41860,H1,001,01675839,488,A,06001,+37.6471385,-121.9124880,06,36084,G4020,Alameda,Alameda County,06,2023-11-01,15.653548491347454,1698796800000,"{""type"":""MultiPoint"",""coordinates"":[]}"
669_0000000000000000001f,121375681,479216672,41860,H6,075,00277302,488,C,06075,+37.7272391,-123.0322294,06,41884,G4020,San Francisco,San Francisco County,06,2023-11-01,14.935443708221841,1698796800000,"{""type"":""MultiPoint"",""coordinates"":[]}"
670_00000000000000000021,1857233047,225282636,41860,H1,013,01675903,488,A,06013,+37.9194790,-121.9515431,06,36084,G4020,Contra Costa,Contra Costa County,06,2023-11-02,16.511953859615534,1698883200000,"{""type"":""MultiPoint"",""coordinates"":[]}"
670_00000000000000000023,1909598013,216923745,41860,H1,001,01675839,488,A,06001,+37.6471385,-121.9124880,06,36084,G4020,Alameda,Alameda County,06,2023-11-02,17.26508026148283,1698883200000,"{""type"":""MultiPoint"",""coordinates"":[]}"
670_0000000000000000001f,121375681,479216672,41860,H6,075,00277302,488,C,06075,+37.7272391,-123.0322294,06,41884,G4020,San Francisco,San Francisco County,06,2023-11-02,16.109106152139148,1698883200000,"{""type"":""MultiPoint"",""coordinates"":[]}"
671_00000000000000000021,1857233047,225282636,41860,H1,013,01675903,488,A,06013,+37.9194790,-121.9515431,06,36084,G4020,Contra Costa,Contra Costa County,06,2023-11-03,17.937128495877825,1698969600000,"{""type"":""MultiPoint"",""coordinates"":[]}"
671_00000000000000000023,1909598013,216923745,41860,H1,001,01675839,488,A,06001,+37.6471385,-121.9124880,06,36084,G4020,Alameda,Alameda County,06,2023-11-03,18.32872418344277,1698969600000,"{""type"":""MultiPoint"",""coordinates"":[]}"
671_0000000000000000001f,121375681,479216672,41860,H6,075,00277302,488,C,06075,+37.7272391,-123.0322294,06,41884,G4020,San Francisco,San Francisco County,06,2023-11-03,17.104657445301363,1698969600000,"{""type"":""MultiPoint"",""coordinates"":[]}"
672_00000000000000000021,1857233047,225282636,41860,H1,013,01675903,488,A,06013,+37.9194790,-121.9515431,06,36084,G4020,Contra Costa,Contra Costa County,06,2023-11-04,17.537278769946727,1699056000000,"{""type"":""MultiPoint"",""coordinates"":[]}"
672_00000000000000000023,1909598013,216923745,41860,H1,001,01675839,488,A,06001,+37.6471385,-121.9124880,06,36084,G4020,Alameda,Alameda County,06,2023-11-04,18.14100415409747,1699056000000,"{""type"":""MultiPoint"",""coordinates"":[]}"
672_0000000000000000001f,121375681,479216672,41860,H6,075,00277302,488,C,06075,+37.7272391,-123.0322294,06,41884,G4020,San Francisco,San Francisco County,06,2023-11-04,16.964344073602437,1699056000000,"{""type"":""MultiPoint"",""coordinates"":[]}"
673_00000000000000000021,1857233047,225282636,41860,H1,013,01675903,488,A,06013,+37.9194790,-121.9515431,06,36084,G4020,Contra Costa,Contra Costa County,06,2023-11-05,15.87027354087368,1699142400000,"{""type"":""MultiPoint"",""coordinates"":[]}"
673_00000000000000000023,1909598013,216923745,41860,H1,001,01675839,488,A,06001,+37.6471385,-121.9124880,06,36084,G4020,Alameda,Alameda County,06,2023-11-05,15.60471519502601,1699142400000,"{""type"":""MultiPoint"",""coordinates"":[]}"
673_0000000000000000001f,121375681,479216672,41860,H6,075,00277302,488,C,06075,+37.7272391,-123.0322294,06,41884,G4020,San Francisco,San Francisco County,06,2023-11-05,15.80401113622043,1699142400000,"{""type"":""MultiPoint"",""coordinates"":[]}"
674_00000000000000000021,1857233047,225282636,41860,H1,013,01675903,488,A,06013,+37.9194790,-121.9515431,06,36084,G4020,Contra Costa,Contra Costa County,06,2023-11-06,16.919123023542237,1699228800000,"{""type"":""MultiPoint"",""coordinates"":[]}"
674_00000000000000000023,1909598013,216923745,41860,H1,001,01675839,488,A,06001,+37.6471385,-121.9124880,06,36084,G4020,Alameda,Alameda County,06,2023-11-06,16.367417196231038,1699228800000,"{""type"":""MultiPoint"",""coordinates"":[]}"
674_0000000000000000001f,121375681,479216672,41860,H6,075,00277302,488,C,06075,+37.7272391,-123.0322294,06,41884,G4020,San Francisco,San Francisco County,06,2023-11-06,16.614365455091292,1699228800000,"{""type"":""MultiPoint"",""coordinates"":[]}"
675_00000000000000000021,1857233047,225282636,41860,H1,013,01675903,488,A,06013,+37.9194790,-121.9515431,06,36084,G4020,Contra Costa,Contra Costa County,06,2023-11-07,13.935207411640366,1699315200000,"{""type"":""MultiPoint"",""coordinates"":[]}"
675_00000000000000000023,1909598013,216923745,41860,H1,001,01675839,488,A,06001,+37.6471385,-121.9124880,06,36084,G4020,Alameda,Alameda County,06,2023-11-07,13.023541707705022,1699315200000,"{""type"":""MultiPoint"",""coordinates"":[]}"
675_0000000000000000001f,121375681,479216672,41860,H6,075,00277302,488,C,06075,+37.7272391,-123.0322294,06,41884,G4020,San Francisco,San Francisco County,06,2023-11-07,14.465974266401524,1699315200000,"{""type"":""MultiPoint"",""coordinates"":[]}"
676_00000000000000000021,1857233047,225282636,41860,H1,013,01675903,488,A,06013,+37.9194790,-121.9515431,06,36084,G4020,Contra Costa,Contra Costa County,06,2023-11-08,12.960970535468546,1699401600000,"{""type"":""MultiPoint"",""coordinates"":[]}"
676_00000000000000000023,1909598013,216923745,41860,H1,001,01675839,488,A,06001,+37.6471385,-121.9124880,06,36084,G4020,Alameda,Alameda County,06,2023-11-08,12.454302685826319,1699401600000,"{""type"":""MultiPoint"",""coordinates"":[]}"
676_0000000000000000001f,121375681,479216672,41860,H6,075,00277302,488,C,06075,+37.7272391,-123.0322294,06,41884,G4020,San Francisco,San Francisco County,06,2023-11-08,13.943210540073007,1699401600000,"{""type"":""MultiPoint"",""coordinates"":[]}"
677_00000000000000000021,1857233047,225282636,41860,H1,013,01675903,488,A,06013,+37.9194790,-121.9515431,06,36084,G4020,Contra Costa,Contra Costa County,06,2023-11-09,12.769878964707967,1699488000000,"{""type"":""MultiPoint"",""coordinates"":[]}"
677_00000000000000000023,1909598013,216923745,41860,H1,001,01675839,488,A,06001,+37.6471385,-121.9124880,06,36084,G4020,Alameda,Alameda County,06,2023-11-09,13.19223439518526,1699488000000,"{""type"":""MultiPoint"",""coordinates"":[]}"
677_0000000000000000001f,121375681,479216672,41860,H6,075,00277302,488,C,06075,+37.7272391,-123.0322294,06,41884,G4020,San Francisco,San Francisco County,06,2023-11-09,13.207679338781102,1699488000000,"{""type"":""MultiPoint"",""coordinates"":[]}"
678_00000000000000000021,1857233047,225282636,41860,H1,013,01675903,488,A,06013,+37.9194790,-121.9515431,06,36084,G4020,Contra Costa,Contra Costa County,06,2023-11-10,11.914945451366572,1699574400000,"{""type"":""MultiPoint"",""coordinates"":[]}"
678_00000000000000000023,1909598013,216923745,41860,H1,001,01675839,488,A,06001,+37.6471385,-121.9124880,06,36084,G4020,Alameda,Alameda County,06,2023-11-10,12.499621224785844,1699574400000,"{""type"":""MultiPoint"",""coordinates"":[]}"
678_0000000000000000001f,121375681,479216672,41860,H6,075,00277302,488,C,06075,+37.7272391,-123.0322294,06,41884,G4020,San Francisco,San Francisco County,06,2023-11-10,12.6190956575651,1699574400000,"{""type"":""MultiPoint"",""coordinates"":[]}"
679_00000000000000000021,1857233047,225282636,41860,H1,013,01675903,488,A,06013,+37.9194790,-121.9515431,06,36084,G4020,Contra Costa,Contra Costa County,06,2023-11-11,14.243949156202769,1699660800000,"{""type"":""MultiPoint"",""coordinates"":[]}"
679_00000000000000000023,1909598013,216923745,41860,H1,001,01675839,488,A,06001,+37.6471385,-121.9124880,06,36084,G4020,Alameda,Alameda County,06,2023-11-11,14.651390146211673,1699660800000,"{""type"":""MultiPoint"",""coordinates"":[]}"
679_0000000000000000001f,121375681,479216672,41860,H6,075,00277302,488,C,06075,+37.7272391,-123.0322294,06,41884,G4020,San Francisco,San Francisco County,06,2023-11-11,14.181845146390726,1699660800000,"{""type"":""MultiPoint"",""coordinates"":[]}"
680_00000000000000000021,1857233047,225282636,41860,H1,013,01675903,488,A,06013,+37.9194790,-121.9515431,06,36084,G4020,Contra Costa,Contra Costa County,06,2023-11-12,14.402734586597434,1699747200000,"{""type"":""MultiPoint"",""coordinates"":[]}"
680_00000000000000000023,1909598013,216923745,41860,H1,001,01675839,488,A,06001,+37.6471385,-121.9124880,06,36084,G4020,Alameda,Alameda County,06,2023-11-12,14.460659250291283,1699747200000,"{""type"":""MultiPoint"",""coordinates"":[]}"
680_0000000000000000001f,121375681,479216672,41860,H6,075,00277302,488,C,06075,+37.7272391,-123.0322294,06,41884,G4020,San Francisco,San Francisco County,06,2023-11-12,13.853832341777682,1699747200000,"{""type"":""MultiPoint"",""coordinates"":[]}"
681_00000000000000000021,1857233047,225282636,41860,H1,013,01675903,488,A,06013,+37.9194790,-121.9515431,06,36084,G4020,Contra Costa,Contra Costa County,06,2023-11-13,13.716413383131242,1699833600000,"{""type"":""MultiPoint"",""coordinates"":[]}"
681_00000000000000000023,1909598013,216923745,41860,H1,001,01675839,488,A,06001,+37.6471385,-121.9124880,06,36084,G4020,Alameda,Alameda County,06,2023-11-13,13.540948553617886,1699833600000,"{""type"":""MultiPoint"",""coordinates"":[]}"
681_0000000000000000001f,121375681,479216672,41860,H6,075,00277302,488,C,06075,+37.7272391,-123.0322294,06,41884,G4020,San Francisco,San Francisco County,06,2023-11-13,13.880096648048418,1699833600000,"{""type"":""MultiPoint"",""coordinates"":[]}"
682_00000000000000000021,1857233047,225282636,41860,H1,013,01675903,488,A,06013,+37.9194790,-121.9515431,06,36084,G4020,Contra Costa,Contra Costa County,06,2023-11-14,13.916692952217206,1699920000000,"{""type"":""MultiPoint"",""coordinates"":[]}"
682_00000000000000000023,1909598013,216923745,41860,H1,001,01675839,488,A,06001,+37.6471385,-121.9124880,06,36084,G4020,Alameda,Alameda County,06,2023-11-14,13.135985960428666,1699920000000,"{""type"":""MultiPoint"",""coordinates"":[]}"
682_0000000000000000001f,121375681,479216672,41860,H6,075,00277302,488,C,06075,+37.7272391,-123.0322294,06,41884,G4020,San Francisco,San Francisco County,06,2023-11-14,14.310983795323455,1699920000000,"{""type"":""MultiPoint"",""coordinates"":[]}"
683_00000000000000000021,1857233047,225282636,41860,H1,013,01675903,488,A,06013,+37.9194790,-121.9515431,06,36084,G4020,Contra Costa,Contra Costa County,06,2023-11-15,13.561573807116174,1700006400000,"{""type"":""MultiPoint"",""coordinates"":[]}"
683_00000000000000000023,1909598013,216923745,41860,H1,001,01675839,488,A,06001,+37.6471385,-121.9124880,06,36084,G4020,Alameda,Alameda County,06,2023-11-15,14.116043022563305,1700006400000,"{""type"":""MultiPoint"",""coordinates"":[]}"
683_0000000000000000001f,121375681,479216672,41860,H6,075,00277302,488,C,06075,+37.7272391,-123.0322294,06,41884,G4020,San Francisco,San Francisco County,06,2023-11-15,14.241873020882938,1700006400000,"{""type"":""MultiPoint"",""coordinates"":[]}"
684_00000000000000000021,1857233047,225282636,41860,H1,013,01675903,488,A,06013,+37.9194790,-121.9515431,06,36084,G4020,Contra Costa,Contra Costa County,06,2023-11-16,13.861265193709007,1700092800000,"{""type"":""MultiPoint"",""coordinates"":[]}"
684_00000000000000000023,1909598013,216923745,41860,H1,001,01675839,488,A,06001,+37.6471385,-121.9124880,06,36084,G4020,Alameda,Alameda County,06,2023-11-16,13.736176824950855,1700092800000,"{""type"":""MultiPoint"",""coordinates"":[]}"
684_0000000000000000001f,121375681,479216672,41860,H6,075,00277302,488,C,06075,+37.7272391,-123.0322294,06,41884,G4020,San Francisco,San Francisco County,06,2023-11-16,14.495137297423137,1700092800000,"{""type"":""MultiPoint"",""coordinates"":[]}"
685_00000000000000000021,1857233047,225282636,41860,H1,013,01675903,488,A,06013,+37.9194790,-121.9515431,06,36084,G4020,Contra Costa,Contra Costa County,06,2023-11-17,14.182189413125975,1700179200000,"{""type"":""MultiPoint"",""coordinates"":[]}"
685_00000000000000000023,1909598013,216923745,41860,H1,001,01675839,488,A,06001,+37.6471385,-121.9124880,06,36084,G4020,Alameda,Alameda County,06,2023-11-17,13.763168939811587,1700179200000,"{""type"":""MultiPoint"",""coordinates"":[]}"
685_0000000000000000001f,121375681,479216672,41860,H6,075,00277302,488,C,06075,+37.7272391,-123.0322294,06,41884,G4020,San Francisco,San Francisco County,06,2023-11-17,14.853573857300674,1700179200000,"{""type"":""MultiPoint"",""coordinates"":[]}"
686_00000000000000000021,1857233047,225282636,41860,H1,013,01675903,488,A,06013,+37.9194790,-121.9515431,06,36084,G4020,Contra Costa,Contra Costa County,06,2023-11-18,14.730065930450635,1700265600000,"{""type"":""MultiPoint"",""coordinates"":[]}"
686_00000000000000000023,1909598013,216923745,41860,H1,001,01675839,488,A,06001,+37.6471385,-121.9124880,06,36084,G4020,Alameda,Alameda County,06,2023-11-18,14.339125688364781,1700265600000,"{""type"":""MultiPoint"",""coordinates"":[]}"
686_0000000000000000001f,121375681,479216672,41860,H6,075,00277302,488,C,06075,+37.7272391,-123.0322294,06,41884,G4020,San Francisco,San Francisco County,06,2023-11-18,15.493800484603826,1700265600000,"{""type"":""MultiPoint"",""coordinates"":[]}"
687_00000000000000000021,1857233047,225282636,41860,H1,013,01675903,488,A,06013,+37.9194790,-121.9515431,06,36084,G4020,Contra Costa,Contra Costa County,06,2023-11-19,12.361786259680635,1700352000000,"{""type"":""MultiPoint"",""coordinates"":[]}"
687_00000000000000000023,1909598013,216923745,41860,H1,001,01675839,488,A,06001,+37.6471385,-121.9124880,06,36084,G4020,Alameda,Alameda County,06,2023-11-19,11.601976832961876,1700352000000,"{""type"":""MultiPoint"",""coordinates"":[]}"
687_0000000000000000001f,121375681,479216672,41860,H6,075,00277302,488,C,06075,+37.7272391,-123.0322294,06,41884,G4020,San Francisco,San Francisco County,06,2023-11-19,13.183499176743588,1700352000000,"{""type"":""MultiPoint"",""coordinates"":[]}"
688_00000000000000000021,1857233047,225282636,41860,H1,013,01675903,488,A,06013,+37.9194790,-121.9515431,06,36084,G4020,Contra Costa,Contra Costa County,06,2023-11-20,12.117152495803767,1700438400000,"{""type"":""MultiPoint"",""coordinates"":[]}"
688_00000000000000000023,1909598013,216923745,41860,H1,001,01675839,488,A,06001,+37.6471385,-121.9124880,06,36084,G4020,Alameda,Alameda County,06,2023-11-20,10.73466338234462,1700438400000,"{""type"":""MultiPoint"",""coordinates"":[]}"
688_0000000000000000001f,121375681,479216672,41860,H6,075,00277302,488,C,06075,+37.7272391,-123.0322294,06,41884,G4020,San Francisco,San Francisco County,06,2023-11-20,12.485710426640491,1700438400000,"{""type"":""MultiPoint"",""coordinates"":[]}"
689_00000000000000000021,1857233047,225282636,41860,H1,013,01675903,488,A,06013,+37.9194790,-121.9515431,06,36084,G4020,Contra Costa,Contra Costa County,06,2023-11-21,10.60121580626943,1700524800000,"{""type"":""MultiPoint"",""coordinates"":[]}"
689_00000000000000000023,1909598013,216923745,41860,H1,001,01675839,488,A,06001,+37.6471385,-121.9124880,06,36084,G4020,Alameda,Alameda County,06,2023-11-21,10.519861783161783,1700524800000,"{""type"":""MultiPoint"",""coordinates"":[]}"
689_0000000000000000001f,121375681,479216672,41860,H6,075,00277302,488,C,06075,+37.7272391,-123.0322294,06,41884,G4020,San Francisco,San Francisco County,06,2023-11-21,11.042295888560153,1700524800000,"{""type"":""MultiPoint"",""coordinates"":[]}"
690_00000000000000000021,1857233047,225282636,41860,H1,013,01675903,488,A,06013,+37.9194790,-121.9515431,06,36084,G4020,Contra Costa,Contra Costa County,06,2023-11-22,12.23410901344739,1700611200000,"{""type"":""MultiPoint"",""coordinates"":[]}"
690_00000000000000000023,1909598013,216923745,41860,H1,001,01675839,488,A,06001,+37.6471385,-121.9124880,06,36084,G4020,Alameda,Alameda County,06,2023-11-22,12.60867431089272,1700611200000,"{""type"":""MultiPoint"",""coordinates"":[]}"
690_0000000000000000001f,121375681,479216672,41860,H6,075,00277302,488,C,06075,+37.7272391,-123.0322294,06,41884,G4020,San Francisco,San Francisco County,06,2023-11-22,11.249749051210294,1700611200000,"{""type"":""MultiPoint"",""coordinates"":[]}"
691_00000000000000000021,1857233047,225282636,41860,H1,013,01675903,488,A,06013,+37.9194790,-121.9515431,06,36084,G4020,Contra Costa,Contra Costa County,06,2023-11-23,12.428415529594469,1700697600000,"{""type"":""MultiPoint"",""coordinates"":[]}"
691_00000000000000000023,1909598013,216923745,41860,H1,001,01675839,488,A,06001,+37.6471385,-121.9124880,06,36084,G4020,Alameda,Alameda County,06,2023-11-23,12.970094948662393,1700697600000,"{""type"":""MultiPoint"",""coordinates"":[]}"
691_0000000000000000001f,121375681,479216672,41860,H6,075,00277302,488,C,06075,+37.7272391,-123.0322294,06,41884,G4020,San Francisco,San Francisco County,06,2023-11-23,12.946861863274664,1700697600000,"{""type"":""MultiPoint"",""coordinates"":[]}"
692_00000000000000000021,1857233047,225282636,41860,H1,013,01675903,488,A,06013,+37.9194790,-121.9515431,06,36084,G4020,Contra Costa,Contra Costa County,06,2023-11-24,11.433074789026454,1700784000000,"{""type"":""MultiPoint"",""coordinates"":[]}"
692_00000000000000000023,1909598013,216923745,41860,H1,001,01675839,488,A,06001,+37.6471385,-121.9124880,06,36084,G4020,Alameda,Alameda County,06,2023-11-24,9.983797671801357,1700784000000,"{""type"":""MultiPoint"",""coordinates"":[]}"
692_0000000000000000001f,121375681,479216672,41860,H6,075,00277302,488,C,06075,+37.7272391,-123.0322294,06,41884,G4020,San Francisco,San Francisco County,06,2023-11-24,11.597933447399438,1700784000000,"{""type"":""MultiPoint"",""coordinates"":[]}"
693_00000000000000000021,1857233047,225282636,41860,H1,013,01675903,488,A,06013,+37.9194790,-121.9515431,06,36084,G4020,Contra Costa,Contra Costa County,06,2023-11-25,9.73929653435195,1700870400000,"{""type"":""MultiPoint"",""coordinates"":[]}"
693_00000000000000000023,1909598013,216923745,41860,H1,001,01675839,488,A,06001,+37.6471385,-121.9124880,06,36084,G4020,Alameda,Alameda County,06,2023-11-25,9.472991856387411,1700870400000,"{""type"":""MultiPoint"",""coordinates"":[]}"
693_0000000000000000001f,121375681,479216672,41860,H6,075,00277302,488,C,06075,+37.7272391,-123.0322294,06,41884,G4020,San Francisco,San Francisco County,06,2023-11-25,9.737827053598878,1700870400000,"{""type"":""MultiPoint"",""coordinates"":[]}"
694_00000000000000000021,1857233047,225282636,41860,H1,013,01675903,488,A,06013,+37.9194790,-121.9515431,06,36084,G4020,Contra Costa,Contra Costa County,06,2023-11-26,9.129921340783905,1700956800000,"{""type"":""MultiPoint"",""coordinates"":[]}"
694_00000000000000000023,1909598013,216923745,41860,H1,001,01675839,488,A,06001,+37.6471385,-121.9124880,06,36084,G4020,Alameda,Alameda County,06,2023-11-26,9.005991488074512,1700956800000,"{""type"":""MultiPoint"",""coordinates"":[]}"
694_0000000000000000001f,121375681,479216672,41860,H6,075,00277302,488,C,06075,+37.7272391,-123.0322294,06,41884,G4020,San Francisco,San Francisco County,06,2023-11-26,9.592966213509193,1700956800000,"{""type"":""MultiPoint"",""coordinates"":[]}"
695_00000000000000000021,1857233047,225282636,41860,H1,013,01675903,488,A,06013,+37.9194790,-121.9515431,06,36084,G4020,Contra Costa,Contra Costa County,06,2023-11-27,8.914851049595805,1701043200000,"{""type"":""MultiPoint"",""coordinates"":[]}"
695_00000000000000000023,1909598013,216923745,41860,H1,001,01675839,488,A,06001,+37.6471385,-121.9124880,06,36084,G4020,Alameda,Alameda County,06,2023-11-27,9.093700294732269,1701043200000,"{""type"":""MultiPoint"",""coordinates"":[]}"
695_0000000000000000001f,121375681,479216672,41860,H6,075,00277302,488,C,06075,+37.7272391,-123.0322294,06,41884,G4020,San Francisco,San Francisco County,06,2023-11-27,9.007133554966524,1701043200000,"{""type"":""MultiPoint"",""coordinates"":[]}"
696_00000000000000000021,1857233047,225282636,41860,H1,013,01675903,488,A,06013,+37.9194790,-121.9515431,06,36084,G4020,Contra Costa,Contra Costa County,06,2023-11-28,9.132285021834145,1701129600000,"{""type"":""MultiPoint"",""coordinates"":[]}"
696_00000000000000000023,1909598013,216923745,41860,H1,001,01675839,488,A,06001,+37.6471385,-121.9124880,06,36084,G4020,Alameda,Alameda County,06,2023-11-28,9.549378220053676,1701129600000,"{""type"":""MultiPoint"",""coordinates"":[]}"
696_0000000000000000001f,121375681,479216672,41860,H6,075,00277302,488,C,06075,+37.7272391,-123.0322294,06,41884,G4020,San Francisco,San Francisco County,06,2023-11-28,9.114404959712504,1701129600000,"{""type"":""MultiPoint"",""coordinates"":[]}"
697_00000000000000000021,1857233047,225282636,41860,H1,013,01675903,488,A,06013,+37.9194790,-121.9515431,06,36084,G4020,Contra Costa,Contra Costa County,06,2023-11-29,9.913432062255458,1701216000000,"{""type"":""MultiPoint"",""coordinates"":[]}"
697_00000000000000000023,1909598013,216923745,41860,H1,001,01675839,488,A,06001,+37.6471385,-121.9124880,06,36084,G4020,Alameda,Alameda County,06,2023-11-29,9.746047537490206,1701216000000,"{""type"":""MultiPoint"",""coordinates"":[]}"
697_0000000000000000001f,121375681,479216672,41860,H6,075,00277302,488,C,06075,+37.7272391,-123.0322294,06,41884,G4020,San Francisco,San Francisco County,06,2023-11-29,11.370322932496089,1701216000000,"{""type"":""MultiPoint"",""coordinates"":[]}"
698_00000000000000000021,1857233047,225282636,41860,H1,013,01675903,488,A,06013,+37.9194790,-121.9515431,06,36084,G4020,Contra Costa,Contra Costa County,06,2023-11-30,9.879822280501818,1701302400000,"{""type"":""MultiPoint"",""coordinates"":[]}"
698_00000000000000000023,1909598013,216923745,41860,H1,001,01675839,488,A,06001,+37.6471385,-121.9124880,06,36084,G4020,Alameda,Alameda County,06,2023-11-30,10.127383689613344,1701302400000,"{""type"":""MultiPoint"",""coordinates"":[]}"
698_0000000000000000001f,121375681,479216672,41860,H6,075,00277302,488,C,06075,+37.7272391,-123.0322294,06,41884,G4020,San Francisco,San Francisco County,06,2023-11-30,11.437624105309649,1701302400000,"{""type"":""MultiPoint"",""coordinates"":[]}"
699_00000000000000000021,1857233047,225282636,41860,H1,013,01675903,488,A,06013,+37.9194790,-121.9515431,06,36084,G4020,Contra Costa,Contra Costa County,06,2023-12-01,9.936512256438883,1701388800000,"{""type"":""MultiPoint"",""coordinates"":[]}"
699_00000000000000000023,1909598013,216923745,41860,H1,001,01675839,488,A,06001,+37.6471385,-121.9124880,06,36084,G4020,Alameda,Alameda County,06,2023-12-01,9.09814782096117,1701388800000,"{""type"":""MultiPoint"",""coordinates"":[]}"
699_0000000000000000001f,121375681,479216672,41860,H6,075,00277302,488,C,06075,+37.7272391,-123.0322294,06,41884,G4020,San Francisco,San Francisco County,06,2023-12-01,11.17556078066602,1701388800000,"{""type"":""MultiPoint"",""coordinates"":[]}"
700_00000000000000000021,1857233047,225282636,41860,H1,013,01675903,488,A,06013,+37.9194790,-121.9515431,06,36084,G4020,Contra Costa,Contra Costa County,06,2023-12-02,11.66279491053276,1701475200000,"{""type"":""MultiPoint"",""coordinates"":[]}"
700_00000000000000000023,1909598013,216923745,41860,H1,001,01675839,488,A,06001,+37.6471385,-121.9124880,06,36084,G4020,Alameda,Alameda County,06,2023-12-02,10.48663782441798,1701475200000,"{""type"":""MultiPoint"",""coordinates"":[]}"
700_0000000000000000001f,121375681,479216672,41860,H6,075,00277302,488,C,06075,+37.7272391,-123.0322294,06,41884,G4020,San Francisco,San Francisco County,06,2023-12-02,12.516120001610323,1701475200000,"{""type"":""MultiPoint"",""coordinates"":[]}"
701_00000000000000000021,1857233047,225282636,41860,H1,013,01675903,488,A,06013,+37.9194790,-121.9515431,06,36084,G4020,Contra Costa,Contra Costa County,06,2023-12-03,12.920576802213418,1701561600000,"{""type"":""MultiPoint"",""coordinates"":[]}"
701_00000000000000000023,1909598013,216923745,41860,H1,001,01675839,488,A,06001,+37.6471385,-121.9124880,06,36084,G4020,Alameda,Alameda County,06,2023-12-03,11.899565097133227,1701561600000,"{""type"":""MultiPoint"",""coordinates"":[]}"
701_0000000000000000001f,121375681,479216672,41860,H6,075,00277302,488,C,06075,+37.7272391,-123.0322294,06,41884,G4020,San Francisco,San Francisco County,06,2023-12-03,13.56673185789994,1701561600000,"{""type"":""MultiPoint"",""coordinates"":[]}"
702_00000000000000000021,1857233047,225282636,41860,H1,013,01675903,488,A,06013,+37.9194790,-121.9515431,06,36084,G4020,Contra Costa,Contra Costa County,06,2023-12-04,12.341510186572329,1701648000000,"{""type"":""MultiPoint"",""coordinates"":[]}"
702_00000000000000000023,1909598013,216923745,41860,H1,001,01675839,488,A,06001,+37.6471385,-121.9124880,06,36084,G4020,Alameda,Alameda County,06,2023-12-04,12.042427490572528,1701648000000,"{""type"":""MultiPoint"",""coordinates"":[]}"
702_0000000000000000001f,121375681,479216672,41860,H6,075,00277302,488,C,06075,+37.7272391,-123.0322294,06,41884,G4020,San Francisco,San Francisco County,06,2023-12-04,12.82596078377093,1701648000000,"{""type"":""MultiPoint"",""coordinates"":[]}"
703_00000000000000000021,1857233047,225282636,41860,H1,013,01675903,488,A,06013,+37.9194790,-121.9515431,06,36084,G4020,Contra Costa,Contra Costa County,06,2023-12-05,12.463801401228869,1701734400000,"{""type"":""MultiPoint"",""coordinates"":[]}"
703_00000000000000000023,1909598013,216923745,41860,H1,001,01675839,488,A,06001,+37.6471385,-121.9124880,06,36084,G4020,Alameda,Alameda County,06,2023-12-05,12.979694884670192,1701734400000,"{""type"":""MultiPoint"",""coordinates"":[]}"
703_0000000000000000001f,121375681,479216672,41860,H6,075,00277302,488,C,06075,+37.7272391,-123.0322294,06,41884,G4020,San Francisco,San Francisco County,06,2023-12-05,13.204158464206724,1701734400000,"{""type"":""MultiPoint"",""coordinates"":[]}"
704_00000000000000000021,1857233047,225282636,41860,H1,013,01675903,488,A,06013,+37.9194790,-121.9515431,06,36084,G4020,Contra Costa,Contra Costa County,06,2023-12-06,11.293873588226807,1701820800000,"{""type"":""MultiPoint"",""coordinates"":[]}"
704_00000000000000000023,1909598013,216923745,41860,H1,001,01675839,488,A,06001,+37.6471385,-121.9124880,06,36084,G4020,Alameda,Alameda County,06,2023-12-06,11.34658994631052,1701820800000,"{""type"":""MultiPoint"",""coordinates"":[]}"
704_0000000000000000001f,121375681,479216672,41860,H6,075,00277302,488,C,06075,+37.7272391,-123.0322294,06,41884,G4020,San Francisco,San Francisco County,06,2023-12-06,12.293986661506452,1701820800000,"{""type"":""MultiPoint"",""coordinates"":[]}"
705_00000000000000000021,1857233047,225282636,41860,H1,013,01675903,488,A,06013,+37.9194790,-121.9515431,06,36084,G4020,Contra Costa,Contra Costa County,06,2023-12-07,10.500637365420255,1701907200000,"{""type"":""MultiPoint"",""coordinates"":[]}"
705_00000000000000000023,1909598013,216923745,41860,H1,001,01675839,488,A,06001,+37.6471385,-121.9124880,06,36084,G4020,Alameda,Alameda County,06,2023-12-07,10.121513337974935,1701907200000,"{""type"":""MultiPoint"",""coordinates"":[]}"
705_0000000000000000001f,121375681,479216672,41860,H6,075,00277302,488,C,06075,+37.7272391,-123.0322294,06,41884,G4020,San Francisco,San Francisco County,06,2023-12-07,11.513137245301209,1701907200000,"{""type"":""MultiPoint"",""coordinates"":[]}"
706_00000000000000000021,1857233047,225282636,41860,H1,013,01675903,488,A,06013,+37.9194790,-121.9515431,06,36084,G4020,Contra Costa,Contra Costa County,06,2023-12-08,8.399697229891206,1701993600000,"{""type"":""MultiPoint"",""coordinates"":[]}"
706_00000000000000000023,1909598013,216923745,41860,H1,001,01675839,488,A,06001,+37.6471385,-121.9124880,06,36084,G4020,Alameda,Alameda County,06,2023-12-08,8.037069193963742,1701993600000,"{""type"":""MultiPoint"",""coordinates"":[]}"
706_0000000000000000001f,121375681,479216672,41860,H6,075,00277302,488,C,06075,+37.7272391,-123.0322294,06,41884,G4020,San Francisco,San Francisco County,06,2023-12-08,9.674479751783702,1701993600000,"{""type"":""MultiPoint"",""coordinates"":[]}"
707_00000000000000000021,1857233047,225282636,41860,H1,013,01675903,488,A,06013,+37.9194790,-121.9515431,06,36084,G4020,Contra Costa,Contra Costa County,06,2023-12-09,9.432101890846905,1702080000000,"{""type"":""MultiPoint"",""coordinates"":[]}"
707_00000000000000000023,1909598013,216923745,41860,H1,001,01675839,488,A,06001,+37.6471385,-121.9124880,06,36084,G4020,Alameda,Alameda County,06,2023-12-09,9.093001166347344,1702080000000,"{""type"":""MultiPoint"",""coordinates"":[]}"
707_0000000000000000001f,121375681,479216672,41860,H6,075,00277302,488,C,06075,+37.7272391,-123.0322294,06,41884,G4020,San Francisco,San Francisco County,06,2023-12-09,10.112778137669453,1702080000000,"{""type"":""MultiPoint"",""coordinates"":[]}"
708_00000000000000000021,1857233047,225282636,41860,H1,013,01675903,488,A,06013,+37.9194790,-121.9515431,06,36084,G4020,Contra Costa,Contra Costa County,06,2023-12-10,8.991087958111127,1702166400000,"{""type"":""MultiPoint"",""coordinates"":[]}"
708_00000000000000000023,1909598013,216923745,41860,H1,001,01675839,488,A,06001,+37.6471385,-121.9124880,06,36084,G4020,Alameda,Alameda County,06,2023-12-10,8.852491384651026,1702166400000,"{""type"":""MultiPoint"",""coordinates"":[]}"
708_0000000000000000001f,121375681,479216672,41860,H6,075,00277302,488,C,06075,+37.7272391,-123.0322294,06,41884,G4020,San Francisco,San Francisco County,06,2023-12-10,8.39111937935473,1702166400000,"{""type"":""MultiPoint"",""coordinates"":[]}"
709_00000000000000000021,1857233047,225282636,41860,H1,013,01675903,488,A,06013,+37.9194790,-121.9515431,06,36084,G4020,Contra Costa,Contra Costa County,06,2023-12-11,9.546450647441523,1702252800000,"{""type"":""MultiPoint"",""coordinates"":[]}"
709_00000000000000000023,1909598013,216923745,41860,H1,001,01675839,488,A,06001,+37.6471385,-121.9124880,06,36084,G4020,Alameda,Alameda County,06,2023-12-11,10.107531030918935,1702252800000,"{""type"":""MultiPoint"",""coordinates"":[]}"
709_0000000000000000001f,121375681,479216672,41860,H6,075,00277302,488,C,06075,+37.7272391,-123.0322294,06,41884,G4020,San Francisco,San Francisco County,06,2023-12-11,9.638956139796349,1702252800000,"{""type"":""MultiPoint"",""coordinates"":[]}"
710_00000000000000000021,1857233047,225282636,41860,H1,013,01675903,488,A,06013,+37.9194790,-121.9515431,06,36084,G4020,Contra Costa,Contra Costa County,06,2023-12-12,9.37785482829615,1702339200000,"{""type"":""MultiPoint"",""coordinates"":[]}"
710_00000000000000000023,1909598013,216923745,41860,H1,001,01675839,488,A,06001,+37.6471385,-121.9124880,06,36084,G4020,Alameda,Alameda County,06,2023-12-12,9.752158253222236,1702339200000,"{""type"":""MultiPoint"",""coordinates"":[]}"
710_0000000000000000001f,121375681,479216672,41860,H6,075,00277302,488,C,06075,+37.7272391,-123.0322294,06,41884,G4020,San Francisco,San Francisco County,06,2023-12-12,10.861008867058446,1702339200000,"{""type"":""MultiPoint"",""coordinates"":[]}"
711_00000000000000000021,1857233047,225282636,41860,H1,013,01675903,488,A,06013,+37.9194790,-121.9515431,06,36084,G4020,Contra Costa,Contra Costa County,06,2023-12-13,9.705653444826908,1702425600000,"{""type"":""MultiPoint"",""coordinates"":[]}"
711_00000000000000000023,1909598013,216923745,41860,H1,001,01675839,488,A,06001,+37.6471385,-121.9124880,06,36084,G4020,Alameda,Alameda County,06,2023-12-13,9.959168298754035,1702425600000,"{""type"":""MultiPoint"",""coordinates"":[]}"
711_0000000000000000001f,121375681,479216672,41860,H6,075,00277302,488,C,06075,+37.7272391,-123.0322294,06,41884,G4020,San Francisco,San Francisco County,06,2023-12-13,10.33297040190414,1702425600000,"{""type"":""MultiPoint"",""coordinates"":[]}"
712_00000000000000000021,1857233047,225282636,41860,H1,013,01675903,488,A,06013,+37.9194790,-121.9515431,06,36084,G4020,Contra Costa,Contra Costa County,06,2023-12-14,9.07651877997141,1702512000000,"{""type"":""MultiPoint"",""coordinates"":[]}"
712_00000000000000000023,1909598013,216923745,41860,H1,001,01675839,488,A,06001,+37.6471385,-121.9124880,06,36084,G4020,Alameda,Alameda County,06,2023-12-14,9.46050576923453,1702512000000,"{""type"":""MultiPoint"",""coordinates"":[]}"
712_0000000000000000001f,121375681,479216672,41860,H6,075,00277302,488,C,06075,+37.7272391,-123.0322294,06,41884,G4020,San Francisco,San Francisco County,06,2023-12-14,9.680650254574871,1702512000000,"{""type"":""MultiPoint"",""coordinates"":[]}"
713_00000000000000000021,1857233047,225282636,41860,H1,013,01675903,488,A,06013,+37.9194790,-121.9515431,06,36084,G4020,Contra Costa,Contra Costa County,06,2023-12-15,8.880230670650406,1702598400000,"{""type"":""MultiPoint"",""coordinates"":[]}"
713_00000000000000000023,1909598013,216923745,41860,H1,001,01675839,488,A,06001,+37.6471385,-121.9124880,06,36084,G4020,Alameda,Alameda County,06,2023-12-15,9.29707908123598,1702598400000,"{""type"":""MultiPoint"",""coordinates"":[]}"
713_0000000000000000001f,121375681,479216672,41860,H6,075,00277302,488,C,06075,+37.7272391,-123.0322294,06,41884,G4020,San Francisco,San Francisco County,06,2023-12-15,9.530743816973423,1702598400000,"{""type"":""MultiPoint"",""coordinates"":[]}"
714_00000000000000000021,1857233047,225282636,41860,H1,013,01675903,488,A,06013,+37.9194790,-121.9515431,06,36084,G4020,Contra Costa,Contra Costa County,06,2023-12-16,9.766119406004634,1702684800000,"{""type"":""MultiPoint"",""coordinates"":[]}"
714_00000000000000000023,1909598013,216923745,41860,H1,001,01675839,488,A,06001,+37.6471385,-121.9124880,06,36084,G4020,Alameda,Alameda County,06,2023-12-16,10.027647062360225,1702684800000,"{""type"":""MultiPoint"",""coordinates"":[]}"
714_0000000000000000001f,121375681,479216672,41860,H6,075,00277302,488,C,06075,+37.7272391,-123.0322294,06,41884,G4020,San Francisco,San Francisco County,06,2023-12-16,10.682614458429677,1702684800000,"{""type"":""MultiPoint"",""coordinates"":[]}"
715_00000000000000000021,1857233047,225282636,41860,H1,013,01675903,488,A,06013,+37.9194790,-121.9515431,06,36084,G4020,Contra Costa,Contra Costa County,06,2023-12-17,9.998943397131292,1702771200000,"{""type"":""MultiPoint"",""coordinates"":[]}"
715_00000000000000000023,1909598013,216923745,41860,H1,001,01675839,488,A,06001,+37.6471385,-121.9124880,06,36084,G4020,Alameda,Alameda County,06,2023-12-17,10.486842027217046,1702771200000,"{""type"":""MultiPoint"",""coordinates"":[]}"
715_0000000000000000001f,121375681,479216672,41860,H6,075,00277302,488,C,06075,+37.7272391,-123.0322294,06,41884,G4020,San Francisco,San Francisco County,06,2023-12-17,10.529450183280591,1702771200000,"{""type"":""MultiPoint"",""coordinates"":[]}"
716_00000000000000000021,1857233047,225282636,41860,H1,013,01675903,488,A,06013,+37.9194790,-121.9515431,06,36084,G4020,Contra Costa,Contra Costa County,06,2023-12-18,10.44163847887915,1702857600000,"{""type"":""MultiPoint"",""coordinates"":[]}"
716_00000000000000000023,1909598013,216923745,41860,H1,001,01675839,488,A,06001,+37.6471385,-121.9124880,06,36084,G4020,Alameda,Alameda County,06,2023-12-18,11.041711114986798,1702857600000,"{""type"":""MultiPoint"",""coordinates"":[]}"
716_0000000000000000001f,121375681,479216672,41860,H6,075,00277302,488,C,06075,+37.7272391,-123.0322294,06,41884,G4020,San Francisco,San Francisco County,06,2023-12-18,11.665781687398958,1702857600000,"{""type"":""MultiPoint"",""coordinates"":[]}"
717_00000000000000000021,1857233047,225282636,41860,H1,013,01675903,488,A,06013,+37.9194790,-121.9515431,06,36084,G4020,Contra Costa,Contra Costa County,06,2023-12-19,14.355668965854106,1702944000000,"{""type"":""MultiPoint"",""coordinates"":[]}"
717_00000000000000000023,1909598013,216923745,41860,H1,001,01675839,488,A,06001,+37.6471385,-121.9124880,06,36084,G4020,Alameda,Alameda County,06,2023-12-19,13.90036249587113,1702944000000,"{""type"":""MultiPoint"",""coordinates"":[]}"
717_0000000000000000001f,121375681,479216672,41860,H6,075,00277302,488,C,06075,+37.7272391,-123.0322294,06,41884,G4020,San Francisco,San Francisco County,06,2023-12-19,14.723463653426746,1702944000000,"{""type"":""MultiPoint"",""coordinates"":[]}"
718_00000000000000000021,1857233047,225282636,41860,H1,013,01675903,488,A,06013,+37.9194790,-121.9515431,06,36084,G4020,Contra Costa,Contra Costa County,06,2023-12-20,12.902274124662247,1703030400000,"{""type"":""MultiPoint"",""coordinates"":[]}"
718_00000000000000000023,1909598013,216923745,41860,H1,001,01675839,488,A,06001,+37.6471385,-121.9124880,06,36084,G4020,Alameda,Alameda County,06,2023-12-20,12.32909047439197,1703030400000,"{""type"":""MultiPoint"",""coordinates"":[]}"
718_0000000000000000001f,121375681,479216672,41860,H6,075,00277302,488,C,06075,+37.7272391,-123.0322294,06,41884,G4020,San Francisco,San Francisco County,06,2023-12-20,13.641586827340278,1703030400000,"{""type"":""MultiPoint"",""coordinates"":[]}"
719_00000000000000000021,1857233047,225282636,41860,H1,013,01675903,488,A,06013,+37.9194790,-121.9515431,06,36084,G4020,Contra Costa,Contra Costa County,06,2023-12-21,11.903526386115578,1703116800000,"{""type"":""MultiPoint"",""coordinates"":[]}"
719_00000000000000000023,1909598013,216923745,41860,H1,001,01675839,488,A,06001,+37.6471385,-121.9124880,06,36084,G4020,Alameda,Alameda County,06,2023-12-21,11.088873233356754,1703116800000,"{""type"":""MultiPoint"",""coordinates"":[]}"
719_0000000000000000001f,121375681,479216672,41860,H6,075,00277302,488,C,06075,+37.7272391,-123.0322294,06,41884,G4020,San Francisco,San Francisco County,06,2023-12-21,12.754204050699903,1703116800000,"{""type"":""MultiPoint"",""coordinates"":[]}"
720_00000000000000000021,1857233047,225282636,41860,H1,013,01675903,488,A,06013,+37.9194790,-121.9515431,06,36084,G4020,Contra Costa,Contra Costa County,06,2023-12-22,12.39975968798065,1703203200000,"{""type"":""MultiPoint"",""coordinates"":[]}"
720_00000000000000000023,1909598013,216923745,41860,H1,001,01675839,488,A,06001,+37.6471385,-121.9124880,06,36084,G4020,Alameda,Alameda County,06,2023-12-22,12.657947778509925,1703203200000,"{""type"":""MultiPoint"",""coordinates"":[]}"
720_0000000000000000001f,121375681,479216672,41860,H6,075,00277302,488,C,06075,+37.7272391,-123.0322294,06,41884,G4020,San Francisco,San Francisco County,06,2023-12-22,12.65203320486637,1703203200000,"{""type"":""MultiPoint"",""coordinates"":[]}"
721_00000000000000000021,1857233047,225282636,41860,H1,013,01675903,488,A,06013,+37.9194790,-121.9515431,06,36084,G4020,Contra Costa,Contra Costa County,06,2023-12-23,9.75022087473608,1703289600000,"{""type"":""MultiPoint"",""coordinates"":[]}"
721_00000000000000000023,1909598013,216923745,41860,H1,001,01675839,488,A,06001,+37.6471385,-121.9124880,06,36084,G4020,Alameda,Alameda County,06,2023-12-23,9.310370720224686,1703289600000,"{""type"":""MultiPoint"",""coordinates"":[]}"
721_0000000000000000001f,121375681,479216672,41860,H6,075,00277302,488,C,06075,+37.7272391,-123.0322294,06,41884,G4020,San Francisco,San Francisco County,06,2023-12-23,10.502484532251135,1703289600000,"{""type"":""MultiPoint"",""coordinates"":[]}"
722_00000000000000000021,1857233047,225282636,41860,H1,013,01675903,488,A,06013,+37.9194790,-121.9515431,06,36084,G4020,Contra Costa,Contra Costa County,06,2023-12-24,8.842072364654204,1703376000000,"{""type"":""MultiPoint"",""coordinates"":[]}"
722_00000000000000000023,1909598013,216923745,41860,H1,001,01675839,488,A,06001,+37.6471385,-121.9124880,06,36084,G4020,Alameda,Alameda County,06,2023-12-24,9.295703527077233,1703376000000,"{""type"":""MultiPoint"",""coordinates"":[]}"
722_0000000000000000001f,121375681,479216672,41860,H6,075,00277302,488,C,06075,+37.7272391,-123.0322294,06,41884,G4020,San Francisco,San Francisco County,06,2023-12-24,9.707902343622147,1703376000000,"{""type"":""MultiPoint"",""coordinates"":[]}"
723_00000000000000000021,1857233047,225282636,41860,H1,013,01675903,488,A,06013,+37.9194790,-121.9515431,06,36084,G4020,Contra Costa,Contra Costa County,06,2023-12-25,8.836545778304075,1703462400000,"{""type"":""MultiPoint"",""coordinates"":[]}"
723_00000000000000000023,1909598013,216923745,41860,H1,001,01675839,488,A,06001,+37.6471385,-121.9124880,06,36084,G4020,Alameda,Alameda County,06,2023-12-25,8.871725660227082,1703462400000,"{""type"":""MultiPoint"",""coordinates"":[]}"
723_0000000000000000001f,121375681,479216672,41860,H6,075,00277302,488,C,06075,+37.7272391,-123.0322294,06,41884,G4020,San Francisco,San Francisco County,06,2023-12-25,9.411419289623984,1703462400000,"{""type"":""MultiPoint"",""coordinates"":[]}"
724_00000000000000000021,1857233047,225282636,41860,H1,013,01675903,488,A,06013,+37.9194790,-121.9515431,06,36084,G4020,Contra Costa,Contra Costa County,06,2023-12-26,8.478560001733504,1703548800000,"{""type"":""MultiPoint"",""coordinates"":[]}"
724_00000000000000000023,1909598013,216923745,41860,H1,001,01675839,488,A,06001,+37.6471385,-121.9124880,06,36084,G4020,Alameda,Alameda County,06,2023-12-26,8.689177577605076,1703548800000,"{""type"":""MultiPoint"",""coordinates"":[]}"
724_0000000000000000001f,121375681,479216672,41860,H6,075,00277302,488,C,06075,+37.7272391,-123.0322294,06,41884,G4020,San Francisco,San Francisco County,06,2023-12-26,9.383149446232906,1703548800000,"{""type"":""MultiPoint"",""coordinates"":[]}"
725_00000000000000000021,1857233047,225282636,41860,H1,013,01675903,488,A,06013,+37.9194790,-121.9515431,06,36084,G4020,Contra Costa,Contra Costa County,06,2023-12-27,9.90612895331975,1703635200000,"{""type"":""MultiPoint"",""coordinates"":[]}"
725_00000000000000000023,1909598013,216923745,41860,H1,001,01675839,488,A,06001,+37.6471385,-121.9124880,06,36084,G4020,Alameda,Alameda County,06,2023-12-27,9.716489125365293,1703635200000,"{""type"":""MultiPoint"",""coordinates"":[]}"
725_0000000000000000001f,121375681,479216672,41860,H6,075,00277302,488,C,06075,+37.7272391,-123.0322294,06,41884,G4020,San Francisco,San Francisco County,06,2023-12-27,11.60140325889368,1703635200000,"{""type"":""MultiPoint"",""coordinates"":[]}"
726_00000000000000000021,1857233047,225282636,41860,H1,013,01675903,488,A,06013,+37.9194790,-121.9515431,06,36084,G4020,Contra Costa,Contra Costa County,06,2023-12-28,12.798061347986014,1703721600000,"{""type"":""MultiPoint"",""coordinates"":[]}"
726_00000000000000000023,1909598013,216923745,41860,H1,001,01675839,488,A,06001,+37.6471385,-121.9124880,06,36084,G4020,Alameda,Alameda County,06,2023-12-28,12.838874967013759,1703721600000,"{""type"":""MultiPoint"",""coordinates"":[]}"
726_0000000000000000001f,121375681,479216672,41860,H6,075,00277302,488,C,06075,+37.7272391,-123.0322294,06,41884,G4020,San Francisco,San Francisco County,06,2023-12-28,14.026786137426576,1703721600000,"{""type"":""MultiPoint"",""coordinates"":[]}"
727_00000000000000000021,1857233047,225282636,41860,H1,013,01675903,488,A,06013,+37.9194790,-121.9515431,06,36084,G4020,Contra Costa,Contra Costa County,06,2023-12-29,13.410929903177227,1703808000000,"{""type"":""MultiPoint"",""coordinates"":[]}"
727_00000000000000000023,1909598013,216923745,41860,H1,001,01675839,488,A,06001,+37.6471385,-121.9124880,06,36084,G4020,Alameda,Alameda County,06,2023-12-29,13.554342775811172,1703808000000,"{""type"":""MultiPoint"",""coordinates"":[]}"
727_0000000000000000001f,121375681,479216672,41860,H6,075,00277302,488,C,06075,+37.7272391,-123.0322294,06,41884,G4020,San Francisco,San Francisco County,06,2023-12-29,15.148365198820366,1703808000000,"{""type"":""MultiPoint"",""coordinates"":[]}"
728_00000000000000000021,1857233047,225282636,41860,H1,013,01675903,488,A,06013,+37.9194790,-121.9515431,06,36084,G4020,Contra Costa,Contra Costa County,06,2023-12-30,12.06586318178021,1703894400000,"{""type"":""MultiPoint"",""coordinates"":[]}"
728_00000000000000000023,1909598013,216923745,41860,H1,001,01675839,488,A,06001,+37.6471385,-121.9124880,06,36084,G4020,Alameda,Alameda County,06,2023-12-30,11.471581267616644,1703894400000,"{""type"":""MultiPoint"",""coordinates"":[]}"
728_0000000000000000001f,121375681,479216672,41860,H6,075,00277302,488,C,06075,+37.7272391,-123.0322294,06,41884,G4020,San Francisco,San Francisco County,06,2023-12-30,12.920748594174636,1703894400000,"{""type"":""MultiPoint"",""coordinates"":[]}"
729_00000000000000000021,1857233047,225282636,41860,H1,013,01675903,488,A,06013,+37.9194790,-121.9515431,06,36084,G4020,Contra Costa,Contra Costa County,06,2023-12-31,9.743141568307642,1703980800000,"{""type"":""MultiPoint"",""coordinates"":[]}"
729_00000000000000000023,1909598013,216923745,41860,H1,001,01675839,488,A,06001,+37.6471385,-121.9124880,06,36084,G4020,Alameda,Alameda County,06,2023-12-31,9.65283873980552,1703980800000,"{""type"":""MultiPoint"",""coordinates"":[]}"
729_0000000000000000001f,121375681,479216672,41860,H6,075,00277302,488,C,06075,+37.7272391,-123.0322294,06,41884,G4020,San Francisco,San Francisco County,06,2023-12-31,10.952312919326497,1703980800000,"{""type"":""MultiPoint"",""coordinates"":[]}"
730_00000000000000000021,1857233047,225282636,41860,H1,013,01675903,488,A,06013,+37.9194790,-121.9515431,06,36084,G4020,Contra Costa,Contra Costa County,06,2024-01-01,9.418718514264645,1704067200000,"{""type"":""MultiPoint"",""coordinates"":[]}"
730_00000000000000000023,1909598013,216923745,41860,H1,001,01675839,488,A,06001,+37.6471385,-121.9124880,06,36084,G4020,Alameda,Alameda County,06,2024-01-01,9.270068375377358,1704067200000,"{""type"":""MultiPoint"",""coordinates"":[]}"
730_0000000000000000001f,121375681,479216672,41860,H6,075,00277302,488,C,06075,+37.7272391,-123.0322294,06,41884,G4020,San Francisco,San Francisco County,06,2024-01-01,10.049998206280664,1704067200000,"{""type"":""MultiPoint"",""coordinates"":[]}"
731_00000000000000000021,1857233047,225282636,41860,H1,013,01675903,488,A,06013,+37.9194790,-121.9515431,06,36084,G4020,Contra Costa,Contra Costa County,06,2024-01-02,9.374795212651081,1704153600000,"{""type"":""MultiPoint"",""coordinates"":[]}"
731_00000000000000000023,1909598013,216923745,41860,H1,001,01675839,488,A,06001,+37.6471385,-121.9124880,06,36084,G4020,Alameda,Alameda County,06,2024-01-02,9.420992157994311,1704153600000,"{""type"":""MultiPoint"",""coordinates"":[]}"
731_0000000000000000001f,121375681,479216672,41860,H6,075,00277302,488,C,06075,+37.7272391,-123.0322294,06,41884,G4020,San Francisco,San Francisco County,06,2024-01-02,10.95768458860142,1704153600000,"{""type"":""MultiPoint"",""coordinates"":[]}"
732_00000000000000000021,1857233047,225282636,41860,H1,013,01675903,488,A,06013,+37.9194790,-121.9515431,06,36084,G4020,Contra Costa,Contra Costa County,06,2024-01-03,9.181015921981352,1704240000000,"{""type"":""MultiPoint"",""coordinates"":[]}"
732_00000000000000000023,1909598013,216923745,41860,H1,001,01675839,488,A,06001,+37.6471385,-121.9124880,06,36084,G4020,Alameda,Alameda County,06,2024-01-03,8.683503707373529,1704240000000,"{""type"":""MultiPoint"",""coordinates"":[]}"
732_0000000000000000001f,121375681,479216672,41860,H6,075,00277302,488,C,06075,+37.7272391,-123.0322294,06,41884,G4020,San Francisco,San Francisco County,06,2024-01-03,10.696633854564151,1704240000000,"{""type"":""MultiPoint"",""coordinates"":[]}"
733_00000000000000000021,1857233047,225282636,41860,H1,013,01675903,488,A,06013,+37.9194790,-121.9515431,06,36084,G4020,Contra Costa,Contra Costa County,06,2024-01-04,8.109327634789825,1704326400000,"{""type"":""MultiPoint"",""coordinates"":[]}"
733_00000000000000000023,1909598013,216923745,41860,H1,001,01675839,488,A,06001,+37.6471385,-121.9124880,06,36084,G4020,Alameda,Alameda County,06,2024-01-04,7.776640302434046,1704326400000,"{""type"":""MultiPoint"",""coordinates"":[]}"
733_0000000000000000001f,121375681,479216672,41860,H6,075,00277302,488,C,06075,+37.7272391,-123.0322294,06,41884,G4020,San Francisco,San Francisco County,06,2024-01-04,10.222596685383744,1704326400000,"{""type"":""MultiPoint"",""coordinates"":[]}"
734_00000000000000000021,1857233047,225282636,41860,H1,013,01675903,488,A,06013,+37.9194790,-121.9515431,06,36084,G4020,Contra Costa,Contra Costa County,06,2024-01-05,9.569717658964116,1704412800000,"{""type"":""MultiPoint"",""coordinates"":[]}"
734_00000000000000000023,1909598013,216923745,41860,H1,001,01675839,488,A,06001,+37.6471385,-121.9124880,06,36084,G4020,Alameda,Alameda County,06,2024-01-05,9.15959658441114,1704412800000,"{""type"":""MultiPoint"",""coordinates"":[]}"
734_0000000000000000001f,121375681,479216672,41860,H6,075,00277302,488,C,06075,+37.7272391,-123.0322294,06,41884,G4020,San Francisco,San Francisco County,06,2024-01-05,11.012630162340558,1704412800000,"{""type"":""MultiPoint"",""coordinates"":[]}"
735_00000000000000000021,1857233047,225282636,41860,H1,013,01675903,488,A,06013,+37.9194790,-121.9515431,06,36084,G4020,Contra Costa,Contra Costa County,06,2024-01-06,8.506564618613224,1704499200000,"{""type"":""MultiPoint"",""coordinates"":[]}"
735_00000000000000000023,1909598013,216923745,41860,H1,001,01675839,488,A,06001,+37.6471385,-121.9124880,06,36084,G4020,Alameda,Alameda County,06,2024-01-06,8.590542299041342,1704499200000,"{""type"":""MultiPoint"",""coordinates"":[]}"
735_0000000000000000001f,121375681,479216672,41860,H6,075,00277302,488,C,06075,+37.7272391,-123.0322294,06,41884,G4020,San Francisco,San Francisco County,06,2024-01-06,10.397719330729277,1704499200000,"{""type"":""MultiPoint"",""coordinates"":[]}"
736_00000000000000000021,1857233047,225282636,41860,H1,013,01675903,488,A,06013,+37.9194790,-121.9515431,06,36084,G4020,Contra Costa,Contra Costa County,06,2024-01-07,5.725308204516966,1704585600000,"{""type"":""MultiPoint"",""coordinates"":[]}"
736_00000000000000000023,1909598013,216923745,41860,H1,001,01675839,488,A,06001,+37.6471385,-121.9124880,06,36084,G4020,Alameda,Alameda County,06,2024-01-07,5.375532270002251,1704585600000,"{""type"":""MultiPoint"",""coordinates"":[]}"
736_0000000000000000001f,121375681,479216672,41860,H6,075,00277302,488,C,06075,+37.7272391,-123.0322294,06,41884,G4020,San Francisco,San Francisco County,06,2024-01-07,7.657375677319084,1704585600000,"{""type"":""MultiPoint"",""coordinates"":[]}"
737_00000000000000000021,1857233047,225282636,41860,H1,013,01675903,488,A,06013,+37.9194790,-121.9515431,06,36084,G4020,Contra Costa,Contra Costa County,06,2024-01-08,5.945223616127235,1704672000000,"{""type"":""MultiPoint"",""coordinates"":[]}"
737_00000000000000000023,1909598013,216923745,41860,H1,001,01675839,488,A,06001,+37.6471385,-121.9124880,06,36084,G4020,Alameda,Alameda County,06,2024-01-08,6.204768804149925,1704672000000,"{""type"":""MultiPoint"",""coordinates"":[]}"
737_0000000000000000001f,121375681,479216672,41860,H6,075,00277302,488,C,06075,+37.7272391,-123.0322294,06,41884,G4020,San Francisco,San Francisco County,06,2024-01-08,7.733517612725385,1704672000000,"{""type"":""MultiPoint"",""coordinates"":[]}"
738_00000000000000000021,1857233047,225282636,41860,H1,013,01675903,488,A,06013,+37.9194790,-121.9515431,06,36084,G4020,Contra Costa,Contra Costa County,06,2024-01-09,8.759277866720565,1704758400000,"{""type"":""MultiPoint"",""coordinates"":[]}"
738_00000000000000000023,1909598013,216923745,41860,H1,001,01675839,488,A,06001,+37.6471385,-121.9124880,06,36084,G4020,Alameda,Alameda County,06,2024-01-09,8.562637742807306,1704758400000,"{""type"":""MultiPoint"",""coordinates"":[]}"
738_0000000000000000001f,121375681,479216672,41860,H6,075,00277302,488,C,06075,+37.7272391,-123.0322294,06,41884,G4020,San Francisco,San Francisco County,06,2024-01-09,10.831602285693828,1704758400000,"{""type"":""MultiPoint"",""coordinates"":[]}"
739_00000000000000000021,1857233047,225282636,41860,H1,013,01675903,488,A,06013,+37.9194790,-121.9515431,06,36084,G4020,Contra Costa,Contra Costa County,06,2024-01-10,7.788611707274309,1704844800000,"{""type"":""MultiPoint"",""coordinates"":[]}"
739_00000000000000000023,1909598013,216923745,41860,H1,001,01675839,488,A,06001,+37.6471385,-121.9124880,06,36084,G4020,Alameda,Alameda County,06,2024-01-10,6.6872799320472485,1704844800000,"{""type"":""MultiPoint"",""coordinates"":[]}"
739_0000000000000000001f,121375681,479216672,41860,H6,075,00277302,488,C,06075,+37.7272391,-123.0322294,06,41884,G4020,San Francisco,San Francisco County,06,2024-01-10,9.493850314240568,1704844800000,"{""type"":""MultiPoint"",""coordinates"":[]}"
740_00000000000000000021,1857233047,225282636,41860,H1,013,01675903,488,A,06013,+37.9194790,-121.9515431,06,36084,G4020,Contra Costa,Contra Costa County,06,2024-01-11,7.059739985416002,1704931200000,"{""type"":""MultiPoint"",""coordinates"":[]}"
740_00000000000000000023,1909598013,216923745,41860,H1,001,01675839,488,A,06001,+37.6471385,-121.9124880,06,36084,G4020,Alameda,Alameda County,06,2024-01-11,6.4938824305769325,1704931200000,"{""type"":""MultiPoint"",""coordinates"":[]}"
740_0000000000000000001f,121375681,479216672,41860,H6,075,00277302,488,C,06075,+37.7272391,-123.0322294,06,41884,G4020,San Francisco,San Francisco County,06,2024-01-11,8.354441655427731,1704931200000,"{""type"":""MultiPoint"",""coordinates"":[]}"
741_00000000000000000021,1857233047,225282636,41860,H1,013,01675903,488,A,06013,+37.9194790,-121.9515431,06,36084,G4020,Contra Costa,Contra Costa County,06,2024-01-12,5.521251501858254,1705017600000,"{""type"":""MultiPoint"",""coordinates"":[]}"
741_00000000000000000023,1909598013,216923745,41860,H1,001,01675839,488,A,06001,+37.6471385,-121.9124880,06,36084,G4020,Alameda,Alameda County,06,2024-01-12,5.521923441356233,1705017600000,"{""type"":""MultiPoint"",""coordinates"":[]}"
741_0000000000000000001f,121375681,479216672,41860,H6,075,00277302,488,C,06075,+37.7272391,-123.0322294,06,41884,G4020,San Francisco,San Francisco County,06,2024-01-12,7.92911682251884,1705017600000,"{""type"":""MultiPoint"",""coordinates"":[]}"
742_00000000000000000021,1857233047,225282636,41860,H1,013,01675903,488,A,06013,+37.9194790,-121.9515431,06,36084,G4020,Contra Costa,Contra Costa County,06,2024-01-13,7.613207721006886,1705104000000,"{""type"":""MultiPoint"",""coordinates"":[]}"
742_00000000000000000023,1909598013,216923745,41860,H1,001,01675839,488,A,06001,+37.6471385,-121.9124880,06,36084,G4020,Alameda,Alameda County,06,2024-01-13,7.083939604908803,1705104000000,"{""type"":""MultiPoint"",""coordinates"":[]}"
742_0000000000000000001f,121375681,479216672,41860,H6,075,00277302,488,C,06075,+37.7272391,-123.0322294,06,41884,G4020,San Francisco,San Francisco County,06,2024-01-13,9.706131098026034,1705104000000,"{""type"":""MultiPoint"",""coordinates"":[]}"
743_00000000000000000021,1857233047,225282636,41860,H1,013,01675903,488,A,06013,+37.9194790,-121.9515431,06,36084,G4020,Contra Costa,Contra Costa County,06,2024-01-14,11.126844865896635,1705190400000,"{""type"":""MultiPoint"",""coordinates"":[]}"
743_00000000000000000023,1909598013,216923745,41860,H1,001,01675839,488,A,06001,+37.6471385,-121.9124880,06,36084,G4020,Alameda,Alameda County,06,2024-01-14,10.67498285650953,1705190400000,"{""type"":""MultiPoint"",""coordinates"":[]}"
743_0000000000000000001f,121375681,479216672,41860,H6,075,00277302,488,C,06075,+37.7272391,-123.0322294,06,41884,G4020,San Francisco,San Francisco County,06,2024-01-14,11.72539073223458,1705190400000,"{""type"":""MultiPoint"",""coordinates"":[]}"
744_00000000000000000021,1857233047,225282636,41860,H1,013,01675903,488,A,06013,+37.9194790,-121.9515431,06,36084,G4020,Contra Costa,Contra Costa County,06,2024-01-15,9.406056508347307,1705276800000,"{""type"":""MultiPoint"",""coordinates"":[]}"
744_00000000000000000023,1909598013,216923745,41860,H1,001,01675839,488,A,06001,+37.6471385,-121.9124880,06,36084,G4020,Alameda,Alameda County,06,2024-01-15,9.028740390218053,1705276800000,"{""type"":""MultiPoint"",""coordinates"":[]}"
744_0000000000000000001f,121375681,479216672,41860,H6,075,00277302,488,C,06075,+37.7272391,-123.0322294,06,41884,G4020,San Francisco,San Francisco County,06,2024-01-15,9.519499941444066,1705276800000,"{""type"":""MultiPoint"",""coordinates"":[]}"
745_00000000000000000021,1857233047,225282636,41860,H1,013,01675903,488,A,06013,+37.9194790,-121.9515431,06,36084,G4020,Contra Costa,Contra Costa County,06,2024-01-16,8.443116177172278,1705363200000,"{""type"":""MultiPoint"",""coordinates"":[]}"
745_00000000000000000023,1909598013,216923745,41860,H1,001,01675839,488,A,06001,+37.6471385,-121.9124880,06,36084,G4020,Alameda,Alameda County,06,2024-01-16,8.524237066077278,1705363200000,"{""type"":""MultiPoint"",""coordinates"":[]}"
745_0000000000000000001f,121375681,479216672,41860,H6,075,00277302,488,C,06075,+37.7272391,-123.0322294,06,41884,G4020,San Francisco,San Francisco County,06,2024-01-16,8.955318790093953,1705363200000,"{""type"":""MultiPoint"",""coordinates"":[]}"
746_00000000000000000021,1857233047,225282636,41860,H1,013,01675903,488,A,06013,+37.9194790,-121.9515431,06,36084,G4020,Contra Costa,Contra Costa County,06,2024-01-17,11.457916402930715,1705449600000,"{""type"":""MultiPoint"",""coordinates"":[]}"
746_00000000000000000023,1909598013,216923745,41860,H1,001,01675839,488,A,06001,+37.6471385,-121.9124880,06,36084,G4020,Alameda,Alameda County,06,2024-01-17,11.176634417820354,1705449600000,"{""type"":""MultiPoint"",""coordinates"":[]}"
746_0000000000000000001f,121375681,479216672,41860,H6,075,00277302,488,C,06075,+37.7272391,-123.0322294,06,41884,G4020,San Francisco,San Francisco County,06,2024-01-17,11.95174994035202,1705449600000,"{""type"":""MultiPoint"",""coordinates"":[]}"
747_00000000000000000021,1857233047,225282636,41860,H1,013,01675903,488,A,06013,+37.9194790,-121.9515431,06,36084,G4020,Contra Costa,Contra Costa County,06,2024-01-18,9.550384369443323,1705536000000,"{""type"":""MultiPoint"",""coordinates"":[]}"
747_00000000000000000023,1909598013,216923745,41860,H1,001,01675839,488,A,06001,+37.6471385,-121.9124880,06,36084,G4020,Alameda,Alameda County,06,2024-01-18,9.913404148754331,1705536000000,"{""type"":""MultiPoint"",""coordinates"":[]}"
747_0000000000000000001f,121375681,479216672,41860,H6,075,00277302,488,C,06075,+37.7272391,-123.0322294,06,41884,G4020,San Francisco,San Francisco County,06,2024-01-18,10.334432211850732,1705536000000,"{""type"":""MultiPoint"",""coordinates"":[]}"
748_00000000000000000021,1857233047,225282636,41860,H1,013,01675903,488,A,06013,+37.9194790,-121.9515431,06,36084,G4020,Contra Costa,Contra Costa County,06,2024-01-19,9.531849835408613,1705622400000,"{""type"":""MultiPoint"",""coordinates"":[]}"
748_00000000000000000023,1909598013,216923745,41860,H1,001,01675839,488,A,06001,+37.6471385,-121.9124880,06,36084,G4020,Alameda,Alameda County,06,2024-01-19,9.977271693121248,1705622400000,"{""type"":""MultiPoint"",""coordinates"":[]}"
748_0000000000000000001f,121375681,479216672,41860,H6,075,00277302,488,C,06075,+37.7272391,-123.0322294,06,41884,G4020,San Francisco,San Francisco County,06,2024-01-19,10.489216842995726,1705622400000,"{""type"":""MultiPoint"",""coordinates"":[]}"
749_00000000000000000021,1857233047,225282636,41860,H1,013,01675903,488,A,06013,+37.9194790,-121.9515431,06,36084,G4020,Contra Costa,Contra Costa County,06,2024-01-20,12.308514548095966,1705708800000,"{""type"":""MultiPoint"",""coordinates"":[]}"
749_00000000000000000023,1909598013,216923745,41860,H1,001,01675839,488,A,06001,+37.6471385,-121.9124880,06,36084,G4020,Alameda,Alameda County,06,2024-01-20,11.902470432582433,1705708800000,"{""type"":""MultiPoint"",""coordinates"":[]}"
749_0000000000000000001f,121375681,479216672,41860,H6,075,00277302,488,C,06075,+37.7272391,-123.0322294,06,41884,G4020,San Francisco,San Francisco County,06,2024-01-20,12.79865918851224,1705708800000,"{""type"":""MultiPoint"",""coordinates"":[]}"
750_00000000000000000021,1857233047,225282636,41860,H1,013,01675903,488,A,06013,+37.9194790,-121.9515431,06,36084,G4020,Contra Costa,Contra Costa County,06,2024-01-21,12.228569341540489,1705795200000,"{""type"":""MultiPoint"",""coordinates"":[]}"
750_00000000000000000023,1909598013,216923745,41860,H1,001,01675839,488,A,06001,+37.6471385,-121.9124880,06,36084,G4020,Alameda,Alameda County,06,2024-01-21,11.779227251339176,1705795200000,"{""type"":""MultiPoint"",""coordinates"":[]}"
750_0000000000000000001f,121375681,479216672,41860,H6,075,00277302,488,C,06075,+37.7272391,-123.0322294,06,41884,G4020,San Francisco,San Francisco County,06,2024-01-21,12.860955769965015,1705795200000,"{""type"":""MultiPoint"",""coordinates"":[]}"
751_00000000000000000021,1857233047,225282636,41860,H1,013,01675903,488,A,06013,+37.9194790,-121.9515431,06,36084,G4020,Contra Costa,Contra Costa County,06,2024-01-22,13.037136330410899,1705881600000,"{""type"":""MultiPoint"",""coordinates"":[]}"
751_00000000000000000023,1909598013,216923745,41860,H1,001,01675839,488,A,06001,+37.6471385,-121.9124880,06,36084,G4020,Alameda,Alameda County,06,2024-01-22,12.492381628558123,1705881600000,"{""type"":""MultiPoint"",""coordinates"":[]}"
751_0000000000000000001f,121375681,479216672,41860,H6,075,00277302,488,C,06075,+37.7272391,-123.0322294,06,41884,G4020,San Francisco,San Francisco County,06,2024-01-22,13.363770509888335,1705881600000,"{""type"":""MultiPoint"",""coordinates"":[]}"
752_00000000000000000021,1857233047,225282636,41860,H1,013,01675903,488,A,06013,+37.9194790,-121.9515431,06,36084,G4020,Contra Costa,Contra Costa County,06,2024-01-23,12.214352041307727,1705968000000,"{""type"":""MultiPoint"",""coordinates"":[]}"
752_00000000000000000023,1909598013,216923745,41860,H1,001,01675839,488,A,06001,+37.6471385,-121.9124880,06,36084,G4020,Alameda,Alameda County,06,2024-01-23,11.55130915668335,1705968000000,"{""type"":""MultiPoint"",""coordinates"":[]}"
752_0000000000000000001f,121375681,479216672,41860,H6,075,00277302,488,C,06075,+37.7272391,-123.0322294,06,41884,G4020,San Francisco,San Francisco County,06,2024-01-23,12.710350429896478,1705968000000,"{""type"":""MultiPoint"",""coordinates"":[]}"
753_00000000000000000021,1857233047,225282636,41860,H1,013,01675903,488,A,06013,+37.9194790,-121.9515431,06,36084,G4020,Contra Costa,Contra Costa County,06,2024-01-24,11.415994814869496,1706054400000,"{""type"":""MultiPoint"",""coordinates"":[]}"
753_00000000000000000023,1909598013,216923745,41860,H1,001,01675839,488,A,06001,+37.6471385,-121.9124880,06,36084,G4020,Alameda,Alameda County,06,2024-01-24,10.70287042713162,1706054400000,"{""type"":""MultiPoint"",""coordinates"":[]}"
753_0000000000000000001f,121375681,479216672,41860,H6,075,00277302,488,C,06075,+37.7272391,-123.0322294,06,41884,G4020,San Francisco,San Francisco County,06,2024-01-24,11.85849165753503,1706054400000,"{""type"":""MultiPoint"",""coordinates"":[]}"
754_00000000000000000021,1857233047,225282636,41860,H1,013,01675903,488,A,06013,+37.9194790,-121.9515431,06,36084,G4020,Contra Costa,Contra Costa County,06,2024-01-25,11.80335885556403,1706140800000,"{""type"":""MultiPoint"",""coordinates"":[]}"
754_00000000000000000023,1909598013,216923745,41860,H1,001,01675839,488,A,06001,+37.6471385,-121.9124880,06,36084,G4020,Alameda,Alameda County,06,2024-01-25,11.229110219492958,1706140800000,"{""type"":""MultiPoint"",""coordinates"":[]}"
754_0000000000000000001f,121375681,479216672,41860,H6,075,00277302,488,C,06075,+37.7272391,-123.0322294,06,41884,G4020,San Francisco,San Francisco County,06,2024-01-25,12.135563888894167,1706140800000,"{""type"":""MultiPoint"",""coordinates"":[]}"
755_00000000000000000021,1857233047,225282636,41860,H1,013,01675903,488,A,06013,+37.9194790,-121.9515431,06,36084,G4020,Contra Costa,Contra Costa County,06,2024-01-26,10.99062046591116,1706227200000,"{""type"":""MultiPoint"",""coordinates"":[]}"
755_00000000000000000023,1909598013,216923745,41860,H1,001,01675839,488,A,06001,+37.6471385,-121.9124880,06,36084,G4020,Alameda,Alameda County,06,2024-01-26,10.76989678570604,1706227200000,"{""type"":""MultiPoint"",""coordinates"":[]}"
755_0000000000000000001f,121375681,479216672,41860,H6,075,00277302,488,C,06075,+37.7272391,-123.0322294,06,41884,G4020,San Francisco,San Francisco County,06,2024-01-26,11.679617566097054,1706227200000,"{""type"":""MultiPoint"",""coordinates"":[]}"
756_00000000000000000021,1857233047,225282636,41860,H1,013,01675903,488,A,06013,+37.9194790,-121.9515431,06,36084,G4020,Contra Costa,Contra Costa County,06,2024-01-27,11.291415223077768,1706313600000,"{""type"":""MultiPoint"",""coordinates"":[]}"
756_00000000000000000023,1909598013,216923745,41860,H1,001,01675839,488,A,06001,+37.6471385,-121.9124880,06,36084,G4020,Alameda,Alameda County,06,2024-01-27,11.548664151980235,1706313600000,"{""type"":""MultiPoint"",""coordinates"":[]}"
756_0000000000000000001f,121375681,479216672,41860,H6,075,00277302,488,C,06075,+37.7272391,-123.0322294,06,41884,G4020,San Francisco,San Francisco County,06,2024-01-27,12.39790193568809,1706313600000,"{""type"":""MultiPoint"",""coordinates"":[]}"
757_00000000000000000021,1857233047,225282636,41860,H1,013,01675903,488,A,06013,+37.9194790,-121.9515431,06,36084,G4020,Contra Costa,Contra Costa County,06,2024-01-28,12.568574497377059,1706400000000,"{""type"":""MultiPoint"",""coordinates"":[]}"
757_00000000000000000023,1909598013,216923745,41860,H1,001,01675839,488,A,06001,+37.6471385,-121.9124880,06,36084,G4020,Alameda,Alameda County,06,2024-01-28,12.942205731859962,1706400000000,"{""type"":""MultiPoint"",""coordinates"":[]}"
757_0000000000000000001f,121375681,479216672,41860,H6,075,00277302,488,C,06075,+37.7272391,-123.0322294,06,41884,G4020,San Francisco,San Francisco County,06,2024-01-28,13.642938190610266,1706400000000,"{""type"":""MultiPoint"",""coordinates"":[]}"
758_00000000000000000021,1857233047,225282636,41860,H1,013,01675903,488,A,06013,+37.9194790,-121.9515431,06,36084,G4020,Contra Costa,Contra Costa County,06,2024-01-29,12.6071335964217,1706486400000,"{""type"":""MultiPoint"",""coordinates"":[]}"
758_00000000000000000023,1909598013,216923745,41860,H1,001,01675839,488,A,06001,+37.6471385,-121.9124880,06,36084,G4020,Alameda,Alameda County,06,2024-01-29,13.465457863142952,1706486400000,"{""type"":""MultiPoint"",""coordinates"":[]}"
758_0000000000000000001f,121375681,479216672,41860,H6,075,00277302,488,C,06075,+37.7272391,-123.0322294,06,41884,G4020,San Francisco,San Francisco County,06,2024-01-29,12.96060892052226,1706486400000,"{""type"":""MultiPoint"",""coordinates"":[]}"
759_00000000000000000021,1857233047,225282636,41860,H1,013,01675903,488,A,06013,+37.9194790,-121.9515431,06,36084,G4020,Contra Costa,Contra Costa County,06,2024-01-30,13.08760569136476,1706572800000,"{""type"":""MultiPoint"",""coordinates"":[]}"
759_00000000000000000023,1909598013,216923745,41860,H1,001,01675839,488,A,06001,+37.6471385,-121.9124880,06,36084,G4020,Alameda,Alameda County,06,2024-01-30,13.310787086514171,1706572800000,"{""type"":""MultiPoint"",""coordinates"":[]}"
759_0000000000000000001f,121375681,479216672,41860,H6,075,00277302,488,C,06075,+37.7272391,-123.0322294,06,41884,G4020,San Francisco,San Francisco County,06,2024-01-30,13.464056254570785,1706572800000,"{""type"":""MultiPoint"",""coordinates"":[]}"
760_00000000000000000021,1857233047,225282636,41860,H1,013,01675903,488,A,06013,+37.9194790,-121.9515431,06,36084,G4020,Contra Costa,Contra Costa County,06,2024-01-31,12.488431349164244,1706659200000,"{""type"":""MultiPoint"",""coordinates"":[]}"
760_00000000000000000023,1909598013,216923745,41860,H1,001,01675839,488,A,06001,+37.6471385,-121.9124880,06,36084,G4020,Alameda,Alameda County,06,2024-01-31,12.290157117276426,1706659200000,"{""type"":""MultiPoint"",""coordinates"":[]}"
760_0000000000000000001f,121375681,479216672,41860,H6,075,00277302,488,C,06075,+37.7272391,-123.0322294,06,41884,G4020,San Francisco,San Francisco County,06,2024-01-31,13.343178328877524,1706659200000,"{""type"":""MultiPoint"",""coordinates"":[]}"
761_00000000000000000021,1857233047,225282636,41860,H1,013,01675903,488,A,06013,+37.9194790,-121.9515431,06,36084,G4020,Contra Costa,Contra Costa County,06,2024-02-01,11.12105297858538,1706745600000,"{""type"":""MultiPoint"",""coordinates"":[]}"
761_00000000000000000023,1909598013,216923745,41860,H1,001,01675839,488,A,06001,+37.6471385,-121.9124880,06,36084,G4020,Alameda,Alameda County,06,2024-02-01,10.56344542425819,1706745600000,"{""type"":""MultiPoint"",""coordinates"":[]}"
761_0000000000000000001f,121375681,479216672,41860,H6,075,00277302,488,C,06075,+37.7272391,-123.0322294,06,41884,G4020,San Francisco,San Francisco County,06,2024-02-01,12.218999385280368,1706745600000,"{""type"":""MultiPoint"",""coordinates"":[]}"
762_00000000000000000021,1857233047,225282636,41860,H1,013,01675903,488,A,06013,+37.9194790,-121.9515431,06,36084,G4020,Contra Costa,Contra Costa County,06,2024-02-02,9.27104579845893,1706832000000,"{""type"":""MultiPoint"",""coordinates"":[]}"
762_00000000000000000023,1909598013,216923745,41860,H1,001,01675839,488,A,06001,+37.6471385,-121.9124880,06,36084,G4020,Alameda,Alameda County,06,2024-02-02,8.355824624687141,1706832000000,"{""type"":""MultiPoint"",""coordinates"":[]}"
762_0000000000000000001f,121375681,479216672,41860,H6,075,00277302,488,C,06075,+37.7272391,-123.0322294,06,41884,G4020,San Francisco,San Francisco County,06,2024-02-02,10.287261872872646,1706832000000,"{""type"":""MultiPoint"",""coordinates"":[]}"
763_00000000000000000021,1857233047,225282636,41860,H1,013,01675903,488,A,06013,+37.9194790,-121.9515431,06,36084,G4020,Contra Costa,Contra Costa County,06,2024-02-03,8.0505322023358,1706918400000,"{""type"":""MultiPoint"",""coordinates"":[]}"
763_00000000000000000023,1909598013,216923745,41860,H1,001,01675839,488,A,06001,+37.6471385,-121.9124880,06,36084,G4020,Alameda,Alameda County,06,2024-02-03,7.619258105921128,1706918400000,"{""type"":""MultiPoint"",""coordinates"":[]}"
763_0000000000000000001f,121375681,479216672,41860,H6,075,00277302,488,C,06075,+37.7272391,-123.0322294,06,41884,G4020,San Francisco,San Francisco County,06,2024-02-03,9.493949678373085,1706918400000,"{""type"":""MultiPoint"",""coordinates"":[]}"
764_00000000000000000021,1857233047,225282636,41860,H1,013,01675903,488,A,06013,+37.9194790,-121.9515431,06,36084,G4020,Contra Costa,Contra Costa County,06,2024-02-04,9.885853308755655,1707004800000,"{""type"":""MultiPoint"",""coordinates"":[]}"
764_00000000000000000023,1909598013,216923745,41860,H1,001,01675839,488,A,06001,+37.6471385,-121.9124880,06,36084,G4020,Alameda,Alameda County,06,2024-02-04,9.375834974567907,1707004800000,"{""type"":""MultiPoint"",""coordinates"":[]}"
764_0000000000000000001f,121375681,479216672,41860,H6,075,00277302,488,C,06075,+37.7272391,-123.0322294,06,41884,G4020,San Francisco,San Francisco County,06,2024-02-04,10.968344702311773,1707004800000,"{""type"":""MultiPoint"",""coordinates"":[]}"
765_00000000000000000021,1857233047,225282636,41860,H1,013,01675903,488,A,06013,+37.9194790,-121.9515431,06,36084,G4020,Contra Costa,Contra Costa County,06,2024-02-05,11.308664212851474,1707091200000,"{""type"":""MultiPoint"",""coordinates"":[]}"
765_00000000000000000023,1909598013,216923745,41860,H1,001,01675839,488,A,06001,+37.6471385,-121.9124880,06,36084,G4020,Alameda,Alameda County,06,2024-02-05,10.53715807235162,1707091200000,"{""type"":""MultiPoint"",""coordinates"":[]}"
765_0000000000000000001f,121375681,479216672,41860,H6,075,00277302,488,C,06075,+37.7272391,-123.0322294,06,41884,G4020,San Francisco,San Francisco County,06,2024-02-05,11.810371354408723,1707091200000,"{""type"":""MultiPoint"",""coordinates"":[]}"
766_00000000000000000021,1857233047,225282636,41860,H1,013,01675903,488,A,06013,+37.9194790,-121.9515431,06,36084,G4020,Contra Costa,Contra Costa County,06,2024-02-06,8.763375090522509,1707177600000,"{""type"":""MultiPoint"",""coordinates"":[]}"
766_00000000000000000023,1909598013,216923745,41860,H1,001,01675839,488,A,06001,+37.6471385,-121.9124880,06,36084,G4020,Alameda,Alameda County,06,2024-02-06,8.561035044044388,1707177600000,"{""type"":""MultiPoint"",""coordinates"":[]}"
766_0000000000000000001f,121375681,479216672,41860,H6,075,00277302,488,C,06075,+37.7272391,-123.0322294,06,41884,G4020,San Francisco,San Francisco County,06,2024-02-06,9.396558717079607,1707177600000,"{""type"":""MultiPoint"",""coordinates"":[]}"
767_00000000000000000021,1857233047,225282636,41860,H1,013,01675903,488,A,06013,+37.9194790,-121.9515431,06,36084,G4020,Contra Costa,Contra Costa County,06,2024-02-07,7.77037023070993,1707264000000,"{""type"":""MultiPoint"",""coordinates"":[]}"
767_00000000000000000023,1909598013,216923745,41860,H1,001,01675839,488,A,06001,+37.6471385,-121.9124880,06,36084,G4020,Alameda,Alameda County,06,2024-02-07,6.534829180009741,1707264000000,"{""type"":""MultiPoint"",""coordinates"":[]}"
767_0000000000000000001f,121375681,479216672,41860,H6,075,00277302,488,C,06075,+37.7272391,-123.0322294,06,41884,G4020,San Francisco,San Francisco County,06,2024-02-07,9.572939948125669,1707264000000,"{""type"":""MultiPoint"",""coordinates"":[]}"
768_00000000000000000021,1857233047,225282636,41860,H1,013,01675903,488,A,06013,+37.9194790,-121.9515431,06,36084,G4020,Contra Costa,Contra Costa County,06,2024-02-08,7.323349334171581,1707350400000,"{""type"":""MultiPoint"",""coordinates"":[]}"
768_00000000000000000023,1909598013,216923745,41860,H1,001,01675839,488,A,06001,+37.6471385,-121.9124880,06,36084,G4020,Alameda,Alameda County,06,2024-02-08,6.640274856463942,1707350400000,"{""type"":""MultiPoint"",""coordinates"":[]}"
768_0000000000000000001f,121375681,479216672,41860,H6,075,00277302,488,C,06075,+37.7272391,-123.0322294,06,41884,G4020,San Francisco,San Francisco County,06,2024-02-08,8.331308290836985,1707350400000,"{""type"":""MultiPoint"",""coordinates"":[]}"
769_00000000000000000021,1857233047,225282636,41860,H1,013,01675903,488,A,06013,+37.9194790,-121.9515431,06,36084,G4020,Contra Costa,Contra Costa County,06,2024-02-09,7.153321583590273,1707436800000,"{""type"":""MultiPoint"",""coordinates"":[]}"
769_00000000000000000023,1909598013,216923745,41860,H1,001,01675839,488,A,06001,+37.6471385,-121.9124880,06,36084,G4020,Alameda,Alameda County,06,2024-02-09,7.105344762644967,1707436800000,"{""type"":""MultiPoint"",""coordinates"":[]}"
769_0000000000000000001f,121375681,479216672,41860,H6,075,00277302,488,C,06075,+37.7272391,-123.0322294,06,41884,G4020,San Francisco,San Francisco County,06,2024-02-09,8.014924505985165,1707436800000,"{""type"":""MultiPoint"",""coordinates"":[]}"
770_00000000000000000021,1857233047,225282636,41860,H1,013,01675903,488,A,06013,+37.9194790,-121.9515431,06,36084,G4020,Contra Costa,Contra Costa County,06,2024-02-10,8.038091336721166,1707523200000,"{""type"":""MultiPoint"",""coordinates"":[]}"
770_00000000000000000023,1909598013,216923745,41860,H1,001,01675839,488,A,06001,+37.6471385,-121.9124880,06,36084,G4020,Alameda,Alameda County,06,2024-02-10,7.813399590063878,1707523200000,"{""type"":""MultiPoint"",""coordinates"":[]}"
770_0000000000000000001f,121375681,479216672,41860,H6,075,00277302,488,C,06075,+37.7272391,-123.0322294,06,41884,G4020,San Francisco,San Francisco County,06,2024-02-10,9.639438689162423,1707523200000,"{""type"":""MultiPoint"",""coordinates"":[]}"
771_00000000000000000021,1857233047,225282636,41860,H1,013,01675903,488,A,06013,+37.9194790,-121.9515431,06,36084,G4020,Contra Costa,Contra Costa County,06,2024-02-11,8.353695537408262,1707609600000,"{""type"":""MultiPoint"",""coordinates"":[]}"
771_00000000000000000023,1909598013,216923745,41860,H1,001,01675839,488,A,06001,+37.6471385,-121.9124880,06,36084,G4020,Alameda,Alameda County,06,2024-02-11,8.533105710782793,1707609600000,"{""type"":""MultiPoint"",""coordinates"":[]}"
771_0000000000000000001f,121375681,479216672,41860,H6,075,00277302,488,C,06075,+37.7272391,-123.0322294,06,41884,G4020,San Francisco,San Francisco County,06,2024-02-11,10.19621825670139,1707609600000,"{""type"":""MultiPoint"",""coordinates"":[]}"
772_00000000000000000021,1857233047,225282636,41860,H1,013,01675903,488,A,06013,+37.9194790,-121.9515431,06,36084,G4020,Contra Costa,Contra Costa County,06,2024-02-12,8.714361456204065,1707696000000,"{""type"":""MultiPoint"",""coordinates"":[]}"
772_00000000000000000023,1909598013,216923745,41860,H1,001,01675839,488,A,06001,+37.6471385,-121.9124880,06,36084,G4020,Alameda,Alameda County,06,2024-02-12,8.891748626092467,1707696000000,"{""type"":""MultiPoint"",""coordinates"":[]}"
772_0000000000000000001f,121375681,479216672,41860,H6,075,00277302,488,C,06075,+37.7272391,-123.0322294,06,41884,G4020,San Francisco,San Francisco County,06,2024-02-12,9.463281652129611,1707696000000,"{""type"":""MultiPoint"",""coordinates"":[]}"
773_00000000000000000021,1857233047,225282636,41860,H1,013,01675903,488,A,06013,+37.9194790,-121.9515431,06,36084,G4020,Contra Costa,Contra Costa County,06,2024-02-13,8.729966830543583,1707782400000,"{""type"":""MultiPoint"",""coordinates"":[]}"
773_00000000000000000023,1909598013,216923745,41860,H1,001,01675839,488,A,06001,+37.6471385,-121.9124880,06,36084,G4020,Alameda,Alameda County,06,2024-02-13,9.169657994383845,1707782400000,"{""type"":""MultiPoint"",""coordinates"":[]}"
773_0000000000000000001f,121375681,479216672,41860,H6,075,00277302,488,C,06075,+37.7272391,-123.0322294,06,41884,G4020,San Francisco,San Francisco County,06,2024-02-13,10.356905425986078,1707782400000,"{""type"":""MultiPoint"",""coordinates"":[]}"
774_00000000000000000021,1857233047,225282636,41860,H1,013,01675903,488,A,06013,+37.9194790,-121.9515431,06,36084,G4020,Contra Costa,Contra Costa County,06,2024-02-14,9.979226926084614,1707868800000,"{""type"":""MultiPoint"",""coordinates"":[]}"
774_00000000000000000023,1909598013,216923745,41860,H1,001,01675839,488,A,06001,+37.6471385,-121.9124880,06,36084,G4020,Alameda,Alameda County,06,2024-02-14,9.480784898403321,1707868800000,"{""type"":""MultiPoint"",""coordinates"":[]}"
774_0000000000000000001f,121375681,479216672,41860,H6,075,00277302,488,C,06075,+37.7272391,-123.0322294,06,41884,G4020,San Francisco,San Francisco County,06,2024-02-14,11.268505964396033,1707868800000,"{""type"":""MultiPoint"",""coordinates"":[]}"
775_00000000000000000021,1857233047,225282636,41860,H1,013,01675903,488,A,06013,+37.9194790,-121.9515431,06,36084,G4020,Contra Costa,Contra Costa County,06,2024-02-15,11.289309785977053,1707955200000,"{""type"":""MultiPoint"",""coordinates"":[]}"
775_00000000000000000023,1909598013,216923745,41860,H1,001,01675839,488,A,06001,+37.6471385,-121.9124880,06,36084,G4020,Alameda,Alameda County,06,2024-02-15,10.449880623926552,1707955200000,"{""type"":""MultiPoint"",""coordinates"":[]}"
775_0000000000000000001f,121375681,479216672,41860,H6,075,00277302,488,C,06075,+37.7272391,-123.0322294,06,41884,G4020,San Francisco,San Francisco County,06,2024-02-15,12.095856695218242,1707955200000,"{""type"":""MultiPoint"",""coordinates"":[]}"
776_00000000000000000021,1857233047,225282636,41860,H1,013,01675903,488,A,06013,+37.9194790,-121.9515431,06,36084,G4020,Contra Costa,Contra Costa County,06,2024-02-16,10.839678352659503,1708041600000,"{""type"":""MultiPoint"",""coordinates"":[]}"
776_00000000000000000023,1909598013,216923745,41860,H1,001,01675839,488,A,06001,+37.6471385,-121.9124880,06,36084,G4020,Alameda,Alameda County,06,2024-02-16,10.86667869662079,1708041600000,"{""type"":""MultiPoint"",""coordinates"":[]}"
776_0000000000000000001f,121375681,479216672,41860,H6,075,00277302,488,C,06075,+37.7272391,-123.0322294,06,41884,G4020,San Francisco,San Francisco County,06,2024-02-16,11.311636990289564,1708041600000,"{""type"":""MultiPoint"",""coordinates"":[]}"
777_00000000000000000021,1857233047,225282636,41860,H1,013,01675903,488,A,06013,+37.9194790,-121.9515431,06,36084,G4020,Contra Costa,Contra Costa County,06,2024-02-17,10.715100878823218,1708128000000,"{""type"":""MultiPoint"",""coordinates"":[]}"
777_00000000000000000023,1909598013,216923745,41860,H1,001,01675839,488,A,06001,+37.6471385,-121.9124880,06,36084,G4020,Alameda,Alameda County,06,2024-02-17,10.35479303011658,1708128000000,"{""type"":""MultiPoint"",""coordinates"":[]}"
777_0000000000000000001f,121375681,479216672,41860,H6,075,00277302,488,C,06075,+37.7272391,-123.0322294,06,41884,G4020,San Francisco,San Francisco County,06,2024-02-17,11.9999229864026,1708128000000,"{""type"":""MultiPoint"",""coordinates"":[]}"
778_00000000000000000021,1857233047,225282636,41860,H1,013,01675903,488,A,06013,+37.9194790,-121.9515431,06,36084,G4020,Contra Costa,Contra Costa County,06,2024-02-18,12.00269217665006,1708214400000,"{""type"":""MultiPoint"",""coordinates"":[]}"
778_00000000000000000023,1909598013,216923745,41860,H1,001,01675839,488,A,06001,+37.6471385,-121.9124880,06,36084,G4020,Alameda,Alameda County,06,2024-02-18,11.782572572196228,1708214400000,"{""type"":""MultiPoint"",""coordinates"":[]}"
778_0000000000000000001f,121375681,479216672,41860,H6,075,00277302,488,C,06075,+37.7272391,-123.0322294,06,41884,G4020,San Francisco,San Francisco County,06,2024-02-18,12.733620331627113,1708214400000,"{""type"":""MultiPoint"",""coordinates"":[]}"
779_00000000000000000021,1857233047,225282636,41860,H1,013,01675903,488,A,06013,+37.9194790,-121.9515431,06,36084,G4020,Contra Costa,Contra Costa County,06,2024-02-19,13.109737660855899,1708300800000,"{""type"":""MultiPoint"",""coordinates"":[]}"
779_00000000000000000023,1909598013,216923745,41860,H1,001,01675839,488,A,06001,+37.6471385,-121.9124880,06,36084,G4020,Alameda,Alameda County,06,2024-02-19,12.601051512332832,1708300800000,"{""type"":""MultiPoint"",""coordinates"":[]}"
779_0000000000000000001f,121375681,479216672,41860,H6,075,00277302,488,C,06075,+37.7272391,-123.0322294,06,41884,G4020,San Francisco,San Francisco County,06,2024-02-19,13.282966329450423,1708300800000,"{""type"":""MultiPoint"",""coordinates"":[]}"
780_00000000000000000021,1857233047,225282636,41860,H1,013,01675903,488,A,06013,+37.9194790,-121.9515431,06,36084,G4020,Contra Costa,Contra Costa County,06,2024-02-20,11.860970229286284,1708387200000,"{""type"":""MultiPoint"",""coordinates"":[]}"
780_00000000000000000023,1909598013,216923745,41860,H1,001,01675839,488,A,06001,+37.6471385,-121.9124880,06,36084,G4020,Alameda,Alameda County,06,2024-02-20,11.205160499918899,1708387200000,"{""type"":""MultiPoint"",""coordinates"":[]}"
780_0000000000000000001f,121375681,479216672,41860,H6,075,00277302,488,C,06075,+37.7272391,-123.0322294,06,41884,G4020,San Francisco,San Francisco County,06,2024-02-20,12.297319527582408,1708387200000,"{""type"":""MultiPoint"",""coordinates"":[]}"
781_00000000000000000021,1857233047,225282636,41860,H1,013,01675903,488,A,06013,+37.9194790,-121.9515431,06,36084,G4020,Contra Costa,Contra Costa County,06,2024-02-21,9.646642506941115,1708473600000,"{""type"":""MultiPoint"",""coordinates"":[]}"
781_00000000000000000023,1909598013,216923745,41860,H1,001,01675839,488,A,06001,+37.6471385,-121.9124880,06,36084,G4020,Alameda,Alameda County,06,2024-02-21,9.182484113612198,1708473600000,"{""type"":""MultiPoint"",""coordinates"":[]}"
781_0000000000000000001f,121375681,479216672,41860,H6,075,00277302,488,C,06075,+37.7272391,-123.0322294,06,41884,G4020,San Francisco,San Francisco County,06,2024-02-21,10.419321909694819,1708473600000,"{""type"":""MultiPoint"",""coordinates"":[]}"
782_00000000000000000021,1857233047,225282636,41860,H1,013,01675903,488,A,06013,+37.9194790,-121.9515431,06,36084,G4020,Contra Costa,Contra Costa County,06,2024-02-22,9.487753086718165,1708560000000,"{""type"":""MultiPoint"",""coordinates"":[]}"
782_00000000000000000023,1909598013,216923745,41860,H1,001,01675839,488,A,06001,+37.6471385,-121.9124880,06,36084,G4020,Alameda,Alameda County,06,2024-02-22,9.55475050336006,1708560000000,"{""type"":""MultiPoint"",""coordinates"":[]}"
782_0000000000000000001f,121375681,479216672,41860,H6,075,00277302,488,C,06075,+37.7272391,-123.0322294,06,41884,G4020,San Francisco,San Francisco County,06,2024-02-22,10.630537845702596,1708560000000,"{""type"":""MultiPoint"",""coordinates"":[]}"
783_00000000000000000021,1857233047,225282636,41860,H1,013,01675903,488,A,06013,+37.9194790,-121.9515431,06,36084,G4020,Contra Costa,Contra Costa County,06,2024-02-23,10.682669999203961,1708646400000,"{""type"":""MultiPoint"",""coordinates"":[]}"
783_00000000000000000023,1909598013,216923745,41860,H1,001,01675839,488,A,06001,+37.6471385,-121.9124880,06,36084,G4020,Alameda,Alameda County,06,2024-02-23,10.58878646765635,1708646400000,"{""type"":""MultiPoint"",""coordinates"":[]}"
783_0000000000000000001f,121375681,479216672,41860,H6,075,00277302,488,C,06075,+37.7272391,-123.0322294,06,41884,G4020,San Francisco,San Francisco County,06,2024-02-23,10.854645228923978,1708646400000,"{""type"":""MultiPoint"",""coordinates"":[]}"
784_00000000000000000021,1857233047,225282636,41860,H1,013,01675903,488,A,06013,+37.9194790,-121.9515431,06,36084,G4020,Contra Costa,Contra Costa County,06,2024-02-24,11.84477704722675,1708732800000,"{""type"":""MultiPoint"",""coordinates"":[]}"
784_00000000000000000023,1909598013,216923745,41860,H1,001,01675839,488,A,06001,+37.6471385,-121.9124880,06,36084,G4020,Alameda,Alameda County,06,2024-02-24,11.598970425488405,1708732800000,"{""type"":""MultiPoint"",""coordinates"":[]}"
784_0000000000000000001f,121375681,479216672,41860,H6,075,00277302,488,C,06075,+37.7272391,-123.0322294,06,41884,G4020,San Francisco,San Francisco County,06,2024-02-24,12.25862012847175,1708732800000,"{""type"":""MultiPoint"",""coordinates"":[]}"
785_00000000000000000021,1857233047,225282636,41860,H1,013,01675903,488,A,06013,+37.9194790,-121.9515431,06,36084,G4020,Contra Costa,Contra Costa County,06,2024-02-25,12.475051059170145,1708819200000,"{""type"":""MultiPoint"",""coordinates"":[]}"
785_00000000000000000023,1909598013,216923745,41860,H1,001,01675839,488,A,06001,+37.6471385,-121.9124880,06,36084,G4020,Alameda,Alameda County,06,2024-02-25,12.383049436922194,1708819200000,"{""type"":""MultiPoint"",""coordinates"":[]}"
785_0000000000000000001f,121375681,479216672,41860,H6,075,00277302,488,C,06075,+37.7272391,-123.0322294,06,41884,G4020,San Francisco,San Francisco County,06,2024-02-25,13.166878849425558,1708819200000,"{""type"":""MultiPoint"",""coordinates"":[]}"
786_00000000000000000021,1857233047,225282636,41860,H1,013,01675903,488,A,06013,+37.9194790,-121.9515431,06,36084,G4020,Contra Costa,Contra Costa County,06,2024-02-26,10.92279054152952,1708905600000,"{""type"":""MultiPoint"",""coordinates"":[]}"
786_00000000000000000023,1909598013,216923745,41860,H1,001,01675839,488,A,06001,+37.6471385,-121.9124880,06,36084,G4020,Alameda,Alameda County,06,2024-02-26,10.503100157512176,1708905600000,"{""type"":""MultiPoint"",""coordinates"":[]}"
786_0000000000000000001f,121375681,479216672,41860,H6,075,00277302,488,C,06075,+37.7272391,-123.0322294,06,41884,G4020,San Francisco,San Francisco County,06,2024-02-26,11.43866478718922,1708905600000,"{""type"":""MultiPoint"",""coordinates"":[]}"
787_00000000000000000021,1857233047,225282636,41860,H1,013,01675903,488,A,06013,+37.9194790,-121.9515431,06,36084,G4020,Contra Costa,Contra Costa County,06,2024-02-27,9.75912150118204,1708992000000,"{""type"":""MultiPoint"",""coordinates"":[]}"
787_00000000000000000023,1909598013,216923745,41860,H1,001,01675839,488,A,06001,+37.6471385,-121.9124880,06,36084,G4020,Alameda,Alameda County,06,2024-02-27,9.101828643717258,1708992000000,"{""type"":""MultiPoint"",""coordinates"":[]}"
787_0000000000000000001f,121375681,479216672,41860,H6,075,00277302,488,C,06075,+37.7272391,-123.0322294,06,41884,G4020,San Francisco,San Francisco County,06,2024-02-27,10.155763386050646,1708992000000,"{""type"":""MultiPoint"",""coordinates"":[]}"
788_00000000000000000021,1857233047,225282636,41860,H1,013,01675903,488,A,06013,+37.9194790,-121.9515431,06,36084,G4020,Contra Costa,Contra Costa County,06,2024-02-28,10.207415181349495,1709078400000,"{""type"":""MultiPoint"",""coordinates"":[]}"
788_00000000000000000023,1909598013,216923745,41860,H1,001,01675839,488,A,06001,+37.6471385,-121.9124880,06,36084,G4020,Alameda,Alameda County,06,2024-02-28,10.25093249758422,1709078400000,"{""type"":""MultiPoint"",""coordinates"":[]}"
788_0000000000000000001f,121375681,479216672,41860,H6,075,00277302,488,C,06075,+37.7272391,-123.0322294,06,41884,G4020,San Francisco,San Francisco County,06,2024-02-28,11.326295548665938,1709078400000,"{""type"":""MultiPoint"",""coordinates"":[]}"
789_00000000000000000021,1857233047,225282636,41860,H1,013,01675903,488,A,06013,+37.9194790,-121.9515431,06,36084,G4020,Contra Costa,Contra Costa County,06,2024-02-29,10.951242172219041,1709164800000,"{""type"":""MultiPoint"",""coordinates"":[]}"
789_00000000000000000023,1909598013,216923745,41860,H1,001,01675839,488,A,06001,+37.6471385,-121.9124880,06,36084,G4020,Alameda,Alameda County,06,2024-02-29,9.995632004647199,1709164800000,"{""type"":""MultiPoint"",""coordinates"":[]}"
789_0000000000000000001f,121375681,479216672,41860,H6,075,00277302,488,C,06075,+37.7272391,-123.0322294,06,41884,G4020,San Francisco,San Francisco County,06,2024-02-29,11.775648858361253,1709164800000,"{""type"":""MultiPoint"",""coordinates"":[]}"
790_00000000000000000021,1857233047,225282636,41860,H1,013,01675903,488,A,06013,+37.9194790,-121.9515431,06,36084,G4020,Contra Costa,Contra Costa County,06,2024-03-01,10.490542736352657,1709251200000,"{""type"":""MultiPoint"",""coordinates"":[]}"
790_00000000000000000023,1909598013,216923745,41860,H1,001,01675839,488,A,06001,+37.6471385,-121.9124880,06,36084,G4020,Alameda,Alameda County,06,2024-03-01,9.981906186618982,1709251200000,"{""type"":""MultiPoint"",""coordinates"":[]}"
790_0000000000000000001f,121375681,479216672,41860,H6,075,00277302,488,C,06075,+37.7272391,-123.0322294,06,41884,G4020,San Francisco,San Francisco County,06,2024-03-01,11.11934625685872,1709251200000,"{""type"":""MultiPoint"",""coordinates"":[]}"
791_00000000000000000021,1857233047,225282636,41860,H1,013,01675903,488,A,06013,+37.9194790,-121.9515431,06,36084,G4020,Contra Costa,Contra Costa County,06,2024-03-02,8.719487943933627,1709337600000,"{""type"":""MultiPoint"",""coordinates"":[]}"
791_00000000000000000023,1909598013,216923745,41860,H1,001,01675839,488,A,06001,+37.6471385,-121.9124880,06,36084,G4020,Alameda,Alameda County,06,2024-03-02,8.1596956440517,1709337600000,"{""type"":""MultiPoint"",""coordinates"":[]}"
791_0000000000000000001f,121375681,479216672,41860,H6,075,00277302,488,C,06075,+37.7272391,-123.0322294,06,41884,G4020,San Francisco,San Francisco County,06,2024-03-02,9.544782404650613,1709337600000,"{""type"":""MultiPoint"",""coordinates"":[]}"
792_00000000000000000021,1857233047,225282636,41860,H1,013,01675903,488,A,06013,+37.9194790,-121.9515431,06,36084,G4020,Contra Costa,Contra Costa County,06,2024-03-03,7.869626395333625,1709424000000,"{""type"":""MultiPoint"",""coordinates"":[]}"
792_00000000000000000023,1909598013,216923745,41860,H1,001,01675839,488,A,06001,+37.6471385,-121.9124880,06,36084,G4020,Alameda,Alameda County,06,2024-03-03,7.347799528334464,1709424000000,"{""type"":""MultiPoint"",""coordinates"":[]}"
792_0000000000000000001f,121375681,479216672,41860,H6,075,00277302,488,C,06075,+37.7272391,-123.0322294,06,41884,G4020,San Francisco,San Francisco County,06,2024-03-03,9.2446391350988,1709424000000,"{""type"":""MultiPoint"",""coordinates"":[]}"
793_00000000000000000021,1857233047,225282636,41860,H1,013,01675903,488,A,06013,+37.9194790,-121.9515431,06,36084,G4020,Contra Costa,Contra Costa County,06,2024-03-04,8.032043383249542,1709510400000,"{""type"":""MultiPoint"",""coordinates"":[]}"
793_00000000000000000023,1909598013,216923745,41860,H1,001,01675839,488,A,06001,+37.6471385,-121.9124880,06,36084,G4020,Alameda,Alameda County,06,2024-03-04,7.647230652967456,1709510400000,"{""type"":""MultiPoint"",""coordinates"":[]}"
793_0000000000000000001f,121375681,479216672,41860,H6,075,00277302,488,C,06075,+37.7272391,-123.0322294,06,41884,G4020,San Francisco,San Francisco County,06,2024-03-04,9.606721120277296,1709510400000,"{""type"":""MultiPoint"",""coordinates"":[]}"
794_00000000000000000021,1857233047,225282636,41860,H1,013,01675903,488,A,06013,+37.9194790,-121.9515431,06,36084,G4020,Contra Costa,Contra Costa County,06,2024-03-05,10.200990207244576,1709596800000,"{""type"":""MultiPoint"",""coordinates"":[]}"
794_00000000000000000023,1909598013,216923745,41860,H1,001,01675839,488,A,06001,+37.6471385,-121.9124880,06,36084,G4020,Alameda,Alameda County,06,2024-03-05,9.48421359271689,1709596800000,"{""type"":""MultiPoint"",""coordinates"":[]}"
794_0000000000000000001f,121375681,479216672,41860,H6,075,00277302,488,C,06075,+37.7272391,-123.0322294,06,41884,G4020,San Francisco,San Francisco County,06,2024-03-05,11.804660996093384,1709596800000,"{""type"":""MultiPoint"",""coordinates"":[]}"
795_00000000000000000021,1857233047,225282636,41860,H1,013,01675903,488,A,06013,+37.9194790,-121.9515431,06,36084,G4020,Contra Costa,Contra Costa County,06,2024-03-06,11.048050215544718,1709683200000,"{""type"":""MultiPoint"",""coordinates"":[]}"
795_00000000000000000023,1909598013,216923745,41860,H1,001,01675839,488,A,06001,+37.6471385,-121.9124880,06,36084,G4020,Alameda,Alameda County,06,2024-03-06,10.141372292570523,1709683200000,"{""type"":""MultiPoint"",""coordinates"":[]}"
795_0000000000000000001f,121375681,479216672,41860,H6,075,00277302,488,C,06075,+37.7272391,-123.0322294,06,41884,G4020,San Francisco,San Francisco County,06,2024-03-06,11.844368414814323,1709683200000,"{""type"":""MultiPoint"",""coordinates"":[]}"
796_00000000000000000021,1857233047,225282636,41860,H1,013,01675903,488,A,06013,+37.9194790,-121.9515431,06,36084,G4020,Contra Costa,Contra Costa County,06,2024-03-07,9.899862348192585,1709769600000,"{""type"":""MultiPoint"",""coordinates"":[]}"
796_00000000000000000023,1909598013,216923745,41860,H1,001,01675839,488,A,06001,+37.6471385,-121.9124880,06,36084,G4020,Alameda,Alameda County,06,2024-03-07,9.161606120605901,1709769600000,"{""type"":""MultiPoint"",""coordinates"":[]}"
796_0000000000000000001f,121375681,479216672,41860,H6,075,00277302,488,C,06075,+37.7272391,-123.0322294,06,41884,G4020,San Francisco,San Francisco County,06,2024-03-07,10.748721140327211,1709769600000,"{""type"":""MultiPoint"",""coordinates"":[]}"
797_00000000000000000021,1857233047,225282636,41860,H1,013,01675903,488,A,06013,+37.9194790,-121.9515431,06,36084,G4020,Contra Costa,Contra Costa County,06,2024-03-08,10.519041147110231,1709856000000,"{""type"":""MultiPoint"",""coordinates"":[]}"
797_00000000000000000023,1909598013,216923745,41860,H1,001,01675839,488,A,06001,+37.6471385,-121.9124880,06,36084,G4020,Alameda,Alameda County,06,2024-03-08,10.58378652811618,1709856000000,"{""type"":""MultiPoint"",""coordinates"":[]}"
797_0000000000000000001f,121375681,479216672,41860,H6,075,00277302,488,C,06075,+37.7272391,-123.0322294,06,41884,G4020,San Francisco,San Francisco County,06,2024-03-08,11.312634142562729,1709856000000,"{""type"":""MultiPoint"",""coordinates"":[]}"
798_00000000000000000021,1857233047,225282636,41860,H1,013,01675903,488,A,06013,+37.9194790,-121.9515431,06,36084,G4020,Contra Costa,Contra Costa County,06,2024-03-09,10.06622968079135,1709942400000,"{""type"":""MultiPoint"",""coordinates"":[]}"
798_00000000000000000023,1909598013,216923745,41860,H1,001,01675839,488,A,06001,+37.6471385,-121.9124880,06,36084,G4020,Alameda,Alameda County,06,2024-03-09,9.934921421917194,1709942400000,"{""type"":""MultiPoint"",""coordinates"":[]}"
798_0000000000000000001f,121375681,479216672,41860,H6,075,00277302,488,C,06075,+37.7272391,-123.0322294,06,41884,G4020,San Francisco,San Francisco County,06,2024-03-09,10.914042349003132,1709942400000,"{""type"":""MultiPoint"",""coordinates"":[]}"
799_00000000000000000021,1857233047,225282636,41860,H1,013,01675903,488,A,06013,+37.9194790,-121.9515431,06,36084,G4020,Contra Costa,Contra Costa County,06,2024-03-10,10.129987583257504,1710028800000,"{""type"":""MultiPoint"",""coordinates"":[]}"
799_00000000000000000023,1909598013,216923745,41860,H1,001,01675839,488,A,06001,+37.6471385,-121.9124880,06,36084,G4020,Alameda,Alameda County,06,2024-03-10,10.169579142587395,1710028800000,"{""type"":""MultiPoint"",""coordinates"":[]}"
799_0000000000000000001f,121375681,479216672,41860,H6,075,00277302,488,C,06075,+37.7272391,-123.0322294,06,41884,G4020,San Francisco,San Francisco County,06,2024-03-10,10.665978425921839,1710028800000,"{""type"":""MultiPoint"",""coordinates"":[]}"
800_00000000000000000021,1857233047,225282636,41860,H1,013,01675903,488,A,06013,+37.9194790,-121.9515431,06,36084,G4020,Contra Costa,Contra Costa County,06,2024-03-11,11.102749921624966,1710115200000,"{""type"":""MultiPoint"",""coordinates"":[]}"
800_00000000000000000023,1909598013,216923745,41860,H1,001,01675839,488,A,06001,+37.6471385,-121.9124880,06,36084,G4020,Alameda,Alameda County,06,2024-03-11,10.384264567615823,1710115200000,"{""type"":""MultiPoint"",""coordinates"":[]}"
800_0000000000000000001f,121375681,479216672,41860,H6,075,00277302,488,C,06075,+37.7272391,-123.0322294,06,41884,G4020,San Francisco,San Francisco County,06,2024-03-11,11.513114694070245,1710115200000,"{""type"":""MultiPoint"",""coordinates"":[]}"
801_00000000000000000021,1857233047,225282636,41860,H1,013,01675903,488,A,06013,+37.9194790,-121.9515431,06,36084,G4020,Contra Costa,Contra Costa County,06,2024-03-12,11.412736058515035,1710201600000,"{""type"":""MultiPoint"",""coordinates"":[]}"
801_00000000000000000023,1909598013,216923745,41860,H1,001,01675839,488,A,06001,+37.6471385,-121.9124880,06,36084,G4020,Alameda,Alameda County,06,2024-03-12,10.744956869469512,1710201600000,"{""type"":""MultiPoint"",""coordinates"":[]}"
801_0000000000000000001f,121375681,479216672,41860,H6,075,00277302,488,C,06075,+37.7272391,-123.0322294,06,41884,G4020,San Francisco,San Francisco County,06,2024-03-12,12.400302308732524,1710201600000,"{""type"":""MultiPoint"",""coordinates"":[]}"
802_00000000000000000021,1857233047,225282636,41860,H1,013,01675903,488,A,06013,+37.9194790,-121.9515431,06,36084,G4020,Contra Costa,Contra Costa County,06,2024-03-13,10.590512548731777,1710288000000,"{""type"":""MultiPoint"",""coordinates"":[]}"
802_00000000000000000023,1909598013,216923745,41860,H1,001,01675839,488,A,06001,+37.6471385,-121.9124880,06,36084,G4020,Alameda,Alameda County,06,2024-03-13,9.485473129485296,1710288000000,"{""type"":""MultiPoint"",""coordinates"":[]}"
802_0000000000000000001f,121375681,479216672,41860,H6,075,00277302,488,C,06075,+37.7272391,-123.0322294,06,41884,G4020,San Francisco,San Francisco County,06,2024-03-13,11.330402717123064,1710288000000,"{""type"":""MultiPoint"",""coordinates"":[]}"
803_00000000000000000021,1857233047,225282636,41860,H1,013,01675903,488,A,06013,+37.9194790,-121.9515431,06,36084,G4020,Contra Costa,Contra Costa County,06,2024-03-14,13.136996589217647,1710374400000,"{""type"":""MultiPoint"",""coordinates"":[]}"
803_00000000000000000023,1909598013,216923745,41860,H1,001,01675839,488,A,06001,+37.6471385,-121.9124880,06,36084,G4020,Alameda,Alameda County,06,2024-03-14,11.926852272024881,1710374400000,"{""type"":""MultiPoint"",""coordinates"":[]}"
803_0000000000000000001f,121375681,479216672,41860,H6,075,00277302,488,C,06075,+37.7272391,-123.0322294,06,41884,G4020,San Francisco,San Francisco County,06,2024-03-14,13.629492560853365,1710374400000,"{""type"":""MultiPoint"",""coordinates"":[]}"
804_00000000000000000021,1857233047,225282636,41860,H1,013,01675903,488,A,06013,+37.9194790,-121.9515431,06,36084,G4020,Contra Costa,Contra Costa County,06,2024-03-15,14.239696006897766,1710460800000,"{""type"":""MultiPoint"",""coordinates"":[]}"
804_00000000000000000023,1909598013,216923745,41860,H1,001,01675839,488,A,06001,+37.6471385,-121.9124880,06,36084,G4020,Alameda,Alameda County,06,2024-03-15,12.681219740604208,1710460800000,"{""type"":""MultiPoint"",""coordinates"":[]}"
804_0000000000000000001f,121375681,479216672,41860,H6,075,00277302,488,C,06075,+37.7272391,-123.0322294,06,41884,G4020,San Francisco,San Francisco County,06,2024-03-15,15.123666167858755,1710460800000,"{""type"":""MultiPoint"",""coordinates"":[]}"
805_00000000000000000021,1857233047,225282636,41860,H1,013,01675903,488,A,06013,+37.9194790,-121.9515431,06,36084,G4020,Contra Costa,Contra Costa County,06,2024-03-16,13.343144192155249,1710547200000,"{""type"":""MultiPoint"",""coordinates"":[]}"
805_00000000000000000023,1909598013,216923745,41860,H1,001,01675839,488,A,06001,+37.6471385,-121.9124880,06,36084,G4020,Alameda,Alameda County,06,2024-03-16,12.917087757515832,1710547200000,"{""type"":""MultiPoint"",""coordinates"":[]}"
805_0000000000000000001f,121375681,479216672,41860,H6,075,00277302,488,C,06075,+37.7272391,-123.0322294,06,41884,G4020,San Francisco,San Francisco County,06,2024-03-16,14.240379929680909,1710547200000,"{""type"":""MultiPoint"",""coordinates"":[]}"
806_00000000000000000021,1857233047,225282636,41860,H1,013,01675903,488,A,06013,+37.9194790,-121.9515431,06,36084,G4020,Contra Costa,Contra Costa County,06,2024-03-17,12.59340671144247,1710633600000,"{""type"":""MultiPoint"",""coordinates"":[]}"
806_00000000000000000023,1909598013,216923745,41860,H1,001,01675839,488,A,06001,+37.6471385,-121.9124880,06,36084,G4020,Alameda,Alameda County,06,2024-03-17,12.083268696262612,1710633600000,"{""type"":""MultiPoint"",""coordinates"":[]}"
806_0000000000000000001f,121375681,479216672,41860,H6,075,00277302,488,C,06075,+37.7272391,-123.0322294,06,41884,G4020,San Francisco,San Francisco County,06,2024-03-17,12.349892680588143,1710633600000,"{""type"":""MultiPoint"",""coordinates"":[]}"
807_00000000000000000021,1857233047,225282636,41860,H1,013,01675903,488,A,06013,+37.9194790,-121.9515431,06,36084,G4020,Contra Costa,Contra Costa County,06,2024-03-18,12.933709492123235,1710720000000,"{""type"":""MultiPoint"",""coordinates"":[]}"
807_00000000000000000023,1909598013,216923745,41860,H1,001,01675839,488,A,06001,+37.6471385,-121.9124880,06,36084,G4020,Alameda,Alameda County,06,2024-03-18,12.473560340906182,1710720000000,"{""type"":""MultiPoint"",""coordinates"":[]}"
807_0000000000000000001f,121375681,479216672,41860,H6,075,00277302,488,C,06075,+37.7272391,-123.0322294,06,41884,G4020,San Francisco,San Francisco County,06,2024-03-18,12.197549322879686,1710720000000,"{""type"":""MultiPoint"",""coordinates"":[]}"
808_00000000000000000021,1857233047,225282636,41860,H1,013,01675903,488,A,06013,+37.9194790,-121.9515431,06,36084,G4020,Contra Costa,Contra Costa County,06,2024-03-19,13.4139090022405,1710806400000,"{""type"":""MultiPoint"",""coordinates"":[]}"
808_00000000000000000023,1909598013,216923745,41860,H1,001,01675839,488,A,06001,+37.6471385,-121.9124880,06,36084,G4020,Alameda,Alameda County,06,2024-03-19,13.018610947482117,1710806400000,"{""type"":""MultiPoint"",""coordinates"":[]}"
808_0000000000000000001f,121375681,479216672,41860,H6,075,00277302,488,C,06075,+37.7272391,-123.0322294,06,41884,G4020,San Francisco,San Francisco County,06,2024-03-19,12.306347681337023,1710806400000,"{""type"":""MultiPoint"",""coordinates"":[]}"
809_00000000000000000021,1857233047,225282636,41860,H1,013,01675903,488,A,06013,+37.9194790,-121.9515431,06,36084,G4020,Contra Costa,Contra Costa County,06,2024-03-20,12.456262238335004,1710892800000,"{""type"":""MultiPoint"",""coordinates"":[]}"
809_00000000000000000023,1909598013,216923745,41860,H1,001,01675839,488,A,06001,+37.6471385,-121.9124880,06,36084,G4020,Alameda,Alameda County,06,2024-03-20,12.334021754322952,1710892800000,"{""type"":""MultiPoint"",""coordinates"":[]}"
809_0000000000000000001f,121375681,479216672,41860,H6,075,00277302,488,C,06075,+37.7272391,-123.0322294,06,41884,G4020,San Francisco,San Francisco County,06,2024-03-20,11.476756843945685,1710892800000,"{""type"":""MultiPoint"",""coordinates"":[]}"
810_00000000000000000021,1857233047,225282636,41860,H1,013,01675903,488,A,06013,+37.9194790,-121.9515431,06,36084,G4020,Contra Costa,Contra Costa County,06,2024-03-21,12.643475855495195,1710979200000,"{""type"":""MultiPoint"",""coordinates"":[]}"
810_00000000000000000023,1909598013,216923745,41860,H1,001,01675839,488,A,06001,+37.6471385,-121.9124880,06,36084,G4020,Alameda,Alameda County,06,2024-03-21,12.483375183092033,1710979200000,"{""type"":""MultiPoint"",""coordinates"":[]}"
810_0000000000000000001f,121375681,479216672,41860,H6,075,00277302,488,C,06075,+37.7272391,-123.0322294,06,41884,G4020,San Francisco,San Francisco County,06,2024-03-21,12.403154759065796,1710979200000,"{""type"":""MultiPoint"",""coordinates"":[]}"
811_00000000000000000021,1857233047,225282636,41860,H1,013,01675903,488,A,06013,+37.9194790,-121.9515431,06,36084,G4020,Contra Costa,Contra Costa County,06,2024-03-22,12.717601038820977,1711065600000,"{""type"":""MultiPoint"",""coordinates"":[]}"
811_00000000000000000023,1909598013,216923745,41860,H1,001,01675839,488,A,06001,+37.6471385,-121.9124880,06,36084,G4020,Alameda,Alameda County,06,2024-03-22,12.547196652283272,1711065600000,"{""type"":""MultiPoint"",""coordinates"":[]}"
811_0000000000000000001f,121375681,479216672,41860,H6,075,00277302,488,C,06075,+37.7272391,-123.0322294,06,41884,G4020,San Francisco,San Francisco County,06,2024-03-22,12.77823981746871,1711065600000,"{""type"":""MultiPoint"",""coordinates"":[]}"
812_00000000000000000021,1857233047,225282636,41860,H1,013,01675903,488,A,06013,+37.9194790,-121.9515431,06,36084,G4020,Contra Costa,Contra Costa County,06,2024-03-23,11.11520742795001,1711152000000,"{""type"":""MultiPoint"",""coordinates"":[]}"
812_00000000000000000023,1909598013,216923745,41860,H1,001,01675839,488,A,06001,+37.6471385,-121.9124880,06,36084,G4020,Alameda,Alameda County,06,2024-03-23,10.463579377601848,1711152000000,"{""type"":""MultiPoint"",""coordinates"":[]}"
812_0000000000000000001f,121375681,479216672,41860,H6,075,00277302,488,C,06075,+37.7272391,-123.0322294,06,41884,G4020,San Francisco,San Francisco County,06,2024-03-23,11.709202376955345,1711152000000,"{""type"":""MultiPoint"",""coordinates"":[]}"
813_00000000000000000021,1857233047,225282636,41860,H1,013,01675903,488,A,06013,+37.9194790,-121.9515431,06,36084,G4020,Contra Costa,Contra Costa County,06,2024-03-24,10.519627532095184,1711238400000,"{""type"":""MultiPoint"",""coordinates"":[]}"
813_00000000000000000023,1909598013,216923745,41860,H1,001,01675839,488,A,06001,+37.6471385,-121.9124880,06,36084,G4020,Alameda,Alameda County,06,2024-03-24,9.61535559407632,1711238400000,"{""type"":""MultiPoint"",""coordinates"":[]}"
813_0000000000000000001f,121375681,479216672,41860,H6,075,00277302,488,C,06075,+37.7272391,-123.0322294,06,41884,G4020,San Francisco,San Francisco County,06,2024-03-24,11.19519485409687,1711238400000,"{""type"":""MultiPoint"",""coordinates"":[]}"
814_00000000000000000021,1857233047,225282636,41860,H1,013,01675903,488,A,06013,+37.9194790,-121.9515431,06,36084,G4020,Contra Costa,Contra Costa County,06,2024-03-25,11.0446764427194,1711324800000,"{""type"":""MultiPoint"",""coordinates"":[]}"
814_00000000000000000023,1909598013,216923745,41860,H1,001,01675839,488,A,06001,+37.6471385,-121.9124880,06,36084,G4020,Alameda,Alameda County,06,2024-03-25,9.97896678815848,1711324800000,"{""type"":""MultiPoint"",""coordinates"":[]}"
814_0000000000000000001f,121375681,479216672,41860,H6,075,00277302,488,C,06075,+37.7272391,-123.0322294,06,41884,G4020,San Francisco,San Francisco County,06,2024-03-25,11.355102420760195,1711324800000,"{""type"":""MultiPoint"",""coordinates"":[]}"
815_00000000000000000021,1857233047,225282636,41860,H1,013,01675903,488,A,06013,+37.9194790,-121.9515431,06,36084,G4020,Contra Costa,Contra Costa County,06,2024-03-26,11.455629710649886,1711411200000,"{""type"":""MultiPoint"",""coordinates"":[]}"
815_00000000000000000023,1909598013,216923745,41860,H1,001,01675839,488,A,06001,+37.6471385,-121.9124880,06,36084,G4020,Alameda,Alameda County,06,2024-03-26,10.610674941080456,1711411200000,"{""type"":""MultiPoint"",""coordinates"":[]}"
815_0000000000000000001f,121375681,479216672,41860,H6,075,00277302,488,C,06075,+37.7272391,-123.0322294,06,41884,G4020,San Francisco,San Francisco County,06,2024-03-26,11.565301951464352,1711411200000,"{""type"":""MultiPoint"",""coordinates"":[]}"
816_00000000000000000021,1857233047,225282636,41860,H1,013,01675903,488,A,06013,+37.9194790,-121.9515431,06,36084,G4020,Contra Costa,Contra Costa County,06,2024-03-27,10.64234951610097,1711497600000,"{""type"":""MultiPoint"",""coordinates"":[]}"
816_00000000000000000023,1909598013,216923745,41860,H1,001,01675839,488,A,06001,+37.6471385,-121.9124880,06,36084,G4020,Alameda,Alameda County,06,2024-03-27,9.812176845746748,1711497600000,"{""type"":""MultiPoint"",""coordinates"":[]}"
816_0000000000000000001f,121375681,479216672,41860,H6,075,00277302,488,C,06075,+37.7272391,-123.0322294,06,41884,G4020,San Francisco,San Francisco County,06,2024-03-27,10.726712408010469,1711497600000,"{""type"":""MultiPoint"",""coordinates"":[]}"
817_00000000000000000021,1857233047,225282636,41860,H1,013,01675903,488,A,06013,+37.9194790,-121.9515431,06,36084,G4020,Contra Costa,Contra Costa County,06,2024-03-28,11.687797383052551,1711584000000,"{""type"":""MultiPoint"",""coordinates"":[]}"
817_00000000000000000023,1909598013,216923745,41860,H1,001,01675839,488,A,06001,+37.6471385,-121.9124880,06,36084,G4020,Alameda,Alameda County,06,2024-03-28,11.038428300407883,1711584000000,"{""type"":""MultiPoint"",""coordinates"":[]}"
817_0000000000000000001f,121375681,479216672,41860,H6,075,00277302,488,C,06075,+37.7272391,-123.0322294,06,41884,G4020,San Francisco,San Francisco County,06,2024-03-28,12.140978980786905,1711584000000,"{""type"":""MultiPoint"",""coordinates"":[]}"
818_00000000000000000021,1857233047,225282636,41860,H1,013,01675903,488,A,06013,+37.9194790,-121.9515431,06,36084,G4020,Contra Costa,Contra Costa County,06,2024-03-29,9.14369563923655,1711670400000,"{""type"":""MultiPoint"",""coordinates"":[]}"
818_00000000000000000023,1909598013,216923745,41860,H1,001,01675839,488,A,06001,+37.6471385,-121.9124880,06,36084,G4020,Alameda,Alameda County,06,2024-03-29,8.574764109117849,1711670400000,"{""type"":""MultiPoint"",""coordinates"":[]}"
818_0000000000000000001f,121375681,479216672,41860,H6,075,00277302,488,C,06075,+37.7272391,-123.0322294,06,41884,G4020,San Francisco,San Francisco County,06,2024-03-29,10.060905505487188,1711670400000,"{""type"":""MultiPoint"",""coordinates"":[]}"
819_00000000000000000021,1857233047,225282636,41860,H1,013,01675903,488,A,06013,+37.9194790,-121.9515431,06,36084,G4020,Contra Costa,Contra Costa County,06,2024-03-30,9.51577162940247,1711756800000,"{""type"":""MultiPoint"",""coordinates"":[]}"
819_00000000000000000023,1909598013,216923745,41860,H1,001,01675839,488,A,06001,+37.6471385,-121.9124880,06,36084,G4020,Alameda,Alameda County,06,2024-03-30,8.918288674093564,1711756800000,"{""type"":""MultiPoint"",""coordinates"":[]}"
819_0000000000000000001f,121375681,479216672,41860,H6,075,00277302,488,C,06075,+37.7272391,-123.0322294,06,41884,G4020,San Francisco,San Francisco County,06,2024-03-30,10.482928406784904,1711756800000,"{""type"":""MultiPoint"",""coordinates"":[]}"
820_00000000000000000021,1857233047,225282636,41860,H1,013,01675903,488,A,06013,+37.9194790,-121.9515431,06,36084,G4020,Contra Costa,Contra Costa County,06,2024-03-31,11.371543070300934,1711843200000,"{""type"":""MultiPoint"",""coordinates"":[]}"
820_00000000000000000023,1909598013,216923745,41860,H1,001,01675839,488,A,06001,+37.6471385,-121.9124880,06,36084,G4020,Alameda,Alameda County,06,2024-03-31,10.826019887544136,1711843200000,"{""type"":""MultiPoint"",""coordinates"":[]}"
820_0000000000000000001f,121375681,479216672,41860,H6,075,00277302,488,C,06075,+37.7272391,-123.0322294,06,41884,G4020,San Francisco,San Francisco County,06,2024-03-31,11.98965474121961,1711843200000,"{""type"":""MultiPoint"",""coordinates"":[]}"
821_00000000000000000021,1857233047,225282636,41860,H1,013,01675903,488,A,06013,+37.9194790,-121.9515431,06,36084,G4020,Contra Costa,Contra Costa County,06,2024-04-01,12.25990771337923,1711929600000,"{""type"":""MultiPoint"",""coordinates"":[]}"
821_00000000000000000023,1909598013,216923745,41860,H1,001,01675839,488,A,06001,+37.6471385,-121.9124880,06,36084,G4020,Alameda,Alameda County,06,2024-04-01,11.933358931611123,1711929600000,"{""type"":""MultiPoint"",""coordinates"":[]}"
821_0000000000000000001f,121375681,479216672,41860,H6,075,00277302,488,C,06075,+37.7272391,-123.0322294,06,41884,G4020,San Francisco,San Francisco County,06,2024-04-01,13.073438811409826,1711929600000,"{""type"":""MultiPoint"",""coordinates"":[]}"
822_00000000000000000021,1857233047,225282636,41860,H1,013,01675903,488,A,06013,+37.9194790,-121.9515431,06,36084,G4020,Contra Costa,Contra Costa County,06,2024-04-02,13.534848710707314,1712016000000,"{""type"":""MultiPoint"",""coordinates"":[]}"
822_00000000000000000023,1909598013,216923745,41860,H1,001,01675839,488,A,06001,+37.6471385,-121.9124880,06,36084,G4020,Alameda,Alameda County,06,2024-04-02,13.43405065823008,1712016000000,"{""type"":""MultiPoint"",""coordinates"":[]}"
822_0000000000000000001f,121375681,479216672,41860,H6,075,00277302,488,C,06075,+37.7272391,-123.0322294,06,41884,G4020,San Francisco,San Francisco County,06,2024-04-02,12.839239426446248,1712016000000,"{""type"":""MultiPoint"",""coordinates"":[]}"
823_00000000000000000021,1857233047,225282636,41860,H1,013,01675903,488,A,06013,+37.9194790,-121.9515431,06,36084,G4020,Contra Costa,Contra Costa County,06,2024-04-03,13.365868415487803,1712102400000,"{""type"":""MultiPoint"",""coordinates"":[]}"
823_00000000000000000023,1909598013,216923745,41860,H1,001,01675839,488,A,06001,+37.6471385,-121.9124880,06,36084,G4020,Alameda,Alameda County,06,2024-04-03,12.671744625376926,1712102400000,"{""type"":""MultiPoint"",""coordinates"":[]}"
823_0000000000000000001f,121375681,479216672,41860,H6,075,00277302,488,C,06075,+37.7272391,-123.0322294,06,41884,G4020,San Francisco,San Francisco County,06,2024-04-03,12.301785891229807,1712102400000,"{""type"":""MultiPoint"",""coordinates"":[]}"
824_00000000000000000021,1857233047,225282636,41860,H1,013,01675903,488,A,06013,+37.9194790,-121.9515431,06,36084,G4020,Contra Costa,Contra Costa County,06,2024-04-04,8.784846076834588,1712188800000,"{""type"":""MultiPoint"",""coordinates"":[]}"
824_00000000000000000023,1909598013,216923745,41860,H1,001,01675839,488,A,06001,+37.6471385,-121.9124880,06,36084,G4020,Alameda,Alameda County,06,2024-04-04,8.051506926688669,1712188800000,"{""type"":""MultiPoint"",""coordinates"":[]}"
824_0000000000000000001f,121375681,479216672,41860,H6,075,00277302,488,C,06075,+37.7272391,-123.0322294,06,41884,G4020,San Francisco,San Francisco County,06,2024-04-04,9.29845040331807,1712188800000,"{""type"":""MultiPoint"",""coordinates"":[]}"
825_00000000000000000021,1857233047,225282636,41860,H1,013,01675903,488,A,06013,+37.9194790,-121.9515431,06,36084,G4020,Contra Costa,Contra Costa County,06,2024-04-05,7.115194922304877,1712275200000,"{""type"":""MultiPoint"",""coordinates"":[]}"
825_00000000000000000023,1909598013,216923745,41860,H1,001,01675839,488,A,06001,+37.6471385,-121.9124880,06,36084,G4020,Alameda,Alameda County,06,2024-04-05,6.529107356903419,1712275200000,"{""type"":""MultiPoint"",""coordinates"":[]}"
825_0000000000000000001f,121375681,479216672,41860,H6,075,00277302,488,C,06075,+37.7272391,-123.0322294,06,41884,G4020,San Francisco,San Francisco County,06,2024-04-05,7.960509005459881,1712275200000,"{""type"":""MultiPoint"",""coordinates"":[]}"
826_00000000000000000021,1857233047,225282636,41860,H1,013,01675903,488,A,06013,+37.9194790,-121.9515431,06,36084,G4020,Contra Costa,Contra Costa County,06,2024-04-06,8.226947900247678,1712361600000,"{""type"":""MultiPoint"",""coordinates"":[]}"
826_00000000000000000023,1909598013,216923745,41860,H1,001,01675839,488,A,06001,+37.6471385,-121.9124880,06,36084,G4020,Alameda,Alameda County,06,2024-04-06,7.685936027511317,1712361600000,"{""type"":""MultiPoint"",""coordinates"":[]}"
826_0000000000000000001f,121375681,479216672,41860,H6,075,00277302,488,C,06075,+37.7272391,-123.0322294,06,41884,G4020,San Francisco,San Francisco County,06,2024-04-06,9.495404288109325,1712361600000,"{""type"":""MultiPoint"",""coordinates"":[]}"
827_00000000000000000021,1857233047,225282636,41860,H1,013,01675903,488,A,06013,+37.9194790,-121.9515431,06,36084,G4020,Contra Costa,Contra Costa County,06,2024-04-07,9.308747342106622,1712448000000,"{""type"":""MultiPoint"",""coordinates"":[]}"
827_00000000000000000023,1909598013,216923745,41860,H1,001,01675839,488,A,06001,+37.6471385,-121.9124880,06,36084,G4020,Alameda,Alameda County,06,2024-04-07,8.850456825505765,1712448000000,"{""type"":""MultiPoint"",""coordinates"":[]}"
827_0000000000000000001f,121375681,479216672,41860,H6,075,00277302,488,C,06075,+37.7272391,-123.0322294,06,41884,G4020,San Francisco,San Francisco County,06,2024-04-07,10.243619450040985,1712448000000,"{""type"":""MultiPoint"",""coordinates"":[]}"
828_00000000000000000021,1857233047,225282636,41860,H1,013,01675903,488,A,06013,+37.9194790,-121.9515431,06,36084,G4020,Contra Costa,Contra Costa County,06,2024-04-08,11.544479032036843,1712534400000,"{""type"":""MultiPoint"",""coordinates"":[]}"
828_00000000000000000023,1909598013,216923745,41860,H1,001,01675839,488,A,06001,+37.6471385,-121.9124880,06,36084,G4020,Alameda,Alameda County,06,2024-04-08,10.789594692093349,1712534400000,"{""type"":""MultiPoint"",""coordinates"":[]}"
828_0000000000000000001f,121375681,479216672,41860,H6,075,00277302,488,C,06075,+37.7272391,-123.0322294,06,41884,G4020,San Francisco,San Francisco County,06,2024-04-08,11.958184189738049,1712534400000,"{""type"":""MultiPoint"",""coordinates"":[]}"
829_00000000000000000021,1857233047,225282636,41860,H1,013,01675903,488,A,06013,+37.9194790,-121.9515431,06,36084,G4020,Contra Costa,Contra Costa County,06,2024-04-09,13.72387727361189,1712620800000,"{""type"":""MultiPoint"",""coordinates"":[]}"
829_00000000000000000023,1909598013,216923745,41860,H1,001,01675839,488,A,06001,+37.6471385,-121.9124880,06,36084,G4020,Alameda,Alameda County,06,2024-04-09,13.494796109976273,1712620800000,"{""type"":""MultiPoint"",""coordinates"":[]}"
829_0000000000000000001f,121375681,479216672,41860,H6,075,00277302,488,C,06075,+37.7272391,-123.0322294,06,41884,G4020,San Francisco,San Francisco County,06,2024-04-09,13.324545968877837,1712620800000,"{""type"":""MultiPoint"",""coordinates"":[]}"
830_00000000000000000021,1857233047,225282636,41860,H1,013,01675903,488,A,06013,+37.9194790,-121.9515431,06,36084,G4020,Contra Costa,Contra Costa County,06,2024-04-10,14.812879323954418,1712707200000,"{""type"":""MultiPoint"",""coordinates"":[]}"
830_00000000000000000023,1909598013,216923745,41860,H1,001,01675839,488,A,06001,+37.6471385,-121.9124880,06,36084,G4020,Alameda,Alameda County,06,2024-04-10,14.994858017375737,1712707200000,"{""type"":""MultiPoint"",""coordinates"":[]}"
830_0000000000000000001f,121375681,479216672,41860,H6,075,00277302,488,C,06075,+37.7272391,-123.0322294,06,41884,G4020,San Francisco,San Francisco County,06,2024-04-10,13.578363863504173,1712707200000,"{""type"":""MultiPoint"",""coordinates"":[]}"
831_00000000000000000021,1857233047,225282636,41860,H1,013,01675903,488,A,06013,+37.9194790,-121.9515431,06,36084,G4020,Contra Costa,Contra Costa County,06,2024-04-11,16.686755293904312,1712793600000,"{""type"":""MultiPoint"",""coordinates"":[]}"
831_00000000000000000023,1909598013,216923745,41860,H1,001,01675839,488,A,06001,+37.6471385,-121.9124880,06,36084,G4020,Alameda,Alameda County,06,2024-04-11,17.088377007922425,1712793600000,"{""type"":""MultiPoint"",""coordinates"":[]}"
831_0000000000000000001f,121375681,479216672,41860,H6,075,00277302,488,C,06075,+37.7272391,-123.0322294,06,41884,G4020,San Francisco,San Francisco County,06,2024-04-11,14.940470752433262,1712793600000,"{""type"":""MultiPoint"",""coordinates"":[]}"
832_00000000000000000021,1857233047,225282636,41860,H1,013,01675903,488,A,06013,+37.9194790,-121.9515431,06,36084,G4020,Contra Costa,Contra Costa County,06,2024-04-12,14.510859351169563,1712880000000,"{""type"":""MultiPoint"",""coordinates"":[]}"
832_00000000000000000023,1909598013,216923745,41860,H1,001,01675839,488,A,06001,+37.6471385,-121.9124880,06,36084,G4020,Alameda,Alameda County,06,2024-04-12,13.808677876870297,1712880000000,"{""type"":""MultiPoint"",""coordinates"":[]}"
832_0000000000000000001f,121375681,479216672,41860,H6,075,00277302,488,C,06075,+37.7272391,-123.0322294,06,41884,G4020,San Francisco,San Francisco County,06,2024-04-12,12.62144845265257,1712880000000,"{""type"":""MultiPoint"",""coordinates"":[]}"
833_00000000000000000021,1857233047,225282636,41860,H1,013,01675903,488,A,06013,+37.9194790,-121.9515431,06,36084,G4020,Contra Costa,Contra Costa County,06,2024-04-13,10.749043396327387,1712966400000,"{""type"":""MultiPoint"",""coordinates"":[]}"
833_00000000000000000023,1909598013,216923745,41860,H1,001,01675839,488,A,06001,+37.6471385,-121.9124880,06,36084,G4020,Alameda,Alameda County,06,2024-04-13,10.111906629570496,1712966400000,"{""type"":""MultiPoint"",""coordinates"":[]}"
833_0000000000000000001f,121375681,479216672,41860,H6,075,00277302,488,C,06075,+37.7272391,-123.0322294,06,41884,G4020,San Francisco,San Francisco County,06,2024-04-13,10.945581415005485,1712966400000,"{""type"":""MultiPoint"",""coordinates"":[]}"
834_00000000000000000021,1857233047,225282636,41860,H1,013,01675903,488,A,06013,+37.9194790,-121.9515431,06,36084,G4020,Contra Costa,Contra Costa County,06,2024-04-14,8.62570114797482,1713052800000,"{""type"":""MultiPoint"",""coordinates"":[]}"
834_00000000000000000023,1909598013,216923745,41860,H1,001,01675839,488,A,06001,+37.6471385,-121.9124880,06,36084,G4020,Alameda,Alameda County,06,2024-04-14,8.426205364576594,1713052800000,"{""type"":""MultiPoint"",""coordinates"":[]}"
834_0000000000000000001f,121375681,479216672,41860,H6,075,00277302,488,C,06075,+37.7272391,-123.0322294,06,41884,G4020,San Francisco,San Francisco County,06,2024-04-14,9.778860781809216,1713052800000,"{""type"":""MultiPoint"",""coordinates"":[]}"
835_00000000000000000021,1857233047,225282636,41860,H1,013,01675903,488,A,06013,+37.9194790,-121.9515431,06,36084,G4020,Contra Costa,Contra Costa County,06,2024-04-15,11.192202870610798,1713139200000,"{""type"":""MultiPoint"",""coordinates"":[]}"
835_00000000000000000023,1909598013,216923745,41860,H1,001,01675839,488,A,06001,+37.6471385,-121.9124880,06,36084,G4020,Alameda,Alameda County,06,2024-04-15,10.587863475988206,1713139200000,"{""type"":""MultiPoint"",""coordinates"":[]}"
835_0000000000000000001f,121375681,479216672,41860,H6,075,00277302,488,C,06075,+37.7272391,-123.0322294,06,41884,G4020,San Francisco,San Francisco County,06,2024-04-15,11.407596899016621,1713139200000,"{""type"":""MultiPoint"",""coordinates"":[]}"
836_00000000000000000021,1857233047,225282636,41860,H1,013,01675903,488,A,06013,+37.9194790,-121.9515431,06,36084,G4020,Contra Costa,Contra Costa County,06,2024-04-16,13.005024654015571,1713225600000,"{""type"":""MultiPoint"",""coordinates"":[]}"
836_00000000000000000023,1909598013,216923745,41860,H1,001,01675839,488,A,06001,+37.6471385,-121.9124880,06,36084,G4020,Alameda,Alameda County,06,2024-04-16,12.676471926036935,1713225600000,"{""type"":""MultiPoint"",""coordinates"":[]}"
836_0000000000000000001f,121375681,479216672,41860,H6,075,00277302,488,C,06075,+37.7272391,-123.0322294,06,41884,G4020,San Francisco,San Francisco County,06,2024-04-16,12.385309602797713,1713225600000,"{""type"":""MultiPoint"",""coordinates"":[]}"
837_00000000000000000021,1857233047,225282636,41860,H1,013,01675903,488,A,06013,+37.9194790,-121.9515431,06,36084,G4020,Contra Costa,Contra Costa County,06,2024-04-17,15.161933142999965,1713312000000,"{""type"":""MultiPoint"",""coordinates"":[]}"
837_00000000000000000023,1909598013,216923745,41860,H1,001,01675839,488,A,06001,+37.6471385,-121.9124880,06,36084,G4020,Alameda,Alameda County,06,2024-04-17,15.451275796618496,1713312000000,"{""type"":""MultiPoint"",""coordinates"":[]}"
837_0000000000000000001f,121375681,479216672,41860,H6,075,00277302,488,C,06075,+37.7272391,-123.0322294,06,41884,G4020,San Francisco,San Francisco County,06,2024-04-17,13.926479922257151,1713312000000,"{""type"":""MultiPoint"",""coordinates"":[]}"
838_00000000000000000021,1857233047,225282636,41860,H1,013,01675903,488,A,06013,+37.9194790,-121.9515431,06,36084,G4020,Contra Costa,Contra Costa County,06,2024-04-18,16.69458516648816,1713398400000,"{""type"":""MultiPoint"",""coordinates"":[]}"
838_00000000000000000023,1909598013,216923745,41860,H1,001,01675839,488,A,06001,+37.6471385,-121.9124880,06,36084,G4020,Alameda,Alameda County,06,2024-04-18,17.272363763948757,1713398400000,"{""type"":""MultiPoint"",""coordinates"":[]}"
838_0000000000000000001f,121375681,479216672,41860,H6,075,00277302,488,C,06075,+37.7272391,-123.0322294,06,41884,G4020,San Francisco,San Francisco County,06,2024-04-18,14.813171743101517,1713398400000,"{""type"":""MultiPoint"",""coordinates"":[]}"
839_00000000000000000021,1857233047,225282636,41860,H1,013,01675903,488,A,06013,+37.9194790,-121.9515431,06,36084,G4020,Contra Costa,Contra Costa County,06,2024-04-19,14.875965108422724,1713484800000,"{""type"":""MultiPoint"",""coordinates"":[]}"
839_00000000000000000023,1909598013,216923745,41860,H1,001,01675839,488,A,06001,+37.6471385,-121.9124880,06,36084,G4020,Alameda,Alameda County,06,2024-04-19,14.425471307876398,1713484800000,"{""type"":""MultiPoint"",""coordinates"":[]}"
839_0000000000000000001f,121375681,479216672,41860,H6,075,00277302,488,C,06075,+37.7272391,-123.0322294,06,41884,G4020,San Francisco,San Francisco County,06,2024-04-19,12.81161192913046,1713484800000,"{""type"":""MultiPoint"",""coordinates"":[]}"
840_00000000000000000021,1857233047,225282636,41860,H1,013,01675903,488,A,06013,+37.9194790,-121.9515431,06,36084,G4020,Contra Costa,Contra Costa County,06,2024-04-20,14.689210145902186,1713571200000,"{""type"":""MultiPoint"",""coordinates"":[]}"
840_00000000000000000023,1909598013,216923745,41860,H1,001,01675839,488,A,06001,+37.6471385,-121.9124880,06,36084,G4020,Alameda,Alameda County,06,2024-04-20,14.088889070942697,1713571200000,"{""type"":""MultiPoint"",""coordinates"":[]}"
840_0000000000000000001f,121375681,479216672,41860,H6,075,00277302,488,C,06075,+37.7272391,-123.0322294,06,41884,G4020,San Francisco,San Francisco County,06,2024-04-20,13.253520999763365,1713571200000,"{""type"":""MultiPoint"",""coordinates"":[]}"
841_00000000000000000021,1857233047,225282636,41860,H1,013,01675903,488,A,06013,+37.9194790,-121.9515431,06,36084,G4020,Contra Costa,Contra Costa County,06,2024-04-21,15.983399519975348,1713657600000,"{""type"":""MultiPoint"",""coordinates"":[]}"
841_00000000000000000023,1909598013,216923745,41860,H1,001,01675839,488,A,06001,+37.6471385,-121.9124880,06,36084,G4020,Alameda,Alameda County,06,2024-04-21,15.290503085673546,1713657600000,"{""type"":""MultiPoint"",""coordinates"":[]}"
841_0000000000000000001f,121375681,479216672,41860,H6,075,00277302,488,C,06075,+37.7272391,-123.0322294,06,41884,G4020,San Francisco,San Francisco County,06,2024-04-21,14.756691853113171,1713657600000,"{""type"":""MultiPoint"",""coordinates"":[]}"
842_00000000000000000021,1857233047,225282636,41860,H1,013,01675903,488,A,06013,+37.9194790,-121.9515431,06,36084,G4020,Contra Costa,Contra Costa County,06,2024-04-22,18.006875590340965,1713744000000,"{""type"":""MultiPoint"",""coordinates"":[]}"
842_00000000000000000023,1909598013,216923745,41860,H1,001,01675839,488,A,06001,+37.6471385,-121.9124880,06,36084,G4020,Alameda,Alameda County,06,2024-04-22,18.484368461309053,1713744000000,"{""type"":""MultiPoint"",""coordinates"":[]}"
842_0000000000000000001f,121375681,479216672,41860,H6,075,00277302,488,C,06075,+37.7272391,-123.0322294,06,41884,G4020,San Francisco,San Francisco County,06,2024-04-22,15.488630957391345,1713744000000,"{""type"":""MultiPoint"",""coordinates"":[]}"
843_00000000000000000021,1857233047,225282636,41860,H1,013,01675903,488,A,06013,+37.9194790,-121.9515431,06,36084,G4020,Contra Costa,Contra Costa County,06,2024-04-23,14.787870161944731,1713830400000,"{""type"":""MultiPoint"",""coordinates"":[]}"
843_00000000000000000023,1909598013,216923745,41860,H1,001,01675839,488,A,06001,+37.6471385,-121.9124880,06,36084,G4020,Alameda,Alameda County,06,2024-04-23,14.116585541864964,1713830400000,"{""type"":""MultiPoint"",""coordinates"":[]}"
843_0000000000000000001f,121375681,479216672,41860,H6,075,00277302,488,C,06075,+37.7272391,-123.0322294,06,41884,G4020,San Francisco,San Francisco County,06,2024-04-23,13.3978208063496,1713830400000,"{""type"":""MultiPoint"",""coordinates"":[]}"
844_00000000000000000021,1857233047,225282636,41860,H1,013,01675903,488,A,06013,+37.9194790,-121.9515431,06,36084,G4020,Contra Costa,Contra Costa County,06,2024-04-24,13.816028937053213,1713916800000,"{""type"":""MultiPoint"",""coordinates"":[]}"
844_00000000000000000023,1909598013,216923745,41860,H1,001,01675839,488,A,06001,+37.6471385,-121.9124880,06,36084,G4020,Alameda,Alameda County,06,2024-04-24,13.173184142216053,1713916800000,"{""type"":""MultiPoint"",""coordinates"":[]}"
844_0000000000000000001f,121375681,479216672,41860,H6,075,00277302,488,C,06075,+37.7272391,-123.0322294,06,41884,G4020,San Francisco,San Francisco County,06,2024-04-24,13.799388307267675,1713916800000,"{""type"":""MultiPoint"",""coordinates"":[]}"
845_00000000000000000021,1857233047,225282636,41860,H1,013,01675903,488,A,06013,+37.9194790,-121.9515431,06,36084,G4020,Contra Costa,Contra Costa County,06,2024-04-25,13.414269772271373,1714003200000,"{""type"":""MultiPoint"",""coordinates"":[]}"
845_00000000000000000023,1909598013,216923745,41860,H1,001,01675839,488,A,06001,+37.6471385,-121.9124880,06,36084,G4020,Alameda,Alameda County,06,2024-04-25,12.583449732466788,1714003200000,"{""type"":""MultiPoint"",""coordinates"":[]}"
845_0000000000000000001f,121375681,479216672,41860,H6,075,00277302,488,C,06075,+37.7272391,-123.0322294,06,41884,G4020,San Francisco,San Francisco County,06,2024-04-25,12.918255406668102,1714003200000,"{""type"":""MultiPoint"",""coordinates"":[]}"
846_00000000000000000021,1857233047,225282636,41860,H1,013,01675903,488,A,06013,+37.9194790,-121.9515431,06,36084,G4020,Contra Costa,Contra Costa County,06,2024-04-26,13.721447915734714,1714089600000,"{""type"":""MultiPoint"",""coordinates"":[]}"
846_00000000000000000023,1909598013,216923745,41860,H1,001,01675839,488,A,06001,+37.6471385,-121.9124880,06,36084,G4020,Alameda,Alameda County,06,2024-04-26,12.610911309740793,1714089600000,"{""type"":""MultiPoint"",""coordinates"":[]}"
846_0000000000000000001f,121375681,479216672,41860,H6,075,00277302,488,C,06075,+37.7272391,-123.0322294,06,41884,G4020,San Francisco,San Francisco County,06,2024-04-26,13.658079560290311,1714089600000,"{""type"":""MultiPoint"",""coordinates"":[]}"
847_00000000000000000021,1857233047,225282636,41860,H1,013,01675903,488,A,06013,+37.9194790,-121.9515431,06,36084,G4020,Contra Costa,Contra Costa County,06,2024-04-27,13.393513355986226,1714176000000,"{""type"":""MultiPoint"",""coordinates"":[]}"
847_00000000000000000023,1909598013,216923745,41860,H1,001,01675839,488,A,06001,+37.6471385,-121.9124880,06,36084,G4020,Alameda,Alameda County,06,2024-04-27,12.241938129679715,1714176000000,"{""type"":""MultiPoint"",""coordinates"":[]}"
847_0000000000000000001f,121375681,479216672,41860,H6,075,00277302,488,C,06075,+37.7272391,-123.0322294,06,41884,G4020,San Francisco,San Francisco County,06,2024-04-27,12.801720794195711,1714176000000,"{""type"":""MultiPoint"",""coordinates"":[]}"
848_00000000000000000021,1857233047,225282636,41860,H1,013,01675903,488,A,06013,+37.9194790,-121.9515431,06,36084,G4020,Contra Costa,Contra Costa County,06,2024-04-28,14.836192714143955,1714262400000,"{""type"":""MultiPoint"",""coordinates"":[]}"
848_00000000000000000023,1909598013,216923745,41860,H1,001,01675839,488,A,06001,+37.6471385,-121.9124880,06,36084,G4020,Alameda,Alameda County,06,2024-04-28,13.281104940443159,1714262400000,"{""type"":""MultiPoint"",""coordinates"":[]}"
848_0000000000000000001f,121375681,479216672,41860,H6,075,00277302,488,C,06075,+37.7272391,-123.0322294,06,41884,G4020,San Francisco,San Francisco County,06,2024-04-28,14.006294726157215,1714262400000,"{""type"":""MultiPoint"",""coordinates"":[]}"
849_00000000000000000021,1857233047,225282636,41860,H1,013,01675903,488,A,06013,+37.9194790,-121.9515431,06,36084,G4020,Contra Costa,Contra Costa County,06,2024-04-29,14.817255832176437,1714348800000,"{""type"":""MultiPoint"",""coordinates"":[]}"
849_00000000000000000023,1909598013,216923745,41860,H1,001,01675839,488,A,06001,+37.6471385,-121.9124880,06,36084,G4020,Alameda,Alameda County,06,2024-04-29,13.144853889655028,1714348800000,"{""type"":""MultiPoint"",""coordinates"":[]}"
849_0000000000000000001f,121375681,479216672,41860,H6,075,00277302,488,C,06075,+37.7272391,-123.0322294,06,41884,G4020,San Francisco,San Francisco County,06,2024-04-29,13.832049987517536,1714348800000,"{""type"":""MultiPoint"",""coordinates"":[]}"
850_00000000000000000021,1857233047,225282636,41860,H1,013,01675903,488,A,06013,+37.9194790,-121.9515431,06,36084,G4020,Contra Costa,Contra Costa County,06,2024-04-30,14.645673959584864,1714435200000,"{""type"":""MultiPoint"",""coordinates"":[]}"
850_00000000000000000023,1909598013,216923745,41860,H1,001,01675839,488,A,06001,+37.6471385,-121.9124880,06,36084,G4020,Alameda,Alameda County,06,2024-04-30,13.06183072962763,1714435200000,"{""type"":""MultiPoint"",""coordinates"":[]}"
850_0000000000000000001f,121375681,479216672,41860,H6,075,00277302,488,C,06075,+37.7272391,-123.0322294,06,41884,G4020,San Francisco,San Francisco County,06,2024-04-30,13.432337798186872,1714435200000,"{""type"":""MultiPoint"",""coordinates"":[]}"
851_00000000000000000021,1857233047,225282636,41860,H1,013,01675903,488,A,06013,+37.9194790,-121.9515431,06,36084,G4020,Contra Costa,Contra Costa County,06,2024-05-01,16.045052413686843,1714521600000,"{""type"":""MultiPoint"",""coordinates"":[]}"
851_00000000000000000023,1909598013,216923745,41860,H1,001,01675839,488,A,06001,+37.6471385,-121.9124880,06,36084,G4020,Alameda,Alameda County,06,2024-05-01,14.81215820764605,1714521600000,"{""type"":""MultiPoint"",""coordinates"":[]}"
851_0000000000000000001f,121375681,479216672,41860,H6,075,00277302,488,C,06075,+37.7272391,-123.0322294,06,41884,G4020,San Francisco,San Francisco County,06,2024-05-01,14.419074729117654,1714521600000,"{""type"":""MultiPoint"",""coordinates"":[]}"
852_00000000000000000021,1857233047,225282636,41860,H1,013,01675903,488,A,06013,+37.9194790,-121.9515431,06,36084,G4020,Contra Costa,Contra Costa County,06,2024-05-02,17.041905962463698,1714608000000,"{""type"":""MultiPoint"",""coordinates"":[]}"
852_00000000000000000023,1909598013,216923745,41860,H1,001,01675839,488,A,06001,+37.6471385,-121.9124880,06,36084,G4020,Alameda,Alameda County,06,2024-05-02,16.122283165478937,1714608000000,"{""type"":""MultiPoint"",""coordinates"":[]}"
852_0000000000000000001f,121375681,479216672,41860,H6,075,00277302,488,C,06075,+37.7272391,-123.0322294,06,41884,G4020,San Francisco,San Francisco County,06,2024-05-02,16.04879933129122,1714608000000,"{""type"":""MultiPoint"",""coordinates"":[]}"
853_00000000000000000021,1857233047,225282636,41860,H1,013,01675903,488,A,06013,+37.9194790,-121.9515431,06,36084,G4020,Contra Costa,Contra Costa County,06,2024-05-03,17.13597158755151,1714694400000,"{""type"":""MultiPoint"",""coordinates"":[]}"
853_00000000000000000023,1909598013,216923745,41860,H1,001,01675839,488,A,06001,+37.6471385,-121.9124880,06,36084,G4020,Alameda,Alameda County,06,2024-05-03,15.440714039504766,1714694400000,"{""type"":""MultiPoint"",""coordinates"":[]}"
853_0000000000000000001f,121375681,479216672,41860,H6,075,00277302,488,C,06075,+37.7272391,-123.0322294,06,41884,G4020,San Francisco,San Francisco County,06,2024-05-03,15.093103438081645,1714694400000,"{""type"":""MultiPoint"",""coordinates"":[]}"
854_00000000000000000021,1857233047,225282636,41860,H1,013,01675903,488,A,06013,+37.9194790,-121.9515431,06,36084,G4020,Contra Costa,Contra Costa County,06,2024-05-04,12.93217656333785,1714780800000,"{""type"":""MultiPoint"",""coordinates"":[]}"
854_00000000000000000023,1909598013,216923745,41860,H1,001,01675839,488,A,06001,+37.6471385,-121.9124880,06,36084,G4020,Alameda,Alameda County,06,2024-05-04,11.814927389986988,1714780800000,"{""type"":""MultiPoint"",""coordinates"":[]}"
854_0000000000000000001f,121375681,479216672,41860,H6,075,00277302,488,C,06075,+37.7272391,-123.0322294,06,41884,G4020,San Francisco,San Francisco County,06,2024-05-04,12.294431827577162,1714780800000,"{""type"":""MultiPoint"",""coordinates"":[]}"
855_00000000000000000021,1857233047,225282636,41860,H1,013,01675903,488,A,06013,+37.9194790,-121.9515431,06,36084,G4020,Contra Costa,Contra Costa County,06,2024-05-05,10.063158840378785,1714867200000,"{""type"":""MultiPoint"",""coordinates"":[]}"
855_00000000000000000023,1909598013,216923745,41860,H1,001,01675839,488,A,06001,+37.6471385,-121.9124880,06,36084,G4020,Alameda,Alameda County,06,2024-05-05,9.09699780097394,1714867200000,"{""type"":""MultiPoint"",""coordinates"":[]}"
855_0000000000000000001f,121375681,479216672,41860,H6,075,00277302,488,C,06075,+37.7272391,-123.0322294,06,41884,G4020,San Francisco,San Francisco County,06,2024-05-05,10.263408198255195,1714867200000,"{""type"":""MultiPoint"",""coordinates"":[]}"
856_00000000000000000021,1857233047,225282636,41860,H1,013,01675903,488,A,06013,+37.9194790,-121.9515431,06,36084,G4020,Contra Costa,Contra Costa County,06,2024-05-06,11.506445362070874,1714953600000,"{""type"":""MultiPoint"",""coordinates"":[]}"
856_00000000000000000023,1909598013,216923745,41860,H1,001,01675839,488,A,06001,+37.6471385,-121.9124880,06,36084,G4020,Alameda,Alameda County,06,2024-05-06,10.270568894527784,1714953600000,"{""type"":""MultiPoint"",""coordinates"":[]}"
856_0000000000000000001f,121375681,479216672,41860,H6,075,00277302,488,C,06075,+37.7272391,-123.0322294,06,41884,G4020,San Francisco,San Francisco County,06,2024-05-06,11.19868146526207,1714953600000,"{""type"":""MultiPoint"",""coordinates"":[]}"
857_00000000000000000021,1857233047,225282636,41860,H1,013,01675903,488,A,06013,+37.9194790,-121.9515431,06,36084,G4020,Contra Costa,Contra Costa County,06,2024-05-07,13.629144933987268,1715040000000,"{""type"":""MultiPoint"",""coordinates"":[]}"
857_00000000000000000023,1909598013,216923745,41860,H1,001,01675839,488,A,06001,+37.6471385,-121.9124880,06,36084,G4020,Alameda,Alameda County,06,2024-05-07,12.118573208053965,1715040000000,"{""type"":""MultiPoint"",""coordinates"":[]}"
857_0000000000000000001f,121375681,479216672,41860,H6,075,00277302,488,C,06075,+37.7272391,-123.0322294,06,41884,G4020,San Francisco,San Francisco County,06,2024-05-07,12.7778912092316,1715040000000,"{""type"":""MultiPoint"",""coordinates"":[]}"
858_00000000000000000021,1857233047,225282636,41860,H1,013,01675903,488,A,06013,+37.9194790,-121.9515431,06,36084,G4020,Contra Costa,Contra Costa County,06,2024-05-08,16.715554183495588,1715126400000,"{""type"":""MultiPoint"",""coordinates"":[]}"
858_00000000000000000023,1909598013,216923745,41860,H1,001,01675839,488,A,06001,+37.6471385,-121.9124880,06,36084,G4020,Alameda,Alameda County,06,2024-05-08,15.33028832266282,1715126400000,"{""type"":""MultiPoint"",""coordinates"":[]}"
858_0000000000000000001f,121375681,479216672,41860,H6,075,00277302,488,C,06075,+37.7272391,-123.0322294,06,41884,G4020,San Francisco,San Francisco County,06,2024-05-08,15.892577393050376,1715126400000,"{""type"":""MultiPoint"",""coordinates"":[]}"
859_00000000000000000021,1857233047,225282636,41860,H1,013,01675903,488,A,06013,+37.9194790,-121.9515431,06,36084,G4020,Contra Costa,Contra Costa County,06,2024-05-09,19.488351888786415,1715212800000,"{""type"":""MultiPoint"",""coordinates"":[]}"
859_00000000000000000023,1909598013,216923745,41860,H1,001,01675839,488,A,06001,+37.6471385,-121.9124880,06,36084,G4020,Alameda,Alameda County,06,2024-05-09,18.45975450665364,1715212800000,"{""type"":""MultiPoint"",""coordinates"":[]}"
859_0000000000000000001f,121375681,479216672,41860,H6,075,00277302,488,C,06075,+37.7272391,-123.0322294,06,41884,G4020,San Francisco,San Francisco County,06,2024-05-09,19.35974587391918,1715212800000,"{""type"":""MultiPoint"",""coordinates"":[]}"
860_00000000000000000021,1857233047,225282636,41860,H1,013,01675903,488,A,06013,+37.9194790,-121.9515431,06,36084,G4020,Contra Costa,Contra Costa County,06,2024-05-10,19.94775616855926,1715299200000,"{""type"":""MultiPoint"",""coordinates"":[]}"
860_00000000000000000023,1909598013,216923745,41860,H1,001,01675839,488,A,06001,+37.6471385,-121.9124880,06,36084,G4020,Alameda,Alameda County,06,2024-05-10,19.52777712827062,1715299200000,"{""type"":""MultiPoint"",""coordinates"":[]}"
860_0000000000000000001f,121375681,479216672,41860,H6,075,00277302,488,C,06075,+37.7272391,-123.0322294,06,41884,G4020,San Francisco,San Francisco County,06,2024-05-10,17.81326198737753,1715299200000,"{""type"":""MultiPoint"",""coordinates"":[]}"
861_00000000000000000021,1857233047,225282636,41860,H1,013,01675903,488,A,06013,+37.9194790,-121.9515431,06,36084,G4020,Contra Costa,Contra Costa County,06,2024-05-11,20.079197242097276,1715385600000,"{""type"":""MultiPoint"",""coordinates"":[]}"
861_00000000000000000023,1909598013,216923745,41860,H1,001,01675839,488,A,06001,+37.6471385,-121.9124880,06,36084,G4020,Alameda,Alameda County,06,2024-05-11,19.57506959096226,1715385600000,"{""type"":""MultiPoint"",""coordinates"":[]}"
861_0000000000000000001f,121375681,479216672,41860,H6,075,00277302,488,C,06075,+37.7272391,-123.0322294,06,41884,G4020,San Francisco,San Francisco County,06,2024-05-11,16.891996127632204,1715385600000,"{""type"":""MultiPoint"",""coordinates"":[]}"
862_00000000000000000021,1857233047,225282636,41860,H1,013,01675903,488,A,06013,+37.9194790,-121.9515431,06,36084,G4020,Contra Costa,Contra Costa County,06,2024-05-12,18.14341999595631,1715472000000,"{""type"":""MultiPoint"",""coordinates"":[]}"
862_00000000000000000023,1909598013,216923745,41860,H1,001,01675839,488,A,06001,+37.6471385,-121.9124880,06,36084,G4020,Alameda,Alameda County,06,2024-05-12,17.906582299201965,1715472000000,"{""type"":""MultiPoint"",""coordinates"":[]}"
862_0000000000000000001f,121375681,479216672,41860,H6,075,00277302,488,C,06075,+37.7272391,-123.0322294,06,41884,G4020,San Francisco,San Francisco County,06,2024-05-12,14.838841687072724,1715472000000,"{""type"":""MultiPoint"",""coordinates"":[]}"
863_00000000000000000021,1857233047,225282636,41860,H1,013,01675903,488,A,06013,+37.9194790,-121.9515431,06,36084,G4020,Contra Costa,Contra Costa County,06,2024-05-13,16.298009261141893,1715558400000,"{""type"":""MultiPoint"",""coordinates"":[]}"
863_00000000000000000023,1909598013,216923745,41860,H1,001,01675839,488,A,06001,+37.6471385,-121.9124880,06,36084,G4020,Alameda,Alameda County,06,2024-05-13,16.30329257731048,1715558400000,"{""type"":""MultiPoint"",""coordinates"":[]}"
863_0000000000000000001f,121375681,479216672,41860,H6,075,00277302,488,C,06075,+37.7272391,-123.0322294,06,41884,G4020,San Francisco,San Francisco County,06,2024-05-13,13.210377675098924,1715558400000,"{""type"":""MultiPoint"",""coordinates"":[]}"
864_00000000000000000021,1857233047,225282636,41860,H1,013,01675903,488,A,06013,+37.9194790,-121.9515431,06,36084,G4020,Contra Costa,Contra Costa County,06,2024-05-14,16.037054869367605,1715644800000,"{""type"":""MultiPoint"",""coordinates"":[]}"
864_00000000000000000023,1909598013,216923745,41860,H1,001,01675839,488,A,06001,+37.6471385,-121.9124880,06,36084,G4020,Alameda,Alameda County,06,2024-05-14,16.385194691470424,1715644800000,"{""type"":""MultiPoint"",""coordinates"":[]}"
864_0000000000000000001f,121375681,479216672,41860,H6,075,00277302,488,C,06075,+37.7272391,-123.0322294,06,41884,G4020,San Francisco,San Francisco County,06,2024-05-14,13.227443716958009,1715644800000,"{""type"":""MultiPoint"",""coordinates"":[]}"
865_00000000000000000021,1857233047,225282636,41860,H1,013,01675903,488,A,06013,+37.9194790,-121.9515431,06,36084,G4020,Contra Costa,Contra Costa County,06,2024-05-15,16.86608227569021,1715731200000,"{""type"":""MultiPoint"",""coordinates"":[]}"
865_00000000000000000023,1909598013,216923745,41860,H1,001,01675839,488,A,06001,+37.6471385,-121.9124880,06,36084,G4020,Alameda,Alameda County,06,2024-05-15,17.37888887618938,1715731200000,"{""type"":""MultiPoint"",""coordinates"":[]}"
865_0000000000000000001f,121375681,479216672,41860,H6,075,00277302,488,C,06075,+37.7272391,-123.0322294,06,41884,G4020,San Francisco,San Francisco County,06,2024-05-15,13.49821462551295,1715731200000,"{""type"":""MultiPoint"",""coordinates"":[]}"
866_00000000000000000021,1857233047,225282636,41860,H1,013,01675903,488,A,06013,+37.9194790,-121.9515431,06,36084,G4020,Contra Costa,Contra Costa County,06,2024-05-16,16.14869147447632,1715817600000,"{""type"":""MultiPoint"",""coordinates"":[]}"
866_00000000000000000023,1909598013,216923745,41860,H1,001,01675839,488,A,06001,+37.6471385,-121.9124880,06,36084,G4020,Alameda,Alameda County,06,2024-05-16,16.919509938562165,1715817600000,"{""type"":""MultiPoint"",""coordinates"":[]}"
866_0000000000000000001f,121375681,479216672,41860,H6,075,00277302,488,C,06075,+37.7272391,-123.0322294,06,41884,G4020,San Francisco,San Francisco County,06,2024-05-16,13.235743295508499,1715817600000,"{""type"":""MultiPoint"",""coordinates"":[]}"
867_00000000000000000021,1857233047,225282636,41860,H1,013,01675903,488,A,06013,+37.9194790,-121.9515431,06,36084,G4020,Contra Costa,Contra Costa County,06,2024-05-17,15.772878802497548,1715904000000,"{""type"":""MultiPoint"",""coordinates"":[]}"
867_00000000000000000023,1909598013,216923745,41860,H1,001,01675839,488,A,06001,+37.6471385,-121.9124880,06,36084,G4020,Alameda,Alameda County,06,2024-05-17,16.172648203219868,1715904000000,"{""type"":""MultiPoint"",""coordinates"":[]}"
867_0000000000000000001f,121375681,479216672,41860,H6,075,00277302,488,C,06075,+37.7272391,-123.0322294,06,41884,G4020,San Francisco,San Francisco County,06,2024-05-17,13.330747654544112,1715904000000,"{""type"":""MultiPoint"",""coordinates"":[]}"
868_00000000000000000021,1857233047,225282636,41860,H1,013,01675903,488,A,06013,+37.9194790,-121.9515431,06,36084,G4020,Contra Costa,Contra Costa County,06,2024-05-18,16.317427226480987,1715990400000,"{""type"":""MultiPoint"",""coordinates"":[]}"
868_00000000000000000023,1909598013,216923745,41860,H1,001,01675839,488,A,06001,+37.6471385,-121.9124880,06,36084,G4020,Alameda,Alameda County,06,2024-05-18,16.463630274928335,1715990400000,"{""type"":""MultiPoint"",""coordinates"":[]}"
868_0000000000000000001f,121375681,479216672,41860,H6,075,00277302,488,C,06075,+37.7272391,-123.0322294,06,41884,G4020,San Francisco,San Francisco County,06,2024-05-18,13.612719723119199,1715990400000,"{""type"":""MultiPoint"",""coordinates"":[]}"
869_00000000000000000021,1857233047,225282636,41860,H1,013,01675903,488,A,06013,+37.9194790,-121.9515431,06,36084,G4020,Contra Costa,Contra Costa County,06,2024-05-19,15.741385141334856,1716076800000,"{""type"":""MultiPoint"",""coordinates"":[]}"
869_00000000000000000023,1909598013,216923745,41860,H1,001,01675839,488,A,06001,+37.6471385,-121.9124880,06,36084,G4020,Alameda,Alameda County,06,2024-05-19,15.531213766137684,1716076800000,"{""type"":""MultiPoint"",""coordinates"":[]}"
869_0000000000000000001f,121375681,479216672,41860,H6,075,00277302,488,C,06075,+37.7272391,-123.0322294,06,41884,G4020,San Francisco,San Francisco County,06,2024-05-19,13.696108945087827,1716076800000,"{""type"":""MultiPoint"",""coordinates"":[]}"
870_00000000000000000021,1857233047,225282636,41860,H1,013,01675903,488,A,06013,+37.9194790,-121.9515431,06,36084,G4020,Contra Costa,Contra Costa County,06,2024-05-20,16.743739336956292,1716163200000,"{""type"":""MultiPoint"",""coordinates"":[]}"
870_00000000000000000023,1909598013,216923745,41860,H1,001,01675839,488,A,06001,+37.6471385,-121.9124880,06,36084,G4020,Alameda,Alameda County,06,2024-05-20,15.59209656706721,1716163200000,"{""type"":""MultiPoint"",""coordinates"":[]}"
870_0000000000000000001f,121375681,479216672,41860,H6,075,00277302,488,C,06075,+37.7272391,-123.0322294,06,41884,G4020,San Francisco,San Francisco County,06,2024-05-20,14.662203812491597,1716163200000,"{""type"":""MultiPoint"",""coordinates"":[]}"
871_00000000000000000021,1857233047,225282636,41860,H1,013,01675903,488,A,06013,+37.9194790,-121.9515431,06,36084,G4020,Contra Costa,Contra Costa County,06,2024-05-21,18.63656338927184,1716249600000,"{""type"":""MultiPoint"",""coordinates"":[]}"
871_00000000000000000023,1909598013,216923745,41860,H1,001,01675839,488,A,06001,+37.6471385,-121.9124880,06,36084,G4020,Alameda,Alameda County,06,2024-05-21,17.58738466608415,1716249600000,"{""type"":""MultiPoint"",""coordinates"":[]}"
871_0000000000000000001f,121375681,479216672,41860,H6,075,00277302,488,C,06075,+37.7272391,-123.0322294,06,41884,G4020,San Francisco,San Francisco County,06,2024-05-21,16.46541232410978,1716249600000,"{""type"":""MultiPoint"",""coordinates"":[]}"
872_00000000000000000021,1857233047,225282636,41860,H1,013,01675903,488,A,06013,+37.9194790,-121.9515431,06,36084,G4020,Contra Costa,Contra Costa County,06,2024-05-22,19.038110262406303,1716336000000,"{""type"":""MultiPoint"",""coordinates"":[]}"
872_00000000000000000023,1909598013,216923745,41860,H1,001,01675839,488,A,06001,+37.6471385,-121.9124880,06,36084,G4020,Alameda,Alameda County,06,2024-05-22,17.808065363940408,1716336000000,"{""type"":""MultiPoint"",""coordinates"":[]}"
872_0000000000000000001f,121375681,479216672,41860,H6,075,00277302,488,C,06075,+37.7272391,-123.0322294,06,41884,G4020,San Francisco,San Francisco County,06,2024-05-22,16.942376381869803,1716336000000,"{""type"":""MultiPoint"",""coordinates"":[]}"
873_00000000000000000021,1857233047,225282636,41860,H1,013,01675903,488,A,06013,+37.9194790,-121.9515431,06,36084,G4020,Contra Costa,Contra Costa County,06,2024-05-23,18.512166853021405,1716422400000,"{""type"":""MultiPoint"",""coordinates"":[]}"
873_00000000000000000023,1909598013,216923745,41860,H1,001,01675839,488,A,06001,+37.6471385,-121.9124880,06,36084,G4020,Alameda,Alameda County,06,2024-05-23,16.81782164912486,1716422400000,"{""type"":""MultiPoint"",""coordinates"":[]}"
873_0000000000000000001f,121375681,479216672,41860,H6,075,00277302,488,C,06075,+37.7272391,-123.0322294,06,41884,G4020,San Francisco,San Francisco County,06,2024-05-23,16.135326179883194,1716422400000,"{""type"":""MultiPoint"",""coordinates"":[]}"
874_00000000000000000021,1857233047,225282636,41860,H1,013,01675903,488,A,06013,+37.9194790,-121.9515431,06,36084,G4020,Contra Costa,Contra Costa County,06,2024-05-24,15.237835038715025,1716508800000,"{""type"":""MultiPoint"",""coordinates"":[]}"
874_00000000000000000023,1909598013,216923745,41860,H1,001,01675839,488,A,06001,+37.6471385,-121.9124880,06,36084,G4020,Alameda,Alameda County,06,2024-05-24,13.885784147046113,1716508800000,"{""type"":""MultiPoint"",""coordinates"":[]}"
874_0000000000000000001f,121375681,479216672,41860,H6,075,00277302,488,C,06075,+37.7272391,-123.0322294,06,41884,G4020,San Francisco,San Francisco County,06,2024-05-24,13.261484875116425,1716508800000,"{""type"":""MultiPoint"",""coordinates"":[]}"
875_00000000000000000021,1857233047,225282636,41860,H1,013,01675903,488,A,06013,+37.9194790,-121.9515431,06,36084,G4020,Contra Costa,Contra Costa County,06,2024-05-25,13.962630752780633,1716595200000,"{""type"":""MultiPoint"",""coordinates"":[]}"
875_00000000000000000023,1909598013,216923745,41860,H1,001,01675839,488,A,06001,+37.6471385,-121.9124880,06,36084,G4020,Alameda,Alameda County,06,2024-05-25,12.903174635349538,1716595200000,"{""type"":""MultiPoint"",""coordinates"":[]}"
875_0000000000000000001f,121375681,479216672,41860,H6,075,00277302,488,C,06075,+37.7272391,-123.0322294,06,41884,G4020,San Francisco,San Francisco County,06,2024-05-25,12.828196415264802,1716595200000,"{""type"":""MultiPoint"",""coordinates"":[]}"
876_00000000000000000021,1857233047,225282636,41860,H1,013,01675903,488,A,06013,+37.9194790,-121.9515431,06,36084,G4020,Contra Costa,Contra Costa County,06,2024-05-26,15.027306329670328,1716681600000,"{""type"":""MultiPoint"",""coordinates"":[]}"
876_00000000000000000023,1909598013,216923745,41860,H1,001,01675839,488,A,06001,+37.6471385,-121.9124880,06,36084,G4020,Alameda,Alameda County,06,2024-05-26,13.985198535417693,1716681600000,"{""type"":""MultiPoint"",""coordinates"":[]}"
876_0000000000000000001f,121375681,479216672,41860,H6,075,00277302,488,C,06075,+37.7272391,-123.0322294,06,41884,G4020,San Francisco,San Francisco County,06,2024-05-26,13.240584277922247,1716681600000,"{""type"":""MultiPoint"",""coordinates"":[]}"
877_00000000000000000021,1857233047,225282636,41860,H1,013,01675903,488,A,06013,+37.9194790,-121.9515431,06,36084,G4020,Contra Costa,Contra Costa County,06,2024-05-27,17.031090115089235,1716768000000,"{""type"":""MultiPoint"",""coordinates"":[]}"
877_00000000000000000023,1909598013,216923745,41860,H1,001,01675839,488,A,06001,+37.6471385,-121.9124880,06,36084,G4020,Alameda,Alameda County,06,2024-05-27,16.29501566225835,1716768000000,"{""type"":""MultiPoint"",""coordinates"":[]}"
877_0000000000000000001f,121375681,479216672,41860,H6,075,00277302,488,C,06075,+37.7272391,-123.0322294,06,41884,G4020,San Francisco,San Francisco County,06,2024-05-27,14.166364448198122,1716768000000,"{""type"":""MultiPoint"",""coordinates"":[]}"
878_00000000000000000021,1857233047,225282636,41860,H1,013,01675903,488,A,06013,+37.9194790,-121.9515431,06,36084,G4020,Contra Costa,Contra Costa County,06,2024-05-28,16.931541821210462,1716854400000,"{""type"":""MultiPoint"",""coordinates"":[]}"
878_00000000000000000023,1909598013,216923745,41860,H1,001,01675839,488,A,06001,+37.6471385,-121.9124880,06,36084,G4020,Alameda,Alameda County,06,2024-05-28,16.262825368085647,1716854400000,"{""type"":""MultiPoint"",""coordinates"":[]}"
878_0000000000000000001f,121375681,479216672,41860,H6,075,00277302,488,C,06075,+37.7272391,-123.0322294,06,41884,G4020,San Francisco,San Francisco County,06,2024-05-28,14.39468351913838,1716854400000,"{""type"":""MultiPoint"",""coordinates"":[]}"
879_00000000000000000021,1857233047,225282636,41860,H1,013,01675903,488,A,06013,+37.9194790,-121.9515431,06,36084,G4020,Contra Costa,Contra Costa County,06,2024-05-29,19.03634910460659,1716940800000,"{""type"":""MultiPoint"",""coordinates"":[]}"
879_00000000000000000023,1909598013,216923745,41860,H1,001,01675839,488,A,06001,+37.6471385,-121.9124880,06,36084,G4020,Alameda,Alameda County,06,2024-05-29,17.330229853979205,1716940800000,"{""type"":""MultiPoint"",""coordinates"":[]}"
879_0000000000000000001f,121375681,479216672,41860,H6,075,00277302,488,C,06075,+37.7272391,-123.0322294,06,41884,G4020,San Francisco,San Francisco County,06,2024-05-29,16.979081443230807,1716940800000,"{""type"":""MultiPoint"",""coordinates"":[]}"
880_00000000000000000021,1857233047,225282636,41860,H1,013,01675903,488,A,06013,+37.9194790,-121.9515431,06,36084,G4020,Contra Costa,Contra Costa County,06,2024-05-30,21.07015332972583,1717027200000,"{""type"":""MultiPoint"",""coordinates"":[]}"
880_00000000000000000023,1909598013,216923745,41860,H1,001,01675839,488,A,06001,+37.6471385,-121.9124880,06,36084,G4020,Alameda,Alameda County,06,2024-05-30,20.28556109090329,1717027200000,"{""type"":""MultiPoint"",""coordinates"":[]}"
880_0000000000000000001f,121375681,479216672,41860,H6,075,00277302,488,C,06075,+37.7272391,-123.0322294,06,41884,G4020,San Francisco,San Francisco County,06,2024-05-30,18.07832675813326,1717027200000,"{""type"":""MultiPoint"",""coordinates"":[]}"
881_00000000000000000021,1857233047,225282636,41860,H1,013,01675903,488,A,06013,+37.9194790,-121.9515431,06,36084,G4020,Contra Costa,Contra Costa County,06,2024-05-31,21.716502237206036,1717113600000,"{""type"":""MultiPoint"",""coordinates"":[]}"
881_00000000000000000023,1909598013,216923745,41860,H1,001,01675839,488,A,06001,+37.6471385,-121.9124880,06,36084,G4020,Alameda,Alameda County,06,2024-05-31,21.489806324142045,1717113600000,"{""type"":""MultiPoint"",""coordinates"":[]}"
881_0000000000000000001f,121375681,479216672,41860,H6,075,00277302,488,C,06075,+37.7272391,-123.0322294,06,41884,G4020,San Francisco,San Francisco County,06,2024-05-31,17.662794903645135,1717113600000,"{""type"":""MultiPoint"",""coordinates"":[]}"
882_00000000000000000021,1857233047,225282636,41860,H1,013,01675903,488,A,06013,+37.9194790,-121.9515431,06,36084,G4020,Contra Costa,Contra Costa County,06,2024-06-01,18.86621777748561,1717200000000,"{""type"":""MultiPoint"",""coordinates"":[]}"
882_00000000000000000023,1909598013,216923745,41860,H1,001,01675839,488,A,06001,+37.6471385,-121.9124880,06,36084,G4020,Alameda,Alameda County,06,2024-06-01,18.009592457678753,1717200000000,"{""type"":""MultiPoint"",""coordinates"":[]}"
882_0000000000000000001f,121375681,479216672,41860,H6,075,00277302,488,C,06075,+37.7272391,-123.0322294,06,41884,G4020,San Francisco,San Francisco County,06,2024-06-01,15.797134968544286,1717200000000,"{""type"":""MultiPoint"",""coordinates"":[]}"
883_00000000000000000021,1857233047,225282636,41860,H1,013,01675903,488,A,06013,+37.9194790,-121.9515431,06,36084,G4020,Contra Costa,Contra Costa County,06,2024-06-02,18.201823324724778,1717286400000,"{""type"":""MultiPoint"",""coordinates"":[]}"
883_00000000000000000023,1909598013,216923745,41860,H1,001,01675839,488,A,06001,+37.6471385,-121.9124880,06,36084,G4020,Alameda,Alameda County,06,2024-06-02,16.388817427201882,1717286400000,"{""type"":""MultiPoint"",""coordinates"":[]}"
883_0000000000000000001f,121375681,479216672,41860,H6,075,00277302,488,C,06075,+37.7272391,-123.0322294,06,41884,G4020,San Francisco,San Francisco County,06,2024-06-02,15.992900628016747,1717286400000,"{""type"":""MultiPoint"",""coordinates"":[]}"
884_00000000000000000021,1857233047,225282636,41860,H1,013,01675903,488,A,06013,+37.9194790,-121.9515431,06,36084,G4020,Contra Costa,Contra Costa County,06,2024-06-03,19.22276724306883,1717372800000,"{""type"":""MultiPoint"",""coordinates"":[]}"
884_00000000000000000023,1909598013,216923745,41860,H1,001,01675839,488,A,06001,+37.6471385,-121.9124880,06,36084,G4020,Alameda,Alameda County,06,2024-06-03,17.398218580914378,1717372800000,"{""type"":""MultiPoint"",""coordinates"":[]}"
884_0000000000000000001f,121375681,479216672,41860,H6,075,00277302,488,C,06075,+37.7272391,-123.0322294,06,41884,G4020,San Francisco,San Francisco County,06,2024-06-03,16.469202565255305,1717372800000,"{""type"":""MultiPoint"",""coordinates"":[]}"
885_00000000000000000021,1857233047,225282636,41860,H1,013,01675903,488,A,06013,+37.9194790,-121.9515431,06,36084,G4020,Contra Costa,Contra Costa County,06,2024-06-04,21.233408372593154,1717459200000,"{""type"":""MultiPoint"",""coordinates"":[]}"
885_00000000000000000023,1909598013,216923745,41860,H1,001,01675839,488,A,06001,+37.6471385,-121.9124880,06,36084,G4020,Alameda,Alameda County,06,2024-06-04,19.78097705987212,1717459200000,"{""type"":""MultiPoint"",""coordinates"":[]}"
885_0000000000000000001f,121375681,479216672,41860,H6,075,00277302,488,C,06075,+37.7272391,-123.0322294,06,41884,G4020,San Francisco,San Francisco County,06,2024-06-04,18.211466929806527,1717459200000,"{""type"":""MultiPoint"",""coordinates"":[]}"
886_00000000000000000021,1857233047,225282636,41860,H1,013,01675903,488,A,06013,+37.9194790,-121.9515431,06,36084,G4020,Contra Costa,Contra Costa County,06,2024-06-05,26.178969963963727,1717545600000,"{""type"":""MultiPoint"",""coordinates"":[]}"
886_00000000000000000023,1909598013,216923745,41860,H1,001,01675839,488,A,06001,+37.6471385,-121.9124880,06,36084,G4020,Alameda,Alameda County,06,2024-06-05,25.011280196791144,1717545600000,"{""type"":""MultiPoint"",""coordinates"":[]}"
886_0000000000000000001f,121375681,479216672,41860,H6,075,00277302,488,C,06075,+37.7272391,-123.0322294,06,41884,G4020,San Francisco,San Francisco County,06,2024-06-05,21.883293738202255,1717545600000,"{""type"":""MultiPoint"",""coordinates"":[]}"
887_00000000000000000021,1857233047,225282636,41860,H1,013,01675903,488,A,06013,+37.9194790,-121.9515431,06,36084,G4020,Contra Costa,Contra Costa County,06,2024-06-06,23.530681210212094,1717632000000,"{""type"":""MultiPoint"",""coordinates"":[]}"
887_00000000000000000023,1909598013,216923745,41860,H1,001,01675839,488,A,06001,+37.6471385,-121.9124880,06,36084,G4020,Alameda,Alameda County,06,2024-06-06,23.743823788622247,1717632000000,"{""type"":""MultiPoint"",""coordinates"":[]}"
887_0000000000000000001f,121375681,479216672,41860,H6,075,00277302,488,C,06075,+37.7272391,-123.0322294,06,41884,G4020,San Francisco,San Francisco County,06,2024-06-06,17.967347896829295,1717632000000,"{""type"":""MultiPoint"",""coordinates"":[]}"
888_00000000000000000021,1857233047,225282636,41860,H1,013,01675903,488,A,06013,+37.9194790,-121.9515431,06,36084,G4020,Contra Costa,Contra Costa County,06,2024-06-07,20.12819799988074,1717718400000,"{""type"":""MultiPoint"",""coordinates"":[]}"
888_00000000000000000023,1909598013,216923745,41860,H1,001,01675839,488,A,06001,+37.6471385,-121.9124880,06,36084,G4020,Alameda,Alameda County,06,2024-06-07,21.045959643803513,1717718400000,"{""type"":""MultiPoint"",""coordinates"":[]}"
888_0000000000000000001f,121375681,479216672,41860,H6,075,00277302,488,C,06075,+37.7272391,-123.0322294,06,41884,G4020,San Francisco,San Francisco County,06,2024-06-07,15.515685761904908,1717718400000,"{""type"":""MultiPoint"",""coordinates"":[]}"
889_00000000000000000021,1857233047,225282636,41860,H1,013,01675903,488,A,06013,+37.9194790,-121.9515431,06,36084,G4020,Contra Costa,Contra Costa County,06,2024-06-08,18.186714477990805,1717804800000,"{""type"":""MultiPoint"",""coordinates"":[]}"
889_00000000000000000023,1909598013,216923745,41860,H1,001,01675839,488,A,06001,+37.6471385,-121.9124880,06,36084,G4020,Alameda,Alameda County,06,2024-06-08,18.129479228400818,1717804800000,"{""type"":""MultiPoint"",""coordinates"":[]}"
889_0000000000000000001f,121375681,479216672,41860,H6,075,00277302,488,C,06075,+37.7272391,-123.0322294,06,41884,G4020,San Francisco,San Francisco County,06,2024-06-08,15.352103436615783,1717804800000,"{""type"":""MultiPoint"",""coordinates"":[]}"
890_00000000000000000021,1857233047,225282636,41860,H1,013,01675903,488,A,06013,+37.9194790,-121.9515431,06,36084,G4020,Contra Costa,Contra Costa County,06,2024-06-09,18.38750539660592,1717891200000,"{""type"":""MultiPoint"",""coordinates"":[]}"
890_00000000000000000023,1909598013,216923745,41860,H1,001,01675839,488,A,06001,+37.6471385,-121.9124880,06,36084,G4020,Alameda,Alameda County,06,2024-06-09,17.544090646220518,1717891200000,"{""type"":""MultiPoint"",""coordinates"":[]}"
890_0000000000000000001f,121375681,479216672,41860,H6,075,00277302,488,C,06075,+37.7272391,-123.0322294,06,41884,G4020,San Francisco,San Francisco County,06,2024-06-09,15.888664020314536,1717891200000,"{""type"":""MultiPoint"",""coordinates"":[]}"
891_00000000000000000021,1857233047,225282636,41860,H1,013,01675903,488,A,06013,+37.9194790,-121.9515431,06,36084,G4020,Contra Costa,Contra Costa County,06,2024-06-10,18.731341081276334,1717977600000,"{""type"":""MultiPoint"",""coordinates"":[]}"
891_00000000000000000023,1909598013,216923745,41860,H1,001,01675839,488,A,06001,+37.6471385,-121.9124880,06,36084,G4020,Alameda,Alameda County,06,2024-06-10,18.506088055681705,1717977600000,"{""type"":""MultiPoint"",""coordinates"":[]}"
891_0000000000000000001f,121375681,479216672,41860,H6,075,00277302,488,C,06075,+37.7272391,-123.0322294,06,41884,G4020,San Francisco,San Francisco County,06,2024-06-10,15.407883097232379,1717977600000,"{""type"":""MultiPoint"",""coordinates"":[]}"
892_00000000000000000021,1857233047,225282636,41860,H1,013,01675903,488,A,06013,+37.9194790,-121.9515431,06,36084,G4020,Contra Costa,Contra Costa County,06,2024-06-11,21.330552302053746,1718064000000,"{""type"":""MultiPoint"",""coordinates"":[]}"
892_00000000000000000023,1909598013,216923745,41860,H1,001,01675839,488,A,06001,+37.6471385,-121.9124880,06,36084,G4020,Alameda,Alameda County,06,2024-06-11,22.10196492740968,1718064000000,"{""type"":""MultiPoint"",""coordinates"":[]}"
892_0000000000000000001f,121375681,479216672,41860,H6,075,00277302,488,C,06075,+37.7272391,-123.0322294,06,41884,G4020,San Francisco,San Francisco County,06,2024-06-11,17.233946719437107,1718064000000,"{""type"":""MultiPoint"",""coordinates"":[]}"
893_00000000000000000021,1857233047,225282636,41860,H1,013,01675903,488,A,06013,+37.9194790,-121.9515431,06,36084,G4020,Contra Costa,Contra Costa County,06,2024-06-12,22.85420423166719,1718150400000,"{""type"":""MultiPoint"",""coordinates"":[]}"
893_00000000000000000023,1909598013,216923745,41860,H1,001,01675839,488,A,06001,+37.6471385,-121.9124880,06,36084,G4020,Alameda,Alameda County,06,2024-06-12,22.73521707510715,1718150400000,"{""type"":""MultiPoint"",""coordinates"":[]}"
893_0000000000000000001f,121375681,479216672,41860,H6,075,00277302,488,C,06075,+37.7272391,-123.0322294,06,41884,G4020,San Francisco,San Francisco County,06,2024-06-12,18.24359026797584,1718150400000,"{""type"":""MultiPoint"",""coordinates"":[]}"
894_00000000000000000021,1857233047,225282636,41860,H1,013,01675903,488,A,06013,+37.9194790,-121.9515431,06,36084,G4020,Contra Costa,Contra Costa County,06,2024-06-13,18.12314191306878,1718236800000,"{""type"":""MultiPoint"",""coordinates"":[]}"
894_00000000000000000023,1909598013,216923745,41860,H1,001,01675839,488,A,06001,+37.6471385,-121.9124880,06,36084,G4020,Alameda,Alameda County,06,2024-06-13,18.443398364229918,1718236800000,"{""type"":""MultiPoint"",""coordinates"":[]}"
894_0000000000000000001f,121375681,479216672,41860,H6,075,00277302,488,C,06075,+37.7272391,-123.0322294,06,41884,G4020,San Francisco,San Francisco County,06,2024-06-13,14.636717572879391,1718236800000,"{""type"":""MultiPoint"",""coordinates"":[]}"
895_00000000000000000021,1857233047,225282636,41860,H1,013,01675903,488,A,06013,+37.9194790,-121.9515431,06,36084,G4020,Contra Costa,Contra Costa County,06,2024-06-14,18.451840993703527,1718323200000,"{""type"":""MultiPoint"",""coordinates"":[]}"
895_00000000000000000023,1909598013,216923745,41860,H1,001,01675839,488,A,06001,+37.6471385,-121.9124880,06,36084,G4020,Alameda,Alameda County,06,2024-06-14,18.313959180246197,1718323200000,"{""type"":""MultiPoint"",""coordinates"":[]}"
895_0000000000000000001f,121375681,479216672,41860,H6,075,00277302,488,C,06075,+37.7272391,-123.0322294,06,41884,G4020,San Francisco,San Francisco County,06,2024-06-14,15.589251657580686,1718323200000,"{""type"":""MultiPoint"",""coordinates"":[]}"
896_00000000000000000021,1857233047,225282636,41860,H1,013,01675903,488,A,06013,+37.9194790,-121.9515431,06,36084,G4020,Contra Costa,Contra Costa County,06,2024-06-15,19.563921559120736,1718409600000,"{""type"":""MultiPoint"",""coordinates"":[]}"
896_00000000000000000023,1909598013,216923745,41860,H1,001,01675839,488,A,06001,+37.6471385,-121.9124880,06,36084,G4020,Alameda,Alameda County,06,2024-06-15,18.183151357596216,1718409600000,"{""type"":""MultiPoint"",""coordinates"":[]}"
896_0000000000000000001f,121375681,479216672,41860,H6,075,00277302,488,C,06075,+37.7272391,-123.0322294,06,41884,G4020,San Francisco,San Francisco County,06,2024-06-15,17.078085234425,1718409600000,"{""type"":""MultiPoint"",""coordinates"":[]}"
897_00000000000000000021,1857233047,225282636,41860,H1,013,01675903,488,A,06013,+37.9194790,-121.9515431,06,36084,G4020,Contra Costa,Contra Costa County,06,2024-06-16,20.219035225314787,1718496000000,"{""type"":""MultiPoint"",""coordinates"":[]}"
897_00000000000000000023,1909598013,216923745,41860,H1,001,01675839,488,A,06001,+37.6471385,-121.9124880,06,36084,G4020,Alameda,Alameda County,06,2024-06-16,18.635126144781825,1718496000000,"{""type"":""MultiPoint"",""coordinates"":[]}"
897_0000000000000000001f,121375681,479216672,41860,H6,075,00277302,488,C,06075,+37.7272391,-123.0322294,06,41884,G4020,San Francisco,San Francisco County,06,2024-06-16,17.400369850517805,1718496000000,"{""type"":""MultiPoint"",""coordinates"":[]}"
898_00000000000000000021,1857233047,225282636,41860,H1,013,01675903,488,A,06013,+37.9194790,-121.9515431,06,36084,G4020,Contra Costa,Contra Costa County,06,2024-06-17,19.96318148637446,1718582400000,"{""type"":""MultiPoint"",""coordinates"":[]}"
898_00000000000000000023,1909598013,216923745,41860,H1,001,01675839,488,A,06001,+37.6471385,-121.9124880,06,36084,G4020,Alameda,Alameda County,06,2024-06-17,18.163414372799075,1718582400000,"{""type"":""MultiPoint"",""coordinates"":[]}"
898_0000000000000000001f,121375681,479216672,41860,H6,075,00277302,488,C,06075,+37.7272391,-123.0322294,06,41884,G4020,San Francisco,San Francisco County,06,2024-06-17,17.271243704495184,1718582400000,"{""type"":""MultiPoint"",""coordinates"":[]}"
899_00000000000000000021,1857233047,225282636,41860,H1,013,01675903,488,A,06013,+37.9194790,-121.9515431,06,36084,G4020,Contra Costa,Contra Costa County,06,2024-06-18,21.598694186172505,1718668800000,"{""type"":""MultiPoint"",""coordinates"":[]}"
899_00000000000000000023,1909598013,216923745,41860,H1,001,01675839,488,A,06001,+37.6471385,-121.9124880,06,36084,G4020,Alameda,Alameda County,06,2024-06-18,20.95153783210802,1718668800000,"{""type"":""MultiPoint"",""coordinates"":[]}"
899_0000000000000000001f,121375681,479216672,41860,H6,075,00277302,488,C,06075,+37.7272391,-123.0322294,06,41884,G4020,San Francisco,San Francisco County,06,2024-06-18,18.88707341575993,1718668800000,"{""type"":""MultiPoint"",""coordinates"":[]}"
900_00000000000000000021,1857233047,225282636,41860,H1,013,01675903,488,A,06013,+37.9194790,-121.9515431,06,36084,G4020,Contra Costa,Contra Costa County,06,2024-06-19,18.60408460126312,1718755200000,"{""type"":""MultiPoint"",""coordinates"":[]}"
900_00000000000000000023,1909598013,216923745,41860,H1,001,01675839,488,A,06001,+37.6471385,-121.9124880,06,36084,G4020,Alameda,Alameda County,06,2024-06-19,17.636724039898613,1718755200000,"{""type"":""MultiPoint"",""coordinates"":[]}"
900_0000000000000000001f,121375681,479216672,41860,H6,075,00277302,488,C,06075,+37.7272391,-123.0322294,06,41884,G4020,San Francisco,San Francisco County,06,2024-06-19,15.213767273421464,1718755200000,"{""type"":""MultiPoint"",""coordinates"":[]}"
901_00000000000000000021,1857233047,225282636,41860,H1,013,01675903,488,A,06013,+37.9194790,-121.9515431,06,36084,G4020,Contra Costa,Contra Costa County,06,2024-06-20,16.70176870683478,1718841600000,"{""type"":""MultiPoint"",""coordinates"":[]}"
901_00000000000000000023,1909598013,216923745,41860,H1,001,01675839,488,A,06001,+37.6471385,-121.9124880,06,36084,G4020,Alameda,Alameda County,06,2024-06-20,16.539378787503825,1718841600000,"{""type"":""MultiPoint"",""coordinates"":[]}"
901_0000000000000000001f,121375681,479216672,41860,H6,075,00277302,488,C,06075,+37.7272391,-123.0322294,06,41884,G4020,San Francisco,San Francisco County,06,2024-06-20,13.741983347043657,1718841600000,"{""type"":""MultiPoint"",""coordinates"":[]}"
902_00000000000000000021,1857233047,225282636,41860,H1,013,01675903,488,A,06013,+37.9194790,-121.9515431,06,36084,G4020,Contra Costa,Contra Costa County,06,2024-06-21,18.10975991642661,1718928000000,"{""type"":""MultiPoint"",""coordinates"":[]}"
902_00000000000000000023,1909598013,216923745,41860,H1,001,01675839,488,A,06001,+37.6471385,-121.9124880,06,36084,G4020,Alameda,Alameda County,06,2024-06-21,18.19433482236188,1718928000000,"{""type"":""MultiPoint"",""coordinates"":[]}"
902_0000000000000000001f,121375681,479216672,41860,H6,075,00277302,488,C,06075,+37.7272391,-123.0322294,06,41884,G4020,San Francisco,San Francisco County,06,2024-06-21,14.42718543711209,1718928000000,"{""type"":""MultiPoint"",""coordinates"":[]}"
903_00000000000000000021,1857233047,225282636,41860,H1,013,01675903,488,A,06013,+37.9194790,-121.9515431,06,36084,G4020,Contra Costa,Contra Costa County,06,2024-06-22,20.79273176259611,1719014400000,"{""type"":""MultiPoint"",""coordinates"":[]}"
903_00000000000000000023,1909598013,216923745,41860,H1,001,01675839,488,A,06001,+37.6471385,-121.9124880,06,36084,G4020,Alameda,Alameda County,06,2024-06-22,22.034010506569984,1719014400000,"{""type"":""MultiPoint"",""coordinates"":[]}"
903_0000000000000000001f,121375681,479216672,41860,H6,075,00277302,488,C,06075,+37.7272391,-123.0322294,06,41884,G4020,San Francisco,San Francisco County,06,2024-06-22,15.968087742729868,1719014400000,"{""type"":""MultiPoint"",""coordinates"":[]}"
904_00000000000000000021,1857233047,225282636,41860,H1,013,01675903,488,A,06013,+37.9194790,-121.9515431,06,36084,G4020,Contra Costa,Contra Costa County,06,2024-06-23,22.868114814112428,1719100800000,"{""type"":""MultiPoint"",""coordinates"":[]}"
904_00000000000000000023,1909598013,216923745,41860,H1,001,01675839,488,A,06001,+37.6471385,-121.9124880,06,36084,G4020,Alameda,Alameda County,06,2024-06-23,23.866285573888828,1719100800000,"{""type"":""MultiPoint"",""coordinates"":[]}"
904_0000000000000000001f,121375681,479216672,41860,H6,075,00277302,488,C,06075,+37.7272391,-123.0322294,06,41884,G4020,San Francisco,San Francisco County,06,2024-06-23,17.364518420516426,1719100800000,"{""type"":""MultiPoint"",""coordinates"":[]}"
905_00000000000000000021,1857233047,225282636,41860,H1,013,01675903,488,A,06013,+37.9194790,-121.9515431,06,36084,G4020,Contra Costa,Contra Costa County,06,2024-06-24,21.66552611470187,1719187200000,"{""type"":""MultiPoint"",""coordinates"":[]}"
905_00000000000000000023,1909598013,216923745,41860,H1,001,01675839,488,A,06001,+37.6471385,-121.9124880,06,36084,G4020,Alameda,Alameda County,06,2024-06-24,22.814945708776857,1719187200000,"{""type"":""MultiPoint"",""coordinates"":[]}"
905_0000000000000000001f,121375681,479216672,41860,H6,075,00277302,488,C,06075,+37.7272391,-123.0322294,06,41884,G4020,San Francisco,San Francisco County,06,2024-06-24,16.50036343144727,1719187200000,"{""type"":""MultiPoint"",""coordinates"":[]}"
906_00000000000000000021,1857233047,225282636,41860,H1,013,01675903,488,A,06013,+37.9194790,-121.9515431,06,36084,G4020,Contra Costa,Contra Costa County,06,2024-06-25,22.312921894660352,1719273600000,"{""type"":""MultiPoint"",""coordinates"":[]}"
906_00000000000000000023,1909598013,216923745,41860,H1,001,01675839,488,A,06001,+37.6471385,-121.9124880,06,36084,G4020,Alameda,Alameda County,06,2024-06-25,23.60124651168322,1719273600000,"{""type"":""MultiPoint"",""coordinates"":[]}"
906_0000000000000000001f,121375681,479216672,41860,H6,075,00277302,488,C,06075,+37.7272391,-123.0322294,06,41884,G4020,San Francisco,San Francisco County,06,2024-06-25,16.834740881363413,1719273600000,"{""type"":""MultiPoint"",""coordinates"":[]}"
907_00000000000000000021,1857233047,225282636,41860,H1,013,01675903,488,A,06013,+37.9194790,-121.9515431,06,36084,G4020,Contra Costa,Contra Costa County,06,2024-06-26,19.954496025576027,1719360000000,"{""type"":""MultiPoint"",""coordinates"":[]}"
907_00000000000000000023,1909598013,216923745,41860,H1,001,01675839,488,A,06001,+37.6471385,-121.9124880,06,36084,G4020,Alameda,Alameda County,06,2024-06-26,20.382693148277028,1719360000000,"{""type"":""MultiPoint"",""coordinates"":[]}"
907_0000000000000000001f,121375681,479216672,41860,H6,075,00277302,488,C,06075,+37.7272391,-123.0322294,06,41884,G4020,San Francisco,San Francisco County,06,2024-06-26,15.633615451716864,1719360000000,"{""type"":""MultiPoint"",""coordinates"":[]}"
908_00000000000000000021,1857233047,225282636,41860,H1,013,01675903,488,A,06013,+37.9194790,-121.9515431,06,36084,G4020,Contra Costa,Contra Costa County,06,2024-06-27,19.348727616385123,1719446400000,"{""type"":""MultiPoint"",""coordinates"":[]}"
908_00000000000000000023,1909598013,216923745,41860,H1,001,01675839,488,A,06001,+37.6471385,-121.9124880,06,36084,G4020,Alameda,Alameda County,06,2024-06-27,18.758583189212196,1719446400000,"{""type"":""MultiPoint"",""coordinates"":[]}"
908_0000000000000000001f,121375681,479216672,41860,H6,075,00277302,488,C,06075,+37.7272391,-123.0322294,06,41884,G4020,San Francisco,San Francisco County,06,2024-06-27,16.3591948026538,1719446400000,"{""type"":""MultiPoint"",""coordinates"":[]}"
909_00000000000000000021,1857233047,225282636,41860,H1,013,01675903,488,A,06013,+37.9194790,-121.9515431,06,36084,G4020,Contra Costa,Contra Costa County,06,2024-06-28,20.62775497908063,1719532800000,"{""type"":""MultiPoint"",""coordinates"":[]}"
909_00000000000000000023,1909598013,216923745,41860,H1,001,01675839,488,A,06001,+37.6471385,-121.9124880,06,36084,G4020,Alameda,Alameda County,06,2024-06-28,20.062768815750676,1719532800000,"{""type"":""MultiPoint"",""coordinates"":[]}"
909_0000000000000000001f,121375681,479216672,41860,H6,075,00277302,488,C,06075,+37.7272391,-123.0322294,06,41884,G4020,San Francisco,San Francisco County,06,2024-06-28,17.2648687083517,1719532800000,"{""type"":""MultiPoint"",""coordinates"":[]}"
910_00000000000000000021,1857233047,225282636,41860,H1,013,01675903,488,A,06013,+37.9194790,-121.9515431,06,36084,G4020,Contra Costa,Contra Costa County,06,2024-06-29,21.707867707787155,1719619200000,"{""type"":""MultiPoint"",""coordinates"":[]}"
910_00000000000000000023,1909598013,216923745,41860,H1,001,01675839,488,A,06001,+37.6471385,-121.9124880,06,36084,G4020,Alameda,Alameda County,06,2024-06-29,21.812770652760506,1719619200000,"{""type"":""MultiPoint"",""coordinates"":[]}"
910_0000000000000000001f,121375681,479216672,41860,H6,075,00277302,488,C,06075,+37.7272391,-123.0322294,06,41884,G4020,San Francisco,San Francisco County,06,2024-06-29,17.59314883445481,1719619200000,"{""type"":""MultiPoint"",""coordinates"":[]}"
911_00000000000000000021,1857233047,225282636,41860,H1,013,01675903,488,A,06013,+37.9194790,-121.9515431,06,36084,G4020,Contra Costa,Contra Costa County,06,2024-06-30,24.772095397334247,1719705600000,"{""type"":""MultiPoint"",""coordinates"":[]}"
911_00000000000000000023,1909598013,216923745,41860,H1,001,01675839,488,A,06001,+37.6471385,-121.9124880,06,36084,G4020,Alameda,Alameda County,06,2024-06-30,23.48460734271537,1719705600000,"{""type"":""MultiPoint"",""coordinates"":[]}"
911_0000000000000000001f,121375681,479216672,41860,H6,075,00277302,488,C,06075,+37.7272391,-123.0322294,06,41884,G4020,San Francisco,San Francisco County,06,2024-06-30,21.707050902454593,1719705600000,"{""type"":""MultiPoint"",""coordinates"":[]}"
912_00000000000000000021,1857233047,225282636,41860,H1,013,01675903,488,A,06013,+37.9194790,-121.9515431,06,36084,G4020,Contra Costa,Contra Costa County,06,2024-07-01,23.255776736222927,1719792000000,"{""type"":""MultiPoint"",""coordinates"":[]}"
912_00000000000000000023,1909598013,216923745,41860,H1,001,01675839,488,A,06001,+37.6471385,-121.9124880,06,36084,G4020,Alameda,Alameda County,06,2024-07-01,22.32593182294152,1719792000000,"{""type"":""MultiPoint"",""coordinates"":[]}"
912_0000000000000000001f,121375681,479216672,41860,H6,075,00277302,488,C,06075,+37.7272391,-123.0322294,06,41884,G4020,San Francisco,San Francisco County,06,2024-07-01,19.45905537952694,1719792000000,"{""type"":""MultiPoint"",""coordinates"":[]}"
913_00000000000000000021,1857233047,225282636,41860,H1,013,01675903,488,A,06013,+37.9194790,-121.9515431,06,36084,G4020,Contra Costa,Contra Costa County,06,2024-07-02,26.165359128478723,1719878400000,"{""type"":""MultiPoint"",""coordinates"":[]}"
913_00000000000000000023,1909598013,216923745,41860,H1,001,01675839,488,A,06001,+37.6471385,-121.9124880,06,36084,G4020,Alameda,Alameda County,06,2024-07-02,26.10225958832834,1719878400000,"{""type"":""MultiPoint"",""coordinates"":[]}"
913_0000000000000000001f,121375681,479216672,41860,H6,075,00277302,488,C,06075,+37.7272391,-123.0322294,06,41884,G4020,San Francisco,San Francisco County,06,2024-07-02,21.190689173980672,1719878400000,"{""type"":""MultiPoint"",""coordinates"":[]}"
914_00000000000000000021,1857233047,225282636,41860,H1,013,01675903,488,A,06013,+37.9194790,-121.9515431,06,36084,G4020,Contra Costa,Contra Costa County,06,2024-07-03,27.897099788178796,1719964800000,"{""type"":""MultiPoint"",""coordinates"":[]}"
914_00000000000000000023,1909598013,216923745,41860,H1,001,01675839,488,A,06001,+37.6471385,-121.9124880,06,36084,G4020,Alameda,Alameda County,06,2024-07-03,29.050999017547998,1719964800000,"{""type"":""MultiPoint"",""coordinates"":[]}"
914_0000000000000000001f,121375681,479216672,41860,H6,075,00277302,488,C,06075,+37.7272391,-123.0322294,06,41884,G4020,San Francisco,San Francisco County,06,2024-07-03,22.110241758738887,1719964800000,"{""type"":""MultiPoint"",""coordinates"":[]}"
915_00000000000000000021,1857233047,225282636,41860,H1,013,01675903,488,A,06013,+37.9194790,-121.9515431,06,36084,G4020,Contra Costa,Contra Costa County,06,2024-07-04,26.56357478503067,1720051200000,"{""type"":""MultiPoint"",""coordinates"":[]}"
915_00000000000000000023,1909598013,216923745,41860,H1,001,01675839,488,A,06001,+37.6471385,-121.9124880,06,36084,G4020,Alameda,Alameda County,06,2024-07-04,27.394834973773886,1720051200000,"{""type"":""MultiPoint"",""coordinates"":[]}"
915_0000000000000000001f,121375681,479216672,41860,H6,075,00277302,488,C,06075,+37.7272391,-123.0322294,06,41884,G4020,San Francisco,San Francisco County,06,2024-07-04,20.916474559151876,1720051200000,"{""type"":""MultiPoint"",""coordinates"":[]}"
916_00000000000000000021,1857233047,225282636,41860,H1,013,01675903,488,A,06013,+37.9194790,-121.9515431,06,36084,G4020,Contra Costa,Contra Costa County,06,2024-07-05,24.26590214855417,1720137600000,"{""type"":""MultiPoint"",""coordinates"":[]}"
916_00000000000000000023,1909598013,216923745,41860,H1,001,01675839,488,A,06001,+37.6471385,-121.9124880,06,36084,G4020,Alameda,Alameda County,06,2024-07-05,25.449657435012675,1720137600000,"{""type"":""MultiPoint"",""coordinates"":[]}"
916_0000000000000000001f,121375681,479216672,41860,H6,075,00277302,488,C,06075,+37.7272391,-123.0322294,06,41884,G4020,San Francisco,San Francisco County,06,2024-07-05,18.040466107897917,1720137600000,"{""type"":""MultiPoint"",""coordinates"":[]}"
917_00000000000000000021,1857233047,225282636,41860,H1,013,01675903,488,A,06013,+37.9194790,-121.9515431,06,36084,G4020,Contra Costa,Contra Costa County,06,2024-07-06,24.709201120020168,1720224000000,"{""type"":""MultiPoint"",""coordinates"":[]}"
917_00000000000000000023,1909598013,216923745,41860,H1,001,01675839,488,A,06001,+37.6471385,-121.9124880,06,36084,G4020,Alameda,Alameda County,06,2024-07-06,25.82673395719468,1720224000000,"{""type"":""MultiPoint"",""coordinates"":[]}"
917_0000000000000000001f,121375681,479216672,41860,H6,075,00277302,488,C,06075,+37.7272391,-123.0322294,06,41884,G4020,San Francisco,San Francisco County,06,2024-07-06,18.728501380512157,1720224000000,"{""type"":""MultiPoint"",""coordinates"":[]}"
918_00000000000000000021,1857233047,225282636,41860,H1,013,01675903,488,A,06013,+37.9194790,-121.9515431,06,36084,G4020,Contra Costa,Contra Costa County,06,2024-07-07,24.47779763981451,1720310400000,"{""type"":""MultiPoint"",""coordinates"":[]}"
918_00000000000000000023,1909598013,216923745,41860,H1,001,01675839,488,A,06001,+37.6471385,-121.9124880,06,36084,G4020,Alameda,Alameda County,06,2024-07-07,26.07968786258656,1720310400000,"{""type"":""MultiPoint"",""coordinates"":[]}"
918_0000000000000000001f,121375681,479216672,41860,H6,075,00277302,488,C,06075,+37.7272391,-123.0322294,06,41884,G4020,San Francisco,San Francisco County,06,2024-07-07,18.42362823806066,1720310400000,"{""type"":""MultiPoint"",""coordinates"":[]}"
919_00000000000000000021,1857233047,225282636,41860,H1,013,01675903,488,A,06013,+37.9194790,-121.9515431,06,36084,G4020,Contra Costa,Contra Costa County,06,2024-07-08,22.06323827341536,1720396800000,"{""type"":""MultiPoint"",""coordinates"":[]}"
919_00000000000000000023,1909598013,216923745,41860,H1,001,01675839,488,A,06001,+37.6471385,-121.9124880,06,36084,G4020,Alameda,Alameda County,06,2024-07-08,23.90425394580881,1720396800000,"{""type"":""MultiPoint"",""coordinates"":[]}"
919_0000000000000000001f,121375681,479216672,41860,H6,075,00277302,488,C,06075,+37.7272391,-123.0322294,06,41884,G4020,San Francisco,San Francisco County,06,2024-07-08,17.21236995424019,1720396800000,"{""type"":""MultiPoint"",""coordinates"":[]}"
920_00000000000000000021,1857233047,225282636,41860,H1,013,01675903,488,A,06013,+37.9194790,-121.9515431,06,36084,G4020,Contra Costa,Contra Costa County,06,2024-07-09,21.109109023353636,1720483200000,"{""type"":""MultiPoint"",""coordinates"":[]}"
920_00000000000000000023,1909598013,216923745,41860,H1,001,01675839,488,A,06001,+37.6471385,-121.9124880,06,36084,G4020,Alameda,Alameda County,06,2024-07-09,22.3825764833281,1720483200000,"{""type"":""MultiPoint"",""coordinates"":[]}"
920_0000000000000000001f,121375681,479216672,41860,H6,075,00277302,488,C,06075,+37.7272391,-123.0322294,06,41884,G4020,San Francisco,San Francisco County,06,2024-07-09,16.90697275330222,1720483200000,"{""type"":""MultiPoint"",""coordinates"":[]}"
921_00000000000000000021,1857233047,225282636,41860,H1,013,01675903,488,A,06013,+37.9194790,-121.9515431,06,36084,G4020,Contra Costa,Contra Costa County,06,2024-07-10,21.08064706401563,1720569600000,"{""type"":""MultiPoint"",""coordinates"":[]}"
921_00000000000000000023,1909598013,216923745,41860,H1,001,01675839,488,A,06001,+37.6471385,-121.9124880,06,36084,G4020,Alameda,Alameda County,06,2024-07-10,22.693990152866967,1720569600000,"{""type"":""MultiPoint"",""coordinates"":[]}"
921_0000000000000000001f,121375681,479216672,41860,H6,075,00277302,488,C,06075,+37.7272391,-123.0322294,06,41884,G4020,San Francisco,San Francisco County,06,2024-07-10,16.810259630017566,1720569600000,"{""type"":""MultiPoint"",""coordinates"":[]}"
922_00000000000000000021,1857233047,225282636,41860,H1,013,01675903,488,A,06013,+37.9194790,-121.9515431,06,36084,G4020,Contra Costa,Contra Costa County,06,2024-07-11,25.297004242157346,1720656000000,"{""type"":""MultiPoint"",""coordinates"":[]}"
922_00000000000000000023,1909598013,216923745,41860,H1,001,01675839,488,A,06001,+37.6471385,-121.9124880,06,36084,G4020,Alameda,Alameda County,06,2024-07-11,26.889546635676503,1720656000000,"{""type"":""MultiPoint"",""coordinates"":[]}"
922_0000000000000000001f,121375681,479216672,41860,H6,075,00277302,488,C,06075,+37.7272391,-123.0322294,06,41884,G4020,San Francisco,San Francisco County,06,2024-07-11,19.656995651323847,1720656000000,"{""type"":""MultiPoint"",""coordinates"":[]}"
923_00000000000000000021,1857233047,225282636,41860,H1,013,01675903,488,A,06013,+37.9194790,-121.9515431,06,36084,G4020,Contra Costa,Contra Costa County,06,2024-07-12,25.611811826315044,1720742400000,"{""type"":""MultiPoint"",""coordinates"":[]}"
923_00000000000000000023,1909598013,216923745,41860,H1,001,01675839,488,A,06001,+37.6471385,-121.9124880,06,36084,G4020,Alameda,Alameda County,06,2024-07-12,26.939573271120434,1720742400000,"{""type"":""MultiPoint"",""coordinates"":[]}"
923_0000000000000000001f,121375681,479216672,41860,H6,075,00277302,488,C,06075,+37.7272391,-123.0322294,06,41884,G4020,San Francisco,San Francisco County,06,2024-07-12,19.2520350546625,1720742400000,"{""type"":""MultiPoint"",""coordinates"":[]}"
924_00000000000000000021,1857233047,225282636,41860,H1,013,01675903,488,A,06013,+37.9194790,-121.9515431,06,36084,G4020,Contra Costa,Contra Costa County,06,2024-07-13,22.929218970933082,1720828800000,"{""type"":""MultiPoint"",""coordinates"":[]}"
924_00000000000000000023,1909598013,216923745,41860,H1,001,01675839,488,A,06001,+37.6471385,-121.9124880,06,36084,G4020,Alameda,Alameda County,06,2024-07-13,24.716433521226826,1720828800000,"{""type"":""MultiPoint"",""coordinates"":[]}"
924_0000000000000000001f,121375681,479216672,41860,H6,075,00277302,488,C,06075,+37.7272391,-123.0322294,06,41884,G4020,San Francisco,San Francisco County,06,2024-07-13,17.401125578692792,1720828800000,"{""type"":""MultiPoint"",""coordinates"":[]}"
925_00000000000000000021,1857233047,225282636,41860,H1,013,01675903,488,A,06013,+37.9194790,-121.9515431,06,36084,G4020,Contra Costa,Contra Costa County,06,2024-07-14,20.618133218134645,1720915200000,"{""type"":""MultiPoint"",""coordinates"":[]}"
925_00000000000000000023,1909598013,216923745,41860,H1,001,01675839,488,A,06001,+37.6471385,-121.9124880,06,36084,G4020,Alameda,Alameda County,06,2024-07-14,22.3027303661929,1720915200000,"{""type"":""MultiPoint"",""coordinates"":[]}"
925_0000000000000000001f,121375681,479216672,41860,H6,075,00277302,488,C,06075,+37.7272391,-123.0322294,06,41884,G4020,San Francisco,San Francisco County,06,2024-07-14,16.112931052674657,1720915200000,"{""type"":""MultiPoint"",""coordinates"":[]}"
926_00000000000000000021,1857233047,225282636,41860,H1,013,01675903,488,A,06013,+37.9194790,-121.9515431,06,36084,G4020,Contra Costa,Contra Costa County,06,2024-07-15,18.75597415007548,1721001600000,"{""type"":""MultiPoint"",""coordinates"":[]}"
926_00000000000000000023,1909598013,216923745,41860,H1,001,01675839,488,A,06001,+37.6471385,-121.9124880,06,36084,G4020,Alameda,Alameda County,06,2024-07-15,19.97562531248936,1721001600000,"{""type"":""MultiPoint"",""coordinates"":[]}"
926_0000000000000000001f,121375681,479216672,41860,H6,075,00277302,488,C,06075,+37.7272391,-123.0322294,06,41884,G4020,San Francisco,San Francisco County,06,2024-07-15,15.19216983113885,1721001600000,"{""type"":""MultiPoint"",""coordinates"":[]}"
927_00000000000000000021,1857233047,225282636,41860,H1,013,01675903,488,A,06013,+37.9194790,-121.9515431,06,36084,G4020,Contra Costa,Contra Costa County,06,2024-07-16,18.189100543789223,1721088000000,"{""type"":""MultiPoint"",""coordinates"":[]}"
927_00000000000000000023,1909598013,216923745,41860,H1,001,01675839,488,A,06001,+37.6471385,-121.9124880,06,36084,G4020,Alameda,Alameda County,06,2024-07-16,19.124431998579514,1721088000000,"{""type"":""MultiPoint"",""coordinates"":[]}"
927_0000000000000000001f,121375681,479216672,41860,H6,075,00277302,488,C,06075,+37.7272391,-123.0322294,06,41884,G4020,San Francisco,San Francisco County,06,2024-07-16,15.280041393720312,1721088000000,"{""type"":""MultiPoint"",""coordinates"":[]}"
928_00000000000000000021,1857233047,225282636,41860,H1,013,01675903,488,A,06013,+37.9194790,-121.9515431,06,36084,G4020,Contra Costa,Contra Costa County,06,2024-07-17,18.133749135890053,1721174400000,"{""type"":""MultiPoint"",""coordinates"":[]}"
928_00000000000000000023,1909598013,216923745,41860,H1,001,01675839,488,A,06001,+37.6471385,-121.9124880,06,36084,G4020,Alameda,Alameda County,06,2024-07-17,18.47311823366366,1721174400000,"{""type"":""MultiPoint"",""coordinates"":[]}"
928_0000000000000000001f,121375681,479216672,41860,H6,075,00277302,488,C,06075,+37.7272391,-123.0322294,06,41884,G4020,San Francisco,San Francisco County,06,2024-07-17,16.132838138897615,1721174400000,"{""type"":""MultiPoint"",""coordinates"":[]}"
929_00000000000000000021,1857233047,225282636,41860,H1,013,01675903,488,A,06013,+37.9194790,-121.9515431,06,36084,G4020,Contra Costa,Contra Costa County,06,2024-07-18,21.29666638923632,1721260800000,"{""type"":""MultiPoint"",""coordinates"":[]}"
929_00000000000000000023,1909598013,216923745,41860,H1,001,01675839,488,A,06001,+37.6471385,-121.9124880,06,36084,G4020,Alameda,Alameda County,06,2024-07-18,21.28912257751818,1721260800000,"{""type"":""MultiPoint"",""coordinates"":[]}"
929_0000000000000000001f,121375681,479216672,41860,H6,075,00277302,488,C,06075,+37.7272391,-123.0322294,06,41884,G4020,San Francisco,San Francisco County,06,2024-07-18,17.90424499142796,1721260800000,"{""type"":""MultiPoint"",""coordinates"":[]}"
930_00000000000000000021,1857233047,225282636,41860,H1,013,01675903,488,A,06013,+37.9194790,-121.9515431,06,36084,G4020,Contra Costa,Contra Costa County,06,2024-07-19,24.164116830925877,1721347200000,"{""type"":""MultiPoint"",""coordinates"":[]}"
930_00000000000000000023,1909598013,216923745,41860,H1,001,01675839,488,A,06001,+37.6471385,-121.9124880,06,36084,G4020,Alameda,Alameda County,06,2024-07-19,24.25242762413425,1721347200000,"{""type"":""MultiPoint"",""coordinates"":[]}"
930_0000000000000000001f,121375681,479216672,41860,H6,075,00277302,488,C,06075,+37.7272391,-123.0322294,06,41884,G4020,San Francisco,San Francisco County,06,2024-07-19,20.312786017195975,1721347200000,"{""type"":""MultiPoint"",""coordinates"":[]}"
931_00000000000000000021,1857233047,225282636,41860,H1,013,01675903,488,A,06013,+37.9194790,-121.9515431,06,36084,G4020,Contra Costa,Contra Costa County,06,2024-07-20,24.997387923909052,1721433600000,"{""type"":""MultiPoint"",""coordinates"":[]}"
931_00000000000000000023,1909598013,216923745,41860,H1,001,01675839,488,A,06001,+37.6471385,-121.9124880,06,36084,G4020,Alameda,Alameda County,06,2024-07-20,24.665038863974274,1721433600000,"{""type"":""MultiPoint"",""coordinates"":[]}"
931_0000000000000000001f,121375681,479216672,41860,H6,075,00277302,488,C,06075,+37.7272391,-123.0322294,06,41884,G4020,San Francisco,San Francisco County,06,2024-07-20,20.67571995634945,1721433600000,"{""type"":""MultiPoint"",""coordinates"":[]}"
932_00000000000000000021,1857233047,225282636,41860,H1,013,01675903,488,A,06013,+37.9194790,-121.9515431,06,36084,G4020,Contra Costa,Contra Costa County,06,2024-07-21,21.17562719154697,1721520000000,"{""type"":""MultiPoint"",""coordinates"":[]}"
932_00000000000000000023,1909598013,216923745,41860,H1,001,01675839,488,A,06001,+37.6471385,-121.9124880,06,36084,G4020,Alameda,Alameda County,06,2024-07-21,20.586917038893322,1721520000000,"{""type"":""MultiPoint"",""coordinates"":[]}"
932_0000000000000000001f,121375681,479216672,41860,H6,075,00277302,488,C,06075,+37.7272391,-123.0322294,06,41884,G4020,San Francisco,San Francisco County,06,2024-07-21,17.692605039890505,1721520000000,"{""type"":""MultiPoint"",""coordinates"":[]}"
933_00000000000000000021,1857233047,225282636,41860,H1,013,01675903,488,A,06013,+37.9194790,-121.9515431,06,36084,G4020,Contra Costa,Contra Costa County,06,2024-07-22,22.340983695345944,1721606400000,"{""type"":""MultiPoint"",""coordinates"":[]}"
933_00000000000000000023,1909598013,216923745,41860,H1,001,01675839,488,A,06001,+37.6471385,-121.9124880,06,36084,G4020,Alameda,Alameda County,06,2024-07-22,23.154233070955197,1721606400000,"{""type"":""MultiPoint"",""coordinates"":[]}"
933_0000000000000000001f,121375681,479216672,41860,H6,075,00277302,488,C,06075,+37.7272391,-123.0322294,06,41884,G4020,San Francisco,San Francisco County,06,2024-07-22,17.77029571533205,1721606400000,"{""type"":""MultiPoint"",""coordinates"":[]}"
934_00000000000000000021,1857233047,225282636,41860,H1,013,01675903,488,A,06013,+37.9194790,-121.9515431,06,36084,G4020,Contra Costa,Contra Costa County,06,2024-07-23,25.42766584291555,1721692800000,"{""type"":""MultiPoint"",""coordinates"":[]}"
934_00000000000000000023,1909598013,216923745,41860,H1,001,01675839,488,A,06001,+37.6471385,-121.9124880,06,36084,G4020,Alameda,Alameda County,06,2024-07-23,26.66863307947626,1721692800000,"{""type"":""MultiPoint"",""coordinates"":[]}"
934_0000000000000000001f,121375681,479216672,41860,H6,075,00277302,488,C,06075,+37.7272391,-123.0322294,06,41884,G4020,San Francisco,San Francisco County,06,2024-07-23,20.01236688920102,1721692800000,"{""type"":""MultiPoint"",""coordinates"":[]}"
935_00000000000000000021,1857233047,225282636,41860,H1,013,01675903,488,A,06013,+37.9194790,-121.9515431,06,36084,G4020,Contra Costa,Contra Costa County,06,2024-07-24,26.10776206769714,1721779200000,"{""type"":""MultiPoint"",""coordinates"":[]}"
935_00000000000000000023,1909598013,216923745,41860,H1,001,01675839,488,A,06001,+37.6471385,-121.9124880,06,36084,G4020,Alameda,Alameda County,06,2024-07-24,27.277416880570676,1721779200000,"{""type"":""MultiPoint"",""coordinates"":[]}"
935_0000000000000000001f,121375681,479216672,41860,H6,075,00277302,488,C,06075,+37.7272391,-123.0322294,06,41884,G4020,San Francisco,San Francisco County,06,2024-07-24,20.581645846044097,1721779200000,"{""type"":""MultiPoint"",""coordinates"":[]}"
936_00000000000000000021,1857233047,225282636,41860,H1,013,01675903,488,A,06013,+37.9194790,-121.9515431,06,36084,G4020,Contra Costa,Contra Costa County,06,2024-07-25,23.916896800374758,1721865600000,"{""type"":""MultiPoint"",""coordinates"":[]}"
936_00000000000000000023,1909598013,216923745,41860,H1,001,01675839,488,A,06001,+37.6471385,-121.9124880,06,36084,G4020,Alameda,Alameda County,06,2024-07-25,25.257009695562115,1721865600000,"{""type"":""MultiPoint"",""coordinates"":[]}"
936_0000000000000000001f,121375681,479216672,41860,H6,075,00277302,488,C,06075,+37.7272391,-123.0322294,06,41884,G4020,San Francisco,San Francisco County,06,2024-07-25,18.38596175985136,1721865600000,"{""type"":""MultiPoint"",""coordinates"":[]}"
937_00000000000000000021,1857233047,225282636,41860,H1,013,01675903,488,A,06013,+37.9194790,-121.9515431,06,36084,G4020,Contra Costa,Contra Costa County,06,2024-07-26,22.883745454134612,1721952000000,"{""type"":""MultiPoint"",""coordinates"":[]}"
937_00000000000000000023,1909598013,216923745,41860,H1,001,01675839,488,A,06001,+37.6471385,-121.9124880,06,36084,G4020,Alameda,Alameda County,06,2024-07-26,23.750479351039733,1721952000000,"{""type"":""MultiPoint"",""coordinates"":[]}"
937_0000000000000000001f,121375681,479216672,41860,H6,075,00277302,488,C,06075,+37.7272391,-123.0322294,06,41884,G4020,San Francisco,San Francisco County,06,2024-07-26,17.79931178950712,1721952000000,"{""type"":""MultiPoint"",""coordinates"":[]}"
938_00000000000000000021,1857233047,225282636,41860,H1,013,01675903,488,A,06013,+37.9194790,-121.9515431,06,36084,G4020,Contra Costa,Contra Costa County,06,2024-07-27,17.983920622798202,1722038400000,"{""type"":""MultiPoint"",""coordinates"":[]}"
938_00000000000000000023,1909598013,216923745,41860,H1,001,01675839,488,A,06001,+37.6471385,-121.9124880,06,36084,G4020,Alameda,Alameda County,06,2024-07-27,18.11033664203114,1722038400000,"{""type"":""MultiPoint"",""coordinates"":[]}"
938_0000000000000000001f,121375681,479216672,41860,H6,075,00277302,488,C,06075,+37.7272391,-123.0322294,06,41884,G4020,San Francisco,San Francisco County,06,2024-07-27,15.346807616115166,1722038400000,"{""type"":""MultiPoint"",""coordinates"":[]}"
939_00000000000000000021,1857233047,225282636,41860,H1,013,01675903,488,A,06013,+37.9194790,-121.9515431,06,36084,G4020,Contra Costa,Contra Costa County,06,2024-07-28,17.523109754342673,1722124800000,"{""type"":""MultiPoint"",""coordinates"":[]}"
939_00000000000000000023,1909598013,216923745,41860,H1,001,01675839,488,A,06001,+37.6471385,-121.9124880,06,36084,G4020,Alameda,Alameda County,06,2024-07-28,17.650849242809972,1722124800000,"{""type"":""MultiPoint"",""coordinates"":[]}"
939_0000000000000000001f,121375681,479216672,41860,H6,075,00277302,488,C,06075,+37.7272391,-123.0322294,06,41884,G4020,San Francisco,San Francisco County,06,2024-07-28,15.387789228575867,1722124800000,"{""type"":""MultiPoint"",""coordinates"":[]}"
940_00000000000000000021,1857233047,225282636,41860,H1,013,01675903,488,A,06013,+37.9194790,-121.9515431,06,36084,G4020,Contra Costa,Contra Costa County,06,2024-07-29,18.6397796093941,1722211200000,"{""type"":""MultiPoint"",""coordinates"":[]}"
940_00000000000000000023,1909598013,216923745,41860,H1,001,01675839,488,A,06001,+37.6471385,-121.9124880,06,36084,G4020,Alameda,Alameda County,06,2024-07-29,18.586051949308178,1722211200000,"{""type"":""MultiPoint"",""coordinates"":[]}"
940_0000000000000000001f,121375681,479216672,41860,H6,075,00277302,488,C,06075,+37.7272391,-123.0322294,06,41884,G4020,San Francisco,San Francisco County,06,2024-07-29,15.979950996216958,1722211200000,"{""type"":""MultiPoint"",""coordinates"":[]}"
941_00000000000000000021,1857233047,225282636,41860,H1,013,01675903,488,A,06013,+37.9194790,-121.9515431,06,36084,G4020,Contra Costa,Contra Costa County,06,2024-07-30,19.45180086944414,1722297600000,"{""type"":""MultiPoint"",""coordinates"":[]}"
941_00000000000000000023,1909598013,216923745,41860,H1,001,01675839,488,A,06001,+37.6471385,-121.9124880,06,36084,G4020,Alameda,Alameda County,06,2024-07-30,19.057347044206967,1722297600000,"{""type"":""MultiPoint"",""coordinates"":[]}"
941_0000000000000000001f,121375681,479216672,41860,H6,075,00277302,488,C,06075,+37.7272391,-123.0322294,06,41884,G4020,San Francisco,San Francisco County,06,2024-07-30,17.087647123601204,1722297600000,"{""type"":""MultiPoint"",""coordinates"":[]}"
942_00000000000000000021,1857233047,225282636,41860,H1,013,01675903,488,A,06013,+37.9194790,-121.9515431,06,36084,G4020,Contra Costa,Contra Costa County,06,2024-07-31,19.924269882674494,1722384000000,"{""type"":""MultiPoint"",""coordinates"":[]}"
942_00000000000000000023,1909598013,216923745,41860,H1,001,01675839,488,A,06001,+37.6471385,-121.9124880,06,36084,G4020,Alameda,Alameda County,06,2024-07-31,20.0742489733748,1722384000000,"{""type"":""MultiPoint"",""coordinates"":[]}"
942_0000000000000000001f,121375681,479216672,41860,H6,075,00277302,488,C,06075,+37.7272391,-123.0322294,06,41884,G4020,San Francisco,San Francisco County,06,2024-07-31,16.667793008052975,1722384000000,"{""type"":""MultiPoint"",""coordinates"":[]}"
943_00000000000000000021,1857233047,225282636,41860,H1,013,01675903,488,A,06013,+37.9194790,-121.9515431,06,36084,G4020,Contra Costa,Contra Costa County,06,2024-08-01,20.927945502187985,1722470400000,"{""type"":""MultiPoint"",""coordinates"":[]}"
943_00000000000000000023,1909598013,216923745,41860,H1,001,01675839,488,A,06001,+37.6471385,-121.9124880,06,36084,G4020,Alameda,Alameda County,06,2024-08-01,21.996756148891645,1722470400000,"{""type"":""MultiPoint"",""coordinates"":[]}"
943_0000000000000000001f,121375681,479216672,41860,H6,075,00277302,488,C,06075,+37.7272391,-123.0322294,06,41884,G4020,San Francisco,San Francisco County,06,2024-08-01,16.792669567794373,1722470400000,"{""type"":""MultiPoint"",""coordinates"":[]}"
944_00000000000000000021,1857233047,225282636,41860,H1,013,01675903,488,A,06013,+37.9194790,-121.9515431,06,36084,G4020,Contra Costa,Contra Costa County,06,2024-08-02,21.747578641337334,1722556800000,"{""type"":""MultiPoint"",""coordinates"":[]}"
944_00000000000000000023,1909598013,216923745,41860,H1,001,01675839,488,A,06001,+37.6471385,-121.9124880,06,36084,G4020,Alameda,Alameda County,06,2024-08-02,22.62873197082098,1722556800000,"{""type"":""MultiPoint"",""coordinates"":[]}"
944_0000000000000000001f,121375681,479216672,41860,H6,075,00277302,488,C,06075,+37.7272391,-123.0322294,06,41884,G4020,San Francisco,San Francisco County,06,2024-08-02,17.169454905142874,1722556800000,"{""type"":""MultiPoint"",""coordinates"":[]}"
945_00000000000000000021,1857233047,225282636,41860,H1,013,01675903,488,A,06013,+37.9194790,-121.9515431,06,36084,G4020,Contra Costa,Contra Costa County,06,2024-08-03,23.350325176492237,1722643200000,"{""type"":""MultiPoint"",""coordinates"":[]}"
945_00000000000000000023,1909598013,216923745,41860,H1,001,01675839,488,A,06001,+37.6471385,-121.9124880,06,36084,G4020,Alameda,Alameda County,06,2024-08-03,24.201088113449938,1722643200000,"{""type"":""MultiPoint"",""coordinates"":[]}"
945_0000000000000000001f,121375681,479216672,41860,H6,075,00277302,488,C,06075,+37.7272391,-123.0322294,06,41884,G4020,San Francisco,San Francisco County,06,2024-08-03,18.15706078525055,1722643200000,"{""type"":""MultiPoint"",""coordinates"":[]}"
946_00000000000000000021,1857233047,225282636,41860,H1,013,01675903,488,A,06013,+37.9194790,-121.9515431,06,36084,G4020,Contra Costa,Contra Costa County,06,2024-08-04,21.2258422577754,1722729600000,"{""type"":""MultiPoint"",""coordinates"":[]}"
946_00000000000000000023,1909598013,216923745,41860,H1,001,01675839,488,A,06001,+37.6471385,-121.9124880,06,36084,G4020,Alameda,Alameda County,06,2024-08-04,22.3727821348626,1722729600000,"{""type"":""MultiPoint"",""coordinates"":[]}"
946_0000000000000000001f,121375681,479216672,41860,H6,075,00277302,488,C,06075,+37.7272391,-123.0322294,06,41884,G4020,San Francisco,San Francisco County,06,2024-08-04,16.338030425661422,1722729600000,"{""type"":""MultiPoint"",""coordinates"":[]}"
947_00000000000000000021,1857233047,225282636,41860,H1,013,01675903,488,A,06013,+37.9194790,-121.9515431,06,36084,G4020,Contra Costa,Contra Costa County,06,2024-08-05,19.660364353207292,1722816000000,"{""type"":""MultiPoint"",""coordinates"":[]}"
947_00000000000000000023,1909598013,216923745,41860,H1,001,01675839,488,A,06001,+37.6471385,-121.9124880,06,36084,G4020,Alameda,Alameda County,06,2024-08-05,20.69149698293512,1722816000000,"{""type"":""MultiPoint"",""coordinates"":[]}"
947_0000000000000000001f,121375681,479216672,41860,H6,075,00277302,488,C,06075,+37.7272391,-123.0322294,06,41884,G4020,San Francisco,San Francisco County,06,2024-08-05,15.813468582379626,1722816000000,"{""type"":""MultiPoint"",""coordinates"":[]}"
948_00000000000000000021,1857233047,225282636,41860,H1,013,01675903,488,A,06013,+37.9194790,-121.9515431,06,36084,G4020,Contra Costa,Contra Costa County,06,2024-08-06,21.00505279429275,1722902400000,"{""type"":""MultiPoint"",""coordinates"":[]}"
948_00000000000000000023,1909598013,216923745,41860,H1,001,01675839,488,A,06001,+37.6471385,-121.9124880,06,36084,G4020,Alameda,Alameda County,06,2024-08-06,22.38507899643998,1722902400000,"{""type"":""MultiPoint"",""coordinates"":[]}"
948_0000000000000000001f,121375681,479216672,41860,H6,075,00277302,488,C,06075,+37.7272391,-123.0322294,06,41884,G4020,San Francisco,San Francisco County,06,2024-08-06,16.986532313127356,1722902400000,"{""type"":""MultiPoint"",""coordinates"":[]}"
949_00000000000000000021,1857233047,225282636,41860,H1,013,01675903,488,A,06013,+37.9194790,-121.9515431,06,36084,G4020,Contra Costa,Contra Costa County,06,2024-08-07,23.54323479345412,1722988800000,"{""type"":""MultiPoint"",""coordinates"":[]}"
949_00000000000000000023,1909598013,216923745,41860,H1,001,01675839,488,A,06001,+37.6471385,-121.9124880,06,36084,G4020,Alameda,Alameda County,06,2024-08-07,24.923612396604476,1722988800000,"{""type"":""MultiPoint"",""coordinates"":[]}"
949_0000000000000000001f,121375681,479216672,41860,H6,075,00277302,488,C,06075,+37.7272391,-123.0322294,06,41884,G4020,San Francisco,San Francisco County,06,2024-08-07,18.145019203889476,1722988800000,"{""type"":""MultiPoint"",""coordinates"":[]}"
950_00000000000000000021,1857233047,225282636,41860,H1,013,01675903,488,A,06013,+37.9194790,-121.9515431,06,36084,G4020,Contra Costa,Contra Costa County,06,2024-08-08,20.9554358269872,1723075200000,"{""type"":""MultiPoint"",""coordinates"":[]}"
950_00000000000000000023,1909598013,216923745,41860,H1,001,01675839,488,A,06001,+37.6471385,-121.9124880,06,36084,G4020,Alameda,Alameda County,06,2024-08-08,22.573027361838342,1723075200000,"{""type"":""MultiPoint"",""coordinates"":[]}"
950_0000000000000000001f,121375681,479216672,41860,H6,075,00277302,488,C,06075,+37.7272391,-123.0322294,06,41884,G4020,San Francisco,San Francisco County,06,2024-08-08,16.190844463641096,1723075200000,"{""type"":""MultiPoint"",""coordinates"":[]}"
951_00000000000000000021,1857233047,225282636,41860,H1,013,01675903,488,A,06013,+37.9194790,-121.9515431,06,36084,G4020,Contra Costa,Contra Costa County,06,2024-08-09,20.148542617872362,1723161600000,"{""type"":""MultiPoint"",""coordinates"":[]}"
951_00000000000000000023,1909598013,216923745,41860,H1,001,01675839,488,A,06001,+37.6471385,-121.9124880,06,36084,G4020,Alameda,Alameda County,06,2024-08-09,21.576273649339893,1723161600000,"{""type"":""MultiPoint"",""coordinates"":[]}"
951_0000000000000000001f,121375681,479216672,41860,H6,075,00277302,488,C,06075,+37.7272391,-123.0322294,06,41884,G4020,San Francisco,San Francisco County,06,2024-08-09,15.747084812284843,1723161600000,"{""type"":""MultiPoint"",""coordinates"":[]}"
952_00000000000000000021,1857233047,225282636,41860,H1,013,01675903,488,A,06013,+37.9194790,-121.9515431,06,36084,G4020,Contra Costa,Contra Costa County,06,2024-08-10,20.52159296124727,1723248000000,"{""type"":""MultiPoint"",""coordinates"":[]}"
952_00000000000000000023,1909598013,216923745,41860,H1,001,01675839,488,A,06001,+37.6471385,-121.9124880,06,36084,G4020,Alameda,Alameda County,06,2024-08-10,21.570117867883383,1723248000000,"{""type"":""MultiPoint"",""coordinates"":[]}"
952_0000000000000000001f,121375681,479216672,41860,H6,075,00277302,488,C,06075,+37.7272391,-123.0322294,06,41884,G4020,San Francisco,San Francisco County,06,2024-08-10,16.639241193111012,1723248000000,"{""type"":""MultiPoint"",""coordinates"":[]}"
953_00000000000000000021,1857233047,225282636,41860,H1,013,01675903,488,A,06013,+37.9194790,-121.9515431,06,36084,G4020,Contra Costa,Contra Costa County,06,2024-08-11,20.748908046097533,1723334400000,"{""type"":""MultiPoint"",""coordinates"":[]}"
953_00000000000000000023,1909598013,216923745,41860,H1,001,01675839,488,A,06001,+37.6471385,-121.9124880,06,36084,G4020,Alameda,Alameda County,06,2024-08-11,21.3451198777227,1723334400000,"{""type"":""MultiPoint"",""coordinates"":[]}"
953_0000000000000000001f,121375681,479216672,41860,H6,075,00277302,488,C,06075,+37.7272391,-123.0322294,06,41884,G4020,San Francisco,San Francisco County,06,2024-08-11,16.494620305103794,1723334400000,"{""type"":""MultiPoint"",""coordinates"":[]}"
954_00000000000000000021,1857233047,225282636,41860,H1,013,01675903,488,A,06013,+37.9194790,-121.9515431,06,36084,G4020,Contra Costa,Contra Costa County,06,2024-08-12,19.302826137271314,1723420800000,"{""type"":""MultiPoint"",""coordinates"":[]}"
954_00000000000000000023,1909598013,216923745,41860,H1,001,01675839,488,A,06001,+37.6471385,-121.9124880,06,36084,G4020,Alameda,Alameda County,06,2024-08-12,19.849589678116335,1723420800000,"{""type"":""MultiPoint"",""coordinates"":[]}"
954_0000000000000000001f,121375681,479216672,41860,H6,075,00277302,488,C,06075,+37.7272391,-123.0322294,06,41884,G4020,San Francisco,San Francisco County,06,2024-08-12,15.918972786190755,1723420800000,"{""type"":""MultiPoint"",""coordinates"":[]}"
955_00000000000000000021,1857233047,225282636,41860,H1,013,01675903,488,A,06013,+37.9194790,-121.9515431,06,36084,G4020,Contra Costa,Contra Costa County,06,2024-08-13,19.499139879598587,1723507200000,"{""type"":""MultiPoint"",""coordinates"":[]}"
955_00000000000000000023,1909598013,216923745,41860,H1,001,01675839,488,A,06001,+37.6471385,-121.9124880,06,36084,G4020,Alameda,Alameda County,06,2024-08-13,19.361029424783563,1723507200000,"{""type"":""MultiPoint"",""coordinates"":[]}"
955_0000000000000000001f,121375681,479216672,41860,H6,075,00277302,488,C,06075,+37.7272391,-123.0322294,06,41884,G4020,San Francisco,San Francisco County,06,2024-08-13,16.743289162680714,1723507200000,"{""type"":""MultiPoint"",""coordinates"":[]}"
956_00000000000000000021,1857233047,225282636,41860,H1,013,01675903,488,A,06013,+37.9194790,-121.9515431,06,36084,G4020,Contra Costa,Contra Costa County,06,2024-08-14,21.58653617816094,1723593600000,"{""type"":""MultiPoint"",""coordinates"":[]}"
956_00000000000000000023,1909598013,216923745,41860,H1,001,01675839,488,A,06001,+37.6471385,-121.9124880,06,36084,G4020,Alameda,Alameda County,06,2024-08-14,20.86218379873223,1723593600000,"{""type"":""MultiPoint"",""coordinates"":[]}"
956_0000000000000000001f,121375681,479216672,41860,H6,075,00277302,488,C,06075,+37.7272391,-123.0322294,06,41884,G4020,San Francisco,San Francisco County,06,2024-08-14,18.55215761023598,1723593600000,"{""type"":""MultiPoint"",""coordinates"":[]}"
957_00000000000000000021,1857233047,225282636,41860,H1,013,01675903,488,A,06013,+37.9194790,-121.9515431,06,36084,G4020,Contra Costa,Contra Costa County,06,2024-08-15,21.705200642599348,1723680000000,"{""type"":""MultiPoint"",""coordinates"":[]}"
957_00000000000000000023,1909598013,216923745,41860,H1,001,01675839,488,A,06001,+37.6471385,-121.9124880,06,36084,G4020,Alameda,Alameda County,06,2024-08-15,20.640352673890973,1723680000000,"{""type"":""MultiPoint"",""coordinates"":[]}"
957_0000000000000000001f,121375681,479216672,41860,H6,075,00277302,488,C,06075,+37.7272391,-123.0322294,06,41884,G4020,San Francisco,San Francisco County,06,2024-08-15,18.777200396087114,1723680000000,"{""type"":""MultiPoint"",""coordinates"":[]}"
958_00000000000000000021,1857233047,225282636,41860,H1,013,01675903,488,A,06013,+37.9194790,-121.9515431,06,36084,G4020,Contra Costa,Contra Costa County,06,2024-08-16,21.48629328742681,1723766400000,"{""type"":""MultiPoint"",""coordinates"":[]}"
958_00000000000000000023,1909598013,216923745,41860,H1,001,01675839,488,A,06001,+37.6471385,-121.9124880,06,36084,G4020,Alameda,Alameda County,06,2024-08-16,20.488639738052317,1723766400000,"{""type"":""MultiPoint"",""coordinates"":[]}"
958_0000000000000000001f,121375681,479216672,41860,H6,075,00277302,488,C,06075,+37.7272391,-123.0322294,06,41884,G4020,San Francisco,San Francisco County,06,2024-08-16,18.478225342524897,1723766400000,"{""type"":""MultiPoint"",""coordinates"":[]}"
959_00000000000000000021,1857233047,225282636,41860,H1,013,01675903,488,A,06013,+37.9194790,-121.9515431,06,36084,G4020,Contra Costa,Contra Costa County,06,2024-08-17,20.500703685162573,1723852800000,"{""type"":""MultiPoint"",""coordinates"":[]}"
959_00000000000000000023,1909598013,216923745,41860,H1,001,01675839,488,A,06001,+37.6471385,-121.9124880,06,36084,G4020,Alameda,Alameda County,06,2024-08-17,19.611376625949713,1723852800000,"{""type"":""MultiPoint"",""coordinates"":[]}"
959_0000000000000000001f,121375681,479216672,41860,H6,075,00277302,488,C,06075,+37.7272391,-123.0322294,06,41884,G4020,San Francisco,San Francisco County,06,2024-08-17,17.802175402318515,1723852800000,"{""type"":""MultiPoint"",""coordinates"":[]}"
960_00000000000000000021,1857233047,225282636,41860,H1,013,01675903,488,A,06013,+37.9194790,-121.9515431,06,36084,G4020,Contra Costa,Contra Costa County,06,2024-08-18,19.544541693006213,1723939200000,"{""type"":""MultiPoint"",""coordinates"":[]}"
960_00000000000000000023,1909598013,216923745,41860,H1,001,01675839,488,A,06001,+37.6471385,-121.9124880,06,36084,G4020,Alameda,Alameda County,06,2024-08-18,18.912413414720223,1723939200000,"{""type"":""MultiPoint"",""coordinates"":[]}"
960_0000000000000000001f,121375681,479216672,41860,H6,075,00277302,488,C,06075,+37.7272391,-123.0322294,06,41884,G4020,San Francisco,San Francisco County,06,2024-08-18,17.494180123226503,1723939200000,"{""type"":""MultiPoint"",""coordinates"":[]}"
961_00000000000000000021,1857233047,225282636,41860,H1,013,01675903,488,A,06013,+37.9194790,-121.9515431,06,36084,G4020,Contra Costa,Contra Costa County,06,2024-08-19,19.99429874010049,1724025600000,"{""type"":""MultiPoint"",""coordinates"":[]}"
961_00000000000000000023,1909598013,216923745,41860,H1,001,01675839,488,A,06001,+37.6471385,-121.9124880,06,36084,G4020,Alameda,Alameda County,06,2024-08-19,19.160320625033936,1724025600000,"{""type"":""MultiPoint"",""coordinates"":[]}"
961_0000000000000000001f,121375681,479216672,41860,H6,075,00277302,488,C,06075,+37.7272391,-123.0322294,06,41884,G4020,San Francisco,San Francisco County,06,2024-08-19,17.21441287957496,1724025600000,"{""type"":""MultiPoint"",""coordinates"":[]}"
962_00000000000000000021,1857233047,225282636,41860,H1,013,01675903,488,A,06013,+37.9194790,-121.9515431,06,36084,G4020,Contra Costa,Contra Costa County,06,2024-08-20,21.021758264993576,1724112000000,"{""type"":""MultiPoint"",""coordinates"":[]}"
962_00000000000000000023,1909598013,216923745,41860,H1,001,01675839,488,A,06001,+37.6471385,-121.9124880,06,36084,G4020,Alameda,Alameda County,06,2024-08-20,20.280672405481194,1724112000000,"{""type"":""MultiPoint"",""coordinates"":[]}"
962_0000000000000000001f,121375681,479216672,41860,H6,075,00277302,488,C,06075,+37.7272391,-123.0322294,06,41884,G4020,San Francisco,San Francisco County,06,2024-08-20,18.43798658148387,1724112000000,"{""type"":""MultiPoint"",""coordinates"":[]}"
963_00000000000000000021,1857233047,225282636,41860,H1,013,01675903,488,A,06013,+37.9194790,-121.9515431,06,36084,G4020,Contra Costa,Contra Costa County,06,2024-08-21,21.239225386701502,1724198400000,"{""type"":""MultiPoint"",""coordinates"":[]}"
963_00000000000000000023,1909598013,216923745,41860,H1,001,01675839,488,A,06001,+37.6471385,-121.9124880,06,36084,G4020,Alameda,Alameda County,06,2024-08-21,20.331694506689438,1724198400000,"{""type"":""MultiPoint"",""coordinates"":[]}"
963_0000000000000000001f,121375681,479216672,41860,H6,075,00277302,488,C,06075,+37.7272391,-123.0322294,06,41884,G4020,San Francisco,San Francisco County,06,2024-08-21,18.145465912071845,1724198400000,"{""type"":""MultiPoint"",""coordinates"":[]}"
964_00000000000000000021,1857233047,225282636,41860,H1,013,01675903,488,A,06013,+37.9194790,-121.9515431,06,36084,G4020,Contra Costa,Contra Costa County,06,2024-08-22,18.88053773376967,1724284800000,"{""type"":""MultiPoint"",""coordinates"":[]}"
964_00000000000000000023,1909598013,216923745,41860,H1,001,01675839,488,A,06001,+37.6471385,-121.9124880,06,36084,G4020,Alameda,Alameda County,06,2024-08-22,17.88084310526677,1724284800000,"{""type"":""MultiPoint"",""coordinates"":[]}"
964_0000000000000000001f,121375681,479216672,41860,H6,075,00277302,488,C,06075,+37.7272391,-123.0322294,06,41884,G4020,San Francisco,San Francisco County,06,2024-08-22,17.180935002910505,1724284800000,"{""type"":""MultiPoint"",""coordinates"":[]}"
965_00000000000000000021,1857233047,225282636,41860,H1,013,01675903,488,A,06013,+37.9194790,-121.9515431,06,36084,G4020,Contra Costa,Contra Costa County,06,2024-08-23,17.698536948963568,1724371200000,"{""type"":""MultiPoint"",""coordinates"":[]}"
965_00000000000000000023,1909598013,216923745,41860,H1,001,01675839,488,A,06001,+37.6471385,-121.9124880,06,36084,G4020,Alameda,Alameda County,06,2024-08-23,17.106753894277503,1724371200000,"{""type"":""MultiPoint"",""coordinates"":[]}"
965_0000000000000000001f,121375681,479216672,41860,H6,075,00277302,488,C,06075,+37.7272391,-123.0322294,06,41884,G4020,San Francisco,San Francisco County,06,2024-08-23,16.631596901338405,1724371200000,"{""type"":""MultiPoint"",""coordinates"":[]}"
966_00000000000000000021,1857233047,225282636,41860,H1,013,01675903,488,A,06013,+37.9194790,-121.9515431,06,36084,G4020,Contra Costa,Contra Costa County,06,2024-08-24,18.370734713879223,1724457600000,"{""type"":""MultiPoint"",""coordinates"":[]}"
966_00000000000000000023,1909598013,216923745,41860,H1,001,01675839,488,A,06001,+37.6471385,-121.9124880,06,36084,G4020,Alameda,Alameda County,06,2024-08-24,17.481987144689352,1724457600000,"{""type"":""MultiPoint"",""coordinates"":[]}"
966_0000000000000000001f,121375681,479216672,41860,H6,075,00277302,488,C,06075,+37.7272391,-123.0322294,06,41884,G4020,San Francisco,San Francisco County,06,2024-08-24,17.592189915237107,1724457600000,"{""type"":""MultiPoint"",""coordinates"":[]}"
967_00000000000000000021,1857233047,225282636,41860,H1,013,01675903,488,A,06013,+37.9194790,-121.9515431,06,36084,G4020,Contra Costa,Contra Costa County,06,2024-08-25,19.817958004338205,1724544000000,"{""type"":""MultiPoint"",""coordinates"":[]}"
967_00000000000000000023,1909598013,216923745,41860,H1,001,01675839,488,A,06001,+37.6471385,-121.9124880,06,36084,G4020,Alameda,Alameda County,06,2024-08-25,19.237511700676,1724544000000,"{""type"":""MultiPoint"",""coordinates"":[]}"
967_0000000000000000001f,121375681,479216672,41860,H6,075,00277302,488,C,06075,+37.7272391,-123.0322294,06,41884,G4020,San Francisco,San Francisco County,06,2024-08-25,18.342624603802776,1724544000000,"{""type"":""MultiPoint"",""coordinates"":[]}"
968_00000000000000000021,1857233047,225282636,41860,H1,013,01675903,488,A,06013,+37.9194790,-121.9515431,06,36084,G4020,Contra Costa,Contra Costa County,06,2024-08-26,22.066356408624532,1724630400000,"{""type"":""MultiPoint"",""coordinates"":[]}"
968_00000000000000000023,1909598013,216923745,41860,H1,001,01675839,488,A,06001,+37.6471385,-121.9124880,06,36084,G4020,Alameda,Alameda County,06,2024-08-26,21.78092937741798,1724630400000,"{""type"":""MultiPoint"",""coordinates"":[]}"
968_0000000000000000001f,121375681,479216672,41860,H6,075,00277302,488,C,06075,+37.7272391,-123.0322294,06,41884,G4020,San Francisco,San Francisco County,06,2024-08-26,19.69084131301106,1724630400000,"{""type"":""MultiPoint"",""coordinates"":[]}"
969_00000000000000000021,1857233047,225282636,41860,H1,013,01675903,488,A,06013,+37.9194790,-121.9515431,06,36084,G4020,Contra Costa,Contra Costa County,06,2024-08-27,23.598039990555193,1724716800000,"{""type"":""MultiPoint"",""coordinates"":[]}"
969_00000000000000000023,1909598013,216923745,41860,H1,001,01675839,488,A,06001,+37.6471385,-121.9124880,06,36084,G4020,Alameda,Alameda County,06,2024-08-27,23.652756132716025,1724716800000,"{""type"":""MultiPoint"",""coordinates"":[]}"
969_0000000000000000001f,121375681,479216672,41860,H6,075,00277302,488,C,06075,+37.7272391,-123.0322294,06,41884,G4020,San Francisco,San Francisco County,06,2024-08-27,19.885090517183055,1724716800000,"{""type"":""MultiPoint"",""coordinates"":[]}"
970_00000000000000000021,1857233047,225282636,41860,H1,013,01675903,488,A,06013,+37.9194790,-121.9515431,06,36084,G4020,Contra Costa,Contra Costa County,06,2024-08-28,23.775982945134043,1724803200000,"{""type"":""MultiPoint"",""coordinates"":[]}"
970_00000000000000000023,1909598013,216923745,41860,H1,001,01675839,488,A,06001,+37.6471385,-121.9124880,06,36084,G4020,Alameda,Alameda County,06,2024-08-28,23.973629839218873,1724803200000,"{""type"":""MultiPoint"",""coordinates"":[]}"
970_0000000000000000001f,121375681,479216672,41860,H6,075,00277302,488,C,06075,+37.7272391,-123.0322294,06,41884,G4020,San Francisco,San Francisco County,06,2024-08-28,19.49109103253858,1724803200000,"{""type"":""MultiPoint"",""coordinates"":[]}"
971_00000000000000000021,1857233047,225282636,41860,H1,013,01675903,488,A,06013,+37.9194790,-121.9515431,06,36084,G4020,Contra Costa,Contra Costa County,06,2024-08-29,20.88663759438609,1724889600000,"{""type"":""MultiPoint"",""coordinates"":[]}"
971_00000000000000000023,1909598013,216923745,41860,H1,001,01675839,488,A,06001,+37.6471385,-121.9124880,06,36084,G4020,Alameda,Alameda County,06,2024-08-29,21.57963124300391,1724889600000,"{""type"":""MultiPoint"",""coordinates"":[]}"
971_0000000000000000001f,121375681,479216672,41860,H6,075,00277302,488,C,06075,+37.7272391,-123.0322294,06,41884,G4020,San Francisco,San Francisco County,06,2024-08-29,17.138582881138014,1724889600000,"{""type"":""MultiPoint"",""coordinates"":[]}"
972_00000000000000000021,1857233047,225282636,41860,H1,013,01675903,488,A,06013,+37.9194790,-121.9515431,06,36084,G4020,Contra Costa,Contra Costa County,06,2024-08-30,19.340687112638857,1724976000000,"{""type"":""MultiPoint"",""coordinates"":[]}"
972_00000000000000000023,1909598013,216923745,41860,H1,001,01675839,488,A,06001,+37.6471385,-121.9124880,06,36084,G4020,Alameda,Alameda County,06,2024-08-30,20.225335467097658,1724976000000,"{""type"":""MultiPoint"",""coordinates"":[]}"
972_0000000000000000001f,121375681,479216672,41860,H6,075,00277302,488,C,06075,+37.7272391,-123.0322294,06,41884,G4020,San Francisco,San Francisco County,06,2024-08-30,16.26253181029568,1724976000000,"{""type"":""MultiPoint"",""coordinates"":[]}"
973_00000000000000000021,1857233047,225282636,41860,H1,013,01675903,488,A,06013,+37.9194790,-121.9515431,06,36084,G4020,Contra Costa,Contra Costa County,06,2024-08-31,20.177016923364935,1725062400000,"{""type"":""MultiPoint"",""coordinates"":[]}"
973_00000000000000000023,1909598013,216923745,41860,H1,001,01675839,488,A,06001,+37.6471385,-121.9124880,06,36084,G4020,Alameda,Alameda County,06,2024-08-31,20.449482786391947,1725062400000,"{""type"":""MultiPoint"",""coordinates"":[]}"
973_0000000000000000001f,121375681,479216672,41860,H6,075,00277302,488,C,06075,+37.7272391,-123.0322294,06,41884,G4020,San Francisco,San Francisco County,06,2024-08-31,17.026777122099155,1725062400000,"{""type"":""MultiPoint"",""coordinates"":[]}"
974_00000000000000000021,1857233047,225282636,41860,H1,013,01675903,488,A,06013,+37.9194790,-121.9515431,06,36084,G4020,Contra Costa,Contra Costa County,06,2024-09-01,19.359006752655315,1725148800000,"{""type"":""MultiPoint"",""coordinates"":[]}"
974_00000000000000000023,1909598013,216923745,41860,H1,001,01675839,488,A,06001,+37.6471385,-121.9124880,06,36084,G4020,Alameda,Alameda County,06,2024-09-01,19.398135949116924,1725148800000,"{""type"":""MultiPoint"",""coordinates"":[]}"
974_0000000000000000001f,121375681,479216672,41860,H6,075,00277302,488,C,06075,+37.7272391,-123.0322294,06,41884,G4020,San Francisco,San Francisco County,06,2024-09-01,16.913762809905936,1725148800000,"{""type"":""MultiPoint"",""coordinates"":[]}"
975_00000000000000000021,1857233047,225282636,41860,H1,013,01675903,488,A,06013,+37.9194790,-121.9515431,06,36084,G4020,Contra Costa,Contra Costa County,06,2024-09-02,19.418205227866245,1725235200000,"{""type"":""MultiPoint"",""coordinates"":[]}"
975_00000000000000000023,1909598013,216923745,41860,H1,001,01675839,488,A,06001,+37.6471385,-121.9124880,06,36084,G4020,Alameda,Alameda County,06,2024-09-02,19.00379591615323,1725235200000,"{""type"":""MultiPoint"",""coordinates"":[]}"
975_0000000000000000001f,121375681,479216672,41860,H6,075,00277302,488,C,06075,+37.7272391,-123.0322294,06,41884,G4020,San Francisco,San Francisco County,06,2024-09-02,17.694842506177526,1725235200000,"{""type"":""MultiPoint"",""coordinates"":[]}"
976_00000000000000000021,1857233047,225282636,41860,H1,013,01675903,488,A,06013,+37.9194790,-121.9515431,06,36084,G4020,Contra Costa,Contra Costa County,06,2024-09-03,21.05023231827312,1725321600000,"{""type"":""MultiPoint"",""coordinates"":[]}"
976_00000000000000000023,1909598013,216923745,41860,H1,001,01675839,488,A,06001,+37.6471385,-121.9124880,06,36084,G4020,Alameda,Alameda County,06,2024-09-03,21.638342311819834,1725321600000,"{""type"":""MultiPoint"",""coordinates"":[]}"
976_0000000000000000001f,121375681,479216672,41860,H6,075,00277302,488,C,06075,+37.7272391,-123.0322294,06,41884,G4020,San Francisco,San Francisco County,06,2024-09-03,19.038590029452724,1725321600000,"{""type"":""MultiPoint"",""coordinates"":[]}"
977_00000000000000000021,1857233047,225282636,41860,H1,013,01675903,488,A,06013,+37.9194790,-121.9515431,06,36084,G4020,Contra Costa,Contra Costa County,06,2024-09-04,24.385994926469298,1725408000000,"{""type"":""MultiPoint"",""coordinates"":[]}"
977_00000000000000000023,1909598013,216923745,41860,H1,001,01675839,488,A,06001,+37.6471385,-121.9124880,06,36084,G4020,Alameda,Alameda County,06,2024-09-04,24.897765104755305,1725408000000,"{""type"":""MultiPoint"",""coordinates"":[]}"
977_0000000000000000001f,121375681,479216672,41860,H6,075,00277302,488,C,06075,+37.7272391,-123.0322294,06,41884,G4020,San Francisco,San Francisco County,06,2024-09-04,20.13330240181998,1725408000000,"{""type"":""MultiPoint"",""coordinates"":[]}"
978_00000000000000000021,1857233047,225282636,41860,H1,013,01675903,488,A,06013,+37.9194790,-121.9515431,06,36084,G4020,Contra Costa,Contra Costa County,06,2024-09-05,22.535076440446826,1725494400000,"{""type"":""MultiPoint"",""coordinates"":[]}"
978_00000000000000000023,1909598013,216923745,41860,H1,001,01675839,488,A,06001,+37.6471385,-121.9124880,06,36084,G4020,Alameda,Alameda County,06,2024-09-05,23.930726483698688,1725494400000,"{""type"":""MultiPoint"",""coordinates"":[]}"
978_0000000000000000001f,121375681,479216672,41860,H6,075,00277302,488,C,06075,+37.7272391,-123.0322294,06,41884,G4020,San Francisco,San Francisco County,06,2024-09-05,18.009784340381948,1725494400000,"{""type"":""MultiPoint"",""coordinates"":[]}"
979_00000000000000000021,1857233047,225282636,41860,H1,013,01675903,488,A,06013,+37.9194790,-121.9515431,06,36084,G4020,Contra Costa,Contra Costa County,06,2024-09-06,23.481188167073956,1725580800000,"{""type"":""MultiPoint"",""coordinates"":[]}"
979_00000000000000000023,1909598013,216923745,41860,H1,001,01675839,488,A,06001,+37.6471385,-121.9124880,06,36084,G4020,Alameda,Alameda County,06,2024-09-06,24.6327718004122,1725580800000,"{""type"":""MultiPoint"",""coordinates"":[]}"
979_0000000000000000001f,121375681,479216672,41860,H6,075,00277302,488,C,06075,+37.7272391,-123.0322294,06,41884,G4020,San Francisco,San Francisco County,06,2024-09-06,18.44245464957047,1725580800000,"{""type"":""MultiPoint"",""coordinates"":[]}"
980_00000000000000000021,1857233047,225282636,41860,H1,013,01675903,488,A,06013,+37.9194790,-121.9515431,06,36084,G4020,Contra Costa,Contra Costa County,06,2024-09-07,22.643972855430544,1725667200000,"{""type"":""MultiPoint"",""coordinates"":[]}"
980_00000000000000000023,1909598013,216923745,41860,H1,001,01675839,488,A,06001,+37.6471385,-121.9124880,06,36084,G4020,Alameda,Alameda County,06,2024-09-07,23.82298409296014,1725667200000,"{""type"":""MultiPoint"",""coordinates"":[]}"
980_0000000000000000001f,121375681,479216672,41860,H6,075,00277302,488,C,06075,+37.7272391,-123.0322294,06,41884,G4020,San Francisco,San Francisco County,06,2024-09-07,17.558214925228622,1725667200000,"{""type"":""MultiPoint"",""coordinates"":[]}"
981_00000000000000000021,1857233047,225282636,41860,H1,013,01675903,488,A,06013,+37.9194790,-121.9515431,06,36084,G4020,Contra Costa,Contra Costa County,06,2024-09-08,21.20986048095235,1725753600000,"{""type"":""MultiPoint"",""coordinates"":[]}"
981_00000000000000000023,1909598013,216923745,41860,H1,001,01675839,488,A,06001,+37.6471385,-121.9124880,06,36084,G4020,Alameda,Alameda County,06,2024-09-08,22.66986092593258,1725753600000,"{""type"":""MultiPoint"",""coordinates"":[]}"
981_0000000000000000001f,121375681,479216672,41860,H6,075,00277302,488,C,06075,+37.7272391,-123.0322294,06,41884,G4020,San Francisco,San Francisco County,06,2024-09-08,17.030850554711606,1725753600000,"{""type"":""MultiPoint"",""coordinates"":[]}"
982_00000000000000000021,1857233047,225282636,41860,H1,013,01675903,488,A,06013,+37.9194790,-121.9515431,06,36084,G4020,Contra Costa,Contra Costa County,06,2024-09-09,21.89250277880509,1725840000000,"{""type"":""MultiPoint"",""coordinates"":[]}"
982_00000000000000000023,1909598013,216923745,41860,H1,001,01675839,488,A,06001,+37.6471385,-121.9124880,06,36084,G4020,Alameda,Alameda County,06,2024-09-09,22.91141704085988,1725840000000,"{""type"":""MultiPoint"",""coordinates"":[]}"
982_0000000000000000001f,121375681,479216672,41860,H6,075,00277302,488,C,06075,+37.7272391,-123.0322294,06,41884,G4020,San Francisco,San Francisco County,06,2024-09-09,16.588220615743612,1725840000000,"{""type"":""MultiPoint"",""coordinates"":[]}"
983_00000000000000000021,1857233047,225282636,41860,H1,013,01675903,488,A,06013,+37.9194790,-121.9515431,06,36084,G4020,Contra Costa,Contra Costa County,06,2024-09-10,17.997884290439025,1725926400000,"{""type"":""MultiPoint"",""coordinates"":[]}"
983_00000000000000000023,1909598013,216923745,41860,H1,001,01675839,488,A,06001,+37.6471385,-121.9124880,06,36084,G4020,Alameda,Alameda County,06,2024-09-10,18.877596963174142,1725926400000,"{""type"":""MultiPoint"",""coordinates"":[]}"
983_0000000000000000001f,121375681,479216672,41860,H6,075,00277302,488,C,06075,+37.7272391,-123.0322294,06,41884,G4020,San Francisco,San Francisco County,06,2024-09-10,15.010448840477656,1725926400000,"{""type"":""MultiPoint"",""coordinates"":[]}"
984_00000000000000000021,1857233047,225282636,41860,H1,013,01675903,488,A,06013,+37.9194790,-121.9515431,06,36084,G4020,Contra Costa,Contra Costa County,06,2024-09-11,18.371472094622927,1726012800000,"{""type"":""MultiPoint"",""coordinates"":[]}"
984_00000000000000000023,1909598013,216923745,41860,H1,001,01675839,488,A,06001,+37.6471385,-121.9124880,06,36084,G4020,Alameda,Alameda County,06,2024-09-11,17.906530371501375,1726012800000,"{""type"":""MultiPoint"",""coordinates"":[]}"
984_0000000000000000001f,121375681,479216672,41860,H6,075,00277302,488,C,06075,+37.7272391,-123.0322294,06,41884,G4020,San Francisco,San Francisco County,06,2024-09-11,16.60673889145403,1726012800000,"{""type"":""MultiPoint"",""coordinates"":[]}"
985_00000000000000000021,1857233047,225282636,41860,H1,013,01675903,488,A,06013,+37.9194790,-121.9515431,06,36084,G4020,Contra Costa,Contra Costa County,06,2024-09-12,19.498909160748365,1726099200000,"{""type"":""MultiPoint"",""coordinates"":[]}"
985_00000000000000000023,1909598013,216923745,41860,H1,001,01675839,488,A,06001,+37.6471385,-121.9124880,06,36084,G4020,Alameda,Alameda County,06,2024-09-12,18.35720112657978,1726099200000,"{""type"":""MultiPoint"",""coordinates"":[]}"
985_0000000000000000001f,121375681,479216672,41860,H6,075,00277302,488,C,06075,+37.7272391,-123.0322294,06,41884,G4020,San Francisco,San Francisco County,06,2024-09-12,17.86817909476837,1726099200000,"{""type"":""MultiPoint"",""coordinates"":[]}"
986_00000000000000000021,1857233047,225282636,41860,H1,013,01675903,488,A,06013,+37.9194790,-121.9515431,06,36084,G4020,Contra Costa,Contra Costa County,06,2024-09-13,20.588173561377552,1726185600000,"{""type"":""MultiPoint"",""coordinates"":[]}"
986_00000000000000000023,1909598013,216923745,41860,H1,001,01675839,488,A,06001,+37.6471385,-121.9124880,06,36084,G4020,Alameda,Alameda County,06,2024-09-13,20.313288044391996,1726185600000,"{""type"":""MultiPoint"",""coordinates"":[]}"
986_0000000000000000001f,121375681,479216672,41860,H6,075,00277302,488,C,06075,+37.7272391,-123.0322294,06,41884,G4020,San Francisco,San Francisco County,06,2024-09-13,17.869271359914062,1726185600000,"{""type"":""MultiPoint"",""coordinates"":[]}"
987_00000000000000000021,1857233047,225282636,41860,H1,013,01675903,488,A,06013,+37.9194790,-121.9515431,06,36084,G4020,Contra Costa,Contra Costa County,06,2024-09-14,20.441063049806193,1726272000000,"{""type"":""MultiPoint"",""coordinates"":[]}"
987_00000000000000000023,1909598013,216923745,41860,H1,001,01675839,488,A,06001,+37.6471385,-121.9124880,06,36084,G4020,Alameda,Alameda County,06,2024-09-14,20.518939847206532,1726272000000,"{""type"":""MultiPoint"",""coordinates"":[]}"
987_0000000000000000001f,121375681,479216672,41860,H6,075,00277302,488,C,06075,+37.7272391,-123.0322294,06,41884,G4020,San Francisco,San Francisco County,06,2024-09-14,16.729623207717015,1726272000000,"{""type"":""MultiPoint"",""coordinates"":[]}"
988_00000000000000000021,1857233047,225282636,41860,H1,013,01675903,488,A,06013,+37.9194790,-121.9515431,06,36084,G4020,Contra Costa,Contra Costa County,06,2024-09-15,17.91285169571129,1726358400000,"{""type"":""MultiPoint"",""coordinates"":[]}"
988_00000000000000000023,1909598013,216923745,41860,H1,001,01675839,488,A,06001,+37.6471385,-121.9124880,06,36084,G4020,Alameda,Alameda County,06,2024-09-15,17.322346840748033,1726358400000,"{""type"":""MultiPoint"",""coordinates"":[]}"
988_0000000000000000001f,121375681,479216672,41860,H6,075,00277302,488,C,06075,+37.7272391,-123.0322294,06,41884,G4020,San Francisco,San Francisco County,06,2024-09-15,15.851934448724279,1726358400000,"{""type"":""MultiPoint"",""coordinates"":[]}"
989_00000000000000000021,1857233047,225282636,41860,H1,013,01675903,488,A,06013,+37.9194790,-121.9515431,06,36084,G4020,Contra Costa,Contra Costa County,06,2024-09-16,15.712632167986966,1726444800000,"{""type"":""MultiPoint"",""coordinates"":[]}"
989_00000000000000000023,1909598013,216923745,41860,H1,001,01675839,488,A,06001,+37.6471385,-121.9124880,06,36084,G4020,Alameda,Alameda County,06,2024-09-16,14.895373687420339,1726444800000,"{""type"":""MultiPoint"",""coordinates"":[]}"
989_0000000000000000001f,121375681,479216672,41860,H6,075,00277302,488,C,06075,+37.7272391,-123.0322294,06,41884,G4020,San Francisco,San Francisco County,06,2024-09-16,15.220984182597606,1726444800000,"{""type"":""MultiPoint"",""coordinates"":[]}"
990_00000000000000000021,1857233047,225282636,41860,H1,013,01675903,488,A,06013,+37.9194790,-121.9515431,06,36084,G4020,Contra Costa,Contra Costa County,06,2024-09-17,16.552528449225278,1726531200000,"{""type"":""MultiPoint"",""coordinates"":[]}"
990_00000000000000000023,1909598013,216923745,41860,H1,001,01675839,488,A,06001,+37.6471385,-121.9124880,06,36084,G4020,Alameda,Alameda County,06,2024-09-17,15.778936649043068,1726531200000,"{""type"":""MultiPoint"",""coordinates"":[]}"
990_0000000000000000001f,121375681,479216672,41860,H6,075,00277302,488,C,06075,+37.7272391,-123.0322294,06,41884,G4020,San Francisco,San Francisco County,06,2024-09-17,15.052524669703809,1726531200000,"{""type"":""MultiPoint"",""coordinates"":[]}"
991_00000000000000000021,1857233047,225282636,41860,H1,013,01675903,488,A,06013,+37.9194790,-121.9515431,06,36084,G4020,Contra Costa,Contra Costa County,06,2024-09-18,17.17271039801695,1726617600000,"{""type"":""MultiPoint"",""coordinates"":[]}"
991_00000000000000000023,1909598013,216923745,41860,H1,001,01675839,488,A,06001,+37.6471385,-121.9124880,06,36084,G4020,Alameda,Alameda County,06,2024-09-18,16.42894366208463,1726617600000,"{""type"":""MultiPoint"",""coordinates"":[]}"
991_0000000000000000001f,121375681,479216672,41860,H6,075,00277302,488,C,06075,+37.7272391,-123.0322294,06,41884,G4020,San Francisco,San Francisco County,06,2024-09-18,15.996809010410399,1726617600000,"{""type"":""MultiPoint"",""coordinates"":[]}"
992_00000000000000000021,1857233047,225282636,41860,H1,013,01675903,488,A,06013,+37.9194790,-121.9515431,06,36084,G4020,Contra Costa,Contra Costa County,06,2024-09-19,18.123631128081545,1726704000000,"{""type"":""MultiPoint"",""coordinates"":[]}"
992_00000000000000000023,1909598013,216923745,41860,H1,001,01675839,488,A,06001,+37.6471385,-121.9124880,06,36084,G4020,Alameda,Alameda County,06,2024-09-19,17.47953826223411,1726704000000,"{""type"":""MultiPoint"",""coordinates"":[]}"
992_0000000000000000001f,121375681,479216672,41860,H6,075,00277302,488,C,06075,+37.7272391,-123.0322294,06,41884,G4020,San Francisco,San Francisco County,06,2024-09-19,15.906459874510412,1726704000000,"{""type"":""MultiPoint"",""coordinates"":[]}"
993_00000000000000000021,1857233047,225282636,41860,H1,013,01675903,488,A,06013,+37.9194790,-121.9515431,06,36084,G4020,Contra Costa,Contra Costa County,06,2024-09-20,18.07295014851065,1726790400000,"{""type"":""MultiPoint"",""coordinates"":[]}"
993_00000000000000000023,1909598013,216923745,41860,H1,001,01675839,488,A,06001,+37.6471385,-121.9124880,06,36084,G4020,Alameda,Alameda County,06,2024-09-20,17.89082501924893,1726790400000,"{""type"":""MultiPoint"",""coordinates"":[]}"
993_0000000000000000001f,121375681,479216672,41860,H6,075,00277302,488,C,06075,+37.7272391,-123.0322294,06,41884,G4020,San Francisco,San Francisco County,06,2024-09-20,15.516227703475733,1726790400000,"{""type"":""MultiPoint"",""coordinates"":[]}"
994_00000000000000000021,1857233047,225282636,41860,H1,013,01675903,488,A,06013,+37.9194790,-121.9515431,06,36084,G4020,Contra Costa,Contra Costa County,06,2024-09-21,18.818296522562726,1726876800000,"{""type"":""MultiPoint"",""coordinates"":[]}"
994_00000000000000000023,1909598013,216923745,41860,H1,001,01675839,488,A,06001,+37.6471385,-121.9124880,06,36084,G4020,Alameda,Alameda County,06,2024-09-21,19.38602293824214,1726876800000,"{""type"":""MultiPoint"",""coordinates"":[]}"
994_0000000000000000001f,121375681,479216672,41860,H6,075,00277302,488,C,06075,+37.7272391,-123.0322294,06,41884,G4020,San Francisco,San Francisco County,06,2024-09-21,15.978896778433818,1726876800000,"{""type"":""MultiPoint"",""coordinates"":[]}"
995_00000000000000000021,1857233047,225282636,41860,H1,013,01675903,488,A,06013,+37.9194790,-121.9515431,06,36084,G4020,Contra Costa,Contra Costa County,06,2024-09-22,19.53013297576604,1726963200000,"{""type"":""MultiPoint"",""coordinates"":[]}"
995_00000000000000000023,1909598013,216923745,41860,H1,001,01675839,488,A,06001,+37.6471385,-121.9124880,06,36084,G4020,Alameda,Alameda County,06,2024-09-22,20.147201507994833,1726963200000,"{""type"":""MultiPoint"",""coordinates"":[]}"
995_0000000000000000001f,121375681,479216672,41860,H6,075,00277302,488,C,06075,+37.7272391,-123.0322294,06,41884,G4020,San Francisco,San Francisco County,06,2024-09-22,15.98898637600671,1726963200000,"{""type"":""MultiPoint"",""coordinates"":[]}"
996_00000000000000000021,1857233047,225282636,41860,H1,013,01675903,488,A,06013,+37.9194790,-121.9515431,06,36084,G4020,Contra Costa,Contra Costa County,06,2024-09-23,21.051646849585822,1727049600000,"{""type"":""MultiPoint"",""coordinates"":[]}"
996_00000000000000000023,1909598013,216923745,41860,H1,001,01675839,488,A,06001,+37.6471385,-121.9124880,06,36084,G4020,Alameda,Alameda County,06,2024-09-23,22.564433266095264,1727049600000,"{""type"":""MultiPoint"",""coordinates"":[]}"
996_0000000000000000001f,121375681,479216672,41860,H6,075,00277302,488,C,06075,+37.7272391,-123.0322294,06,41884,G4020,San Francisco,San Francisco County,06,2024-09-23,17.817536125699633,1727049600000,"{""type"":""MultiPoint"",""coordinates"":[]}"
997_00000000000000000021,1857233047,225282636,41860,H1,013,01675903,488,A,06013,+37.9194790,-121.9515431,06,36084,G4020,Contra Costa,Contra Costa County,06,2024-09-24,24.395915052652292,1727136000000,"{""type"":""MultiPoint"",""coordinates"":[]}"
997_00000000000000000023,1909598013,216923745,41860,H1,001,01675839,488,A,06001,+37.6471385,-121.9124880,06,36084,G4020,Alameda,Alameda County,06,2024-09-24,25.417569826871677,1727136000000,"{""type"":""MultiPoint"",""coordinates"":[]}"
997_0000000000000000001f,121375681,479216672,41860,H6,075,00277302,488,C,06075,+37.7272391,-123.0322294,06,41884,G4020,San Francisco,San Francisco County,06,2024-09-24,20.321178732404118,1727136000000,"{""type"":""MultiPoint"",""coordinates"":[]}"
998_00000000000000000021,1857233047,225282636,41860,H1,013,01675903,488,A,06013,+37.9194790,-121.9515431,06,36084,G4020,Contra Costa,Contra Costa County,06,2024-09-25,19.43485982563436,1727222400000,"{""type"":""MultiPoint"",""coordinates"":[]}"
998_00000000000000000023,1909598013,216923745,41860,H1,001,01675839,488,A,06001,+37.6471385,-121.9124880,06,36084,G4020,Alameda,Alameda County,06,2024-09-25,20.059004381080054,1727222400000,"{""type"":""MultiPoint"",""coordinates"":[]}"
998_0000000000000000001f,121375681,479216672,41860,H6,075,00277302,488,C,06075,+37.7272391,-123.0322294,06,41884,G4020,San Francisco,San Francisco County,06,2024-09-25,16.151468997367527,1727222400000,"{""type"":""MultiPoint"",""coordinates"":[]}"
999_00000000000000000021,1857233047,225282636,41860,H1,013,01675903,488,A,06013,+37.9194790,-121.9515431,06,36084,G4020,Contra Costa,Contra Costa County,06,2024-09-26,17.343024193238822,1727308800000,"{""type"":""MultiPoint"",""coordinates"":[]}"
999_00000000000000000023,1909598013,216923745,41860,H1,001,01675839,488,A,06001,+37.6471385,-121.9124880,06,36084,G4020,Alameda,Alameda County,06,2024-09-26,17.696496858444903,1727308800000,"{""type"":""MultiPoint"",""coordinates"":[]}"
999_0000000000000000001f,121375681,479216672,41860,H6,075,00277302,488,C,06075,+37.7272391,-123.0322294,06,41884,G4020,San Francisco,San Francisco County,06,2024-09-26,15.719947942589902,1727308800000,"{""type"":""MultiPoint"",""coordinates"":[]}"
1000_00000000000000000021,1857233047,225282636,41860,H1,013,01675903,488,A,06013,+37.9194790,-121.9515431,06,36084,G4020,Contra Costa,Contra Costa County,06,2024-09-27,20.682019939642544,1727395200000,"{""type"":""MultiPoint"",""coordinates"":[]}"
1000_00000000000000000023,1909598013,216923745,41860,H1,001,01675839,488,A,06001,+37.6471385,-121.9124880,06,36084,G4020,Alameda,Alameda County,06,2024-09-27,21.598525948385454,1727395200000,"{""type"":""MultiPoint"",""coordinates"":[]}"
1000_0000000000000000001f,121375681,479216672,41860,H6,075,00277302,488,C,06075,+37.7272391,-123.0322294,06,41884,G4020,San Francisco,San Francisco County,06,2024-09-27,18.294619151102523,1727395200000,"{""type"":""MultiPoint"",""coordinates"":[]}"
1001_00000000000000000021,1857233047,225282636,41860,H1,013,01675903,488,A,06013,+37.9194790,-121.9515431,06,36084,G4020,Contra Costa,Contra Costa County,06,2024-09-28,21.1331188822828,1727481600000,"{""type"":""MultiPoint"",""coordinates"":[]}"
1001_00000000000000000023,1909598013,216923745,41860,H1,001,01675839,488,A,06001,+37.6471385,-121.9124880,06,36084,G4020,Alameda,Alameda County,06,2024-09-28,21.875333460685916,1727481600000,"{""type"":""MultiPoint"",""coordinates"":[]}"
1001_0000000000000000001f,121375681,479216672,41860,H6,075,00277302,488,C,06075,+37.7272391,-123.0322294,06,41884,G4020,San Francisco,San Francisco County,06,2024-09-28,17.35492501766126,1727481600000,"{""type"":""MultiPoint"",""coordinates"":[]}"
1002_00000000000000000021,1857233047,225282636,41860,H1,013,01675903,488,A,06013,+37.9194790,-121.9515431,06,36084,G4020,Contra Costa,Contra Costa County,06,2024-09-29,18.01426333467749,1727568000000,"{""type"":""MultiPoint"",""coordinates"":[]}"
1002_00000000000000000023,1909598013,216923745,41860,H1,001,01675839,488,A,06001,+37.6471385,-121.9124880,06,36084,G4020,Alameda,Alameda County,06,2024-09-29,18.45741950251108,1727568000000,"{""type"":""MultiPoint"",""coordinates"":[]}"
1002_0000000000000000001f,121375681,479216672,41860,H6,075,00277302,488,C,06075,+37.7272391,-123.0322294,06,41884,G4020,San Francisco,San Francisco County,06,2024-09-29,15.721710900873035,1727568000000,"{""type"":""MultiPoint"",""coordinates"":[]}"
1003_00000000000000000021,1857233047,225282636,41860,H1,013,01675903,488,A,06013,+37.9194790,-121.9515431,06,36084,G4020,Contra Costa,Contra Costa County,06,2024-09-30,20.833672770382012,1727654400000,"{""type"":""MultiPoint"",""coordinates"":[]}"
1003_00000000000000000023,1909598013,216923745,41860,H1,001,01675839,488,A,06001,+37.6471385,-121.9124880,06,36084,G4020,Alameda,Alameda County,06,2024-09-30,21.97781080440799,1727654400000,"{""type"":""MultiPoint"",""coordinates"":[]}"
1003_0000000000000000001f,121375681,479216672,41860,H6,075,00277302,488,C,06075,+37.7272391,-123.0322294,06,41884,G4020,San Francisco,San Francisco County,06,2024-09-30,18.826169271364616,1727654400000,"{""type"":""MultiPoint"",""coordinates"":[]}"
1004_00000000000000000021,1857233047,225282636,41860,H1,013,01675903,488,A,06013,+37.9194790,-121.9515431,06,36084,G4020,Contra Costa,Contra Costa County,06,2024-10-01,25.86143619473558,1727740800000,"{""type"":""MultiPoint"",""coordinates"":[]}"
1004_00000000000000000023,1909598013,216923745,41860,H1,001,01675839,488,A,06001,+37.6471385,-121.9124880,06,36084,G4020,Alameda,Alameda County,06,2024-10-01,26.95471502198624,1727740800000,"{""type"":""MultiPoint"",""coordinates"":[]}"
1004_0000000000000000001f,121375681,479216672,41860,H6,075,00277302,488,C,06075,+37.7272391,-123.0322294,06,41884,G4020,San Francisco,San Francisco County,06,2024-10-01,23.2404331300737,1727740800000,"{""type"":""MultiPoint"",""coordinates"":[]}"
1005_00000000000000000021,1857233047,225282636,41860,H1,013,01675903,488,A,06013,+37.9194790,-121.9515431,06,36084,G4020,Contra Costa,Contra Costa County,06,2024-10-02,26.743138479341972,1727827200000,"{""type"":""MultiPoint"",""coordinates"":[]}"
1005_00000000000000000023,1909598013,216923745,41860,H1,001,01675839,488,A,06001,+37.6471385,-121.9124880,06,36084,G4020,Alameda,Alameda County,06,2024-10-02,29.541171307882113,1727827200000,"{""type"":""MultiPoint"",""coordinates"":[]}"
1005_0000000000000000001f,121375681,479216672,41860,H6,075,00277302,488,C,06075,+37.7272391,-123.0322294,06,41884,G4020,San Francisco,San Francisco County,06,2024-10-02,23.58633953711821,1727827200000,"{""type"":""MultiPoint"",""coordinates"":[]}"
1006_00000000000000000021,1857233047,225282636,41860,H1,013,01675903,488,A,06013,+37.9194790,-121.9515431,06,36084,G4020,Contra Costa,Contra Costa County,06,2024-10-03,25.543192275053155,1727913600000,"{""type"":""MultiPoint"",""coordinates"":[]}"
1006_00000000000000000023,1909598013,216923745,41860,H1,001,01675839,488,A,06001,+37.6471385,-121.9124880,06,36084,G4020,Alameda,Alameda County,06,2024-10-03,28.16300259955987,1727913600000,"{""type"":""MultiPoint"",""coordinates"":[]}"
1006_0000000000000000001f,121375681,479216672,41860,H6,075,00277302,488,C,06075,+37.7272391,-123.0322294,06,41884,G4020,San Francisco,San Francisco County,06,2024-10-03,21.914958973287558,1727913600000,"{""type"":""MultiPoint"",""coordinates"":[]}"
1007_00000000000000000021,1857233047,225282636,41860,H1,013,01675903,488,A,06013,+37.9194790,-121.9515431,06,36084,G4020,Contra Costa,Contra Costa County,06,2024-10-04,23.6441379640238,1728000000000,"{""type"":""MultiPoint"",""coordinates"":[]}"
1007_00000000000000000023,1909598013,216923745,41860,H1,001,01675839,488,A,06001,+37.6471385,-121.9124880,06,36084,G4020,Alameda,Alameda County,06,2024-10-04,25.5944768072614,1728000000000,"{""type"":""MultiPoint"",""coordinates"":[]}"
1007_0000000000000000001f,121375681,479216672,41860,H6,075,00277302,488,C,06075,+37.7272391,-123.0322294,06,41884,G4020,San Francisco,San Francisco County,06,2024-10-04,19.354005808433694,1728000000000,"{""type"":""MultiPoint"",""coordinates"":[]}"
1008_00000000000000000021,1857233047,225282636,41860,H1,013,01675903,488,A,06013,+37.9194790,-121.9515431,06,36084,G4020,Contra Costa,Contra Costa County,06,2024-10-05,25.816801664670024,1728086400000,"{""type"":""MultiPoint"",""coordinates"":[]}"
1008_00000000000000000023,1909598013,216923745,41860,H1,001,01675839,488,A,06001,+37.6471385,-121.9124880,06,36084,G4020,Alameda,Alameda County,06,2024-10-05,27.467336732761268,1728086400000,"{""type"":""MultiPoint"",""coordinates"":[]}"
1008_0000000000000000001f,121375681,479216672,41860,H6,075,00277302,488,C,06075,+37.7272391,-123.0322294,06,41884,G4020,San Francisco,San Francisco County,06,2024-10-05,23.820006064704607,1728086400000,"{""type"":""MultiPoint"",""coordinates"":[]}"
1009_00000000000000000021,1857233047,225282636,41860,H1,013,01675903,488,A,06013,+37.9194790,-121.9515431,06,36084,G4020,Contra Costa,Contra Costa County,06,2024-10-06,28.201779065796376,1728172800000,"{""type"":""MultiPoint"",""coordinates"":[]}"
1009_00000000000000000023,1909598013,216923745,41860,H1,001,01675839,488,A,06001,+37.6471385,-121.9124880,06,36084,G4020,Alameda,Alameda County,06,2024-10-06,29.197938212819555,1728172800000,"{""type"":""MultiPoint"",""coordinates"":[]}"
1009_0000000000000000001f,121375681,479216672,41860,H6,075,00277302,488,C,06075,+37.7272391,-123.0322294,06,41884,G4020,San Francisco,San Francisco County,06,2024-10-06,26.190464294994385,1728172800000,"{""type"":""MultiPoint"",""coordinates"":[]}"
1010_00000000000000000021,1857233047,225282636,41860,H1,013,01675903,488,A,06013,+37.9194790,-121.9515431,06,36084,G4020,Contra Costa,Contra Costa County,06,2024-10-07,28.04245253721725,1728259200000,"{""type"":""MultiPoint"",""coordinates"":[]}"
1010_00000000000000000023,1909598013,216923745,41860,H1,001,01675839,488,A,06001,+37.6471385,-121.9124880,06,36084,G4020,Alameda,Alameda County,06,2024-10-07,29.571397394119657,1728259200000,"{""type"":""MultiPoint"",""coordinates"":[]}"
1010_0000000000000000001f,121375681,479216672,41860,H6,075,00277302,488,C,06075,+37.7272391,-123.0322294,06,41884,G4020,San Francisco,San Francisco County,06,2024-10-07,25.940548870103925,1728259200000,"{""type"":""MultiPoint"",""coordinates"":[]}"
1011_00000000000000000021,1857233047,225282636,41860,H1,013,01675903,488,A,06013,+37.9194790,-121.9515431,06,36084,G4020,Contra Costa,Contra Costa County,06,2024-10-08,24.516132745755694,1728345600000,"{""type"":""MultiPoint"",""coordinates"":[]}"
1011_00000000000000000023,1909598013,216923745,41860,H1,001,01675839,488,A,06001,+37.6471385,-121.9124880,06,36084,G4020,Alameda,Alameda County,06,2024-10-08,24.688764224739288,1728345600000,"{""type"":""MultiPoint"",""coordinates"":[]}"
1011_0000000000000000001f,121375681,479216672,41860,H6,075,00277302,488,C,06075,+37.7272391,-123.0322294,06,41884,G4020,San Francisco,San Francisco County,06,2024-10-08,21.142859668350482,1728345600000,"{""type"":""MultiPoint"",""coordinates"":[]}"
1012_00000000000000000021,1857233047,225282636,41860,H1,013,01675903,488,A,06013,+37.9194790,-121.9515431,06,36084,G4020,Contra Costa,Contra Costa County,06,2024-10-09,20.24578372285265,1728432000000,"{""type"":""MultiPoint"",""coordinates"":[]}"
1012_00000000000000000023,1909598013,216923745,41860,H1,001,01675839,488,A,06001,+37.6471385,-121.9124880,06,36084,G4020,Alameda,Alameda County,06,2024-10-09,20.279288892418492,1728432000000,"{""type"":""MultiPoint"",""coordinates"":[]}"
1012_0000000000000000001f,121375681,479216672,41860,H6,075,00277302,488,C,06075,+37.7272391,-123.0322294,06,41884,G4020,San Francisco,San Francisco County,06,2024-10-09,17.3027503283542,1728432000000,"{""type"":""MultiPoint"",""coordinates"":[]}"
1013_00000000000000000021,1857233047,225282636,41860,H1,013,01675903,488,A,06013,+37.9194790,-121.9515431,06,36084,G4020,Contra Costa,Contra Costa County,06,2024-10-10,19.570927910008805,1728518400000,"{""type"":""MultiPoint"",""coordinates"":[]}"
1013_00000000000000000023,1909598013,216923745,41860,H1,001,01675839,488,A,06001,+37.6471385,-121.9124880,06,36084,G4020,Alameda,Alameda County,06,2024-10-10,19.394690887626144,1728518400000,"{""type"":""MultiPoint"",""coordinates"":[]}"
1013_0000000000000000001f,121375681,479216672,41860,H6,075,00277302,488,C,06075,+37.7272391,-123.0322294,06,41884,G4020,San Francisco,San Francisco County,06,2024-10-10,17.212437808383008,1728518400000,"{""type"":""MultiPoint"",""coordinates"":[]}"
1014_00000000000000000021,1857233047,225282636,41860,H1,013,01675903,488,A,06013,+37.9194790,-121.9515431,06,36084,G4020,Contra Costa,Contra Costa County,06,2024-10-11,17.783796194640622,1728604800000,"{""type"":""MultiPoint"",""coordinates"":[]}"
1014_00000000000000000023,1909598013,216923745,41860,H1,001,01675839,488,A,06001,+37.6471385,-121.9124880,06,36084,G4020,Alameda,Alameda County,06,2024-10-11,18.048486201641342,1728604800000,"{""type"":""MultiPoint"",""coordinates"":[]}"
1014_0000000000000000001f,121375681,479216672,41860,H6,075,00277302,488,C,06075,+37.7272391,-123.0322294,06,41884,G4020,San Francisco,San Francisco County,06,2024-10-11,15.343685201550226,1728604800000,"{""type"":""MultiPoint"",""coordinates"":[]}"
1015_00000000000000000021,1857233047,225282636,41860,H1,013,01675903,488,A,06013,+37.9194790,-121.9515431,06,36084,G4020,Contra Costa,Contra Costa County,06,2024-10-12,17.559718283010064,1728691200000,"{""type"":""MultiPoint"",""coordinates"":[]}"
1015_00000000000000000023,1909598013,216923745,41860,H1,001,01675839,488,A,06001,+37.6471385,-121.9124880,06,36084,G4020,Alameda,Alameda County,06,2024-10-12,17.449479141916683,1728691200000,"{""type"":""MultiPoint"",""coordinates"":[]}"
1015_0000000000000000001f,121375681,479216672,41860,H6,075,00277302,488,C,06075,+37.7272391,-123.0322294,06,41884,G4020,San Francisco,San Francisco County,06,2024-10-12,16.23467140738848,1728691200000,"{""type"":""MultiPoint"",""coordinates"":[]}"
1016_00000000000000000021,1857233047,225282636,41860,H1,013,01675903,488,A,06013,+37.9194790,-121.9515431,06,36084,G4020,Contra Costa,Contra Costa County,06,2024-10-13,19.67689806426119,1728777600000,"{""type"":""MultiPoint"",""coordinates"":[]}"
1016_00000000000000000023,1909598013,216923745,41860,H1,001,01675839,488,A,06001,+37.6471385,-121.9124880,06,36084,G4020,Alameda,Alameda County,06,2024-10-13,19.210036507113365,1728777600000,"{""type"":""MultiPoint"",""coordinates"":[]}"
1016_0000000000000000001f,121375681,479216672,41860,H6,075,00277302,488,C,06075,+37.7272391,-123.0322294,06,41884,G4020,San Francisco,San Francisco County,06,2024-10-13,18.278523038449723,1728777600000,"{""type"":""MultiPoint"",""coordinates"":[]}"
1017_00000000000000000021,1857233047,225282636,41860,H1,013,01675903,488,A,06013,+37.9194790,-121.9515431,06,36084,G4020,Contra Costa,Contra Costa County,06,2024-10-14,18.192348148880498,1728864000000,"{""type"":""MultiPoint"",""coordinates"":[]}"
1017_00000000000000000023,1909598013,216923745,41860,H1,001,01675839,488,A,06001,+37.6471385,-121.9124880,06,36084,G4020,Alameda,Alameda County,06,2024-10-14,17.555766499854084,1728864000000,"{""type"":""MultiPoint"",""coordinates"":[]}"
1017_0000000000000000001f,121375681,479216672,41860,H6,075,00277302,488,C,06075,+37.7272391,-123.0322294,06,41884,G4020,San Francisco,San Francisco County,06,2024-10-14,16.22850606833485,1728864000000,"{""type"":""MultiPoint"",""coordinates"":[]}"
1018_00000000000000000021,1857233047,225282636,41860,H1,013,01675903,488,A,06013,+37.9194790,-121.9515431,06,36084,G4020,Contra Costa,Contra Costa County,06,2024-10-15,17.980414726207414,1728950400000,"{""type"":""MultiPoint"",""coordinates"":[]}"
1018_00000000000000000023,1909598013,216923745,41860,H1,001,01675839,488,A,06001,+37.6471385,-121.9124880,06,36084,G4020,Alameda,Alameda County,06,2024-10-15,17.30796531787436,1728950400000,"{""type"":""MultiPoint"",""coordinates"":[]}"
1018_0000000000000000001f,121375681,479216672,41860,H6,075,00277302,488,C,06075,+37.7272391,-123.0322294,06,41884,G4020,San Francisco,San Francisco County,06,2024-10-15,16.50521294220583,1728950400000,"{""type"":""MultiPoint"",""coordinates"":[]}"
1019_00000000000000000021,1857233047,225282636,41860,H1,013,01675903,488,A,06013,+37.9194790,-121.9515431,06,36084,G4020,Contra Costa,Contra Costa County,06,2024-10-16,18.364146043415513,1729036800000,"{""type"":""MultiPoint"",""coordinates"":[]}"
1019_00000000000000000023,1909598013,216923745,41860,H1,001,01675839,488,A,06001,+37.6471385,-121.9124880,06,36084,G4020,Alameda,Alameda County,06,2024-10-16,17.49013254678631,1729036800000,"{""type"":""MultiPoint"",""coordinates"":[]}"
1019_0000000000000000001f,121375681,479216672,41860,H6,075,00277302,488,C,06075,+37.7272391,-123.0322294,06,41884,G4020,San Francisco,San Francisco County,06,2024-10-16,17.0179127125645,1729036800000,"{""type"":""MultiPoint"",""coordinates"":[]}"
1020_00000000000000000021,1857233047,225282636,41860,H1,013,01675903,488,A,06013,+37.9194790,-121.9515431,06,36084,G4020,Contra Costa,Contra Costa County,06,2024-10-17,16.766864345808518,1729123200000,"{""type"":""MultiPoint"",""coordinates"":[]}"
1020_00000000000000000023,1909598013,216923745,41860,H1,001,01675839,488,A,06001,+37.6471385,-121.9124880,06,36084,G4020,Alameda,Alameda County,06,2024-10-17,15.668488227487206,1729123200000,"{""type"":""MultiPoint"",""coordinates"":[]}"
1020_0000000000000000001f,121375681,479216672,41860,H6,075,00277302,488,C,06075,+37.7272391,-123.0322294,06,41884,G4020,San Francisco,San Francisco County,06,2024-10-17,16.23431232533558,1729123200000,"{""type"":""MultiPoint"",""coordinates"":[]}"
1021_00000000000000000021,1857233047,225282636,41860,H1,013,01675903,488,A,06013,+37.9194790,-121.9515431,06,36084,G4020,Contra Costa,Contra Costa County,06,2024-10-18,17.851196699894352,1729209600000,"{""type"":""MultiPoint"",""coordinates"":[]}"
1021_00000000000000000023,1909598013,216923745,41860,H1,001,01675839,488,A,06001,+37.6471385,-121.9124880,06,36084,G4020,Alameda,Alameda County,06,2024-10-18,16.62402154127523,1729209600000,"{""type"":""MultiPoint"",""coordinates"":[]}"
1021_0000000000000000001f,121375681,479216672,41860,H6,075,00277302,488,C,06075,+37.7272391,-123.0322294,06,41884,G4020,San Francisco,San Francisco County,06,2024-10-18,17.764773593019648,1729209600000,"{""type"":""MultiPoint"",""coordinates"":[]}"
1022_00000000000000000021,1857233047,225282636,41860,H1,013,01675903,488,A,06013,+37.9194790,-121.9515431,06,36084,G4020,Contra Costa,Contra Costa County,06,2024-10-19,19.468508979565176,1729296000000,"{""type"":""MultiPoint"",""coordinates"":[]}"
1022_00000000000000000023,1909598013,216923745,41860,H1,001,01675839,488,A,06001,+37.6471385,-121.9124880,06,36084,G4020,Alameda,Alameda County,06,2024-10-19,18.576946402776297,1729296000000,"{""type"":""MultiPoint"",""coordinates"":[]}"
1022_0000000000000000001f,121375681,479216672,41860,H6,075,00277302,488,C,06075,+37.7272391,-123.0322294,06,41884,G4020,San Francisco,San Francisco County,06,2024-10-19,19.686202614081456,1729296000000,"{""type"":""MultiPoint"",""coordinates"":[]}"
1023_00000000000000000021,1857233047,225282636,41860,H1,013,01675903,488,A,06013,+37.9194790,-121.9515431,06,36084,G4020,Contra Costa,Contra Costa County,06,2024-10-20,18.13779161797392,1729382400000,"{""type"":""MultiPoint"",""coordinates"":[]}"
1023_00000000000000000023,1909598013,216923745,41860,H1,001,01675839,488,A,06001,+37.6471385,-121.9124880,06,36084,G4020,Alameda,Alameda County,06,2024-10-20,18.322239155929967,1729382400000,"{""type"":""MultiPoint"",""coordinates"":[]}"
1023_0000000000000000001f,121375681,479216672,41860,H6,075,00277302,488,C,06075,+37.7272391,-123.0322294,06,41884,G4020,San Francisco,San Francisco County,06,2024-10-20,18.241082388596894,1729382400000,"{""type"":""MultiPoint"",""coordinates"":[]}"
1024_00000000000000000021,1857233047,225282636,41860,H1,013,01675903,488,A,06013,+37.9194790,-121.9515431,06,36084,G4020,Contra Costa,Contra Costa County,06,2024-10-21,17.01711026361407,1729468800000,"{""type"":""MultiPoint"",""coordinates"":[]}"
1024_00000000000000000023,1909598013,216923745,41860,H1,001,01675839,488,A,06001,+37.6471385,-121.9124880,06,36084,G4020,Alameda,Alameda County,06,2024-10-21,17.36861627779661,1729468800000,"{""type"":""MultiPoint"",""coordinates"":[]}"
1024_0000000000000000001f,121375681,479216672,41860,H6,075,00277302,488,C,06075,+37.7272391,-123.0322294,06,41884,G4020,San Francisco,San Francisco County,06,2024-10-21,15.561781760633286,1729468800000,"{""type"":""MultiPoint"",""coordinates"":[]}"
1025_00000000000000000021,1857233047,225282636,41860,H1,013,01675903,488,A,06013,+37.9194790,-121.9515431,06,36084,G4020,Contra Costa,Contra Costa County,06,2024-10-22,16.105346430367113,1729555200000,"{""type"":""MultiPoint"",""coordinates"":[]}"
1025_00000000000000000023,1909598013,216923745,41860,H1,001,01675839,488,A,06001,+37.6471385,-121.9124880,06,36084,G4020,Alameda,Alameda County,06,2024-10-22,15.765472782287068,1729555200000,"{""type"":""MultiPoint"",""coordinates"":[]}"
1025_0000000000000000001f,121375681,479216672,41860,H6,075,00277302,488,C,06075,+37.7272391,-123.0322294,06,41884,G4020,San Francisco,San Francisco County,06,2024-10-22,14.849224935171325,1729555200000,"{""type"":""MultiPoint"",""coordinates"":[]}"
1026_00000000000000000021,1857233047,225282636,41860,H1,013,01675903,488,A,06013,+37.9194790,-121.9515431,06,36084,G4020,Contra Costa,Contra Costa County,06,2024-10-23,15.97724164917399,1729641600000,"{""type"":""MultiPoint"",""coordinates"":[]}"
1026_00000000000000000023,1909598013,216923745,41860,H1,001,01675839,488,A,06001,+37.6471385,-121.9124880,06,36084,G4020,Alameda,Alameda County,06,2024-10-23,16.74690598536799,1729641600000,"{""type"":""MultiPoint"",""coordinates"":[]}"
1026_0000000000000000001f,121375681,479216672,41860,H6,075,00277302,488,C,06075,+37.7272391,-123.0322294,06,41884,G4020,San Francisco,San Francisco County,06,2024-10-23,14.964479377298957,1729641600000,"{""type"":""MultiPoint"",""coordinates"":[]}"
1027_00000000000000000021,1857233047,225282636,41860,H1,013,01675903,488,A,06013,+37.9194790,-121.9515431,06,36084,G4020,Contra Costa,Contra Costa County,06,2024-10-24,17.459542990518404,1729728000000,"{""type"":""MultiPoint"",""coordinates"":[]}"
1027_00000000000000000023,1909598013,216923745,41860,H1,001,01675839,488,A,06001,+37.6471385,-121.9124880,06,36084,G4020,Alameda,Alameda County,06,2024-10-24,17.063828565083313,1729728000000,"{""type"":""MultiPoint"",""coordinates"":[]}"
1027_0000000000000000001f,121375681,479216672,41860,H6,075,00277302,488,C,06075,+37.7272391,-123.0322294,06,41884,G4020,San Francisco,San Francisco County,06,2024-10-24,17.18479562657333,1729728000000,"{""type"":""MultiPoint"",""coordinates"":[]}"
1028_00000000000000000021,1857233047,225282636,41860,H1,013,01675903,488,A,06013,+37.9194790,-121.9515431,06,36084,G4020,Contra Costa,Contra Costa County,06,2024-10-25,17.6873595990904,1729814400000,"{""type"":""MultiPoint"",""coordinates"":[]}"
1028_00000000000000000023,1909598013,216923745,41860,H1,001,01675839,488,A,06001,+37.6471385,-121.9124880,06,36084,G4020,Alameda,Alameda County,06,2024-10-25,18.185573555254713,1729814400000,"{""type"":""MultiPoint"",""coordinates"":[]}"
1028_0000000000000000001f,121375681,479216672,41860,H6,075,00277302,488,C,06075,+37.7272391,-123.0322294,06,41884,G4020,San Francisco,San Francisco County,06,2024-10-25,16.339693526680605,1729814400000,"{""type"":""MultiPoint"",""coordinates"":[]}"
1029_00000000000000000021,1857233047,225282636,41860,H1,013,01675903,488,A,06013,+37.9194790,-121.9515431,06,36084,G4020,Contra Costa,Contra Costa County,06,2024-10-26,16.143815339380595,1729900800000,"{""type"":""MultiPoint"",""coordinates"":[]}"
1029_00000000000000000023,1909598013,216923745,41860,H1,001,01675839,488,A,06001,+37.6471385,-121.9124880,06,36084,G4020,Alameda,Alameda County,06,2024-10-26,17.383675379516838,1729900800000,"{""type"":""MultiPoint"",""coordinates"":[]}"
1029_0000000000000000001f,121375681,479216672,41860,H6,075,00277302,488,C,06075,+37.7272391,-123.0322294,06,41884,G4020,San Francisco,San Francisco County,06,2024-10-26,15.465369018318599,1729900800000,"{""type"":""MultiPoint"",""coordinates"":[]}"
1030_00000000000000000021,1857233047,225282636,41860,H1,013,01675903,488,A,06013,+37.9194790,-121.9515431,06,36084,G4020,Contra Costa,Contra Costa County,06,2024-10-27,17.886789445648255,1729987200000,"{""type"":""MultiPoint"",""coordinates"":[]}"
1030_00000000000000000023,1909598013,216923745,41860,H1,001,01675839,488,A,06001,+37.6471385,-121.9124880,06,36084,G4020,Alameda,Alameda County,06,2024-10-27,17.384623044649416,1729987200000,"{""type"":""MultiPoint"",""coordinates"":[]}"
1030_0000000000000000001f,121375681,479216672,41860,H6,075,00277302,488,C,06075,+37.7272391,-123.0322294,06,41884,G4020,San Francisco,San Francisco County,06,2024-10-27,16.505169397842348,1729987200000,"{""type"":""MultiPoint"",""coordinates"":[]}"
1031_00000000000000000021,1857233047,225282636,41860,H1,013,01675903,488,A,06013,+37.9194790,-121.9515431,06,36084,G4020,Contra Costa,Contra Costa County,06,2024-10-28,14.47939587354637,1730073600000,"{""type"":""MultiPoint"",""coordinates"":[]}"
1031_00000000000000000023,1909598013,216923745,41860,H1,001,01675839,488,A,06001,+37.6471385,-121.9124880,06,36084,G4020,Alameda,Alameda County,06,2024-10-28,13.553151529084106,1730073600000,"{""type"":""MultiPoint"",""coordinates"":[]}"
1031_0000000000000000001f,121375681,479216672,41860,H6,075,00277302,488,C,06075,+37.7272391,-123.0322294,06,41884,G4020,San Francisco,San Francisco County,06,2024-10-28,14.264848828146672,1730073600000,"{""type"":""MultiPoint"",""coordinates"":[]}"
1032_00000000000000000021,1857233047,225282636,41860,H1,013,01675903,488,A,06013,+37.9194790,-121.9515431,06,36084,G4020,Contra Costa,Contra Costa County,06,2024-10-29,12.817533250655977,1730160000000,"{""type"":""MultiPoint"",""coordinates"":[]}"
1032_00000000000000000023,1909598013,216923745,41860,H1,001,01675839,488,A,06001,+37.6471385,-121.9124880,06,36084,G4020,Alameda,Alameda County,06,2024-10-29,11.942754560625893,1730160000000,"{""type"":""MultiPoint"",""coordinates"":[]}"
1032_0000000000000000001f,121375681,479216672,41860,H6,075,00277302,488,C,06075,+37.7272391,-123.0322294,06,41884,G4020,San Francisco,San Francisco County,06,2024-10-29,13.055483496227563,1730160000000,"{""type"":""MultiPoint"",""coordinates"":[]}"
1033_00000000000000000021,1857233047,225282636,41860,H1,013,01675903,488,A,06013,+37.9194790,-121.9515431,06,36084,G4020,Contra Costa,Contra Costa County,06,2024-10-30,12.646379749705854,1730246400000,"{""type"":""MultiPoint"",""coordinates"":[]}"
1033_00000000000000000023,1909598013,216923745,41860,H1,001,01675839,488,A,06001,+37.6471385,-121.9124880,06,36084,G4020,Alameda,Alameda County,06,2024-10-30,11.895534630383251,1730246400000,"{""type"":""MultiPoint"",""coordinates"":[]}"
1033_0000000000000000001f,121375681,479216672,41860,H6,075,00277302,488,C,06075,+37.7272391,-123.0322294,06,41884,G4020,San Francisco,San Francisco County,06,2024-10-30,12.546835217208438,1730246400000,"{""type"":""MultiPoint"",""coordinates"":[]}"
1034_00000000000000000021,1857233047,225282636,41860,H1,013,01675903,488,A,06013,+37.9194790,-121.9515431,06,36084,G4020,Contra Costa,Contra Costa County,06,2024-10-31,14.091704174052465,1730332800000,"{""type"":""MultiPoint"",""coordinates"":[]}"
1034_00000000000000000023,1909598013,216923745,41860,H1,001,01675839,488,A,06001,+37.6471385,-121.9124880,06,36084,G4020,Alameda,Alameda County,06,2024-10-31,13.155734777810688,1730332800000,"{""type"":""MultiPoint"",""coordinates"":[]}"
1034_0000000000000000001f,121375681,479216672,41860,H6,075,00277302,488,C,06075,+37.7272391,-123.0322294,06,41884,G4020,San Francisco,San Francisco County,06,2024-10-31,14.119580684885685,1730332800000,"{""type"":""MultiPoint"",""coordinates"":[]}"
1035_00000000000000000021,1857233047,225282636,41860,H1,013,01675903,488,A,06013,+37.9194790,-121.9515431,06,36084,G4020,Contra Costa,Contra Costa County,06,2024-11-01,12.652533101079586,1730419200000,"{""type"":""MultiPoint"",""coordinates"":[]}"
1035_00000000000000000023,1909598013,216923745,41860,H1,001,01675839,488,A,06001,+37.6471385,-121.9124880,06,36084,G4020,Alameda,Alameda County,06,2024-11-01,12.095094521582848,1730419200000,"{""type"":""MultiPoint"",""coordinates"":[]}"
1035_0000000000000000001f,121375681,479216672,41860,H6,075,00277302,488,C,06075,+37.7272391,-123.0322294,06,41884,G4020,San Francisco,San Francisco County,06,2024-11-01,12.874885424792906,1730419200000,"{""type"":""MultiPoint"",""coordinates"":[]}"
1036_00000000000000000021,1857233047,225282636,41860,H1,013,01675903,488,A,06013,+37.9194790,-121.9515431,06,36084,G4020,Contra Costa,Contra Costa County,06,2024-11-02,14.189607339615133,1730505600000,"{""type"":""MultiPoint"",""coordinates"":[]}"
1036_00000000000000000023,1909598013,216923745,41860,H1,001,01675839,488,A,06001,+37.6471385,-121.9124880,06,36084,G4020,Alameda,Alameda County,06,2024-11-02,13.547367521744134,1730505600000,"{""type"":""MultiPoint"",""coordinates"":[]}"
1036_0000000000000000001f,121375681,479216672,41860,H6,075,00277302,488,C,06075,+37.7272391,-123.0322294,06,41884,G4020,San Francisco,San Francisco County,06,2024-11-02,14.344353880350424,1730505600000,"{""type"":""MultiPoint"",""coordinates"":[]}"
1037_00000000000000000021,1857233047,225282636,41860,H1,013,01675903,488,A,06013,+37.9194790,-121.9515431,06,36084,G4020,Contra Costa,Contra Costa County,06,2024-11-03,13.762832411895547,1730592000000,"{""type"":""MultiPoint"",""coordinates"":[]}"
1037_00000000000000000023,1909598013,216923745,41860,H1,001,01675839,488,A,06001,+37.6471385,-121.9124880,06,36084,G4020,Alameda,Alameda County,06,2024-11-03,12.460967865944935,1730592000000,"{""type"":""MultiPoint"",""coordinates"":[]}"
1037_0000000000000000001f,121375681,479216672,41860,H6,075,00277302,488,C,06075,+37.7272391,-123.0322294,06,41884,G4020,San Francisco,San Francisco County,06,2024-11-03,14.237795418174274,1730592000000,"{""type"":""MultiPoint"",""coordinates"":[]}"
1038_00000000000000000021,1857233047,225282636,41860,H1,013,01675903,488,A,06013,+37.9194790,-121.9515431,06,36084,G4020,Contra Costa,Contra Costa County,06,2024-11-04,15.87220020252585,1730678400000,"{""type"":""MultiPoint"",""coordinates"":[]}"
1038_00000000000000000023,1909598013,216923745,41860,H1,001,01675839,488,A,06001,+37.6471385,-121.9124880,06,36084,G4020,Alameda,Alameda County,06,2024-11-04,14.708815193649423,1730678400000,"{""type"":""MultiPoint"",""coordinates"":[]}"
1038_0000000000000000001f,121375681,479216672,41860,H6,075,00277302,488,C,06075,+37.7272391,-123.0322294,06,41884,G4020,San Francisco,San Francisco County,06,2024-11-04,14.8979849354826,1730678400000,"{""type"":""MultiPoint"",""coordinates"":[]}"
1039_00000000000000000021,1857233047,225282636,41860,H1,013,01675903,488,A,06013,+37.9194790,-121.9515431,06,36084,G4020,Contra Costa,Contra Costa County,06,2024-11-05,14.827373665040625,1730764800000,"{""type"":""MultiPoint"",""coordinates"":[]}"
1039_00000000000000000023,1909598013,216923745,41860,H1,001,01675839,488,A,06001,+37.6471385,-121.9124880,06,36084,G4020,Alameda,Alameda County,06,2024-11-05,14.614757912645658,1730764800000,"{""type"":""MultiPoint"",""coordinates"":[]}"
1039_0000000000000000001f,121375681,479216672,41860,H6,075,00277302,488,C,06075,+37.7272391,-123.0322294,06,41884,G4020,San Francisco,San Francisco County,06,2024-11-05,14.459213097951729,1730764800000,"{""type"":""MultiPoint"",""coordinates"":[]}"
1040_00000000000000000021,1857233047,225282636,41860,H1,013,01675903,488,A,06013,+37.9194790,-121.9515431,06,36084,G4020,Contra Costa,Contra Costa County,06,2024-11-06,16.32219499398013,1730851200000,"{""type"":""MultiPoint"",""coordinates"":[]}"
1040_00000000000000000023,1909598013,216923745,41860,H1,001,01675839,488,A,06001,+37.6471385,-121.9124880,06,36084,G4020,Alameda,Alameda County,06,2024-11-06,14.990498857291591,1730851200000,"{""type"":""MultiPoint"",""coordinates"":[]}"
1040_0000000000000000001f,121375681,479216672,41860,H6,075,00277302,488,C,06075,+37.7272391,-123.0322294,06,41884,G4020,San Francisco,San Francisco County,06,2024-11-06,16.197380904364344,1730851200000,"{""type"":""MultiPoint"",""coordinates"":[]}"
1041_00000000000000000021,1857233047,225282636,41860,H1,013,01675903,488,A,06013,+37.9194790,-121.9515431,06,36084,G4020,Contra Costa,Contra Costa County,06,2024-11-07,14.198688858474462,1730937600000,"{""type"":""MultiPoint"",""coordinates"":[]}"
1041_00000000000000000023,1909598013,216923745,41860,H1,001,01675839,488,A,06001,+37.6471385,-121.9124880,06,36084,G4020,Alameda,Alameda County,06,2024-11-07,14.619135231180845,1730937600000,"{""type"":""MultiPoint"",""coordinates"":[]}"
1041_0000000000000000001f,121375681,479216672,41860,H6,075,00277302,488,C,06075,+37.7272391,-123.0322294,06,41884,G4020,San Francisco,San Francisco County,06,2024-11-07,14.25596484707528,1730937600000,"{""type"":""MultiPoint"",""coordinates"":[]}"
1042_00000000000000000021,1857233047,225282636,41860,H1,013,01675903,488,A,06013,+37.9194790,-121.9515431,06,36084,G4020,Contra Costa,Contra Costa County,06,2024-11-08,13.97697068005694,1731024000000,"{""type"":""MultiPoint"",""coordinates"":[]}"
1042_00000000000000000023,1909598013,216923745,41860,H1,001,01675839,488,A,06001,+37.6471385,-121.9124880,06,36084,G4020,Alameda,Alameda County,06,2024-11-08,14.765789856365844,1731024000000,"{""type"":""MultiPoint"",""coordinates"":[]}"
1042_0000000000000000001f,121375681,479216672,41860,H6,075,00277302,488,C,06075,+37.7272391,-123.0322294,06,41884,G4020,San Francisco,San Francisco County,06,2024-11-08,14.213072966545516,1731024000000,"{""type"":""MultiPoint"",""coordinates"":[]}"
1043_00000000000000000021,1857233047,225282636,41860,H1,013,01675903,488,A,06013,+37.9194790,-121.9515431,06,36084,G4020,Contra Costa,Contra Costa County,06,2024-11-09,12.832657658715775,1731110400000,"{""type"":""MultiPoint"",""coordinates"":[]}"
1043_00000000000000000023,1909598013,216923745,41860,H1,001,01675839,488,A,06001,+37.6471385,-121.9124880,06,36084,G4020,Alameda,Alameda County,06,2024-11-09,13.838198696006337,1731110400000,"{""type"":""MultiPoint"",""coordinates"":[]}"
1043_0000000000000000001f,121375681,479216672,41860,H6,075,00277302,488,C,06075,+37.7272391,-123.0322294,06,41884,G4020,San Francisco,San Francisco County,06,2024-11-09,13.245847987083398,1731110400000,"{""type"":""MultiPoint"",""coordinates"":[]}"
1044_00000000000000000021,1857233047,225282636,41860,H1,013,01675903,488,A,06013,+37.9194790,-121.9515431,06,36084,G4020,Contra Costa,Contra Costa County,06,2024-11-10,13.46310075997838,1731196800000,"{""type"":""MultiPoint"",""coordinates"":[]}"
1044_00000000000000000023,1909598013,216923745,41860,H1,001,01675839,488,A,06001,+37.6471385,-121.9124880,06,36084,G4020,Alameda,Alameda County,06,2024-11-10,14.47902915375901,1731196800000,"{""type"":""MultiPoint"",""coordinates"":[]}"
1044_0000000000000000001f,121375681,479216672,41860,H6,075,00277302,488,C,06075,+37.7272391,-123.0322294,06,41884,G4020,San Francisco,San Francisco County,06,2024-11-10,13.053934882856984,1731196800000,"{""type"":""MultiPoint"",""coordinates"":[]}"
1045_00000000000000000021,1857233047,225282636,41860,H1,013,01675903,488,A,06013,+37.9194790,-121.9515431,06,36084,G4020,Contra Costa,Contra Costa County,06,2024-11-11,13.165268947759436,1731283200000,"{""type"":""MultiPoint"",""coordinates"":[]}"
1045_00000000000000000023,1909598013,216923745,41860,H1,001,01675839,488,A,06001,+37.6471385,-121.9124880,06,36084,G4020,Alameda,Alameda County,06,2024-11-11,12.296797180869731,1731283200000,"{""type"":""MultiPoint"",""coordinates"":[]}"
1045_0000000000000000001f,121375681,479216672,41860,H6,075,00277302,488,C,06075,+37.7272391,-123.0322294,06,41884,G4020,San Francisco,San Francisco County,06,2024-11-11,13.988670255413846,1731283200000,"{""type"":""MultiPoint"",""coordinates"":[]}"
1046_00000000000000000021,1857233047,225282636,41860,H1,013,01675903,488,A,06013,+37.9194790,-121.9515431,06,36084,G4020,Contra Costa,Contra Costa County,06,2024-11-12,10.697069253205306,1731369600000,"{""type"":""MultiPoint"",""coordinates"":[]}"
1046_00000000000000000023,1909598013,216923745,41860,H1,001,01675839,488,A,06001,+37.6471385,-121.9124880,06,36084,G4020,Alameda,Alameda County,06,2024-11-12,10.440792363812765,1731369600000,"{""type"":""MultiPoint"",""coordinates"":[]}"
1046_0000000000000000001f,121375681,479216672,41860,H6,075,00277302,488,C,06075,+37.7272391,-123.0322294,06,41884,G4020,San Francisco,San Francisco County,06,2024-11-12,11.778071144394248,1731369600000,"{""type"":""MultiPoint"",""coordinates"":[]}"
1047_00000000000000000021,1857233047,225282636,41860,H1,013,01675903,488,A,06013,+37.9194790,-121.9515431,06,36084,G4020,Contra Costa,Contra Costa County,06,2024-11-13,10.871870310858599,1731456000000,"{""type"":""MultiPoint"",""coordinates"":[]}"
1047_00000000000000000023,1909598013,216923745,41860,H1,001,01675839,488,A,06001,+37.6471385,-121.9124880,06,36084,G4020,Alameda,Alameda County,06,2024-11-13,10.812264454671684,1731456000000,"{""type"":""MultiPoint"",""coordinates"":[]}"
1047_0000000000000000001f,121375681,479216672,41860,H6,075,00277302,488,C,06075,+37.7272391,-123.0322294,06,41884,G4020,San Francisco,San Francisco County,06,2024-11-13,11.44473382050881,1731456000000,"{""type"":""MultiPoint"",""coordinates"":[]}"
1048_00000000000000000021,1857233047,225282636,41860,H1,013,01675903,488,A,06013,+37.9194790,-121.9515431,06,36084,G4020,Contra Costa,Contra Costa County,06,2024-11-14,11.755953365384192,1731542400000,"{""type"":""MultiPoint"",""coordinates"":[]}"
1048_00000000000000000023,1909598013,216923745,41860,H1,001,01675839,488,A,06001,+37.6471385,-121.9124880,06,36084,G4020,Alameda,Alameda County,06,2024-11-14,11.431187171950778,1731542400000,"{""type"":""MultiPoint"",""coordinates"":[]}"
1048_0000000000000000001f,121375681,479216672,41860,H6,075,00277302,488,C,06075,+37.7272391,-123.0322294,06,41884,G4020,San Francisco,San Francisco County,06,2024-11-14,12.51189118464635,1731542400000,"{""type"":""MultiPoint"",""coordinates"":[]}"
1049_00000000000000000021,1857233047,225282636,41860,H1,013,01675903,488,A,06013,+37.9194790,-121.9515431,06,36084,G4020,Contra Costa,Contra Costa County,06,2024-11-15,10.04220785650372,1731628800000,"{""type"":""MultiPoint"",""coordinates"":[]}"
1049_00000000000000000023,1909598013,216923745,41860,H1,001,01675839,488,A,06001,+37.6471385,-121.9124880,06,36084,G4020,Alameda,Alameda County,06,2024-11-15,9.033000704832265,1731628800000,"{""type"":""MultiPoint"",""coordinates"":[]}"
1049_0000000000000000001f,121375681,479216672,41860,H6,075,00277302,488,C,06075,+37.7272391,-123.0322294,06,41884,G4020,San Francisco,San Francisco County,06,2024-11-15,10.982174672041324,1731628800000,"{""type"":""MultiPoint"",""coordinates"":[]}"
1050_00000000000000000021,1857233047,225282636,41860,H1,013,01675903,488,A,06013,+37.9194790,-121.9515431,06,36084,G4020,Contra Costa,Contra Costa County,06,2024-11-16,8.97347833679588,1731715200000,"{""type"":""MultiPoint"",""coordinates"":[]}"
1050_00000000000000000023,1909598013,216923745,41860,H1,001,01675839,488,A,06001,+37.6471385,-121.9124880,06,36084,G4020,Alameda,Alameda County,06,2024-11-16,8.406560790983683,1731715200000,"{""type"":""MultiPoint"",""coordinates"":[]}"
1050_0000000000000000001f,121375681,479216672,41860,H6,075,00277302,488,C,06075,+37.7272391,-123.0322294,06,41884,G4020,San Francisco,San Francisco County,06,2024-11-16,10.078016962165798,1731715200000,"{""type"":""MultiPoint"",""coordinates"":[]}"
1051_00000000000000000021,1857233047,225282636,41860,H1,013,01675903,488,A,06013,+37.9194790,-121.9515431,06,36084,G4020,Contra Costa,Contra Costa County,06,2024-11-17,8.9082079258839,1731801600000,"{""type"":""MultiPoint"",""coordinates"":[]}"
1051_00000000000000000023,1909598013,216923745,41860,H1,001,01675839,488,A,06001,+37.6471385,-121.9124880,06,36084,G4020,Alameda,Alameda County,06,2024-11-17,8.725149548287044,1731801600000,"{""type"":""MultiPoint"",""coordinates"":[]}"
1051_0000000000000000001f,121375681,479216672,41860,H6,075,00277302,488,C,06075,+37.7272391,-123.0322294,06,41884,G4020,San Francisco,San Francisco County,06,2024-11-17,10.117363446824134,1731801600000,"{""type"":""MultiPoint"",""coordinates"":[]}"
1052_00000000000000000021,1857233047,225282636,41860,H1,013,01675903,488,A,06013,+37.9194790,-121.9515431,06,36084,G4020,Contra Costa,Contra Costa County,06,2024-11-18,10.769997979339774,1731888000000,"{""type"":""MultiPoint"",""coordinates"":[]}"
1052_00000000000000000023,1909598013,216923745,41860,H1,001,01675839,488,A,06001,+37.6471385,-121.9124880,06,36084,G4020,Alameda,Alameda County,06,2024-11-18,9.872380673985909,1731888000000,"{""type"":""MultiPoint"",""coordinates"":[]}"
1052_0000000000000000001f,121375681,479216672,41860,H6,075,00277302,488,C,06075,+37.7272391,-123.0322294,06,41884,G4020,San Francisco,San Francisco County,06,2024-11-18,11.090333049240472,1731888000000,"{""type"":""MultiPoint"",""coordinates"":[]}"
1053_00000000000000000021,1857233047,225282636,41860,H1,013,01675903,488,A,06013,+37.9194790,-121.9515431,06,36084,G4020,Contra Costa,Contra Costa County,06,2024-11-19,8.578380223059582,1731974400000,"{""type"":""MultiPoint"",""coordinates"":[]}"
1053_00000000000000000023,1909598013,216923745,41860,H1,001,01675839,488,A,06001,+37.6471385,-121.9124880,06,36084,G4020,Alameda,Alameda County,06,2024-11-19,8.364089715775883,1731974400000,"{""type"":""MultiPoint"",""coordinates"":[]}"
1053_0000000000000000001f,121375681,479216672,41860,H6,075,00277302,488,C,06075,+37.7272391,-123.0322294,06,41884,G4020,San Francisco,San Francisco County,06,2024-11-19,9.482055732682799,1731974400000,"{""type"":""MultiPoint"",""coordinates"":[]}"
1054_00000000000000000021,1857233047,225282636,41860,H1,013,01675903,488,A,06013,+37.9194790,-121.9515431,06,36084,G4020,Contra Costa,Contra Costa County,06,2024-11-20,11.539327492203288,1732060800000,"{""type"":""MultiPoint"",""coordinates"":[]}"
1054_00000000000000000023,1909598013,216923745,41860,H1,001,01675839,488,A,06001,+37.6471385,-121.9124880,06,36084,G4020,Alameda,Alameda County,06,2024-11-20,11.327884022181934,1732060800000,"{""type"":""MultiPoint"",""coordinates"":[]}"
1054_0000000000000000001f,121375681,479216672,41860,H6,075,00277302,488,C,06075,+37.7272391,-123.0322294,06,41884,G4020,San Francisco,San Francisco County,06,2024-11-20,12.206768106968473,1732060800000,"{""type"":""MultiPoint"",""coordinates"":[]}"
1055_00000000000000000021,1857233047,225282636,41860,H1,013,01675903,488,A,06013,+37.9194790,-121.9515431,06,36084,G4020,Contra Costa,Contra Costa County,06,2024-11-21,13.882070202112727,1732147200000,"{""type"":""MultiPoint"",""coordinates"":[]}"
1055_00000000000000000023,1909598013,216923745,41860,H1,001,01675839,488,A,06001,+37.6471385,-121.9124880,06,36084,G4020,Alameda,Alameda County,06,2024-11-21,13.674279732270746,1732147200000,"{""type"":""MultiPoint"",""coordinates"":[]}"
1055_0000000000000000001f,121375681,479216672,41860,H6,075,00277302,488,C,06075,+37.7272391,-123.0322294,06,41884,G4020,San Francisco,San Francisco County,06,2024-11-21,13.674381848599076,1732147200000,"{""type"":""MultiPoint"",""coordinates"":[]}"
1056_00000000000000000021,1857233047,225282636,41860,H1,013,01675903,488,A,06013,+37.9194790,-121.9515431,06,36084,G4020,Contra Costa,Contra Costa County,06,2024-11-22,14.792202395388346,1732233600000,"{""type"":""MultiPoint"",""coordinates"":[]}"
1056_00000000000000000023,1909598013,216923745,41860,H1,001,01675839,488,A,06001,+37.6471385,-121.9124880,06,36084,G4020,Alameda,Alameda County,06,2024-11-22,14.227269239464055,1732233600000,"{""type"":""MultiPoint"",""coordinates"":[]}"
1056_0000000000000000001f,121375681,479216672,41860,H6,075,00277302,488,C,06075,+37.7272391,-123.0322294,06,41884,G4020,San Francisco,San Francisco County,06,2024-11-22,14.417072084378944,1732233600000,"{""type"":""MultiPoint"",""coordinates"":[]}"
1057_00000000000000000021,1857233047,225282636,41860,H1,013,01675903,488,A,06013,+37.9194790,-121.9515431,06,36084,G4020,Contra Costa,Contra Costa County,06,2024-11-23,12.42743600869312,1732320000000,"{""type"":""MultiPoint"",""coordinates"":[]}"
1057_00000000000000000023,1909598013,216923745,41860,H1,001,01675839,488,A,06001,+37.6471385,-121.9124880,06,36084,G4020,Alameda,Alameda County,06,2024-11-23,12.189695772297524,1732320000000,"{""type"":""MultiPoint"",""coordinates"":[]}"
1057_0000000000000000001f,121375681,479216672,41860,H6,075,00277302,488,C,06075,+37.7272391,-123.0322294,06,41884,G4020,San Francisco,San Francisco County,06,2024-11-23,12.273306915853848,1732320000000,"{""type"":""MultiPoint"",""coordinates"":[]}"
1058_00000000000000000021,1857233047,225282636,41860,H1,013,01675903,488,A,06013,+37.9194790,-121.9515431,06,36084,G4020,Contra Costa,Contra Costa County,06,2024-11-24,9.171168709138103,1732406400000,"{""type"":""MultiPoint"",""coordinates"":[]}"
1058_00000000000000000023,1909598013,216923745,41860,H1,001,01675839,488,A,06001,+37.6471385,-121.9124880,06,36084,G4020,Alameda,Alameda County,06,2024-11-24,9.238511125495103,1732406400000,"{""type"":""MultiPoint"",""coordinates"":[]}"
1058_0000000000000000001f,121375681,479216672,41860,H6,075,00277302,488,C,06075,+37.7272391,-123.0322294,06,41884,G4020,San Francisco,San Francisco County,06,2024-11-24,10.068753052249757,1732406400000,"{""type"":""MultiPoint"",""coordinates"":[]}"
1059_00000000000000000021,1857233047,225282636,41860,H1,013,01675903,488,A,06013,+37.9194790,-121.9515431,06,36084,G4020,Contra Costa,Contra Costa County,06,2024-11-25,10.061964701447197,1732492800000,"{""type"":""MultiPoint"",""coordinates"":[]}"
1059_00000000000000000023,1909598013,216923745,41860,H1,001,01675839,488,A,06001,+37.6471385,-121.9124880,06,36084,G4020,Alameda,Alameda County,06,2024-11-25,9.869148625518486,1732492800000,"{""type"":""MultiPoint"",""coordinates"":[]}"
1059_0000000000000000001f,121375681,479216672,41860,H6,075,00277302,488,C,06075,+37.7272391,-123.0322294,06,41884,G4020,San Francisco,San Francisco County,06,2024-11-25,11.7342489056861,1732492800000,"{""type"":""MultiPoint"",""coordinates"":[]}"
1060_00000000000000000021,1857233047,225282636,41860,H1,013,01675903,488,A,06013,+37.9194790,-121.9515431,06,36084,G4020,Contra Costa,Contra Costa County,06,2024-11-26,11.644887480117154,1732579200000,"{""type"":""MultiPoint"",""coordinates"":[]}"
1060_00000000000000000023,1909598013,216923745,41860,H1,001,01675839,488,A,06001,+37.6471385,-121.9124880,06,36084,G4020,Alameda,Alameda County,06,2024-11-26,11.288200097777738,1732579200000,"{""type"":""MultiPoint"",""coordinates"":[]}"
1060_0000000000000000001f,121375681,479216672,41860,H6,075,00277302,488,C,06075,+37.7272391,-123.0322294,06,41884,G4020,San Francisco,San Francisco County,06,2024-11-26,12.202591604974343,1732579200000,"{""type"":""MultiPoint"",""coordinates"":[]}"
1061_00000000000000000021,1857233047,225282636,41860,H1,013,01675903,488,A,06013,+37.9194790,-121.9515431,06,36084,G4020,Contra Costa,Contra Costa County,06,2024-11-27,9.586374836120598,1732665600000,"{""type"":""MultiPoint"",""coordinates"":[]}"
1061_00000000000000000023,1909598013,216923745,41860,H1,001,01675839,488,A,06001,+37.6471385,-121.9124880,06,36084,G4020,Alameda,Alameda County,06,2024-11-27,9.433253230999188,1732665600000,"{""type"":""MultiPoint"",""coordinates"":[]}"
1061_0000000000000000001f,121375681,479216672,41860,H6,075,00277302,488,C,06075,+37.7272391,-123.0322294,06,41884,G4020,San Francisco,San Francisco County,06,2024-11-27,10.186727648992715,1732665600000,"{""type"":""MultiPoint"",""coordinates"":[]}"
1062_00000000000000000021,1857233047,225282636,41860,H1,013,01675903,488,A,06013,+37.9194790,-121.9515431,06,36084,G4020,Contra Costa,Contra Costa County,06,2024-11-28,9.042752643576106,1732752000000,"{""type"":""MultiPoint"",""coordinates"":[]}"
1062_00000000000000000023,1909598013,216923745,41860,H1,001,01675839,488,A,06001,+37.6471385,-121.9124880,06,36084,G4020,Alameda,Alameda County,06,2024-11-28,8.655968370243658,1732752000000,"{""type"":""MultiPoint"",""coordinates"":[]}"
1062_0000000000000000001f,121375681,479216672,41860,H6,075,00277302,488,C,06075,+37.7272391,-123.0322294,06,41884,G4020,San Francisco,San Francisco County,06,2024-11-28,9.023865627581532,1732752000000,"{""type"":""MultiPoint"",""coordinates"":[]}"
1063_00000000000000000021,1857233047,225282636,41860,H1,013,01675903,488,A,06013,+37.9194790,-121.9515431,06,36084,G4020,Contra Costa,Contra Costa County,06,2024-11-29,8.587530163964784,1732838400000,"{""type"":""MultiPoint"",""coordinates"":[]}"
1063_00000000000000000023,1909598013,216923745,41860,H1,001,01675839,488,A,06001,+37.6471385,-121.9124880,06,36084,G4020,Alameda,Alameda County,06,2024-11-29,8.235488905143647,1732838400000,"{""type"":""MultiPoint"",""coordinates"":[]}"
1063_0000000000000000001f,121375681,479216672,41860,H6,075,00277302,488,C,06075,+37.7272391,-123.0322294,06,41884,G4020,San Francisco,San Francisco County,06,2024-11-29,8.341425864086268,1732838400000,"{""type"":""MultiPoint"",""coordinates"":[]}"
1064_00000000000000000021,1857233047,225282636,41860,H1,013,01675903,488,A,06013,+37.9194790,-121.9515431,06,36084,G4020,Contra Costa,Contra Costa County,06,2024-11-30,8.102341839758767,1732924800000,"{""type"":""MultiPoint"",""coordinates"":[]}"
1064_00000000000000000023,1909598013,216923745,41860,H1,001,01675839,488,A,06001,+37.6471385,-121.9124880,06,36084,G4020,Alameda,Alameda County,06,2024-11-30,8.261906477937284,1732924800000,"{""type"":""MultiPoint"",""coordinates"":[]}"
1064_0000000000000000001f,121375681,479216672,41860,H6,075,00277302,488,C,06075,+37.7272391,-123.0322294,06,41884,G4020,San Francisco,San Francisco County,06,2024-11-30,8.624960565228848,1732924800000,"{""type"":""MultiPoint"",""coordinates"":[]}"
1065_00000000000000000021,1857233047,225282636,41860,H1,013,01675903,488,A,06013,+37.9194790,-121.9515431,06,36084,G4020,Contra Costa,Contra Costa County,06,2024-12-01,10.039485444128067,1733011200000,"{""type"":""MultiPoint"",""coordinates"":[]}"
1065_00000000000000000023,1909598013,216923745,41860,H1,001,01675839,488,A,06001,+37.6471385,-121.9124880,06,36084,G4020,Alameda,Alameda County,06,2024-12-01,10.360198111597487,1733011200000,"{""type"":""MultiPoint"",""coordinates"":[]}"
1065_0000000000000000001f,121375681,479216672,41860,H6,075,00277302,488,C,06075,+37.7272391,-123.0322294,06,41884,G4020,San Francisco,San Francisco County,06,2024-12-01,10.830566738037696,1733011200000,"{""type"":""MultiPoint"",""coordinates"":[]}"
1066_00000000000000000021,1857233047,225282636,41860,H1,013,01675903,488,A,06013,+37.9194790,-121.9515431,06,36084,G4020,Contra Costa,Contra Costa County,06,2024-12-02,11.714773547722466,1733097600000,"{""type"":""MultiPoint"",""coordinates"":[]}"
1066_00000000000000000023,1909598013,216923745,41860,H1,001,01675839,488,A,06001,+37.6471385,-121.9124880,06,36084,G4020,Alameda,Alameda County,06,2024-12-02,12.309503161947301,1733097600000,"{""type"":""MultiPoint"",""coordinates"":[]}"
1066_0000000000000000001f,121375681,479216672,41860,H6,075,00277302,488,C,06075,+37.7272391,-123.0322294,06,41884,G4020,San Francisco,San Francisco County,06,2024-12-02,11.210696686843708,1733097600000,"{""type"":""MultiPoint"",""coordinates"":[]}"
1067_00000000000000000021,1857233047,225282636,41860,H1,013,01675903,488,A,06013,+37.9194790,-121.9515431,06,36084,G4020,Contra Costa,Contra Costa County,06,2024-12-03,11.683225114726714,1733184000000,"{""type"":""MultiPoint"",""coordinates"":[]}"
1067_00000000000000000023,1909598013,216923745,41860,H1,001,01675839,488,A,06001,+37.6471385,-121.9124880,06,36084,G4020,Alameda,Alameda County,06,2024-12-03,12.538481561076104,1733184000000,"{""type"":""MultiPoint"",""coordinates"":[]}"
1067_0000000000000000001f,121375681,479216672,41860,H6,075,00277302,488,C,06075,+37.7272391,-123.0322294,06,41884,G4020,San Francisco,San Francisco County,06,2024-12-03,11.400757227983142,1733184000000,"{""type"":""MultiPoint"",""coordinates"":[]}"
1068_00000000000000000021,1857233047,225282636,41860,H1,013,01675903,488,A,06013,+37.9194790,-121.9515431,06,36084,G4020,Contra Costa,Contra Costa County,06,2024-12-04,11.624313890935243,1733270400000,"{""type"":""MultiPoint"",""coordinates"":[]}"
1068_00000000000000000023,1909598013,216923745,41860,H1,001,01675839,488,A,06001,+37.6471385,-121.9124880,06,36084,G4020,Alameda,Alameda County,06,2024-12-04,12.195239298312538,1733270400000,"{""type"":""MultiPoint"",""coordinates"":[]}"
1068_0000000000000000001f,121375681,479216672,41860,H6,075,00277302,488,C,06075,+37.7272391,-123.0322294,06,41884,G4020,San Francisco,San Francisco County,06,2024-12-04,11.114617578050247,1733270400000,"{""type"":""MultiPoint"",""coordinates"":[]}"
1069_00000000000000000021,1857233047,225282636,41860,H1,013,01675903,488,A,06013,+37.9194790,-121.9515431,06,36084,G4020,Contra Costa,Contra Costa County,06,2024-12-05,11.113207166058963,1733356800000,"{""type"":""MultiPoint"",""coordinates"":[]}"
1069_00000000000000000023,1909598013,216923745,41860,H1,001,01675839,488,A,06001,+37.6471385,-121.9124880,06,36084,G4020,Alameda,Alameda County,06,2024-12-05,12.548497286994726,1733356800000,"{""type"":""MultiPoint"",""coordinates"":[]}"
1069_0000000000000000001f,121375681,479216672,41860,H6,075,00277302,488,C,06075,+37.7272391,-123.0322294,06,41884,G4020,San Francisco,San Francisco County,06,2024-12-05,10.843054463124012,1733356800000,"{""type"":""MultiPoint"",""coordinates"":[]}"
1070_00000000000000000021,1857233047,225282636,41860,H1,013,01675903,488,A,06013,+37.9194790,-121.9515431,06,36084,G4020,Contra Costa,Contra Costa County,06,2024-12-06,10.412981118241554,1733443200000,"{""type"":""MultiPoint"",""coordinates"":[]}"
1070_00000000000000000023,1909598013,216923745,41860,H1,001,01675839,488,A,06001,+37.6471385,-121.9124880,06,36084,G4020,Alameda,Alameda County,06,2024-12-06,12.21001303897635,1733443200000,"{""type"":""MultiPoint"",""coordinates"":[]}"
1070_0000000000000000001f,121375681,479216672,41860,H6,075,00277302,488,C,06075,+37.7272391,-123.0322294,06,41884,G4020,San Francisco,San Francisco County,06,2024-12-06,10.790662079054206,1733443200000,"{""type"":""MultiPoint"",""coordinates"":[]}"
1071_00000000000000000021,1857233047,225282636,41860,H1,013,01675903,488,A,06013,+37.9194790,-121.9515431,06,36084,G4020,Contra Costa,Contra Costa County,06,2024-12-07,9.99875187927832,1733529600000,"{""type"":""MultiPoint"",""coordinates"":[]}"
1071_00000000000000000023,1909598013,216923745,41860,H1,001,01675839,488,A,06001,+37.6471385,-121.9124880,06,36084,G4020,Alameda,Alameda County,06,2024-12-07,10.963902756834152,1733529600000,"{""type"":""MultiPoint"",""coordinates"":[]}"
1071_0000000000000000001f,121375681,479216672,41860,H6,075,00277302,488,C,06075,+37.7272391,-123.0322294,06,41884,G4020,San Francisco,San Francisco County,06,2024-12-07,9.720443221140812,1733529600000,"{""type"":""MultiPoint"",""coordinates"":[]}"
1072_00000000000000000021,1857233047,225282636,41860,H1,013,01675903,488,A,06013,+37.9194790,-121.9515431,06,36084,G4020,Contra Costa,Contra Costa County,06,2024-12-08,11.012556498967289,1733616000000,"{""type"":""MultiPoint"",""coordinates"":[]}"
1072_00000000000000000023,1909598013,216923745,41860,H1,001,01675839,488,A,06001,+37.6471385,-121.9124880,06,36084,G4020,Alameda,Alameda County,06,2024-12-08,11.693642269761387,1733616000000,"{""type"":""MultiPoint"",""coordinates"":[]}"
1072_0000000000000000001f,121375681,479216672,41860,H6,075,00277302,488,C,06075,+37.7272391,-123.0322294,06,41884,G4020,San Francisco,San Francisco County,06,2024-12-08,10.699639009614701,1733616000000,"{""type"":""MultiPoint"",""coordinates"":[]}"
1073_00000000000000000021,1857233047,225282636,41860,H1,013,01675903,488,A,06013,+37.9194790,-121.9515431,06,36084,G4020,Contra Costa,Contra Costa County,06,2024-12-09,10.189813089375694,1733702400000,"{""type"":""MultiPoint"",""coordinates"":[]}"
1073_00000000000000000023,1909598013,216923745,41860,H1,001,01675839,488,A,06001,+37.6471385,-121.9124880,06,36084,G4020,Alameda,Alameda County,06,2024-12-09,10.655685667762715,1733702400000,"{""type"":""MultiPoint"",""coordinates"":[]}"
1073_0000000000000000001f,121375681,479216672,41860,H6,075,00277302,488,C,06075,+37.7272391,-123.0322294,06,41884,G4020,San Francisco,San Francisco County,06,2024-12-09,10.052424932955796,1733702400000,"{""type"":""MultiPoint"",""coordinates"":[]}"
1074_00000000000000000021,1857233047,225282636,41860,H1,013,01675903,488,A,06013,+37.9194790,-121.9515431,06,36084,G4020,Contra Costa,Contra Costa County,06,2024-12-10,8.01819439090847,1733788800000,"{""type"":""MultiPoint"",""coordinates"":[]}"
1074_00000000000000000023,1909598013,216923745,41860,H1,001,01675839,488,A,06001,+37.6471385,-121.9124880,06,36084,G4020,Alameda,Alameda County,06,2024-12-10,8.05092931715582,1733788800000,"{""type"":""MultiPoint"",""coordinates"":[]}"
1074_0000000000000000001f,121375681,479216672,41860,H6,075,00277302,488,C,06075,+37.7272391,-123.0322294,06,41884,G4020,San Francisco,San Francisco County,06,2024-12-10,9.100414213159667,1733788800000,"{""type"":""MultiPoint"",""coordinates"":[]}"
1075_00000000000000000021,1857233047,225282636,41860,H1,013,01675903,488,A,06013,+37.9194790,-121.9515431,06,36084,G4020,Contra Costa,Contra Costa County,06,2024-12-11,7.485025340225212,1733875200000,"{""type"":""MultiPoint"",""coordinates"":[]}"
1075_00000000000000000023,1909598013,216923745,41860,H1,001,01675839,488,A,06001,+37.6471385,-121.9124880,06,36084,G4020,Alameda,Alameda County,06,2024-12-11,8.608429183316527,1733875200000,"{""type"":""MultiPoint"",""coordinates"":[]}"
1075_0000000000000000001f,121375681,479216672,41860,H6,075,00277302,488,C,06075,+37.7272391,-123.0322294,06,41884,G4020,San Francisco,San Francisco County,06,2024-12-11,8.220550309358927,1733875200000,"{""type"":""MultiPoint"",""coordinates"":[]}"
1076_00000000000000000021,1857233047,225282636,41860,H1,013,01675903,488,A,06013,+37.9194790,-121.9515431,06,36084,G4020,Contra Costa,Contra Costa County,06,2024-12-12,9.487363946387084,1733961600000,"{""type"":""MultiPoint"",""coordinates"":[]}"
1076_00000000000000000023,1909598013,216923745,41860,H1,001,01675839,488,A,06001,+37.6471385,-121.9124880,06,36084,G4020,Alameda,Alameda County,06,2024-12-12,9.473984164580804,1733961600000,"{""type"":""MultiPoint"",""coordinates"":[]}"
1076_0000000000000000001f,121375681,479216672,41860,H6,075,00277302,488,C,06075,+37.7272391,-123.0322294,06,41884,G4020,San Francisco,San Francisco County,06,2024-12-12,11.051939434639378,1733961600000,"{""type"":""MultiPoint"",""coordinates"":[]}"
1077_00000000000000000021,1857233047,225282636,41860,H1,013,01675903,488,A,06013,+37.9194790,-121.9515431,06,36084,G4020,Contra Costa,Contra Costa County,06,2024-12-13,10.864181455471735,1734048000000,"{""type"":""MultiPoint"",""coordinates"":[]}"
1077_00000000000000000023,1909598013,216923745,41860,H1,001,01675839,488,A,06001,+37.6471385,-121.9124880,06,36084,G4020,Alameda,Alameda County,06,2024-12-13,10.317131939200356,1734048000000,"{""type"":""MultiPoint"",""coordinates"":[]}"
1077_0000000000000000001f,121375681,479216672,41860,H6,075,00277302,488,C,06075,+37.7272391,-123.0322294,06,41884,G4020,San Francisco,San Francisco County,06,2024-12-13,11.734103308947612,1734048000000,"{""type"":""MultiPoint"",""coordinates"":[]}"
1078_00000000000000000021,1857233047,225282636,41860,H1,013,01675903,488,A,06013,+37.9194790,-121.9515431,06,36084,G4020,Contra Costa,Contra Costa County,06,2024-12-14,11.52062587209046,1734134400000,"{""type"":""MultiPoint"",""coordinates"":[]}"
1078_00000000000000000023,1909598013,216923745,41860,H1,001,01675839,488,A,06001,+37.6471385,-121.9124880,06,36084,G4020,Alameda,Alameda County,06,2024-12-14,11.050803084026803,1734134400000,"{""type"":""MultiPoint"",""coordinates"":[]}"
1078_0000000000000000001f,121375681,479216672,41860,H6,075,00277302,488,C,06075,+37.7272391,-123.0322294,06,41884,G4020,San Francisco,San Francisco County,06,2024-12-14,12.420509544731667,1734134400000,"{""type"":""MultiPoint"",""coordinates"":[]}"
1079_00000000000000000021,1857233047,225282636,41860,H1,013,01675903,488,A,06013,+37.9194790,-121.9515431,06,36084,G4020,Contra Costa,Contra Costa County,06,2024-12-15,7.0761933201605585,1734220800000,"{""type"":""MultiPoint"",""coordinates"":[]}"
1079_00000000000000000023,1909598013,216923745,41860,H1,001,01675839,488,A,06001,+37.6471385,-121.9124880,06,36084,G4020,Alameda,Alameda County,06,2024-12-15,7.087077359321033,1734220800000,"{""type"":""MultiPoint"",""coordinates"":[]}"
1079_0000000000000000001f,121375681,479216672,41860,H6,075,00277302,488,C,06075,+37.7272391,-123.0322294,06,41884,G4020,San Francisco,San Francisco County,06,2024-12-15,8.479803708566568,1734220800000,"{""type"":""MultiPoint"",""coordinates"":[]}"
1080_00000000000000000021,1857233047,225282636,41860,H1,013,01675903,488,A,06013,+37.9194790,-121.9515431,06,36084,G4020,Contra Costa,Contra Costa County,06,2024-12-16,7.644653031367135,1734307200000,"{""type"":""MultiPoint"",""coordinates"":[]}"
1080_00000000000000000023,1909598013,216923745,41860,H1,001,01675839,488,A,06001,+37.6471385,-121.9124880,06,36084,G4020,Alameda,Alameda County,06,2024-12-16,7.462137470399944,1734307200000,"{""type"":""MultiPoint"",""coordinates"":[]}"
1080_0000000000000000001f,121375681,479216672,41860,H6,075,00277302,488,C,06075,+37.7272391,-123.0322294,06,41884,G4020,San Francisco,San Francisco County,06,2024-12-16,8.916903626511477,1734307200000,"{""type"":""MultiPoint"",""coordinates"":[]}"
1081_00000000000000000021,1857233047,225282636,41860,H1,013,01675903,488,A,06013,+37.9194790,-121.9515431,06,36084,G4020,Contra Costa,Contra Costa County,06,2024-12-17,9.490172071368763,1734393600000,"{""type"":""MultiPoint"",""coordinates"":[]}"
1081_00000000000000000023,1909598013,216923745,41860,H1,001,01675839,488,A,06001,+37.6471385,-121.9124880,06,36084,G4020,Alameda,Alameda County,06,2024-12-17,9.503377653029128,1734393600000,"{""type"":""MultiPoint"",""coordinates"":[]}"
1081_0000000000000000001f,121375681,479216672,41860,H6,075,00277302,488,C,06075,+37.7272391,-123.0322294,06,41884,G4020,San Francisco,San Francisco County,06,2024-12-17,9.740079485993501,1734393600000,"{""type"":""MultiPoint"",""coordinates"":[]}"
1082_00000000000000000021,1857233047,225282636,41860,H1,013,01675903,488,A,06013,+37.9194790,-121.9515431,06,36084,G4020,Contra Costa,Contra Costa County,06,2024-12-18,9.507695020360858,1734480000000,"{""type"":""MultiPoint"",""coordinates"":[]}"
1082_00000000000000000023,1909598013,216923745,41860,H1,001,01675839,488,A,06001,+37.6471385,-121.9124880,06,36084,G4020,Alameda,Alameda County,06,2024-12-18,10.282168701295546,1734480000000,"{""type"":""MultiPoint"",""coordinates"":[]}"
1082_0000000000000000001f,121375681,479216672,41860,H6,075,00277302,488,C,06075,+37.7272391,-123.0322294,06,41884,G4020,San Francisco,San Francisco County,06,2024-12-18,9.008749692905834,1734480000000,"{""type"":""MultiPoint"",""coordinates"":[]}"
1083_00000000000000000021,1857233047,225282636,41860,H1,013,01675903,488,A,06013,+37.9194790,-121.9515431,06,36084,G4020,Contra Costa,Contra Costa County,06,2024-12-19,7.623664033659373,1734566400000,"{""type"":""MultiPoint"",""coordinates"":[]}"
1083_00000000000000000023,1909598013,216923745,41860,H1,001,01675839,488,A,06001,+37.6471385,-121.9124880,06,36084,G4020,Alameda,Alameda County,06,2024-12-19,8.486881012893194,1734566400000,"{""type"":""MultiPoint"",""coordinates"":[]}"
1083_0000000000000000001f,121375681,479216672,41860,H6,075,00277302,488,C,06075,+37.7272391,-123.0322294,06,41884,G4020,San Francisco,San Francisco County,06,2024-12-19,8.614900581364799,1734566400000,"{""type"":""MultiPoint"",""coordinates"":[]}"
1084_00000000000000000021,1857233047,225282636,41860,H1,013,01675903,488,A,06013,+37.9194790,-121.9515431,06,36084,G4020,Contra Costa,Contra Costa County,06,2024-12-20,7.7984051753640955,1734652800000,"{""type"":""MultiPoint"",""coordinates"":[]}"
1084_00000000000000000023,1909598013,216923745,41860,H1,001,01675839,488,A,06001,+37.6471385,-121.9124880,06,36084,G4020,Alameda,Alameda County,06,2024-12-20,8.868813225184892,1734652800000,"{""type"":""MultiPoint"",""coordinates"":[]}"
1084_0000000000000000001f,121375681,479216672,41860,H6,075,00277302,488,C,06075,+37.7272391,-123.0322294,06,41884,G4020,San Francisco,San Francisco County,06,2024-12-20,8.730137042027778,1734652800000,"{""type"":""MultiPoint"",""coordinates"":[]}"
1085_00000000000000000021,1857233047,225282636,41860,H1,013,01675903,488,A,06013,+37.9194790,-121.9515431,06,36084,G4020,Contra Costa,Contra Costa County,06,2024-12-21,8.548471071515328,1734739200000,"{""type"":""MultiPoint"",""coordinates"":[]}"
1085_00000000000000000023,1909598013,216923745,41860,H1,001,01675839,488,A,06001,+37.6471385,-121.9124880,06,36084,G4020,Alameda,Alameda County,06,2024-12-21,9.363617397754384,1734739200000,"{""type"":""MultiPoint"",""coordinates"":[]}"
1085_0000000000000000001f,121375681,479216672,41860,H6,075,00277302,488,C,06075,+37.7272391,-123.0322294,06,41884,G4020,San Francisco,San Francisco County,06,2024-12-21,10.64765331506885,1734739200000,"{""type"":""MultiPoint"",""coordinates"":[]}"
1086_00000000000000000021,1857233047,225282636,41860,H1,013,01675903,488,A,06013,+37.9194790,-121.9515431,06,36084,G4020,Contra Costa,Contra Costa County,06,2024-12-22,11.874628663689638,1734825600000,"{""type"":""MultiPoint"",""coordinates"":[]}"
1086_00000000000000000023,1909598013,216923745,41860,H1,001,01675839,488,A,06001,+37.6471385,-121.9124880,06,36084,G4020,Alameda,Alameda County,06,2024-12-22,12.453587458371738,1734825600000,"{""type"":""MultiPoint"",""coordinates"":[]}"
1086_0000000000000000001f,121375681,479216672,41860,H6,075,00277302,488,C,06075,+37.7272391,-123.0322294,06,41884,G4020,San Francisco,San Francisco County,06,2024-12-22,12.856836592958963,1734825600000,"{""type"":""MultiPoint"",""coordinates"":[]}"
1087_00000000000000000021,1857233047,225282636,41860,H1,013,01675903,488,A,06013,+37.9194790,-121.9515431,06,36084,G4020,Contra Costa,Contra Costa County,06,2024-12-23,13.622447824800119,1734912000000,"{""type"":""MultiPoint"",""coordinates"":[]}"
1087_00000000000000000023,1909598013,216923745,41860,H1,001,01675839,488,A,06001,+37.6471385,-121.9124880,06,36084,G4020,Alameda,Alameda County,06,2024-12-23,13.817586944834119,1734912000000,"{""type"":""MultiPoint"",""coordinates"":[]}"
1087_0000000000000000001f,121375681,479216672,41860,H6,075,00277302,488,C,06075,+37.7272391,-123.0322294,06,41884,G4020,San Francisco,San Francisco County,06,2024-12-23,14.320091150162098,1734912000000,"{""type"":""MultiPoint"",""coordinates"":[]}"
1088_00000000000000000021,1857233047,225282636,41860,H1,013,01675903,488,A,06013,+37.9194790,-121.9515431,06,36084,G4020,Contra Costa,Contra Costa County,06,2024-12-24,12.992823130836555,1734998400000,"{""type"":""MultiPoint"",""coordinates"":[]}"
1088_00000000000000000023,1909598013,216923745,41860,H1,001,01675839,488,A,06001,+37.6471385,-121.9124880,06,36084,G4020,Alameda,Alameda County,06,2024-12-24,12.669859587182225,1734998400000,"{""type"":""MultiPoint"",""coordinates"":[]}"
1088_0000000000000000001f,121375681,479216672,41860,H6,075,00277302,488,C,06075,+37.7272391,-123.0322294,06,41884,G4020,San Francisco,San Francisco County,06,2024-12-24,13.644107978225627,1734998400000,"{""type"":""MultiPoint"",""coordinates"":[]}"
1089_00000000000000000021,1857233047,225282636,41860,H1,013,01675903,488,A,06013,+37.9194790,-121.9515431,06,36084,G4020,Contra Costa,Contra Costa County,06,2024-12-25,8.240519603286662,1735084800000,"{""type"":""MultiPoint"",""coordinates"":[]}"
1089_00000000000000000023,1909598013,216923745,41860,H1,001,01675839,488,A,06001,+37.6471385,-121.9124880,06,36084,G4020,Alameda,Alameda County,06,2024-12-25,7.979505560473167,1735084800000,"{""type"":""MultiPoint"",""coordinates"":[]}"
1089_0000000000000000001f,121375681,479216672,41860,H6,075,00277302,488,C,06075,+37.7272391,-123.0322294,06,41884,G4020,San Francisco,San Francisco County,06,2024-12-25,9.312344861353397,1735084800000,"{""type"":""MultiPoint"",""coordinates"":[]}"
1090_00000000000000000021,1857233047,225282636,41860,H1,013,01675903,488,A,06013,+37.9194790,-121.9515431,06,36084,G4020,Contra Costa,Contra Costa County,06,2024-12-26,10.609203525771862,1735171200000,"{""type"":""MultiPoint"",""coordinates"":[]}"
1090_00000000000000000023,1909598013,216923745,41860,H1,001,01675839,488,A,06001,+37.6471385,-121.9124880,06,36084,G4020,Alameda,Alameda County,06,2024-12-26,10.097312705168957,1735171200000,"{""type"":""MultiPoint"",""coordinates"":[]}"
1090_0000000000000000001f,121375681,479216672,41860,H6,075,00277302,488,C,06075,+37.7272391,-123.0322294,06,41884,G4020,San Francisco,San Francisco County,06,2024-12-26,11.497860072644453,1735171200000,"{""type"":""MultiPoint"",""coordinates"":[]}"
1091_00000000000000000021,1857233047,225282636,41860,H1,013,01675903,488,A,06013,+37.9194790,-121.9515431,06,36084,G4020,Contra Costa,Contra Costa County,06,2024-12-27,13.420170172206655,1735257600000,"{""type"":""MultiPoint"",""coordinates"":[]}"
1091_00000000000000000023,1909598013,216923745,41860,H1,001,01675839,488,A,06001,+37.6471385,-121.9124880,06,36084,G4020,Alameda,Alameda County,06,2024-12-27,12.893579140884968,1735257600000,"{""type"":""MultiPoint"",""coordinates"":[]}"
1091_0000000000000000001f,121375681,479216672,41860,H6,075,00277302,488,C,06075,+37.7272391,-123.0322294,06,41884,G4020,San Francisco,San Francisco County,06,2024-12-27,13.810176176443813,1735257600000,"{""type"":""MultiPoint"",""coordinates"":[]}"
1092_00000000000000000021,1857233047,225282636,41860,H1,013,01675903,488,A,06013,+37.9194790,-121.9515431,06,36084,G4020,Contra Costa,Contra Costa County,06,2024-12-28,12.794960402689519,1735344000000,"{""type"":""MultiPoint"",""coordinates"":[]}"
1092_00000000000000000023,1909598013,216923745,41860,H1,001,01675839,488,A,06001,+37.6471385,-121.9124880,06,36084,G4020,Alameda,Alameda County,06,2024-12-28,12.202768745504402,1735344000000,"{""type"":""MultiPoint"",""coordinates"":[]}"
1092_0000000000000000001f,121375681,479216672,41860,H6,075,00277302,488,C,06075,+37.7272391,-123.0322294,06,41884,G4020,San Francisco,San Francisco County,06,2024-12-28,12.902648651300165,1735344000000,"{""type"":""MultiPoint"",""coordinates"":[]}"
1093_00000000000000000021,1857233047,225282636,41860,H1,013,01675903,488,A,06013,+37.9194790,-121.9515431,06,36084,G4020,Contra Costa,Contra Costa County,06,2024-12-29,12.680735674674153,1735430400000,"{""type"":""MultiPoint"",""coordinates"":[]}"
1093_00000000000000000023,1909598013,216923745,41860,H1,001,01675839,488,A,06001,+37.6471385,-121.9124880,06,36084,G4020,Alameda,Alameda County,06,2024-12-29,11.957139316981742,1735430400000,"{""type"":""MultiPoint"",""coordinates"":[]}"
1093_0000000000000000001f,121375681,479216672,41860,H6,075,00277302,488,C,06075,+37.7272391,-123.0322294,06,41884,G4020,San Francisco,San Francisco County,06,2024-12-29,13.441368271257721,1735430400000,"{""type"":""MultiPoint"",""coordinates"":[]}"
1094_00000000000000000021,1857233047,225282636,41860,H1,013,01675903,488,A,06013,+37.9194790,-121.9515431,06,36084,G4020,Contra Costa,Contra Costa County,06,2024-12-30,9.345416369407976,1735516800000,"{""type"":""MultiPoint"",""coordinates"":[]}"
1094_00000000000000000023,1909598013,216923745,41860,H1,001,01675839,488,A,06001,+37.6471385,-121.9124880,06,36084,G4020,Alameda,Alameda County,06,2024-12-30,8.830254271216937,1735516800000,"{""type"":""MultiPoint"",""coordinates"":[]}"
1094_0000000000000000001f,121375681,479216672,41860,H6,075,00277302,488,C,06075,+37.7272391,-123.0322294,06,41884,G4020,San Francisco,San Francisco County,06,2024-12-30,10.150067174826662,1735516800000,"{""type"":""MultiPoint"",""coordinates"":[]}"
1095_00000000000000000021,1857233047,225282636,41860,H1,013,01675903,488,A,06013,+37.9194790,-121.9515431,06,36084,G4020,Contra Costa,Contra Costa County,06,2024-12-31,8.704777167219133,1735603200000,"{""type"":""MultiPoint"",""coordinates"":[]}"
1095_00000000000000000023,1909598013,216923745,41860,H1,001,01675839,488,A,06001,+37.6471385,-121.9124880,06,36084,G4020,Alameda,Alameda County,06,2024-12-31,8.677481213849296,1735603200000,"{""type"":""MultiPoint"",""coordinates"":[]}"
1095_0000000000000000001f,121375681,479216672,41860,H6,075,00277302,488,C,06075,+37.7272391,-123.0322294,06,41884,G4020,San Francisco,San Francisco County,06,2024-12-31,9.003819986192163,1735603200000,"{""type"":""MultiPoint"",""coordinates"":[]}"
1096_00000000000000000021,1857233047,225282636,41860,H1,013,01675903,488,A,06013,+37.9194790,-121.9515431,06,36084,G4020,Contra Costa,Contra Costa County,06,2025-01-01,8.454007017405683,1735689600000,"{""type"":""MultiPoint"",""coordinates"":[]}"
1096_00000000000000000023,1909598013,216923745,41860,H1,001,01675839,488,A,06001,+37.6471385,-121.9124880,06,36084,G4020,Alameda,Alameda County,06,2025-01-01,8.72367499115832,1735689600000,"{""type"":""MultiPoint"",""coordinates"":[]}"
1096_0000000000000000001f,121375681,479216672,41860,H6,075,00277302,488,C,06075,+37.7272391,-123.0322294,06,41884,G4020,San Francisco,San Francisco County,06,2025-01-01,8.982675272968054,1735689600000,"{""type"":""MultiPoint"",""coordinates"":[]}"
1097_00000000000000000021,1857233047,225282636,41860,H1,013,01675903,488,A,06013,+37.9194790,-121.9515431,06,36084,G4020,Contra Costa,Contra Costa County,06,2025-01-02,9.52369517029863,1735776000000,"{""type"":""MultiPoint"",""coordinates"":[]}"
1097_00000000000000000023,1909598013,216923745,41860,H1,001,01675839,488,A,06001,+37.6471385,-121.9124880,06,36084,G4020,Alameda,Alameda County,06,2025-01-02,9.84286478308714,1735776000000,"{""type"":""MultiPoint"",""coordinates"":[]}"
1097_0000000000000000001f,121375681,479216672,41860,H6,075,00277302,488,C,06075,+37.7272391,-123.0322294,06,41884,G4020,San Francisco,San Francisco County,06,2025-01-02,9.55768974274689,1735776000000,"{""type"":""MultiPoint"",""coordinates"":[]}"
1098_00000000000000000021,1857233047,225282636,41860,H1,013,01675903,488,A,06013,+37.9194790,-121.9515431,06,36084,G4020,Contra Costa,Contra Costa County,06,2025-01-03,9.380773194541808,1735862400000,"{""type"":""MultiPoint"",""coordinates"":[]}"
1098_00000000000000000023,1909598013,216923745,41860,H1,001,01675839,488,A,06001,+37.6471385,-121.9124880,06,36084,G4020,Alameda,Alameda County,06,2025-01-03,9.413062018816166,1735862400000,"{""type"":""MultiPoint"",""coordinates"":[]}"
1098_0000000000000000001f,121375681,479216672,41860,H6,075,00277302,488,C,06075,+37.7272391,-123.0322294,06,41884,G4020,San Francisco,San Francisco County,06,2025-01-03,10.612394654835384,1735862400000,"{""type"":""MultiPoint"",""coordinates"":[]}"
1099_00000000000000000021,1857233047,225282636,41860,H1,013,01675903,488,A,06013,+37.9194790,-121.9515431,06,36084,G4020,Contra Costa,Contra Costa County,06,2025-01-04,7.5953149296455775,1735948800000,"{""type"":""MultiPoint"",""coordinates"":[]}"
1099_00000000000000000023,1909598013,216923745,41860,H1,001,01675839,488,A,06001,+37.6471385,-121.9124880,06,36084,G4020,Alameda,Alameda County,06,2025-01-04,7.529026228190479,1735948800000,"{""type"":""MultiPoint"",""coordinates"":[]}"
1099_0000000000000000001f,121375681,479216672,41860,H6,075,00277302,488,C,06075,+37.7272391,-123.0322294,06,41884,G4020,San Francisco,San Francisco County,06,2025-01-04,8.976099149309253,1735948800000,"{""type"":""MultiPoint"",""coordinates"":[]}"
1100_00000000000000000021,1857233047,225282636,41860,H1,013,01675903,488,A,06013,+37.9194790,-121.9515431,06,36084,G4020,Contra Costa,Contra Costa County,06,2025-01-05,8.184325894817123,1736035200000,"{""type"":""MultiPoint"",""coordinates"":[]}"
1100_00000000000000000023,1909598013,216923745,41860,H1,001,01675839,488,A,06001,+37.6471385,-121.9124880,06,36084,G4020,Alameda,Alameda County,06,2025-01-05,8.686883649220988,1736035200000,"{""type"":""MultiPoint"",""coordinates"":[]}"
1100_0000000000000000001f,121375681,479216672,41860,H6,075,00277302,488,C,06075,+37.7272391,-123.0322294,06,41884,G4020,San Francisco,San Francisco County,06,2025-01-05,9.457054385118244,1736035200000,"{""type"":""MultiPoint"",""coordinates"":[]}"
1101_00000000000000000021,1857233047,225282636,41860,H1,013,01675903,488,A,06013,+37.9194790,-121.9515431,06,36084,G4020,Contra Costa,Contra Costa County,06,2025-01-06,8.655851577635179,1736121600000,"{""type"":""MultiPoint"",""coordinates"":[]}"
1101_00000000000000000023,1909598013,216923745,41860,H1,001,01675839,488,A,06001,+37.6471385,-121.9124880,06,36084,G4020,Alameda,Alameda County,06,2025-01-06,9.41566521745687,1736121600000,"{""type"":""MultiPoint"",""coordinates"":[]}"
1101_0000000000000000001f,121375681,479216672,41860,H6,075,00277302,488,C,06075,+37.7272391,-123.0322294,06,41884,G4020,San Francisco,San Francisco County,06,2025-01-06,10.419830255612982,1736121600000,"{""type"":""MultiPoint"",""coordinates"":[]}"
1102_00000000000000000021,1857233047,225282636,41860,H1,013,01675903,488,A,06013,+37.9194790,-121.9515431,06,36084,G4020,Contra Costa,Contra Costa County,06,2025-01-07,11.632629033270288,1736208000000,"{""type"":""MultiPoint"",""coordinates"":[]}"
1102_00000000000000000023,1909598013,216923745,41860,H1,001,01675839,488,A,06001,+37.6471385,-121.9124880,06,36084,G4020,Alameda,Alameda County,06,2025-01-07,10.222561149182937,1736208000000,"{""type"":""MultiPoint"",""coordinates"":[]}"
1102_0000000000000000001f,121375681,479216672,41860,H6,075,00277302,488,C,06075,+37.7272391,-123.0322294,06,41884,G4020,San Francisco,San Francisco County,06,2025-01-07,12.667067261283284,1736208000000,"{""type"":""MultiPoint"",""coordinates"":[]}"
1103_00000000000000000021,1857233047,225282636,41860,H1,013,01675903,488,A,06013,+37.9194790,-121.9515431,06,36084,G4020,Contra Costa,Contra Costa County,06,2025-01-08,12.22063553103707,1736294400000,"{""type"":""MultiPoint"",""coordinates"":[]}"
1103_00000000000000000023,1909598013,216923745,41860,H1,001,01675839,488,A,06001,+37.6471385,-121.9124880,06,36084,G4020,Alameda,Alameda County,06,2025-01-08,10.847302434547096,1736294400000,"{""type"":""MultiPoint"",""coordinates"":[]}"
1103_0000000000000000001f,121375681,479216672,41860,H6,075,00277302,488,C,06075,+37.7272391,-123.0322294,06,41884,G4020,San Francisco,San Francisco County,06,2025-01-08,12.571829970831423,1736294400000,"{""type"":""MultiPoint"",""coordinates"":[]}"
1104_00000000000000000021,1857233047,225282636,41860,H1,013,01675903,488,A,06013,+37.9194790,-121.9515431,06,36084,G4020,Contra Costa,Contra Costa County,06,2025-01-09,11.92658018272865,1736380800000,"{""type"":""MultiPoint"",""coordinates"":[]}"
1104_00000000000000000023,1909598013,216923745,41860,H1,001,01675839,488,A,06001,+37.6471385,-121.9124880,06,36084,G4020,Alameda,Alameda County,06,2025-01-09,11.72699783608656,1736380800000,"{""type"":""MultiPoint"",""coordinates"":[]}"
1104_0000000000000000001f,121375681,479216672,41860,H6,075,00277302,488,C,06075,+37.7272391,-123.0322294,06,41884,G4020,San Francisco,San Francisco County,06,2025-01-09,11.991324459545718,1736380800000,"{""type"":""MultiPoint"",""coordinates"":[]}"
1105_00000000000000000021,1857233047,225282636,41860,H1,013,01675903,488,A,06013,+37.9194790,-121.9515431,06,36084,G4020,Contra Costa,Contra Costa County,06,2025-01-10,11.3375913873397,1736467200000,"{""type"":""MultiPoint"",""coordinates"":[]}"
1105_00000000000000000023,1909598013,216923745,41860,H1,001,01675839,488,A,06001,+37.6471385,-121.9124880,06,36084,G4020,Alameda,Alameda County,06,2025-01-10,11.443667595936283,1736467200000,"{""type"":""MultiPoint"",""coordinates"":[]}"
1105_0000000000000000001f,121375681,479216672,41860,H6,075,00277302,488,C,06075,+37.7272391,-123.0322294,06,41884,G4020,San Francisco,San Francisco County,06,2025-01-10,11.719072292482869,1736467200000,"{""type"":""MultiPoint"",""coordinates"":[]}"
1106_00000000000000000021,1857233047,225282636,41860,H1,013,01675903,488,A,06013,+37.9194790,-121.9515431,06,36084,G4020,Contra Costa,Contra Costa County,06,2025-01-11,10.15713018613702,1736553600000,"{""type"":""MultiPoint"",""coordinates"":[]}"
1106_00000000000000000023,1909598013,216923745,41860,H1,001,01675839,488,A,06001,+37.6471385,-121.9124880,06,36084,G4020,Alameda,Alameda County,06,2025-01-11,9.551519988783232,1736553600000,"{""type"":""MultiPoint"",""coordinates"":[]}"
1106_0000000000000000001f,121375681,479216672,41860,H6,075,00277302,488,C,06075,+37.7272391,-123.0322294,06,41884,G4020,San Francisco,San Francisco County,06,2025-01-11,10.904300132372743,1736553600000,"{""type"":""MultiPoint"",""coordinates"":[]}"
1107_00000000000000000021,1857233047,225282636,41860,H1,013,01675903,488,A,06013,+37.9194790,-121.9515431,06,36084,G4020,Contra Costa,Contra Costa County,06,2025-01-12,10.70135120135474,1736640000000,"{""type"":""MultiPoint"",""coordinates"":[]}"
1107_00000000000000000023,1909598013,216923745,41860,H1,001,01675839,488,A,06001,+37.6471385,-121.9124880,06,36084,G4020,Alameda,Alameda County,06,2025-01-12,9.263885779906785,1736640000000,"{""type"":""MultiPoint"",""coordinates"":[]}"
1107_0000000000000000001f,121375681,479216672,41860,H6,075,00277302,488,C,06075,+37.7272391,-123.0322294,06,41884,G4020,San Francisco,San Francisco County,06,2025-01-12,11.051902157102866,1736640000000,"{""type"":""MultiPoint"",""coordinates"":[]}"
1108_00000000000000000021,1857233047,225282636,41860,H1,013,01675903,488,A,06013,+37.9194790,-121.9515431,06,36084,G4020,Contra Costa,Contra Costa County,06,2025-01-13,8.886359474940573,1736726400000,"{""type"":""MultiPoint"",""coordinates"":[]}"
1108_00000000000000000023,1909598013,216923745,41860,H1,001,01675839,488,A,06001,+37.6471385,-121.9124880,06,36084,G4020,Alameda,Alameda County,06,2025-01-13,8.536169366682534,1736726400000,"{""type"":""MultiPoint"",""coordinates"":[]}"
1108_0000000000000000001f,121375681,479216672,41860,H6,075,00277302,488,C,06075,+37.7272391,-123.0322294,06,41884,G4020,San Francisco,San Francisco County,06,2025-01-13,10.091560795167302,1736726400000,"{""type"":""MultiPoint"",""coordinates"":[]}"
1109_00000000000000000021,1857233047,225282636,41860,H1,013,01675903,488,A,06013,+37.9194790,-121.9515431,06,36084,G4020,Contra Costa,Contra Costa County,06,2025-01-14,8.353432963042312,1736812800000,"{""type"":""MultiPoint"",""coordinates"":[]}"
1109_00000000000000000023,1909598013,216923745,41860,H1,001,01675839,488,A,06001,+37.6471385,-121.9124880,06,36084,G4020,Alameda,Alameda County,06,2025-01-14,8.795096938062455,1736812800000,"{""type"":""MultiPoint"",""coordinates"":[]}"
1109_0000000000000000001f,121375681,479216672,41860,H6,075,00277302,488,C,06075,+37.7272391,-123.0322294,06,41884,G4020,San Francisco,San Francisco County,06,2025-01-14,9.361915743082005,1736812800000,"{""type"":""MultiPoint"",""coordinates"":[]}"
1110_00000000000000000021,1857233047,225282636,41860,H1,013,01675903,488,A,06013,+37.9194790,-121.9515431,06,36084,G4020,Contra Costa,Contra Costa County,06,2025-01-15,8.604256244214445,1736899200000,"{""type"":""MultiPoint"",""coordinates"":[]}"
1110_00000000000000000023,1909598013,216923745,41860,H1,001,01675839,488,A,06001,+37.6471385,-121.9124880,06,36084,G4020,Alameda,Alameda County,06,2025-01-15,8.686833947654174,1736899200000,"{""type"":""MultiPoint"",""coordinates"":[]}"
1110_0000000000000000001f,121375681,479216672,41860,H6,075,00277302,488,C,06075,+37.7272391,-123.0322294,06,41884,G4020,San Francisco,San Francisco County,06,2025-01-15,8.697626363285758,1736899200000,"{""type"":""MultiPoint"",""coordinates"":[]}"
1111_00000000000000000021,1857233047,225282636,41860,H1,013,01675903,488,A,06013,+37.9194790,-121.9515431,06,36084,G4020,Contra Costa,Contra Costa County,06,2025-01-16,8.317451595252138,1736985600000,"{""type"":""MultiPoint"",""coordinates"":[]}"
1111_00000000000000000023,1909598013,216923745,41860,H1,001,01675839,488,A,06001,+37.6471385,-121.9124880,06,36084,G4020,Alameda,Alameda County,06,2025-01-16,9.133500648361027,1736985600000,"{""type"":""MultiPoint"",""coordinates"":[]}"
1111_0000000000000000001f,121375681,479216672,41860,H6,075,00277302,488,C,06075,+37.7272391,-123.0322294,06,41884,G4020,San Francisco,San Francisco County,06,2025-01-16,8.21424295092153,1736985600000,"{""type"":""MultiPoint"",""coordinates"":[]}"
1112_00000000000000000021,1857233047,225282636,41860,H1,013,01675903,488,A,06013,+37.9194790,-121.9515431,06,36084,G4020,Contra Costa,Contra Costa County,06,2025-01-17,7.005867928964317,1737072000000,"{""type"":""MultiPoint"",""coordinates"":[]}"
1112_00000000000000000023,1909598013,216923745,41860,H1,001,01675839,488,A,06001,+37.6471385,-121.9124880,06,36084,G4020,Alameda,Alameda County,06,2025-01-17,8.040043349676383,1737072000000,"{""type"":""MultiPoint"",""coordinates"":[]}"
1112_0000000000000000001f,121375681,479216672,41860,H6,075,00277302,488,C,06075,+37.7272391,-123.0322294,06,41884,G4020,San Francisco,San Francisco County,06,2025-01-17,8.294090765111319,1737072000000,"{""type"":""MultiPoint"",""coordinates"":[]}"
1113_00000000000000000021,1857233047,225282636,41860,H1,013,01675903,488,A,06013,+37.9194790,-121.9515431,06,36084,G4020,Contra Costa,Contra Costa County,06,2025-01-18,6.934145316233649,1737158400000,"{""type"":""MultiPoint"",""coordinates"":[]}"
1113_00000000000000000023,1909598013,216923745,41860,H1,001,01675839,488,A,06001,+37.6471385,-121.9124880,06,36084,G4020,Alameda,Alameda County,06,2025-01-18,7.244641515800068,1737158400000,"{""type"":""MultiPoint"",""coordinates"":[]}"
1113_0000000000000000001f,121375681,479216672,41860,H6,075,00277302,488,C,06075,+37.7272391,-123.0322294,06,41884,G4020,San Francisco,San Francisco County,06,2025-01-18,7.768262584988832,1737158400000,"{""type"":""MultiPoint"",""coordinates"":[]}"
1114_00000000000000000021,1857233047,225282636,41860,H1,013,01675903,488,A,06013,+37.9194790,-121.9515431,06,36084,G4020,Contra Costa,Contra Costa County,06,2025-01-19,6.710515881763582,1737244800000,"{""type"":""MultiPoint"",""coordinates"":[]}"
1114_00000000000000000023,1909598013,216923745,41860,H1,001,01675839,488,A,06001,+37.6471385,-121.9124880,06,36084,G4020,Alameda,Alameda County,06,2025-01-19,7.72193446503437,1737244800000,"{""type"":""MultiPoint"",""coordinates"":[]}"
1114_0000000000000000001f,121375681,479216672,41860,H6,075,00277302,488,C,06075,+37.7272391,-123.0322294,06,41884,G4020,San Francisco,San Francisco County,06,2025-01-19,7.691726055920028,1737244800000,"{""type"":""MultiPoint"",""coordinates"":[]}"
1115_00000000000000000021,1857233047,225282636,41860,H1,013,01675903,488,A,06013,+37.9194790,-121.9515431,06,36084,G4020,Contra Costa,Contra Costa County,06,2025-01-20,7.137260207900081,1737331200000,"{""type"":""MultiPoint"",""coordinates"":[]}"
1115_00000000000000000023,1909598013,216923745,41860,H1,001,01675839,488,A,06001,+37.6471385,-121.9124880,06,36084,G4020,Alameda,Alameda County,06,2025-01-20,6.945344285022403,1737331200000,"{""type"":""MultiPoint"",""coordinates"":[]}"
1115_0000000000000000001f,121375681,479216672,41860,H6,075,00277302,488,C,06075,+37.7272391,-123.0322294,06,41884,G4020,San Francisco,San Francisco County,06,2025-01-20,8.265885839210187,1737331200000,"{""type"":""MultiPoint"",""coordinates"":[]}"
1116_00000000000000000021,1857233047,225282636,41860,H1,013,01675903,488,A,06013,+37.9194790,-121.9515431,06,36084,G4020,Contra Costa,Contra Costa County,06,2025-01-21,8.498820212960476,1737417600000,"{""type"":""MultiPoint"",""coordinates"":[]}"
1116_00000000000000000023,1909598013,216923745,41860,H1,001,01675839,488,A,06001,+37.6471385,-121.9124880,06,36084,G4020,Alameda,Alameda County,06,2025-01-21,8.264699272562464,1737417600000,"{""type"":""MultiPoint"",""coordinates"":[]}"
1116_0000000000000000001f,121375681,479216672,41860,H6,075,00277302,488,C,06075,+37.7272391,-123.0322294,06,41884,G4020,San Francisco,San Francisco County,06,2025-01-21,8.333386807715337,1737417600000,"{""type"":""MultiPoint"",""coordinates"":[]}"
1117_00000000000000000021,1857233047,225282636,41860,H1,013,01675903,488,A,06013,+37.9194790,-121.9515431,06,36084,G4020,Contra Costa,Contra Costa County,06,2025-01-22,9.19077234942806,1737504000000,"{""type"":""MultiPoint"",""coordinates"":[]}"
1117_00000000000000000023,1909598013,216923745,41860,H1,001,01675839,488,A,06001,+37.6471385,-121.9124880,06,36084,G4020,Alameda,Alameda County,06,2025-01-22,9.726435387352085,1737504000000,"{""type"":""MultiPoint"",""coordinates"":[]}"
1117_0000000000000000001f,121375681,479216672,41860,H6,075,00277302,488,C,06075,+37.7272391,-123.0322294,06,41884,G4020,San Francisco,San Francisco County,06,2025-01-22,9.23574606245524,1737504000000,"{""type"":""MultiPoint"",""coordinates"":[]}"
1118_00000000000000000021,1857233047,225282636,41860,H1,013,01675903,488,A,06013,+37.9194790,-121.9515431,06,36084,G4020,Contra Costa,Contra Costa County,06,2025-01-23,9.669030454823265,1737590400000,"{""type"":""MultiPoint"",""coordinates"":[]}"
1118_00000000000000000023,1909598013,216923745,41860,H1,001,01675839,488,A,06001,+37.6471385,-121.9124880,06,36084,G4020,Alameda,Alameda County,06,2025-01-23,9.989245523901001,1737590400000,"{""type"":""MultiPoint"",""coordinates"":[]}"
1118_0000000000000000001f,121375681,479216672,41860,H6,075,00277302,488,C,06075,+37.7272391,-123.0322294,06,41884,G4020,San Francisco,San Francisco County,06,2025-01-23,10.16000590985397,1737590400000,"{""type"":""MultiPoint"",""coordinates"":[]}"
1119_00000000000000000021,1857233047,225282636,41860,H1,013,01675903,488,A,06013,+37.9194790,-121.9515431,06,36084,G4020,Contra Costa,Contra Costa County,06,2025-01-24,9.86339149475099,1737676800000,"{""type"":""MultiPoint"",""coordinates"":[]}"
1119_00000000000000000023,1909598013,216923745,41860,H1,001,01675839,488,A,06001,+37.6471385,-121.9124880,06,36084,G4020,Alameda,Alameda County,06,2025-01-24,10.886928825805308,1737676800000,"{""type"":""MultiPoint"",""coordinates"":[]}"
1119_0000000000000000001f,121375681,479216672,41860,H6,075,00277302,488,C,06075,+37.7272391,-123.0322294,06,41884,G4020,San Francisco,San Francisco County,06,2025-01-24,9.852518028539677,1737676800000,"{""type"":""MultiPoint"",""coordinates"":[]}"
1120_00000000000000000021,1857233047,225282636,41860,H1,013,01675903,488,A,06013,+37.9194790,-121.9515431,06,36084,G4020,Contra Costa,Contra Costa County,06,2025-01-25,8.05930729266999,1737763200000,"{""type"":""MultiPoint"",""coordinates"":[]}"
1120_00000000000000000023,1909598013,216923745,41860,H1,001,01675839,488,A,06001,+37.6471385,-121.9124880,06,36084,G4020,Alameda,Alameda County,06,2025-01-25,8.10913045982118,1737763200000,"{""type"":""MultiPoint"",""coordinates"":[]}"
1120_0000000000000000001f,121375681,479216672,41860,H6,075,00277302,488,C,06075,+37.7272391,-123.0322294,06,41884,G4020,San Francisco,San Francisco County,06,2025-01-25,9.146916350482169,1737763200000,"{""type"":""MultiPoint"",""coordinates"":[]}"
1121_00000000000000000021,1857233047,225282636,41860,H1,013,01675903,488,A,06013,+37.9194790,-121.9515431,06,36084,G4020,Contra Costa,Contra Costa County,06,2025-01-26,6.7698822424866965,1737849600000,"{""type"":""MultiPoint"",""coordinates"":[]}"
1121_00000000000000000023,1909598013,216923745,41860,H1,001,01675839,488,A,06001,+37.6471385,-121.9124880,06,36084,G4020,Alameda,Alameda County,06,2025-01-26,6.550072857584617,1737849600000,"{""type"":""MultiPoint"",""coordinates"":[]}"
1121_0000000000000000001f,121375681,479216672,41860,H6,075,00277302,488,C,06075,+37.7272391,-123.0322294,06,41884,G4020,San Francisco,San Francisco County,06,2025-01-26,8.401997843286763,1737849600000,"{""type"":""MultiPoint"",""coordinates"":[]}"
1122_00000000000000000021,1857233047,225282636,41860,H1,013,01675903,488,A,06013,+37.9194790,-121.9515431,06,36084,G4020,Contra Costa,Contra Costa County,06,2025-01-27,7.729825192819314,1737936000000,"{""type"":""MultiPoint"",""coordinates"":[]}"
1122_00000000000000000023,1909598013,216923745,41860,H1,001,01675839,488,A,06001,+37.6471385,-121.9124880,06,36084,G4020,Alameda,Alameda County,06,2025-01-27,7.797615858094537,1737936000000,"{""type"":""MultiPoint"",""coordinates"":[]}"
1122_0000000000000000001f,121375681,479216672,41860,H6,075,00277302,488,C,06075,+37.7272391,-123.0322294,06,41884,G4020,San Francisco,San Francisco County,06,2025-01-27,8.75388973169681,1737936000000,"{""type"":""MultiPoint"",""coordinates"":[]}"
1123_00000000000000000021,1857233047,225282636,41860,H1,013,01675903,488,A,06013,+37.9194790,-121.9515431,06,36084,G4020,Contra Costa,Contra Costa County,06,2025-01-28,6.571691133573061,1738022400000,"{""type"":""MultiPoint"",""coordinates"":[]}"
1123_00000000000000000023,1909598013,216923745,41860,H1,001,01675839,488,A,06001,+37.6471385,-121.9124880,06,36084,G4020,Alameda,Alameda County,06,2025-01-28,7.170990705271967,1738022400000,"{""type"":""MultiPoint"",""coordinates"":[]}"
1123_0000000000000000001f,121375681,479216672,41860,H6,075,00277302,488,C,06075,+37.7272391,-123.0322294,06,41884,G4020,San Francisco,San Francisco County,06,2025-01-28,8.360784997700302,1738022400000,"{""type"":""MultiPoint"",""coordinates"":[]}"
1124_00000000000000000021,1857233047,225282636,41860,H1,013,01675903,488,A,06013,+37.9194790,-121.9515431,06,36084,G4020,Contra Costa,Contra Costa County,06,2025-01-29,7.691111761790361,1738108800000,"{""type"":""MultiPoint"",""coordinates"":[]}"
1124_00000000000000000023,1909598013,216923745,41860,H1,001,01675839,488,A,06001,+37.6471385,-121.9124880,06,36084,G4020,Alameda,Alameda County,06,2025-01-29,6.961922244805921,1738108800000,"{""type"":""MultiPoint"",""coordinates"":[]}"
1124_0000000000000000001f,121375681,479216672,41860,H6,075,00277302,488,C,06075,+37.7272391,-123.0322294,06,41884,G4020,San Francisco,San Francisco County,06,2025-01-29,8.522229255268025,1738108800000,"{""type"":""MultiPoint"",""coordinates"":[]}"
1125_00000000000000000021,1857233047,225282636,41860,H1,013,01675903,488,A,06013,+37.9194790,-121.9515431,06,36084,G4020,Contra Costa,Contra Costa County,06,2025-01-30,7.000047636086604,1738195200000,"{""type"":""MultiPoint"",""coordinates"":[]}"
1125_00000000000000000023,1909598013,216923745,41860,H1,001,01675839,488,A,06001,+37.6471385,-121.9124880,06,36084,G4020,Alameda,Alameda County,06,2025-01-30,6.970474329358031,1738195200000,"{""type"":""MultiPoint"",""coordinates"":[]}"
1125_0000000000000000001f,121375681,479216672,41860,H6,075,00277302,488,C,06075,+37.7272391,-123.0322294,06,41884,G4020,San Francisco,San Francisco County,06,2025-01-30,7.96703735809033,1738195200000,"{""type"":""MultiPoint"",""coordinates"":[]}"
1126_00000000000000000021,1857233047,225282636,41860,H1,013,01675903,488,A,06013,+37.9194790,-121.9515431,06,36084,G4020,Contra Costa,Contra Costa County,06,2025-01-31,7.514780519381874,1738281600000,"{""type"":""MultiPoint"",""coordinates"":[]}"
1126_00000000000000000023,1909598013,216923745,41860,H1,001,01675839,488,A,06001,+37.6471385,-121.9124880,06,36084,G4020,Alameda,Alameda County,06,2025-01-31,7.124260622342823,1738281600000,"{""type"":""MultiPoint"",""coordinates"":[]}"
1126_0000000000000000001f,121375681,479216672,41860,H6,075,00277302,488,C,06075,+37.7272391,-123.0322294,06,41884,G4020,San Francisco,San Francisco County,06,2025-01-31,8.574934544123698,1738281600000,"{""type"":""MultiPoint"",""coordinates"":[]}"
1127_00000000000000000021,1857233047,225282636,41860,H1,013,01675903,488,A,06013,+37.9194790,-121.9515431,06,36084,G4020,Contra Costa,Contra Costa County,06,2025-02-01,10.826108962729,1738368000000,"{""type"":""MultiPoint"",""coordinates"":[]}"
1127_00000000000000000023,1909598013,216923745,41860,H1,001,01675839,488,A,06001,+37.6471385,-121.9124880,06,36084,G4020,Alameda,Alameda County,06,2025-02-01,10.626745849982852,1738368000000,"{""type"":""MultiPoint"",""coordinates"":[]}"
1127_0000000000000000001f,121375681,479216672,41860,H6,075,00277302,488,C,06075,+37.7272391,-123.0322294,06,41884,G4020,San Francisco,San Francisco County,06,2025-02-01,11.944894896162356,1738368000000,"{""type"":""MultiPoint"",""coordinates"":[]}"
1128_00000000000000000021,1857233047,225282636,41860,H1,013,01675903,488,A,06013,+37.9194790,-121.9515431,06,36084,G4020,Contra Costa,Contra Costa County,06,2025-02-02,13.321738884255117,1738454400000,"{""type"":""MultiPoint"",""coordinates"":[]}"
1128_00000000000000000023,1909598013,216923745,41860,H1,001,01675839,488,A,06001,+37.6471385,-121.9124880,06,36084,G4020,Alameda,Alameda County,06,2025-02-02,12.69408266101047,1738454400000,"{""type"":""MultiPoint"",""coordinates"":[]}"
1128_0000000000000000001f,121375681,479216672,41860,H6,075,00277302,488,C,06075,+37.7272391,-123.0322294,06,41884,G4020,San Francisco,San Francisco County,06,2025-02-02,13.30211545672439,1738454400000,"{""type"":""MultiPoint"",""coordinates"":[]}"
1129_00000000000000000021,1857233047,225282636,41860,H1,013,01675903,488,A,06013,+37.9194790,-121.9515431,06,36084,G4020,Contra Costa,Contra Costa County,06,2025-02-03,12.714120575328417,1738540800000,"{""type"":""MultiPoint"",""coordinates"":[]}"
1129_00000000000000000023,1909598013,216923745,41860,H1,001,01675839,488,A,06001,+37.6471385,-121.9124880,06,36084,G4020,Alameda,Alameda County,06,2025-02-03,11.972828924381915,1738540800000,"{""type"":""MultiPoint"",""coordinates"":[]}"
1129_0000000000000000001f,121375681,479216672,41860,H6,075,00277302,488,C,06075,+37.7272391,-123.0322294,06,41884,G4020,San Francisco,San Francisco County,06,2025-02-03,12.841146508222431,1738540800000,"{""type"":""MultiPoint"",""coordinates"":[]}"
1130_00000000000000000021,1857233047,225282636,41860,H1,013,01675903,488,A,06013,+37.9194790,-121.9515431,06,36084,G4020,Contra Costa,Contra Costa County,06,2025-02-04,12.58707250490287,1738627200000,"{""type"":""MultiPoint"",""coordinates"":[]}"
1130_00000000000000000023,1909598013,216923745,41860,H1,001,01675839,488,A,06001,+37.6471385,-121.9124880,06,36084,G4020,Alameda,Alameda County,06,2025-02-04,11.904560022536568,1738627200000,"{""type"":""MultiPoint"",""coordinates"":[]}"
1130_0000000000000000001f,121375681,479216672,41860,H6,075,00277302,488,C,06075,+37.7272391,-123.0322294,06,41884,G4020,San Francisco,San Francisco County,06,2025-02-04,12.944641468434261,1738627200000,"{""type"":""MultiPoint"",""coordinates"":[]}"
1131_00000000000000000021,1857233047,225282636,41860,H1,013,01675903,488,A,06013,+37.9194790,-121.9515431,06,36084,G4020,Contra Costa,Contra Costa County,06,2025-02-05,8.094983793753805,1738713600000,"{""type"":""MultiPoint"",""coordinates"":[]}"
1131_00000000000000000023,1909598013,216923745,41860,H1,001,01675839,488,A,06001,+37.6471385,-121.9124880,06,36084,G4020,Alameda,Alameda County,06,2025-02-05,7.7599428701424635,1738713600000,"{""type"":""MultiPoint"",""coordinates"":[]}"
1131_0000000000000000001f,121375681,479216672,41860,H6,075,00277302,488,C,06075,+37.7272391,-123.0322294,06,41884,G4020,San Francisco,San Francisco County,06,2025-02-05,8.645002983432693,1738713600000,"{""type"":""MultiPoint"",""coordinates"":[]}"
1132_00000000000000000021,1857233047,225282636,41860,H1,013,01675903,488,A,06013,+37.9194790,-121.9515431,06,36084,G4020,Contra Costa,Contra Costa County,06,2025-02-06,7.456501831200527,1738800000000,"{""type"":""MultiPoint"",""coordinates"":[]}"
1132_00000000000000000023,1909598013,216923745,41860,H1,001,01675839,488,A,06001,+37.6471385,-121.9124880,06,36084,G4020,Alameda,Alameda County,06,2025-02-06,7.255532113969968,1738800000000,"{""type"":""MultiPoint"",""coordinates"":[]}"
1132_0000000000000000001f,121375681,479216672,41860,H6,075,00277302,488,C,06075,+37.7272391,-123.0322294,06,41884,G4020,San Francisco,San Francisco County,06,2025-02-06,8.157882976716474,1738800000000,"{""type"":""MultiPoint"",""coordinates"":[]}"
1133_00000000000000000021,1857233047,225282636,41860,H1,013,01675903,488,A,06013,+37.9194790,-121.9515431,06,36084,G4020,Contra Costa,Contra Costa County,06,2025-02-07,10.51815538070553,1738886400000,"{""type"":""MultiPoint"",""coordinates"":[]}"
1133_00000000000000000023,1909598013,216923745,41860,H1,001,01675839,488,A,06001,+37.6471385,-121.9124880,06,36084,G4020,Alameda,Alameda County,06,2025-02-07,10.14598948125062,1738886400000,"{""type"":""MultiPoint"",""coordinates"":[]}"
1133_0000000000000000001f,121375681,479216672,41860,H6,075,00277302,488,C,06075,+37.7272391,-123.0322294,06,41884,G4020,San Francisco,San Francisco County,06,2025-02-07,10.940732317444315,1738886400000,"{""type"":""MultiPoint"",""coordinates"":[]}"
1134_00000000000000000021,1857233047,225282636,41860,H1,013,01675903,488,A,06013,+37.9194790,-121.9515431,06,36084,G4020,Contra Costa,Contra Costa County,06,2025-02-08,7.417435596149487,1738972800000,"{""type"":""MultiPoint"",""coordinates"":[]}"
1134_00000000000000000023,1909598013,216923745,41860,H1,001,01675839,488,A,06001,+37.6471385,-121.9124880,06,36084,G4020,Alameda,Alameda County,06,2025-02-08,7.164473932669048,1738972800000,"{""type"":""MultiPoint"",""coordinates"":[]}"
1134_0000000000000000001f,121375681,479216672,41860,H6,075,00277302,488,C,06075,+37.7272391,-123.0322294,06,41884,G4020,San Francisco,San Francisco County,06,2025-02-08,8.475789620198436,1738972800000,"{""type"":""MultiPoint"",""coordinates"":[]}"
1135_00000000000000000021,1857233047,225282636,41860,H1,013,01675903,488,A,06013,+37.9194790,-121.9515431,06,36084,G4020,Contra Costa,Contra Costa County,06,2025-02-09,7.4087649941258915,1739059200000,"{""type"":""MultiPoint"",""coordinates"":[]}"
1135_00000000000000000023,1909598013,216923745,41860,H1,001,01675839,488,A,06001,+37.6471385,-121.9124880,06,36084,G4020,Alameda,Alameda County,06,2025-02-09,7.3422995740014825,1739059200000,"{""type"":""MultiPoint"",""coordinates"":[]}"
1135_0000000000000000001f,121375681,479216672,41860,H6,075,00277302,488,C,06075,+37.7272391,-123.0322294,06,41884,G4020,San Francisco,San Francisco County,06,2025-02-09,8.557095221809083,1739059200000,"{""type"":""MultiPoint"",""coordinates"":[]}"
1136_00000000000000000021,1857233047,225282636,41860,H1,013,01675903,488,A,06013,+37.9194790,-121.9515431,06,36084,G4020,Contra Costa,Contra Costa County,06,2025-02-10,7.258719700866508,1739145600000,"{""type"":""MultiPoint"",""coordinates"":[]}"
1136_00000000000000000023,1909598013,216923745,41860,H1,001,01675839,488,A,06001,+37.6471385,-121.9124880,06,36084,G4020,Alameda,Alameda County,06,2025-02-10,7.255635577828976,1739145600000,"{""type"":""MultiPoint"",""coordinates"":[]}"
1136_0000000000000000001f,121375681,479216672,41860,H6,075,00277302,488,C,06075,+37.7272391,-123.0322294,06,41884,G4020,San Francisco,San Francisco County,06,2025-02-10,8.429230140671294,1739145600000,"{""type"":""MultiPoint"",""coordinates"":[]}"
1137_00000000000000000021,1857233047,225282636,41860,H1,013,01675903,488,A,06013,+37.9194790,-121.9515431,06,36084,G4020,Contra Costa,Contra Costa County,06,2025-02-11,6.4000069019194585,1739232000000,"{""type"":""MultiPoint"",""coordinates"":[]}"
1137_00000000000000000023,1909598013,216923745,41860,H1,001,01675839,488,A,06001,+37.6471385,-121.9124880,06,36084,G4020,Alameda,Alameda County,06,2025-02-11,6.270284365551034,1739232000000,"{""type"":""MultiPoint"",""coordinates"":[]}"
1137_0000000000000000001f,121375681,479216672,41860,H6,075,00277302,488,C,06075,+37.7272391,-123.0322294,06,41884,G4020,San Francisco,San Francisco County,06,2025-02-11,7.524627756626698,1739232000000,"{""type"":""MultiPoint"",""coordinates"":[]}"
1138_00000000000000000021,1857233047,225282636,41860,H1,013,01675903,488,A,06013,+37.9194790,-121.9515431,06,36084,G4020,Contra Costa,Contra Costa County,06,2025-02-12,6.958759235862756,1739318400000,"{""type"":""MultiPoint"",""coordinates"":[]}"
1138_00000000000000000023,1909598013,216923745,41860,H1,001,01675839,488,A,06001,+37.6471385,-121.9124880,06,36084,G4020,Alameda,Alameda County,06,2025-02-12,6.274924527052589,1739318400000,"{""type"":""MultiPoint"",""coordinates"":[]}"
1138_0000000000000000001f,121375681,479216672,41860,H6,075,00277302,488,C,06075,+37.7272391,-123.0322294,06,41884,G4020,San Francisco,San Francisco County,06,2025-02-12,7.49389776553285,1739318400000,"{""type"":""MultiPoint"",""coordinates"":[]}"
1139_00000000000000000021,1857233047,225282636,41860,H1,013,01675903,488,A,06013,+37.9194790,-121.9515431,06,36084,G4020,Contra Costa,Contra Costa County,06,2025-02-13,11.312041015601237,1739404800000,"{""type"":""MultiPoint"",""coordinates"":[]}"
1139_00000000000000000023,1909598013,216923745,41860,H1,001,01675839,488,A,06001,+37.6471385,-121.9124880,06,36084,G4020,Alameda,Alameda County,06,2025-02-13,10.827514751033345,1739404800000,"{""type"":""MultiPoint"",""coordinates"":[]}"
1139_0000000000000000001f,121375681,479216672,41860,H6,075,00277302,488,C,06075,+37.7272391,-123.0322294,06,41884,G4020,San Francisco,San Francisco County,06,2025-02-13,11.91848949405322,1739404800000,"{""type"":""MultiPoint"",""coordinates"":[]}"
1140_00000000000000000021,1857233047,225282636,41860,H1,013,01675903,488,A,06013,+37.9194790,-121.9515431,06,36084,G4020,Contra Costa,Contra Costa County,06,2025-02-14,10.831718955907292,1739491200000,"{""type"":""MultiPoint"",""coordinates"":[]}"
1140_00000000000000000023,1909598013,216923745,41860,H1,001,01675839,488,A,06001,+37.6471385,-121.9124880,06,36084,G4020,Alameda,Alameda County,06,2025-02-14,10.033750959223637,1739491200000,"{""type"":""MultiPoint"",""coordinates"":[]}"
1140_0000000000000000001f,121375681,479216672,41860,H6,075,00277302,488,C,06075,+37.7272391,-123.0322294,06,41884,G4020,San Francisco,San Francisco County,06,2025-02-14,11.407156755261704,1739491200000,"{""type"":""MultiPoint"",""coordinates"":[]}"
1141_00000000000000000021,1857233047,225282636,41860,H1,013,01675903,488,A,06013,+37.9194790,-121.9515431,06,36084,G4020,Contra Costa,Contra Costa County,06,2025-02-15,8.328020030364737,1739577600000,"{""type"":""MultiPoint"",""coordinates"":[]}"
1141_00000000000000000023,1909598013,216923745,41860,H1,001,01675839,488,A,06001,+37.6471385,-121.9124880,06,36084,G4020,Alameda,Alameda County,06,2025-02-15,8.288955834600456,1739577600000,"{""type"":""MultiPoint"",""coordinates"":[]}"
1141_0000000000000000001f,121375681,479216672,41860,H6,075,00277302,488,C,06075,+37.7272391,-123.0322294,06,41884,G4020,San Francisco,San Francisco County,06,2025-02-15,9.301034126552313,1739577600000,"{""type"":""MultiPoint"",""coordinates"":[]}"
1142_00000000000000000021,1857233047,225282636,41860,H1,013,01675903,488,A,06013,+37.9194790,-121.9515431,06,36084,G4020,Contra Costa,Contra Costa County,06,2025-02-16,9.8300400096481,1739664000000,"{""type"":""MultiPoint"",""coordinates"":[]}"
1142_00000000000000000023,1909598013,216923745,41860,H1,001,01675839,488,A,06001,+37.6471385,-121.9124880,06,36084,G4020,Alameda,Alameda County,06,2025-02-16,10.133657738460792,1739664000000,"{""type"":""MultiPoint"",""coordinates"":[]}"
1142_0000000000000000001f,121375681,479216672,41860,H6,075,00277302,488,C,06075,+37.7272391,-123.0322294,06,41884,G4020,San Francisco,San Francisco County,06,2025-02-16,9.920626847287467,1739664000000,"{""type"":""MultiPoint"",""coordinates"":[]}"
1143_00000000000000000021,1857233047,225282636,41860,H1,013,01675903,488,A,06013,+37.9194790,-121.9515431,06,36084,G4020,Contra Costa,Contra Costa County,06,2025-02-17,10.306464604795512,1739750400000,"{""type"":""MultiPoint"",""coordinates"":[]}"
1143_00000000000000000023,1909598013,216923745,41860,H1,001,01675839,488,A,06001,+37.6471385,-121.9124880,06,36084,G4020,Alameda,Alameda County,06,2025-02-17,9.737546549189847,1739750400000,"{""type"":""MultiPoint"",""coordinates"":[]}"
1143_0000000000000000001f,121375681,479216672,41860,H6,075,00277302,488,C,06075,+37.7272391,-123.0322294,06,41884,G4020,San Francisco,San Francisco County,06,2025-02-17,10.854490343852644,1739750400000,"{""type"":""MultiPoint"",""coordinates"":[]}"
1144_00000000000000000021,1857233047,225282636,41860,H1,013,01675903,488,A,06013,+37.9194790,-121.9515431,06,36084,G4020,Contra Costa,Contra Costa County,06,2025-02-18,9.377102251767113,1739836800000,"{""type"":""MultiPoint"",""coordinates"":[]}"
1144_00000000000000000023,1909598013,216923745,41860,H1,001,01675839,488,A,06001,+37.6471385,-121.9124880,06,36084,G4020,Alameda,Alameda County,06,2025-02-18,9.06895728761299,1739836800000,"{""type"":""MultiPoint"",""coordinates"":[]}"
1144_0000000000000000001f,121375681,479216672,41860,H6,075,00277302,488,C,06075,+37.7272391,-123.0322294,06,41884,G4020,San Francisco,San Francisco County,06,2025-02-18,9.996423641133514,1739836800000,"{""type"":""MultiPoint"",""coordinates"":[]}"
1145_00000000000000000021,1857233047,225282636,41860,H1,013,01675903,488,A,06013,+37.9194790,-121.9515431,06,36084,G4020,Contra Costa,Contra Costa County,06,2025-02-19,10.66915200525597,1739923200000,"{""type"":""MultiPoint"",""coordinates"":[]}"
1145_00000000000000000023,1909598013,216923745,41860,H1,001,01675839,488,A,06001,+37.6471385,-121.9124880,06,36084,G4020,Alameda,Alameda County,06,2025-02-19,10.507760981484134,1739923200000,"{""type"":""MultiPoint"",""coordinates"":[]}"
1145_0000000000000000001f,121375681,479216672,41860,H6,075,00277302,488,C,06075,+37.7272391,-123.0322294,06,41884,G4020,San Francisco,San Francisco County,06,2025-02-19,10.72028566258407,1739923200000,"{""type"":""MultiPoint"",""coordinates"":[]}"
1146_00000000000000000021,1857233047,225282636,41860,H1,013,01675903,488,A,06013,+37.9194790,-121.9515431,06,36084,G4020,Contra Costa,Contra Costa County,06,2025-02-20,10.658476438648167,1740009600000,"{""type"":""MultiPoint"",""coordinates"":[]}"
1146_00000000000000000023,1909598013,216923745,41860,H1,001,01675839,488,A,06001,+37.6471385,-121.9124880,06,36084,G4020,Alameda,Alameda County,06,2025-02-20,10.237051492283854,1740009600000,"{""type"":""MultiPoint"",""coordinates"":[]}"
1146_0000000000000000001f,121375681,479216672,41860,H6,075,00277302,488,C,06075,+37.7272391,-123.0322294,06,41884,G4020,San Francisco,San Francisco County,06,2025-02-20,10.67749505599496,1740009600000,"{""type"":""MultiPoint"",""coordinates"":[]}"
1147_00000000000000000021,1857233047,225282636,41860,H1,013,01675903,488,A,06013,+37.9194790,-121.9515431,06,36084,G4020,Contra Costa,Contra Costa County,06,2025-02-21,11.380444156792967,1740096000000,"{""type"":""MultiPoint"",""coordinates"":[]}"
1147_00000000000000000023,1909598013,216923745,41860,H1,001,01675839,488,A,06001,+37.6471385,-121.9124880,06,36084,G4020,Alameda,Alameda County,06,2025-02-21,11.425112318704814,1740096000000,"{""type"":""MultiPoint"",""coordinates"":[]}"
1147_0000000000000000001f,121375681,479216672,41860,H6,075,00277302,488,C,06075,+37.7272391,-123.0322294,06,41884,G4020,San Francisco,San Francisco County,06,2025-02-21,10.995121097872156,1740096000000,"{""type"":""MultiPoint"",""coordinates"":[]}"
1148_00000000000000000021,1857233047,225282636,41860,H1,013,01675903,488,A,06013,+37.9194790,-121.9515431,06,36084,G4020,Contra Costa,Contra Costa County,06,2025-02-22,10.623361531177713,1740182400000,"{""type"":""MultiPoint"",""coordinates"":[]}"
1148_00000000000000000023,1909598013,216923745,41860,H1,001,01675839,488,A,06001,+37.6471385,-121.9124880,06,36084,G4020,Alameda,Alameda County,06,2025-02-22,11.68957870150737,1740182400000,"{""type"":""MultiPoint"",""coordinates"":[]}"
1148_0000000000000000001f,121375681,479216672,41860,H6,075,00277302,488,C,06075,+37.7272391,-123.0322294,06,41884,G4020,San Francisco,San Francisco County,06,2025-02-22,10.813033882746184,1740182400000,"{""type"":""MultiPoint"",""coordinates"":[]}"
1149_00000000000000000021,1857233047,225282636,41860,H1,013,01675903,488,A,06013,+37.9194790,-121.9515431,06,36084,G4020,Contra Costa,Contra Costa County,06,2025-02-23,11.613990445611067,1740268800000,"{""type"":""MultiPoint"",""coordinates"":[]}"
1149_00000000000000000023,1909598013,216923745,41860,H1,001,01675839,488,A,06001,+37.6471385,-121.9124880,06,36084,G4020,Alameda,Alameda County,06,2025-02-23,12.090008221762934,1740268800000,"{""type"":""MultiPoint"",""coordinates"":[]}"
1149_0000000000000000001f,121375681,479216672,41860,H6,075,00277302,488,C,06075,+37.7272391,-123.0322294,06,41884,G4020,San Francisco,San Francisco County,06,2025-02-23,11.417620214072464,1740268800000,"{""type"":""MultiPoint"",""coordinates"":[]}"
1150_00000000000000000021,1857233047,225282636,41860,H1,013,01675903,488,A,06013,+37.9194790,-121.9515431,06,36084,G4020,Contra Costa,Contra Costa County,06,2025-02-24,12.554492030069953,1740355200000,"{""type"":""MultiPoint"",""coordinates"":[]}"
1150_00000000000000000023,1909598013,216923745,41860,H1,001,01675839,488,A,06001,+37.6471385,-121.9124880,06,36084,G4020,Alameda,Alameda County,06,2025-02-24,12.349589730371019,1740355200000,"{""type"":""MultiPoint"",""coordinates"":[]}"
1150_0000000000000000001f,121375681,479216672,41860,H6,075,00277302,488,C,06075,+37.7272391,-123.0322294,06,41884,G4020,San Francisco,San Francisco County,06,2025-02-24,12.47019215700016,1740355200000,"{""type"":""MultiPoint"",""coordinates"":[]}"
1151_00000000000000000021,1857233047,225282636,41860,H1,013,01675903,488,A,06013,+37.9194790,-121.9515431,06,36084,G4020,Contra Costa,Contra Costa County,06,2025-02-25,12.151381731375112,1740441600000,"{""type"":""MultiPoint"",""coordinates"":[]}"
1151_00000000000000000023,1909598013,216923745,41860,H1,001,01675839,488,A,06001,+37.6471385,-121.9124880,06,36084,G4020,Alameda,Alameda County,06,2025-02-25,11.998329453920189,1740441600000,"{""type"":""MultiPoint"",""coordinates"":[]}"
1151_0000000000000000001f,121375681,479216672,41860,H6,075,00277302,488,C,06075,+37.7272391,-123.0322294,06,41884,G4020,San Francisco,San Francisco County,06,2025-02-25,11.889570395828166,1740441600000,"{""type"":""MultiPoint"",""coordinates"":[]}"
1152_00000000000000000021,1857233047,225282636,41860,H1,013,01675903,488,A,06013,+37.9194790,-121.9515431,06,36084,G4020,Contra Costa,Contra Costa County,06,2025-02-26,12.712178381474788,1740528000000,"{""type"":""MultiPoint"",""coordinates"":[]}"
1152_00000000000000000023,1909598013,216923745,41860,H1,001,01675839,488,A,06001,+37.6471385,-121.9124880,06,36084,G4020,Alameda,Alameda County,06,2025-02-26,13.203792092771389,1740528000000,"{""type"":""MultiPoint"",""coordinates"":[]}"
1152_0000000000000000001f,121375681,479216672,41860,H6,075,00277302,488,C,06075,+37.7272391,-123.0322294,06,41884,G4020,San Francisco,San Francisco County,06,2025-02-26,12.490237274514273,1740528000000,"{""type"":""MultiPoint"",""coordinates"":[]}"
1153_00000000000000000021,1857233047,225282636,41860,H1,013,01675903,488,A,06013,+37.9194790,-121.9515431,06,36084,G4020,Contra Costa,Contra Costa County,06,2025-02-27,13.231160439292871,1740614400000,"{""type"":""MultiPoint"",""coordinates"":[]}"
1153_00000000000000000023,1909598013,216923745,41860,H1,001,01675839,488,A,06001,+37.6471385,-121.9124880,06,36084,G4020,Alameda,Alameda County,06,2025-02-27,13.884890622079649,1740614400000,"{""type"":""MultiPoint"",""coordinates"":[]}"
1153_0000000000000000001f,121375681,479216672,41860,H6,075,00277302,488,C,06075,+37.7272391,-123.0322294,06,41884,G4020,San Francisco,San Francisco County,06,2025-02-27,13.120903399803824,1740614400000,"{""type"":""MultiPoint"",""coordinates"":[]}"
1154_00000000000000000021,1857233047,225282636,41860,H1,013,01675903,488,A,06013,+37.9194790,-121.9515431,06,36084,G4020,Contra Costa,Contra Costa County,06,2025-02-28,15.05241844610745,1740700800000,"{""type"":""MultiPoint"",""coordinates"":[]}"
1154_00000000000000000023,1909598013,216923745,41860,H1,001,01675839,488,A,06001,+37.6471385,-121.9124880,06,36084,G4020,Alameda,Alameda County,06,2025-02-28,16.025409228173142,1740700800000,"{""type"":""MultiPoint"",""coordinates"":[]}"
1154_0000000000000000001f,121375681,479216672,41860,H6,075,00277302,488,C,06075,+37.7272391,-123.0322294,06,41884,G4020,San Francisco,San Francisco County,06,2025-02-28,14.517016964585938,1740700800000,"{""type"":""MultiPoint"",""coordinates"":[]}"
1155_00000000000000000021,1857233047,225282636,41860,H1,013,01675903,488,A,06013,+37.9194790,-121.9515431,06,36084,G4020,Contra Costa,Contra Costa County,06,2025-03-01,12.117843633199833,1740787200000,"{""type"":""MultiPoint"",""coordinates"":[]}"
1155_00000000000000000023,1909598013,216923745,41860,H1,001,01675839,488,A,06001,+37.6471385,-121.9124880,06,36084,G4020,Alameda,Alameda County,06,2025-03-01,11.743333354626351,1740787200000,"{""type"":""MultiPoint"",""coordinates"":[]}"
1155_0000000000000000001f,121375681,479216672,41860,H6,075,00277302,488,C,06075,+37.7272391,-123.0322294,06,41884,G4020,San Francisco,San Francisco County,06,2025-03-01,11.217828080148433,1740787200000,"{""type"":""MultiPoint"",""coordinates"":[]}"
1156_00000000000000000021,1857233047,225282636,41860,H1,013,01675903,488,A,06013,+37.9194790,-121.9515431,06,36084,G4020,Contra Costa,Contra Costa County,06,2025-03-02,10.643067817018347,1740873600000,"{""type"":""MultiPoint"",""coordinates"":[]}"
1156_00000000000000000023,1909598013,216923745,41860,H1,001,01675839,488,A,06001,+37.6471385,-121.9124880,06,36084,G4020,Alameda,Alameda County,06,2025-03-02,9.796252399791774,1740873600000,"{""type"":""MultiPoint"",""coordinates"":[]}"
1156_0000000000000000001f,121375681,479216672,41860,H6,075,00277302,488,C,06075,+37.7272391,-123.0322294,06,41884,G4020,San Francisco,San Francisco County,06,2025-03-02,10.972771718746467,1740873600000,"{""type"":""MultiPoint"",""coordinates"":[]}"
1157_00000000000000000021,1857233047,225282636,41860,H1,013,01675903,488,A,06013,+37.9194790,-121.9515431,06,36084,G4020,Contra Costa,Contra Costa County,06,2025-03-03,9.187653436182309,1740960000000,"{""type"":""MultiPoint"",""coordinates"":[]}"
1157_00000000000000000023,1909598013,216923745,41860,H1,001,01675839,488,A,06001,+37.6471385,-121.9124880,06,36084,G4020,Alameda,Alameda County,06,2025-03-03,8.463588257744375,1740960000000,"{""type"":""MultiPoint"",""coordinates"":[]}"
1157_0000000000000000001f,121375681,479216672,41860,H6,075,00277302,488,C,06075,+37.7272391,-123.0322294,06,41884,G4020,San Francisco,San Francisco County,06,2025-03-03,9.708528319210652,1740960000000,"{""type"":""MultiPoint"",""coordinates"":[]}"
1158_00000000000000000021,1857233047,225282636,41860,H1,013,01675903,488,A,06013,+37.9194790,-121.9515431,06,36084,G4020,Contra Costa,Contra Costa County,06,2025-03-04,9.69884734751592,1741046400000,"{""type"":""MultiPoint"",""coordinates"":[]}"
1158_00000000000000000023,1909598013,216923745,41860,H1,001,01675839,488,A,06001,+37.6471385,-121.9124880,06,36084,G4020,Alameda,Alameda County,06,2025-03-04,8.634449705760343,1741046400000,"{""type"":""MultiPoint"",""coordinates"":[]}"
1158_0000000000000000001f,121375681,479216672,41860,H6,075,00277302,488,C,06075,+37.7272391,-123.0322294,06,41884,G4020,San Francisco,San Francisco County,06,2025-03-04,10.040493672836408,1741046400000,"{""type"":""MultiPoint"",""coordinates"":[]}"
1159_00000000000000000021,1857233047,225282636,41860,H1,013,01675903,488,A,06013,+37.9194790,-121.9515431,06,36084,G4020,Contra Costa,Contra Costa County,06,2025-03-05,10.485483329363245,1741132800000,"{""type"":""MultiPoint"",""coordinates"":[]}"
1159_00000000000000000023,1909598013,216923745,41860,H1,001,01675839,488,A,06001,+37.6471385,-121.9124880,06,36084,G4020,Alameda,Alameda County,06,2025-03-05,10.206501843870036,1741132800000,"{""type"":""MultiPoint"",""coordinates"":[]}"
1159_0000000000000000001f,121375681,479216672,41860,H6,075,00277302,488,C,06075,+37.7272391,-123.0322294,06,41884,G4020,San Francisco,San Francisco County,06,2025-03-05,10.749573837073694,1741132800000,"{""type"":""MultiPoint"",""coordinates"":[]}"
1160_00000000000000000021,1857233047,225282636,41860,H1,013,01675903,488,A,06013,+37.9194790,-121.9515431,06,36084,G4020,Contra Costa,Contra Costa County,06,2025-03-06,8.554723325859952,1741219200000,"{""type"":""MultiPoint"",""coordinates"":[]}"
1160_00000000000000000023,1909598013,216923745,41860,H1,001,01675839,488,A,06001,+37.6471385,-121.9124880,06,36084,G4020,Alameda,Alameda County,06,2025-03-06,7.5803511570835616,1741219200000,"{""type"":""MultiPoint"",""coordinates"":[]}"
1160_0000000000000000001f,121375681,479216672,41860,H6,075,00277302,488,C,06075,+37.7272391,-123.0322294,06,41884,G4020,San Francisco,San Francisco County,06,2025-03-06,9.30357499531514,1741219200000,"{""type"":""MultiPoint"",""coordinates"":[]}"
1161_00000000000000000021,1857233047,225282636,41860,H1,013,01675903,488,A,06013,+37.9194790,-121.9515431,06,36084,G4020,Contra Costa,Contra Costa County,06,2025-03-07,9.61527576737779,1741305600000,"{""type"":""MultiPoint"",""coordinates"":[]}"
1161_00000000000000000023,1909598013,216923745,41860,H1,001,01675839,488,A,06001,+37.6471385,-121.9124880,06,36084,G4020,Alameda,Alameda County,06,2025-03-07,9.100422494702336,1741305600000,"{""type"":""MultiPoint"",""coordinates"":[]}"
1161_0000000000000000001f,121375681,479216672,41860,H6,075,00277302,488,C,06075,+37.7272391,-123.0322294,06,41884,G4020,San Francisco,San Francisco County,06,2025-03-07,10.310087222179888,1741305600000,"{""type"":""MultiPoint"",""coordinates"":[]}"
1162_00000000000000000021,1857233047,225282636,41860,H1,013,01675903,488,A,06013,+37.9194790,-121.9515431,06,36084,G4020,Contra Costa,Contra Costa County,06,2025-03-08,10.02644842319603,1741392000000,"{""type"":""MultiPoint"",""coordinates"":[]}"
1162_00000000000000000023,1909598013,216923745,41860,H1,001,01675839,488,A,06001,+37.6471385,-121.9124880,06,36084,G4020,Alameda,Alameda County,06,2025-03-08,10.347323045498776,1741392000000,"{""type"":""MultiPoint"",""coordinates"":[]}"
1162_0000000000000000001f,121375681,479216672,41860,H6,075,00277302,488,C,06075,+37.7272391,-123.0322294,06,41884,G4020,San Francisco,San Francisco County,06,2025-03-08,10.471853552350389,1741392000000,"{""type"":""MultiPoint"",""coordinates"":[]}"
1163_00000000000000000021,1857233047,225282636,41860,H1,013,01675903,488,A,06013,+37.9194790,-121.9515431,06,36084,G4020,Contra Costa,Contra Costa County,06,2025-03-09,10.936743698643182,1741478400000,"{""type"":""MultiPoint"",""coordinates"":[]}"
1163_00000000000000000023,1909598013,216923745,41860,H1,001,01675839,488,A,06001,+37.6471385,-121.9124880,06,36084,G4020,Alameda,Alameda County,06,2025-03-09,10.98706618047698,1741478400000,"{""type"":""MultiPoint"",""coordinates"":[]}"
1163_0000000000000000001f,121375681,479216672,41860,H6,075,00277302,488,C,06075,+37.7272391,-123.0322294,06,41884,G4020,San Francisco,San Francisco County,06,2025-03-09,10.702942612461726,1741478400000,"{""type"":""MultiPoint"",""coordinates"":[]}"
1164_00000000000000000021,1857233047,225282636,41860,H1,013,01675903,488,A,06013,+37.9194790,-121.9515431,06,36084,G4020,Contra Costa,Contra Costa County,06,2025-03-10,11.125235704188425,1741564800000,"{""type"":""MultiPoint"",""coordinates"":[]}"
1164_00000000000000000023,1909598013,216923745,41860,H1,001,01675839,488,A,06001,+37.6471385,-121.9124880,06,36084,G4020,Alameda,Alameda County,06,2025-03-10,11.378343287634575,1741564800000,"{""type"":""MultiPoint"",""coordinates"":[]}"
1164_0000000000000000001f,121375681,479216672,41860,H6,075,00277302,488,C,06075,+37.7272391,-123.0322294,06,41884,G4020,San Francisco,San Francisco County,06,2025-03-10,10.97101730479497,1741564800000,"{""type"":""MultiPoint"",""coordinates"":[]}"
1165_00000000000000000021,1857233047,225282636,41860,H1,013,01675903,488,A,06013,+37.9194790,-121.9515431,06,36084,G4020,Contra Costa,Contra Costa County,06,2025-03-11,11.640418906017219,1741651200000,"{""type"":""MultiPoint"",""coordinates"":[]}"
1165_00000000000000000023,1909598013,216923745,41860,H1,001,01675839,488,A,06001,+37.6471385,-121.9124880,06,36084,G4020,Alameda,Alameda County,06,2025-03-11,11.435873748861756,1741651200000,"{""type"":""MultiPoint"",""coordinates"":[]}"
1165_0000000000000000001f,121375681,479216672,41860,H6,075,00277302,488,C,06075,+37.7272391,-123.0322294,06,41884,G4020,San Francisco,San Francisco County,06,2025-03-11,10.993150511593495,1741651200000,"{""type"":""MultiPoint"",""coordinates"":[]}"
1166_00000000000000000021,1857233047,225282636,41860,H1,013,01675903,488,A,06013,+37.9194790,-121.9515431,06,36084,G4020,Contra Costa,Contra Costa County,06,2025-03-12,11.713839038822345,1741737600000,"{""type"":""MultiPoint"",""coordinates"":[]}"
1166_00000000000000000023,1909598013,216923745,41860,H1,001,01675839,488,A,06001,+37.6471385,-121.9124880,06,36084,G4020,Alameda,Alameda County,06,2025-03-12,11.010670957296698,1741737600000,"{""type"":""MultiPoint"",""coordinates"":[]}"
1166_0000000000000000001f,121375681,479216672,41860,H6,075,00277302,488,C,06075,+37.7272391,-123.0322294,06,41884,G4020,San Francisco,San Francisco County,06,2025-03-12,11.733243443964385,1741737600000,"{""type"":""MultiPoint"",""coordinates"":[]}"
1167_00000000000000000021,1857233047,225282636,41860,H1,013,01675903,488,A,06013,+37.9194790,-121.9515431,06,36084,G4020,Contra Costa,Contra Costa County,06,2025-03-13,7.83779924257383,1741824000000,"{""type"":""MultiPoint"",""coordinates"":[]}"
1167_00000000000000000023,1909598013,216923745,41860,H1,001,01675839,488,A,06001,+37.6471385,-121.9124880,06,36084,G4020,Alameda,Alameda County,06,2025-03-13,7.031028042572455,1741824000000,"{""type"":""MultiPoint"",""coordinates"":[]}"
1167_0000000000000000001f,121375681,479216672,41860,H6,075,00277302,488,C,06075,+37.7272391,-123.0322294,06,41884,G4020,San Francisco,San Francisco County,06,2025-03-13,8.540879376606364,1741824000000,"{""type"":""MultiPoint"",""coordinates"":[]}"
1168_00000000000000000021,1857233047,225282636,41860,H1,013,01675903,488,A,06013,+37.9194790,-121.9515431,06,36084,G4020,Contra Costa,Contra Costa County,06,2025-03-14,8.06241318058893,1741910400000,"{""type"":""MultiPoint"",""coordinates"":[]}"
1168_00000000000000000023,1909598013,216923745,41860,H1,001,01675839,488,A,06001,+37.6471385,-121.9124880,06,36084,G4020,Alameda,Alameda County,06,2025-03-14,7.218514668842297,1741910400000,"{""type"":""MultiPoint"",""coordinates"":[]}"
1168_0000000000000000001f,121375681,479216672,41860,H6,075,00277302,488,C,06075,+37.7272391,-123.0322294,06,41884,G4020,San Francisco,San Francisco County,06,2025-03-14,9.386524962641092,1741910400000,"{""type"":""MultiPoint"",""coordinates"":[]}"
1169_00000000000000000021,1857233047,225282636,41860,H1,013,01675903,488,A,06013,+37.9194790,-121.9515431,06,36084,G4020,Contra Costa,Contra Costa County,06,2025-03-15,9.405080537052083,1741996800000,"{""type"":""MultiPoint"",""coordinates"":[]}"
1169_00000000000000000023,1909598013,216923745,41860,H1,001,01675839,488,A,06001,+37.6471385,-121.9124880,06,36084,G4020,Alameda,Alameda County,06,2025-03-15,8.562072458336102,1741996800000,"{""type"":""MultiPoint"",""coordinates"":[]}"
1169_0000000000000000001f,121375681,479216672,41860,H6,075,00277302,488,C,06075,+37.7272391,-123.0322294,06,41884,G4020,San Francisco,San Francisco County,06,2025-03-15,10.215950829747586,1741996800000,"{""type"":""MultiPoint"",""coordinates"":[]}"
1170_00000000000000000021,1857233047,225282636,41860,H1,013,01675903,488,A,06013,+37.9194790,-121.9515431,06,36084,G4020,Contra Costa,Contra Costa County,06,2025-03-16,9.938792215047952,1742083200000,"{""type"":""MultiPoint"",""coordinates"":[]}"
1170_00000000000000000023,1909598013,216923745,41860,H1,001,01675839,488,A,06001,+37.6471385,-121.9124880,06,36084,G4020,Alameda,Alameda County,06,2025-03-16,9.349468164836686,1742083200000,"{""type"":""MultiPoint"",""coordinates"":[]}"
1170_0000000000000000001f,121375681,479216672,41860,H6,075,00277302,488,C,06075,+37.7272391,-123.0322294,06,41884,G4020,San Francisco,San Francisco County,06,2025-03-16,11.026433548475385,1742083200000,"{""type"":""MultiPoint"",""coordinates"":[]}"
1171_00000000000000000021,1857233047,225282636,41860,H1,013,01675903,488,A,06013,+37.9194790,-121.9515431,06,36084,G4020,Contra Costa,Contra Costa County,06,2025-03-17,11.39468953073293,1742169600000,"{""type"":""MultiPoint"",""coordinates"":[]}"
1171_00000000000000000023,1909598013,216923745,41860,H1,001,01675839,488,A,06001,+37.6471385,-121.9124880,06,36084,G4020,Alameda,Alameda County,06,2025-03-17,10.743843072389001,1742169600000,"{""type"":""MultiPoint"",""coordinates"":[]}"
1171_0000000000000000001f,121375681,479216672,41860,H6,075,00277302,488,C,06075,+37.7272391,-123.0322294,06,41884,G4020,San Francisco,San Francisco County,06,2025-03-17,11.544215367487558,1742169600000,"{""type"":""MultiPoint"",""coordinates"":[]}"
1172_00000000000000000021,1857233047,225282636,41860,H1,013,01675903,488,A,06013,+37.9194790,-121.9515431,06,36084,G4020,Contra Costa,Contra Costa County,06,2025-03-18,8.859515644642922,1742256000000,"{""type"":""MultiPoint"",""coordinates"":[]}"
1172_00000000000000000023,1909598013,216923745,41860,H1,001,01675839,488,A,06001,+37.6471385,-121.9124880,06,36084,G4020,Alameda,Alameda County,06,2025-03-18,8.225919821585554,1742256000000,"{""type"":""MultiPoint"",""coordinates"":[]}"
1172_0000000000000000001f,121375681,479216672,41860,H6,075,00277302,488,C,06075,+37.7272391,-123.0322294,06,41884,G4020,San Francisco,San Francisco County,06,2025-03-18,9.44482841688463,1742256000000,"{""type"":""MultiPoint"",""coordinates"":[]}"
1173_00000000000000000021,1857233047,225282636,41860,H1,013,01675903,488,A,06013,+37.9194790,-121.9515431,06,36084,G4020,Contra Costa,Contra Costa County,06,2025-03-19,9.178703700511702,1742342400000,"{""type"":""MultiPoint"",""coordinates"":[]}"
1173_00000000000000000023,1909598013,216923745,41860,H1,001,01675839,488,A,06001,+37.6471385,-121.9124880,06,36084,G4020,Alameda,Alameda County,06,2025-03-19,9.121205866246813,1742342400000,"{""type"":""MultiPoint"",""coordinates"":[]}"
1173_0000000000000000001f,121375681,479216672,41860,H6,075,00277302,488,C,06075,+37.7272391,-123.0322294,06,41884,G4020,San Francisco,San Francisco County,06,2025-03-19,9.740236745720013,1742342400000,"{""type"":""MultiPoint"",""coordinates"":[]}"
1174_00000000000000000021,1857233047,225282636,41860,H1,013,01675903,488,A,06013,+37.9194790,-121.9515431,06,36084,G4020,Contra Costa,Contra Costa County,06,2025-03-20,10.42557910841131,1742428800000,"{""type"":""MultiPoint"",""coordinates"":[]}"
1174_00000000000000000023,1909598013,216923745,41860,H1,001,01675839,488,A,06001,+37.6471385,-121.9124880,06,36084,G4020,Alameda,Alameda County,06,2025-03-20,9.968708492304522,1742428800000,"{""type"":""MultiPoint"",""coordinates"":[]}"
1174_0000000000000000001f,121375681,479216672,41860,H6,075,00277302,488,C,06075,+37.7272391,-123.0322294,06,41884,G4020,San Francisco,San Francisco County,06,2025-03-20,10.362462742631498,1742428800000,"{""type"":""MultiPoint"",""coordinates"":[]}"
1175_00000000000000000021,1857233047,225282636,41860,H1,013,01675903,488,A,06013,+37.9194790,-121.9515431,06,36084,G4020,Contra Costa,Contra Costa County,06,2025-03-21,10.59708653457245,1742515200000,"{""type"":""MultiPoint"",""coordinates"":[]}"
1175_00000000000000000023,1909598013,216923745,41860,H1,001,01675839,488,A,06001,+37.6471385,-121.9124880,06,36084,G4020,Alameda,Alameda County,06,2025-03-21,10.111992063459802,1742515200000,"{""type"":""MultiPoint"",""coordinates"":[]}"
1175_0000000000000000001f,121375681,479216672,41860,H6,075,00277302,488,C,06075,+37.7272391,-123.0322294,06,41884,G4020,San Francisco,San Francisco County,06,2025-03-21,10.59668639064376,1742515200000,"{""type"":""MultiPoint"",""coordinates"":[]}"
1176_00000000000000000021,1857233047,225282636,41860,H1,013,01675903,488,A,06013,+37.9194790,-121.9515431,06,36084,G4020,Contra Costa,Contra Costa County,06,2025-03-22,11.589695955860773,1742601600000,"{""type"":""MultiPoint"",""coordinates"":[]}"
1176_00000000000000000023,1909598013,216923745,41860,H1,001,01675839,488,A,06001,+37.6471385,-121.9124880,06,36084,G4020,Alameda,Alameda County,06,2025-03-22,10.535150385993811,1742601600000,"{""type"":""MultiPoint"",""coordinates"":[]}"
1176_0000000000000000001f,121375681,479216672,41860,H6,075,00277302,488,C,06075,+37.7272391,-123.0322294,06,41884,G4020,San Francisco,San Francisco County,06,2025-03-22,11.725846880009554,1742601600000,"{""type"":""MultiPoint"",""coordinates"":[]}"
1177_00000000000000000021,1857233047,225282636,41860,H1,013,01675903,488,A,06013,+37.9194790,-121.9515431,06,36084,G4020,Contra Costa,Contra Costa County,06,2025-03-23,12.731564721915566,1742688000000,"{""type"":""MultiPoint"",""coordinates"":[]}"
1177_00000000000000000023,1909598013,216923745,41860,H1,001,01675839,488,A,06001,+37.6471385,-121.9124880,06,36084,G4020,Alameda,Alameda County,06,2025-03-23,12.12130794299098,1742688000000,"{""type"":""MultiPoint"",""coordinates"":[]}"
1177_0000000000000000001f,121375681,479216672,41860,H6,075,00277302,488,C,06075,+37.7272391,-123.0322294,06,41884,G4020,San Francisco,San Francisco County,06,2025-03-23,12.313830727750025,1742688000000,"{""type"":""MultiPoint"",""coordinates"":[]}"
1178_00000000000000000021,1857233047,225282636,41860,H1,013,01675903,488,A,06013,+37.9194790,-121.9515431,06,36084,G4020,Contra Costa,Contra Costa County,06,2025-03-24,14.911110514649444,1742774400000,"{""type"":""MultiPoint"",""coordinates"":[]}"
1178_00000000000000000023,1909598013,216923745,41860,H1,001,01675839,488,A,06001,+37.6471385,-121.9124880,06,36084,G4020,Alameda,Alameda County,06,2025-03-24,15.467792344948926,1742774400000,"{""type"":""MultiPoint"",""coordinates"":[]}"
1178_0000000000000000001f,121375681,479216672,41860,H6,075,00277302,488,C,06075,+37.7272391,-123.0322294,06,41884,G4020,San Francisco,San Francisco County,06,2025-03-24,14.109299673625236,1742774400000,"{""type"":""MultiPoint"",""coordinates"":[]}"
1179_00000000000000000021,1857233047,225282636,41860,H1,013,01675903,488,A,06013,+37.9194790,-121.9515431,06,36084,G4020,Contra Costa,Contra Costa County,06,2025-03-25,18.85061938962525,1742860800000,"{""type"":""MultiPoint"",""coordinates"":[]}"
1179_00000000000000000023,1909598013,216923745,41860,H1,001,01675839,488,A,06001,+37.6471385,-121.9124880,06,36084,G4020,Alameda,Alameda County,06,2025-03-25,19.500015360018086,1742860800000,"{""type"":""MultiPoint"",""coordinates"":[]}"
1179_0000000000000000001f,121375681,479216672,41860,H6,075,00277302,488,C,06075,+37.7272391,-123.0322294,06,41884,G4020,San Francisco,San Francisco County,06,2025-03-25,17.44364545368366,1742860800000,"{""type"":""MultiPoint"",""coordinates"":[]}"
1180_00000000000000000021,1857233047,225282636,41860,H1,013,01675903,488,A,06013,+37.9194790,-121.9515431,06,36084,G4020,Contra Costa,Contra Costa County,06,2025-03-26,16.17325222985798,1742947200000,"{""type"":""MultiPoint"",""coordinates"":[]}"
1180_00000000000000000023,1909598013,216923745,41860,H1,001,01675839,488,A,06001,+37.6471385,-121.9124880,06,36084,G4020,Alameda,Alameda County,06,2025-03-26,15.683859043763766,1742947200000,"{""type"":""MultiPoint"",""coordinates"":[]}"
1180_0000000000000000001f,121375681,479216672,41860,H6,075,00277302,488,C,06075,+37.7272391,-123.0322294,06,41884,G4020,San Francisco,San Francisco County,06,2025-03-26,13.972622623357555,1742947200000,"{""type"":""MultiPoint"",""coordinates"":[]}"
1181_00000000000000000021,1857233047,225282636,41860,H1,013,01675903,488,A,06013,+37.9194790,-121.9515431,06,36084,G4020,Contra Costa,Contra Costa County,06,2025-03-27,14.065423549312541,1743033600000,"{""type"":""MultiPoint"",""coordinates"":[]}"
1181_00000000000000000023,1909598013,216923745,41860,H1,001,01675839,488,A,06001,+37.6471385,-121.9124880,06,36084,G4020,Alameda,Alameda County,06,2025-03-27,13.43761553856081,1743033600000,"{""type"":""MultiPoint"",""coordinates"":[]}"
1181_0000000000000000001f,121375681,479216672,41860,H6,075,00277302,488,C,06075,+37.7272391,-123.0322294,06,41884,G4020,San Francisco,San Francisco County,06,2025-03-27,13.589000052348199,1743033600000,"{""type"":""MultiPoint"",""coordinates"":[]}"
1182_00000000000000000021,1857233047,225282636,41860,H1,013,01675903,488,A,06013,+37.9194790,-121.9515431,06,36084,G4020,Contra Costa,Contra Costa County,06,2025-03-28,12.219739783891246,1743120000000,"{""type"":""MultiPoint"",""coordinates"":[]}"
1182_00000000000000000023,1909598013,216923745,41860,H1,001,01675839,488,A,06001,+37.6471385,-121.9124880,06,36084,G4020,Alameda,Alameda County,06,2025-03-28,11.289237552758705,1743120000000,"{""type"":""MultiPoint"",""coordinates"":[]}"
1182_0000000000000000001f,121375681,479216672,41860,H6,075,00277302,488,C,06075,+37.7272391,-123.0322294,06,41884,G4020,San Francisco,San Francisco County,06,2025-03-28,12.544106562532681,1743120000000,"{""type"":""MultiPoint"",""coordinates"":[]}"
1183_00000000000000000021,1857233047,225282636,41860,H1,013,01675903,488,A,06013,+37.9194790,-121.9515431,06,36084,G4020,Contra Costa,Contra Costa County,06,2025-03-29,10.49000774358583,1743206400000,"{""type"":""MultiPoint"",""coordinates"":[]}"
1183_00000000000000000023,1909598013,216923745,41860,H1,001,01675839,488,A,06001,+37.6471385,-121.9124880,06,36084,G4020,Alameda,Alameda County,06,2025-03-29,9.678216727162013,1743206400000,"{""type"":""MultiPoint"",""coordinates"":[]}"
1183_0000000000000000001f,121375681,479216672,41860,H6,075,00277302,488,C,06075,+37.7272391,-123.0322294,06,41884,G4020,San Francisco,San Francisco County,06,2025-03-29,10.794563876114552,1743206400000,"{""type"":""MultiPoint"",""coordinates"":[]}"
1184_00000000000000000021,1857233047,225282636,41860,H1,013,01675903,488,A,06013,+37.9194790,-121.9515431,06,36084,G4020,Contra Costa,Contra Costa County,06,2025-03-30,11.438093570500424,1743292800000,"{""type"":""MultiPoint"",""coordinates"":[]}"
1184_00000000000000000023,1909598013,216923745,41860,H1,001,01675839,488,A,06001,+37.6471385,-121.9124880,06,36084,G4020,Alameda,Alameda County,06,2025-03-30,10.854052159068797,1743292800000,"{""type"":""MultiPoint"",""coordinates"":[]}"
1184_0000000000000000001f,121375681,479216672,41860,H6,075,00277302,488,C,06075,+37.7272391,-123.0322294,06,41884,G4020,San Francisco,San Francisco County,06,2025-03-30,11.6035524731064,1743292800000,"{""type"":""MultiPoint"",""coordinates"":[]}"
1185_00000000000000000021,1857233047,225282636,41860,H1,013,01675903,488,A,06013,+37.9194790,-121.9515431,06,36084,G4020,Contra Costa,Contra Costa County,06,2025-03-31,12.407245765480795,1743379200000,"{""type"":""MultiPoint"",""coordinates"":[]}"
1185_00000000000000000023,1909598013,216923745,41860,H1,001,01675839,488,A,06001,+37.6471385,-121.9124880,06,36084,G4020,Alameda,Alameda County,06,2025-03-31,11.837015888148324,1743379200000,"{""type"":""MultiPoint"",""coordinates"":[]}"
1185_0000000000000000001f,121375681,479216672,41860,H6,075,00277302,488,C,06075,+37.7272391,-123.0322294,06,41884,G4020,San Francisco,San Francisco County,06,2025-03-31,12.560188464146915,1743379200000,"{""type"":""MultiPoint"",""coordinates"":[]}"
1186_00000000000000000021,1857233047,225282636,41860,H1,013,01675903,488,A,06013,+37.9194790,-121.9515431,06,36084,G4020,Contra Costa,Contra Costa County,06,2025-04-01,9.814974722461558,1743465600000,"{""type"":""MultiPoint"",""coordinates"":[]}"
1186_00000000000000000023,1909598013,216923745,41860,H1,001,01675839,488,A,06001,+37.6471385,-121.9124880,06,36084,G4020,Alameda,Alameda County,06,2025-04-01,8.97099593385278,1743465600000,"{""type"":""MultiPoint"",""coordinates"":[]}"
1186_0000000000000000001f,121375681,479216672,41860,H6,075,00277302,488,C,06075,+37.7272391,-123.0322294,06,41884,G4020,San Francisco,San Francisco County,06,2025-04-01,10.635560539043945,1743465600000,"{""type"":""MultiPoint"",""coordinates"":[]}"
1187_00000000000000000021,1857233047,225282636,41860,H1,013,01675903,488,A,06013,+37.9194790,-121.9515431,06,36084,G4020,Contra Costa,Contra Costa County,06,2025-04-02,9.43706582520034,1743552000000,"{""type"":""MultiPoint"",""coordinates"":[]}"
1187_00000000000000000023,1909598013,216923745,41860,H1,001,01675839,488,A,06001,+37.6471385,-121.9124880,06,36084,G4020,Alameda,Alameda County,06,2025-04-02,8.456108851722226,1743552000000,"{""type"":""MultiPoint"",""coordinates"":[]}"
1187_0000000000000000001f,121375681,479216672,41860,H6,075,00277302,488,C,06075,+37.7272391,-123.0322294,06,41884,G4020,San Francisco,San Francisco County,06,2025-04-02,10.069717313519318,1743552000000,"{""type"":""MultiPoint"",""coordinates"":[]}"
1188_00000000000000000021,1857233047,225282636,41860,H1,013,01675903,488,A,06013,+37.9194790,-121.9515431,06,36084,G4020,Contra Costa,Contra Costa County,06,2025-04-03,10.32732693014506,1743638400000,"{""type"":""MultiPoint"",""coordinates"":[]}"
1188_00000000000000000023,1909598013,216923745,41860,H1,001,01675839,488,A,06001,+37.6471385,-121.9124880,06,36084,G4020,Alameda,Alameda County,06,2025-04-03,9.446748142611503,1743638400000,"{""type"":""MultiPoint"",""coordinates"":[]}"
1188_0000000000000000001f,121375681,479216672,41860,H6,075,00277302,488,C,06075,+37.7272391,-123.0322294,06,41884,G4020,San Francisco,San Francisco County,06,2025-04-03,10.274314994492286,1743638400000,"{""type"":""MultiPoint"",""coordinates"":[]}"
1189_00000000000000000021,1857233047,225282636,41860,H1,013,01675903,488,A,06013,+37.9194790,-121.9515431,06,36084,G4020,Contra Costa,Contra Costa County,06,2025-04-04,12.134552639439894,1743724800000,"{""type"":""MultiPoint"",""coordinates"":[]}"
1189_00000000000000000023,1909598013,216923745,41860,H1,001,01675839,488,A,06001,+37.6471385,-121.9124880,06,36084,G4020,Alameda,Alameda County,06,2025-04-04,11.794086315284794,1743724800000,"{""type"":""MultiPoint"",""coordinates"":[]}"
1189_0000000000000000001f,121375681,479216672,41860,H6,075,00277302,488,C,06075,+37.7272391,-123.0322294,06,41884,G4020,San Francisco,San Francisco County,06,2025-04-04,12.213358153903384,1743724800000,"{""type"":""MultiPoint"",""coordinates"":[]}"
1190_00000000000000000021,1857233047,225282636,41860,H1,013,01675903,488,A,06013,+37.9194790,-121.9515431,06,36084,G4020,Contra Costa,Contra Costa County,06,2025-04-05,13.765694123328876,1743811200000,"{""type"":""MultiPoint"",""coordinates"":[]}"
1190_00000000000000000023,1909598013,216923745,41860,H1,001,01675839,488,A,06001,+37.6471385,-121.9124880,06,36084,G4020,Alameda,Alameda County,06,2025-04-05,13.791098943026629,1743811200000,"{""type"":""MultiPoint"",""coordinates"":[]}"
1190_0000000000000000001f,121375681,479216672,41860,H6,075,00277302,488,C,06075,+37.7272391,-123.0322294,06,41884,G4020,San Francisco,San Francisco County,06,2025-04-05,13.20773362996578,1743811200000,"{""type"":""MultiPoint"",""coordinates"":[]}"
1191_00000000000000000021,1857233047,225282636,41860,H1,013,01675903,488,A,06013,+37.9194790,-121.9515431,06,36084,G4020,Contra Costa,Contra Costa County,06,2025-04-06,13.757706506653264,1743897600000,"{""type"":""MultiPoint"",""coordinates"":[]}"
1191_00000000000000000023,1909598013,216923745,41860,H1,001,01675839,488,A,06001,+37.6471385,-121.9124880,06,36084,G4020,Alameda,Alameda County,06,2025-04-06,13.95787930054097,1743897600000,"{""type"":""MultiPoint"",""coordinates"":[]}"
1191_0000000000000000001f,121375681,479216672,41860,H6,075,00277302,488,C,06075,+37.7272391,-123.0322294,06,41884,G4020,San Francisco,San Francisco County,06,2025-04-06,12.355357202447532,1743897600000,"{""type"":""MultiPoint"",""coordinates"":[]}"
1192_00000000000000000021,1857233047,225282636,41860,H1,013,01675903,488,A,06013,+37.9194790,-121.9515431,06,36084,G4020,Contra Costa,Contra Costa County,06,2025-04-07,14.12813730411248,1743984000000,"{""type"":""MultiPoint"",""coordinates"":[]}"
1192_00000000000000000023,1909598013,216923745,41860,H1,001,01675839,488,A,06001,+37.6471385,-121.9124880,06,36084,G4020,Alameda,Alameda County,06,2025-04-07,13.370827870037528,1743984000000,"{""type"":""MultiPoint"",""coordinates"":[]}"
1192_0000000000000000001f,121375681,479216672,41860,H6,075,00277302,488,C,06075,+37.7272391,-123.0322294,06,41884,G4020,San Francisco,San Francisco County,06,2025-04-07,13.257920461097623,1743984000000,"{""type"":""MultiPoint"",""coordinates"":[]}"
1193_00000000000000000021,1857233047,225282636,41860,H1,013,01675903,488,A,06013,+37.9194790,-121.9515431,06,36084,G4020,Contra Costa,Contra Costa County,06,2025-04-08,13.222397585748299,1744070400000,"{""type"":""MultiPoint"",""coordinates"":[]}"
1193_00000000000000000023,1909598013,216923745,41860,H1,001,01675839,488,A,06001,+37.6471385,-121.9124880,06,36084,G4020,Alameda,Alameda County,06,2025-04-08,12.4794972148635,1744070400000,"{""type"":""MultiPoint"",""coordinates"":[]}"
1193_0000000000000000001f,121375681,479216672,41860,H6,075,00277302,488,C,06075,+37.7272391,-123.0322294,06,41884,G4020,San Francisco,San Francisco County,06,2025-04-08,12.43398712104095,1744070400000,"{""type"":""MultiPoint"",""coordinates"":[]}"
1194_00000000000000000021,1857233047,225282636,41860,H1,013,01675903,488,A,06013,+37.9194790,-121.9515431,06,36084,G4020,Contra Costa,Contra Costa County,06,2025-04-09,14.7986009154573,1744156800000,"{""type"":""MultiPoint"",""coordinates"":[]}"
1194_00000000000000000023,1909598013,216923745,41860,H1,001,01675839,488,A,06001,+37.6471385,-121.9124880,06,36084,G4020,Alameda,Alameda County,06,2025-04-09,14.651928435827639,1744156800000,"{""type"":""MultiPoint"",""coordinates"":[]}"
1194_0000000000000000001f,121375681,479216672,41860,H6,075,00277302,488,C,06075,+37.7272391,-123.0322294,06,41884,G4020,San Francisco,San Francisco County,06,2025-04-09,13.427833551963957,1744156800000,"{""type"":""MultiPoint"",""coordinates"":[]}"
1195_00000000000000000021,1857233047,225282636,41860,H1,013,01675903,488,A,06013,+37.9194790,-121.9515431,06,36084,G4020,Contra Costa,Contra Costa County,06,2025-04-10,16.25676291649918,1744243200000,"{""type"":""MultiPoint"",""coordinates"":[]}"
1195_00000000000000000023,1909598013,216923745,41860,H1,001,01675839,488,A,06001,+37.6471385,-121.9124880,06,36084,G4020,Alameda,Alameda County,06,2025-04-10,16.238657043711072,1744243200000,"{""type"":""MultiPoint"",""coordinates"":[]}"
1195_0000000000000000001f,121375681,479216672,41860,H6,075,00277302,488,C,06075,+37.7272391,-123.0322294,06,41884,G4020,San Francisco,San Francisco County,06,2025-04-10,14.151352758549024,1744243200000,"{""type"":""MultiPoint"",""coordinates"":[]}"
1196_00000000000000000021,1857233047,225282636,41860,H1,013,01675903,488,A,06013,+37.9194790,-121.9515431,06,36084,G4020,Contra Costa,Contra Costa County,06,2025-04-11,15.850060437215257,1744329600000,"{""type"":""MultiPoint"",""coordinates"":[]}"
1196_00000000000000000023,1909598013,216923745,41860,H1,001,01675839,488,A,06001,+37.6471385,-121.9124880,06,36084,G4020,Alameda,Alameda County,06,2025-04-11,14.788460826164108,1744329600000,"{""type"":""MultiPoint"",""coordinates"":[]}"
1196_0000000000000000001f,121375681,479216672,41860,H6,075,00277302,488,C,06075,+37.7272391,-123.0322294,06,41884,G4020,San Francisco,San Francisco County,06,2025-04-11,14.314570014112498,1744329600000,"{""type"":""MultiPoint"",""coordinates"":[]}"
1197_00000000000000000021,1857233047,225282636,41860,H1,013,01675903,488,A,06013,+37.9194790,-121.9515431,06,36084,G4020,Contra Costa,Contra Costa County,06,2025-04-12,14.020467422872112,1744416000000,"{""type"":""MultiPoint"",""coordinates"":[]}"
1197_00000000000000000023,1909598013,216923745,41860,H1,001,01675839,488,A,06001,+37.6471385,-121.9124880,06,36084,G4020,Alameda,Alameda County,06,2025-04-12,12.845744997910574,1744416000000,"{""type"":""MultiPoint"",""coordinates"":[]}"
1197_0000000000000000001f,121375681,479216672,41860,H6,075,00277302,488,C,06075,+37.7272391,-123.0322294,06,41884,G4020,San Francisco,San Francisco County,06,2025-04-12,12.516469403038812,1744416000000,"{""type"":""MultiPoint"",""coordinates"":[]}"
1198_00000000000000000021,1857233047,225282636,41860,H1,013,01675903,488,A,06013,+37.9194790,-121.9515431,06,36084,G4020,Contra Costa,Contra Costa County,06,2025-04-13,15.490465101101616,1744502400000,"{""type"":""MultiPoint"",""coordinates"":[]}"
1198_00000000000000000023,1909598013,216923745,41860,H1,001,01675839,488,A,06001,+37.6471385,-121.9124880,06,36084,G4020,Alameda,Alameda County,06,2025-04-13,14.562894805059539,1744502400000,"{""type"":""MultiPoint"",""coordinates"":[]}"
1198_0000000000000000001f,121375681,479216672,41860,H6,075,00277302,488,C,06075,+37.7272391,-123.0322294,06,41884,G4020,San Francisco,San Francisco County,06,2025-04-13,13.741404761259698,1744502400000,"{""type"":""MultiPoint"",""coordinates"":[]}"
1199_00000000000000000021,1857233047,225282636,41860,H1,013,01675903,488,A,06013,+37.9194790,-121.9515431,06,36084,G4020,Contra Costa,Contra Costa County,06,2025-04-14,17.855634615351228,1744588800000,"{""type"":""MultiPoint"",""coordinates"":[]}"
1199_00000000000000000023,1909598013,216923745,41860,H1,001,01675839,488,A,06001,+37.6471385,-121.9124880,06,36084,G4020,Alameda,Alameda County,06,2025-04-14,17.74131803235531,1744588800000,"{""type"":""MultiPoint"",""coordinates"":[]}"
1199_0000000000000000001f,121375681,479216672,41860,H6,075,00277302,488,C,06075,+37.7272391,-123.0322294,06,41884,G4020,San Francisco,San Francisco County,06,2025-04-14,15.24132181557437,1744588800000,"{""type"":""MultiPoint"",""coordinates"":[]}"
1200_00000000000000000021,1857233047,225282636,41860,H1,013,01675903,488,A,06013,+37.9194790,-121.9515431,06,36084,G4020,Contra Costa,Contra Costa County,06,2025-04-15,14.773341916334838,1744675200000,"{""type"":""MultiPoint"",""coordinates"":[]}"
1200_00000000000000000023,1909598013,216923745,41860,H1,001,01675839,488,A,06001,+37.6471385,-121.9124880,06,36084,G4020,Alameda,Alameda County,06,2025-04-15,14.690782930842992,1744675200000,"{""type"":""MultiPoint"",""coordinates"":[]}"
1200_0000000000000000001f,121375681,479216672,41860,H6,075,00277302,488,C,06075,+37.7272391,-123.0322294,06,41884,G4020,San Francisco,San Francisco County,06,2025-04-15,12.280917894817197,1744675200000,"{""type"":""MultiPoint"",""coordinates"":[]}"
1201_00000000000000000021,1857233047,225282636,41860,H1,013,01675903,488,A,06013,+37.9194790,-121.9515431,06,36084,G4020,Contra Costa,Contra Costa County,06,2025-04-16,13.112961601906399,1744761600000,"{""type"":""MultiPoint"",""coordinates"":[]}"
1201_00000000000000000023,1909598013,216923745,41860,H1,001,01675839,488,A,06001,+37.6471385,-121.9124880,06,36084,G4020,Alameda,Alameda County,06,2025-04-16,12.880487030266512,1744761600000,"{""type"":""MultiPoint"",""coordinates"":[]}"
1201_0000000000000000001f,121375681,479216672,41860,H6,075,00277302,488,C,06075,+37.7272391,-123.0322294,06,41884,G4020,San Francisco,San Francisco County,06,2025-04-16,11.913412398849312,1744761600000,"{""type"":""MultiPoint"",""coordinates"":[]}"
1202_00000000000000000021,1857233047,225282636,41860,H1,013,01675903,488,A,06013,+37.9194790,-121.9515431,06,36084,G4020,Contra Costa,Contra Costa County,06,2025-04-17,13.130594458916352,1744848000000,"{""type"":""MultiPoint"",""coordinates"":[]}"
1202_00000000000000000023,1909598013,216923745,41860,H1,001,01675839,488,A,06001,+37.6471385,-121.9124880,06,36084,G4020,Alameda,Alameda County,06,2025-04-17,12.62534295085196,1744848000000,"{""type"":""MultiPoint"",""coordinates"":[]}"
1202_0000000000000000001f,121375681,479216672,41860,H6,075,00277302,488,C,06075,+37.7272391,-123.0322294,06,41884,G4020,San Francisco,San Francisco County,06,2025-04-17,12.233137354306608,1744848000000,"{""type"":""MultiPoint"",""coordinates"":[]}"
1203_00000000000000000021,1857233047,225282636,41860,H1,013,01675903,488,A,06013,+37.9194790,-121.9515431,06,36084,G4020,Contra Costa,Contra Costa County,06,2025-04-18,14.015705021586504,1744934400000,"{""type"":""MultiPoint"",""coordinates"":[]}"
1203_00000000000000000023,1909598013,216923745,41860,H1,001,01675839,488,A,06001,+37.6471385,-121.9124880,06,36084,G4020,Alameda,Alameda County,06,2025-04-18,13.045119766526403,1744934400000,"{""type"":""MultiPoint"",""coordinates"":[]}"
1203_0000000000000000001f,121375681,479216672,41860,H6,075,00277302,488,C,06075,+37.7272391,-123.0322294,06,41884,G4020,San Francisco,San Francisco County,06,2025-04-18,12.47983937881443,1744934400000,"{""type"":""MultiPoint"",""coordinates"":[]}"
1204_00000000000000000021,1857233047,225282636,41860,H1,013,01675903,488,A,06013,+37.9194790,-121.9515431,06,36084,G4020,Contra Costa,Contra Costa County,06,2025-04-19,14.252074503975411,1745020800000,"{""type"":""MultiPoint"",""coordinates"":[]}"
1204_00000000000000000023,1909598013,216923745,41860,H1,001,01675839,488,A,06001,+37.6471385,-121.9124880,06,36084,G4020,Alameda,Alameda County,06,2025-04-19,13.648273287786246,1745020800000,"{""type"":""MultiPoint"",""coordinates"":[]}"
1204_0000000000000000001f,121375681,479216672,41860,H6,075,00277302,488,C,06075,+37.7272391,-123.0322294,06,41884,G4020,San Francisco,San Francisco County,06,2025-04-19,12.338606555626388,1745020800000,"{""type"":""MultiPoint"",""coordinates"":[]}"
1205_00000000000000000021,1857233047,225282636,41860,H1,013,01675903,488,A,06013,+37.9194790,-121.9515431,06,36084,G4020,Contra Costa,Contra Costa County,06,2025-04-20,13.857662974130076,1745107200000,"{""type"":""MultiPoint"",""coordinates"":[]}"
1205_00000000000000000023,1909598013,216923745,41860,H1,001,01675839,488,A,06001,+37.6471385,-121.9124880,06,36084,G4020,Alameda,Alameda County,06,2025-04-20,13.916196269956446,1745107200000,"{""type"":""MultiPoint"",""coordinates"":[]}"
1205_0000000000000000001f,121375681,479216672,41860,H6,075,00277302,488,C,06075,+37.7272391,-123.0322294,06,41884,G4020,San Francisco,San Francisco County,06,2025-04-20,12.20289482913582,1745107200000,"{""type"":""MultiPoint"",""coordinates"":[]}"
1206_00000000000000000021,1857233047,225282636,41860,H1,013,01675903,488,A,06013,+37.9194790,-121.9515431,06,36084,G4020,Contra Costa,Contra Costa County,06,2025-04-21,15.370083850326862,1745193600000,"{""type"":""MultiPoint"",""coordinates"":[]}"
1206_00000000000000000023,1909598013,216923745,41860,H1,001,01675839,488,A,06001,+37.6471385,-121.9124880,06,36084,G4020,Alameda,Alameda County,06,2025-04-21,15.420295138511811,1745193600000,"{""type"":""MultiPoint"",""coordinates"":[]}"
1206_0000000000000000001f,121375681,479216672,41860,H6,075,00277302,488,C,06075,+37.7272391,-123.0322294,06,41884,G4020,San Francisco,San Francisco County,06,2025-04-21,13.235122316410903,1745193600000,"{""type"":""MultiPoint"",""coordinates"":[]}"
1207_00000000000000000021,1857233047,225282636,41860,H1,013,01675903,488,A,06013,+37.9194790,-121.9515431,06,36084,G4020,Contra Costa,Contra Costa County,06,2025-04-22,16.878445800665563,1745280000000,"{""type"":""MultiPoint"",""coordinates"":[]}"
1207_00000000000000000023,1909598013,216923745,41860,H1,001,01675839,488,A,06001,+37.6471385,-121.9124880,06,36084,G4020,Alameda,Alameda County,06,2025-04-22,16.39750815153348,1745280000000,"{""type"":""MultiPoint"",""coordinates"":[]}"
1207_0000000000000000001f,121375681,479216672,41860,H6,075,00277302,488,C,06075,+37.7272391,-123.0322294,06,41884,G4020,San Francisco,San Francisco County,06,2025-04-22,14.077167331196305,1745280000000,"{""type"":""MultiPoint"",""coordinates"":[]}"
1208_00000000000000000021,1857233047,225282636,41860,H1,013,01675903,488,A,06013,+37.9194790,-121.9515431,06,36084,G4020,Contra Costa,Contra Costa County,06,2025-04-23,13.612914166837365,1745366400000,"{""type"":""MultiPoint"",""coordinates"":[]}"
1208_00000000000000000023,1909598013,216923745,41860,H1,001,01675839,488,A,06001,+37.6471385,-121.9124880,06,36084,G4020,Alameda,Alameda County,06,2025-04-23,12.837999135673437,1745366400000,"{""type"":""MultiPoint"",""coordinates"":[]}"
1208_0000000000000000001f,121375681,479216672,41860,H6,075,00277302,488,C,06075,+37.7272391,-123.0322294,06,41884,G4020,San Francisco,San Francisco County,06,2025-04-23,12.0263268722249,1745366400000,"{""type"":""MultiPoint"",""coordinates"":[]}"
1209_00000000000000000021,1857233047,225282636,41860,H1,013,01675903,488,A,06013,+37.9194790,-121.9515431,06,36084,G4020,Contra Costa,Contra Costa County,06,2025-04-24,12.19223429322357,1745452800000,"{""type"":""MultiPoint"",""coordinates"":[]}"
1209_00000000000000000023,1909598013,216923745,41860,H1,001,01675839,488,A,06001,+37.6471385,-121.9124880,06,36084,G4020,Alameda,Alameda County,06,2025-04-24,11.3292167438995,1745452800000,"{""type"":""MultiPoint"",""coordinates"":[]}"
1209_0000000000000000001f,121375681,479216672,41860,H6,075,00277302,488,C,06075,+37.7272391,-123.0322294,06,41884,G4020,San Francisco,San Francisco County,06,2025-04-24,11.286974951561486,1745452800000,"{""type"":""MultiPoint"",""coordinates"":[]}"
1210_00000000000000000021,1857233047,225282636,41860,H1,013,01675903,488,A,06013,+37.9194790,-121.9515431,06,36084,G4020,Contra Costa,Contra Costa County,06,2025-04-25,11.454178782798218,1745539200000,"{""type"":""MultiPoint"",""coordinates"":[]}"
1210_00000000000000000023,1909598013,216923745,41860,H1,001,01675839,488,A,06001,+37.6471385,-121.9124880,06,36084,G4020,Alameda,Alameda County,06,2025-04-25,10.529908073866487,1745539200000,"{""type"":""MultiPoint"",""coordinates"":[]}"
1210_0000000000000000001f,121375681,479216672,41860,H6,075,00277302,488,C,06075,+37.7272391,-123.0322294,06,41884,G4020,San Francisco,San Francisco County,06,2025-04-25,11.22339336314103,1745539200000,"{""type"":""MultiPoint"",""coordinates"":[]}"
1211_00000000000000000021,1857233047,225282636,41860,H1,013,01675903,488,A,06013,+37.9194790,-121.9515431,06,36084,G4020,Contra Costa,Contra Costa County,06,2025-04-26,11.105096146680763,1745625600000,"{""type"":""MultiPoint"",""coordinates"":[]}"
1211_00000000000000000023,1909598013,216923745,41860,H1,001,01675839,488,A,06001,+37.6471385,-121.9124880,06,36084,G4020,Alameda,Alameda County,06,2025-04-26,10.279648083564418,1745625600000,"{""type"":""MultiPoint"",""coordinates"":[]}"
1211_0000000000000000001f,121375681,479216672,41860,H6,075,00277302,488,C,06075,+37.7272391,-123.0322294,06,41884,G4020,San Francisco,San Francisco County,06,2025-04-26,11.014222867315194,1745625600000,"{""type"":""MultiPoint"",""coordinates"":[]}"
1212_00000000000000000021,1857233047,225282636,41860,H1,013,01675903,488,A,06013,+37.9194790,-121.9515431,06,36084,G4020,Contra Costa,Contra Costa County,06,2025-04-27,11.590391265569588,1745712000000,"{""type"":""MultiPoint"",""coordinates"":[]}"
1212_00000000000000000023,1909598013,216923745,41860,H1,001,01675839,488,A,06001,+37.6471385,-121.9124880,06,36084,G4020,Alameda,Alameda County,06,2025-04-27,10.685575414238842,1745712000000,"{""type"":""MultiPoint"",""coordinates"":[]}"
1212_0000000000000000001f,121375681,479216672,41860,H6,075,00277302,488,C,06075,+37.7272391,-123.0322294,06,41884,G4020,San Francisco,San Francisco County,06,2025-04-27,11.461352386818975,1745712000000,"{""type"":""MultiPoint"",""coordinates"":[]}"
1213_00000000000000000021,1857233047,225282636,41860,H1,013,01675903,488,A,06013,+37.9194790,-121.9515431,06,36084,G4020,Contra Costa,Contra Costa County,06,2025-04-28,13.31516625299453,1745798400000,"{""type"":""MultiPoint"",""coordinates"":[]}"
1213_00000000000000000023,1909598013,216923745,41860,H1,001,01675839,488,A,06001,+37.6471385,-121.9124880,06,36084,G4020,Alameda,Alameda County,06,2025-04-28,12.552810306085423,1745798400000,"{""type"":""MultiPoint"",""coordinates"":[]}"
1213_0000000000000000001f,121375681,479216672,41860,H6,075,00277302,488,C,06075,+37.7272391,-123.0322294,06,41884,G4020,San Francisco,San Francisco County,06,2025-04-28,12.465654419653676,1745798400000,"{""type"":""MultiPoint"",""coordinates"":[]}"
1214_00000000000000000021,1857233047,225282636,41860,H1,013,01675903,488,A,06013,+37.9194790,-121.9515431,06,36084,G4020,Contra Costa,Contra Costa County,06,2025-04-29,15.712245583467395,1745884800000,"{""type"":""MultiPoint"",""coordinates"":[]}"
1214_00000000000000000023,1909598013,216923745,41860,H1,001,01675839,488,A,06001,+37.6471385,-121.9124880,06,36084,G4020,Alameda,Alameda County,06,2025-04-29,15.08325195499652,1745884800000,"{""type"":""MultiPoint"",""coordinates"":[]}"
1214_0000000000000000001f,121375681,479216672,41860,H6,075,00277302,488,C,06075,+37.7272391,-123.0322294,06,41884,G4020,San Francisco,San Francisco County,06,2025-04-29,13.472642343694535,1745884800000,"{""type"":""MultiPoint"",""coordinates"":[]}"
1215_00000000000000000021,1857233047,225282636,41860,H1,013,01675903,488,A,06013,+37.9194790,-121.9515431,06,36084,G4020,Contra Costa,Contra Costa County,06,2025-04-30,17.133347569560065,1745971200000,"{""type"":""MultiPoint"",""coordinates"":[]}"
1215_00000000000000000023,1909598013,216923745,41860,H1,001,01675839,488,A,06001,+37.6471385,-121.9124880,06,36084,G4020,Alameda,Alameda County,06,2025-04-30,16.5142625504966,1745971200000,"{""type"":""MultiPoint"",""coordinates"":[]}"
1215_0000000000000000001f,121375681,479216672,41860,H6,075,00277302,488,C,06075,+37.7272391,-123.0322294,06,41884,G4020,San Francisco,San Francisco County,06,2025-04-30,14.47284164625474,1745971200000,"{""type"":""MultiPoint"",""coordinates"":[]}"
