system:index,ALAND,AWATER,CBSAFP,CLASSFP,COUNTYFP,COUNTYNS,CSAFP,FUNCSTAT,GEOID,INTPTLAT,INTPTLON,LSAD,METDIVFP,MTFCC,NAME,NAMELSAD,STATEFP,date,mean,system:time_start,.geo
0_0000000000000000001b,1921943668,164903351,41620,H1,035,01448031,482,A,49035,+40.6678828,-111.9242397,06,,G4020,Salt Lake,Salt Lake County,49,2021-12-01,2.633573352011509,1638316800000,"{""type"":""MultiPoint"",""coordinates"":[]}"
1_0000000000000000001b,1921943668,164903351,41620,H1,035,01448031,482,A,49035,+40.6678828,-111.9242397,06,,G4020,Salt Lake,Salt Lake County,49,2021-12-02,3.4900559181137205,1638403200000,"{""type"":""MultiPoint"",""coordinates"":[]}"
2_0000000000000000001b,1921943668,164903351,41620,H1,035,01448031,482,A,49035,+40.6678828,-111.9242397,06,,G4020,Salt Lake,Salt Lake County,49,2021-12-03,3.7390579079922457,1638489600000,"{""type"":""MultiPoint"",""coordinates"":[]}"
3_0000000000000000001b,1921943668,164903351,41620,H1,035,01448031,482,A,49035,+40.6678828,-111.9242397,06,,G4020,Salt Lake,Salt Lake County,49,2021-12-04,2.94284057871867,1638576000000,"{""type"":""MultiPoint"",""coordinates"":[]}"
4_0000000000000000001b,1921943668,164903351,41620,H1,035,01448031,482,A,49035,+40.6678828,-111.9242397,06,,G4020,Salt Lake,Salt Lake County,49,2021-12-05,3.6386200764319305,1638662400000,"{""type"":""MultiPoint"",""coordinates"":[]}"
5_0000000000000000001b,1921943668,164903351,41620,H1,035,01448031,482,A,49035,+40.6678828,-111.9242397,06,,G4020,Salt Lake,Salt Lake County,49,2021-12-06,1.692841850830156,1638748800000,"{""type"":""MultiPoint"",""coordinates"":[]}"
6_0000000000000000001b,1921943668,164903351,41620,H1,035,01448031,482,A,49035,+40.6678828,-111.9242397,06,,G4020,Salt Lake,Salt Lake County,49,2021-12-07,2.0760929262291525,1638835200000,"{""type"":""MultiPoint"",""coordinates"":[]}"
7_0000000000000000001b,1921943668,164903351,41620,H1,035,01448031,482,A,49035,+40.6678828,-111.9242397,06,,G4020,Salt Lake,Salt Lake County,49,2021-12-08,1.34299464992076,1638921600000,"{""type"":""MultiPoint"",""coordinates"":[]}"
8_0000000000000000001b,1921943668,164903351,41620,H1,035,01448031,482,A,49035,+40.6678828,-111.9242397,06,,G4020,Salt Lake,Salt Lake County,49,2021-12-09,1.0604046158979543,1639008000000,"{""type"":""MultiPoint"",""coordinates"":[]}"
9_0000000000000000001b,1921943668,164903351,41620,H1,035,01448031,482,A,49035,+40.6678828,-111.9242397,06,,G4020,Salt Lake,Salt Lake County,49,2021-12-10,-5.932170371481705,1639094400000,"{""type"":""MultiPoint"",""coordinates"":[]}"
10_0000000000000000001b,1921943668,164903351,41620,H1,035,01448031,482,A,49035,+40.6678828,-111.9242397,06,,G4020,Salt Lake,Salt Lake County,49,2021-12-11,-9.782714470284382,1639180800000,"{""type"":""MultiPoint"",""coordinates"":[]}"
11_0000000000000000001b,1921943668,164903351,41620,H1,035,01448031,482,A,49035,+40.6678828,-111.9242397,06,,G4020,Salt Lake,Salt Lake County,49,2021-12-12,-3.2729895786836365,1639267200000,"{""type"":""MultiPoint"",""coordinates"":[]}"
12_0000000000000000001b,1921943668,164903351,41620,H1,035,01448031,482,A,49035,+40.6678828,-111.9242397,06,,G4020,Salt Lake,Salt Lake County,49,2021-12-13,-2.0374479653099438,1639353600000,"{""type"":""MultiPoint"",""coordinates"":[]}"
13_0000000000000000001b,1921943668,164903351,41620,H1,035,01448031,482,A,49035,+40.6678828,-111.9242397,06,,G4020,Salt Lake,Salt Lake County,49,2021-12-14,1.153808151339734,1639440000000,"{""type"":""MultiPoint"",""coordinates"":[]}"
14_0000000000000000001b,1921943668,164903351,41620,H1,035,01448031,482,A,49035,+40.6678828,-111.9242397,06,,G4020,Salt Lake,Salt Lake County,49,2021-12-15,-3.1795886989769735,1639526400000,"{""type"":""MultiPoint"",""coordinates"":[]}"
15_0000000000000000001b,1921943668,164903351,41620,H1,035,01448031,482,A,49035,+40.6678828,-111.9242397,06,,G4020,Salt Lake,Salt Lake County,49,2021-12-16,-8.23748460241196,1639612800000,"{""type"":""MultiPoint"",""coordinates"":[]}"
16_0000000000000000001b,1921943668,164903351,41620,H1,035,01448031,482,A,49035,+40.6678828,-111.9242397,06,,G4020,Salt Lake,Salt Lake County,49,2021-12-17,-6.4574014331706495,1639699200000,"{""type"":""MultiPoint"",""coordinates"":[]}"
17_0000000000000000001b,1921943668,164903351,41620,H1,035,01448031,482,A,49035,+40.6678828,-111.9242397,06,,G4020,Salt Lake,Salt Lake County,49,2021-12-18,-9.030786971427379,1639785600000,"{""type"":""MultiPoint"",""coordinates"":[]}"
18_0000000000000000001b,1921943668,164903351,41620,H1,035,01448031,482,A,49035,+40.6678828,-111.9242397,06,,G4020,Salt Lake,Salt Lake County,49,2021-12-19,-8.437010784449303,1639872000000,"{""type"":""MultiPoint"",""coordinates"":[]}"
19_0000000000000000001b,1921943668,164903351,41620,H1,035,01448031,482,A,49035,+40.6678828,-111.9242397,06,,G4020,Salt Lake,Salt Lake County,49,2021-12-20,-6.10560757296391,1639958400000,"{""type"":""MultiPoint"",""coordinates"":[]}"
20_0000000000000000001b,1921943668,164903351,41620,H1,035,01448031,482,A,49035,+40.6678828,-111.9242397,06,,G4020,Salt Lake,Salt Lake County,49,2021-12-21,-5.743900281972501,1640044800000,"{""type"":""MultiPoint"",""coordinates"":[]}"
21_0000000000000000001b,1921943668,164903351,41620,H1,035,01448031,482,A,49035,+40.6678828,-111.9242397,06,,G4020,Salt Lake,Salt Lake County,49,2021-12-22,-6.138512296044466,1640131200000,"{""type"":""MultiPoint"",""coordinates"":[]}"
22_0000000000000000001b,1921943668,164903351,41620,H1,035,01448031,482,A,49035,+40.6678828,-111.9242397,06,,G4020,Salt Lake,Salt Lake County,49,2021-12-23,-0.17421336285430208,1640217600000,"{""type"":""MultiPoint"",""coordinates"":[]}"
23_0000000000000000001b,1921943668,164903351,41620,H1,035,01448031,482,A,49035,+40.6678828,-111.9242397,06,,G4020,Salt Lake,Salt Lake County,49,2021-12-24,0.7638013895205049,1640304000000,"{""type"":""MultiPoint"",""coordinates"":[]}"
24_0000000000000000001b,1921943668,164903351,41620,H1,035,01448031,482,A,49035,+40.6678828,-111.9242397,06,,G4020,Salt Lake,Salt Lake County,49,2021-12-25,-0.5410296878987308,1640390400000,"{""type"":""MultiPoint"",""coordinates"":[]}"
25_0000000000000000001b,1921943668,164903351,41620,H1,035,01448031,482,A,49035,+40.6678828,-111.9242397,06,,G4020,Salt Lake,Salt Lake County,49,2021-12-26,-1.413566725971455,1640476800000,"{""type"":""MultiPoint"",""coordinates"":[]}"
26_0000000000000000001b,1921943668,164903351,41620,H1,035,01448031,482,A,49035,+40.6678828,-111.9242397,06,,G4020,Salt Lake,Salt Lake County,49,2021-12-27,-6.3591140468744545,1640563200000,"{""type"":""MultiPoint"",""coordinates"":[]}"
27_0000000000000000001b,1921943668,164903351,41620,H1,035,01448031,482,A,49035,+40.6678828,-111.9242397,06,,G4020,Salt Lake,Salt Lake County,49,2021-12-28,-7.797972190067412,1640649600000,"{""type"":""MultiPoint"",""coordinates"":[]}"
28_0000000000000000001b,1921943668,164903351,41620,H1,035,01448031,482,A,49035,+40.6678828,-111.9242397,06,,G4020,Salt Lake,Salt Lake County,49,2021-12-29,-9.37196351662098,1640736000000,"{""type"":""MultiPoint"",""coordinates"":[]}"
29_0000000000000000001b,1921943668,164903351,41620,H1,035,01448031,482,A,49035,+40.6678828,-111.9242397,06,,G4020,Salt Lake,Salt Lake County,49,2021-12-30,-4.648848207734775,1640822400000,"{""type"":""MultiPoint"",""coordinates"":[]}"
30_0000000000000000001b,1921943668,164903351,41620,H1,035,01448031,482,A,49035,+40.6678828,-111.9242397,06,,G4020,Salt Lake,Salt Lake County,49,2021-12-31,-4.070903077532553,1640908800000,"{""type"":""MultiPoint"",""coordinates"":[]}"
31_0000000000000000001b,1921943668,164903351,41620,H1,035,01448031,482,A,49035,+40.6678828,-111.9242397,06,,G4020,Salt Lake,Salt Lake County,49,2022-01-01,-10.7654604421096,1640995200000,"{""type"":""MultiPoint"",""coordinates"":[]}"
32_0000000000000000001b,1921943668,164903351,41620,H1,035,01448031,482,A,49035,+40.6678828,-111.9242397,06,,G4020,Salt Lake,Salt Lake County,49,2022-01-02,-12.527284458835277,1641081600000,"{""type"":""MultiPoint"",""coordinates"":[]}"
33_0000000000000000001b,1921943668,164903351,41620,H1,035,01448031,482,A,49035,+40.6678828,-111.9242397,06,,G4020,Salt Lake,Salt Lake County,49,2022-01-03,-10.298379979931724,1641168000000,"{""type"":""MultiPoint"",""coordinates"":[]}"
34_0000000000000000001b,1921943668,164903351,41620,H1,035,01448031,482,A,49035,+40.6678828,-111.9242397,06,,G4020,Salt Lake,Salt Lake County,49,2022-01-04,-4.447890848788274,1641254400000,"{""type"":""MultiPoint"",""coordinates"":[]}"
35_0000000000000000001b,1921943668,164903351,41620,H1,035,01448031,482,A,49035,+40.6678828,-111.9242397,06,,G4020,Salt Lake,Salt Lake County,49,2022-01-05,-2.3473324038496655,1641340800000,"{""type"":""MultiPoint"",""coordinates"":[]}"
36_0000000000000000001b,1921943668,164903351,41620,H1,035,01448031,482,A,49035,+40.6678828,-111.9242397,06,,G4020,Salt Lake,Salt Lake County,49,2022-01-06,1.210657702415532,1641427200000,"{""type"":""MultiPoint"",""coordinates"":[]}"
37_0000000000000000001b,1921943668,164903351,41620,H1,035,01448031,482,A,49035,+40.6678828,-111.9242397,06,,G4020,Salt Lake,Salt Lake County,49,2022-01-07,0.169410876200006,1641513600000,"{""type"":""MultiPoint"",""coordinates"":[]}"
38_0000000000000000001b,1921943668,164903351,41620,H1,035,01448031,482,A,49035,+40.6678828,-111.9242397,06,,G4020,Salt Lake,Salt Lake County,49,2022-01-08,0.020043723379729046,1641600000000,"{""type"":""MultiPoint"",""coordinates"":[]}"
39_0000000000000000001b,1921943668,164903351,41620,H1,035,01448031,482,A,49035,+40.6678828,-111.9242397,06,,G4020,Salt Lake,Salt Lake County,49,2022-01-09,-4.677679379508196,1641686400000,"{""type"":""MultiPoint"",""coordinates"":[]}"
40_0000000000000000001b,1921943668,164903351,41620,H1,035,01448031,482,A,49035,+40.6678828,-111.9242397,06,,G4020,Salt Lake,Salt Lake County,49,2022-01-10,-5.390474810620725,1641772800000,"{""type"":""MultiPoint"",""coordinates"":[]}"
41_0000000000000000001b,1921943668,164903351,41620,H1,035,01448031,482,A,49035,+40.6678828,-111.9242397,06,,G4020,Salt Lake,Salt Lake County,49,2022-01-11,-4.387068528451389,1641859200000,"{""type"":""MultiPoint"",""coordinates"":[]}"
42_0000000000000000001b,1921943668,164903351,41620,H1,035,01448031,482,A,49035,+40.6678828,-111.9242397,06,,G4020,Salt Lake,Salt Lake County,49,2022-01-12,-2.8347538967614416,1641945600000,"{""type"":""MultiPoint"",""coordinates"":[]}"
43_0000000000000000001b,1921943668,164903351,41620,H1,035,01448031,482,A,49035,+40.6678828,-111.9242397,06,,G4020,Salt Lake,Salt Lake County,49,2022-01-13,-2.097639196465888,1642032000000,"{""type"":""MultiPoint"",""coordinates"":[]}"
44_0000000000000000001b,1921943668,164903351,41620,H1,035,01448031,482,A,49035,+40.6678828,-111.9242397,06,,G4020,Salt Lake,Salt Lake County,49,2022-01-14,-0.3970454400189223,1642118400000,"{""type"":""MultiPoint"",""coordinates"":[]}"
45_0000000000000000001b,1921943668,164903351,41620,H1,035,01448031,482,A,49035,+40.6678828,-111.9242397,06,,G4020,Salt Lake,Salt Lake County,49,2022-01-15,-3.6223123405794677,1642204800000,"{""type"":""MultiPoint"",""coordinates"":[]}"
46_0000000000000000001b,1921943668,164903351,41620,H1,035,01448031,482,A,49035,+40.6678828,-111.9242397,06,,G4020,Salt Lake,Salt Lake County,49,2022-01-16,-3.1261494159470926,1642291200000,"{""type"":""MultiPoint"",""coordinates"":[]}"
47_0000000000000000001b,1921943668,164903351,41620,H1,035,01448031,482,A,49035,+40.6678828,-111.9242397,06,,G4020,Salt Lake,Salt Lake County,49,2022-01-17,-2.4612871227345994,1642377600000,"{""type"":""MultiPoint"",""coordinates"":[]}"
48_0000000000000000001b,1921943668,164903351,41620,H1,035,01448031,482,A,49035,+40.6678828,-111.9242397,06,,G4020,Salt Lake,Salt Lake County,49,2022-01-18,-1.5616956649874616,1642464000000,"{""type"":""MultiPoint"",""coordinates"":[]}"
49_0000000000000000001b,1921943668,164903351,41620,H1,035,01448031,482,A,49035,+40.6678828,-111.9242397,06,,G4020,Salt Lake,Salt Lake County,49,2022-01-19,-2.314756001411967,1642550400000,"{""type"":""MultiPoint"",""coordinates"":[]}"
50_0000000000000000001b,1921943668,164903351,41620,H1,035,01448031,482,A,49035,+40.6678828,-111.9242397,06,,G4020,Salt Lake,Salt Lake County,49,2022-01-20,-4.020052332552923,1642636800000,"{""type"":""MultiPoint"",""coordinates"":[]}"
51_0000000000000000001b,1921943668,164903351,41620,H1,035,01448031,482,A,49035,+40.6678828,-111.9242397,06,,G4020,Salt Lake,Salt Lake County,49,2022-01-21,-2.2057810931189636,1642723200000,"{""type"":""MultiPoint"",""coordinates"":[]}"
52_0000000000000000001b,1921943668,164903351,41620,H1,035,01448031,482,A,49035,+40.6678828,-111.9242397,06,,G4020,Salt Lake,Salt Lake County,49,2022-01-22,-4.696684679168687,1642809600000,"{""type"":""MultiPoint"",""coordinates"":[]}"
53_0000000000000000001b,1921943668,164903351,41620,H1,035,01448031,482,A,49035,+40.6678828,-111.9242397,06,,G4020,Salt Lake,Salt Lake County,49,2022-01-23,-4.45860332403513,1642896000000,"{""type"":""MultiPoint"",""coordinates"":[]}"
54_0000000000000000001b,1921943668,164903351,41620,H1,035,01448031,482,A,49035,+40.6678828,-111.9242397,06,,G4020,Salt Lake,Salt Lake County,49,2022-01-24,-3.772721921732478,1642982400000,"{""type"":""MultiPoint"",""coordinates"":[]}"
55_0000000000000000001b,1921943668,164903351,41620,H1,035,01448031,482,A,49035,+40.6678828,-111.9242397,06,,G4020,Salt Lake,Salt Lake County,49,2022-01-25,-3.4588533420589793,1643068800000,"{""type"":""MultiPoint"",""coordinates"":[]}"
56_0000000000000000001b,1921943668,164903351,41620,H1,035,01448031,482,A,49035,+40.6678828,-111.9242397,06,,G4020,Salt Lake,Salt Lake County,49,2022-01-26,-5.607280052487009,1643155200000,"{""type"":""MultiPoint"",""coordinates"":[]}"
57_0000000000000000001b,1921943668,164903351,41620,H1,035,01448031,482,A,49035,+40.6678828,-111.9242397,06,,G4020,Salt Lake,Salt Lake County,49,2022-01-27,-5.0315926045648105,1643241600000,"{""type"":""MultiPoint"",""coordinates"":[]}"
58_0000000000000000001b,1921943668,164903351,41620,H1,035,01448031,482,A,49035,+40.6678828,-111.9242397,06,,G4020,Salt Lake,Salt Lake County,49,2022-01-28,-6.344337734609858,1643328000000,"{""type"":""MultiPoint"",""coordinates"":[]}"
59_0000000000000000001b,1921943668,164903351,41620,H1,035,01448031,482,A,49035,+40.6678828,-111.9242397,06,,G4020,Salt Lake,Salt Lake County,49,2022-01-29,-5.498433204508962,1643414400000,"{""type"":""MultiPoint"",""coordinates"":[]}"
60_0000000000000000001b,1921943668,164903351,41620,H1,035,01448031,482,A,49035,+40.6678828,-111.9242397,06,,G4020,Salt Lake,Salt Lake County,49,2022-01-30,-4.174934965505658,1643500800000,"{""type"":""MultiPoint"",""coordinates"":[]}"
61_0000000000000000001b,1921943668,164903351,41620,H1,035,01448031,482,A,49035,+40.6678828,-111.9242397,06,,G4020,Salt Lake,Salt Lake County,49,2022-01-31,-3.4478094460228386,1643587200000,"{""type"":""MultiPoint"",""coordinates"":[]}"
62_0000000000000000001b,1921943668,164903351,41620,H1,035,01448031,482,A,49035,+40.6678828,-111.9242397,06,,G4020,Salt Lake,Salt Lake County,49,2022-02-01,-5.7342593249901554,1643673600000,"{""type"":""MultiPoint"",""coordinates"":[]}"
63_0000000000000000001b,1921943668,164903351,41620,H1,035,01448031,482,A,49035,+40.6678828,-111.9242397,06,,G4020,Salt Lake,Salt Lake County,49,2022-02-02,-8.718295491827494,1643760000000,"{""type"":""MultiPoint"",""coordinates"":[]}"
64_0000000000000000001b,1921943668,164903351,41620,H1,035,01448031,482,A,49035,+40.6678828,-111.9242397,06,,G4020,Salt Lake,Salt Lake County,49,2022-02-03,-9.541304259147852,1643846400000,"{""type"":""MultiPoint"",""coordinates"":[]}"
65_0000000000000000001b,1921943668,164903351,41620,H1,035,01448031,482,A,49035,+40.6678828,-111.9242397,06,,G4020,Salt Lake,Salt Lake County,49,2022-02-04,-7.743909522744639,1643932800000,"{""type"":""MultiPoint"",""coordinates"":[]}"
66_0000000000000000001b,1921943668,164903351,41620,H1,035,01448031,482,A,49035,+40.6678828,-111.9242397,06,,G4020,Salt Lake,Salt Lake County,49,2022-02-05,-5.1644072534927465,1644019200000,"{""type"":""MultiPoint"",""coordinates"":[]}"
67_0000000000000000001b,1921943668,164903351,41620,H1,035,01448031,482,A,49035,+40.6678828,-111.9242397,06,,G4020,Salt Lake,Salt Lake County,49,2022-02-06,-4.018749739137984,1644105600000,"{""type"":""MultiPoint"",""coordinates"":[]}"
68_0000000000000000001b,1921943668,164903351,41620,H1,035,01448031,482,A,49035,+40.6678828,-111.9242397,06,,G4020,Salt Lake,Salt Lake County,49,2022-02-07,-3.639976046684508,1644192000000,"{""type"":""MultiPoint"",""coordinates"":[]}"
69_0000000000000000001b,1921943668,164903351,41620,H1,035,01448031,482,A,49035,+40.6678828,-111.9242397,06,,G4020,Salt Lake,Salt Lake County,49,2022-02-08,-1.5506928867308951,1644278400000,"{""type"":""MultiPoint"",""coordinates"":[]}"
70_0000000000000000001b,1921943668,164903351,41620,H1,035,01448031,482,A,49035,+40.6678828,-111.9242397,06,,G4020,Salt Lake,Salt Lake County,49,2022-02-09,-0.7645313761378475,1644364800000,"{""type"":""MultiPoint"",""coordinates"":[]}"
71_0000000000000000001b,1921943668,164903351,41620,H1,035,01448031,482,A,49035,+40.6678828,-111.9242397,06,,G4020,Salt Lake,Salt Lake County,49,2022-02-10,0.06026710397470709,1644451200000,"{""type"":""MultiPoint"",""coordinates"":[]}"
72_0000000000000000001b,1921943668,164903351,41620,H1,035,01448031,482,A,49035,+40.6678828,-111.9242397,06,,G4020,Salt Lake,Salt Lake County,49,2022-02-11,1.167394443051746,1644537600000,"{""type"":""MultiPoint"",""coordinates"":[]}"
73_0000000000000000001b,1921943668,164903351,41620,H1,035,01448031,482,A,49035,+40.6678828,-111.9242397,06,,G4020,Salt Lake,Salt Lake County,49,2022-02-12,-0.7098931830555577,1644624000000,"{""type"":""MultiPoint"",""coordinates"":[]}"
74_0000000000000000001b,1921943668,164903351,41620,H1,035,01448031,482,A,49035,+40.6678828,-111.9242397,06,,G4020,Salt Lake,Salt Lake County,49,2022-02-13,-0.001545434641599594,1644710400000,"{""type"":""MultiPoint"",""coordinates"":[]}"
75_0000000000000000001b,1921943668,164903351,41620,H1,035,01448031,482,A,49035,+40.6678828,-111.9242397,06,,G4020,Salt Lake,Salt Lake County,49,2022-02-14,1.6678696320860962,1644796800000,"{""type"":""MultiPoint"",""coordinates"":[]}"
76_0000000000000000001b,1921943668,164903351,41620,H1,035,01448031,482,A,49035,+40.6678828,-111.9242397,06,,G4020,Salt Lake,Salt Lake County,49,2022-02-15,1.7582553727091508,1644883200000,"{""type"":""MultiPoint"",""coordinates"":[]}"
77_0000000000000000001b,1921943668,164903351,41620,H1,035,01448031,482,A,49035,+40.6678828,-111.9242397,06,,G4020,Salt Lake,Salt Lake County,49,2022-02-16,-2.355047475717477,1644969600000,"{""type"":""MultiPoint"",""coordinates"":[]}"
78_0000000000000000001b,1921943668,164903351,41620,H1,035,01448031,482,A,49035,+40.6678828,-111.9242397,06,,G4020,Salt Lake,Salt Lake County,49,2022-02-17,-3.6806009713728898,1645056000000,"{""type"":""MultiPoint"",""coordinates"":[]}"
79_0000000000000000001b,1921943668,164903351,41620,H1,035,01448031,482,A,49035,+40.6678828,-111.9242397,06,,G4020,Salt Lake,Salt Lake County,49,2022-02-18,-2.6126397061472844,1645142400000,"{""type"":""MultiPoint"",""coordinates"":[]}"
80_0000000000000000001b,1921943668,164903351,41620,H1,035,01448031,482,A,49035,+40.6678828,-111.9242397,06,,G4020,Salt Lake,Salt Lake County,49,2022-02-19,-0.6590009932183495,1645228800000,"{""type"":""MultiPoint"",""coordinates"":[]}"
81_0000000000000000001b,1921943668,164903351,41620,H1,035,01448031,482,A,49035,+40.6678828,-111.9242397,06,,G4020,Salt Lake,Salt Lake County,49,2022-02-20,1.1090380408960796,1645315200000,"{""type"":""MultiPoint"",""coordinates"":[]}"
82_0000000000000000001b,1921943668,164903351,41620,H1,035,01448031,482,A,49035,+40.6678828,-111.9242397,06,,G4020,Salt Lake,Salt Lake County,49,2022-02-21,-0.5380999007108819,1645401600000,"{""type"":""MultiPoint"",""coordinates"":[]}"
83_0000000000000000001b,1921943668,164903351,41620,H1,035,01448031,482,A,49035,+40.6678828,-111.9242397,06,,G4020,Salt Lake,Salt Lake County,49,2022-02-22,-4.673940238352299,1645488000000,"{""type"":""MultiPoint"",""coordinates"":[]}"
84_0000000000000000001b,1921943668,164903351,41620,H1,035,01448031,482,A,49035,+40.6678828,-111.9242397,06,,G4020,Salt Lake,Salt Lake County,49,2022-02-23,-7.818877131107799,1645574400000,"{""type"":""MultiPoint"",""coordinates"":[]}"
85_0000000000000000001b,1921943668,164903351,41620,H1,035,01448031,482,A,49035,+40.6678828,-111.9242397,06,,G4020,Salt Lake,Salt Lake County,49,2022-02-24,-9.811044191461418,1645660800000,"{""type"":""MultiPoint"",""coordinates"":[]}"
86_0000000000000000001b,1921943668,164903351,41620,H1,035,01448031,482,A,49035,+40.6678828,-111.9242397,06,,G4020,Salt Lake,Salt Lake County,49,2022-02-25,-9.068693209399347,1645747200000,"{""type"":""MultiPoint"",""coordinates"":[]}"
87_0000000000000000001b,1921943668,164903351,41620,H1,035,01448031,482,A,49035,+40.6678828,-111.9242397,06,,G4020,Salt Lake,Salt Lake County,49,2022-02-26,-11.017544769956524,1645833600000,"{""type"":""MultiPoint"",""coordinates"":[]}"
88_0000000000000000001b,1921943668,164903351,41620,H1,035,01448031,482,A,49035,+40.6678828,-111.9242397,06,,G4020,Salt Lake,Salt Lake County,49,2022-02-27,-7.871972312072237,1645920000000,"{""type"":""MultiPoint"",""coordinates"":[]}"
89_0000000000000000001b,1921943668,164903351,41620,H1,035,01448031,482,A,49035,+40.6678828,-111.9242397,06,,G4020,Salt Lake,Salt Lake County,49,2022-02-28,-3.5772132493338593,1646006400000,"{""type"":""MultiPoint"",""coordinates"":[]}"
90_0000000000000000001b,1921943668,164903351,41620,H1,035,01448031,482,A,49035,+40.6678828,-111.9242397,06,,G4020,Salt Lake,Salt Lake County,49,2022-03-01,0.43814995510556726,1646092800000,"{""type"":""MultiPoint"",""coordinates"":[]}"
91_0000000000000000001b,1921943668,164903351,41620,H1,035,01448031,482,A,49035,+40.6678828,-111.9242397,06,,G4020,Salt Lake,Salt Lake County,49,2022-03-02,3.7540890269354747,1646179200000,"{""type"":""MultiPoint"",""coordinates"":[]}"
92_0000000000000000001b,1921943668,164903351,41620,H1,035,01448031,482,A,49035,+40.6678828,-111.9242397,06,,G4020,Salt Lake,Salt Lake County,49,2022-03-03,5.049906897738169,1646265600000,"{""type"":""MultiPoint"",""coordinates"":[]}"
93_0000000000000000001b,1921943668,164903351,41620,H1,035,01448031,482,A,49035,+40.6678828,-111.9242397,06,,G4020,Salt Lake,Salt Lake County,49,2022-03-04,4.6486840915270875,1646352000000,"{""type"":""MultiPoint"",""coordinates"":[]}"
94_0000000000000000001b,1921943668,164903351,41620,H1,035,01448031,482,A,49035,+40.6678828,-111.9242397,06,,G4020,Salt Lake,Salt Lake County,49,2022-03-05,2.2420211968447155,1646438400000,"{""type"":""MultiPoint"",""coordinates"":[]}"
95_0000000000000000001b,1921943668,164903351,41620,H1,035,01448031,482,A,49035,+40.6678828,-111.9242397,06,,G4020,Salt Lake,Salt Lake County,49,2022-03-06,-2.4371782754907847,1646524800000,"{""type"":""MultiPoint"",""coordinates"":[]}"
96_0000000000000000001b,1921943668,164903351,41620,H1,035,01448031,482,A,49035,+40.6678828,-111.9242397,06,,G4020,Salt Lake,Salt Lake County,49,2022-03-07,-8.853113810221332,1646611200000,"{""type"":""MultiPoint"",""coordinates"":[]}"
97_0000000000000000001b,1921943668,164903351,41620,H1,035,01448031,482,A,49035,+40.6678828,-111.9242397,06,,G4020,Salt Lake,Salt Lake County,49,2022-03-08,-8.869088292337878,1646697600000,"{""type"":""MultiPoint"",""coordinates"":[]}"
98_0000000000000000001b,1921943668,164903351,41620,H1,035,01448031,482,A,49035,+40.6678828,-111.9242397,06,,G4020,Salt Lake,Salt Lake County,49,2022-03-09,-3.1414776748853455,1646784000000,"{""type"":""MultiPoint"",""coordinates"":[]}"
99_0000000000000000001b,1921943668,164903351,41620,H1,035,01448031,482,A,49035,+40.6678828,-111.9242397,06,,G4020,Salt Lake,Salt Lake County,49,2022-03-10,-8.090981354210879,1646870400000,"{""type"":""MultiPoint"",""coordinates"":[]}"
100_0000000000000000001b,1921943668,164903351,41620,H1,035,01448031,482,A,49035,+40.6678828,-111.9242397,06,,G4020,Salt Lake,Salt Lake County,49,2022-03-11,-10.674177534169775,1646956800000,"{""type"":""MultiPoint"",""coordinates"":[]}"
101_0000000000000000001b,1921943668,164903351,41620,H1,035,01448031,482,A,49035,+40.6678828,-111.9242397,06,,G4020,Salt Lake,Salt Lake County,49,2022-03-12,-5.305758755219547,1647043200000,"{""type"":""MultiPoint"",""coordinates"":[]}"
102_0000000000000000001b,1921943668,164903351,41620,H1,035,01448031,482,A,49035,+40.6678828,-111.9242397,06,,G4020,Salt Lake,Salt Lake County,49,2022-03-13,-1.2100839575756852,1647129600000,"{""type"":""MultiPoint"",""coordinates"":[]}"
103_0000000000000000001b,1921943668,164903351,41620,H1,035,01448031,482,A,49035,+40.6678828,-111.9242397,06,,G4020,Salt Lake,Salt Lake County,49,2022-03-14,-0.8319871719643859,1647216000000,"{""type"":""MultiPoint"",""coordinates"":[]}"
104_0000000000000000001b,1921943668,164903351,41620,H1,035,01448031,482,A,49035,+40.6678828,-111.9242397,06,,G4020,Salt Lake,Salt Lake County,49,2022-03-15,0.6740327412137563,1647302400000,"{""type"":""MultiPoint"",""coordinates"":[]}"
105_0000000000000000001b,1921943668,164903351,41620,H1,035,01448031,482,A,49035,+40.6678828,-111.9242397,06,,G4020,Salt Lake,Salt Lake County,49,2022-03-16,2.0988132158460657,1647388800000,"{""type"":""MultiPoint"",""coordinates"":[]}"
106_0000000000000000001b,1921943668,164903351,41620,H1,035,01448031,482,A,49035,+40.6678828,-111.9242397,06,,G4020,Salt Lake,Salt Lake County,49,2022-03-17,0.012451879877017274,1647475200000,"{""type"":""MultiPoint"",""coordinates"":[]}"
107_0000000000000000001b,1921943668,164903351,41620,H1,035,01448031,482,A,49035,+40.6678828,-111.9242397,06,,G4020,Salt Lake,Salt Lake County,49,2022-03-18,1.297334537315115,1647561600000,"{""type"":""MultiPoint"",""coordinates"":[]}"
108_0000000000000000001b,1921943668,164903351,41620,H1,035,01448031,482,A,49035,+40.6678828,-111.9242397,06,,G4020,Salt Lake,Salt Lake County,49,2022-03-19,2.652347593621318,1647648000000,"{""type"":""MultiPoint"",""coordinates"":[]}"
109_0000000000000000001b,1921943668,164903351,41620,H1,035,01448031,482,A,49035,+40.6678828,-111.9242397,06,,G4020,Salt Lake,Salt Lake County,49,2022-03-20,2.9681123810833423,1647734400000,"{""type"":""MultiPoint"",""coordinates"":[]}"
110_0000000000000000001b,1921943668,164903351,41620,H1,035,01448031,482,A,49035,+40.6678828,-111.9242397,06,,G4020,Salt Lake,Salt Lake County,49,2022-03-21,-1.986656585897078,1647820800000,"{""type"":""MultiPoint"",""coordinates"":[]}"
111_0000000000000000001b,1921943668,164903351,41620,H1,035,01448031,482,A,49035,+40.6678828,-111.9242397,06,,G4020,Salt Lake,Salt Lake County,49,2022-03-22,-0.1567682665532216,1647907200000,"{""type"":""MultiPoint"",""coordinates"":[]}"
112_0000000000000000001b,1921943668,164903351,41620,H1,035,01448031,482,A,49035,+40.6678828,-111.9242397,06,,G4020,Salt Lake,Salt Lake County,49,2022-03-23,0.9733911527925893,1647993600000,"{""type"":""MultiPoint"",""coordinates"":[]}"
113_0000000000000000001b,1921943668,164903351,41620,H1,035,01448031,482,A,49035,+40.6678828,-111.9242397,06,,G4020,Salt Lake,Salt Lake County,49,2022-03-24,4.9529108237583745,1648080000000,"{""type"":""MultiPoint"",""coordinates"":[]}"
114_0000000000000000001b,1921943668,164903351,41620,H1,035,01448031,482,A,49035,+40.6678828,-111.9242397,06,,G4020,Salt Lake,Salt Lake County,49,2022-03-25,7.5939259894302555,1648166400000,"{""type"":""MultiPoint"",""coordinates"":[]}"
115_0000000000000000001b,1921943668,164903351,41620,H1,035,01448031,482,A,49035,+40.6678828,-111.9242397,06,,G4020,Salt Lake,Salt Lake County,49,2022-03-26,9.936855765121257,1648252800000,"{""type"":""MultiPoint"",""coordinates"":[]}"
116_0000000000000000001b,1921943668,164903351,41620,H1,035,01448031,482,A,49035,+40.6678828,-111.9242397,06,,G4020,Salt Lake,Salt Lake County,49,2022-03-27,10.878321074166092,1648339200000,"{""type"":""MultiPoint"",""coordinates"":[]}"
117_0000000000000000001b,1921943668,164903351,41620,H1,035,01448031,482,A,49035,+40.6678828,-111.9242397,06,,G4020,Salt Lake,Salt Lake County,49,2022-03-28,10.332503268124112,1648425600000,"{""type"":""MultiPoint"",""coordinates"":[]}"
118_0000000000000000001b,1921943668,164903351,41620,H1,035,01448031,482,A,49035,+40.6678828,-111.9242397,06,,G4020,Salt Lake,Salt Lake County,49,2022-03-29,5.86355559513238,1648512000000,"{""type"":""MultiPoint"",""coordinates"":[]}"
119_0000000000000000001b,1921943668,164903351,41620,H1,035,01448031,482,A,49035,+40.6678828,-111.9242397,06,,G4020,Salt Lake,Salt Lake County,49,2022-03-30,5.606115834532225,1648598400000,"{""type"":""MultiPoint"",""coordinates"":[]}"
120_0000000000000000001b,1921943668,164903351,41620,H1,035,01448031,482,A,49035,+40.6678828,-111.9242397,06,,G4020,Salt Lake,Salt Lake County,49,2022-03-31,3.6682307167399077,1648684800000,"{""type"":""MultiPoint"",""coordinates"":[]}"
121_0000000000000000001b,1921943668,164903351,41620,H1,035,01448031,482,A,49035,+40.6678828,-111.9242397,06,,G4020,Salt Lake,Salt Lake County,49,2022-04-01,3.7963964466828313,1648771200000,"{""type"":""MultiPoint"",""coordinates"":[]}"
122_0000000000000000001b,1921943668,164903351,41620,H1,035,01448031,482,A,49035,+40.6678828,-111.9242397,06,,G4020,Salt Lake,Salt Lake County,49,2022-04-02,5.046950000550123,1648857600000,"{""type"":""MultiPoint"",""coordinates"":[]}"
123_0000000000000000001b,1921943668,164903351,41620,H1,035,01448031,482,A,49035,+40.6678828,-111.9242397,06,,G4020,Salt Lake,Salt Lake County,49,2022-04-03,6.485867879864845,1648944000000,"{""type"":""MultiPoint"",""coordinates"":[]}"
124_0000000000000000001b,1921943668,164903351,41620,H1,035,01448031,482,A,49035,+40.6678828,-111.9242397,06,,G4020,Salt Lake,Salt Lake County,49,2022-04-04,5.209636148681074,1649030400000,"{""type"":""MultiPoint"",""coordinates"":[]}"
125_0000000000000000001b,1921943668,164903351,41620,H1,035,01448031,482,A,49035,+40.6678828,-111.9242397,06,,G4020,Salt Lake,Salt Lake County,49,2022-04-05,4.258685450628957,1649116800000,"{""type"":""MultiPoint"",""coordinates"":[]}"
126_0000000000000000001b,1921943668,164903351,41620,H1,035,01448031,482,A,49035,+40.6678828,-111.9242397,06,,G4020,Salt Lake,Salt Lake County,49,2022-04-06,-0.0806502058895765,1649203200000,"{""type"":""MultiPoint"",""coordinates"":[]}"
127_0000000000000000001b,1921943668,164903351,41620,H1,035,01448031,482,A,49035,+40.6678828,-111.9242397,06,,G4020,Salt Lake,Salt Lake County,49,2022-04-07,1.6341413036777828,1649289600000,"{""type"":""MultiPoint"",""coordinates"":[]}"
128_0000000000000000001b,1921943668,164903351,41620,H1,035,01448031,482,A,49035,+40.6678828,-111.9242397,06,,G4020,Salt Lake,Salt Lake County,49,2022-04-08,6.446367346200165,1649376000000,"{""type"":""MultiPoint"",""coordinates"":[]}"
129_0000000000000000001b,1921943668,164903351,41620,H1,035,01448031,482,A,49035,+40.6678828,-111.9242397,06,,G4020,Salt Lake,Salt Lake County,49,2022-04-09,8.029414772612196,1649462400000,"{""type"":""MultiPoint"",""coordinates"":[]}"
130_0000000000000000001b,1921943668,164903351,41620,H1,035,01448031,482,A,49035,+40.6678828,-111.9242397,06,,G4020,Salt Lake,Salt Lake County,49,2022-04-10,1.1103777813127145,1649548800000,"{""type"":""MultiPoint"",""coordinates"":[]}"
131_0000000000000000001b,1921943668,164903351,41620,H1,035,01448031,482,A,49035,+40.6678828,-111.9242397,06,,G4020,Salt Lake,Salt Lake County,49,2022-04-11,3.4471245314089445,1649635200000,"{""type"":""MultiPoint"",""coordinates"":[]}"
132_0000000000000000001b,1921943668,164903351,41620,H1,035,01448031,482,A,49035,+40.6678828,-111.9242397,06,,G4020,Salt Lake,Salt Lake County,49,2022-04-12,-1.8643259007531494,1649721600000,"{""type"":""MultiPoint"",""coordinates"":[]}"
133_0000000000000000001b,1921943668,164903351,41620,H1,035,01448031,482,A,49035,+40.6678828,-111.9242397,06,,G4020,Salt Lake,Salt Lake County,49,2022-04-13,-2.985102883167446,1649808000000,"{""type"":""MultiPoint"",""coordinates"":[]}"
134_0000000000000000001b,1921943668,164903351,41620,H1,035,01448031,482,A,49035,+40.6678828,-111.9242397,06,,G4020,Salt Lake,Salt Lake County,49,2022-04-14,0.7568142850454915,1649894400000,"{""type"":""MultiPoint"",""coordinates"":[]}"
135_0000000000000000001b,1921943668,164903351,41620,H1,035,01448031,482,A,49035,+40.6678828,-111.9242397,06,,G4020,Salt Lake,Salt Lake County,49,2022-04-15,4.13584682262679,1649980800000,"{""type"":""MultiPoint"",""coordinates"":[]}"
136_0000000000000000001b,1921943668,164903351,41620,H1,035,01448031,482,A,49035,+40.6678828,-111.9242397,06,,G4020,Salt Lake,Salt Lake County,49,2022-04-16,4.945909023148505,1650067200000,"{""type"":""MultiPoint"",""coordinates"":[]}"
137_0000000000000000001b,1921943668,164903351,41620,H1,035,01448031,482,A,49035,+40.6678828,-111.9242397,06,,G4020,Salt Lake,Salt Lake County,49,2022-04-17,5.636286576088715,1650153600000,"{""type"":""MultiPoint"",""coordinates"":[]}"
138_0000000000000000001b,1921943668,164903351,41620,H1,035,01448031,482,A,49035,+40.6678828,-111.9242397,06,,G4020,Salt Lake,Salt Lake County,49,2022-04-18,6.902420267697251,1650240000000,"{""type"":""MultiPoint"",""coordinates"":[]}"
139_0000000000000000001b,1921943668,164903351,41620,H1,035,01448031,482,A,49035,+40.6678828,-111.9242397,06,,G4020,Salt Lake,Salt Lake County,49,2022-04-19,10.765636242169357,1650326400000,"{""type"":""MultiPoint"",""coordinates"":[]}"
140_0000000000000000001b,1921943668,164903351,41620,H1,035,01448031,482,A,49035,+40.6678828,-111.9242397,06,,G4020,Salt Lake,Salt Lake County,49,2022-04-20,6.121141466823851,1650412800000,"{""type"":""MultiPoint"",""coordinates"":[]}"
141_0000000000000000001b,1921943668,164903351,41620,H1,035,01448031,482,A,49035,+40.6678828,-111.9242397,06,,G4020,Salt Lake,Salt Lake County,49,2022-04-21,10.47435835736904,1650499200000,"{""type"":""MultiPoint"",""coordinates"":[]}"
142_0000000000000000001b,1921943668,164903351,41620,H1,035,01448031,482,A,49035,+40.6678828,-111.9242397,06,,G4020,Salt Lake,Salt Lake County,49,2022-04-22,7.316373774683606,1650585600000,"{""type"":""MultiPoint"",""coordinates"":[]}"
143_0000000000000000001b,1921943668,164903351,41620,H1,035,01448031,482,A,49035,+40.6678828,-111.9242397,06,,G4020,Salt Lake,Salt Lake County,49,2022-04-23,3.1052610505576745,1650672000000,"{""type"":""MultiPoint"",""coordinates"":[]}"
144_0000000000000000001b,1921943668,164903351,41620,H1,035,01448031,482,A,49035,+40.6678828,-111.9242397,06,,G4020,Salt Lake,Salt Lake County,49,2022-04-24,4.35047542461057,1650758400000,"{""type"":""MultiPoint"",""coordinates"":[]}"
145_0000000000000000001b,1921943668,164903351,41620,H1,035,01448031,482,A,49035,+40.6678828,-111.9242397,06,,G4020,Salt Lake,Salt Lake County,49,2022-04-25,4.943467950707246,1650844800000,"{""type"":""MultiPoint"",""coordinates"":[]}"
146_0000000000000000001b,1921943668,164903351,41620,H1,035,01448031,482,A,49035,+40.6678828,-111.9242397,06,,G4020,Salt Lake,Salt Lake County,49,2022-04-26,8.288287065366843,1650931200000,"{""type"":""MultiPoint"",""coordinates"":[]}"
147_0000000000000000001b,1921943668,164903351,41620,H1,035,01448031,482,A,49035,+40.6678828,-111.9242397,06,,G4020,Salt Lake,Salt Lake County,49,2022-04-27,11.111367683610766,1651017600000,"{""type"":""MultiPoint"",""coordinates"":[]}"
148_0000000000000000001b,1921943668,164903351,41620,H1,035,01448031,482,A,49035,+40.6678828,-111.9242397,06,,G4020,Salt Lake,Salt Lake County,49,2022-04-28,10.355441830825647,1651104000000,"{""type"":""MultiPoint"",""coordinates"":[]}"
149_0000000000000000001b,1921943668,164903351,41620,H1,035,01448031,482,A,49035,+40.6678828,-111.9242397,06,,G4020,Salt Lake,Salt Lake County,49,2022-04-29,5.825845780779668,1651190400000,"{""type"":""MultiPoint"",""coordinates"":[]}"
150_0000000000000000001b,1921943668,164903351,41620,H1,035,01448031,482,A,49035,+40.6678828,-111.9242397,06,,G4020,Salt Lake,Salt Lake County,49,2022-04-30,5.810627443334544,1651276800000,"{""type"":""MultiPoint"",""coordinates"":[]}"
151_0000000000000000001b,1921943668,164903351,41620,H1,035,01448031,482,A,49035,+40.6678828,-111.9242397,06,,G4020,Salt Lake,Salt Lake County,49,2022-05-01,8.092990700244698,1651363200000,"{""type"":""MultiPoint"",""coordinates"":[]}"
152_0000000000000000001b,1921943668,164903351,41620,H1,035,01448031,482,A,49035,+40.6678828,-111.9242397,06,,G4020,Salt Lake,Salt Lake County,49,2022-05-02,8.119249149953767,1651449600000,"{""type"":""MultiPoint"",""coordinates"":[]}"
153_0000000000000000001b,1921943668,164903351,41620,H1,035,01448031,482,A,49035,+40.6678828,-111.9242397,06,,G4020,Salt Lake,Salt Lake County,49,2022-05-03,6.34879159668146,1651536000000,"{""type"":""MultiPoint"",""coordinates"":[]}"
154_0000000000000000001b,1921943668,164903351,41620,H1,035,01448031,482,A,49035,+40.6678828,-111.9242397,06,,G4020,Salt Lake,Salt Lake County,49,2022-05-04,4.350423602575816,1651622400000,"{""type"":""MultiPoint"",""coordinates"":[]}"
155_0000000000000000001b,1921943668,164903351,41620,H1,035,01448031,482,A,49035,+40.6678828,-111.9242397,06,,G4020,Salt Lake,Salt Lake County,49,2022-05-05,8.184815314842762,1651708800000,"{""type"":""MultiPoint"",""coordinates"":[]}"
156_0000000000000000001b,1921943668,164903351,41620,H1,035,01448031,482,A,49035,+40.6678828,-111.9242397,06,,G4020,Salt Lake,Salt Lake County,49,2022-05-06,14.229869256044626,1651795200000,"{""type"":""MultiPoint"",""coordinates"":[]}"
157_0000000000000000001b,1921943668,164903351,41620,H1,035,01448031,482,A,49035,+40.6678828,-111.9242397,06,,G4020,Salt Lake,Salt Lake County,49,2022-05-07,13.536296229983284,1651881600000,"{""type"":""MultiPoint"",""coordinates"":[]}"
158_0000000000000000001b,1921943668,164903351,41620,H1,035,01448031,482,A,49035,+40.6678828,-111.9242397,06,,G4020,Salt Lake,Salt Lake County,49,2022-05-08,8.974189992967448,1651968000000,"{""type"":""MultiPoint"",""coordinates"":[]}"
159_0000000000000000001b,1921943668,164903351,41620,H1,035,01448031,482,A,49035,+40.6678828,-111.9242397,06,,G4020,Salt Lake,Salt Lake County,49,2022-05-09,3.487549481553377,1652054400000,"{""type"":""MultiPoint"",""coordinates"":[]}"
160_0000000000000000001b,1921943668,164903351,41620,H1,035,01448031,482,A,49035,+40.6678828,-111.9242397,06,,G4020,Salt Lake,Salt Lake County,49,2022-05-10,4.5910253094558255,1652140800000,"{""type"":""MultiPoint"",""coordinates"":[]}"
161_0000000000000000001b,1921943668,164903351,41620,H1,035,01448031,482,A,49035,+40.6678828,-111.9242397,06,,G4020,Salt Lake,Salt Lake County,49,2022-05-11,7.6426550821969395,1652227200000,"{""type"":""MultiPoint"",""coordinates"":[]}"
162_0000000000000000001b,1921943668,164903351,41620,H1,035,01448031,482,A,49035,+40.6678828,-111.9242397,06,,G4020,Salt Lake,Salt Lake County,49,2022-05-12,6.476946460649315,1652313600000,"{""type"":""MultiPoint"",""coordinates"":[]}"
163_0000000000000000001b,1921943668,164903351,41620,H1,035,01448031,482,A,49035,+40.6678828,-111.9242397,06,,G4020,Salt Lake,Salt Lake County,49,2022-05-13,7.829216639564688,1652400000000,"{""type"":""MultiPoint"",""coordinates"":[]}"
164_0000000000000000001b,1921943668,164903351,41620,H1,035,01448031,482,A,49035,+40.6678828,-111.9242397,06,,G4020,Salt Lake,Salt Lake County,49,2022-05-14,11.321627925314363,1652486400000,"{""type"":""MultiPoint"",""coordinates"":[]}"
165_0000000000000000001b,1921943668,164903351,41620,H1,035,01448031,482,A,49035,+40.6678828,-111.9242397,06,,G4020,Salt Lake,Salt Lake County,49,2022-05-15,15.716195023281575,1652572800000,"{""type"":""MultiPoint"",""coordinates"":[]}"
166_0000000000000000001b,1921943668,164903351,41620,H1,035,01448031,482,A,49035,+40.6678828,-111.9242397,06,,G4020,Salt Lake,Salt Lake County,49,2022-05-16,16.598242370685536,1652659200000,"{""type"":""MultiPoint"",""coordinates"":[]}"
167_0000000000000000001b,1921943668,164903351,41620,H1,035,01448031,482,A,49035,+40.6678828,-111.9242397,06,,G4020,Salt Lake,Salt Lake County,49,2022-05-17,16.859280533033406,1652745600000,"{""type"":""MultiPoint"",""coordinates"":[]}"
168_0000000000000000001b,1921943668,164903351,41620,H1,035,01448031,482,A,49035,+40.6678828,-111.9242397,06,,G4020,Salt Lake,Salt Lake County,49,2022-05-18,15.319244728761483,1652832000000,"{""type"":""MultiPoint"",""coordinates"":[]}"
169_0000000000000000001b,1921943668,164903351,41620,H1,035,01448031,482,A,49035,+40.6678828,-111.9242397,06,,G4020,Salt Lake,Salt Lake County,49,2022-05-19,16.499417204668156,1652918400000,"{""type"":""MultiPoint"",""coordinates"":[]}"
170_0000000000000000001b,1921943668,164903351,41620,H1,035,01448031,482,A,49035,+40.6678828,-111.9242397,06,,G4020,Salt Lake,Salt Lake County,49,2022-05-20,5.83697217341886,1653004800000,"{""type"":""MultiPoint"",""coordinates"":[]}"
171_0000000000000000001b,1921943668,164903351,41620,H1,035,01448031,482,A,49035,+40.6678828,-111.9242397,06,,G4020,Salt Lake,Salt Lake County,49,2022-05-21,6.713948243722861,1653091200000,"{""type"":""MultiPoint"",""coordinates"":[]}"
172_0000000000000000001b,1921943668,164903351,41620,H1,035,01448031,482,A,49035,+40.6678828,-111.9242397,06,,G4020,Salt Lake,Salt Lake County,49,2022-05-22,9.806309053769406,1653177600000,"{""type"":""MultiPoint"",""coordinates"":[]}"
173_0000000000000000001b,1921943668,164903351,41620,H1,035,01448031,482,A,49035,+40.6678828,-111.9242397,06,,G4020,Salt Lake,Salt Lake County,49,2022-05-23,8.578834724153424,1653264000000,"{""type"":""MultiPoint"",""coordinates"":[]}"
174_0000000000000000001b,1921943668,164903351,41620,H1,035,01448031,482,A,49035,+40.6678828,-111.9242397,06,,G4020,Salt Lake,Salt Lake County,49,2022-05-24,9.681495725625373,1653350400000,"{""type"":""MultiPoint"",""coordinates"":[]}"
175_0000000000000000001b,1921943668,164903351,41620,H1,035,01448031,482,A,49035,+40.6678828,-111.9242397,06,,G4020,Salt Lake,Salt Lake County,49,2022-05-25,13.167030931144458,1653436800000,"{""type"":""MultiPoint"",""coordinates"":[]}"
176_0000000000000000001b,1921943668,164903351,41620,H1,035,01448031,482,A,49035,+40.6678828,-111.9242397,06,,G4020,Salt Lake,Salt Lake County,49,2022-05-26,16.81518781622879,1653523200000,"{""type"":""MultiPoint"",""coordinates"":[]}"
177_0000000000000000001b,1921943668,164903351,41620,H1,035,01448031,482,A,49035,+40.6678828,-111.9242397,06,,G4020,Salt Lake,Salt Lake County,49,2022-05-27,21.180469640641792,1653609600000,"{""type"":""MultiPoint"",""coordinates"":[]}"
178_0000000000000000001b,1921943668,164903351,41620,H1,035,01448031,482,A,49035,+40.6678828,-111.9242397,06,,G4020,Salt Lake,Salt Lake County,49,2022-05-28,14.88154932330438,1653696000000,"{""type"":""MultiPoint"",""coordinates"":[]}"
179_0000000000000000001b,1921943668,164903351,41620,H1,035,01448031,482,A,49035,+40.6678828,-111.9242397,06,,G4020,Salt Lake,Salt Lake County,49,2022-05-29,9.496290428478165,1653782400000,"{""type"":""MultiPoint"",""coordinates"":[]}"
180_0000000000000000001b,1921943668,164903351,41620,H1,035,01448031,482,A,49035,+40.6678828,-111.9242397,06,,G4020,Salt Lake,Salt Lake County,49,2022-05-30,4.937537199210511,1653868800000,"{""type"":""MultiPoint"",""coordinates"":[]}"
181_0000000000000000001b,1921943668,164903351,41620,H1,035,01448031,482,A,49035,+40.6678828,-111.9242397,06,,G4020,Salt Lake,Salt Lake County,49,2022-05-31,6.115211989985364,1653955200000,"{""type"":""MultiPoint"",""coordinates"":[]}"
182_0000000000000000001b,1921943668,164903351,41620,H1,035,01448031,482,A,49035,+40.6678828,-111.9242397,06,,G4020,Salt Lake,Salt Lake County,49,2022-06-01,9.299692404423682,1654041600000,"{""type"":""MultiPoint"",""coordinates"":[]}"
183_0000000000000000001b,1921943668,164903351,41620,H1,035,01448031,482,A,49035,+40.6678828,-111.9242397,06,,G4020,Salt Lake,Salt Lake County,49,2022-06-02,13.591353812556548,1654128000000,"{""type"":""MultiPoint"",""coordinates"":[]}"
184_0000000000000000001b,1921943668,164903351,41620,H1,035,01448031,482,A,49035,+40.6678828,-111.9242397,06,,G4020,Salt Lake,Salt Lake County,49,2022-06-03,16.40994085894921,1654214400000,"{""type"":""MultiPoint"",""coordinates"":[]}"
185_0000000000000000001b,1921943668,164903351,41620,H1,035,01448031,482,A,49035,+40.6678828,-111.9242397,06,,G4020,Salt Lake,Salt Lake County,49,2022-06-04,17.38273154110017,1654300800000,"{""type"":""MultiPoint"",""coordinates"":[]}"
186_0000000000000000001b,1921943668,164903351,41620,H1,035,01448031,482,A,49035,+40.6678828,-111.9242397,06,,G4020,Salt Lake,Salt Lake County,49,2022-06-05,16.724673921060294,1654387200000,"{""type"":""MultiPoint"",""coordinates"":[]}"
187_0000000000000000001b,1921943668,164903351,41620,H1,035,01448031,482,A,49035,+40.6678828,-111.9242397,06,,G4020,Salt Lake,Salt Lake County,49,2022-06-06,15.973333701123295,1654473600000,"{""type"":""MultiPoint"",""coordinates"":[]}"
188_0000000000000000001b,1921943668,164903351,41620,H1,035,01448031,482,A,49035,+40.6678828,-111.9242397,06,,G4020,Salt Lake,Salt Lake County,49,2022-06-07,15.96719363862469,1654560000000,"{""type"":""MultiPoint"",""coordinates"":[]}"
189_0000000000000000001b,1921943668,164903351,41620,H1,035,01448031,482,A,49035,+40.6678828,-111.9242397,06,,G4020,Salt Lake,Salt Lake County,49,2022-06-08,17.72356350634518,1654646400000,"{""type"":""MultiPoint"",""coordinates"":[]}"
190_0000000000000000001b,1921943668,164903351,41620,H1,035,01448031,482,A,49035,+40.6678828,-111.9242397,06,,G4020,Salt Lake,Salt Lake County,49,2022-06-09,20.987537234683366,1654732800000,"{""type"":""MultiPoint"",""coordinates"":[]}"
191_0000000000000000001b,1921943668,164903351,41620,H1,035,01448031,482,A,49035,+40.6678828,-111.9242397,06,,G4020,Salt Lake,Salt Lake County,49,2022-06-10,22.089506456905415,1654819200000,"{""type"":""MultiPoint"",""coordinates"":[]}"
192_0000000000000000001b,1921943668,164903351,41620,H1,035,01448031,482,A,49035,+40.6678828,-111.9242397,06,,G4020,Salt Lake,Salt Lake County,49,2022-06-11,23.241329201847037,1654905600000,"{""type"":""MultiPoint"",""coordinates"":[]}"
193_0000000000000000001b,1921943668,164903351,41620,H1,035,01448031,482,A,49035,+40.6678828,-111.9242397,06,,G4020,Salt Lake,Salt Lake County,49,2022-06-12,24.74126358341479,1654992000000,"{""type"":""MultiPoint"",""coordinates"":[]}"
194_0000000000000000001b,1921943668,164903351,41620,H1,035,01448031,482,A,49035,+40.6678828,-111.9242397,06,,G4020,Salt Lake,Salt Lake County,49,2022-06-13,17.028778169674727,1655078400000,"{""type"":""MultiPoint"",""coordinates"":[]}"
195_0000000000000000001b,1921943668,164903351,41620,H1,035,01448031,482,A,49035,+40.6678828,-111.9242397,06,,G4020,Salt Lake,Salt Lake County,49,2022-06-14,9.451100723346674,1655164800000,"{""type"":""MultiPoint"",""coordinates"":[]}"
196_0000000000000000001b,1921943668,164903351,41620,H1,035,01448031,482,A,49035,+40.6678828,-111.9242397,06,,G4020,Salt Lake,Salt Lake County,49,2022-06-15,12.035285418523655,1655251200000,"{""type"":""MultiPoint"",""coordinates"":[]}"
197_0000000000000000001b,1921943668,164903351,41620,H1,035,01448031,482,A,49035,+40.6678828,-111.9242397,06,,G4020,Salt Lake,Salt Lake County,49,2022-06-16,17.85609638812604,1655337600000,"{""type"":""MultiPoint"",""coordinates"":[]}"
198_0000000000000000001b,1921943668,164903351,41620,H1,035,01448031,482,A,49035,+40.6678828,-111.9242397,06,,G4020,Salt Lake,Salt Lake County,49,2022-06-17,23.348621011314723,1655424000000,"{""type"":""MultiPoint"",""coordinates"":[]}"
199_0000000000000000001b,1921943668,164903351,41620,H1,035,01448031,482,A,49035,+40.6678828,-111.9242397,06,,G4020,Salt Lake,Salt Lake County,49,2022-06-18,23.78338661375762,1655510400000,"{""type"":""MultiPoint"",""coordinates"":[]}"
200_0000000000000000001b,1921943668,164903351,41620,H1,035,01448031,482,A,49035,+40.6678828,-111.9242397,06,,G4020,Salt Lake,Salt Lake County,49,2022-06-19,18.79747975485408,1655596800000,"{""type"":""MultiPoint"",""coordinates"":[]}"
201_0000000000000000001b,1921943668,164903351,41620,H1,035,01448031,482,A,49035,+40.6678828,-111.9242397,06,,G4020,Salt Lake,Salt Lake County,49,2022-06-20,12.327736911400779,1655683200000,"{""type"":""MultiPoint"",""coordinates"":[]}"
202_0000000000000000001b,1921943668,164903351,41620,H1,035,01448031,482,A,49035,+40.6678828,-111.9242397,06,,G4020,Salt Lake,Salt Lake County,49,2022-06-21,15.201896839387445,1655769600000,"{""type"":""MultiPoint"",""coordinates"":[]}"
203_0000000000000000001b,1921943668,164903351,41620,H1,035,01448031,482,A,49035,+40.6678828,-111.9242397,06,,G4020,Salt Lake,Salt Lake County,49,2022-06-22,19.28983570311716,1655856000000,"{""type"":""MultiPoint"",""coordinates"":[]}"
204_0000000000000000001b,1921943668,164903351,41620,H1,035,01448031,482,A,49035,+40.6678828,-111.9242397,06,,G4020,Salt Lake,Salt Lake County,49,2022-06-23,21.54842031421582,1655942400000,"{""type"":""MultiPoint"",""coordinates"":[]}"
205_0000000000000000001b,1921943668,164903351,41620,H1,035,01448031,482,A,49035,+40.6678828,-111.9242397,06,,G4020,Salt Lake,Salt Lake County,49,2022-06-24,20.474362376535534,1656028800000,"{""type"":""MultiPoint"",""coordinates"":[]}"
206_0000000000000000001b,1921943668,164903351,41620,H1,035,01448031,482,A,49035,+40.6678828,-111.9242397,06,,G4020,Salt Lake,Salt Lake County,49,2022-06-25,20.621314075781058,1656115200000,"{""type"":""MultiPoint"",""coordinates"":[]}"
207_0000000000000000001b,1921943668,164903351,41620,H1,035,01448031,482,A,49035,+40.6678828,-111.9242397,06,,G4020,Salt Lake,Salt Lake County,49,2022-06-26,21.244388917405455,1656201600000,"{""type"":""MultiPoint"",""coordinates"":[]}"
208_0000000000000000001b,1921943668,164903351,41620,H1,035,01448031,482,A,49035,+40.6678828,-111.9242397,06,,G4020,Salt Lake,Salt Lake County,49,2022-06-27,22.477092753470835,1656288000000,"{""type"":""MultiPoint"",""coordinates"":[]}"
209_0000000000000000001b,1921943668,164903351,41620,H1,035,01448031,482,A,49035,+40.6678828,-111.9242397,06,,G4020,Salt Lake,Salt Lake County,49,2022-06-28,23.932148235868613,1656374400000,"{""type"":""MultiPoint"",""coordinates"":[]}"
210_0000000000000000001b,1921943668,164903351,41620,H1,035,01448031,482,A,49035,+40.6678828,-111.9242397,06,,G4020,Salt Lake,Salt Lake County,49,2022-06-29,25.103834548972042,1656460800000,"{""type"":""MultiPoint"",""coordinates"":[]}"
211_0000000000000000001b,1921943668,164903351,41620,H1,035,01448031,482,A,49035,+40.6678828,-111.9242397,06,,G4020,Salt Lake,Salt Lake County,49,2022-06-30,23.434509443975273,1656547200000,"{""type"":""MultiPoint"",""coordinates"":[]}"
212_0000000000000000001b,1921943668,164903351,41620,H1,035,01448031,482,A,49035,+40.6678828,-111.9242397,06,,G4020,Salt Lake,Salt Lake County,49,2022-07-01,23.309505437724546,1656633600000,"{""type"":""MultiPoint"",""coordinates"":[]}"
213_0000000000000000001b,1921943668,164903351,41620,H1,035,01448031,482,A,49035,+40.6678828,-111.9242397,06,,G4020,Salt Lake,Salt Lake County,49,2022-07-02,23.934306796778387,1656720000000,"{""type"":""MultiPoint"",""coordinates"":[]}"
214_0000000000000000001b,1921943668,164903351,41620,H1,035,01448031,482,A,49035,+40.6678828,-111.9242397,06,,G4020,Salt Lake,Salt Lake County,49,2022-07-03,25.782389592874278,1656806400000,"{""type"":""MultiPoint"",""coordinates"":[]}"
215_0000000000000000001b,1921943668,164903351,41620,H1,035,01448031,482,A,49035,+40.6678828,-111.9242397,06,,G4020,Salt Lake,Salt Lake County,49,2022-07-04,25.205397826464477,1656892800000,"{""type"":""MultiPoint"",""coordinates"":[]}"
216_0000000000000000001b,1921943668,164903351,41620,H1,035,01448031,482,A,49035,+40.6678828,-111.9242397,06,,G4020,Salt Lake,Salt Lake County,49,2022-07-05,24.38082909445339,1656979200000,"{""type"":""MultiPoint"",""coordinates"":[]}"
217_0000000000000000001b,1921943668,164903351,41620,H1,035,01448031,482,A,49035,+40.6678828,-111.9242397,06,,G4020,Salt Lake,Salt Lake County,49,2022-07-06,24.311046668558863,1657065600000,"{""type"":""MultiPoint"",""coordinates"":[]}"
218_0000000000000000001b,1921943668,164903351,41620,H1,035,01448031,482,A,49035,+40.6678828,-111.9242397,06,,G4020,Salt Lake,Salt Lake County,49,2022-07-07,24.76740330217224,1657152000000,"{""type"":""MultiPoint"",""coordinates"":[]}"
219_0000000000000000001b,1921943668,164903351,41620,H1,035,01448031,482,A,49035,+40.6678828,-111.9242397,06,,G4020,Salt Lake,Salt Lake County,49,2022-07-08,25.254975285345925,1657238400000,"{""type"":""MultiPoint"",""coordinates"":[]}"
220_0000000000000000001b,1921943668,164903351,41620,H1,035,01448031,482,A,49035,+40.6678828,-111.9242397,06,,G4020,Salt Lake,Salt Lake County,49,2022-07-09,26.950521580810282,1657324800000,"{""type"":""MultiPoint"",""coordinates"":[]}"
221_0000000000000000001b,1921943668,164903351,41620,H1,035,01448031,482,A,49035,+40.6678828,-111.9242397,06,,G4020,Salt Lake,Salt Lake County,49,2022-07-10,27.555564058492134,1657411200000,"{""type"":""MultiPoint"",""coordinates"":[]}"
222_0000000000000000001b,1921943668,164903351,41620,H1,035,01448031,482,A,49035,+40.6678828,-111.9242397,06,,G4020,Salt Lake,Salt Lake County,49,2022-07-11,25.093200328137485,1657497600000,"{""type"":""MultiPoint"",""coordinates"":[]}"
223_0000000000000000001b,1921943668,164903351,41620,H1,035,01448031,482,A,49035,+40.6678828,-111.9242397,06,,G4020,Salt Lake,Salt Lake County,49,2022-07-12,25.42605647067544,1657584000000,"{""type"":""MultiPoint"",""coordinates"":[]}"
224_0000000000000000001b,1921943668,164903351,41620,H1,035,01448031,482,A,49035,+40.6678828,-111.9242397,06,,G4020,Salt Lake,Salt Lake County,49,2022-07-13,27.22295772805351,1657670400000,"{""type"":""MultiPoint"",""coordinates"":[]}"
225_0000000000000000001b,1921943668,164903351,41620,H1,035,01448031,482,A,49035,+40.6678828,-111.9242397,06,,G4020,Salt Lake,Salt Lake County,49,2022-07-14,27.756238561183665,1657756800000,"{""type"":""MultiPoint"",""coordinates"":[]}"
226_0000000000000000001b,1921943668,164903351,41620,H1,035,01448031,482,A,49035,+40.6678828,-111.9242397,06,,G4020,Salt Lake,Salt Lake County,49,2022-07-15,23.975870801882934,1657843200000,"{""type"":""MultiPoint"",""coordinates"":[]}"
227_0000000000000000001b,1921943668,164903351,41620,H1,035,01448031,482,A,49035,+40.6678828,-111.9242397,06,,G4020,Salt Lake,Salt Lake County,49,2022-07-16,24.233004174621353,1657929600000,"{""type"":""MultiPoint"",""coordinates"":[]}"
228_0000000000000000001b,1921943668,164903351,41620,H1,035,01448031,482,A,49035,+40.6678828,-111.9242397,06,,G4020,Salt Lake,Salt Lake County,49,2022-07-17,26.58138004333906,1658016000000,"{""type"":""MultiPoint"",""coordinates"":[]}"
229_0000000000000000001b,1921943668,164903351,41620,H1,035,01448031,482,A,49035,+40.6678828,-111.9242397,06,,G4020,Salt Lake,Salt Lake County,49,2022-07-18,27.540186731850604,1658102400000,"{""type"":""MultiPoint"",""coordinates"":[]}"
230_0000000000000000001b,1921943668,164903351,41620,H1,035,01448031,482,A,49035,+40.6678828,-111.9242397,06,,G4020,Salt Lake,Salt Lake County,49,2022-07-19,25.15778366856539,1658188800000,"{""type"":""MultiPoint"",""coordinates"":[]}"
231_0000000000000000001b,1921943668,164903351,41620,H1,035,01448031,482,A,49035,+40.6678828,-111.9242397,06,,G4020,Salt Lake,Salt Lake County,49,2022-07-20,24.832244782636568,1658275200000,"{""type"":""MultiPoint"",""coordinates"":[]}"
232_0000000000000000001b,1921943668,164903351,41620,H1,035,01448031,482,A,49035,+40.6678828,-111.9242397,06,,G4020,Salt Lake,Salt Lake County,49,2022-07-21,25.585499111970517,1658361600000,"{""type"":""MultiPoint"",""coordinates"":[]}"
233_0000000000000000001b,1921943668,164903351,41620,H1,035,01448031,482,A,49035,+40.6678828,-111.9242397,06,,G4020,Salt Lake,Salt Lake County,49,2022-07-22,26.675076802389714,1658448000000,"{""type"":""MultiPoint"",""coordinates"":[]}"
234_0000000000000000001b,1921943668,164903351,41620,H1,035,01448031,482,A,49035,+40.6678828,-111.9242397,06,,G4020,Salt Lake,Salt Lake County,49,2022-07-23,26.96159914659785,1658534400000,"{""type"":""MultiPoint"",""coordinates"":[]}"
235_0000000000000000001b,1921943668,164903351,41620,H1,035,01448031,482,A,49035,+40.6678828,-111.9242397,06,,G4020,Salt Lake,Salt Lake County,49,2022-07-24,25.28764142303396,1658620800000,"{""type"":""MultiPoint"",""coordinates"":[]}"
236_0000000000000000001b,1921943668,164903351,41620,H1,035,01448031,482,A,49035,+40.6678828,-111.9242397,06,,G4020,Salt Lake,Salt Lake County,49,2022-07-25,23.6784348720247,1658707200000,"{""type"":""MultiPoint"",""coordinates"":[]}"
237_0000000000000000001b,1921943668,164903351,41620,H1,035,01448031,482,A,49035,+40.6678828,-111.9242397,06,,G4020,Salt Lake,Salt Lake County,49,2022-07-26,25.187379515051703,1658793600000,"{""type"":""MultiPoint"",""coordinates"":[]}"
238_0000000000000000001b,1921943668,164903351,41620,H1,035,01448031,482,A,49035,+40.6678828,-111.9242397,06,,G4020,Salt Lake,Salt Lake County,49,2022-07-27,25.42434355481559,1658880000000,"{""type"":""MultiPoint"",""coordinates"":[]}"
239_0000000000000000001b,1921943668,164903351,41620,H1,035,01448031,482,A,49035,+40.6678828,-111.9242397,06,,G4020,Salt Lake,Salt Lake County,49,2022-07-28,26.09754954289415,1658966400000,"{""type"":""MultiPoint"",""coordinates"":[]}"
240_0000000000000000001b,1921943668,164903351,41620,H1,035,01448031,482,A,49035,+40.6678828,-111.9242397,06,,G4020,Salt Lake,Salt Lake County,49,2022-07-29,24.979894465426938,1659052800000,"{""type"":""MultiPoint"",""coordinates"":[]}"
241_0000000000000000001b,1921943668,164903351,41620,H1,035,01448031,482,A,49035,+40.6678828,-111.9242397,06,,G4020,Salt Lake,Salt Lake County,49,2022-07-30,24.671368718545235,1659139200000,"{""type"":""MultiPoint"",""coordinates"":[]}"
242_0000000000000000001b,1921943668,164903351,41620,H1,035,01448031,482,A,49035,+40.6678828,-111.9242397,06,,G4020,Salt Lake,Salt Lake County,49,2022-07-31,24.925037109891647,1659225600000,"{""type"":""MultiPoint"",""coordinates"":[]}"
243_0000000000000000001b,1921943668,164903351,41620,H1,035,01448031,482,A,49035,+40.6678828,-111.9242397,06,,G4020,Salt Lake,Salt Lake County,49,2022-08-01,25.347139068734517,1659312000000,"{""type"":""MultiPoint"",""coordinates"":[]}"
244_0000000000000000001b,1921943668,164903351,41620,H1,035,01448031,482,A,49035,+40.6678828,-111.9242397,06,,G4020,Salt Lake,Salt Lake County,49,2022-08-02,21.209869678553737,1659398400000,"{""type"":""MultiPoint"",""coordinates"":[]}"
245_0000000000000000001b,1921943668,164903351,41620,H1,035,01448031,482,A,49035,+40.6678828,-111.9242397,06,,G4020,Salt Lake,Salt Lake County,49,2022-08-03,22.53160505008291,1659484800000,"{""type"":""MultiPoint"",""coordinates"":[]}"
246_0000000000000000001b,1921943668,164903351,41620,H1,035,01448031,482,A,49035,+40.6678828,-111.9242397,06,,G4020,Salt Lake,Salt Lake County,49,2022-08-04,23.7428460297155,1659571200000,"{""type"":""MultiPoint"",""coordinates"":[]}"
247_0000000000000000001b,1921943668,164903351,41620,H1,035,01448031,482,A,49035,+40.6678828,-111.9242397,06,,G4020,Salt Lake,Salt Lake County,49,2022-08-05,24.627431762360615,1659657600000,"{""type"":""MultiPoint"",""coordinates"":[]}"
248_0000000000000000001b,1921943668,164903351,41620,H1,035,01448031,482,A,49035,+40.6678828,-111.9242397,06,,G4020,Salt Lake,Salt Lake County,49,2022-08-06,20.0542239700776,1659744000000,"{""type"":""MultiPoint"",""coordinates"":[]}"
249_0000000000000000001b,1921943668,164903351,41620,H1,035,01448031,482,A,49035,+40.6678828,-111.9242397,06,,G4020,Salt Lake,Salt Lake County,49,2022-08-07,18.8968312019272,1659830400000,"{""type"":""MultiPoint"",""coordinates"":[]}"
250_0000000000000000001b,1921943668,164903351,41620,H1,035,01448031,482,A,49035,+40.6678828,-111.9242397,06,,G4020,Salt Lake,Salt Lake County,49,2022-08-08,20.753822055429193,1659916800000,"{""type"":""MultiPoint"",""coordinates"":[]}"
251_0000000000000000001b,1921943668,164903351,41620,H1,035,01448031,482,A,49035,+40.6678828,-111.9242397,06,,G4020,Salt Lake,Salt Lake County,49,2022-08-09,21.93165367446633,1660003200000,"{""type"":""MultiPoint"",""coordinates"":[]}"
252_0000000000000000001b,1921943668,164903351,41620,H1,035,01448031,482,A,49035,+40.6678828,-111.9242397,06,,G4020,Salt Lake,Salt Lake County,49,2022-08-10,23.65357108509537,1660089600000,"{""type"":""MultiPoint"",""coordinates"":[]}"
253_0000000000000000001b,1921943668,164903351,41620,H1,035,01448031,482,A,49035,+40.6678828,-111.9242397,06,,G4020,Salt Lake,Salt Lake County,49,2022-08-11,22.21179294376985,1660176000000,"{""type"":""MultiPoint"",""coordinates"":[]}"
254_0000000000000000001b,1921943668,164903351,41620,H1,035,01448031,482,A,49035,+40.6678828,-111.9242397,06,,G4020,Salt Lake,Salt Lake County,49,2022-08-12,22.81303175788413,1660262400000,"{""type"":""MultiPoint"",""coordinates"":[]}"
255_0000000000000000001b,1921943668,164903351,41620,H1,035,01448031,482,A,49035,+40.6678828,-111.9242397,06,,G4020,Salt Lake,Salt Lake County,49,2022-08-13,22.639208594173517,1660348800000,"{""type"":""MultiPoint"",""coordinates"":[]}"
256_0000000000000000001b,1921943668,164903351,41620,H1,035,01448031,482,A,49035,+40.6678828,-111.9242397,06,,G4020,Salt Lake,Salt Lake County,49,2022-08-14,21.07878521385795,1660435200000,"{""type"":""MultiPoint"",""coordinates"":[]}"
257_0000000000000000001b,1921943668,164903351,41620,H1,035,01448031,482,A,49035,+40.6678828,-111.9242397,06,,G4020,Salt Lake,Salt Lake County,49,2022-08-15,22.431164485110997,1660521600000,"{""type"":""MultiPoint"",""coordinates"":[]}"
258_0000000000000000001b,1921943668,164903351,41620,H1,035,01448031,482,A,49035,+40.6678828,-111.9242397,06,,G4020,Salt Lake,Salt Lake County,49,2022-08-16,22.7867793234633,1660608000000,"{""type"":""MultiPoint"",""coordinates"":[]}"
259_0000000000000000001b,1921943668,164903351,41620,H1,035,01448031,482,A,49035,+40.6678828,-111.9242397,06,,G4020,Salt Lake,Salt Lake County,49,2022-08-17,23.69647209793261,1660694400000,"{""type"":""MultiPoint"",""coordinates"":[]}"
260_0000000000000000001b,1921943668,164903351,41620,H1,035,01448031,482,A,49035,+40.6678828,-111.9242397,06,,G4020,Salt Lake,Salt Lake County,49,2022-08-18,23.924447780094354,1660780800000,"{""type"":""MultiPoint"",""coordinates"":[]}"
261_0000000000000000001b,1921943668,164903351,41620,H1,035,01448031,482,A,49035,+40.6678828,-111.9242397,06,,G4020,Salt Lake,Salt Lake County,49,2022-08-19,22.86148073126377,1660867200000,"{""type"":""MultiPoint"",""coordinates"":[]}"
262_0000000000000000001b,1921943668,164903351,41620,H1,035,01448031,482,A,49035,+40.6678828,-111.9242397,06,,G4020,Salt Lake,Salt Lake County,49,2022-08-20,18.95688448802711,1660953600000,"{""type"":""MultiPoint"",""coordinates"":[]}"
263_0000000000000000001b,1921943668,164903351,41620,H1,035,01448031,482,A,49035,+40.6678828,-111.9242397,06,,G4020,Salt Lake,Salt Lake County,49,2022-08-21,19.412129155578786,1661040000000,"{""type"":""MultiPoint"",""coordinates"":[]}"
264_0000000000000000001b,1921943668,164903351,41620,H1,035,01448031,482,A,49035,+40.6678828,-111.9242397,06,,G4020,Salt Lake,Salt Lake County,49,2022-08-22,21.387267984363902,1661126400000,"{""type"":""MultiPoint"",""coordinates"":[]}"
265_0000000000000000001b,1921943668,164903351,41620,H1,035,01448031,482,A,49035,+40.6678828,-111.9242397,06,,G4020,Salt Lake,Salt Lake County,49,2022-08-23,22.311496610737002,1661212800000,"{""type"":""MultiPoint"",""coordinates"":[]}"
266_0000000000000000001b,1921943668,164903351,41620,H1,035,01448031,482,A,49035,+40.6678828,-111.9242397,06,,G4020,Salt Lake,Salt Lake County,49,2022-08-24,23.456844111903276,1661299200000,"{""type"":""MultiPoint"",""coordinates"":[]}"
267_0000000000000000001b,1921943668,164903351,41620,H1,035,01448031,482,A,49035,+40.6678828,-111.9242397,06,,G4020,Salt Lake,Salt Lake County,49,2022-08-25,22.313030430471336,1661385600000,"{""type"":""MultiPoint"",""coordinates"":[]}"
268_0000000000000000001b,1921943668,164903351,41620,H1,035,01448031,482,A,49035,+40.6678828,-111.9242397,06,,G4020,Salt Lake,Salt Lake County,49,2022-08-26,22.697448496347864,1661472000000,"{""type"":""MultiPoint"",""coordinates"":[]}"
269_0000000000000000001b,1921943668,164903351,41620,H1,035,01448031,482,A,49035,+40.6678828,-111.9242397,06,,G4020,Salt Lake,Salt Lake County,49,2022-08-27,22.132314342922655,1661558400000,"{""type"":""MultiPoint"",""coordinates"":[]}"
270_0000000000000000001b,1921943668,164903351,41620,H1,035,01448031,482,A,49035,+40.6678828,-111.9242397,06,,G4020,Salt Lake,Salt Lake County,49,2022-08-28,22.889888929695445,1661644800000,"{""type"":""MultiPoint"",""coordinates"":[]}"
271_0000000000000000001b,1921943668,164903351,41620,H1,035,01448031,482,A,49035,+40.6678828,-111.9242397,06,,G4020,Salt Lake,Salt Lake County,49,2022-08-29,21.828894495748052,1661731200000,"{""type"":""MultiPoint"",""coordinates"":[]}"
272_0000000000000000001b,1921943668,164903351,41620,H1,035,01448031,482,A,49035,+40.6678828,-111.9242397,06,,G4020,Salt Lake,Salt Lake County,49,2022-08-30,23.15963077681602,1661817600000,"{""type"":""MultiPoint"",""coordinates"":[]}"
273_0000000000000000001b,1921943668,164903351,41620,H1,035,01448031,482,A,49035,+40.6678828,-111.9242397,06,,G4020,Salt Lake,Salt Lake County,49,2022-08-31,24.098731246788166,1661904000000,"{""type"":""MultiPoint"",""coordinates"":[]}"
274_0000000000000000001b,1921943668,164903351,41620,H1,035,01448031,482,A,49035,+40.6678828,-111.9242397,06,,G4020,Salt Lake,Salt Lake County,49,2022-09-01,24.371977566967836,1661990400000,"{""type"":""MultiPoint"",""coordinates"":[]}"
275_0000000000000000001b,1921943668,164903351,41620,H1,035,01448031,482,A,49035,+40.6678828,-111.9242397,06,,G4020,Salt Lake,Salt Lake County,49,2022-09-02,25.070192596624757,1662076800000,"{""type"":""MultiPoint"",""coordinates"":[]}"
276_0000000000000000001b,1921943668,164903351,41620,H1,035,01448031,482,A,49035,+40.6678828,-111.9242397,06,,G4020,Salt Lake,Salt Lake County,49,2022-09-03,23.861912938646913,1662163200000,"{""type"":""MultiPoint"",""coordinates"":[]}"
277_0000000000000000001b,1921943668,164903351,41620,H1,035,01448031,482,A,49035,+40.6678828,-111.9242397,06,,G4020,Salt Lake,Salt Lake County,49,2022-09-04,25.28968288274284,1662249600000,"{""type"":""MultiPoint"",""coordinates"":[]}"
278_0000000000000000001b,1921943668,164903351,41620,H1,035,01448031,482,A,49035,+40.6678828,-111.9242397,06,,G4020,Salt Lake,Salt Lake County,49,2022-09-05,25.261610748407463,1662336000000,"{""type"":""MultiPoint"",""coordinates"":[]}"
279_0000000000000000001b,1921943668,164903351,41620,H1,035,01448031,482,A,49035,+40.6678828,-111.9242397,06,,G4020,Salt Lake,Salt Lake County,49,2022-09-06,25.92844033357244,1662422400000,"{""type"":""MultiPoint"",""coordinates"":[]}"
280_0000000000000000001b,1921943668,164903351,41620,H1,035,01448031,482,A,49035,+40.6678828,-111.9242397,06,,G4020,Salt Lake,Salt Lake County,49,2022-09-07,26.037614785823376,1662508800000,"{""type"":""MultiPoint"",""coordinates"":[]}"
281_0000000000000000001b,1921943668,164903351,41620,H1,035,01448031,482,A,49035,+40.6678828,-111.9242397,06,,G4020,Salt Lake,Salt Lake County,49,2022-09-08,26.14759706998363,1662595200000,"{""type"":""MultiPoint"",""coordinates"":[]}"
282_0000000000000000001b,1921943668,164903351,41620,H1,035,01448031,482,A,49035,+40.6678828,-111.9242397,06,,G4020,Salt Lake,Salt Lake County,49,2022-09-09,21.11233011754174,1662681600000,"{""type"":""MultiPoint"",""coordinates"":[]}"
283_0000000000000000001b,1921943668,164903351,41620,H1,035,01448031,482,A,49035,+40.6678828,-111.9242397,06,,G4020,Salt Lake,Salt Lake County,49,2022-09-10,17.679622701445727,1662768000000,"{""type"":""MultiPoint"",""coordinates"":[]}"
284_0000000000000000001b,1921943668,164903351,41620,H1,035,01448031,482,A,49035,+40.6678828,-111.9242397,06,,G4020,Salt Lake,Salt Lake County,49,2022-09-11,18.777923277644373,1662854400000,"{""type"":""MultiPoint"",""coordinates"":[]}"
285_0000000000000000001b,1921943668,164903351,41620,H1,035,01448031,482,A,49035,+40.6678828,-111.9242397,06,,G4020,Salt Lake,Salt Lake County,49,2022-09-12,20.105392358913633,1662940800000,"{""type"":""MultiPoint"",""coordinates"":[]}"
286_0000000000000000001b,1921943668,164903351,41620,H1,035,01448031,482,A,49035,+40.6678828,-111.9242397,06,,G4020,Salt Lake,Salt Lake County,49,2022-09-13,20.52817744981352,1663027200000,"{""type"":""MultiPoint"",""coordinates"":[]}"
287_0000000000000000001b,1921943668,164903351,41620,H1,035,01448031,482,A,49035,+40.6678828,-111.9242397,06,,G4020,Salt Lake,Salt Lake County,49,2022-09-14,15.396666187983124,1663113600000,"{""type"":""MultiPoint"",""coordinates"":[]}"
288_0000000000000000001b,1921943668,164903351,41620,H1,035,01448031,482,A,49035,+40.6678828,-111.9242397,06,,G4020,Salt Lake,Salt Lake County,49,2022-09-15,14.894511547279656,1663200000000,"{""type"":""MultiPoint"",""coordinates"":[]}"
289_0000000000000000001b,1921943668,164903351,41620,H1,035,01448031,482,A,49035,+40.6678828,-111.9242397,06,,G4020,Salt Lake,Salt Lake County,49,2022-09-16,14.32209935186022,1663286400000,"{""type"":""MultiPoint"",""coordinates"":[]}"
290_0000000000000000001b,1921943668,164903351,41620,H1,035,01448031,482,A,49035,+40.6678828,-111.9242397,06,,G4020,Salt Lake,Salt Lake County,49,2022-09-17,14.426758092280869,1663372800000,"{""type"":""MultiPoint"",""coordinates"":[]}"
291_0000000000000000001b,1921943668,164903351,41620,H1,035,01448031,482,A,49035,+40.6678828,-111.9242397,06,,G4020,Salt Lake,Salt Lake County,49,2022-09-18,16.11320859829928,1663459200000,"{""type"":""MultiPoint"",""coordinates"":[]}"
292_0000000000000000001b,1921943668,164903351,41620,H1,035,01448031,482,A,49035,+40.6678828,-111.9242397,06,,G4020,Salt Lake,Salt Lake County,49,2022-09-19,17.84002632392154,1663545600000,"{""type"":""MultiPoint"",""coordinates"":[]}"
293_0000000000000000001b,1921943668,164903351,41620,H1,035,01448031,482,A,49035,+40.6678828,-111.9242397,06,,G4020,Salt Lake,Salt Lake County,49,2022-09-20,18.77279363731347,1663632000000,"{""type"":""MultiPoint"",""coordinates"":[]}"
294_0000000000000000001b,1921943668,164903351,41620,H1,035,01448031,482,A,49035,+40.6678828,-111.9242397,06,,G4020,Salt Lake,Salt Lake County,49,2022-09-21,18.21322758501352,1663718400000,"{""type"":""MultiPoint"",""coordinates"":[]}"
295_0000000000000000001b,1921943668,164903351,41620,H1,035,01448031,482,A,49035,+40.6678828,-111.9242397,06,,G4020,Salt Lake,Salt Lake County,49,2022-09-22,14.970155040502677,1663804800000,"{""type"":""MultiPoint"",""coordinates"":[]}"
296_0000000000000000001b,1921943668,164903351,41620,H1,035,01448031,482,A,49035,+40.6678828,-111.9242397,06,,G4020,Salt Lake,Salt Lake County,49,2022-09-23,13.917286692497912,1663891200000,"{""type"":""MultiPoint"",""coordinates"":[]}"
297_0000000000000000001b,1921943668,164903351,41620,H1,035,01448031,482,A,49035,+40.6678828,-111.9242397,06,,G4020,Salt Lake,Salt Lake County,49,2022-09-24,13.789142519687568,1663977600000,"{""type"":""MultiPoint"",""coordinates"":[]}"
298_0000000000000000001b,1921943668,164903351,41620,H1,035,01448031,482,A,49035,+40.6678828,-111.9242397,06,,G4020,Salt Lake,Salt Lake County,49,2022-09-25,14.791383559918737,1664064000000,"{""type"":""MultiPoint"",""coordinates"":[]}"
299_0000000000000000001b,1921943668,164903351,41620,H1,035,01448031,482,A,49035,+40.6678828,-111.9242397,06,,G4020,Salt Lake,Salt Lake County,49,2022-09-26,16.21716796573028,1664150400000,"{""type"":""MultiPoint"",""coordinates"":[]}"
300_0000000000000000001b,1921943668,164903351,41620,H1,035,01448031,482,A,49035,+40.6678828,-111.9242397,06,,G4020,Salt Lake,Salt Lake County,49,2022-09-27,16.781774285479763,1664236800000,"{""type"":""MultiPoint"",""coordinates"":[]}"
301_0000000000000000001b,1921943668,164903351,41620,H1,035,01448031,482,A,49035,+40.6678828,-111.9242397,06,,G4020,Salt Lake,Salt Lake County,49,2022-09-28,17.975945947417,1664323200000,"{""type"":""MultiPoint"",""coordinates"":[]}"
302_0000000000000000001b,1921943668,164903351,41620,H1,035,01448031,482,A,49035,+40.6678828,-111.9242397,06,,G4020,Salt Lake,Salt Lake County,49,2022-09-29,18.0157831713195,1664409600000,"{""type"":""MultiPoint"",""coordinates"":[]}"
303_0000000000000000001b,1921943668,164903351,41620,H1,035,01448031,482,A,49035,+40.6678828,-111.9242397,06,,G4020,Salt Lake,Salt Lake County,49,2022-09-30,13.809797024670043,1664496000000,"{""type"":""MultiPoint"",""coordinates"":[]}"
304_0000000000000000001b,1921943668,164903351,41620,H1,035,01448031,482,A,49035,+40.6678828,-111.9242397,06,,G4020,Salt Lake,Salt Lake County,49,2022-10-01,11.35912821837479,1664582400000,"{""type"":""MultiPoint"",""coordinates"":[]}"
305_0000000000000000001b,1921943668,164903351,41620,H1,035,01448031,482,A,49035,+40.6678828,-111.9242397,06,,G4020,Salt Lake,Salt Lake County,49,2022-10-02,12.340185242172211,1664668800000,"{""type"":""MultiPoint"",""coordinates"":[]}"
306_0000000000000000001b,1921943668,164903351,41620,H1,035,01448031,482,A,49035,+40.6678828,-111.9242397,06,,G4020,Salt Lake,Salt Lake County,49,2022-10-03,12.727498664182905,1664755200000,"{""type"":""MultiPoint"",""coordinates"":[]}"
307_0000000000000000001b,1921943668,164903351,41620,H1,035,01448031,482,A,49035,+40.6678828,-111.9242397,06,,G4020,Salt Lake,Salt Lake County,49,2022-10-04,13.299070737926996,1664841600000,"{""type"":""MultiPoint"",""coordinates"":[]}"
308_0000000000000000001b,1921943668,164903351,41620,H1,035,01448031,482,A,49035,+40.6678828,-111.9242397,06,,G4020,Salt Lake,Salt Lake County,49,2022-10-05,13.664922679852028,1664928000000,"{""type"":""MultiPoint"",""coordinates"":[]}"
309_0000000000000000001b,1921943668,164903351,41620,H1,035,01448031,482,A,49035,+40.6678828,-111.9242397,06,,G4020,Salt Lake,Salt Lake County,49,2022-10-06,13.763328754532399,1665014400000,"{""type"":""MultiPoint"",""coordinates"":[]}"
310_0000000000000000001b,1921943668,164903351,41620,H1,035,01448031,482,A,49035,+40.6678828,-111.9242397,06,,G4020,Salt Lake,Salt Lake County,49,2022-10-07,13.925673712283379,1665100800000,"{""type"":""MultiPoint"",""coordinates"":[]}"
311_0000000000000000001b,1921943668,164903351,41620,H1,035,01448031,482,A,49035,+40.6678828,-111.9242397,06,,G4020,Salt Lake,Salt Lake County,49,2022-10-08,14.129591553905907,1665187200000,"{""type"":""MultiPoint"",""coordinates"":[]}"
312_0000000000000000001b,1921943668,164903351,41620,H1,035,01448031,482,A,49035,+40.6678828,-111.9242397,06,,G4020,Salt Lake,Salt Lake County,49,2022-10-09,13.826362206382212,1665273600000,"{""type"":""MultiPoint"",""coordinates"":[]}"
313_0000000000000000001b,1921943668,164903351,41620,H1,035,01448031,482,A,49035,+40.6678828,-111.9242397,06,,G4020,Salt Lake,Salt Lake County,49,2022-10-10,14.03806172008453,1665360000000,"{""type"":""MultiPoint"",""coordinates"":[]}"
314_0000000000000000001b,1921943668,164903351,41620,H1,035,01448031,482,A,49035,+40.6678828,-111.9242397,06,,G4020,Salt Lake,Salt Lake County,49,2022-10-11,14.014904015849895,1665446400000,"{""type"":""MultiPoint"",""coordinates"":[]}"
315_0000000000000000001b,1921943668,164903351,41620,H1,035,01448031,482,A,49035,+40.6678828,-111.9242397,06,,G4020,Salt Lake,Salt Lake County,49,2022-10-12,13.101766734198296,1665532800000,"{""type"":""MultiPoint"",""coordinates"":[]}"
316_0000000000000000001b,1921943668,164903351,41620,H1,035,01448031,482,A,49035,+40.6678828,-111.9242397,06,,G4020,Salt Lake,Salt Lake County,49,2022-10-13,12.298787027958436,1665619200000,"{""type"":""MultiPoint"",""coordinates"":[]}"
317_0000000000000000001b,1921943668,164903351,41620,H1,035,01448031,482,A,49035,+40.6678828,-111.9242397,06,,G4020,Salt Lake,Salt Lake County,49,2022-10-14,12.104256493054992,1665705600000,"{""type"":""MultiPoint"",""coordinates"":[]}"
318_0000000000000000001b,1921943668,164903351,41620,H1,035,01448031,482,A,49035,+40.6678828,-111.9242397,06,,G4020,Salt Lake,Salt Lake County,49,2022-10-15,11.898805835853048,1665792000000,"{""type"":""MultiPoint"",""coordinates"":[]}"
319_0000000000000000001b,1921943668,164903351,41620,H1,035,01448031,482,A,49035,+40.6678828,-111.9242397,06,,G4020,Salt Lake,Salt Lake County,49,2022-10-16,11.402967008955454,1665878400000,"{""type"":""MultiPoint"",""coordinates"":[]}"
320_0000000000000000001b,1921943668,164903351,41620,H1,035,01448031,482,A,49035,+40.6678828,-111.9242397,06,,G4020,Salt Lake,Salt Lake County,49,2022-10-17,11.142209569215225,1665964800000,"{""type"":""MultiPoint"",""coordinates"":[]}"
321_0000000000000000001b,1921943668,164903351,41620,H1,035,01448031,482,A,49035,+40.6678828,-111.9242397,06,,G4020,Salt Lake,Salt Lake County,49,2022-10-18,11.974304914679161,1666051200000,"{""type"":""MultiPoint"",""coordinates"":[]}"
322_0000000000000000001b,1921943668,164903351,41620,H1,035,01448031,482,A,49035,+40.6678828,-111.9242397,06,,G4020,Salt Lake,Salt Lake County,49,2022-10-19,12.553809788185044,1666137600000,"{""type"":""MultiPoint"",""coordinates"":[]}"
323_0000000000000000001b,1921943668,164903351,41620,H1,035,01448031,482,A,49035,+40.6678828,-111.9242397,06,,G4020,Salt Lake,Salt Lake County,49,2022-10-20,12.24005905136816,1666224000000,"{""type"":""MultiPoint"",""coordinates"":[]}"
324_0000000000000000001b,1921943668,164903351,41620,H1,035,01448031,482,A,49035,+40.6678828,-111.9242397,06,,G4020,Salt Lake,Salt Lake County,49,2022-10-21,12.578533939185142,1666310400000,"{""type"":""MultiPoint"",""coordinates"":[]}"
325_0000000000000000001b,1921943668,164903351,41620,H1,035,01448031,482,A,49035,+40.6678828,-111.9242397,06,,G4020,Salt Lake,Salt Lake County,49,2022-10-22,11.218557868415443,1666396800000,"{""type"":""MultiPoint"",""coordinates"":[]}"
326_0000000000000000001b,1921943668,164903351,41620,H1,035,01448031,482,A,49035,+40.6678828,-111.9242397,06,,G4020,Salt Lake,Salt Lake County,49,2022-10-23,1.2352544714509939,1666483200000,"{""type"":""MultiPoint"",""coordinates"":[]}"
327_0000000000000000001b,1921943668,164903351,41620,H1,035,01448031,482,A,49035,+40.6678828,-111.9242397,06,,G4020,Salt Lake,Salt Lake County,49,2022-10-24,-0.4472494519205766,1666569600000,"{""type"":""MultiPoint"",""coordinates"":[]}"
328_0000000000000000001b,1921943668,164903351,41620,H1,035,01448031,482,A,49035,+40.6678828,-111.9242397,06,,G4020,Salt Lake,Salt Lake County,49,2022-10-25,1.9769996868637656,1666656000000,"{""type"":""MultiPoint"",""coordinates"":[]}"
329_0000000000000000001b,1921943668,164903351,41620,H1,035,01448031,482,A,49035,+40.6678828,-111.9242397,06,,G4020,Salt Lake,Salt Lake County,49,2022-10-26,0.7689881573533122,1666742400000,"{""type"":""MultiPoint"",""coordinates"":[]}"
330_0000000000000000001b,1921943668,164903351,41620,H1,035,01448031,482,A,49035,+40.6678828,-111.9242397,06,,G4020,Salt Lake,Salt Lake County,49,2022-10-27,-1.2208892522110386,1666828800000,"{""type"":""MultiPoint"",""coordinates"":[]}"
331_0000000000000000001b,1921943668,164903351,41620,H1,035,01448031,482,A,49035,+40.6678828,-111.9242397,06,,G4020,Salt Lake,Salt Lake County,49,2022-10-28,-1.2747400055513556,1666915200000,"{""type"":""MultiPoint"",""coordinates"":[]}"
332_0000000000000000001b,1921943668,164903351,41620,H1,035,01448031,482,A,49035,+40.6678828,-111.9242397,06,,G4020,Salt Lake,Salt Lake County,49,2022-10-29,1.5749893659629228,1667001600000,"{""type"":""MultiPoint"",""coordinates"":[]}"
333_0000000000000000001b,1921943668,164903351,41620,H1,035,01448031,482,A,49035,+40.6678828,-111.9242397,06,,G4020,Salt Lake,Salt Lake County,49,2022-10-30,2.2986699220278264,1667088000000,"{""type"":""MultiPoint"",""coordinates"":[]}"
334_0000000000000000001b,1921943668,164903351,41620,H1,035,01448031,482,A,49035,+40.6678828,-111.9242397,06,,G4020,Salt Lake,Salt Lake County,49,2022-10-31,2.8260650776657306,1667174400000,"{""type"":""MultiPoint"",""coordinates"":[]}"
335_0000000000000000001b,1921943668,164903351,41620,H1,035,01448031,482,A,49035,+40.6678828,-111.9242397,06,,G4020,Salt Lake,Salt Lake County,49,2022-11-01,5.9863697912446545,1667260800000,"{""type"":""MultiPoint"",""coordinates"":[]}"
336_0000000000000000001b,1921943668,164903351,41620,H1,035,01448031,482,A,49035,+40.6678828,-111.9242397,06,,G4020,Salt Lake,Salt Lake County,49,2022-11-02,4.059203222926957,1667347200000,"{""type"":""MultiPoint"",""coordinates"":[]}"
337_0000000000000000001b,1921943668,164903351,41620,H1,035,01448031,482,A,49035,+40.6678828,-111.9242397,06,,G4020,Salt Lake,Salt Lake County,49,2022-11-03,-1.427610930705196,1667433600000,"{""type"":""MultiPoint"",""coordinates"":[]}"
338_0000000000000000001b,1921943668,164903351,41620,H1,035,01448031,482,A,49035,+40.6678828,-111.9242397,06,,G4020,Salt Lake,Salt Lake County,49,2022-11-04,-2.819143894142775,1667520000000,"{""type"":""MultiPoint"",""coordinates"":[]}"
339_0000000000000000001b,1921943668,164903351,41620,H1,035,01448031,482,A,49035,+40.6678828,-111.9242397,06,,G4020,Salt Lake,Salt Lake County,49,2022-11-05,1.318500921370384,1667606400000,"{""type"":""MultiPoint"",""coordinates"":[]}"
340_0000000000000000001b,1921943668,164903351,41620,H1,035,01448031,482,A,49035,+40.6678828,-111.9242397,06,,G4020,Salt Lake,Salt Lake County,49,2022-11-06,2.548466457317843,1667692800000,"{""type"":""MultiPoint"",""coordinates"":[]}"
341_0000000000000000001b,1921943668,164903351,41620,H1,035,01448031,482,A,49035,+40.6678828,-111.9242397,06,,G4020,Salt Lake,Salt Lake County,49,2022-11-07,6.87597902468064,1667779200000,"{""type"":""MultiPoint"",""coordinates"":[]}"
342_0000000000000000001b,1921943668,164903351,41620,H1,035,01448031,482,A,49035,+40.6678828,-111.9242397,06,,G4020,Salt Lake,Salt Lake County,49,2022-11-08,5.725009110886908,1667865600000,"{""type"":""MultiPoint"",""coordinates"":[]}"
343_0000000000000000001b,1921943668,164903351,41620,H1,035,01448031,482,A,49035,+40.6678828,-111.9242397,06,,G4020,Salt Lake,Salt Lake County,49,2022-11-09,2.8543611094448154,1667952000000,"{""type"":""MultiPoint"",""coordinates"":[]}"
344_0000000000000000001b,1921943668,164903351,41620,H1,035,01448031,482,A,49035,+40.6678828,-111.9242397,06,,G4020,Salt Lake,Salt Lake County,49,2022-11-10,-3.006554232748772,1668038400000,"{""type"":""MultiPoint"",""coordinates"":[]}"
345_0000000000000000001b,1921943668,164903351,41620,H1,035,01448031,482,A,49035,+40.6678828,-111.9242397,06,,G4020,Salt Lake,Salt Lake County,49,2022-11-11,-6.359723622945562,1668124800000,"{""type"":""MultiPoint"",""coordinates"":[]}"
346_0000000000000000001b,1921943668,164903351,41620,H1,035,01448031,482,A,49035,+40.6678828,-111.9242397,06,,G4020,Salt Lake,Salt Lake County,49,2022-11-12,-4.851357777003828,1668211200000,"{""type"":""MultiPoint"",""coordinates"":[]}"
347_0000000000000000001b,1921943668,164903351,41620,H1,035,01448031,482,A,49035,+40.6678828,-111.9242397,06,,G4020,Salt Lake,Salt Lake County,49,2022-11-13,-3.961908649886603,1668297600000,"{""type"":""MultiPoint"",""coordinates"":[]}"
348_0000000000000000001b,1921943668,164903351,41620,H1,035,01448031,482,A,49035,+40.6678828,-111.9242397,06,,G4020,Salt Lake,Salt Lake County,49,2022-11-14,-4.449687211014371,1668384000000,"{""type"":""MultiPoint"",""coordinates"":[]}"
349_0000000000000000001b,1921943668,164903351,41620,H1,035,01448031,482,A,49035,+40.6678828,-111.9242397,06,,G4020,Salt Lake,Salt Lake County,49,2022-11-15,-6.000083040884105,1668470400000,"{""type"":""MultiPoint"",""coordinates"":[]}"
350_0000000000000000001b,1921943668,164903351,41620,H1,035,01448031,482,A,49035,+40.6678828,-111.9242397,06,,G4020,Salt Lake,Salt Lake County,49,2022-11-16,-5.4494030186148565,1668556800000,"{""type"":""MultiPoint"",""coordinates"":[]}"
351_0000000000000000001b,1921943668,164903351,41620,H1,035,01448031,482,A,49035,+40.6678828,-111.9242397,06,,G4020,Salt Lake,Salt Lake County,49,2022-11-17,-4.248477711857166,1668643200000,"{""type"":""MultiPoint"",""coordinates"":[]}"
352_0000000000000000001b,1921943668,164903351,41620,H1,035,01448031,482,A,49035,+40.6678828,-111.9242397,06,,G4020,Salt Lake,Salt Lake County,49,2022-11-18,-3.789933853986195,1668729600000,"{""type"":""MultiPoint"",""coordinates"":[]}"
353_0000000000000000001b,1921943668,164903351,41620,H1,035,01448031,482,A,49035,+40.6678828,-111.9242397,06,,G4020,Salt Lake,Salt Lake County,49,2022-11-19,-6.130518054916654,1668816000000,"{""type"":""MultiPoint"",""coordinates"":[]}"
354_0000000000000000001b,1921943668,164903351,41620,H1,035,01448031,482,A,49035,+40.6678828,-111.9242397,06,,G4020,Salt Lake,Salt Lake County,49,2022-11-20,-5.351724473464784,1668902400000,"{""type"":""MultiPoint"",""coordinates"":[]}"
355_0000000000000000001b,1921943668,164903351,41620,H1,035,01448031,482,A,49035,+40.6678828,-111.9242397,06,,G4020,Salt Lake,Salt Lake County,49,2022-11-21,-3.901343132895834,1668988800000,"{""type"":""MultiPoint"",""coordinates"":[]}"
356_0000000000000000001b,1921943668,164903351,41620,H1,035,01448031,482,A,49035,+40.6678828,-111.9242397,06,,G4020,Salt Lake,Salt Lake County,49,2022-11-22,-3.710458942134982,1669075200000,"{""type"":""MultiPoint"",""coordinates"":[]}"
357_0000000000000000001b,1921943668,164903351,41620,H1,035,01448031,482,A,49035,+40.6678828,-111.9242397,06,,G4020,Salt Lake,Salt Lake County,49,2022-11-23,-1.997576007651986,1669161600000,"{""type"":""MultiPoint"",""coordinates"":[]}"
358_0000000000000000001b,1921943668,164903351,41620,H1,035,01448031,482,A,49035,+40.6678828,-111.9242397,06,,G4020,Salt Lake,Salt Lake County,49,2022-11-24,-3.0894080266192856,1669248000000,"{""type"":""MultiPoint"",""coordinates"":[]}"
359_0000000000000000001b,1921943668,164903351,41620,H1,035,01448031,482,A,49035,+40.6678828,-111.9242397,06,,G4020,Salt Lake,Salt Lake County,49,2022-11-25,-2.7850870333458873,1669334400000,"{""type"":""MultiPoint"",""coordinates"":[]}"
360_0000000000000000001b,1921943668,164903351,41620,H1,035,01448031,482,A,49035,+40.6678828,-111.9242397,06,,G4020,Salt Lake,Salt Lake County,49,2022-11-26,-1.270142898050195,1669420800000,"{""type"":""MultiPoint"",""coordinates"":[]}"
361_0000000000000000001b,1921943668,164903351,41620,H1,035,01448031,482,A,49035,+40.6678828,-111.9242397,06,,G4020,Salt Lake,Salt Lake County,49,2022-11-27,-1.5161893892810978,1669507200000,"{""type"":""MultiPoint"",""coordinates"":[]}"
362_0000000000000000001b,1921943668,164903351,41620,H1,035,01448031,482,A,49035,+40.6678828,-111.9242397,06,,G4020,Salt Lake,Salt Lake County,49,2022-11-28,-1.3629354781631298,1669593600000,"{""type"":""MultiPoint"",""coordinates"":[]}"
363_0000000000000000001b,1921943668,164903351,41620,H1,035,01448031,482,A,49035,+40.6678828,-111.9242397,06,,G4020,Salt Lake,Salt Lake County,49,2022-11-29,-6.845952889984069,1669680000000,"{""type"":""MultiPoint"",""coordinates"":[]}"
364_0000000000000000001b,1921943668,164903351,41620,H1,035,01448031,482,A,49035,+40.6678828,-111.9242397,06,,G4020,Salt Lake,Salt Lake County,49,2022-11-30,-8.37171570992092,1669766400000,"{""type"":""MultiPoint"",""coordinates"":[]}"
365_0000000000000000001b,1921943668,164903351,41620,H1,035,01448031,482,A,49035,+40.6678828,-111.9242397,06,,G4020,Salt Lake,Salt Lake County,49,2022-12-01,-3.66217101264919,1669852800000,"{""type"":""MultiPoint"",""coordinates"":[]}"
366_0000000000000000001b,1921943668,164903351,41620,H1,035,01448031,482,A,49035,+40.6678828,-111.9242397,06,,G4020,Salt Lake,Salt Lake County,49,2022-12-02,-1.6639606857845362,1669939200000,"{""type"":""MultiPoint"",""coordinates"":[]}"
367_0000000000000000001b,1921943668,164903351,41620,H1,035,01448031,482,A,49035,+40.6678828,-111.9242397,06,,G4020,Salt Lake,Salt Lake County,49,2022-12-03,-9.942614622029653,1670025600000,"{""type"":""MultiPoint"",""coordinates"":[]}"
368_0000000000000000001b,1921943668,164903351,41620,H1,035,01448031,482,A,49035,+40.6678828,-111.9242397,06,,G4020,Salt Lake,Salt Lake County,49,2022-12-04,-3.097027778534511,1670112000000,"{""type"":""MultiPoint"",""coordinates"":[]}"
369_0000000000000000001b,1921943668,164903351,41620,H1,035,01448031,482,A,49035,+40.6678828,-111.9242397,06,,G4020,Salt Lake,Salt Lake County,49,2022-12-05,0.03916120915740038,1670198400000,"{""type"":""MultiPoint"",""coordinates"":[]}"
370_0000000000000000001b,1921943668,164903351,41620,H1,035,01448031,482,A,49035,+40.6678828,-111.9242397,06,,G4020,Salt Lake,Salt Lake County,49,2022-12-06,-4.642448618483623,1670284800000,"{""type"":""MultiPoint"",""coordinates"":[]}"
371_0000000000000000001b,1921943668,164903351,41620,H1,035,01448031,482,A,49035,+40.6678828,-111.9242397,06,,G4020,Salt Lake,Salt Lake County,49,2022-12-07,-8.339786337441788,1670371200000,"{""type"":""MultiPoint"",""coordinates"":[]}"
372_0000000000000000001b,1921943668,164903351,41620,H1,035,01448031,482,A,49035,+40.6678828,-111.9242397,06,,G4020,Salt Lake,Salt Lake County,49,2022-12-08,-6.499896154917565,1670457600000,"{""type"":""MultiPoint"",""coordinates"":[]}"
373_0000000000000000001b,1921943668,164903351,41620,H1,035,01448031,482,A,49035,+40.6678828,-111.9242397,06,,G4020,Salt Lake,Salt Lake County,49,2022-12-09,-6.735199528713686,1670544000000,"{""type"":""MultiPoint"",""coordinates"":[]}"
374_0000000000000000001b,1921943668,164903351,41620,H1,035,01448031,482,A,49035,+40.6678828,-111.9242397,06,,G4020,Salt Lake,Salt Lake County,49,2022-12-10,-6.208880574486027,1670630400000,"{""type"":""MultiPoint"",""coordinates"":[]}"
375_0000000000000000001b,1921943668,164903351,41620,H1,035,01448031,482,A,49035,+40.6678828,-111.9242397,06,,G4020,Salt Lake,Salt Lake County,49,2022-12-11,-1.6949671889465476,1670716800000,"{""type"":""MultiPoint"",""coordinates"":[]}"
376_0000000000000000001b,1921943668,164903351,41620,H1,035,01448031,482,A,49035,+40.6678828,-111.9242397,06,,G4020,Salt Lake,Salt Lake County,49,2022-12-12,-2.7543292915587716,1670803200000,"{""type"":""MultiPoint"",""coordinates"":[]}"
377_0000000000000000001b,1921943668,164903351,41620,H1,035,01448031,482,A,49035,+40.6678828,-111.9242397,06,,G4020,Salt Lake,Salt Lake County,49,2022-12-13,-5.584896498949781,1670889600000,"{""type"":""MultiPoint"",""coordinates"":[]}"
378_0000000000000000001b,1921943668,164903351,41620,H1,035,01448031,482,A,49035,+40.6678828,-111.9242397,06,,G4020,Salt Lake,Salt Lake County,49,2022-12-14,-5.100960218968916,1670976000000,"{""type"":""MultiPoint"",""coordinates"":[]}"
379_0000000000000000001b,1921943668,164903351,41620,H1,035,01448031,482,A,49035,+40.6678828,-111.9242397,06,,G4020,Salt Lake,Salt Lake County,49,2022-12-15,-6.7724379165205315,1671062400000,"{""type"":""MultiPoint"",""coordinates"":[]}"
380_0000000000000000001b,1921943668,164903351,41620,H1,035,01448031,482,A,49035,+40.6678828,-111.9242397,06,,G4020,Salt Lake,Salt Lake County,49,2022-12-16,-9.954825866910205,1671148800000,"{""type"":""MultiPoint"",""coordinates"":[]}"
381_0000000000000000001b,1921943668,164903351,41620,H1,035,01448031,482,A,49035,+40.6678828,-111.9242397,06,,G4020,Salt Lake,Salt Lake County,49,2022-12-17,-13.108857848931885,1671235200000,"{""type"":""MultiPoint"",""coordinates"":[]}"
382_0000000000000000001b,1921943668,164903351,41620,H1,035,01448031,482,A,49035,+40.6678828,-111.9242397,06,,G4020,Salt Lake,Salt Lake County,49,2022-12-18,-12.189172956314758,1671321600000,"{""type"":""MultiPoint"",""coordinates"":[]}"
383_0000000000000000001b,1921943668,164903351,41620,H1,035,01448031,482,A,49035,+40.6678828,-111.9242397,06,,G4020,Salt Lake,Salt Lake County,49,2022-12-19,-9.654329313024403,1671408000000,"{""type"":""MultiPoint"",""coordinates"":[]}"
384_0000000000000000001b,1921943668,164903351,41620,H1,035,01448031,482,A,49035,+40.6678828,-111.9242397,06,,G4020,Salt Lake,Salt Lake County,49,2022-12-20,-8.297025090964771,1671494400000,"{""type"":""MultiPoint"",""coordinates"":[]}"
385_0000000000000000001b,1921943668,164903351,41620,H1,035,01448031,482,A,49035,+40.6678828,-111.9242397,06,,G4020,Salt Lake,Salt Lake County,49,2022-12-21,-3.6998653722934702,1671580800000,"{""type"":""MultiPoint"",""coordinates"":[]}"
386_0000000000000000001b,1921943668,164903351,41620,H1,035,01448031,482,A,49035,+40.6678828,-111.9242397,06,,G4020,Salt Lake,Salt Lake County,49,2022-12-22,-6.110699070688065,1671667200000,"{""type"":""MultiPoint"",""coordinates"":[]}"
387_0000000000000000001b,1921943668,164903351,41620,H1,035,01448031,482,A,49035,+40.6678828,-111.9242397,06,,G4020,Salt Lake,Salt Lake County,49,2022-12-23,-6.770052448249031,1671753600000,"{""type"":""MultiPoint"",""coordinates"":[]}"
388_0000000000000000001b,1921943668,164903351,41620,H1,035,01448031,482,A,49035,+40.6678828,-111.9242397,06,,G4020,Salt Lake,Salt Lake County,49,2022-12-24,-1.452815316072443,1671840000000,"{""type"":""MultiPoint"",""coordinates"":[]}"
389_0000000000000000001b,1921943668,164903351,41620,H1,035,01448031,482,A,49035,+40.6678828,-111.9242397,06,,G4020,Salt Lake,Salt Lake County,49,2022-12-25,-1.378750961623856,1671926400000,"{""type"":""MultiPoint"",""coordinates"":[]}"
390_0000000000000000001b,1921943668,164903351,41620,H1,035,01448031,482,A,49035,+40.6678828,-111.9242397,06,,G4020,Salt Lake,Salt Lake County,49,2022-12-26,-0.6384112806051636,1672012800000,"{""type"":""MultiPoint"",""coordinates"":[]}"
391_0000000000000000001b,1921943668,164903351,41620,H1,035,01448031,482,A,49035,+40.6678828,-111.9242397,06,,G4020,Salt Lake,Salt Lake County,49,2022-12-27,0.6874442563036713,1672099200000,"{""type"":""MultiPoint"",""coordinates"":[]}"
392_0000000000000000001b,1921943668,164903351,41620,H1,035,01448031,482,A,49035,+40.6678828,-111.9242397,06,,G4020,Salt Lake,Salt Lake County,49,2022-12-28,-0.2508578499214908,1672185600000,"{""type"":""MultiPoint"",""coordinates"":[]}"
393_0000000000000000001b,1921943668,164903351,41620,H1,035,01448031,482,A,49035,+40.6678828,-111.9242397,06,,G4020,Salt Lake,Salt Lake County,49,2022-12-29,-5.589676903655067,1672272000000,"{""type"":""MultiPoint"",""coordinates"":[]}"
394_0000000000000000001b,1921943668,164903351,41620,H1,035,01448031,482,A,49035,+40.6678828,-111.9242397,06,,G4020,Salt Lake,Salt Lake County,49,2022-12-30,-4.257458166832776,1672358400000,"{""type"":""MultiPoint"",""coordinates"":[]}"
395_0000000000000000001b,1921943668,164903351,41620,H1,035,01448031,482,A,49035,+40.6678828,-111.9242397,06,,G4020,Salt Lake,Salt Lake County,49,2022-12-31,0.8596775580657963,1672444800000,"{""type"":""MultiPoint"",""coordinates"":[]}"
396_0000000000000000001b,1921943668,164903351,41620,H1,035,01448031,482,A,49035,+40.6678828,-111.9242397,06,,G4020,Salt Lake,Salt Lake County,49,2023-01-01,-0.49087012331427243,1672531200000,"{""type"":""MultiPoint"",""coordinates"":[]}"
397_0000000000000000001b,1921943668,164903351,41620,H1,035,01448031,482,A,49035,+40.6678828,-111.9242397,06,,G4020,Salt Lake,Salt Lake County,49,2023-01-02,-3.665220139648534,1672617600000,"{""type"":""MultiPoint"",""coordinates"":[]}"
398_0000000000000000001b,1921943668,164903351,41620,H1,035,01448031,482,A,49035,+40.6678828,-111.9242397,06,,G4020,Salt Lake,Salt Lake County,49,2023-01-03,-5.562491872893871,1672704000000,"{""type"":""MultiPoint"",""coordinates"":[]}"
399_0000000000000000001b,1921943668,164903351,41620,H1,035,01448031,482,A,49035,+40.6678828,-111.9242397,06,,G4020,Salt Lake,Salt Lake County,49,2023-01-04,-8.368809188384327,1672790400000,"{""type"":""MultiPoint"",""coordinates"":[]}"
400_0000000000000000001b,1921943668,164903351,41620,H1,035,01448031,482,A,49035,+40.6678828,-111.9242397,06,,G4020,Salt Lake,Salt Lake County,49,2023-01-05,-4.949624409673301,1672876800000,"{""type"":""MultiPoint"",""coordinates"":[]}"
401_0000000000000000001b,1921943668,164903351,41620,H1,035,01448031,482,A,49035,+40.6678828,-111.9242397,06,,G4020,Salt Lake,Salt Lake County,49,2023-01-06,-1.8660659418938097,1672963200000,"{""type"":""MultiPoint"",""coordinates"":[]}"
402_0000000000000000001b,1921943668,164903351,41620,H1,035,01448031,482,A,49035,+40.6678828,-111.9242397,06,,G4020,Salt Lake,Salt Lake County,49,2023-01-07,-2.8296448916324537,1673049600000,"{""type"":""MultiPoint"",""coordinates"":[]}"
403_0000000000000000001b,1921943668,164903351,41620,H1,035,01448031,482,A,49035,+40.6678828,-111.9242397,06,,G4020,Salt Lake,Salt Lake County,49,2023-01-08,-4.430542681816342,1673136000000,"{""type"":""MultiPoint"",""coordinates"":[]}"
404_0000000000000000001b,1921943668,164903351,41620,H1,035,01448031,482,A,49035,+40.6678828,-111.9242397,06,,G4020,Salt Lake,Salt Lake County,49,2023-01-09,-3.2557414111717913,1673222400000,"{""type"":""MultiPoint"",""coordinates"":[]}"
405_0000000000000000001b,1921943668,164903351,41620,H1,035,01448031,482,A,49035,+40.6678828,-111.9242397,06,,G4020,Salt Lake,Salt Lake County,49,2023-01-10,0.9480162024327687,1673308800000,"{""type"":""MultiPoint"",""coordinates"":[]}"
406_0000000000000000001b,1921943668,164903351,41620,H1,035,01448031,482,A,49035,+40.6678828,-111.9242397,06,,G4020,Salt Lake,Salt Lake County,49,2023-01-11,-0.592447905388094,1673395200000,"{""type"":""MultiPoint"",""coordinates"":[]}"
407_0000000000000000001b,1921943668,164903351,41620,H1,035,01448031,482,A,49035,+40.6678828,-111.9242397,06,,G4020,Salt Lake,Salt Lake County,49,2023-01-12,-3.8315879901818493,1673481600000,"{""type"":""MultiPoint"",""coordinates"":[]}"
408_0000000000000000001b,1921943668,164903351,41620,H1,035,01448031,482,A,49035,+40.6678828,-111.9242397,06,,G4020,Salt Lake,Salt Lake County,49,2023-01-13,-2.878793598551588,1673568000000,"{""type"":""MultiPoint"",""coordinates"":[]}"
409_0000000000000000001b,1921943668,164903351,41620,H1,035,01448031,482,A,49035,+40.6678828,-111.9242397,06,,G4020,Salt Lake,Salt Lake County,49,2023-01-14,-1.1635289444602501,1673654400000,"{""type"":""MultiPoint"",""coordinates"":[]}"
410_0000000000000000001b,1921943668,164903351,41620,H1,035,01448031,482,A,49035,+40.6678828,-111.9242397,06,,G4020,Salt Lake,Salt Lake County,49,2023-01-15,-0.987190272231619,1673740800000,"{""type"":""MultiPoint"",""coordinates"":[]}"
411_0000000000000000001b,1921943668,164903351,41620,H1,035,01448031,482,A,49035,+40.6678828,-111.9242397,06,,G4020,Salt Lake,Salt Lake County,49,2023-01-16,-2.6777380432579765,1673827200000,"{""type"":""MultiPoint"",""coordinates"":[]}"
412_0000000000000000001b,1921943668,164903351,41620,H1,035,01448031,482,A,49035,+40.6678828,-111.9242397,06,,G4020,Salt Lake,Salt Lake County,49,2023-01-17,-3.216035146535871,1673913600000,"{""type"":""MultiPoint"",""coordinates"":[]}"
413_0000000000000000001b,1921943668,164903351,41620,H1,035,01448031,482,A,49035,+40.6678828,-111.9242397,06,,G4020,Salt Lake,Salt Lake County,49,2023-01-18,-5.271009860495791,1674000000000,"{""type"":""MultiPoint"",""coordinates"":[]}"
414_0000000000000000001b,1921943668,164903351,41620,H1,035,01448031,482,A,49035,+40.6678828,-111.9242397,06,,G4020,Salt Lake,Salt Lake County,49,2023-01-19,-6.934252930597038,1674086400000,"{""type"":""MultiPoint"",""coordinates"":[]}"
415_0000000000000000001b,1921943668,164903351,41620,H1,035,01448031,482,A,49035,+40.6678828,-111.9242397,06,,G4020,Salt Lake,Salt Lake County,49,2023-01-20,-6.284242057709315,1674172800000,"{""type"":""MultiPoint"",""coordinates"":[]}"
416_0000000000000000001b,1921943668,164903351,41620,H1,035,01448031,482,A,49035,+40.6678828,-111.9242397,06,,G4020,Salt Lake,Salt Lake County,49,2023-01-21,-8.094358136418524,1674259200000,"{""type"":""MultiPoint"",""coordinates"":[]}"
417_0000000000000000001b,1921943668,164903351,41620,H1,035,01448031,482,A,49035,+40.6678828,-111.9242397,06,,G4020,Salt Lake,Salt Lake County,49,2023-01-22,-9.323328111691282,1674345600000,"{""type"":""MultiPoint"",""coordinates"":[]}"
418_0000000000000000001b,1921943668,164903351,41620,H1,035,01448031,482,A,49035,+40.6678828,-111.9242397,06,,G4020,Salt Lake,Salt Lake County,49,2023-01-23,-9.759261895226567,1674432000000,"{""type"":""MultiPoint"",""coordinates"":[]}"
419_0000000000000000001b,1921943668,164903351,41620,H1,035,01448031,482,A,49035,+40.6678828,-111.9242397,06,,G4020,Salt Lake,Salt Lake County,49,2023-01-24,-8.070758277300008,1674518400000,"{""type"":""MultiPoint"",""coordinates"":[]}"
420_0000000000000000001b,1921943668,164903351,41620,H1,035,01448031,482,A,49035,+40.6678828,-111.9242397,06,,G4020,Salt Lake,Salt Lake County,49,2023-01-25,-7.138430553467182,1674604800000,"{""type"":""MultiPoint"",""coordinates"":[]}"
421_0000000000000000001b,1921943668,164903351,41620,H1,035,01448031,482,A,49035,+40.6678828,-111.9242397,06,,G4020,Salt Lake,Salt Lake County,49,2023-01-26,-7.169470377473166,1674691200000,"{""type"":""MultiPoint"",""coordinates"":[]}"
422_0000000000000000001b,1921943668,164903351,41620,H1,035,01448031,482,A,49035,+40.6678828,-111.9242397,06,,G4020,Salt Lake,Salt Lake County,49,2023-01-27,-4.97395654586477,1674777600000,"{""type"":""MultiPoint"",""coordinates"":[]}"
423_0000000000000000001b,1921943668,164903351,41620,H1,035,01448031,482,A,49035,+40.6678828,-111.9242397,06,,G4020,Salt Lake,Salt Lake County,49,2023-01-28,-3.822724402286221,1674864000000,"{""type"":""MultiPoint"",""coordinates"":[]}"
424_0000000000000000001b,1921943668,164903351,41620,H1,035,01448031,482,A,49035,+40.6678828,-111.9242397,06,,G4020,Salt Lake,Salt Lake County,49,2023-01-29,-5.374625364348133,1674950400000,"{""type"":""MultiPoint"",""coordinates"":[]}"
425_0000000000000000001b,1921943668,164903351,41620,H1,035,01448031,482,A,49035,+40.6678828,-111.9242397,06,,G4020,Salt Lake,Salt Lake County,49,2023-01-30,-12.491128721041601,1675036800000,"{""type"":""MultiPoint"",""coordinates"":[]}"
426_0000000000000000001b,1921943668,164903351,41620,H1,035,01448031,482,A,49035,+40.6678828,-111.9242397,06,,G4020,Salt Lake,Salt Lake County,49,2023-01-31,-15.843762822076123,1675123200000,"{""type"":""MultiPoint"",""coordinates"":[]}"
427_0000000000000000001b,1921943668,164903351,41620,H1,035,01448031,482,A,49035,+40.6678828,-111.9242397,06,,G4020,Salt Lake,Salt Lake County,49,2023-02-01,-12.511070557622931,1675209600000,"{""type"":""MultiPoint"",""coordinates"":[]}"
428_0000000000000000001b,1921943668,164903351,41620,H1,035,01448031,482,A,49035,+40.6678828,-111.9242397,06,,G4020,Salt Lake,Salt Lake County,49,2023-02-02,-8.496935211458126,1675296000000,"{""type"":""MultiPoint"",""coordinates"":[]}"
429_0000000000000000001b,1921943668,164903351,41620,H1,035,01448031,482,A,49035,+40.6678828,-111.9242397,06,,G4020,Salt Lake,Salt Lake County,49,2023-02-03,-7.800166324802815,1675382400000,"{""type"":""MultiPoint"",""coordinates"":[]}"
430_0000000000000000001b,1921943668,164903351,41620,H1,035,01448031,482,A,49035,+40.6678828,-111.9242397,06,,G4020,Salt Lake,Salt Lake County,49,2023-02-04,-4.276304234080366,1675468800000,"{""type"":""MultiPoint"",""coordinates"":[]}"
431_0000000000000000001b,1921943668,164903351,41620,H1,035,01448031,482,A,49035,+40.6678828,-111.9242397,06,,G4020,Salt Lake,Salt Lake County,49,2023-02-05,-4.0437437700554275,1675555200000,"{""type"":""MultiPoint"",""coordinates"":[]}"
432_0000000000000000001b,1921943668,164903351,41620,H1,035,01448031,482,A,49035,+40.6678828,-111.9242397,06,,G4020,Salt Lake,Salt Lake County,49,2023-02-06,-4.434197415746142,1675641600000,"{""type"":""MultiPoint"",""coordinates"":[]}"
433_0000000000000000001b,1921943668,164903351,41620,H1,035,01448031,482,A,49035,+40.6678828,-111.9242397,06,,G4020,Salt Lake,Salt Lake County,49,2023-02-07,-5.075075790594436,1675728000000,"{""type"":""MultiPoint"",""coordinates"":[]}"
434_0000000000000000001b,1921943668,164903351,41620,H1,035,01448031,482,A,49035,+40.6678828,-111.9242397,06,,G4020,Salt Lake,Salt Lake County,49,2023-02-08,-4.701404125484649,1675814400000,"{""type"":""MultiPoint"",""coordinates"":[]}"
435_0000000000000000001b,1921943668,164903351,41620,H1,035,01448031,482,A,49035,+40.6678828,-111.9242397,06,,G4020,Salt Lake,Salt Lake County,49,2023-02-09,-7.019420987603526,1675900800000,"{""type"":""MultiPoint"",""coordinates"":[]}"
436_0000000000000000001b,1921943668,164903351,41620,H1,035,01448031,482,A,49035,+40.6678828,-111.9242397,06,,G4020,Salt Lake,Salt Lake County,49,2023-02-10,-6.429920571272158,1675987200000,"{""type"":""MultiPoint"",""coordinates"":[]}"
437_0000000000000000001b,1921943668,164903351,41620,H1,035,01448031,482,A,49035,+40.6678828,-111.9242397,06,,G4020,Salt Lake,Salt Lake County,49,2023-02-11,-5.472431878311357,1676073600000,"{""type"":""MultiPoint"",""coordinates"":[]}"
438_0000000000000000001b,1921943668,164903351,41620,H1,035,01448031,482,A,49035,+40.6678828,-111.9242397,06,,G4020,Salt Lake,Salt Lake County,49,2023-02-12,-2.8959560228746914,1676160000000,"{""type"":""MultiPoint"",""coordinates"":[]}"
439_0000000000000000001b,1921943668,164903351,41620,H1,035,01448031,482,A,49035,+40.6678828,-111.9242397,06,,G4020,Salt Lake,Salt Lake County,49,2023-02-13,-3.9682619259478837,1676246400000,"{""type"":""MultiPoint"",""coordinates"":[]}"
440_0000000000000000001b,1921943668,164903351,41620,H1,035,01448031,482,A,49035,+40.6678828,-111.9242397,06,,G4020,Salt Lake,Salt Lake County,49,2023-02-14,-5.569382553027802,1676332800000,"{""type"":""MultiPoint"",""coordinates"":[]}"
441_0000000000000000001b,1921943668,164903351,41620,H1,035,01448031,482,A,49035,+40.6678828,-111.9242397,06,,G4020,Salt Lake,Salt Lake County,49,2023-02-15,-10.01383735900498,1676419200000,"{""type"":""MultiPoint"",""coordinates"":[]}"
442_0000000000000000001b,1921943668,164903351,41620,H1,035,01448031,482,A,49035,+40.6678828,-111.9242397,06,,G4020,Salt Lake,Salt Lake County,49,2023-02-16,-9.772507912849978,1676505600000,"{""type"":""MultiPoint"",""coordinates"":[]}"
443_0000000000000000001b,1921943668,164903351,41620,H1,035,01448031,482,A,49035,+40.6678828,-111.9242397,06,,G4020,Salt Lake,Salt Lake County,49,2023-02-17,-8.382810820405316,1676592000000,"{""type"":""MultiPoint"",""coordinates"":[]}"
444_0000000000000000001b,1921943668,164903351,41620,H1,035,01448031,482,A,49035,+40.6678828,-111.9242397,06,,G4020,Salt Lake,Salt Lake County,49,2023-02-18,-6.8037722475254485,1676678400000,"{""type"":""MultiPoint"",""coordinates"":[]}"
445_0000000000000000001b,1921943668,164903351,41620,H1,035,01448031,482,A,49035,+40.6678828,-111.9242397,06,,G4020,Salt Lake,Salt Lake County,49,2023-02-19,-2.9014718264469033,1676764800000,"{""type"":""MultiPoint"",""coordinates"":[]}"
446_0000000000000000001b,1921943668,164903351,41620,H1,035,01448031,482,A,49035,+40.6678828,-111.9242397,06,,G4020,Salt Lake,Salt Lake County,49,2023-02-20,-2.14377452211828,1676851200000,"{""type"":""MultiPoint"",""coordinates"":[]}"
447_0000000000000000001b,1921943668,164903351,41620,H1,035,01448031,482,A,49035,+40.6678828,-111.9242397,06,,G4020,Salt Lake,Salt Lake County,49,2023-02-21,-1.4728266916561321,1676937600000,"{""type"":""MultiPoint"",""coordinates"":[]}"
448_0000000000000000001b,1921943668,164903351,41620,H1,035,01448031,482,A,49035,+40.6678828,-111.9242397,06,,G4020,Salt Lake,Salt Lake County,49,2023-02-22,-5.011808682624967,1677024000000,"{""type"":""MultiPoint"",""coordinates"":[]}"
449_0000000000000000001b,1921943668,164903351,41620,H1,035,01448031,482,A,49035,+40.6678828,-111.9242397,06,,G4020,Salt Lake,Salt Lake County,49,2023-02-23,-9.17869371296849,1677110400000,"{""type"":""MultiPoint"",""coordinates"":[]}"
450_0000000000000000001b,1921943668,164903351,41620,H1,035,01448031,482,A,49035,+40.6678828,-111.9242397,06,,G4020,Salt Lake,Salt Lake County,49,2023-02-24,-8.332282566694486,1677196800000,"{""type"":""MultiPoint"",""coordinates"":[]}"
451_0000000000000000001b,1921943668,164903351,41620,H1,035,01448031,482,A,49035,+40.6678828,-111.9242397,06,,G4020,Salt Lake,Salt Lake County,49,2023-02-25,-6.390638233561351,1677283200000,"{""type"":""MultiPoint"",""coordinates"":[]}"
452_0000000000000000001b,1921943668,164903351,41620,H1,035,01448031,482,A,49035,+40.6678828,-111.9242397,06,,G4020,Salt Lake,Salt Lake County,49,2023-02-26,-3.468650900459174,1677369600000,"{""type"":""MultiPoint"",""coordinates"":[]}"
453_0000000000000000001b,1921943668,164903351,41620,H1,035,01448031,482,A,49035,+40.6678828,-111.9242397,06,,G4020,Salt Lake,Salt Lake County,49,2023-02-27,-2.7965714788914195,1677456000000,"{""type"":""MultiPoint"",""coordinates"":[]}"
454_0000000000000000001b,1921943668,164903351,41620,H1,035,01448031,482,A,49035,+40.6678828,-111.9242397,06,,G4020,Salt Lake,Salt Lake County,49,2023-02-28,-3.8807624072873654,1677542400000,"{""type"":""MultiPoint"",""coordinates"":[]}"
455_0000000000000000001b,1921943668,164903351,41620,H1,035,01448031,482,A,49035,+40.6678828,-111.9242397,06,,G4020,Salt Lake,Salt Lake County,49,2023-03-01,-5.009560569468464,1677628800000,"{""type"":""MultiPoint"",""coordinates"":[]}"
456_0000000000000000001b,1921943668,164903351,41620,H1,035,01448031,482,A,49035,+40.6678828,-111.9242397,06,,G4020,Salt Lake,Salt Lake County,49,2023-03-02,-5.496156659214938,1677715200000,"{""type"":""MultiPoint"",""coordinates"":[]}"
457_0000000000000000001b,1921943668,164903351,41620,H1,035,01448031,482,A,49035,+40.6678828,-111.9242397,06,,G4020,Salt Lake,Salt Lake County,49,2023-03-03,-4.638941473681165,1677801600000,"{""type"":""MultiPoint"",""coordinates"":[]}"
458_0000000000000000001b,1921943668,164903351,41620,H1,035,01448031,482,A,49035,+40.6678828,-111.9242397,06,,G4020,Salt Lake,Salt Lake County,49,2023-03-04,-5.911709562891919,1677888000000,"{""type"":""MultiPoint"",""coordinates"":[]}"
459_0000000000000000001b,1921943668,164903351,41620,H1,035,01448031,482,A,49035,+40.6678828,-111.9242397,06,,G4020,Salt Lake,Salt Lake County,49,2023-03-05,-3.2861015941963525,1677974400000,"{""type"":""MultiPoint"",""coordinates"":[]}"
460_0000000000000000001b,1921943668,164903351,41620,H1,035,01448031,482,A,49035,+40.6678828,-111.9242397,06,,G4020,Salt Lake,Salt Lake County,49,2023-03-06,-3.7896245420689456,1678060800000,"{""type"":""MultiPoint"",""coordinates"":[]}"
461_0000000000000000001b,1921943668,164903351,41620,H1,035,01448031,482,A,49035,+40.6678828,-111.9242397,06,,G4020,Salt Lake,Salt Lake County,49,2023-03-07,-5.583947663859727,1678147200000,"{""type"":""MultiPoint"",""coordinates"":[]}"
462_0000000000000000001b,1921943668,164903351,41620,H1,035,01448031,482,A,49035,+40.6678828,-111.9242397,06,,G4020,Salt Lake,Salt Lake County,49,2023-03-08,-5.165626026530098,1678233600000,"{""type"":""MultiPoint"",""coordinates"":[]}"
463_0000000000000000001b,1921943668,164903351,41620,H1,035,01448031,482,A,49035,+40.6678828,-111.9242397,06,,G4020,Salt Lake,Salt Lake County,49,2023-03-09,-4.055900400550097,1678320000000,"{""type"":""MultiPoint"",""coordinates"":[]}"
464_0000000000000000001b,1921943668,164903351,41620,H1,035,01448031,482,A,49035,+40.6678828,-111.9242397,06,,G4020,Salt Lake,Salt Lake County,49,2023-03-10,0.16845106707908575,1678406400000,"{""type"":""MultiPoint"",""coordinates"":[]}"
465_0000000000000000001b,1921943668,164903351,41620,H1,035,01448031,482,A,49035,+40.6678828,-111.9242397,06,,G4020,Salt Lake,Salt Lake County,49,2023-03-11,-0.6401928906674726,1678492800000,"{""type"":""MultiPoint"",""coordinates"":[]}"
466_0000000000000000001b,1921943668,164903351,41620,H1,035,01448031,482,A,49035,+40.6678828,-111.9242397,06,,G4020,Salt Lake,Salt Lake County,49,2023-03-12,-0.3858951343032275,1678579200000,"{""type"":""MultiPoint"",""coordinates"":[]}"
467_0000000000000000001b,1921943668,164903351,41620,H1,035,01448031,482,A,49035,+40.6678828,-111.9242397,06,,G4020,Salt Lake,Salt Lake County,49,2023-03-13,-0.6073374914224594,1678665600000,"{""type"":""MultiPoint"",""coordinates"":[]}"
468_0000000000000000001b,1921943668,164903351,41620,H1,035,01448031,482,A,49035,+40.6678828,-111.9242397,06,,G4020,Salt Lake,Salt Lake County,49,2023-03-14,1.2023126446638193,1678752000000,"{""type"":""MultiPoint"",""coordinates"":[]}"
469_0000000000000000001b,1921943668,164903351,41620,H1,035,01448031,482,A,49035,+40.6678828,-111.9242397,06,,G4020,Salt Lake,Salt Lake County,49,2023-03-15,2.845804192284281,1678838400000,"{""type"":""MultiPoint"",""coordinates"":[]}"
470_0000000000000000001b,1921943668,164903351,41620,H1,035,01448031,482,A,49035,+40.6678828,-111.9242397,06,,G4020,Salt Lake,Salt Lake County,49,2023-03-16,-2.949423026219949,1678924800000,"{""type"":""MultiPoint"",""coordinates"":[]}"
471_0000000000000000001b,1921943668,164903351,41620,H1,035,01448031,482,A,49035,+40.6678828,-111.9242397,06,,G4020,Salt Lake,Salt Lake County,49,2023-03-17,-4.284654000627447,1679011200000,"{""type"":""MultiPoint"",""coordinates"":[]}"
472_0000000000000000001b,1921943668,164903351,41620,H1,035,01448031,482,A,49035,+40.6678828,-111.9242397,06,,G4020,Salt Lake,Salt Lake County,49,2023-03-18,-4.352164026277636,1679097600000,"{""type"":""MultiPoint"",""coordinates"":[]}"
473_0000000000000000001b,1921943668,164903351,41620,H1,035,01448031,482,A,49035,+40.6678828,-111.9242397,06,,G4020,Salt Lake,Salt Lake County,49,2023-03-19,-3.417052795162739,1679184000000,"{""type"":""MultiPoint"",""coordinates"":[]}"
474_0000000000000000001b,1921943668,164903351,41620,H1,035,01448031,482,A,49035,+40.6678828,-111.9242397,06,,G4020,Salt Lake,Salt Lake County,49,2023-03-20,-0.277459296397935,1679270400000,"{""type"":""MultiPoint"",""coordinates"":[]}"
475_0000000000000000001b,1921943668,164903351,41620,H1,035,01448031,482,A,49035,+40.6678828,-111.9242397,06,,G4020,Salt Lake,Salt Lake County,49,2023-03-21,-2.030530679800057,1679356800000,"{""type"":""MultiPoint"",""coordinates"":[]}"
476_0000000000000000001b,1921943668,164903351,41620,H1,035,01448031,482,A,49035,+40.6678828,-111.9242397,06,,G4020,Salt Lake,Salt Lake County,49,2023-03-22,-0.34563719731712345,1679443200000,"{""type"":""MultiPoint"",""coordinates"":[]}"
477_0000000000000000001b,1921943668,164903351,41620,H1,035,01448031,482,A,49035,+40.6678828,-111.9242397,06,,G4020,Salt Lake,Salt Lake County,49,2023-03-23,-1.3239344893834093,1679529600000,"{""type"":""MultiPoint"",""coordinates"":[]}"
478_0000000000000000001b,1921943668,164903351,41620,H1,035,01448031,482,A,49035,+40.6678828,-111.9242397,06,,G4020,Salt Lake,Salt Lake County,49,2023-03-24,-2.744557324010622,1679616000000,"{""type"":""MultiPoint"",""coordinates"":[]}"
479_0000000000000000001b,1921943668,164903351,41620,H1,035,01448031,482,A,49035,+40.6678828,-111.9242397,06,,G4020,Salt Lake,Salt Lake County,49,2023-03-25,-6.247748928770404,1679702400000,"{""type"":""MultiPoint"",""coordinates"":[]}"
480_0000000000000000001b,1921943668,164903351,41620,H1,035,01448031,482,A,49035,+40.6678828,-111.9242397,06,,G4020,Salt Lake,Salt Lake County,49,2023-03-26,-7.481280674022532,1679788800000,"{""type"":""MultiPoint"",""coordinates"":[]}"
481_0000000000000000001b,1921943668,164903351,41620,H1,035,01448031,482,A,49035,+40.6678828,-111.9242397,06,,G4020,Salt Lake,Salt Lake County,49,2023-03-27,-6.794820971800452,1679875200000,"{""type"":""MultiPoint"",""coordinates"":[]}"
482_0000000000000000001b,1921943668,164903351,41620,H1,035,01448031,482,A,49035,+40.6678828,-111.9242397,06,,G4020,Salt Lake,Salt Lake County,49,2023-03-28,-5.893248319102839,1679961600000,"{""type"":""MultiPoint"",""coordinates"":[]}"
483_0000000000000000001b,1921943668,164903351,41620,H1,035,01448031,482,A,49035,+40.6678828,-111.9242397,06,,G4020,Salt Lake,Salt Lake County,49,2023-03-29,-0.30019771555915165,1680048000000,"{""type"":""MultiPoint"",""coordinates"":[]}"
484_0000000000000000001b,1921943668,164903351,41620,H1,035,01448031,482,A,49035,+40.6678828,-111.9242397,06,,G4020,Salt Lake,Salt Lake County,49,2023-03-30,-0.47659814859150335,1680134400000,"{""type"":""MultiPoint"",""coordinates"":[]}"
485_0000000000000000001b,1921943668,164903351,41620,H1,035,01448031,482,A,49035,+40.6678828,-111.9242397,06,,G4020,Salt Lake,Salt Lake County,49,2023-03-31,-2.0023747782054424,1680220800000,"{""type"":""MultiPoint"",""coordinates"":[]}"
486_0000000000000000001b,1921943668,164903351,41620,H1,035,01448031,482,A,49035,+40.6678828,-111.9242397,06,,G4020,Salt Lake,Salt Lake County,49,2023-04-01,-0.8652438324294535,1680307200000,"{""type"":""MultiPoint"",""coordinates"":[]}"
487_0000000000000000001b,1921943668,164903351,41620,H1,035,01448031,482,A,49035,+40.6678828,-111.9242397,06,,G4020,Salt Lake,Salt Lake County,49,2023-04-02,2.8585132531569672,1680393600000,"{""type"":""MultiPoint"",""coordinates"":[]}"
488_0000000000000000001b,1921943668,164903351,41620,H1,035,01448031,482,A,49035,+40.6678828,-111.9242397,06,,G4020,Salt Lake,Salt Lake County,49,2023-04-03,-0.4404668728851364,1680480000000,"{""type"":""MultiPoint"",""coordinates"":[]}"
489_0000000000000000001b,1921943668,164903351,41620,H1,035,01448031,482,A,49035,+40.6678828,-111.9242397,06,,G4020,Salt Lake,Salt Lake County,49,2023-04-04,-5.253818975656867,1680566400000,"{""type"":""MultiPoint"",""coordinates"":[]}"
490_0000000000000000001b,1921943668,164903351,41620,H1,035,01448031,482,A,49035,+40.6678828,-111.9242397,06,,G4020,Salt Lake,Salt Lake County,49,2023-04-05,-5.446733514388265,1680652800000,"{""type"":""MultiPoint"",""coordinates"":[]}"
491_0000000000000000001b,1921943668,164903351,41620,H1,035,01448031,482,A,49035,+40.6678828,-111.9242397,06,,G4020,Salt Lake,Salt Lake County,49,2023-04-06,-6.147645701097747,1680739200000,"{""type"":""MultiPoint"",""coordinates"":[]}"
492_0000000000000000001b,1921943668,164903351,41620,H1,035,01448031,482,A,49035,+40.6678828,-111.9242397,06,,G4020,Salt Lake,Salt Lake County,49,2023-04-07,-3.108660894311128,1680825600000,"{""type"":""MultiPoint"",""coordinates"":[]}"
493_0000000000000000001b,1921943668,164903351,41620,H1,035,01448031,482,A,49035,+40.6678828,-111.9242397,06,,G4020,Salt Lake,Salt Lake County,49,2023-04-08,3.7785376403692403,1680912000000,"{""type"":""MultiPoint"",""coordinates"":[]}"
494_0000000000000000001b,1921943668,164903351,41620,H1,035,01448031,482,A,49035,+40.6678828,-111.9242397,06,,G4020,Salt Lake,Salt Lake County,49,2023-04-09,4.454272509689973,1680998400000,"{""type"":""MultiPoint"",""coordinates"":[]}"
495_0000000000000000001b,1921943668,164903351,41620,H1,035,01448031,482,A,49035,+40.6678828,-111.9242397,06,,G4020,Salt Lake,Salt Lake County,49,2023-04-10,4.679840623803768,1681084800000,"{""type"":""MultiPoint"",""coordinates"":[]}"
496_0000000000000000001b,1921943668,164903351,41620,H1,035,01448031,482,A,49035,+40.6678828,-111.9242397,06,,G4020,Salt Lake,Salt Lake County,49,2023-04-11,5.770897972896447,1681171200000,"{""type"":""MultiPoint"",""coordinates"":[]}"
497_0000000000000000001b,1921943668,164903351,41620,H1,035,01448031,482,A,49035,+40.6678828,-111.9242397,06,,G4020,Salt Lake,Salt Lake County,49,2023-04-12,8.485093717161243,1681257600000,"{""type"":""MultiPoint"",""coordinates"":[]}"
498_0000000000000000001b,1921943668,164903351,41620,H1,035,01448031,482,A,49035,+40.6678828,-111.9242397,06,,G4020,Salt Lake,Salt Lake County,49,2023-04-13,3.7673364649287646,1681344000000,"{""type"":""MultiPoint"",""coordinates"":[]}"
499_0000000000000000001b,1921943668,164903351,41620,H1,035,01448031,482,A,49035,+40.6678828,-111.9242397,06,,G4020,Salt Lake,Salt Lake County,49,2023-04-14,-0.02257950018288364,1681430400000,"{""type"":""MultiPoint"",""coordinates"":[]}"
500_0000000000000000001b,1921943668,164903351,41620,H1,035,01448031,482,A,49035,+40.6678828,-111.9242397,06,,G4020,Salt Lake,Salt Lake County,49,2023-04-15,1.163313151747512,1681516800000,"{""type"":""MultiPoint"",""coordinates"":[]}"
501_0000000000000000001b,1921943668,164903351,41620,H1,035,01448031,482,A,49035,+40.6678828,-111.9242397,06,,G4020,Salt Lake,Salt Lake County,49,2023-04-16,3.655849966868731,1681603200000,"{""type"":""MultiPoint"",""coordinates"":[]}"
502_0000000000000000001b,1921943668,164903351,41620,H1,035,01448031,482,A,49035,+40.6678828,-111.9242397,06,,G4020,Salt Lake,Salt Lake County,49,2023-04-17,6.7707908610361,1681689600000,"{""type"":""MultiPoint"",""coordinates"":[]}"
503_0000000000000000001b,1921943668,164903351,41620,H1,035,01448031,482,A,49035,+40.6678828,-111.9242397,06,,G4020,Salt Lake,Salt Lake County,49,2023-04-18,6.527548786794595,1681776000000,"{""type"":""MultiPoint"",""coordinates"":[]}"
504_0000000000000000001b,1921943668,164903351,41620,H1,035,01448031,482,A,49035,+40.6678828,-111.9242397,06,,G4020,Salt Lake,Salt Lake County,49,2023-04-19,-1.156089763977879,1681862400000,"{""type"":""MultiPoint"",""coordinates"":[]}"
505_0000000000000000001b,1921943668,164903351,41620,H1,035,01448031,482,A,49035,+40.6678828,-111.9242397,06,,G4020,Salt Lake,Salt Lake County,49,2023-04-20,-0.20458889707927896,1681948800000,"{""type"":""MultiPoint"",""coordinates"":[]}"
506_0000000000000000001b,1921943668,164903351,41620,H1,035,01448031,482,A,49035,+40.6678828,-111.9242397,06,,G4020,Salt Lake,Salt Lake County,49,2023-04-21,-0.028345169518503698,1682035200000,"{""type"":""MultiPoint"",""coordinates"":[]}"
507_0000000000000000001b,1921943668,164903351,41620,H1,035,01448031,482,A,49035,+40.6678828,-111.9242397,06,,G4020,Salt Lake,Salt Lake County,49,2023-04-22,2.622355833949532,1682121600000,"{""type"":""MultiPoint"",""coordinates"":[]}"
508_0000000000000000001b,1921943668,164903351,41620,H1,035,01448031,482,A,49035,+40.6678828,-111.9242397,06,,G4020,Salt Lake,Salt Lake County,49,2023-04-23,3.0352689220044913,1682208000000,"{""type"":""MultiPoint"",""coordinates"":[]}"
509_0000000000000000001b,1921943668,164903351,41620,H1,035,01448031,482,A,49035,+40.6678828,-111.9242397,06,,G4020,Salt Lake,Salt Lake County,49,2023-04-24,4.997502917361154,1682294400000,"{""type"":""MultiPoint"",""coordinates"":[]}"
510_0000000000000000001b,1921943668,164903351,41620,H1,035,01448031,482,A,49035,+40.6678828,-111.9242397,06,,G4020,Salt Lake,Salt Lake County,49,2023-04-25,2.309805255647976,1682380800000,"{""type"":""MultiPoint"",""coordinates"":[]}"
511_0000000000000000001b,1921943668,164903351,41620,H1,035,01448031,482,A,49035,+40.6678828,-111.9242397,06,,G4020,Salt Lake,Salt Lake County,49,2023-04-26,4.14491295639426,1682467200000,"{""type"":""MultiPoint"",""coordinates"":[]}"
512_0000000000000000001b,1921943668,164903351,41620,H1,035,01448031,482,A,49035,+40.6678828,-111.9242397,06,,G4020,Salt Lake,Salt Lake County,49,2023-04-27,7.31564838316651,1682553600000,"{""type"":""MultiPoint"",""coordinates"":[]}"
513_0000000000000000001b,1921943668,164903351,41620,H1,035,01448031,482,A,49035,+40.6678828,-111.9242397,06,,G4020,Salt Lake,Salt Lake County,49,2023-04-28,8.22423263753549,1682640000000,"{""type"":""MultiPoint"",""coordinates"":[]}"
514_0000000000000000001b,1921943668,164903351,41620,H1,035,01448031,482,A,49035,+40.6678828,-111.9242397,06,,G4020,Salt Lake,Salt Lake County,49,2023-04-29,9.348570639301519,1682726400000,"{""type"":""MultiPoint"",""coordinates"":[]}"
515_0000000000000000001b,1921943668,164903351,41620,H1,035,01448031,482,A,49035,+40.6678828,-111.9242397,06,,G4020,Salt Lake,Salt Lake County,49,2023-04-30,11.556675169930688,1682812800000,"{""type"":""MultiPoint"",""coordinates"":[]}"
516_0000000000000000001b,1921943668,164903351,41620,H1,035,01448031,482,A,49035,+40.6678828,-111.9242397,06,,G4020,Salt Lake,Salt Lake County,49,2023-05-01,11.494236089390824,1682899200000,"{""type"":""MultiPoint"",""coordinates"":[]}"
517_0000000000000000001b,1921943668,164903351,41620,H1,035,01448031,482,A,49035,+40.6678828,-111.9242397,06,,G4020,Salt Lake,Salt Lake County,49,2023-05-02,10.731486021886873,1682985600000,"{""type"":""MultiPoint"",""coordinates"":[]}"
518_0000000000000000001b,1921943668,164903351,41620,H1,035,01448031,482,A,49035,+40.6678828,-111.9242397,06,,G4020,Salt Lake,Salt Lake County,49,2023-05-03,10.294367703541061,1683072000000,"{""type"":""MultiPoint"",""coordinates"":[]}"
519_0000000000000000001b,1921943668,164903351,41620,H1,035,01448031,482,A,49035,+40.6678828,-111.9242397,06,,G4020,Salt Lake,Salt Lake County,49,2023-05-04,10.81901994831632,1683158400000,"{""type"":""MultiPoint"",""coordinates"":[]}"
520_0000000000000000001b,1921943668,164903351,41620,H1,035,01448031,482,A,49035,+40.6678828,-111.9242397,06,,G4020,Salt Lake,Salt Lake County,49,2023-05-05,6.930766151584694,1683244800000,"{""type"":""MultiPoint"",""coordinates"":[]}"
521_0000000000000000001b,1921943668,164903351,41620,H1,035,01448031,482,A,49035,+40.6678828,-111.9242397,06,,G4020,Salt Lake,Salt Lake County,49,2023-05-06,6.314727806124078,1683331200000,"{""type"":""MultiPoint"",""coordinates"":[]}"
522_0000000000000000001b,1921943668,164903351,41620,H1,035,01448031,482,A,49035,+40.6678828,-111.9242397,06,,G4020,Salt Lake,Salt Lake County,49,2023-05-07,6.668315412660545,1683417600000,"{""type"":""MultiPoint"",""coordinates"":[]}"
523_0000000000000000001b,1921943668,164903351,41620,H1,035,01448031,482,A,49035,+40.6678828,-111.9242397,06,,G4020,Salt Lake,Salt Lake County,49,2023-05-08,7.824553379719203,1683504000000,"{""type"":""MultiPoint"",""coordinates"":[]}"
524_0000000000000000001b,1921943668,164903351,41620,H1,035,01448031,482,A,49035,+40.6678828,-111.9242397,06,,G4020,Salt Lake,Salt Lake County,49,2023-05-09,7.865684291164723,1683590400000,"{""type"":""MultiPoint"",""coordinates"":[]}"
525_0000000000000000001b,1921943668,164903351,41620,H1,035,01448031,482,A,49035,+40.6678828,-111.9242397,06,,G4020,Salt Lake,Salt Lake County,49,2023-05-10,9.44909805658039,1683676800000,"{""type"":""MultiPoint"",""coordinates"":[]}"
526_0000000000000000001b,1921943668,164903351,41620,H1,035,01448031,482,A,49035,+40.6678828,-111.9242397,06,,G4020,Salt Lake,Salt Lake County,49,2023-05-11,10.373709996905191,1683763200000,"{""type"":""MultiPoint"",""coordinates"":[]}"
527_0000000000000000001b,1921943668,164903351,41620,H1,035,01448031,482,A,49035,+40.6678828,-111.9242397,06,,G4020,Salt Lake,Salt Lake County,49,2023-05-12,10.551237205829194,1683849600000,"{""type"":""MultiPoint"",""coordinates"":[]}"
528_0000000000000000001b,1921943668,164903351,41620,H1,035,01448031,482,A,49035,+40.6678828,-111.9242397,06,,G4020,Salt Lake,Salt Lake County,49,2023-05-13,10.265993262542468,1683936000000,"{""type"":""MultiPoint"",""coordinates"":[]}"
529_0000000000000000001b,1921943668,164903351,41620,H1,035,01448031,482,A,49035,+40.6678828,-111.9242397,06,,G4020,Salt Lake,Salt Lake County,49,2023-05-14,10.346393353449056,1684022400000,"{""type"":""MultiPoint"",""coordinates"":[]}"
530_0000000000000000001b,1921943668,164903351,41620,H1,035,01448031,482,A,49035,+40.6678828,-111.9242397,06,,G4020,Salt Lake,Salt Lake County,49,2023-05-15,12.636740699517048,1684108800000,"{""type"":""MultiPoint"",""coordinates"":[]}"
531_0000000000000000001b,1921943668,164903351,41620,H1,035,01448031,482,A,49035,+40.6678828,-111.9242397,06,,G4020,Salt Lake,Salt Lake County,49,2023-05-16,14.014807048864935,1684195200000,"{""type"":""MultiPoint"",""coordinates"":[]}"
532_0000000000000000001b,1921943668,164903351,41620,H1,035,01448031,482,A,49035,+40.6678828,-111.9242397,06,,G4020,Salt Lake,Salt Lake County,49,2023-05-17,15.276353940659057,1684281600000,"{""type"":""MultiPoint"",""coordinates"":[]}"
533_0000000000000000001b,1921943668,164903351,41620,H1,035,01448031,482,A,49035,+40.6678828,-111.9242397,06,,G4020,Salt Lake,Salt Lake County,49,2023-05-18,14.981980609666426,1684368000000,"{""type"":""MultiPoint"",""coordinates"":[]}"
534_0000000000000000001b,1921943668,164903351,41620,H1,035,01448031,482,A,49035,+40.6678828,-111.9242397,06,,G4020,Salt Lake,Salt Lake County,49,2023-05-19,14.088321376904243,1684454400000,"{""type"":""MultiPoint"",""coordinates"":[]}"
535_0000000000000000001b,1921943668,164903351,41620,H1,035,01448031,482,A,49035,+40.6678828,-111.9242397,06,,G4020,Salt Lake,Salt Lake County,49,2023-05-20,15.675538184657587,1684540800000,"{""type"":""MultiPoint"",""coordinates"":[]}"
536_0000000000000000001b,1921943668,164903351,41620,H1,035,01448031,482,A,49035,+40.6678828,-111.9242397,06,,G4020,Salt Lake,Salt Lake County,49,2023-05-21,17.06654148238243,1684627200000,"{""type"":""MultiPoint"",""coordinates"":[]}"
537_0000000000000000001b,1921943668,164903351,41620,H1,035,01448031,482,A,49035,+40.6678828,-111.9242397,06,,G4020,Salt Lake,Salt Lake County,49,2023-05-22,17.03474890545659,1684713600000,"{""type"":""MultiPoint"",""coordinates"":[]}"
538_0000000000000000001b,1921943668,164903351,41620,H1,035,01448031,482,A,49035,+40.6678828,-111.9242397,06,,G4020,Salt Lake,Salt Lake County,49,2023-05-23,16.811620756484945,1684800000000,"{""type"":""MultiPoint"",""coordinates"":[]}"
539_0000000000000000001b,1921943668,164903351,41620,H1,035,01448031,482,A,49035,+40.6678828,-111.9242397,06,,G4020,Salt Lake,Salt Lake County,49,2023-05-24,16.45209596294648,1684886400000,"{""type"":""MultiPoint"",""coordinates"":[]}"
540_0000000000000000001b,1921943668,164903351,41620,H1,035,01448031,482,A,49035,+40.6678828,-111.9242397,06,,G4020,Salt Lake,Salt Lake County,49,2023-05-25,16.383935892144226,1684972800000,"{""type"":""MultiPoint"",""coordinates"":[]}"
541_0000000000000000001b,1921943668,164903351,41620,H1,035,01448031,482,A,49035,+40.6678828,-111.9242397,06,,G4020,Salt Lake,Salt Lake County,49,2023-05-26,14.960159859136578,1685059200000,"{""type"":""MultiPoint"",""coordinates"":[]}"
542_0000000000000000001b,1921943668,164903351,41620,H1,035,01448031,482,A,49035,+40.6678828,-111.9242397,06,,G4020,Salt Lake,Salt Lake County,49,2023-05-27,13.547307346364024,1685145600000,"{""type"":""MultiPoint"",""coordinates"":[]}"
543_0000000000000000001b,1921943668,164903351,41620,H1,035,01448031,482,A,49035,+40.6678828,-111.9242397,06,,G4020,Salt Lake,Salt Lake County,49,2023-05-28,14.006835667906254,1685232000000,"{""type"":""MultiPoint"",""coordinates"":[]}"
544_0000000000000000001b,1921943668,164903351,41620,H1,035,01448031,482,A,49035,+40.6678828,-111.9242397,06,,G4020,Salt Lake,Salt Lake County,49,2023-05-29,15.688187197974957,1685318400000,"{""type"":""MultiPoint"",""coordinates"":[]}"
545_0000000000000000001b,1921943668,164903351,41620,H1,035,01448031,482,A,49035,+40.6678828,-111.9242397,06,,G4020,Salt Lake,Salt Lake County,49,2023-05-30,16.75502735041528,1685404800000,"{""type"":""MultiPoint"",""coordinates"":[]}"
546_0000000000000000001b,1921943668,164903351,41620,H1,035,01448031,482,A,49035,+40.6678828,-111.9242397,06,,G4020,Salt Lake,Salt Lake County,49,2023-05-31,16.970429277033507,1685491200000,"{""type"":""MultiPoint"",""coordinates"":[]}"
547_0000000000000000001b,1921943668,164903351,41620,H1,035,01448031,482,A,49035,+40.6678828,-111.9242397,06,,G4020,Salt Lake,Salt Lake County,49,2023-06-01,15.73768924154667,1685577600000,"{""type"":""MultiPoint"",""coordinates"":[]}"
548_0000000000000000001b,1921943668,164903351,41620,H1,035,01448031,482,A,49035,+40.6678828,-111.9242397,06,,G4020,Salt Lake,Salt Lake County,49,2023-06-02,14.694586821061776,1685664000000,"{""type"":""MultiPoint"",""coordinates"":[]}"
549_0000000000000000001b,1921943668,164903351,41620,H1,035,01448031,482,A,49035,+40.6678828,-111.9242397,06,,G4020,Salt Lake,Salt Lake County,49,2023-06-03,14.235279961523714,1685750400000,"{""type"":""MultiPoint"",""coordinates"":[]}"
550_0000000000000000001b,1921943668,164903351,41620,H1,035,01448031,482,A,49035,+40.6678828,-111.9242397,06,,G4020,Salt Lake,Salt Lake County,49,2023-06-04,14.259569890827715,1685836800000,"{""type"":""MultiPoint"",""coordinates"":[]}"
551_0000000000000000001b,1921943668,164903351,41620,H1,035,01448031,482,A,49035,+40.6678828,-111.9242397,06,,G4020,Salt Lake,Salt Lake County,49,2023-06-05,16.32962983258295,1685923200000,"{""type"":""MultiPoint"",""coordinates"":[]}"
552_0000000000000000001b,1921943668,164903351,41620,H1,035,01448031,482,A,49035,+40.6678828,-111.9242397,06,,G4020,Salt Lake,Salt Lake County,49,2023-06-06,17.37814065499369,1686009600000,"{""type"":""MultiPoint"",""coordinates"":[]}"
553_0000000000000000001b,1921943668,164903351,41620,H1,035,01448031,482,A,49035,+40.6678828,-111.9242397,06,,G4020,Salt Lake,Salt Lake County,49,2023-06-07,17.052902876017622,1686096000000,"{""type"":""MultiPoint"",""coordinates"":[]}"
554_0000000000000000001b,1921943668,164903351,41620,H1,035,01448031,482,A,49035,+40.6678828,-111.9242397,06,,G4020,Salt Lake,Salt Lake County,49,2023-06-08,15.98995894894582,1686182400000,"{""type"":""MultiPoint"",""coordinates"":[]}"
555_0000000000000000001b,1921943668,164903351,41620,H1,035,01448031,482,A,49035,+40.6678828,-111.9242397,06,,G4020,Salt Lake,Salt Lake County,49,2023-06-09,15.915636596898008,1686268800000,"{""type"":""MultiPoint"",""coordinates"":[]}"
556_0000000000000000001b,1921943668,164903351,41620,H1,035,01448031,482,A,49035,+40.6678828,-111.9242397,06,,G4020,Salt Lake,Salt Lake County,49,2023-06-10,16.841039355254846,1686355200000,"{""type"":""MultiPoint"",""coordinates"":[]}"
557_0000000000000000001b,1921943668,164903351,41620,H1,035,01448031,482,A,49035,+40.6678828,-111.9242397,06,,G4020,Salt Lake,Salt Lake County,49,2023-06-11,16.845173542966847,1686441600000,"{""type"":""MultiPoint"",""coordinates"":[]}"
558_0000000000000000001b,1921943668,164903351,41620,H1,035,01448031,482,A,49035,+40.6678828,-111.9242397,06,,G4020,Salt Lake,Salt Lake County,49,2023-06-12,15.285518421578784,1686528000000,"{""type"":""MultiPoint"",""coordinates"":[]}"
559_0000000000000000001b,1921943668,164903351,41620,H1,035,01448031,482,A,49035,+40.6678828,-111.9242397,06,,G4020,Salt Lake,Salt Lake County,49,2023-06-13,14.765021646233153,1686614400000,"{""type"":""MultiPoint"",""coordinates"":[]}"
560_0000000000000000001b,1921943668,164903351,41620,H1,035,01448031,482,A,49035,+40.6678828,-111.9242397,06,,G4020,Salt Lake,Salt Lake County,49,2023-06-14,16.324134906519607,1686700800000,"{""type"":""MultiPoint"",""coordinates"":[]}"
561_0000000000000000001b,1921943668,164903351,41620,H1,035,01448031,482,A,49035,+40.6678828,-111.9242397,06,,G4020,Salt Lake,Salt Lake County,49,2023-06-15,13.948859013315065,1686787200000,"{""type"":""MultiPoint"",""coordinates"":[]}"
562_0000000000000000001b,1921943668,164903351,41620,H1,035,01448031,482,A,49035,+40.6678828,-111.9242397,06,,G4020,Salt Lake,Salt Lake County,49,2023-06-16,13.681781778985933,1686873600000,"{""type"":""MultiPoint"",""coordinates"":[]}"
563_0000000000000000001b,1921943668,164903351,41620,H1,035,01448031,482,A,49035,+40.6678828,-111.9242397,06,,G4020,Salt Lake,Salt Lake County,49,2023-06-17,15.05568383380126,1686960000000,"{""type"":""MultiPoint"",""coordinates"":[]}"
564_0000000000000000001b,1921943668,164903351,41620,H1,035,01448031,482,A,49035,+40.6678828,-111.9242397,06,,G4020,Salt Lake,Salt Lake County,49,2023-06-18,18.302190103926563,1687046400000,"{""type"":""MultiPoint"",""coordinates"":[]}"
565_0000000000000000001b,1921943668,164903351,41620,H1,035,01448031,482,A,49035,+40.6678828,-111.9242397,06,,G4020,Salt Lake,Salt Lake County,49,2023-06-19,20.234821475842605,1687132800000,"{""type"":""MultiPoint"",""coordinates"":[]}"
566_0000000000000000001b,1921943668,164903351,41620,H1,035,01448031,482,A,49035,+40.6678828,-111.9242397,06,,G4020,Salt Lake,Salt Lake County,49,2023-06-20,14.114089135027655,1687219200000,"{""type"":""MultiPoint"",""coordinates"":[]}"
567_0000000000000000001b,1921943668,164903351,41620,H1,035,01448031,482,A,49035,+40.6678828,-111.9242397,06,,G4020,Salt Lake,Salt Lake County,49,2023-06-21,13.88713818551476,1687305600000,"{""type"":""MultiPoint"",""coordinates"":[]}"
568_0000000000000000001b,1921943668,164903351,41620,H1,035,01448031,482,A,49035,+40.6678828,-111.9242397,06,,G4020,Salt Lake,Salt Lake County,49,2023-06-22,15.762605370051777,1687392000000,"{""type"":""MultiPoint"",""coordinates"":[]}"
569_0000000000000000001b,1921943668,164903351,41620,H1,035,01448031,482,A,49035,+40.6678828,-111.9242397,06,,G4020,Salt Lake,Salt Lake County,49,2023-06-23,16.799485373690317,1687478400000,"{""type"":""MultiPoint"",""coordinates"":[]}"
570_0000000000000000001b,1921943668,164903351,41620,H1,035,01448031,482,A,49035,+40.6678828,-111.9242397,06,,G4020,Salt Lake,Salt Lake County,49,2023-06-24,16.763407090441312,1687564800000,"{""type"":""MultiPoint"",""coordinates"":[]}"
571_0000000000000000001b,1921943668,164903351,41620,H1,035,01448031,482,A,49035,+40.6678828,-111.9242397,06,,G4020,Salt Lake,Salt Lake County,49,2023-06-25,18.80477636243598,1687651200000,"{""type"":""MultiPoint"",""coordinates"":[]}"
572_0000000000000000001b,1921943668,164903351,41620,H1,035,01448031,482,A,49035,+40.6678828,-111.9242397,06,,G4020,Salt Lake,Salt Lake County,49,2023-06-26,20.00781099376762,1687737600000,"{""type"":""MultiPoint"",""coordinates"":[]}"
573_0000000000000000001b,1921943668,164903351,41620,H1,035,01448031,482,A,49035,+40.6678828,-111.9242397,06,,G4020,Salt Lake,Salt Lake County,49,2023-06-27,19.16812717690604,1687824000000,"{""type"":""MultiPoint"",""coordinates"":[]}"
574_0000000000000000001b,1921943668,164903351,41620,H1,035,01448031,482,A,49035,+40.6678828,-111.9242397,06,,G4020,Salt Lake,Salt Lake County,49,2023-06-28,18.320279753452624,1687910400000,"{""type"":""MultiPoint"",""coordinates"":[]}"
575_0000000000000000001b,1921943668,164903351,41620,H1,035,01448031,482,A,49035,+40.6678828,-111.9242397,06,,G4020,Salt Lake,Salt Lake County,49,2023-06-29,18.08348162209473,1687996800000,"{""type"":""MultiPoint"",""coordinates"":[]}"
576_0000000000000000001b,1921943668,164903351,41620,H1,035,01448031,482,A,49035,+40.6678828,-111.9242397,06,,G4020,Salt Lake,Salt Lake County,49,2023-06-30,18.152802885835055,1688083200000,"{""type"":""MultiPoint"",""coordinates"":[]}"
577_0000000000000000001b,1921943668,164903351,41620,H1,035,01448031,482,A,49035,+40.6678828,-111.9242397,06,,G4020,Salt Lake,Salt Lake County,49,2023-07-01,20.634165312803887,1688169600000,"{""type"":""MultiPoint"",""coordinates"":[]}"
578_0000000000000000001b,1921943668,164903351,41620,H1,035,01448031,482,A,49035,+40.6678828,-111.9242397,06,,G4020,Salt Lake,Salt Lake County,49,2023-07-02,22.414444116529666,1688256000000,"{""type"":""MultiPoint"",""coordinates"":[]}"
579_0000000000000000001b,1921943668,164903351,41620,H1,035,01448031,482,A,49035,+40.6678828,-111.9242397,06,,G4020,Salt Lake,Salt Lake County,49,2023-07-03,24.010616671771874,1688342400000,"{""type"":""MultiPoint"",""coordinates"":[]}"
580_0000000000000000001b,1921943668,164903351,41620,H1,035,01448031,482,A,49035,+40.6678828,-111.9242397,06,,G4020,Salt Lake,Salt Lake County,49,2023-07-04,22.567173169326615,1688428800000,"{""type"":""MultiPoint"",""coordinates"":[]}"
581_0000000000000000001b,1921943668,164903351,41620,H1,035,01448031,482,A,49035,+40.6678828,-111.9242397,06,,G4020,Salt Lake,Salt Lake County,49,2023-07-05,21.85268057285177,1688515200000,"{""type"":""MultiPoint"",""coordinates"":[]}"
582_0000000000000000001b,1921943668,164903351,41620,H1,035,01448031,482,A,49035,+40.6678828,-111.9242397,06,,G4020,Salt Lake,Salt Lake County,49,2023-07-06,21.64871543498625,1688601600000,"{""type"":""MultiPoint"",""coordinates"":[]}"
583_0000000000000000001b,1921943668,164903351,41620,H1,035,01448031,482,A,49035,+40.6678828,-111.9242397,06,,G4020,Salt Lake,Salt Lake County,49,2023-07-07,22.361749298685115,1688688000000,"{""type"":""MultiPoint"",""coordinates"":[]}"
584_0000000000000000001b,1921943668,164903351,41620,H1,035,01448031,482,A,49035,+40.6678828,-111.9242397,06,,G4020,Salt Lake,Salt Lake County,49,2023-07-08,22.090456475515747,1688774400000,"{""type"":""MultiPoint"",""coordinates"":[]}"
585_0000000000000000001b,1921943668,164903351,41620,H1,035,01448031,482,A,49035,+40.6678828,-111.9242397,06,,G4020,Salt Lake,Salt Lake County,49,2023-07-09,23.25425234818722,1688860800000,"{""type"":""MultiPoint"",""coordinates"":[]}"
586_0000000000000000001b,1921943668,164903351,41620,H1,035,01448031,482,A,49035,+40.6678828,-111.9242397,06,,G4020,Salt Lake,Salt Lake County,49,2023-07-10,25.40928444850999,1688947200000,"{""type"":""MultiPoint"",""coordinates"":[]}"
587_0000000000000000001b,1921943668,164903351,41620,H1,035,01448031,482,A,49035,+40.6678828,-111.9242397,06,,G4020,Salt Lake,Salt Lake County,49,2023-07-11,24.32572126575012,1689033600000,"{""type"":""MultiPoint"",""coordinates"":[]}"
588_0000000000000000001b,1921943668,164903351,41620,H1,035,01448031,482,A,49035,+40.6678828,-111.9242397,06,,G4020,Salt Lake,Salt Lake County,49,2023-07-12,24.2391179904747,1689120000000,"{""type"":""MultiPoint"",""coordinates"":[]}"
589_0000000000000000001b,1921943668,164903351,41620,H1,035,01448031,482,A,49035,+40.6678828,-111.9242397,06,,G4020,Salt Lake,Salt Lake County,49,2023-07-13,24.090847426684196,1689206400000,"{""type"":""MultiPoint"",""coordinates"":[]}"
590_0000000000000000001b,1921943668,164903351,41620,H1,035,01448031,482,A,49035,+40.6678828,-111.9242397,06,,G4020,Salt Lake,Salt Lake County,49,2023-07-14,23.989872015506037,1689292800000,"{""type"":""MultiPoint"",""coordinates"":[]}"
591_0000000000000000001b,1921943668,164903351,41620,H1,035,01448031,482,A,49035,+40.6678828,-111.9242397,06,,G4020,Salt Lake,Salt Lake County,49,2023-07-15,23.01911647161759,1689379200000,"{""type"":""MultiPoint"",""coordinates"":[]}"
592_0000000000000000001b,1921943668,164903351,41620,H1,035,01448031,482,A,49035,+40.6678828,-111.9242397,06,,G4020,Salt Lake,Salt Lake County,49,2023-07-16,25.274664242061846,1689465600000,"{""type"":""MultiPoint"",""coordinates"":[]}"
593_0000000000000000001b,1921943668,164903351,41620,H1,035,01448031,482,A,49035,+40.6678828,-111.9242397,06,,G4020,Salt Lake,Salt Lake County,49,2023-07-17,27.498481215666647,1689552000000,"{""type"":""MultiPoint"",""coordinates"":[]}"
594_0000000000000000001b,1921943668,164903351,41620,H1,035,01448031,482,A,49035,+40.6678828,-111.9242397,06,,G4020,Salt Lake,Salt Lake County,49,2023-07-18,26.314427445920604,1689638400000,"{""type"":""MultiPoint"",""coordinates"":[]}"
595_0000000000000000001b,1921943668,164903351,41620,H1,035,01448031,482,A,49035,+40.6678828,-111.9242397,06,,G4020,Salt Lake,Salt Lake County,49,2023-07-19,25.86703922197146,1689724800000,"{""type"":""MultiPoint"",""coordinates"":[]}"
596_0000000000000000001b,1921943668,164903351,41620,H1,035,01448031,482,A,49035,+40.6678828,-111.9242397,06,,G4020,Salt Lake,Salt Lake County,49,2023-07-20,22.885094565599395,1689811200000,"{""type"":""MultiPoint"",""coordinates"":[]}"
597_0000000000000000001b,1921943668,164903351,41620,H1,035,01448031,482,A,49035,+40.6678828,-111.9242397,06,,G4020,Salt Lake,Salt Lake County,49,2023-07-21,24.70606979239144,1689897600000,"{""type"":""MultiPoint"",""coordinates"":[]}"
598_0000000000000000001b,1921943668,164903351,41620,H1,035,01448031,482,A,49035,+40.6678828,-111.9242397,06,,G4020,Salt Lake,Salt Lake County,49,2023-07-22,26.455870459269637,1689984000000,"{""type"":""MultiPoint"",""coordinates"":[]}"
599_0000000000000000001b,1921943668,164903351,41620,H1,035,01448031,482,A,49035,+40.6678828,-111.9242397,06,,G4020,Salt Lake,Salt Lake County,49,2023-07-23,28.08574929207807,1690070400000,"{""type"":""MultiPoint"",""coordinates"":[]}"
600_0000000000000000001b,1921943668,164903351,41620,H1,035,01448031,482,A,49035,+40.6678828,-111.9242397,06,,G4020,Salt Lake,Salt Lake County,49,2023-07-24,28.18786765259112,1690156800000,"{""type"":""MultiPoint"",""coordinates"":[]}"
601_0000000000000000001b,1921943668,164903351,41620,H1,035,01448031,482,A,49035,+40.6678828,-111.9242397,06,,G4020,Salt Lake,Salt Lake County,49,2023-07-25,26.142804555933893,1690243200000,"{""type"":""MultiPoint"",""coordinates"":[]}"
602_0000000000000000001b,1921943668,164903351,41620,H1,035,01448031,482,A,49035,+40.6678828,-111.9242397,06,,G4020,Salt Lake,Salt Lake County,49,2023-07-26,26.3565800837352,1690329600000,"{""type"":""MultiPoint"",""coordinates"":[]}"
603_0000000000000000001b,1921943668,164903351,41620,H1,035,01448031,482,A,49035,+40.6678828,-111.9242397,06,,G4020,Salt Lake,Salt Lake County,49,2023-07-27,26.778339353969805,1690416000000,"{""type"":""MultiPoint"",""coordinates"":[]}"
604_0000000000000000001b,1921943668,164903351,41620,H1,035,01448031,482,A,49035,+40.6678828,-111.9242397,06,,G4020,Salt Lake,Salt Lake County,49,2023-07-28,27.005040676024205,1690502400000,"{""type"":""MultiPoint"",""coordinates"":[]}"
605_0000000000000000001b,1921943668,164903351,41620,H1,035,01448031,482,A,49035,+40.6678828,-111.9242397,06,,G4020,Salt Lake,Salt Lake County,49,2023-07-29,27.28080310776057,1690588800000,"{""type"":""MultiPoint"",""coordinates"":[]}"
606_0000000000000000001b,1921943668,164903351,41620,H1,035,01448031,482,A,49035,+40.6678828,-111.9242397,06,,G4020,Salt Lake,Salt Lake County,49,2023-07-30,27.762537613060594,1690675200000,"{""type"":""MultiPoint"",""coordinates"":[]}"
607_0000000000000000001b,1921943668,164903351,41620,H1,035,01448031,482,A,49035,+40.6678828,-111.9242397,06,,G4020,Salt Lake,Salt Lake County,49,2023-07-31,26.597573122161904,1690761600000,"{""type"":""MultiPoint"",""coordinates"":[]}"
608_0000000000000000001b,1921943668,164903351,41620,H1,035,01448031,482,A,49035,+40.6678828,-111.9242397,06,,G4020,Salt Lake,Salt Lake County,49,2023-08-01,24.324473138280766,1690848000000,"{""type"":""MultiPoint"",""coordinates"":[]}"
609_0000000000000000001b,1921943668,164903351,41620,H1,035,01448031,482,A,49035,+40.6678828,-111.9242397,06,,G4020,Salt Lake,Salt Lake County,49,2023-08-02,19.76223798541724,1690934400000,"{""type"":""MultiPoint"",""coordinates"":[]}"
610_0000000000000000001b,1921943668,164903351,41620,H1,035,01448031,482,A,49035,+40.6678828,-111.9242397,06,,G4020,Salt Lake,Salt Lake County,49,2023-08-03,18.597674593472995,1691020800000,"{""type"":""MultiPoint"",""coordinates"":[]}"
611_0000000000000000001b,1921943668,164903351,41620,H1,035,01448031,482,A,49035,+40.6678828,-111.9242397,06,,G4020,Salt Lake,Salt Lake County,49,2023-08-04,19.797199776812768,1691107200000,"{""type"":""MultiPoint"",""coordinates"":[]}"
612_0000000000000000001b,1921943668,164903351,41620,H1,035,01448031,482,A,49035,+40.6678828,-111.9242397,06,,G4020,Salt Lake,Salt Lake County,49,2023-08-05,20.590513295404246,1691193600000,"{""type"":""MultiPoint"",""coordinates"":[]}"
613_0000000000000000001b,1921943668,164903351,41620,H1,035,01448031,482,A,49035,+40.6678828,-111.9242397,06,,G4020,Salt Lake,Salt Lake County,49,2023-08-06,20.840011612687974,1691280000000,"{""type"":""MultiPoint"",""coordinates"":[]}"
614_0000000000000000001b,1921943668,164903351,41620,H1,035,01448031,482,A,49035,+40.6678828,-111.9242397,06,,G4020,Salt Lake,Salt Lake County,49,2023-08-07,20.312432777466658,1691366400000,"{""type"":""MultiPoint"",""coordinates"":[]}"
615_0000000000000000001b,1921943668,164903351,41620,H1,035,01448031,482,A,49035,+40.6678828,-111.9242397,06,,G4020,Salt Lake,Salt Lake County,49,2023-08-08,19.26866408072034,1691452800000,"{""type"":""MultiPoint"",""coordinates"":[]}"
616_0000000000000000001b,1921943668,164903351,41620,H1,035,01448031,482,A,49035,+40.6678828,-111.9242397,06,,G4020,Salt Lake,Salt Lake County,49,2023-08-09,19.217645518348863,1691539200000,"{""type"":""MultiPoint"",""coordinates"":[]}"
617_0000000000000000001b,1921943668,164903351,41620,H1,035,01448031,482,A,49035,+40.6678828,-111.9242397,06,,G4020,Salt Lake,Salt Lake County,49,2023-08-10,21.597159509836203,1691625600000,"{""type"":""MultiPoint"",""coordinates"":[]}"
618_0000000000000000001b,1921943668,164903351,41620,H1,035,01448031,482,A,49035,+40.6678828,-111.9242397,06,,G4020,Salt Lake,Salt Lake County,49,2023-08-11,22.25613282348752,1691712000000,"{""type"":""MultiPoint"",""coordinates"":[]}"
619_0000000000000000001b,1921943668,164903351,41620,H1,035,01448031,482,A,49035,+40.6678828,-111.9242397,06,,G4020,Salt Lake,Salt Lake County,49,2023-08-12,22.368466563809207,1691798400000,"{""type"":""MultiPoint"",""coordinates"":[]}"
620_0000000000000000001b,1921943668,164903351,41620,H1,035,01448031,482,A,49035,+40.6678828,-111.9242397,06,,G4020,Salt Lake,Salt Lake County,49,2023-08-13,22.106635789229987,1691884800000,"{""type"":""MultiPoint"",""coordinates"":[]}"
621_0000000000000000001b,1921943668,164903351,41620,H1,035,01448031,482,A,49035,+40.6678828,-111.9242397,06,,G4020,Salt Lake,Salt Lake County,49,2023-08-14,22.584412069689073,1691971200000,"{""type"":""MultiPoint"",""coordinates"":[]}"
622_0000000000000000001b,1921943668,164903351,41620,H1,035,01448031,482,A,49035,+40.6678828,-111.9242397,06,,G4020,Salt Lake,Salt Lake County,49,2023-08-15,24.29206509442347,1692057600000,"{""type"":""MultiPoint"",""coordinates"":[]}"
623_0000000000000000001b,1921943668,164903351,41620,H1,035,01448031,482,A,49035,+40.6678828,-111.9242397,06,,G4020,Salt Lake,Salt Lake County,49,2023-08-16,24.343669722542995,1692144000000,"{""type"":""MultiPoint"",""coordinates"":[]}"
624_0000000000000000001b,1921943668,164903351,41620,H1,035,01448031,482,A,49035,+40.6678828,-111.9242397,06,,G4020,Salt Lake,Salt Lake County,49,2023-08-17,25.02874285325473,1692230400000,"{""type"":""MultiPoint"",""coordinates"":[]}"
625_0000000000000000001b,1921943668,164903351,41620,H1,035,01448031,482,A,49035,+40.6678828,-111.9242397,06,,G4020,Salt Lake,Salt Lake County,49,2023-08-18,24.76284215196749,1692316800000,"{""type"":""MultiPoint"",""coordinates"":[]}"
626_0000000000000000001b,1921943668,164903351,41620,H1,035,01448031,482,A,49035,+40.6678828,-111.9242397,06,,G4020,Salt Lake,Salt Lake County,49,2023-08-19,22.80065004024045,1692403200000,"{""type"":""MultiPoint"",""coordinates"":[]}"
627_0000000000000000001b,1921943668,164903351,41620,H1,035,01448031,482,A,49035,+40.6678828,-111.9242397,06,,G4020,Salt Lake,Salt Lake County,49,2023-08-20,22.501008979058827,1692489600000,"{""type"":""MultiPoint"",""coordinates"":[]}"
628_0000000000000000001b,1921943668,164903351,41620,H1,035,01448031,482,A,49035,+40.6678828,-111.9242397,06,,G4020,Salt Lake,Salt Lake County,49,2023-08-21,21.186730128967284,1692576000000,"{""type"":""MultiPoint"",""coordinates"":[]}"
629_0000000000000000001b,1921943668,164903351,41620,H1,035,01448031,482,A,49035,+40.6678828,-111.9242397,06,,G4020,Salt Lake,Salt Lake County,49,2023-08-22,18.474647646764396,1692662400000,"{""type"":""MultiPoint"",""coordinates"":[]}"
630_0000000000000000001b,1921943668,164903351,41620,H1,035,01448031,482,A,49035,+40.6678828,-111.9242397,06,,G4020,Salt Lake,Salt Lake County,49,2023-08-23,19.127396640040867,1692748800000,"{""type"":""MultiPoint"",""coordinates"":[]}"
631_0000000000000000001b,1921943668,164903351,41620,H1,035,01448031,482,A,49035,+40.6678828,-111.9242397,06,,G4020,Salt Lake,Salt Lake County,49,2023-08-24,19.961738999002502,1692835200000,"{""type"":""MultiPoint"",""coordinates"":[]}"
632_0000000000000000001b,1921943668,164903351,41620,H1,035,01448031,482,A,49035,+40.6678828,-111.9242397,06,,G4020,Salt Lake,Salt Lake County,49,2023-08-25,20.75756257620665,1692921600000,"{""type"":""MultiPoint"",""coordinates"":[]}"
633_0000000000000000001b,1921943668,164903351,41620,H1,035,01448031,482,A,49035,+40.6678828,-111.9242397,06,,G4020,Salt Lake,Salt Lake County,49,2023-08-26,21.75872474473947,1693008000000,"{""type"":""MultiPoint"",""coordinates"":[]}"
634_0000000000000000001b,1921943668,164903351,41620,H1,035,01448031,482,A,49035,+40.6678828,-111.9242397,06,,G4020,Salt Lake,Salt Lake County,49,2023-08-27,22.51601121799688,1693094400000,"{""type"":""MultiPoint"",""coordinates"":[]}"
635_0000000000000000001b,1921943668,164903351,41620,H1,035,01448031,482,A,49035,+40.6678828,-111.9242397,06,,G4020,Salt Lake,Salt Lake County,49,2023-08-28,22.189307737191314,1693180800000,"{""type"":""MultiPoint"",""coordinates"":[]}"
636_0000000000000000001b,1921943668,164903351,41620,H1,035,01448031,482,A,49035,+40.6678828,-111.9242397,06,,G4020,Salt Lake,Salt Lake County,49,2023-08-29,23.07835194992919,1693267200000,"{""type"":""MultiPoint"",""coordinates"":[]}"
637_0000000000000000001b,1921943668,164903351,41620,H1,035,01448031,482,A,49035,+40.6678828,-111.9242397,06,,G4020,Salt Lake,Salt Lake County,49,2023-08-30,23.720549910058292,1693353600000,"{""type"":""MultiPoint"",""coordinates"":[]}"
638_0000000000000000001b,1921943668,164903351,41620,H1,035,01448031,482,A,49035,+40.6678828,-111.9242397,06,,G4020,Salt Lake,Salt Lake County,49,2023-08-31,21.62239157331521,1693440000000,"{""type"":""MultiPoint"",""coordinates"":[]}"
639_0000000000000000001b,1921943668,164903351,41620,H1,035,01448031,482,A,49035,+40.6678828,-111.9242397,06,,G4020,Salt Lake,Salt Lake County,49,2023-09-01,23.683512688865548,1693526400000,"{""type"":""MultiPoint"",""coordinates"":[]}"
640_0000000000000000001b,1921943668,164903351,41620,H1,035,01448031,482,A,49035,+40.6678828,-111.9242397,06,,G4020,Salt Lake,Salt Lake County,49,2023-09-02,19.320476553448074,1693612800000,"{""type"":""MultiPoint"",""coordinates"":[]}"
641_0000000000000000001b,1921943668,164903351,41620,H1,035,01448031,482,A,49035,+40.6678828,-111.9242397,06,,G4020,Salt Lake,Salt Lake County,49,2023-09-03,20.31124536407865,1693699200000,"{""type"":""MultiPoint"",""coordinates"":[]}"
642_0000000000000000001b,1921943668,164903351,41620,H1,035,01448031,482,A,49035,+40.6678828,-111.9242397,06,,G4020,Salt Lake,Salt Lake County,49,2023-09-04,15.540015615118552,1693785600000,"{""type"":""MultiPoint"",""coordinates"":[]}"
643_0000000000000000001b,1921943668,164903351,41620,H1,035,01448031,482,A,49035,+40.6678828,-111.9242397,06,,G4020,Salt Lake,Salt Lake County,49,2023-09-05,14.661576346641635,1693872000000,"{""type"":""MultiPoint"",""coordinates"":[]}"
644_0000000000000000001b,1921943668,164903351,41620,H1,035,01448031,482,A,49035,+40.6678828,-111.9242397,06,,G4020,Salt Lake,Salt Lake County,49,2023-09-06,17.34532994264415,1693958400000,"{""type"":""MultiPoint"",""coordinates"":[]}"
645_0000000000000000001b,1921943668,164903351,41620,H1,035,01448031,482,A,49035,+40.6678828,-111.9242397,06,,G4020,Salt Lake,Salt Lake County,49,2023-09-07,18.833572452274144,1694044800000,"{""type"":""MultiPoint"",""coordinates"":[]}"
646_0000000000000000001b,1921943668,164903351,41620,H1,035,01448031,482,A,49035,+40.6678828,-111.9242397,06,,G4020,Salt Lake,Salt Lake County,49,2023-09-08,19.744219828265962,1694131200000,"{""type"":""MultiPoint"",""coordinates"":[]}"
647_0000000000000000001b,1921943668,164903351,41620,H1,035,01448031,482,A,49035,+40.6678828,-111.9242397,06,,G4020,Salt Lake,Salt Lake County,49,2023-09-09,19.5850256938507,1694217600000,"{""type"":""MultiPoint"",""coordinates"":[]}"
648_0000000000000000001b,1921943668,164903351,41620,H1,035,01448031,482,A,49035,+40.6678828,-111.9242397,06,,G4020,Salt Lake,Salt Lake County,49,2023-09-10,18.980590842323892,1694304000000,"{""type"":""MultiPoint"",""coordinates"":[]}"
649_0000000000000000001b,1921943668,164903351,41620,H1,035,01448031,482,A,49035,+40.6678828,-111.9242397,06,,G4020,Salt Lake,Salt Lake County,49,2023-09-11,18.01880876234618,1694390400000,"{""type"":""MultiPoint"",""coordinates"":[]}"
650_0000000000000000001b,1921943668,164903351,41620,H1,035,01448031,482,A,49035,+40.6678828,-111.9242397,06,,G4020,Salt Lake,Salt Lake County,49,2023-09-12,18.556425256688218,1694476800000,"{""type"":""MultiPoint"",""coordinates"":[]}"
651_0000000000000000001b,1921943668,164903351,41620,H1,035,01448031,482,A,49035,+40.6678828,-111.9242397,06,,G4020,Salt Lake,Salt Lake County,49,2023-09-13,17.631629861259565,1694563200000,"{""type"":""MultiPoint"",""coordinates"":[]}"
652_0000000000000000001b,1921943668,164903351,41620,H1,035,01448031,482,A,49035,+40.6678828,-111.9242397,06,,G4020,Salt Lake,Salt Lake County,49,2023-09-14,16.65252073066943,1694649600000,"{""type"":""MultiPoint"",""coordinates"":[]}"
653_0000000000000000001b,1921943668,164903351,41620,H1,035,01448031,482,A,49035,+40.6678828,-111.9242397,06,,G4020,Salt Lake,Salt Lake County,49,2023-09-15,15.979178844046261,1694736000000,"{""type"":""MultiPoint"",""coordinates"":[]}"
654_0000000000000000001b,1921943668,164903351,41620,H1,035,01448031,482,A,49035,+40.6678828,-111.9242397,06,,G4020,Salt Lake,Salt Lake County,49,2023-09-16,17.024475237910515,1694822400000,"{""type"":""MultiPoint"",""coordinates"":[]}"
655_0000000000000000001b,1921943668,164903351,41620,H1,035,01448031,482,A,49035,+40.6678828,-111.9242397,06,,G4020,Salt Lake,Salt Lake County,49,2023-09-17,17.972666631361186,1694908800000,"{""type"":""MultiPoint"",""coordinates"":[]}"
656_0000000000000000001b,1921943668,164903351,41620,H1,035,01448031,482,A,49035,+40.6678828,-111.9242397,06,,G4020,Salt Lake,Salt Lake County,49,2023-09-18,18.24464441807885,1694995200000,"{""type"":""MultiPoint"",""coordinates"":[]}"
657_0000000000000000001b,1921943668,164903351,41620,H1,035,01448031,482,A,49035,+40.6678828,-111.9242397,06,,G4020,Salt Lake,Salt Lake County,49,2023-09-19,18.15229309147522,1695081600000,"{""type"":""MultiPoint"",""coordinates"":[]}"
658_0000000000000000001b,1921943668,164903351,41620,H1,035,01448031,482,A,49035,+40.6678828,-111.9242397,06,,G4020,Salt Lake,Salt Lake County,49,2023-09-20,17.605188319725166,1695168000000,"{""type"":""MultiPoint"",""coordinates"":[]}"
659_0000000000000000001b,1921943668,164903351,41620,H1,035,01448031,482,A,49035,+40.6678828,-111.9242397,06,,G4020,Salt Lake,Salt Lake County,49,2023-09-21,15.07618849012589,1695254400000,"{""type"":""MultiPoint"",""coordinates"":[]}"
660_0000000000000000001b,1921943668,164903351,41620,H1,035,01448031,482,A,49035,+40.6678828,-111.9242397,06,,G4020,Salt Lake,Salt Lake County,49,2023-09-22,10.405721512714017,1695340800000,"{""type"":""MultiPoint"",""coordinates"":[]}"
661_0000000000000000001b,1921943668,164903351,41620,H1,035,01448031,482,A,49035,+40.6678828,-111.9242397,06,,G4020,Salt Lake,Salt Lake County,49,2023-09-23,9.719132351272746,1695427200000,"{""type"":""MultiPoint"",""coordinates"":[]}"
662_0000000000000000001b,1921943668,164903351,41620,H1,035,01448031,482,A,49035,+40.6678828,-111.9242397,06,,G4020,Salt Lake,Salt Lake County,49,2023-09-24,12.63521048764589,1695513600000,"{""type"":""MultiPoint"",""coordinates"":[]}"
663_0000000000000000001b,1921943668,164903351,41620,H1,035,01448031,482,A,49035,+40.6678828,-111.9242397,06,,G4020,Salt Lake,Salt Lake County,49,2023-09-25,15.009357651040641,1695600000000,"{""type"":""MultiPoint"",""coordinates"":[]}"
664_0000000000000000001b,1921943668,164903351,41620,H1,035,01448031,482,A,49035,+40.6678828,-111.9242397,06,,G4020,Salt Lake,Salt Lake County,49,2023-09-26,16.625809929538033,1695686400000,"{""type"":""MultiPoint"",""coordinates"":[]}"
665_0000000000000000001b,1921943668,164903351,41620,H1,035,01448031,482,A,49035,+40.6678828,-111.9242397,06,,G4020,Salt Lake,Salt Lake County,49,2023-09-27,17.072666301372585,1695772800000,"{""type"":""MultiPoint"",""coordinates"":[]}"
666_0000000000000000001b,1921943668,164903351,41620,H1,035,01448031,482,A,49035,+40.6678828,-111.9242397,06,,G4020,Salt Lake,Salt Lake County,49,2023-09-28,16.34465073897947,1695859200000,"{""type"":""MultiPoint"",""coordinates"":[]}"
667_0000000000000000001b,1921943668,164903351,41620,H1,035,01448031,482,A,49035,+40.6678828,-111.9242397,06,,G4020,Salt Lake,Salt Lake County,49,2023-09-29,15.079889831579376,1695945600000,"{""type"":""MultiPoint"",""coordinates"":[]}"
668_0000000000000000001b,1921943668,164903351,41620,H1,035,01448031,482,A,49035,+40.6678828,-111.9242397,06,,G4020,Salt Lake,Salt Lake County,49,2023-09-30,16.924623973629988,1696032000000,"{""type"":""MultiPoint"",""coordinates"":[]}"
669_0000000000000000001b,1921943668,164903351,41620,H1,035,01448031,482,A,49035,+40.6678828,-111.9242397,06,,G4020,Salt Lake,Salt Lake County,49,2023-10-01,12.694697179507822,1696118400000,"{""type"":""MultiPoint"",""coordinates"":[]}"
670_0000000000000000001b,1921943668,164903351,41620,H1,035,01448031,482,A,49035,+40.6678828,-111.9242397,06,,G4020,Salt Lake,Salt Lake County,49,2023-10-02,8.817626347175734,1696204800000,"{""type"":""MultiPoint"",""coordinates"":[]}"
671_0000000000000000001b,1921943668,164903351,41620,H1,035,01448031,482,A,49035,+40.6678828,-111.9242397,06,,G4020,Salt Lake,Salt Lake County,49,2023-10-03,7.005056008851482,1696291200000,"{""type"":""MultiPoint"",""coordinates"":[]}"
672_0000000000000000001b,1921943668,164903351,41620,H1,035,01448031,482,A,49035,+40.6678828,-111.9242397,06,,G4020,Salt Lake,Salt Lake County,49,2023-10-04,8.956404146331826,1696377600000,"{""type"":""MultiPoint"",""coordinates"":[]}"
673_0000000000000000001b,1921943668,164903351,41620,H1,035,01448031,482,A,49035,+40.6678828,-111.9242397,06,,G4020,Salt Lake,Salt Lake County,49,2023-10-05,9.442455550972845,1696464000000,"{""type"":""MultiPoint"",""coordinates"":[]}"
674_0000000000000000001b,1921943668,164903351,41620,H1,035,01448031,482,A,49035,+40.6678828,-111.9242397,06,,G4020,Salt Lake,Salt Lake County,49,2023-10-06,10.970338142697015,1696550400000,"{""type"":""MultiPoint"",""coordinates"":[]}"
675_0000000000000000001b,1921943668,164903351,41620,H1,035,01448031,482,A,49035,+40.6678828,-111.9242397,06,,G4020,Salt Lake,Salt Lake County,49,2023-10-07,12.093788798399999,1696636800000,"{""type"":""MultiPoint"",""coordinates"":[]}"
676_0000000000000000001b,1921943668,164903351,41620,H1,035,01448031,482,A,49035,+40.6678828,-111.9242397,06,,G4020,Salt Lake,Salt Lake County,49,2023-10-08,12.916832485571918,1696723200000,"{""type"":""MultiPoint"",""coordinates"":[]}"
677_0000000000000000001b,1921943668,164903351,41620,H1,035,01448031,482,A,49035,+40.6678828,-111.9242397,06,,G4020,Salt Lake,Salt Lake County,49,2023-10-09,13.424748638555121,1696809600000,"{""type"":""MultiPoint"",""coordinates"":[]}"
678_0000000000000000001b,1921943668,164903351,41620,H1,035,01448031,482,A,49035,+40.6678828,-111.9242397,06,,G4020,Salt Lake,Salt Lake County,49,2023-10-10,14.052547111202005,1696896000000,"{""type"":""MultiPoint"",""coordinates"":[]}"
679_0000000000000000001b,1921943668,164903351,41620,H1,035,01448031,482,A,49035,+40.6678828,-111.9242397,06,,G4020,Salt Lake,Salt Lake County,49,2023-10-11,10.62797222328461,1696982400000,"{""type"":""MultiPoint"",""coordinates"":[]}"
680_0000000000000000001b,1921943668,164903351,41620,H1,035,01448031,482,A,49035,+40.6678828,-111.9242397,06,,G4020,Salt Lake,Salt Lake County,49,2023-10-12,4.168203045540811,1697068800000,"{""type"":""MultiPoint"",""coordinates"":[]}"
681_0000000000000000001b,1921943668,164903351,41620,H1,035,01448031,482,A,49035,+40.6678828,-111.9242397,06,,G4020,Salt Lake,Salt Lake County,49,2023-10-13,5.639548378372753,1697155200000,"{""type"":""MultiPoint"",""coordinates"":[]}"
682_0000000000000000001b,1921943668,164903351,41620,H1,035,01448031,482,A,49035,+40.6678828,-111.9242397,06,,G4020,Salt Lake,Salt Lake County,49,2023-10-14,7.653317295669334,1697241600000,"{""type"":""MultiPoint"",""coordinates"":[]}"
683_0000000000000000001b,1921943668,164903351,41620,H1,035,01448031,482,A,49035,+40.6678828,-111.9242397,06,,G4020,Salt Lake,Salt Lake County,49,2023-10-15,9.783961011116228,1697328000000,"{""type"":""MultiPoint"",""coordinates"":[]}"
684_0000000000000000001b,1921943668,164903351,41620,H1,035,01448031,482,A,49035,+40.6678828,-111.9242397,06,,G4020,Salt Lake,Salt Lake County,49,2023-10-16,11.27873544833977,1697414400000,"{""type"":""MultiPoint"",""coordinates"":[]}"
685_0000000000000000001b,1921943668,164903351,41620,H1,035,01448031,482,A,49035,+40.6678828,-111.9242397,06,,G4020,Salt Lake,Salt Lake County,49,2023-10-17,12.213182138998766,1697500800000,"{""type"":""MultiPoint"",""coordinates"":[]}"
686_0000000000000000001b,1921943668,164903351,41620,H1,035,01448031,482,A,49035,+40.6678828,-111.9242397,06,,G4020,Salt Lake,Salt Lake County,49,2023-10-18,13.04138582454278,1697587200000,"{""type"":""MultiPoint"",""coordinates"":[]}"
687_0000000000000000001b,1921943668,164903351,41620,H1,035,01448031,482,A,49035,+40.6678828,-111.9242397,06,,G4020,Salt Lake,Salt Lake County,49,2023-10-19,11.912107982644612,1697673600000,"{""type"":""MultiPoint"",""coordinates"":[]}"
688_0000000000000000001b,1921943668,164903351,41620,H1,035,01448031,482,A,49035,+40.6678828,-111.9242397,06,,G4020,Salt Lake,Salt Lake County,49,2023-10-20,12.519983941416108,1697760000000,"{""type"":""MultiPoint"",""coordinates"":[]}"
689_0000000000000000001b,1921943668,164903351,41620,H1,035,01448031,482,A,49035,+40.6678828,-111.9242397,06,,G4020,Salt Lake,Salt Lake County,49,2023-10-21,12.80348832471975,1697846400000,"{""type"":""MultiPoint"",""coordinates"":[]}"
690_0000000000000000001b,1921943668,164903351,41620,H1,035,01448031,482,A,49035,+40.6678828,-111.9242397,06,,G4020,Salt Lake,Salt Lake County,49,2023-10-22,12.644277108937857,1697932800000,"{""type"":""MultiPoint"",""coordinates"":[]}"
691_0000000000000000001b,1921943668,164903351,41620,H1,035,01448031,482,A,49035,+40.6678828,-111.9242397,06,,G4020,Salt Lake,Salt Lake County,49,2023-10-23,11.621854024258594,1698019200000,"{""type"":""MultiPoint"",""coordinates"":[]}"
692_0000000000000000001b,1921943668,164903351,41620,H1,035,01448031,482,A,49035,+40.6678828,-111.9242397,06,,G4020,Salt Lake,Salt Lake County,49,2023-10-24,10.642500524925646,1698105600000,"{""type"":""MultiPoint"",""coordinates"":[]}"
693_0000000000000000001b,1921943668,164903351,41620,H1,035,01448031,482,A,49035,+40.6678828,-111.9242397,06,,G4020,Salt Lake,Salt Lake County,49,2023-10-25,10.449130927009948,1698192000000,"{""type"":""MultiPoint"",""coordinates"":[]}"
694_0000000000000000001b,1921943668,164903351,41620,H1,035,01448031,482,A,49035,+40.6678828,-111.9242397,06,,G4020,Salt Lake,Salt Lake County,49,2023-10-26,6.949103300925056,1698278400000,"{""type"":""MultiPoint"",""coordinates"":[]}"
695_0000000000000000001b,1921943668,164903351,41620,H1,035,01448031,482,A,49035,+40.6678828,-111.9242397,06,,G4020,Salt Lake,Salt Lake County,49,2023-10-27,2.4237632625945698,1698364800000,"{""type"":""MultiPoint"",""coordinates"":[]}"
696_0000000000000000001b,1921943668,164903351,41620,H1,035,01448031,482,A,49035,+40.6678828,-111.9242397,06,,G4020,Salt Lake,Salt Lake County,49,2023-10-28,2.2014397495180837,1698451200000,"{""type"":""MultiPoint"",""coordinates"":[]}"
697_0000000000000000001b,1921943668,164903351,41620,H1,035,01448031,482,A,49035,+40.6678828,-111.9242397,06,,G4020,Salt Lake,Salt Lake County,49,2023-10-29,-1.2856035851954564,1698537600000,"{""type"":""MultiPoint"",""coordinates"":[]}"
698_0000000000000000001b,1921943668,164903351,41620,H1,035,01448031,482,A,49035,+40.6678828,-111.9242397,06,,G4020,Salt Lake,Salt Lake County,49,2023-10-30,-0.2901931864565898,1698624000000,"{""type"":""MultiPoint"",""coordinates"":[]}"
699_0000000000000000001b,1921943668,164903351,41620,H1,035,01448031,482,A,49035,+40.6678828,-111.9242397,06,,G4020,Salt Lake,Salt Lake County,49,2023-10-31,1.4895748864257357,1698710400000,"{""type"":""MultiPoint"",""coordinates"":[]}"
700_0000000000000000001b,1921943668,164903351,41620,H1,035,01448031,482,A,49035,+40.6678828,-111.9242397,06,,G4020,Salt Lake,Salt Lake County,49,2023-11-01,3.443622121051452,1698796800000,"{""type"":""MultiPoint"",""coordinates"":[]}"
701_0000000000000000001b,1921943668,164903351,41620,H1,035,01448031,482,A,49035,+40.6678828,-111.9242397,06,,G4020,Salt Lake,Salt Lake County,49,2023-11-02,5.1680443977934685,1698883200000,"{""type"":""MultiPoint"",""coordinates"":[]}"
702_0000000000000000001b,1921943668,164903351,41620,H1,035,01448031,482,A,49035,+40.6678828,-111.9242397,06,,G4020,Salt Lake,Salt Lake County,49,2023-11-03,9.386785872299804,1698969600000,"{""type"":""MultiPoint"",""coordinates"":[]}"
703_0000000000000000001b,1921943668,164903351,41620,H1,035,01448031,482,A,49035,+40.6678828,-111.9242397,06,,G4020,Salt Lake,Salt Lake County,49,2023-11-04,7.566137985462362,1699056000000,"{""type"":""MultiPoint"",""coordinates"":[]}"
704_0000000000000000001b,1921943668,164903351,41620,H1,035,01448031,482,A,49035,+40.6678828,-111.9242397,06,,G4020,Salt Lake,Salt Lake County,49,2023-11-05,9.68959174713297,1699142400000,"{""type"":""MultiPoint"",""coordinates"":[]}"
705_0000000000000000001b,1921943668,164903351,41620,H1,035,01448031,482,A,49035,+40.6678828,-111.9242397,06,,G4020,Salt Lake,Salt Lake County,49,2023-11-06,10.332208407124186,1699228800000,"{""type"":""MultiPoint"",""coordinates"":[]}"
706_0000000000000000001b,1921943668,164903351,41620,H1,035,01448031,482,A,49035,+40.6678828,-111.9242397,06,,G4020,Salt Lake,Salt Lake County,49,2023-11-07,6.743306104944753,1699315200000,"{""type"":""MultiPoint"",""coordinates"":[]}"
707_0000000000000000001b,1921943668,164903351,41620,H1,035,01448031,482,A,49035,+40.6678828,-111.9242397,06,,G4020,Salt Lake,Salt Lake County,49,2023-11-08,1.3833750983562707,1699401600000,"{""type"":""MultiPoint"",""coordinates"":[]}"
708_0000000000000000001b,1921943668,164903351,41620,H1,035,01448031,482,A,49035,+40.6678828,-111.9242397,06,,G4020,Salt Lake,Salt Lake County,49,2023-11-09,1.236681466382308,1699488000000,"{""type"":""MultiPoint"",""coordinates"":[]}"
709_0000000000000000001b,1921943668,164903351,41620,H1,035,01448031,482,A,49035,+40.6678828,-111.9242397,06,,G4020,Salt Lake,Salt Lake County,49,2023-11-10,1.1521905215968005,1699574400000,"{""type"":""MultiPoint"",""coordinates"":[]}"
710_0000000000000000001b,1921943668,164903351,41620,H1,035,01448031,482,A,49035,+40.6678828,-111.9242397,06,,G4020,Salt Lake,Salt Lake County,49,2023-11-11,2.132625697713057,1699660800000,"{""type"":""MultiPoint"",""coordinates"":[]}"
711_0000000000000000001b,1921943668,164903351,41620,H1,035,01448031,482,A,49035,+40.6678828,-111.9242397,06,,G4020,Salt Lake,Salt Lake County,49,2023-11-12,3.6937070199860176,1699747200000,"{""type"":""MultiPoint"",""coordinates"":[]}"
712_0000000000000000001b,1921943668,164903351,41620,H1,035,01448031,482,A,49035,+40.6678828,-111.9242397,06,,G4020,Salt Lake,Salt Lake County,49,2023-11-13,4.692305428537258,1699833600000,"{""type"":""MultiPoint"",""coordinates"":[]}"
713_0000000000000000001b,1921943668,164903351,41620,H1,035,01448031,482,A,49035,+40.6678828,-111.9242397,06,,G4020,Salt Lake,Salt Lake County,49,2023-11-14,5.905963747809512,1699920000000,"{""type"":""MultiPoint"",""coordinates"":[]}"
714_0000000000000000001b,1921943668,164903351,41620,H1,035,01448031,482,A,49035,+40.6678828,-111.9242397,06,,G4020,Salt Lake,Salt Lake County,49,2023-11-15,6.117786331795278,1700006400000,"{""type"":""MultiPoint"",""coordinates"":[]}"
715_0000000000000000001b,1921943668,164903351,41620,H1,035,01448031,482,A,49035,+40.6678828,-111.9242397,06,,G4020,Salt Lake,Salt Lake County,49,2023-11-16,6.840524508103816,1700092800000,"{""type"":""MultiPoint"",""coordinates"":[]}"
716_0000000000000000001b,1921943668,164903351,41620,H1,035,01448031,482,A,49035,+40.6678828,-111.9242397,06,,G4020,Salt Lake,Salt Lake County,49,2023-11-17,3.347153433971221,1700179200000,"{""type"":""MultiPoint"",""coordinates"":[]}"
717_0000000000000000001b,1921943668,164903351,41620,H1,035,01448031,482,A,49035,+40.6678828,-111.9242397,06,,G4020,Salt Lake,Salt Lake County,49,2023-11-18,3.532871896673762,1700265600000,"{""type"":""MultiPoint"",""coordinates"":[]}"
718_0000000000000000001b,1921943668,164903351,41620,H1,035,01448031,482,A,49035,+40.6678828,-111.9242397,06,,G4020,Salt Lake,Salt Lake County,49,2023-11-19,2.4386734367156153,1700352000000,"{""type"":""MultiPoint"",""coordinates"":[]}"
719_0000000000000000001b,1921943668,164903351,41620,H1,035,01448031,482,A,49035,+40.6678828,-111.9242397,06,,G4020,Salt Lake,Salt Lake County,49,2023-11-20,-0.11295355513483069,1700438400000,"{""type"":""MultiPoint"",""coordinates"":[]}"
720_0000000000000000001b,1921943668,164903351,41620,H1,035,01448031,482,A,49035,+40.6678828,-111.9242397,06,,G4020,Salt Lake,Salt Lake County,49,2023-11-21,-1.9956892683895788,1700524800000,"{""type"":""MultiPoint"",""coordinates"":[]}"
721_0000000000000000001b,1921943668,164903351,41620,H1,035,01448031,482,A,49035,+40.6678828,-111.9242397,06,,G4020,Salt Lake,Salt Lake County,49,2023-11-22,-1.0265046081033409,1700611200000,"{""type"":""MultiPoint"",""coordinates"":[]}"
722_0000000000000000001b,1921943668,164903351,41620,H1,035,01448031,482,A,49035,+40.6678828,-111.9242397,06,,G4020,Salt Lake,Salt Lake County,49,2023-11-23,-0.3942491253955829,1700697600000,"{""type"":""MultiPoint"",""coordinates"":[]}"
723_0000000000000000001b,1921943668,164903351,41620,H1,035,01448031,482,A,49035,+40.6678828,-111.9242397,06,,G4020,Salt Lake,Salt Lake County,49,2023-11-24,-1.012434326084534,1700784000000,"{""type"":""MultiPoint"",""coordinates"":[]}"
724_0000000000000000001b,1921943668,164903351,41620,H1,035,01448031,482,A,49035,+40.6678828,-111.9242397,06,,G4020,Salt Lake,Salt Lake County,49,2023-11-25,-6.1413754835660646,1700870400000,"{""type"":""MultiPoint"",""coordinates"":[]}"
725_0000000000000000001b,1921943668,164903351,41620,H1,035,01448031,482,A,49035,+40.6678828,-111.9242397,06,,G4020,Salt Lake,Salt Lake County,49,2023-11-26,-8.12399555237221,1700956800000,"{""type"":""MultiPoint"",""coordinates"":[]}"
726_0000000000000000001b,1921943668,164903351,41620,H1,035,01448031,482,A,49035,+40.6678828,-111.9242397,06,,G4020,Salt Lake,Salt Lake County,49,2023-11-27,-8.400509113280814,1701043200000,"{""type"":""MultiPoint"",""coordinates"":[]}"
727_0000000000000000001b,1921943668,164903351,41620,H1,035,01448031,482,A,49035,+40.6678828,-111.9242397,06,,G4020,Salt Lake,Salt Lake County,49,2023-11-28,-7.3526266260833575,1701129600000,"{""type"":""MultiPoint"",""coordinates"":[]}"
728_0000000000000000001b,1921943668,164903351,41620,H1,035,01448031,482,A,49035,+40.6678828,-111.9242397,06,,G4020,Salt Lake,Salt Lake County,49,2023-11-29,-6.2963390521339,1701216000000,"{""type"":""MultiPoint"",""coordinates"":[]}"
729_0000000000000000001b,1921943668,164903351,41620,H1,035,01448031,482,A,49035,+40.6678828,-111.9242397,06,,G4020,Salt Lake,Salt Lake County,49,2023-11-30,-3.998412833079626,1701302400000,"{""type"":""MultiPoint"",""coordinates"":[]}"
730_0000000000000000001b,1921943668,164903351,41620,H1,035,01448031,482,A,49035,+40.6678828,-111.9242397,06,,G4020,Salt Lake,Salt Lake County,49,2023-12-01,-5.298742632849962,1701388800000,"{""type"":""MultiPoint"",""coordinates"":[]}"
731_0000000000000000001b,1921943668,164903351,41620,H1,035,01448031,482,A,49035,+40.6678828,-111.9242397,06,,G4020,Salt Lake,Salt Lake County,49,2023-12-02,-4.490615405954487,1701475200000,"{""type"":""MultiPoint"",""coordinates"":[]}"
732_0000000000000000001b,1921943668,164903351,41620,H1,035,01448031,482,A,49035,+40.6678828,-111.9242397,06,,G4020,Salt Lake,Salt Lake County,49,2023-12-03,-0.828703236432066,1701561600000,"{""type"":""MultiPoint"",""coordinates"":[]}"
733_0000000000000000001b,1921943668,164903351,41620,H1,035,01448031,482,A,49035,+40.6678828,-111.9242397,06,,G4020,Salt Lake,Salt Lake County,49,2023-12-04,1.11232661482377,1701648000000,"{""type"":""MultiPoint"",""coordinates"":[]}"
734_0000000000000000001b,1921943668,164903351,41620,H1,035,01448031,482,A,49035,+40.6678828,-111.9242397,06,,G4020,Salt Lake,Salt Lake County,49,2023-12-05,-1.601643785977833,1701734400000,"{""type"":""MultiPoint"",""coordinates"":[]}"
735_0000000000000000001b,1921943668,164903351,41620,H1,035,01448031,482,A,49035,+40.6678828,-111.9242397,06,,G4020,Salt Lake,Salt Lake County,49,2023-12-06,-2.5308758822519537,1701820800000,"{""type"":""MultiPoint"",""coordinates"":[]}"
736_0000000000000000001b,1921943668,164903351,41620,H1,035,01448031,482,A,49035,+40.6678828,-111.9242397,06,,G4020,Salt Lake,Salt Lake County,49,2023-12-07,0.5587720584460278,1701907200000,"{""type"":""MultiPoint"",""coordinates"":[]}"
737_0000000000000000001b,1921943668,164903351,41620,H1,035,01448031,482,A,49035,+40.6678828,-111.9242397,06,,G4020,Salt Lake,Salt Lake County,49,2023-12-08,-4.753401822775479,1701993600000,"{""type"":""MultiPoint"",""coordinates"":[]}"
738_0000000000000000001b,1921943668,164903351,41620,H1,035,01448031,482,A,49035,+40.6678828,-111.9242397,06,,G4020,Salt Lake,Salt Lake County,49,2023-12-09,-6.162348320760413,1702080000000,"{""type"":""MultiPoint"",""coordinates"":[]}"
739_0000000000000000001b,1921943668,164903351,41620,H1,035,01448031,482,A,49035,+40.6678828,-111.9242397,06,,G4020,Salt Lake,Salt Lake County,49,2023-12-10,-6.828672289541328,1702166400000,"{""type"":""MultiPoint"",""coordinates"":[]}"
740_0000000000000000001b,1921943668,164903351,41620,H1,035,01448031,482,A,49035,+40.6678828,-111.9242397,06,,G4020,Salt Lake,Salt Lake County,49,2023-12-11,-3.1267584417340126,1702252800000,"{""type"":""MultiPoint"",""coordinates"":[]}"
741_0000000000000000001b,1921943668,164903351,41620,H1,035,01448031,482,A,49035,+40.6678828,-111.9242397,06,,G4020,Salt Lake,Salt Lake County,49,2023-12-12,-4.146571120888353,1702339200000,"{""type"":""MultiPoint"",""coordinates"":[]}"
742_0000000000000000001b,1921943668,164903351,41620,H1,035,01448031,482,A,49035,+40.6678828,-111.9242397,06,,G4020,Salt Lake,Salt Lake County,49,2023-12-13,-5.51497071411247,1702425600000,"{""type"":""MultiPoint"",""coordinates"":[]}"
743_0000000000000000001b,1921943668,164903351,41620,H1,035,01448031,482,A,49035,+40.6678828,-111.9242397,06,,G4020,Salt Lake,Salt Lake County,49,2023-12-14,-4.443992333691845,1702512000000,"{""type"":""MultiPoint"",""coordinates"":[]}"
744_0000000000000000001b,1921943668,164903351,41620,H1,035,01448031,482,A,49035,+40.6678828,-111.9242397,06,,G4020,Salt Lake,Salt Lake County,49,2023-12-15,-4.613717672832801,1702598400000,"{""type"":""MultiPoint"",""coordinates"":[]}"
745_0000000000000000001b,1921943668,164903351,41620,H1,035,01448031,482,A,49035,+40.6678828,-111.9242397,06,,G4020,Salt Lake,Salt Lake County,49,2023-12-16,-4.905656385808293,1702684800000,"{""type"":""MultiPoint"",""coordinates"":[]}"
746_0000000000000000001b,1921943668,164903351,41620,H1,035,01448031,482,A,49035,+40.6678828,-111.9242397,06,,G4020,Salt Lake,Salt Lake County,49,2023-12-17,-2.75417461277018,1702771200000,"{""type"":""MultiPoint"",""coordinates"":[]}"
747_0000000000000000001b,1921943668,164903351,41620,H1,035,01448031,482,A,49035,+40.6678828,-111.9242397,06,,G4020,Salt Lake,Salt Lake County,49,2023-12-18,-4.552956187730733,1702857600000,"{""type"":""MultiPoint"",""coordinates"":[]}"
748_0000000000000000001b,1921943668,164903351,41620,H1,035,01448031,482,A,49035,+40.6678828,-111.9242397,06,,G4020,Salt Lake,Salt Lake County,49,2023-12-19,-1.825983611958649,1702944000000,"{""type"":""MultiPoint"",""coordinates"":[]}"
749_0000000000000000001b,1921943668,164903351,41620,H1,035,01448031,482,A,49035,+40.6678828,-111.9242397,06,,G4020,Salt Lake,Salt Lake County,49,2023-12-20,0.6129269970560732,1703030400000,"{""type"":""MultiPoint"",""coordinates"":[]}"
750_0000000000000000001b,1921943668,164903351,41620,H1,035,01448031,482,A,49035,+40.6678828,-111.9242397,06,,G4020,Salt Lake,Salt Lake County,49,2023-12-21,-1.8254883973099107,1703116800000,"{""type"":""MultiPoint"",""coordinates"":[]}"
751_0000000000000000001b,1921943668,164903351,41620,H1,035,01448031,482,A,49035,+40.6678828,-111.9242397,06,,G4020,Salt Lake,Salt Lake County,49,2023-12-22,-2.206035843041014,1703203200000,"{""type"":""MultiPoint"",""coordinates"":[]}"
752_0000000000000000001b,1921943668,164903351,41620,H1,035,01448031,482,A,49035,+40.6678828,-111.9242397,06,,G4020,Salt Lake,Salt Lake County,49,2023-12-23,-1.3077080882612913,1703289600000,"{""type"":""MultiPoint"",""coordinates"":[]}"
753_0000000000000000001b,1921943668,164903351,41620,H1,035,01448031,482,A,49035,+40.6678828,-111.9242397,06,,G4020,Salt Lake,Salt Lake County,49,2023-12-24,-5.157957280767921,1703376000000,"{""type"":""MultiPoint"",""coordinates"":[]}"
754_0000000000000000001b,1921943668,164903351,41620,H1,035,01448031,482,A,49035,+40.6678828,-111.9242397,06,,G4020,Salt Lake,Salt Lake County,49,2023-12-25,-10.457476042245847,1703462400000,"{""type"":""MultiPoint"",""coordinates"":[]}"
755_0000000000000000001b,1921943668,164903351,41620,H1,035,01448031,482,A,49035,+40.6678828,-111.9242397,06,,G4020,Salt Lake,Salt Lake County,49,2023-12-26,-10.310444909251732,1703548800000,"{""type"":""MultiPoint"",""coordinates"":[]}"
756_0000000000000000001b,1921943668,164903351,41620,H1,035,01448031,482,A,49035,+40.6678828,-111.9242397,06,,G4020,Salt Lake,Salt Lake County,49,2023-12-27,-6.705133782288072,1703635200000,"{""type"":""MultiPoint"",""coordinates"":[]}"
757_0000000000000000001b,1921943668,164903351,41620,H1,035,01448031,482,A,49035,+40.6678828,-111.9242397,06,,G4020,Salt Lake,Salt Lake County,49,2023-12-28,-4.122955615689856,1703721600000,"{""type"":""MultiPoint"",""coordinates"":[]}"
758_0000000000000000001b,1921943668,164903351,41620,H1,035,01448031,482,A,49035,+40.6678828,-111.9242397,06,,G4020,Salt Lake,Salt Lake County,49,2023-12-29,-3.756325579758292,1703808000000,"{""type"":""MultiPoint"",""coordinates"":[]}"
759_0000000000000000001b,1921943668,164903351,41620,H1,035,01448031,482,A,49035,+40.6678828,-111.9242397,06,,G4020,Salt Lake,Salt Lake County,49,2023-12-30,-2.8713053922057172,1703894400000,"{""type"":""MultiPoint"",""coordinates"":[]}"
760_0000000000000000001b,1921943668,164903351,41620,H1,035,01448031,482,A,49035,+40.6678828,-111.9242397,06,,G4020,Salt Lake,Salt Lake County,49,2023-12-31,-3.4767646041891678,1703980800000,"{""type"":""MultiPoint"",""coordinates"":[]}"
761_0000000000000000001b,1921943668,164903351,41620,H1,035,01448031,482,A,49035,+40.6678828,-111.9242397,06,,G4020,Salt Lake,Salt Lake County,49,2024-01-01,-4.758138405577453,1704067200000,"{""type"":""MultiPoint"",""coordinates"":[]}"
762_0000000000000000001b,1921943668,164903351,41620,H1,035,01448031,482,A,49035,+40.6678828,-111.9242397,06,,G4020,Salt Lake,Salt Lake County,49,2024-01-02,-4.9331830759189215,1704153600000,"{""type"":""MultiPoint"",""coordinates"":[]}"
763_0000000000000000001b,1921943668,164903351,41620,H1,035,01448031,482,A,49035,+40.6678828,-111.9242397,06,,G4020,Salt Lake,Salt Lake County,49,2024-01-03,-4.709361370052079,1704240000000,"{""type"":""MultiPoint"",""coordinates"":[]}"
764_0000000000000000001b,1921943668,164903351,41620,H1,035,01448031,482,A,49035,+40.6678828,-111.9242397,06,,G4020,Salt Lake,Salt Lake County,49,2024-01-04,-2.86332951838137,1704326400000,"{""type"":""MultiPoint"",""coordinates"":[]}"
765_0000000000000000001b,1921943668,164903351,41620,H1,035,01448031,482,A,49035,+40.6678828,-111.9242397,06,,G4020,Salt Lake,Salt Lake County,49,2024-01-05,-3.011563406686398,1704412800000,"{""type"":""MultiPoint"",""coordinates"":[]}"
766_0000000000000000001b,1921943668,164903351,41620,H1,035,01448031,482,A,49035,+40.6678828,-111.9242397,06,,G4020,Salt Lake,Salt Lake County,49,2024-01-06,-5.581203808327404,1704499200000,"{""type"":""MultiPoint"",""coordinates"":[]}"
767_0000000000000000001b,1921943668,164903351,41620,H1,035,01448031,482,A,49035,+40.6678828,-111.9242397,06,,G4020,Salt Lake,Salt Lake County,49,2024-01-07,-5.488989969270794,1704585600000,"{""type"":""MultiPoint"",""coordinates"":[]}"
768_0000000000000000001b,1921943668,164903351,41620,H1,035,01448031,482,A,49035,+40.6678828,-111.9242397,06,,G4020,Salt Lake,Salt Lake County,49,2024-01-08,-8.505453022059545,1704672000000,"{""type"":""MultiPoint"",""coordinates"":[]}"
769_0000000000000000001b,1921943668,164903351,41620,H1,035,01448031,482,A,49035,+40.6678828,-111.9242397,06,,G4020,Salt Lake,Salt Lake County,49,2024-01-09,-9.206223063543947,1704758400000,"{""type"":""MultiPoint"",""coordinates"":[]}"
770_0000000000000000001b,1921943668,164903351,41620,H1,035,01448031,482,A,49035,+40.6678828,-111.9242397,06,,G4020,Salt Lake,Salt Lake County,49,2024-01-10,-6.764482089594291,1704844800000,"{""type"":""MultiPoint"",""coordinates"":[]}"
771_0000000000000000001b,1921943668,164903351,41620,H1,035,01448031,482,A,49035,+40.6678828,-111.9242397,06,,G4020,Salt Lake,Salt Lake County,49,2024-01-11,-8.258558284412041,1704931200000,"{""type"":""MultiPoint"",""coordinates"":[]}"
772_0000000000000000001b,1921943668,164903351,41620,H1,035,01448031,482,A,49035,+40.6678828,-111.9242397,06,,G4020,Salt Lake,Salt Lake County,49,2024-01-12,-9.066558863540212,1705017600000,"{""type"":""MultiPoint"",""coordinates"":[]}"
773_0000000000000000001b,1921943668,164903351,41620,H1,035,01448031,482,A,49035,+40.6678828,-111.9242397,06,,G4020,Salt Lake,Salt Lake County,49,2024-01-13,-5.6101368920030845,1705104000000,"{""type"":""MultiPoint"",""coordinates"":[]}"
774_0000000000000000001b,1921943668,164903351,41620,H1,035,01448031,482,A,49035,+40.6678828,-111.9242397,06,,G4020,Salt Lake,Salt Lake County,49,2024-01-14,-2.0101883691324542,1705190400000,"{""type"":""MultiPoint"",""coordinates"":[]}"
775_0000000000000000001b,1921943668,164903351,41620,H1,035,01448031,482,A,49035,+40.6678828,-111.9242397,06,,G4020,Salt Lake,Salt Lake County,49,2024-01-15,-4.199827075789055,1705276800000,"{""type"":""MultiPoint"",""coordinates"":[]}"
776_0000000000000000001b,1921943668,164903351,41620,H1,035,01448031,482,A,49035,+40.6678828,-111.9242397,06,,G4020,Salt Lake,Salt Lake County,49,2024-01-16,-11.015797076682317,1705363200000,"{""type"":""MultiPoint"",""coordinates"":[]}"
777_0000000000000000001b,1921943668,164903351,41620,H1,035,01448031,482,A,49035,+40.6678828,-111.9242397,06,,G4020,Salt Lake,Salt Lake County,49,2024-01-17,-5.536827139247267,1705449600000,"{""type"":""MultiPoint"",""coordinates"":[]}"
778_0000000000000000001b,1921943668,164903351,41620,H1,035,01448031,482,A,49035,+40.6678828,-111.9242397,06,,G4020,Salt Lake,Salt Lake County,49,2024-01-18,-0.3734468093529852,1705536000000,"{""type"":""MultiPoint"",""coordinates"":[]}"
779_0000000000000000001b,1921943668,164903351,41620,H1,035,01448031,482,A,49035,+40.6678828,-111.9242397,06,,G4020,Salt Lake,Salt Lake County,49,2024-01-19,-2.26837506019106,1705622400000,"{""type"":""MultiPoint"",""coordinates"":[]}"
780_0000000000000000001b,1921943668,164903351,41620,H1,035,01448031,482,A,49035,+40.6678828,-111.9242397,06,,G4020,Salt Lake,Salt Lake County,49,2024-01-20,-1.2061095538341493,1705708800000,"{""type"":""MultiPoint"",""coordinates"":[]}"
781_0000000000000000001b,1921943668,164903351,41620,H1,035,01448031,482,A,49035,+40.6678828,-111.9242397,06,,G4020,Salt Lake,Salt Lake County,49,2024-01-21,-0.25172426699452827,1705795200000,"{""type"":""MultiPoint"",""coordinates"":[]}"
782_0000000000000000001b,1921943668,164903351,41620,H1,035,01448031,482,A,49035,+40.6678828,-111.9242397,06,,G4020,Salt Lake,Salt Lake County,49,2024-01-22,0.0862844408041872,1705881600000,"{""type"":""MultiPoint"",""coordinates"":[]}"
783_0000000000000000001b,1921943668,164903351,41620,H1,035,01448031,482,A,49035,+40.6678828,-111.9242397,06,,G4020,Salt Lake,Salt Lake County,49,2024-01-23,-0.7651980979020514,1705968000000,"{""type"":""MultiPoint"",""coordinates"":[]}"
784_0000000000000000001b,1921943668,164903351,41620,H1,035,01448031,482,A,49035,+40.6678828,-111.9242397,06,,G4020,Salt Lake,Salt Lake County,49,2024-01-24,-0.236905472427512,1706054400000,"{""type"":""MultiPoint"",""coordinates"":[]}"
785_0000000000000000001b,1921943668,164903351,41620,H1,035,01448031,482,A,49035,+40.6678828,-111.9242397,06,,G4020,Salt Lake,Salt Lake County,49,2024-01-25,-1.1864392616661037,1706140800000,"{""type"":""MultiPoint"",""coordinates"":[]}"
786_0000000000000000001b,1921943668,164903351,41620,H1,035,01448031,482,A,49035,+40.6678828,-111.9242397,06,,G4020,Salt Lake,Salt Lake County,49,2024-01-26,-1.5784039766150413,1706227200000,"{""type"":""MultiPoint"",""coordinates"":[]}"
787_0000000000000000001b,1921943668,164903351,41620,H1,035,01448031,482,A,49035,+40.6678828,-111.9242397,06,,G4020,Salt Lake,Salt Lake County,49,2024-01-27,-2.468369400904841,1706313600000,"{""type"":""MultiPoint"",""coordinates"":[]}"
788_0000000000000000001b,1921943668,164903351,41620,H1,035,01448031,482,A,49035,+40.6678828,-111.9242397,06,,G4020,Salt Lake,Salt Lake County,49,2024-01-28,-0.2077335483185143,1706400000000,"{""type"":""MultiPoint"",""coordinates"":[]}"
789_0000000000000000001b,1921943668,164903351,41620,H1,035,01448031,482,A,49035,+40.6678828,-111.9242397,06,,G4020,Salt Lake,Salt Lake County,49,2024-01-29,0.9609313564637274,1706486400000,"{""type"":""MultiPoint"",""coordinates"":[]}"
790_0000000000000000001b,1921943668,164903351,41620,H1,035,01448031,482,A,49035,+40.6678828,-111.9242397,06,,G4020,Salt Lake,Salt Lake County,49,2024-01-30,0.46992517870612377,1706572800000,"{""type"":""MultiPoint"",""coordinates"":[]}"
791_0000000000000000001b,1921943668,164903351,41620,H1,035,01448031,482,A,49035,+40.6678828,-111.9242397,06,,G4020,Salt Lake,Salt Lake County,49,2024-01-31,0.5376522551733706,1706659200000,"{""type"":""MultiPoint"",""coordinates"":[]}"
792_0000000000000000001b,1921943668,164903351,41620,H1,035,01448031,482,A,49035,+40.6678828,-111.9242397,06,,G4020,Salt Lake,Salt Lake County,49,2024-02-01,0.9797004907087102,1706745600000,"{""type"":""MultiPoint"",""coordinates"":[]}"
793_0000000000000000001b,1921943668,164903351,41620,H1,035,01448031,482,A,49035,+40.6678828,-111.9242397,06,,G4020,Salt Lake,Salt Lake County,49,2024-02-02,2.1763349726817696,1706832000000,"{""type"":""MultiPoint"",""coordinates"":[]}"
794_0000000000000000001b,1921943668,164903351,41620,H1,035,01448031,482,A,49035,+40.6678828,-111.9242397,06,,G4020,Salt Lake,Salt Lake County,49,2024-02-03,-1.2368312078938704,1706918400000,"{""type"":""MultiPoint"",""coordinates"":[]}"
795_0000000000000000001b,1921943668,164903351,41620,H1,035,01448031,482,A,49035,+40.6678828,-111.9242397,06,,G4020,Salt Lake,Salt Lake County,49,2024-02-04,-3.6537131479142095,1707004800000,"{""type"":""MultiPoint"",""coordinates"":[]}"
796_0000000000000000001b,1921943668,164903351,41620,H1,035,01448031,482,A,49035,+40.6678828,-111.9242397,06,,G4020,Salt Lake,Salt Lake County,49,2024-02-05,-1.6939991626730155,1707091200000,"{""type"":""MultiPoint"",""coordinates"":[]}"
797_0000000000000000001b,1921943668,164903351,41620,H1,035,01448031,482,A,49035,+40.6678828,-111.9242397,06,,G4020,Salt Lake,Salt Lake County,49,2024-02-06,0.4066620949966857,1707177600000,"{""type"":""MultiPoint"",""coordinates"":[]}"
798_0000000000000000001b,1921943668,164903351,41620,H1,035,01448031,482,A,49035,+40.6678828,-111.9242397,06,,G4020,Salt Lake,Salt Lake County,49,2024-02-07,-0.3461095841770905,1707264000000,"{""type"":""MultiPoint"",""coordinates"":[]}"
799_0000000000000000001b,1921943668,164903351,41620,H1,035,01448031,482,A,49035,+40.6678828,-111.9242397,06,,G4020,Salt Lake,Salt Lake County,49,2024-02-08,-3.653539051279643,1707350400000,"{""type"":""MultiPoint"",""coordinates"":[]}"
800_0000000000000000001b,1921943668,164903351,41620,H1,035,01448031,482,A,49035,+40.6678828,-111.9242397,06,,G4020,Salt Lake,Salt Lake County,49,2024-02-09,-3.750332778035632,1707436800000,"{""type"":""MultiPoint"",""coordinates"":[]}"
801_0000000000000000001b,1921943668,164903351,41620,H1,035,01448031,482,A,49035,+40.6678828,-111.9242397,06,,G4020,Salt Lake,Salt Lake County,49,2024-02-10,-5.421915397953269,1707523200000,"{""type"":""MultiPoint"",""coordinates"":[]}"
802_0000000000000000001b,1921943668,164903351,41620,H1,035,01448031,482,A,49035,+40.6678828,-111.9242397,06,,G4020,Salt Lake,Salt Lake County,49,2024-02-11,-6.822824957124018,1707609600000,"{""type"":""MultiPoint"",""coordinates"":[]}"
803_0000000000000000001b,1921943668,164903351,41620,H1,035,01448031,482,A,49035,+40.6678828,-111.9242397,06,,G4020,Salt Lake,Salt Lake County,49,2024-02-12,-5.878277381784164,1707696000000,"{""type"":""MultiPoint"",""coordinates"":[]}"
804_0000000000000000001b,1921943668,164903351,41620,H1,035,01448031,482,A,49035,+40.6678828,-111.9242397,06,,G4020,Salt Lake,Salt Lake County,49,2024-02-13,-5.606735330271486,1707782400000,"{""type"":""MultiPoint"",""coordinates"":[]}"
805_0000000000000000001b,1921943668,164903351,41620,H1,035,01448031,482,A,49035,+40.6678828,-111.9242397,06,,G4020,Salt Lake,Salt Lake County,49,2024-02-14,-1.3771311214666901,1707868800000,"{""type"":""MultiPoint"",""coordinates"":[]}"
806_0000000000000000001b,1921943668,164903351,41620,H1,035,01448031,482,A,49035,+40.6678828,-111.9242397,06,,G4020,Salt Lake,Salt Lake County,49,2024-02-15,-0.7091151789136083,1707955200000,"{""type"":""MultiPoint"",""coordinates"":[]}"
807_0000000000000000001b,1921943668,164903351,41620,H1,035,01448031,482,A,49035,+40.6678828,-111.9242397,06,,G4020,Salt Lake,Salt Lake County,49,2024-02-16,-2.4498537355567334,1708041600000,"{""type"":""MultiPoint"",""coordinates"":[]}"
808_0000000000000000001b,1921943668,164903351,41620,H1,035,01448031,482,A,49035,+40.6678828,-111.9242397,06,,G4020,Salt Lake,Salt Lake County,49,2024-02-17,-3.7903478463263203,1708128000000,"{""type"":""MultiPoint"",""coordinates"":[]}"
809_0000000000000000001b,1921943668,164903351,41620,H1,035,01448031,482,A,49035,+40.6678828,-111.9242397,06,,G4020,Salt Lake,Salt Lake County,49,2024-02-18,-2.4225014262274196,1708214400000,"{""type"":""MultiPoint"",""coordinates"":[]}"
810_0000000000000000001b,1921943668,164903351,41620,H1,035,01448031,482,A,49035,+40.6678828,-111.9242397,06,,G4020,Salt Lake,Salt Lake County,49,2024-02-19,-2.733189743544043,1708300800000,"{""type"":""MultiPoint"",""coordinates"":[]}"
811_0000000000000000001b,1921943668,164903351,41620,H1,035,01448031,482,A,49035,+40.6678828,-111.9242397,06,,G4020,Salt Lake,Salt Lake County,49,2024-02-20,1.176809197581854,1708387200000,"{""type"":""MultiPoint"",""coordinates"":[]}"
812_0000000000000000001b,1921943668,164903351,41620,H1,035,01448031,482,A,49035,+40.6678828,-111.9242397,06,,G4020,Salt Lake,Salt Lake County,49,2024-02-21,1.4676743512388057,1708473600000,"{""type"":""MultiPoint"",""coordinates"":[]}"
813_0000000000000000001b,1921943668,164903351,41620,H1,035,01448031,482,A,49035,+40.6678828,-111.9242397,06,,G4020,Salt Lake,Salt Lake County,49,2024-02-22,-1.2649604831926355,1708560000000,"{""type"":""MultiPoint"",""coordinates"":[]}"
814_0000000000000000001b,1921943668,164903351,41620,H1,035,01448031,482,A,49035,+40.6678828,-111.9242397,06,,G4020,Salt Lake,Salt Lake County,49,2024-02-23,-2.5957576760804333,1708646400000,"{""type"":""MultiPoint"",""coordinates"":[]}"
815_0000000000000000001b,1921943668,164903351,41620,H1,035,01448031,482,A,49035,+40.6678828,-111.9242397,06,,G4020,Salt Lake,Salt Lake County,49,2024-02-24,-1.4236098164424913,1708732800000,"{""type"":""MultiPoint"",""coordinates"":[]}"
816_0000000000000000001b,1921943668,164903351,41620,H1,035,01448031,482,A,49035,+40.6678828,-111.9242397,06,,G4020,Salt Lake,Salt Lake County,49,2024-02-25,0.5908932083268406,1708819200000,"{""type"":""MultiPoint"",""coordinates"":[]}"
817_0000000000000000001b,1921943668,164903351,41620,H1,035,01448031,482,A,49035,+40.6678828,-111.9242397,06,,G4020,Salt Lake,Salt Lake County,49,2024-02-26,2.0713575113030243,1708905600000,"{""type"":""MultiPoint"",""coordinates"":[]}"
818_0000000000000000001b,1921943668,164903351,41620,H1,035,01448031,482,A,49035,+40.6678828,-111.9242397,06,,G4020,Salt Lake,Salt Lake County,49,2024-02-27,-2.6336999857715417,1708992000000,"{""type"":""MultiPoint"",""coordinates"":[]}"
819_0000000000000000001b,1921943668,164903351,41620,H1,035,01448031,482,A,49035,+40.6678828,-111.9242397,06,,G4020,Salt Lake,Salt Lake County,49,2024-02-28,-5.378969210332251,1709078400000,"{""type"":""MultiPoint"",""coordinates"":[]}"
820_0000000000000000001b,1921943668,164903351,41620,H1,035,01448031,482,A,49035,+40.6678828,-111.9242397,06,,G4020,Salt Lake,Salt Lake County,49,2024-02-29,-1.7585741709798501,1709164800000,"{""type"":""MultiPoint"",""coordinates"":[]}"
821_0000000000000000001b,1921943668,164903351,41620,H1,035,01448031,482,A,49035,+40.6678828,-111.9242397,06,,G4020,Salt Lake,Salt Lake County,49,2024-03-01,2.943085155387034,1709251200000,"{""type"":""MultiPoint"",""coordinates"":[]}"
822_0000000000000000001b,1921943668,164903351,41620,H1,035,01448031,482,A,49035,+40.6678828,-111.9242397,06,,G4020,Salt Lake,Salt Lake County,49,2024-03-02,3.7201099390294785,1709337600000,"{""type"":""MultiPoint"",""coordinates"":[]}"
823_0000000000000000001b,1921943668,164903351,41620,H1,035,01448031,482,A,49035,+40.6678828,-111.9242397,06,,G4020,Salt Lake,Salt Lake County,49,2024-03-03,-4.842462118364343,1709424000000,"{""type"":""MultiPoint"",""coordinates"":[]}"
824_0000000000000000001b,1921943668,164903351,41620,H1,035,01448031,482,A,49035,+40.6678828,-111.9242397,06,,G4020,Salt Lake,Salt Lake County,49,2024-03-04,-5.899376641356705,1709510400000,"{""type"":""MultiPoint"",""coordinates"":[]}"
825_0000000000000000001b,1921943668,164903351,41620,H1,035,01448031,482,A,49035,+40.6678828,-111.9242397,06,,G4020,Salt Lake,Salt Lake County,49,2024-03-05,-5.269313493727709,1709596800000,"{""type"":""MultiPoint"",""coordinates"":[]}"
826_0000000000000000001b,1921943668,164903351,41620,H1,035,01448031,482,A,49035,+40.6678828,-111.9242397,06,,G4020,Salt Lake,Salt Lake County,49,2024-03-06,-0.936493077093924,1709683200000,"{""type"":""MultiPoint"",""coordinates"":[]}"
827_0000000000000000001b,1921943668,164903351,41620,H1,035,01448031,482,A,49035,+40.6678828,-111.9242397,06,,G4020,Salt Lake,Salt Lake County,49,2024-03-07,-0.12897135853253341,1709769600000,"{""type"":""MultiPoint"",""coordinates"":[]}"
828_0000000000000000001b,1921943668,164903351,41620,H1,035,01448031,482,A,49035,+40.6678828,-111.9242397,06,,G4020,Salt Lake,Salt Lake County,49,2024-03-08,-3.32991499129963,1709856000000,"{""type"":""MultiPoint"",""coordinates"":[]}"
829_0000000000000000001b,1921943668,164903351,41620,H1,035,01448031,482,A,49035,+40.6678828,-111.9242397,06,,G4020,Salt Lake,Salt Lake County,49,2024-03-09,-3.103008341391284,1709942400000,"{""type"":""MultiPoint"",""coordinates"":[]}"
830_0000000000000000001b,1921943668,164903351,41620,H1,035,01448031,482,A,49035,+40.6678828,-111.9242397,06,,G4020,Salt Lake,Salt Lake County,49,2024-03-10,-0.32182304917143845,1710028800000,"{""type"":""MultiPoint"",""coordinates"":[]}"
831_0000000000000000001b,1921943668,164903351,41620,H1,035,01448031,482,A,49035,+40.6678828,-111.9242397,06,,G4020,Salt Lake,Salt Lake County,49,2024-03-11,2.838884617592206,1710115200000,"{""type"":""MultiPoint"",""coordinates"":[]}"
832_0000000000000000001b,1921943668,164903351,41620,H1,035,01448031,482,A,49035,+40.6678828,-111.9242397,06,,G4020,Salt Lake,Salt Lake County,49,2024-03-12,1.1353038362167713,1710201600000,"{""type"":""MultiPoint"",""coordinates"":[]}"
833_0000000000000000001b,1921943668,164903351,41620,H1,035,01448031,482,A,49035,+40.6678828,-111.9242397,06,,G4020,Salt Lake,Salt Lake County,49,2024-03-13,-0.5430898656376492,1710288000000,"{""type"":""MultiPoint"",""coordinates"":[]}"
834_0000000000000000001b,1921943668,164903351,41620,H1,035,01448031,482,A,49035,+40.6678828,-111.9242397,06,,G4020,Salt Lake,Salt Lake County,49,2024-03-14,-1.8504725374831845,1710374400000,"{""type"":""MultiPoint"",""coordinates"":[]}"
835_0000000000000000001b,1921943668,164903351,41620,H1,035,01448031,482,A,49035,+40.6678828,-111.9242397,06,,G4020,Salt Lake,Salt Lake County,49,2024-03-15,-0.22188043735339621,1710460800000,"{""type"":""MultiPoint"",""coordinates"":[]}"
836_0000000000000000001b,1921943668,164903351,41620,H1,035,01448031,482,A,49035,+40.6678828,-111.9242397,06,,G4020,Salt Lake,Salt Lake County,49,2024-03-16,1.8236026944009263,1710547200000,"{""type"":""MultiPoint"",""coordinates"":[]}"
837_0000000000000000001b,1921943668,164903351,41620,H1,035,01448031,482,A,49035,+40.6678828,-111.9242397,06,,G4020,Salt Lake,Salt Lake County,49,2024-03-17,2.4439682932768867,1710633600000,"{""type"":""MultiPoint"",""coordinates"":[]}"
838_0000000000000000001b,1921943668,164903351,41620,H1,035,01448031,482,A,49035,+40.6678828,-111.9242397,06,,G4020,Salt Lake,Salt Lake County,49,2024-03-18,3.7849600173884927,1710720000000,"{""type"":""MultiPoint"",""coordinates"":[]}"
839_0000000000000000001b,1921943668,164903351,41620,H1,035,01448031,482,A,49035,+40.6678828,-111.9242397,06,,G4020,Salt Lake,Salt Lake County,49,2024-03-19,4.9652294317199335,1710806400000,"{""type"":""MultiPoint"",""coordinates"":[]}"
840_0000000000000000001b,1921943668,164903351,41620,H1,035,01448031,482,A,49035,+40.6678828,-111.9242397,06,,G4020,Salt Lake,Salt Lake County,49,2024-03-20,5.4784165312804065,1710892800000,"{""type"":""MultiPoint"",""coordinates"":[]}"
841_0000000000000000001b,1921943668,164903351,41620,H1,035,01448031,482,A,49035,+40.6678828,-111.9242397,06,,G4020,Salt Lake,Salt Lake County,49,2024-03-21,5.724960653862637,1710979200000,"{""type"":""MultiPoint"",""coordinates"":[]}"
842_0000000000000000001b,1921943668,164903351,41620,H1,035,01448031,482,A,49035,+40.6678828,-111.9242397,06,,G4020,Salt Lake,Salt Lake County,49,2024-03-22,5.914992269062141,1711065600000,"{""type"":""MultiPoint"",""coordinates"":[]}"
843_0000000000000000001b,1921943668,164903351,41620,H1,035,01448031,482,A,49035,+40.6678828,-111.9242397,06,,G4020,Salt Lake,Salt Lake County,49,2024-03-23,5.955560370405711,1711152000000,"{""type"":""MultiPoint"",""coordinates"":[]}"
844_0000000000000000001b,1921943668,164903351,41620,H1,035,01448031,482,A,49035,+40.6678828,-111.9242397,06,,G4020,Salt Lake,Salt Lake County,49,2024-03-24,1.2949927761603768,1711238400000,"{""type"":""MultiPoint"",""coordinates"":[]}"
845_0000000000000000001b,1921943668,164903351,41620,H1,035,01448031,482,A,49035,+40.6678828,-111.9242397,06,,G4020,Salt Lake,Salt Lake County,49,2024-03-25,-0.05754226280723289,1711324800000,"{""type"":""MultiPoint"",""coordinates"":[]}"
846_0000000000000000001b,1921943668,164903351,41620,H1,035,01448031,482,A,49035,+40.6678828,-111.9242397,06,,G4020,Salt Lake,Salt Lake County,49,2024-03-26,-0.9656902678875527,1711411200000,"{""type"":""MultiPoint"",""coordinates"":[]}"
847_0000000000000000001b,1921943668,164903351,41620,H1,035,01448031,482,A,49035,+40.6678828,-111.9242397,06,,G4020,Salt Lake,Salt Lake County,49,2024-03-27,-0.8119530819231794,1711497600000,"{""type"":""MultiPoint"",""coordinates"":[]}"
848_0000000000000000001b,1921943668,164903351,41620,H1,035,01448031,482,A,49035,+40.6678828,-111.9242397,06,,G4020,Salt Lake,Salt Lake County,49,2024-03-28,2.3365947583316617,1711584000000,"{""type"":""MultiPoint"",""coordinates"":[]}"
849_0000000000000000001b,1921943668,164903351,41620,H1,035,01448031,482,A,49035,+40.6678828,-111.9242397,06,,G4020,Salt Lake,Salt Lake County,49,2024-03-29,1.7677767506655597,1711670400000,"{""type"":""MultiPoint"",""coordinates"":[]}"
850_0000000000000000001b,1921943668,164903351,41620,H1,035,01448031,482,A,49035,+40.6678828,-111.9242397,06,,G4020,Salt Lake,Salt Lake County,49,2024-03-30,3.2809415534387623,1711756800000,"{""type"":""MultiPoint"",""coordinates"":[]}"
851_0000000000000000001b,1921943668,164903351,41620,H1,035,01448031,482,A,49035,+40.6678828,-111.9242397,06,,G4020,Salt Lake,Salt Lake County,49,2024-03-31,2.625164675951364,1711843200000,"{""type"":""MultiPoint"",""coordinates"":[]}"
852_0000000000000000001b,1921943668,164903351,41620,H1,035,01448031,482,A,49035,+40.6678828,-111.9242397,06,,G4020,Salt Lake,Salt Lake County,49,2024-04-01,1.6690370740695204,1711929600000,"{""type"":""MultiPoint"",""coordinates"":[]}"
853_0000000000000000001b,1921943668,164903351,41620,H1,035,01448031,482,A,49035,+40.6678828,-111.9242397,06,,G4020,Salt Lake,Salt Lake County,49,2024-04-02,3.1971321107776416,1712016000000,"{""type"":""MultiPoint"",""coordinates"":[]}"
854_0000000000000000001b,1921943668,164903351,41620,H1,035,01448031,482,A,49035,+40.6678828,-111.9242397,06,,G4020,Salt Lake,Salt Lake County,49,2024-04-03,5.497903012342573,1712102400000,"{""type"":""MultiPoint"",""coordinates"":[]}"
855_0000000000000000001b,1921943668,164903351,41620,H1,035,01448031,482,A,49035,+40.6678828,-111.9242397,06,,G4020,Salt Lake,Salt Lake County,49,2024-04-04,7.959631438066599,1712188800000,"{""type"":""MultiPoint"",""coordinates"":[]}"
856_0000000000000000001b,1921943668,164903351,41620,H1,035,01448031,482,A,49035,+40.6678828,-111.9242397,06,,G4020,Salt Lake,Salt Lake County,49,2024-04-05,6.556147847609937,1712275200000,"{""type"":""MultiPoint"",""coordinates"":[]}"
857_0000000000000000001b,1921943668,164903351,41620,H1,035,01448031,482,A,49035,+40.6678828,-111.9242397,06,,G4020,Salt Lake,Salt Lake County,49,2024-04-06,-0.4967188897448729,1712361600000,"{""type"":""MultiPoint"",""coordinates"":[]}"
858_0000000000000000001b,1921943668,164903351,41620,H1,035,01448031,482,A,49035,+40.6678828,-111.9242397,06,,G4020,Salt Lake,Salt Lake County,49,2024-04-07,-0.278034460698053,1712448000000,"{""type"":""MultiPoint"",""coordinates"":[]}"
859_0000000000000000001b,1921943668,164903351,41620,H1,035,01448031,482,A,49035,+40.6678828,-111.9242397,06,,G4020,Salt Lake,Salt Lake County,49,2024-04-08,0.7053877066929525,1712534400000,"{""type"":""MultiPoint"",""coordinates"":[]}"
860_0000000000000000001b,1921943668,164903351,41620,H1,035,01448031,482,A,49035,+40.6678828,-111.9242397,06,,G4020,Salt Lake,Salt Lake County,49,2024-04-09,1.8519813475747755,1712620800000,"{""type"":""MultiPoint"",""coordinates"":[]}"
861_0000000000000000001b,1921943668,164903351,41620,H1,035,01448031,482,A,49035,+40.6678828,-111.9242397,06,,G4020,Salt Lake,Salt Lake County,49,2024-04-10,4.840854159797684,1712707200000,"{""type"":""MultiPoint"",""coordinates"":[]}"
862_0000000000000000001b,1921943668,164903351,41620,H1,035,01448031,482,A,49035,+40.6678828,-111.9242397,06,,G4020,Salt Lake,Salt Lake County,49,2024-04-11,5.7227039975670015,1712793600000,"{""type"":""MultiPoint"",""coordinates"":[]}"
863_0000000000000000001b,1921943668,164903351,41620,H1,035,01448031,482,A,49035,+40.6678828,-111.9242397,06,,G4020,Salt Lake,Salt Lake County,49,2024-04-12,9.189886548647632,1712880000000,"{""type"":""MultiPoint"",""coordinates"":[]}"
864_0000000000000000001b,1921943668,164903351,41620,H1,035,01448031,482,A,49035,+40.6678828,-111.9242397,06,,G4020,Salt Lake,Salt Lake County,49,2024-04-13,10.846014489977506,1712966400000,"{""type"":""MultiPoint"",""coordinates"":[]}"
865_0000000000000000001b,1921943668,164903351,41620,H1,035,01448031,482,A,49035,+40.6678828,-111.9242397,06,,G4020,Salt Lake,Salt Lake County,49,2024-04-14,8.966633992884146,1713052800000,"{""type"":""MultiPoint"",""coordinates"":[]}"
866_0000000000000000001b,1921943668,164903351,41620,H1,035,01448031,482,A,49035,+40.6678828,-111.9242397,06,,G4020,Salt Lake,Salt Lake County,49,2024-04-15,5.121866092490903,1713139200000,"{""type"":""MultiPoint"",""coordinates"":[]}"
867_0000000000000000001b,1921943668,164903351,41620,H1,035,01448031,482,A,49035,+40.6678828,-111.9242397,06,,G4020,Salt Lake,Salt Lake County,49,2024-04-16,5.34058692542839,1713225600000,"{""type"":""MultiPoint"",""coordinates"":[]}"
868_0000000000000000001b,1921943668,164903351,41620,H1,035,01448031,482,A,49035,+40.6678828,-111.9242397,06,,G4020,Salt Lake,Salt Lake County,49,2024-04-17,6.995151533418823,1713312000000,"{""type"":""MultiPoint"",""coordinates"":[]}"
869_0000000000000000001b,1921943668,164903351,41620,H1,035,01448031,482,A,49035,+40.6678828,-111.9242397,06,,G4020,Salt Lake,Salt Lake County,49,2024-04-18,4.068429786452945,1713398400000,"{""type"":""MultiPoint"",""coordinates"":[]}"
870_0000000000000000001b,1921943668,164903351,41620,H1,035,01448031,482,A,49035,+40.6678828,-111.9242397,06,,G4020,Salt Lake,Salt Lake County,49,2024-04-19,5.609136485189407,1713484800000,"{""type"":""MultiPoint"",""coordinates"":[]}"
871_0000000000000000001b,1921943668,164903351,41620,H1,035,01448031,482,A,49035,+40.6678828,-111.9242397,06,,G4020,Salt Lake,Salt Lake County,49,2024-04-20,7.212573935454639,1713571200000,"{""type"":""MultiPoint"",""coordinates"":[]}"
872_0000000000000000001b,1921943668,164903351,41620,H1,035,01448031,482,A,49035,+40.6678828,-111.9242397,06,,G4020,Salt Lake,Salt Lake County,49,2024-04-21,8.978246249888842,1713657600000,"{""type"":""MultiPoint"",""coordinates"":[]}"
873_0000000000000000001b,1921943668,164903351,41620,H1,035,01448031,482,A,49035,+40.6678828,-111.9242397,06,,G4020,Salt Lake,Salt Lake County,49,2024-04-22,11.723883769190444,1713744000000,"{""type"":""MultiPoint"",""coordinates"":[]}"
874_0000000000000000001b,1921943668,164903351,41620,H1,035,01448031,482,A,49035,+40.6678828,-111.9242397,06,,G4020,Salt Lake,Salt Lake County,49,2024-04-23,10.381126193882029,1713830400000,"{""type"":""MultiPoint"",""coordinates"":[]}"
875_0000000000000000001b,1921943668,164903351,41620,H1,035,01448031,482,A,49035,+40.6678828,-111.9242397,06,,G4020,Salt Lake,Salt Lake County,49,2024-04-24,11.265732333429343,1713916800000,"{""type"":""MultiPoint"",""coordinates"":[]}"
876_0000000000000000001b,1921943668,164903351,41620,H1,035,01448031,482,A,49035,+40.6678828,-111.9242397,06,,G4020,Salt Lake,Salt Lake County,49,2024-04-25,9.969963065726356,1714003200000,"{""type"":""MultiPoint"",""coordinates"":[]}"
877_0000000000000000001b,1921943668,164903351,41620,H1,035,01448031,482,A,49035,+40.6678828,-111.9242397,06,,G4020,Salt Lake,Salt Lake County,49,2024-04-26,7.012158586595783,1714089600000,"{""type"":""MultiPoint"",""coordinates"":[]}"
878_0000000000000000001b,1921943668,164903351,41620,H1,035,01448031,482,A,49035,+40.6678828,-111.9242397,06,,G4020,Salt Lake,Salt Lake County,49,2024-04-27,4.926036401220226,1714176000000,"{""type"":""MultiPoint"",""coordinates"":[]}"
879_0000000000000000001b,1921943668,164903351,41620,H1,035,01448031,482,A,49035,+40.6678828,-111.9242397,06,,G4020,Salt Lake,Salt Lake County,49,2024-04-28,6.142484818268936,1714262400000,"{""type"":""MultiPoint"",""coordinates"":[]}"
880_0000000000000000001b,1921943668,164903351,41620,H1,035,01448031,482,A,49035,+40.6678828,-111.9242397,06,,G4020,Salt Lake,Salt Lake County,49,2024-04-29,7.638380601671031,1714348800000,"{""type"":""MultiPoint"",""coordinates"":[]}"
881_0000000000000000001b,1921943668,164903351,41620,H1,035,01448031,482,A,49035,+40.6678828,-111.9242397,06,,G4020,Salt Lake,Salt Lake County,49,2024-04-30,6.690106207720738,1714435200000,"{""type"":""MultiPoint"",""coordinates"":[]}"
882_0000000000000000001b,1921943668,164903351,41620,H1,035,01448031,482,A,49035,+40.6678828,-111.9242397,06,,G4020,Salt Lake,Salt Lake County,49,2024-05-01,5.784889561549022,1714521600000,"{""type"":""MultiPoint"",""coordinates"":[]}"
883_0000000000000000001b,1921943668,164903351,41620,H1,035,01448031,482,A,49035,+40.6678828,-111.9242397,06,,G4020,Salt Lake,Salt Lake County,49,2024-05-02,5.337488732908725,1714608000000,"{""type"":""MultiPoint"",""coordinates"":[]}"
884_0000000000000000001b,1921943668,164903351,41620,H1,035,01448031,482,A,49035,+40.6678828,-111.9242397,06,,G4020,Salt Lake,Salt Lake County,49,2024-05-03,6.065109561816494,1714694400000,"{""type"":""MultiPoint"",""coordinates"":[]}"
885_0000000000000000001b,1921943668,164903351,41620,H1,035,01448031,482,A,49035,+40.6678828,-111.9242397,06,,G4020,Salt Lake,Salt Lake County,49,2024-05-04,6.813164956670885,1714780800000,"{""type"":""MultiPoint"",""coordinates"":[]}"
886_0000000000000000001b,1921943668,164903351,41620,H1,035,01448031,482,A,49035,+40.6678828,-111.9242397,06,,G4020,Salt Lake,Salt Lake County,49,2024-05-05,8.874487177894771,1714867200000,"{""type"":""MultiPoint"",""coordinates"":[]}"
887_0000000000000000001b,1921943668,164903351,41620,H1,035,01448031,482,A,49035,+40.6678828,-111.9242397,06,,G4020,Salt Lake,Salt Lake County,49,2024-05-06,1.9911522964892552,1714953600000,"{""type"":""MultiPoint"",""coordinates"":[]}"
888_0000000000000000001b,1921943668,164903351,41620,H1,035,01448031,482,A,49035,+40.6678828,-111.9242397,06,,G4020,Salt Lake,Salt Lake County,49,2024-05-07,3.316984066760838,1715040000000,"{""type"":""MultiPoint"",""coordinates"":[]}"
889_0000000000000000001b,1921943668,164903351,41620,H1,035,01448031,482,A,49035,+40.6678828,-111.9242397,06,,G4020,Salt Lake,Salt Lake County,49,2024-05-08,1.826169587273137,1715126400000,"{""type"":""MultiPoint"",""coordinates"":[]}"
890_0000000000000000001b,1921943668,164903351,41620,H1,035,01448031,482,A,49035,+40.6678828,-111.9242397,06,,G4020,Salt Lake,Salt Lake County,49,2024-05-09,4.062597432316203,1715212800000,"{""type"":""MultiPoint"",""coordinates"":[]}"
891_0000000000000000001b,1921943668,164903351,41620,H1,035,01448031,482,A,49035,+40.6678828,-111.9242397,06,,G4020,Salt Lake,Salt Lake County,49,2024-05-10,6.090157136385046,1715299200000,"{""type"":""MultiPoint"",""coordinates"":[]}"
892_0000000000000000001b,1921943668,164903351,41620,H1,035,01448031,482,A,49035,+40.6678828,-111.9242397,06,,G4020,Salt Lake,Salt Lake County,49,2024-05-11,7.1177069093252365,1715385600000,"{""type"":""MultiPoint"",""coordinates"":[]}"
893_0000000000000000001b,1921943668,164903351,41620,H1,035,01448031,482,A,49035,+40.6678828,-111.9242397,06,,G4020,Salt Lake,Salt Lake County,49,2024-05-12,10.604020263970236,1715472000000,"{""type"":""MultiPoint"",""coordinates"":[]}"
894_0000000000000000001b,1921943668,164903351,41620,H1,035,01448031,482,A,49035,+40.6678828,-111.9242397,06,,G4020,Salt Lake,Salt Lake County,49,2024-05-13,12.301760794039756,1715558400000,"{""type"":""MultiPoint"",""coordinates"":[]}"
895_0000000000000000001b,1921943668,164903351,41620,H1,035,01448031,482,A,49035,+40.6678828,-111.9242397,06,,G4020,Salt Lake,Salt Lake County,49,2024-05-14,12.987212330895966,1715644800000,"{""type"":""MultiPoint"",""coordinates"":[]}"
896_0000000000000000001b,1921943668,164903351,41620,H1,035,01448031,482,A,49035,+40.6678828,-111.9242397,06,,G4020,Salt Lake,Salt Lake County,49,2024-05-15,11.044713324936582,1715731200000,"{""type"":""MultiPoint"",""coordinates"":[]}"
897_0000000000000000001b,1921943668,164903351,41620,H1,035,01448031,482,A,49035,+40.6678828,-111.9242397,06,,G4020,Salt Lake,Salt Lake County,49,2024-05-16,11.71749370158375,1715817600000,"{""type"":""MultiPoint"",""coordinates"":[]}"
898_0000000000000000001b,1921943668,164903351,41620,H1,035,01448031,482,A,49035,+40.6678828,-111.9242397,06,,G4020,Salt Lake,Salt Lake County,49,2024-05-17,13.755358909821616,1715904000000,"{""type"":""MultiPoint"",""coordinates"":[]}"
899_0000000000000000001b,1921943668,164903351,41620,H1,035,01448031,482,A,49035,+40.6678828,-111.9242397,06,,G4020,Salt Lake,Salt Lake County,49,2024-05-18,14.504714268369241,1715990400000,"{""type"":""MultiPoint"",""coordinates"":[]}"
900_0000000000000000001b,1921943668,164903351,41620,H1,035,01448031,482,A,49035,+40.6678828,-111.9242397,06,,G4020,Salt Lake,Salt Lake County,49,2024-05-19,13.608923912321224,1716076800000,"{""type"":""MultiPoint"",""coordinates"":[]}"
901_0000000000000000001b,1921943668,164903351,41620,H1,035,01448031,482,A,49035,+40.6678828,-111.9242397,06,,G4020,Salt Lake,Salt Lake County,49,2024-05-20,10.382075717873294,1716163200000,"{""type"":""MultiPoint"",""coordinates"":[]}"
902_0000000000000000001b,1921943668,164903351,41620,H1,035,01448031,482,A,49035,+40.6678828,-111.9242397,06,,G4020,Salt Lake,Salt Lake County,49,2024-05-21,7.192947119374952,1716249600000,"{""type"":""MultiPoint"",""coordinates"":[]}"
903_0000000000000000001b,1921943668,164903351,41620,H1,035,01448031,482,A,49035,+40.6678828,-111.9242397,06,,G4020,Salt Lake,Salt Lake County,49,2024-05-22,9.354897103880406,1716336000000,"{""type"":""MultiPoint"",""coordinates"":[]}"
904_0000000000000000001b,1921943668,164903351,41620,H1,035,01448031,482,A,49035,+40.6678828,-111.9242397,06,,G4020,Salt Lake,Salt Lake County,49,2024-05-23,8.757375812303145,1716422400000,"{""type"":""MultiPoint"",""coordinates"":[]}"
905_0000000000000000001b,1921943668,164903351,41620,H1,035,01448031,482,A,49035,+40.6678828,-111.9242397,06,,G4020,Salt Lake,Salt Lake County,49,2024-05-24,8.411663958977472,1716508800000,"{""type"":""MultiPoint"",""coordinates"":[]}"
906_0000000000000000001b,1921943668,164903351,41620,H1,035,01448031,482,A,49035,+40.6678828,-111.9242397,06,,G4020,Salt Lake,Salt Lake County,49,2024-05-25,9.650766744327159,1716595200000,"{""type"":""MultiPoint"",""coordinates"":[]}"
907_0000000000000000001b,1921943668,164903351,41620,H1,035,01448031,482,A,49035,+40.6678828,-111.9242397,06,,G4020,Salt Lake,Salt Lake County,49,2024-05-26,9.543618674362417,1716681600000,"{""type"":""MultiPoint"",""coordinates"":[]}"
908_0000000000000000001b,1921943668,164903351,41620,H1,035,01448031,482,A,49035,+40.6678828,-111.9242397,06,,G4020,Salt Lake,Salt Lake County,49,2024-05-27,12.224653378815455,1716768000000,"{""type"":""MultiPoint"",""coordinates"":[]}"
909_0000000000000000001b,1921943668,164903351,41620,H1,035,01448031,482,A,49035,+40.6678828,-111.9242397,06,,G4020,Salt Lake,Salt Lake County,49,2024-05-28,15.4990146649697,1716854400000,"{""type"":""MultiPoint"",""coordinates"":[]}"
910_0000000000000000001b,1921943668,164903351,41620,H1,035,01448031,482,A,49035,+40.6678828,-111.9242397,06,,G4020,Salt Lake,Salt Lake County,49,2024-05-29,15.82822143561966,1716940800000,"{""type"":""MultiPoint"",""coordinates"":[]}"
911_0000000000000000001b,1921943668,164903351,41620,H1,035,01448031,482,A,49035,+40.6678828,-111.9242397,06,,G4020,Salt Lake,Salt Lake County,49,2024-05-30,12.81373249121265,1717027200000,"{""type"":""MultiPoint"",""coordinates"":[]}"
912_0000000000000000001b,1921943668,164903351,41620,H1,035,01448031,482,A,49035,+40.6678828,-111.9242397,06,,G4020,Salt Lake,Salt Lake County,49,2024-05-31,13.196094239889367,1717113600000,"{""type"":""MultiPoint"",""coordinates"":[]}"
913_0000000000000000001b,1921943668,164903351,41620,H1,035,01448031,482,A,49035,+40.6678828,-111.9242397,06,,G4020,Salt Lake,Salt Lake County,49,2024-06-01,15.6866991846233,1717200000000,"{""type"":""MultiPoint"",""coordinates"":[]}"
914_0000000000000000001b,1921943668,164903351,41620,H1,035,01448031,482,A,49035,+40.6678828,-111.9242397,06,,G4020,Salt Lake,Salt Lake County,49,2024-06-02,17.321156452562803,1717286400000,"{""type"":""MultiPoint"",""coordinates"":[]}"
915_0000000000000000001b,1921943668,164903351,41620,H1,035,01448031,482,A,49035,+40.6678828,-111.9242397,06,,G4020,Salt Lake,Salt Lake County,49,2024-06-03,17.257732121036028,1717372800000,"{""type"":""MultiPoint"",""coordinates"":[]}"
916_0000000000000000001b,1921943668,164903351,41620,H1,035,01448031,482,A,49035,+40.6678828,-111.9242397,06,,G4020,Salt Lake,Salt Lake County,49,2024-06-04,16.116994991857332,1717459200000,"{""type"":""MultiPoint"",""coordinates"":[]}"
917_0000000000000000001b,1921943668,164903351,41620,H1,035,01448031,482,A,49035,+40.6678828,-111.9242397,06,,G4020,Salt Lake,Salt Lake County,49,2024-06-05,17.26478191079218,1717545600000,"{""type"":""MultiPoint"",""coordinates"":[]}"
918_0000000000000000001b,1921943668,164903351,41620,H1,035,01448031,482,A,49035,+40.6678828,-111.9242397,06,,G4020,Salt Lake,Salt Lake County,49,2024-06-06,20.08704912752328,1717632000000,"{""type"":""MultiPoint"",""coordinates"":[]}"
919_0000000000000000001b,1921943668,164903351,41620,H1,035,01448031,482,A,49035,+40.6678828,-111.9242397,06,,G4020,Salt Lake,Salt Lake County,49,2024-06-07,22.158533487424567,1717718400000,"{""type"":""MultiPoint"",""coordinates"":[]}"
920_0000000000000000001b,1921943668,164903351,41620,H1,035,01448031,482,A,49035,+40.6678828,-111.9242397,06,,G4020,Salt Lake,Salt Lake County,49,2024-06-08,21.106077761052074,1717804800000,"{""type"":""MultiPoint"",""coordinates"":[]}"
921_0000000000000000001b,1921943668,164903351,41620,H1,035,01448031,482,A,49035,+40.6678828,-111.9242397,06,,G4020,Salt Lake,Salt Lake County,49,2024-06-09,22.19171124532445,1717891200000,"{""type"":""MultiPoint"",""coordinates"":[]}"
922_0000000000000000001b,1921943668,164903351,41620,H1,035,01448031,482,A,49035,+40.6678828,-111.9242397,06,,G4020,Salt Lake,Salt Lake County,49,2024-06-10,21.891430268585562,1717977600000,"{""type"":""MultiPoint"",""coordinates"":[]}"
923_0000000000000000001b,1921943668,164903351,41620,H1,035,01448031,482,A,49035,+40.6678828,-111.9242397,06,,G4020,Salt Lake,Salt Lake County,49,2024-06-11,20.944865144248478,1718064000000,"{""type"":""MultiPoint"",""coordinates"":[]}"
924_0000000000000000001b,1921943668,164903351,41620,H1,035,01448031,482,A,49035,+40.6678828,-111.9242397,06,,G4020,Salt Lake,Salt Lake County,49,2024-06-12,22.709396824907245,1718150400000,"{""type"":""MultiPoint"",""coordinates"":[]}"
925_0000000000000000001b,1921943668,164903351,41620,H1,035,01448031,482,A,49035,+40.6678828,-111.9242397,06,,G4020,Salt Lake,Salt Lake County,49,2024-06-13,24.523277379855944,1718236800000,"{""type"":""MultiPoint"",""coordinates"":[]}"
926_0000000000000000001b,1921943668,164903351,41620,H1,035,01448031,482,A,49035,+40.6678828,-111.9242397,06,,G4020,Salt Lake,Salt Lake County,49,2024-06-14,24.67973893619915,1718323200000,"{""type"":""MultiPoint"",""coordinates"":[]}"
927_0000000000000000001b,1921943668,164903351,41620,H1,035,01448031,482,A,49035,+40.6678828,-111.9242397,06,,G4020,Salt Lake,Salt Lake County,49,2024-06-15,21.530676010670323,1718409600000,"{""type"":""MultiPoint"",""coordinates"":[]}"
928_0000000000000000001b,1921943668,164903351,41620,H1,035,01448031,482,A,49035,+40.6678828,-111.9242397,06,,G4020,Salt Lake,Salt Lake County,49,2024-06-16,18.41260642041239,1718496000000,"{""type"":""MultiPoint"",""coordinates"":[]}"
929_0000000000000000001b,1921943668,164903351,41620,H1,035,01448031,482,A,49035,+40.6678828,-111.9242397,06,,G4020,Salt Lake,Salt Lake County,49,2024-06-17,17.597725435365223,1718582400000,"{""type"":""MultiPoint"",""coordinates"":[]}"
930_0000000000000000001b,1921943668,164903351,41620,H1,035,01448031,482,A,49035,+40.6678828,-111.9242397,06,,G4020,Salt Lake,Salt Lake County,49,2024-06-18,9.80925228298992,1718668800000,"{""type"":""MultiPoint"",""coordinates"":[]}"
931_0000000000000000001b,1921943668,164903351,41620,H1,035,01448031,482,A,49035,+40.6678828,-111.9242397,06,,G4020,Salt Lake,Salt Lake County,49,2024-06-19,14.558980328546703,1718755200000,"{""type"":""MultiPoint"",""coordinates"":[]}"
932_0000000000000000001b,1921943668,164903351,41620,H1,035,01448031,482,A,49035,+40.6678828,-111.9242397,06,,G4020,Salt Lake,Salt Lake County,49,2024-06-20,18.470794292080694,1718841600000,"{""type"":""MultiPoint"",""coordinates"":[]}"
933_0000000000000000001b,1921943668,164903351,41620,H1,035,01448031,482,A,49035,+40.6678828,-111.9242397,06,,G4020,Salt Lake,Salt Lake County,49,2024-06-21,20.81344274667316,1718928000000,"{""type"":""MultiPoint"",""coordinates"":[]}"
934_0000000000000000001b,1921943668,164903351,41620,H1,035,01448031,482,A,49035,+40.6678828,-111.9242397,06,,G4020,Salt Lake,Salt Lake County,49,2024-06-22,21.85995741586319,1719014400000,"{""type"":""MultiPoint"",""coordinates"":[]}"
935_0000000000000000001b,1921943668,164903351,41620,H1,035,01448031,482,A,49035,+40.6678828,-111.9242397,06,,G4020,Salt Lake,Salt Lake County,49,2024-06-23,24.48791774991701,1719100800000,"{""type"":""MultiPoint"",""coordinates"":[]}"
936_0000000000000000001b,1921943668,164903351,41620,H1,035,01448031,482,A,49035,+40.6678828,-111.9242397,06,,G4020,Salt Lake,Salt Lake County,49,2024-06-24,25.29391299999496,1719187200000,"{""type"":""MultiPoint"",""coordinates"":[]}"
937_0000000000000000001b,1921943668,164903351,41620,H1,035,01448031,482,A,49035,+40.6678828,-111.9242397,06,,G4020,Salt Lake,Salt Lake County,49,2024-06-25,24.722766001951044,1719273600000,"{""type"":""MultiPoint"",""coordinates"":[]}"
938_0000000000000000001b,1921943668,164903351,41620,H1,035,01448031,482,A,49035,+40.6678828,-111.9242397,06,,G4020,Salt Lake,Salt Lake County,49,2024-06-26,24.412010465011644,1719360000000,"{""type"":""MultiPoint"",""coordinates"":[]}"
939_0000000000000000001b,1921943668,164903351,41620,H1,035,01448031,482,A,49035,+40.6678828,-111.9242397,06,,G4020,Salt Lake,Salt Lake County,49,2024-06-27,23.46429958243456,1719446400000,"{""type"":""MultiPoint"",""coordinates"":[]}"
940_0000000000000000001b,1921943668,164903351,41620,H1,035,01448031,482,A,49035,+40.6678828,-111.9242397,06,,G4020,Salt Lake,Salt Lake County,49,2024-06-28,20.396014155986844,1719532800000,"{""type"":""MultiPoint"",""coordinates"":[]}"
941_0000000000000000001b,1921943668,164903351,41620,H1,035,01448031,482,A,49035,+40.6678828,-111.9242397,06,,G4020,Salt Lake,Salt Lake County,49,2024-06-29,21.741277583371946,1719619200000,"{""type"":""MultiPoint"",""coordinates"":[]}"
942_0000000000000000001b,1921943668,164903351,41620,H1,035,01448031,482,A,49035,+40.6678828,-111.9242397,06,,G4020,Salt Lake,Salt Lake County,49,2024-06-30,25.061664141435333,1719705600000,"{""type"":""MultiPoint"",""coordinates"":[]}"
943_0000000000000000001b,1921943668,164903351,41620,H1,035,01448031,482,A,49035,+40.6678828,-111.9242397,06,,G4020,Salt Lake,Salt Lake County,49,2024-07-01,22.16650693508691,1719792000000,"{""type"":""MultiPoint"",""coordinates"":[]}"
944_0000000000000000001b,1921943668,164903351,41620,H1,035,01448031,482,A,49035,+40.6678828,-111.9242397,06,,G4020,Salt Lake,Salt Lake County,49,2024-07-02,19.19229473901695,1719878400000,"{""type"":""MultiPoint"",""coordinates"":[]}"
945_0000000000000000001b,1921943668,164903351,41620,H1,035,01448031,482,A,49035,+40.6678828,-111.9242397,06,,G4020,Salt Lake,Salt Lake County,49,2024-07-03,19.532580138185132,1719964800000,"{""type"":""MultiPoint"",""coordinates"":[]}"
946_0000000000000000001b,1921943668,164903351,41620,H1,035,01448031,482,A,49035,+40.6678828,-111.9242397,06,,G4020,Salt Lake,Salt Lake County,49,2024-07-04,20.43789796424471,1720051200000,"{""type"":""MultiPoint"",""coordinates"":[]}"
947_0000000000000000001b,1921943668,164903351,41620,H1,035,01448031,482,A,49035,+40.6678828,-111.9242397,06,,G4020,Salt Lake,Salt Lake County,49,2024-07-05,19.958027945078737,1720137600000,"{""type"":""MultiPoint"",""coordinates"":[]}"
948_0000000000000000001b,1921943668,164903351,41620,H1,035,01448031,482,A,49035,+40.6678828,-111.9242397,06,,G4020,Salt Lake,Salt Lake County,49,2024-07-06,22.34572929633365,1720224000000,"{""type"":""MultiPoint"",""coordinates"":[]}"
949_0000000000000000001b,1921943668,164903351,41620,H1,035,01448031,482,A,49035,+40.6678828,-111.9242397,06,,G4020,Salt Lake,Salt Lake County,49,2024-07-07,24.544140131472417,1720310400000,"{""type"":""MultiPoint"",""coordinates"":[]}"
950_0000000000000000001b,1921943668,164903351,41620,H1,035,01448031,482,A,49035,+40.6678828,-111.9242397,06,,G4020,Salt Lake,Salt Lake County,49,2024-07-08,22.456904705194987,1720396800000,"{""type"":""MultiPoint"",""coordinates"":[]}"
951_0000000000000000001b,1921943668,164903351,41620,H1,035,01448031,482,A,49035,+40.6678828,-111.9242397,06,,G4020,Salt Lake,Salt Lake County,49,2024-07-09,23.423178855703192,1720483200000,"{""type"":""MultiPoint"",""coordinates"":[]}"
952_0000000000000000001b,1921943668,164903351,41620,H1,035,01448031,482,A,49035,+40.6678828,-111.9242397,06,,G4020,Salt Lake,Salt Lake County,49,2024-07-10,25.241875116132732,1720569600000,"{""type"":""MultiPoint"",""coordinates"":[]}"
953_0000000000000000001b,1921943668,164903351,41620,H1,035,01448031,482,A,49035,+40.6678828,-111.9242397,06,,G4020,Salt Lake,Salt Lake County,49,2024-07-11,26.73219933734946,1720656000000,"{""type"":""MultiPoint"",""coordinates"":[]}"
954_0000000000000000001b,1921943668,164903351,41620,H1,035,01448031,482,A,49035,+40.6678828,-111.9242397,06,,G4020,Salt Lake,Salt Lake County,49,2024-07-12,27.111780723459017,1720742400000,"{""type"":""MultiPoint"",""coordinates"":[]}"
955_0000000000000000001b,1921943668,164903351,41620,H1,035,01448031,482,A,49035,+40.6678828,-111.9242397,06,,G4020,Salt Lake,Salt Lake County,49,2024-07-13,27.0535657356055,1720828800000,"{""type"":""MultiPoint"",""coordinates"":[]}"
956_0000000000000000001b,1921943668,164903351,41620,H1,035,01448031,482,A,49035,+40.6678828,-111.9242397,06,,G4020,Salt Lake,Salt Lake County,49,2024-07-14,28.17902878218741,1720915200000,"{""type"":""MultiPoint"",""coordinates"":[]}"
957_0000000000000000001b,1921943668,164903351,41620,H1,035,01448031,482,A,49035,+40.6678828,-111.9242397,06,,G4020,Salt Lake,Salt Lake County,49,2024-07-15,26.387566343897802,1721001600000,"{""type"":""MultiPoint"",""coordinates"":[]}"
958_0000000000000000001b,1921943668,164903351,41620,H1,035,01448031,482,A,49035,+40.6678828,-111.9242397,06,,G4020,Salt Lake,Salt Lake County,49,2024-07-16,24.140016656747378,1721088000000,"{""type"":""MultiPoint"",""coordinates"":[]}"
959_0000000000000000001b,1921943668,164903351,41620,H1,035,01448031,482,A,49035,+40.6678828,-111.9242397,06,,G4020,Salt Lake,Salt Lake County,49,2024-07-17,24.63116822613385,1721174400000,"{""type"":""MultiPoint"",""coordinates"":[]}"
960_0000000000000000001b,1921943668,164903351,41620,H1,035,01448031,482,A,49035,+40.6678828,-111.9242397,06,,G4020,Salt Lake,Salt Lake County,49,2024-07-18,25.966040634097077,1721260800000,"{""type"":""MultiPoint"",""coordinates"":[]}"
961_0000000000000000001b,1921943668,164903351,41620,H1,035,01448031,482,A,49035,+40.6678828,-111.9242397,06,,G4020,Salt Lake,Salt Lake County,49,2024-07-19,25.59481819527574,1721347200000,"{""type"":""MultiPoint"",""coordinates"":[]}"
962_0000000000000000001b,1921943668,164903351,41620,H1,035,01448031,482,A,49035,+40.6678828,-111.9242397,06,,G4020,Salt Lake,Salt Lake County,49,2024-07-20,25.836410831529665,1721433600000,"{""type"":""MultiPoint"",""coordinates"":[]}"
963_0000000000000000001b,1921943668,164903351,41620,H1,035,01448031,482,A,49035,+40.6678828,-111.9242397,06,,G4020,Salt Lake,Salt Lake County,49,2024-07-21,25.556481812804112,1721520000000,"{""type"":""MultiPoint"",""coordinates"":[]}"
964_0000000000000000001b,1921943668,164903351,41620,H1,035,01448031,482,A,49035,+40.6678828,-111.9242397,06,,G4020,Salt Lake,Salt Lake County,49,2024-07-22,25.015460624931336,1721606400000,"{""type"":""MultiPoint"",""coordinates"":[]}"
965_0000000000000000001b,1921943668,164903351,41620,H1,035,01448031,482,A,49035,+40.6678828,-111.9242397,06,,G4020,Salt Lake,Salt Lake County,49,2024-07-23,26.000058262997396,1721692800000,"{""type"":""MultiPoint"",""coordinates"":[]}"
966_0000000000000000001b,1921943668,164903351,41620,H1,035,01448031,482,A,49035,+40.6678828,-111.9242397,06,,G4020,Salt Lake,Salt Lake County,49,2024-07-24,26.391729131652248,1721779200000,"{""type"":""MultiPoint"",""coordinates"":[]}"
967_0000000000000000001b,1921943668,164903351,41620,H1,035,01448031,482,A,49035,+40.6678828,-111.9242397,06,,G4020,Salt Lake,Salt Lake County,49,2024-07-25,26.319068078990227,1721865600000,"{""type"":""MultiPoint"",""coordinates"":[]}"
968_0000000000000000001b,1921943668,164903351,41620,H1,035,01448031,482,A,49035,+40.6678828,-111.9242397,06,,G4020,Salt Lake,Salt Lake County,49,2024-07-26,24.61452743010007,1721952000000,"{""type"":""MultiPoint"",""coordinates"":[]}"
969_0000000000000000001b,1921943668,164903351,41620,H1,035,01448031,482,A,49035,+40.6678828,-111.9242397,06,,G4020,Salt Lake,Salt Lake County,49,2024-07-27,23.992464272203943,1722038400000,"{""type"":""MultiPoint"",""coordinates"":[]}"
970_0000000000000000001b,1921943668,164903351,41620,H1,035,01448031,482,A,49035,+40.6678828,-111.9242397,06,,G4020,Salt Lake,Salt Lake County,49,2024-07-28,23.420565286362585,1722124800000,"{""type"":""MultiPoint"",""coordinates"":[]}"
971_0000000000000000001b,1921943668,164903351,41620,H1,035,01448031,482,A,49035,+40.6678828,-111.9242397,06,,G4020,Salt Lake,Salt Lake County,49,2024-07-29,23.291411772670223,1722211200000,"{""type"":""MultiPoint"",""coordinates"":[]}"
972_0000000000000000001b,1921943668,164903351,41620,H1,035,01448031,482,A,49035,+40.6678828,-111.9242397,06,,G4020,Salt Lake,Salt Lake County,49,2024-07-30,23.775072222206237,1722297600000,"{""type"":""MultiPoint"",""coordinates"":[]}"
973_0000000000000000001b,1921943668,164903351,41620,H1,035,01448031,482,A,49035,+40.6678828,-111.9242397,06,,G4020,Salt Lake,Salt Lake County,49,2024-07-31,23.296165649857958,1722384000000,"{""type"":""MultiPoint"",""coordinates"":[]}"
974_0000000000000000001b,1921943668,164903351,41620,H1,035,01448031,482,A,49035,+40.6678828,-111.9242397,06,,G4020,Salt Lake,Salt Lake County,49,2024-08-01,24.22296096281491,1722470400000,"{""type"":""MultiPoint"",""coordinates"":[]}"
975_0000000000000000001b,1921943668,164903351,41620,H1,035,01448031,482,A,49035,+40.6678828,-111.9242397,06,,G4020,Salt Lake,Salt Lake County,49,2024-08-02,25.980727747570196,1722556800000,"{""type"":""MultiPoint"",""coordinates"":[]}"
976_0000000000000000001b,1921943668,164903351,41620,H1,035,01448031,482,A,49035,+40.6678828,-111.9242397,06,,G4020,Salt Lake,Salt Lake County,49,2024-08-03,27.08445716788786,1722643200000,"{""type"":""MultiPoint"",""coordinates"":[]}"
977_0000000000000000001b,1921943668,164903351,41620,H1,035,01448031,482,A,49035,+40.6678828,-111.9242397,06,,G4020,Salt Lake,Salt Lake County,49,2024-08-04,26.033543450387846,1722729600000,"{""type"":""MultiPoint"",""coordinates"":[]}"
978_0000000000000000001b,1921943668,164903351,41620,H1,035,01448031,482,A,49035,+40.6678828,-111.9242397,06,,G4020,Salt Lake,Salt Lake County,49,2024-08-05,26.177039487781464,1722816000000,"{""type"":""MultiPoint"",""coordinates"":[]}"
979_0000000000000000001b,1921943668,164903351,41620,H1,035,01448031,482,A,49035,+40.6678828,-111.9242397,06,,G4020,Salt Lake,Salt Lake County,49,2024-08-06,26.845205077433764,1722902400000,"{""type"":""MultiPoint"",""coordinates"":[]}"
980_0000000000000000001b,1921943668,164903351,41620,H1,035,01448031,482,A,49035,+40.6678828,-111.9242397,06,,G4020,Salt Lake,Salt Lake County,49,2024-08-07,27.002302521981694,1722988800000,"{""type"":""MultiPoint"",""coordinates"":[]}"
981_0000000000000000001b,1921943668,164903351,41620,H1,035,01448031,482,A,49035,+40.6678828,-111.9242397,06,,G4020,Salt Lake,Salt Lake County,49,2024-08-08,26.096611157018472,1723075200000,"{""type"":""MultiPoint"",""coordinates"":[]}"
982_0000000000000000001b,1921943668,164903351,41620,H1,035,01448031,482,A,49035,+40.6678828,-111.9242397,06,,G4020,Salt Lake,Salt Lake County,49,2024-08-09,25.287951908648232,1723161600000,"{""type"":""MultiPoint"",""coordinates"":[]}"
983_0000000000000000001b,1921943668,164903351,41620,H1,035,01448031,482,A,49035,+40.6678828,-111.9242397,06,,G4020,Salt Lake,Salt Lake County,49,2024-08-10,25.391628093292013,1723248000000,"{""type"":""MultiPoint"",""coordinates"":[]}"
984_0000000000000000001b,1921943668,164903351,41620,H1,035,01448031,482,A,49035,+40.6678828,-111.9242397,06,,G4020,Salt Lake,Salt Lake County,49,2024-08-11,24.86238020486248,1723334400000,"{""type"":""MultiPoint"",""coordinates"":[]}"
985_0000000000000000001b,1921943668,164903351,41620,H1,035,01448031,482,A,49035,+40.6678828,-111.9242397,06,,G4020,Salt Lake,Salt Lake County,49,2024-08-12,22.673153130600006,1723420800000,"{""type"":""MultiPoint"",""coordinates"":[]}"
986_0000000000000000001b,1921943668,164903351,41620,H1,035,01448031,482,A,49035,+40.6678828,-111.9242397,06,,G4020,Salt Lake,Salt Lake County,49,2024-08-13,20.445778096262273,1723507200000,"{""type"":""MultiPoint"",""coordinates"":[]}"
987_0000000000000000001b,1921943668,164903351,41620,H1,035,01448031,482,A,49035,+40.6678828,-111.9242397,06,,G4020,Salt Lake,Salt Lake County,49,2024-08-14,18.721922026649235,1723593600000,"{""type"":""MultiPoint"",""coordinates"":[]}"
988_0000000000000000001b,1921943668,164903351,41620,H1,035,01448031,482,A,49035,+40.6678828,-111.9242397,06,,G4020,Salt Lake,Salt Lake County,49,2024-08-15,20.30994518682058,1723680000000,"{""type"":""MultiPoint"",""coordinates"":[]}"
989_0000000000000000001b,1921943668,164903351,41620,H1,035,01448031,482,A,49035,+40.6678828,-111.9242397,06,,G4020,Salt Lake,Salt Lake County,49,2024-08-16,23.164772525945644,1723766400000,"{""type"":""MultiPoint"",""coordinates"":[]}"
990_0000000000000000001b,1921943668,164903351,41620,H1,035,01448031,482,A,49035,+40.6678828,-111.9242397,06,,G4020,Salt Lake,Salt Lake County,49,2024-08-17,21.507685667409998,1723852800000,"{""type"":""MultiPoint"",""coordinates"":[]}"
991_0000000000000000001b,1921943668,164903351,41620,H1,035,01448031,482,A,49035,+40.6678828,-111.9242397,06,,G4020,Salt Lake,Salt Lake County,49,2024-08-18,21.582159417643133,1723939200000,"{""type"":""MultiPoint"",""coordinates"":[]}"
992_0000000000000000001b,1921943668,164903351,41620,H1,035,01448031,482,A,49035,+40.6678828,-111.9242397,06,,G4020,Salt Lake,Salt Lake County,49,2024-08-19,21.12546580855372,1724025600000,"{""type"":""MultiPoint"",""coordinates"":[]}"
993_0000000000000000001b,1921943668,164903351,41620,H1,035,01448031,482,A,49035,+40.6678828,-111.9242397,06,,G4020,Salt Lake,Salt Lake County,49,2024-08-20,22.979879878439355,1724112000000,"{""type"":""MultiPoint"",""coordinates"":[]}"
994_0000000000000000001b,1921943668,164903351,41620,H1,035,01448031,482,A,49035,+40.6678828,-111.9242397,06,,G4020,Salt Lake,Salt Lake County,49,2024-08-21,24.293871370496575,1724198400000,"{""type"":""MultiPoint"",""coordinates"":[]}"
995_0000000000000000001b,1921943668,164903351,41620,H1,035,01448031,482,A,49035,+40.6678828,-111.9242397,06,,G4020,Salt Lake,Salt Lake County,49,2024-08-22,21.871129846459215,1724284800000,"{""type"":""MultiPoint"",""coordinates"":[]}"
996_0000000000000000001b,1921943668,164903351,41620,H1,035,01448031,482,A,49035,+40.6678828,-111.9242397,06,,G4020,Salt Lake,Salt Lake County,49,2024-08-23,21.85644156038052,1724371200000,"{""type"":""MultiPoint"",""coordinates"":[]}"
997_0000000000000000001b,1921943668,164903351,41620,H1,035,01448031,482,A,49035,+40.6678828,-111.9242397,06,,G4020,Salt Lake,Salt Lake County,49,2024-08-24,22.310936435450266,1724457600000,"{""type"":""MultiPoint"",""coordinates"":[]}"
998_0000000000000000001b,1921943668,164903351,41620,H1,035,01448031,482,A,49035,+40.6678828,-111.9242397,06,,G4020,Salt Lake,Salt Lake County,49,2024-08-25,19.604056462845936,1724544000000,"{""type"":""MultiPoint"",""coordinates"":[]}"
999_0000000000000000001b,1921943668,164903351,41620,H1,035,01448031,482,A,49035,+40.6678828,-111.9242397,06,,G4020,Salt Lake,Salt Lake County,49,2024-08-26,16.359626636677973,1724630400000,"{""type"":""MultiPoint"",""coordinates"":[]}"
1000_0000000000000000001b,1921943668,164903351,41620,H1,035,01448031,482,A,49035,+40.6678828,-111.9242397,06,,G4020,Salt Lake,Salt Lake County,49,2024-08-27,17.788471660332068,1724716800000,"{""type"":""MultiPoint"",""coordinates"":[]}"
1001_0000000000000000001b,1921943668,164903351,41620,H1,035,01448031,482,A,49035,+40.6678828,-111.9242397,06,,G4020,Salt Lake,Salt Lake County,49,2024-08-28,20.493073280345403,1724803200000,"{""type"":""MultiPoint"",""coordinates"":[]}"
1002_0000000000000000001b,1921943668,164903351,41620,H1,035,01448031,482,A,49035,+40.6678828,-111.9242397,06,,G4020,Salt Lake,Salt Lake County,49,2024-08-29,19.197757127549938,1724889600000,"{""type"":""MultiPoint"",""coordinates"":[]}"
1003_0000000000000000001b,1921943668,164903351,41620,H1,035,01448031,482,A,49035,+40.6678828,-111.9242397,06,,G4020,Salt Lake,Salt Lake County,49,2024-08-30,17.830803574547083,1724976000000,"{""type"":""MultiPoint"",""coordinates"":[]}"
1004_0000000000000000001b,1921943668,164903351,41620,H1,035,01448031,482,A,49035,+40.6678828,-111.9242397,06,,G4020,Salt Lake,Salt Lake County,49,2024-08-31,19.541130922724097,1725062400000,"{""type"":""MultiPoint"",""coordinates"":[]}"
1005_0000000000000000001b,1921943668,164903351,41620,H1,035,01448031,482,A,49035,+40.6678828,-111.9242397,06,,G4020,Salt Lake,Salt Lake County,49,2024-09-01,21.286398456593506,1725148800000,"{""type"":""MultiPoint"",""coordinates"":[]}"
1006_0000000000000000001b,1921943668,164903351,41620,H1,035,01448031,482,A,49035,+40.6678828,-111.9242397,06,,G4020,Salt Lake,Salt Lake County,49,2024-09-02,22.668950670539747,1725235200000,"{""type"":""MultiPoint"",""coordinates"":[]}"
1007_0000000000000000001b,1921943668,164903351,41620,H1,035,01448031,482,A,49035,+40.6678828,-111.9242397,06,,G4020,Salt Lake,Salt Lake County,49,2024-09-03,23.194638028779284,1725321600000,"{""type"":""MultiPoint"",""coordinates"":[]}"
1008_0000000000000000001b,1921943668,164903351,41620,H1,035,01448031,482,A,49035,+40.6678828,-111.9242397,06,,G4020,Salt Lake,Salt Lake County,49,2024-09-04,19.79527217135524,1725408000000,"{""type"":""MultiPoint"",""coordinates"":[]}"
1009_0000000000000000001b,1921943668,164903351,41620,H1,035,01448031,482,A,49035,+40.6678828,-111.9242397,06,,G4020,Salt Lake,Salt Lake County,49,2024-09-05,18.645507009539898,1725494400000,"{""type"":""MultiPoint"",""coordinates"":[]}"
1010_0000000000000000001b,1921943668,164903351,41620,H1,035,01448031,482,A,49035,+40.6678828,-111.9242397,06,,G4020,Salt Lake,Salt Lake County,49,2024-09-06,19.980919592461262,1725580800000,"{""type"":""MultiPoint"",""coordinates"":[]}"
1011_0000000000000000001b,1921943668,164903351,41620,H1,035,01448031,482,A,49035,+40.6678828,-111.9242397,06,,G4020,Salt Lake,Salt Lake County,49,2024-09-07,21.077679275636413,1725667200000,"{""type"":""MultiPoint"",""coordinates"":[]}"
1012_0000000000000000001b,1921943668,164903351,41620,H1,035,01448031,482,A,49035,+40.6678828,-111.9242397,06,,G4020,Salt Lake,Salt Lake County,49,2024-09-08,21.491911416697317,1725753600000,"{""type"":""MultiPoint"",""coordinates"":[]}"
1013_0000000000000000001b,1921943668,164903351,41620,H1,035,01448031,482,A,49035,+40.6678828,-111.9242397,06,,G4020,Salt Lake,Salt Lake County,49,2024-09-09,21.7769049026424,1725840000000,"{""type"":""MultiPoint"",""coordinates"":[]}"
1014_0000000000000000001b,1921943668,164903351,41620,H1,035,01448031,482,A,49035,+40.6678828,-111.9242397,06,,G4020,Salt Lake,Salt Lake County,49,2024-09-10,21.54782153717611,1725926400000,"{""type"":""MultiPoint"",""coordinates"":[]}"
1015_0000000000000000001b,1921943668,164903351,41620,H1,035,01448031,482,A,49035,+40.6678828,-111.9242397,06,,G4020,Salt Lake,Salt Lake County,49,2024-09-11,21.947797952087157,1726012800000,"{""type"":""MultiPoint"",""coordinates"":[]}"
1016_0000000000000000001b,1921943668,164903351,41620,H1,035,01448031,482,A,49035,+40.6678828,-111.9242397,06,,G4020,Salt Lake,Salt Lake County,49,2024-09-12,16.50131448264572,1726099200000,"{""type"":""MultiPoint"",""coordinates"":[]}"
1017_0000000000000000001b,1921943668,164903351,41620,H1,035,01448031,482,A,49035,+40.6678828,-111.9242397,06,,G4020,Salt Lake,Salt Lake County,49,2024-09-13,13.618787681095728,1726185600000,"{""type"":""MultiPoint"",""coordinates"":[]}"
1018_0000000000000000001b,1921943668,164903351,41620,H1,035,01448031,482,A,49035,+40.6678828,-111.9242397,06,,G4020,Salt Lake,Salt Lake County,49,2024-09-14,16.053419603594296,1726272000000,"{""type"":""MultiPoint"",""coordinates"":[]}"
1019_0000000000000000001b,1921943668,164903351,41620,H1,035,01448031,482,A,49035,+40.6678828,-111.9242397,06,,G4020,Salt Lake,Salt Lake County,49,2024-09-15,19.059882229035072,1726358400000,"{""type"":""MultiPoint"",""coordinates"":[]}"
1020_0000000000000000001b,1921943668,164903351,41620,H1,035,01448031,482,A,49035,+40.6678828,-111.9242397,06,,G4020,Salt Lake,Salt Lake County,49,2024-09-16,19.2915568523198,1726444800000,"{""type"":""MultiPoint"",""coordinates"":[]}"
1021_0000000000000000001b,1921943668,164903351,41620,H1,035,01448031,482,A,49035,+40.6678828,-111.9242397,06,,G4020,Salt Lake,Salt Lake County,49,2024-09-17,14.658704927232547,1726531200000,"{""type"":""MultiPoint"",""coordinates"":[]}"
1022_0000000000000000001b,1921943668,164903351,41620,H1,035,01448031,482,A,49035,+40.6678828,-111.9242397,06,,G4020,Salt Lake,Salt Lake County,49,2024-09-18,11.93338654190232,1726617600000,"{""type"":""MultiPoint"",""coordinates"":[]}"
1023_0000000000000000001b,1921943668,164903351,41620,H1,035,01448031,482,A,49035,+40.6678828,-111.9242397,06,,G4020,Salt Lake,Salt Lake County,49,2024-09-19,13.679836788914251,1726704000000,"{""type"":""MultiPoint"",""coordinates"":[]}"
1024_0000000000000000001b,1921943668,164903351,41620,H1,035,01448031,482,A,49035,+40.6678828,-111.9242397,06,,G4020,Salt Lake,Salt Lake County,49,2024-09-20,15.256240859279549,1726790400000,"{""type"":""MultiPoint"",""coordinates"":[]}"
1025_0000000000000000001b,1921943668,164903351,41620,H1,035,01448031,482,A,49035,+40.6678828,-111.9242397,06,,G4020,Salt Lake,Salt Lake County,49,2024-09-21,15.892997433540101,1726876800000,"{""type"":""MultiPoint"",""coordinates"":[]}"
1026_0000000000000000001b,1921943668,164903351,41620,H1,035,01448031,482,A,49035,+40.6678828,-111.9242397,06,,G4020,Salt Lake,Salt Lake County,49,2024-09-22,15.530200801625636,1726963200000,"{""type"":""MultiPoint"",""coordinates"":[]}"
1027_0000000000000000001b,1921943668,164903351,41620,H1,035,01448031,482,A,49035,+40.6678828,-111.9242397,06,,G4020,Salt Lake,Salt Lake County,49,2024-09-23,15.271385451732073,1727049600000,"{""type"":""MultiPoint"",""coordinates"":[]}"
1028_0000000000000000001b,1921943668,164903351,41620,H1,035,01448031,482,A,49035,+40.6678828,-111.9242397,06,,G4020,Salt Lake,Salt Lake County,49,2024-09-24,15.9568044583344,1727136000000,"{""type"":""MultiPoint"",""coordinates"":[]}"
1029_0000000000000000001b,1921943668,164903351,41620,H1,035,01448031,482,A,49035,+40.6678828,-111.9242397,06,,G4020,Salt Lake,Salt Lake County,49,2024-09-25,17.93797404407946,1727222400000,"{""type"":""MultiPoint"",""coordinates"":[]}"
1030_0000000000000000001b,1921943668,164903351,41620,H1,035,01448031,482,A,49035,+40.6678828,-111.9242397,06,,G4020,Salt Lake,Salt Lake County,49,2024-09-26,20.274682884416436,1727308800000,"{""type"":""MultiPoint"",""coordinates"":[]}"
1031_0000000000000000001b,1921943668,164903351,41620,H1,035,01448031,482,A,49035,+40.6678828,-111.9242397,06,,G4020,Salt Lake,Salt Lake County,49,2024-09-27,18.985166596979795,1727395200000,"{""type"":""MultiPoint"",""coordinates"":[]}"
1032_0000000000000000001b,1921943668,164903351,41620,H1,035,01448031,482,A,49035,+40.6678828,-111.9242397,06,,G4020,Salt Lake,Salt Lake County,49,2024-09-28,19.67204936495498,1727481600000,"{""type"":""MultiPoint"",""coordinates"":[]}"
1033_0000000000000000001b,1921943668,164903351,41620,H1,035,01448031,482,A,49035,+40.6678828,-111.9242397,06,,G4020,Salt Lake,Salt Lake County,49,2024-09-29,21.541333881536456,1727568000000,"{""type"":""MultiPoint"",""coordinates"":[]}"
1034_0000000000000000001b,1921943668,164903351,41620,H1,035,01448031,482,A,49035,+40.6678828,-111.9242397,06,,G4020,Salt Lake,Salt Lake County,49,2024-09-30,19.44511152239262,1727654400000,"{""type"":""MultiPoint"",""coordinates"":[]}"
1035_0000000000000000001b,1921943668,164903351,41620,H1,035,01448031,482,A,49035,+40.6678828,-111.9242397,06,,G4020,Salt Lake,Salt Lake County,49,2024-10-01,16.20891864560138,1727740800000,"{""type"":""MultiPoint"",""coordinates"":[]}"
1036_0000000000000000001b,1921943668,164903351,41620,H1,035,01448031,482,A,49035,+40.6678828,-111.9242397,06,,G4020,Salt Lake,Salt Lake County,49,2024-10-02,17.10000585611516,1727827200000,"{""type"":""MultiPoint"",""coordinates"":[]}"
1037_0000000000000000001b,1921943668,164903351,41620,H1,035,01448031,482,A,49035,+40.6678828,-111.9242397,06,,G4020,Salt Lake,Salt Lake County,49,2024-10-03,17.91309041963287,1727913600000,"{""type"":""MultiPoint"",""coordinates"":[]}"
1038_0000000000000000001b,1921943668,164903351,41620,H1,035,01448031,482,A,49035,+40.6678828,-111.9242397,06,,G4020,Salt Lake,Salt Lake County,49,2024-10-04,17.587958210811895,1728000000000,"{""type"":""MultiPoint"",""coordinates"":[]}"
1039_0000000000000000001b,1921943668,164903351,41620,H1,035,01448031,482,A,49035,+40.6678828,-111.9242397,06,,G4020,Salt Lake,Salt Lake County,49,2024-10-05,19.99300057461677,1728086400000,"{""type"":""MultiPoint"",""coordinates"":[]}"
1040_0000000000000000001b,1921943668,164903351,41620,H1,035,01448031,482,A,49035,+40.6678828,-111.9242397,06,,G4020,Salt Lake,Salt Lake County,49,2024-10-06,16.264161255544995,1728172800000,"{""type"":""MultiPoint"",""coordinates"":[]}"
1041_0000000000000000001b,1921943668,164903351,41620,H1,035,01448031,482,A,49035,+40.6678828,-111.9242397,06,,G4020,Salt Lake,Salt Lake County,49,2024-10-07,16.606576061658103,1728259200000,"{""type"":""MultiPoint"",""coordinates"":[]}"
1042_0000000000000000001b,1921943668,164903351,41620,H1,035,01448031,482,A,49035,+40.6678828,-111.9242397,06,,G4020,Salt Lake,Salt Lake County,49,2024-10-08,16.985322373244237,1728345600000,"{""type"":""MultiPoint"",""coordinates"":[]}"
1043_0000000000000000001b,1921943668,164903351,41620,H1,035,01448031,482,A,49035,+40.6678828,-111.9242397,06,,G4020,Salt Lake,Salt Lake County,49,2024-10-09,17.18363781057204,1728432000000,"{""type"":""MultiPoint"",""coordinates"":[]}"
1044_0000000000000000001b,1921943668,164903351,41620,H1,035,01448031,482,A,49035,+40.6678828,-111.9242397,06,,G4020,Salt Lake,Salt Lake County,49,2024-10-10,17.84348270232531,1728518400000,"{""type"":""MultiPoint"",""coordinates"":[]}"
1045_0000000000000000001b,1921943668,164903351,41620,H1,035,01448031,482,A,49035,+40.6678828,-111.9242397,06,,G4020,Salt Lake,Salt Lake County,49,2024-10-11,19.09687007036334,1728604800000,"{""type"":""MultiPoint"",""coordinates"":[]}"
1046_0000000000000000001b,1921943668,164903351,41620,H1,035,01448031,482,A,49035,+40.6678828,-111.9242397,06,,G4020,Salt Lake,Salt Lake County,49,2024-10-12,17.609421121818333,1728691200000,"{""type"":""MultiPoint"",""coordinates"":[]}"
1047_0000000000000000001b,1921943668,164903351,41620,H1,035,01448031,482,A,49035,+40.6678828,-111.9242397,06,,G4020,Salt Lake,Salt Lake County,49,2024-10-13,16.340412608498234,1728777600000,"{""type"":""MultiPoint"",""coordinates"":[]}"
1048_0000000000000000001b,1921943668,164903351,41620,H1,035,01448031,482,A,49035,+40.6678828,-111.9242397,06,,G4020,Salt Lake,Salt Lake County,49,2024-10-14,15.999716812301166,1728864000000,"{""type"":""MultiPoint"",""coordinates"":[]}"
1049_0000000000000000001b,1921943668,164903351,41620,H1,035,01448031,482,A,49035,+40.6678828,-111.9242397,06,,G4020,Salt Lake,Salt Lake County,49,2024-10-15,15.823717478223257,1728950400000,"{""type"":""MultiPoint"",""coordinates"":[]}"
1050_0000000000000000001b,1921943668,164903351,41620,H1,035,01448031,482,A,49035,+40.6678828,-111.9242397,06,,G4020,Salt Lake,Salt Lake County,49,2024-10-16,15.568983569347607,1729036800000,"{""type"":""MultiPoint"",""coordinates"":[]}"
1051_0000000000000000001b,1921943668,164903351,41620,H1,035,01448031,482,A,49035,+40.6678828,-111.9242397,06,,G4020,Salt Lake,Salt Lake County,49,2024-10-17,11.770788447971759,1729123200000,"{""type"":""MultiPoint"",""coordinates"":[]}"
1052_0000000000000000001b,1921943668,164903351,41620,H1,035,01448031,482,A,49035,+40.6678828,-111.9242397,06,,G4020,Salt Lake,Salt Lake County,49,2024-10-18,5.082591516060911,1729209600000,"{""type"":""MultiPoint"",""coordinates"":[]}"
1053_0000000000000000001b,1921943668,164903351,41620,H1,035,01448031,482,A,49035,+40.6678828,-111.9242397,06,,G4020,Salt Lake,Salt Lake County,49,2024-10-19,6.116561833801438,1729296000000,"{""type"":""MultiPoint"",""coordinates"":[]}"
1054_0000000000000000001b,1921943668,164903351,41620,H1,035,01448031,482,A,49035,+40.6678828,-111.9242397,06,,G4020,Salt Lake,Salt Lake County,49,2024-10-20,7.903915943187616,1729382400000,"{""type"":""MultiPoint"",""coordinates"":[]}"
1055_0000000000000000001b,1921943668,164903351,41620,H1,035,01448031,482,A,49035,+40.6678828,-111.9242397,06,,G4020,Salt Lake,Salt Lake County,49,2024-10-21,9.167715446825097,1729468800000,"{""type"":""MultiPoint"",""coordinates"":[]}"
1056_0000000000000000001b,1921943668,164903351,41620,H1,035,01448031,482,A,49035,+40.6678828,-111.9242397,06,,G4020,Salt Lake,Salt Lake County,49,2024-10-22,10.865727418709456,1729555200000,"{""type"":""MultiPoint"",""coordinates"":[]}"
1057_0000000000000000001b,1921943668,164903351,41620,H1,035,01448031,482,A,49035,+40.6678828,-111.9242397,06,,G4020,Salt Lake,Salt Lake County,49,2024-10-23,11.6798080127809,1729641600000,"{""type"":""MultiPoint"",""coordinates"":[]}"
1058_0000000000000000001b,1921943668,164903351,41620,H1,035,01448031,482,A,49035,+40.6678828,-111.9242397,06,,G4020,Salt Lake,Salt Lake County,49,2024-10-24,9.327696211655276,1729728000000,"{""type"":""MultiPoint"",""coordinates"":[]}"
1059_0000000000000000001b,1921943668,164903351,41620,H1,035,01448031,482,A,49035,+40.6678828,-111.9242397,06,,G4020,Salt Lake,Salt Lake County,49,2024-10-25,7.194343732434586,1729814400000,"{""type"":""MultiPoint"",""coordinates"":[]}"
1060_0000000000000000001b,1921943668,164903351,41620,H1,035,01448031,482,A,49035,+40.6678828,-111.9242397,06,,G4020,Salt Lake,Salt Lake County,49,2024-10-26,10.236008137205891,1729900800000,"{""type"":""MultiPoint"",""coordinates"":[]}"
1061_0000000000000000001b,1921943668,164903351,41620,H1,035,01448031,482,A,49035,+40.6678828,-111.9242397,06,,G4020,Salt Lake,Salt Lake County,49,2024-10-27,10.893568885741402,1729987200000,"{""type"":""MultiPoint"",""coordinates"":[]}"
1062_0000000000000000001b,1921943668,164903351,41620,H1,035,01448031,482,A,49035,+40.6678828,-111.9242397,06,,G4020,Salt Lake,Salt Lake County,49,2024-10-28,12.060527855905416,1730073600000,"{""type"":""MultiPoint"",""coordinates"":[]}"
1063_0000000000000000001b,1921943668,164903351,41620,H1,035,01448031,482,A,49035,+40.6678828,-111.9242397,06,,G4020,Salt Lake,Salt Lake County,49,2024-10-29,3.328886937481166,1730160000000,"{""type"":""MultiPoint"",""coordinates"":[]}"
1064_0000000000000000001b,1921943668,164903351,41620,H1,035,01448031,482,A,49035,+40.6678828,-111.9242397,06,,G4020,Salt Lake,Salt Lake County,49,2024-10-30,1.5482535779277424,1730246400000,"{""type"":""MultiPoint"",""coordinates"":[]}"
1065_0000000000000000001b,1921943668,164903351,41620,H1,035,01448031,482,A,49035,+40.6678828,-111.9242397,06,,G4020,Salt Lake,Salt Lake County,49,2024-10-31,1.1615383217320225,1730332800000,"{""type"":""MultiPoint"",""coordinates"":[]}"
1066_0000000000000000001b,1921943668,164903351,41620,H1,035,01448031,482,A,49035,+40.6678828,-111.9242397,06,,G4020,Salt Lake,Salt Lake County,49,2024-11-01,3.511748168465095,1730419200000,"{""type"":""MultiPoint"",""coordinates"":[]}"
1067_0000000000000000001b,1921943668,164903351,41620,H1,035,01448031,482,A,49035,+40.6678828,-111.9242397,06,,G4020,Salt Lake,Salt Lake County,49,2024-11-02,4.080193385795938,1730505600000,"{""type"":""MultiPoint"",""coordinates"":[]}"
1068_0000000000000000001b,1921943668,164903351,41620,H1,035,01448031,482,A,49035,+40.6678828,-111.9242397,06,,G4020,Salt Lake,Salt Lake County,49,2024-11-03,1.700237427521867,1730592000000,"{""type"":""MultiPoint"",""coordinates"":[]}"
1069_0000000000000000001b,1921943668,164903351,41620,H1,035,01448031,482,A,49035,+40.6678828,-111.9242397,06,,G4020,Salt Lake,Salt Lake County,49,2024-11-04,-1.2930962462054338,1730678400000,"{""type"":""MultiPoint"",""coordinates"":[]}"
1070_0000000000000000001b,1921943668,164903351,41620,H1,035,01448031,482,A,49035,+40.6678828,-111.9242397,06,,G4020,Salt Lake,Salt Lake County,49,2024-11-05,-0.5074957520607944,1730764800000,"{""type"":""MultiPoint"",""coordinates"":[]}"
1071_0000000000000000001b,1921943668,164903351,41620,H1,035,01448031,482,A,49035,+40.6678828,-111.9242397,06,,G4020,Salt Lake,Salt Lake County,49,2024-11-06,-3.3797409801637532,1730851200000,"{""type"":""MultiPoint"",""coordinates"":[]}"
1072_0000000000000000001b,1921943668,164903351,41620,H1,035,01448031,482,A,49035,+40.6678828,-111.9242397,06,,G4020,Salt Lake,Salt Lake County,49,2024-11-07,-4.778686320059717,1730937600000,"{""type"":""MultiPoint"",""coordinates"":[]}"
1073_0000000000000000001b,1921943668,164903351,41620,H1,035,01448031,482,A,49035,+40.6678828,-111.9242397,06,,G4020,Salt Lake,Salt Lake County,49,2024-11-08,-2.7773370319851933,1731024000000,"{""type"":""MultiPoint"",""coordinates"":[]}"
1074_0000000000000000001b,1921943668,164903351,41620,H1,035,01448031,482,A,49035,+40.6678828,-111.9242397,06,,G4020,Salt Lake,Salt Lake County,49,2024-11-09,-0.30637964877160967,1731110400000,"{""type"":""MultiPoint"",""coordinates"":[]}"
1075_0000000000000000001b,1921943668,164903351,41620,H1,035,01448031,482,A,49035,+40.6678828,-111.9242397,06,,G4020,Salt Lake,Salt Lake County,49,2024-11-10,1.4550596134402527,1731196800000,"{""type"":""MultiPoint"",""coordinates"":[]}"
1076_0000000000000000001b,1921943668,164903351,41620,H1,035,01448031,482,A,49035,+40.6678828,-111.9242397,06,,G4020,Salt Lake,Salt Lake County,49,2024-11-11,4.2609884690488276,1731283200000,"{""type"":""MultiPoint"",""coordinates"":[]}"
1077_0000000000000000001b,1921943668,164903351,41620,H1,035,01448031,482,A,49035,+40.6678828,-111.9242397,06,,G4020,Salt Lake,Salt Lake County,49,2024-11-12,2.7650260392290673,1731369600000,"{""type"":""MultiPoint"",""coordinates"":[]}"
1078_0000000000000000001b,1921943668,164903351,41620,H1,035,01448031,482,A,49035,+40.6678828,-111.9242397,06,,G4020,Salt Lake,Salt Lake County,49,2024-11-13,-1.912846035791322,1731456000000,"{""type"":""MultiPoint"",""coordinates"":[]}"
1079_0000000000000000001b,1921943668,164903351,41620,H1,035,01448031,482,A,49035,+40.6678828,-111.9242397,06,,G4020,Salt Lake,Salt Lake County,49,2024-11-14,1.139301604205925,1731542400000,"{""type"":""MultiPoint"",""coordinates"":[]}"
1080_0000000000000000001b,1921943668,164903351,41620,H1,035,01448031,482,A,49035,+40.6678828,-111.9242397,06,,G4020,Salt Lake,Salt Lake County,49,2024-11-15,-0.10990161322727005,1731628800000,"{""type"":""MultiPoint"",""coordinates"":[]}"
1081_0000000000000000001b,1921943668,164903351,41620,H1,035,01448031,482,A,49035,+40.6678828,-111.9242397,06,,G4020,Salt Lake,Salt Lake County,49,2024-11-16,-1.2409147143420525,1731715200000,"{""type"":""MultiPoint"",""coordinates"":[]}"
1082_0000000000000000001b,1921943668,164903351,41620,H1,035,01448031,482,A,49035,+40.6678828,-111.9242397,06,,G4020,Salt Lake,Salt Lake County,49,2024-11-17,-4.1457444638027825,1731801600000,"{""type"":""MultiPoint"",""coordinates"":[]}"
1083_0000000000000000001b,1921943668,164903351,41620,H1,035,01448031,482,A,49035,+40.6678828,-111.9242397,06,,G4020,Salt Lake,Salt Lake County,49,2024-11-18,-2.257295982167986,1731888000000,"{""type"":""MultiPoint"",""coordinates"":[]}"
1084_0000000000000000001b,1921943668,164903351,41620,H1,035,01448031,482,A,49035,+40.6678828,-111.9242397,06,,G4020,Salt Lake,Salt Lake County,49,2024-11-19,-4.572642155266601,1731974400000,"{""type"":""MultiPoint"",""coordinates"":[]}"
1085_0000000000000000001b,1921943668,164903351,41620,H1,035,01448031,482,A,49035,+40.6678828,-111.9242397,06,,G4020,Salt Lake,Salt Lake County,49,2024-11-20,-6.42865107003766,1732060800000,"{""type"":""MultiPoint"",""coordinates"":[]}"
1086_0000000000000000001b,1921943668,164903351,41620,H1,035,01448031,482,A,49035,+40.6678828,-111.9242397,06,,G4020,Salt Lake,Salt Lake County,49,2024-11-21,-0.6755918807510152,1732147200000,"{""type"":""MultiPoint"",""coordinates"":[]}"
1087_0000000000000000001b,1921943668,164903351,41620,H1,035,01448031,482,A,49035,+40.6678828,-111.9242397,06,,G4020,Salt Lake,Salt Lake County,49,2024-11-22,1.1044619316934445,1732233600000,"{""type"":""MultiPoint"",""coordinates"":[]}"
1088_0000000000000000001b,1921943668,164903351,41620,H1,035,01448031,482,A,49035,+40.6678828,-111.9242397,06,,G4020,Salt Lake,Salt Lake County,49,2024-11-23,2.993101145644752,1732320000000,"{""type"":""MultiPoint"",""coordinates"":[]}"
1089_0000000000000000001b,1921943668,164903351,41620,H1,035,01448031,482,A,49035,+40.6678828,-111.9242397,06,,G4020,Salt Lake,Salt Lake County,49,2024-11-24,1.682694668603862,1732406400000,"{""type"":""MultiPoint"",""coordinates"":[]}"
1090_0000000000000000001b,1921943668,164903351,41620,H1,035,01448031,482,A,49035,+40.6678828,-111.9242397,06,,G4020,Salt Lake,Salt Lake County,49,2024-11-25,-5.265584803059585,1732492800000,"{""type"":""MultiPoint"",""coordinates"":[]}"
1091_0000000000000000001b,1921943668,164903351,41620,H1,035,01448031,482,A,49035,+40.6678828,-111.9242397,06,,G4020,Salt Lake,Salt Lake County,49,2024-11-26,0.4684783720890832,1732579200000,"{""type"":""MultiPoint"",""coordinates"":[]}"
1092_0000000000000000001b,1921943668,164903351,41620,H1,035,01448031,482,A,49035,+40.6678828,-111.9242397,06,,G4020,Salt Lake,Salt Lake County,49,2024-11-27,-1.4996457264999554,1732665600000,"{""type"":""MultiPoint"",""coordinates"":[]}"
1093_0000000000000000001b,1921943668,164903351,41620,H1,035,01448031,482,A,49035,+40.6678828,-111.9242397,06,,G4020,Salt Lake,Salt Lake County,49,2024-11-28,-6.256571149121112,1732752000000,"{""type"":""MultiPoint"",""coordinates"":[]}"
1094_0000000000000000001b,1921943668,164903351,41620,H1,035,01448031,482,A,49035,+40.6678828,-111.9242397,06,,G4020,Salt Lake,Salt Lake County,49,2024-11-29,-6.09805268527325,1732838400000,"{""type"":""MultiPoint"",""coordinates"":[]}"
1095_0000000000000000001b,1921943668,164903351,41620,H1,035,01448031,482,A,49035,+40.6678828,-111.9242397,06,,G4020,Salt Lake,Salt Lake County,49,2024-11-30,-5.370713437234525,1732924800000,"{""type"":""MultiPoint"",""coordinates"":[]}"
1096_0000000000000000001b,1921943668,164903351,41620,H1,035,01448031,482,A,49035,+40.6678828,-111.9242397,06,,G4020,Salt Lake,Salt Lake County,49,2024-12-01,-3.381635060853799,1733011200000,"{""type"":""MultiPoint"",""coordinates"":[]}"
1097_0000000000000000001b,1921943668,164903351,41620,H1,035,01448031,482,A,49035,+40.6678828,-111.9242397,06,,G4020,Salt Lake,Salt Lake County,49,2024-12-02,-2.3090262804590562,1733097600000,"{""type"":""MultiPoint"",""coordinates"":[]}"
1098_0000000000000000001b,1921943668,164903351,41620,H1,035,01448031,482,A,49035,+40.6678828,-111.9242397,06,,G4020,Salt Lake,Salt Lake County,49,2024-12-03,-1.6019832427352474,1733184000000,"{""type"":""MultiPoint"",""coordinates"":[]}"
1099_0000000000000000001b,1921943668,164903351,41620,H1,035,01448031,482,A,49035,+40.6678828,-111.9242397,06,,G4020,Salt Lake,Salt Lake County,49,2024-12-04,-1.141600893427184,1733270400000,"{""type"":""MultiPoint"",""coordinates"":[]}"
1100_0000000000000000001b,1921943668,164903351,41620,H1,035,01448031,482,A,49035,+40.6678828,-111.9242397,06,,G4020,Salt Lake,Salt Lake County,49,2024-12-05,-1.611915125048699,1733356800000,"{""type"":""MultiPoint"",""coordinates"":[]}"
1101_0000000000000000001b,1921943668,164903351,41620,H1,035,01448031,482,A,49035,+40.6678828,-111.9242397,06,,G4020,Salt Lake,Salt Lake County,49,2024-12-06,-2.426172848229847,1733443200000,"{""type"":""MultiPoint"",""coordinates"":[]}"
1102_0000000000000000001b,1921943668,164903351,41620,H1,035,01448031,482,A,49035,+40.6678828,-111.9242397,06,,G4020,Salt Lake,Salt Lake County,49,2024-12-07,-2.2977333991141973,1733529600000,"{""type"":""MultiPoint"",""coordinates"":[]}"
1103_0000000000000000001b,1921943668,164903351,41620,H1,035,01448031,482,A,49035,+40.6678828,-111.9242397,06,,G4020,Salt Lake,Salt Lake County,49,2024-12-08,-0.0498428821336127,1733616000000,"{""type"":""MultiPoint"",""coordinates"":[]}"
1104_0000000000000000001b,1921943668,164903351,41620,H1,035,01448031,482,A,49035,+40.6678828,-111.9242397,06,,G4020,Salt Lake,Salt Lake County,49,2024-12-09,-2.7756861023181867,1733702400000,"{""type"":""MultiPoint"",""coordinates"":[]}"
1105_0000000000000000001b,1921943668,164903351,41620,H1,035,01448031,482,A,49035,+40.6678828,-111.9242397,06,,G4020,Salt Lake,Salt Lake County,49,2024-12-10,-5.117965193617928,1733788800000,"{""type"":""MultiPoint"",""coordinates"":[]}"
1106_0000000000000000001b,1921943668,164903351,41620,H1,035,01448031,482,A,49035,+40.6678828,-111.9242397,06,,G4020,Salt Lake,Salt Lake County,49,2024-12-11,-5.006774579631615,1733875200000,"{""type"":""MultiPoint"",""coordinates"":[]}"
1107_0000000000000000001b,1921943668,164903351,41620,H1,035,01448031,482,A,49035,+40.6678828,-111.9242397,06,,G4020,Salt Lake,Salt Lake County,49,2024-12-12,-2.6666449916550143,1733961600000,"{""type"":""MultiPoint"",""coordinates"":[]}"
1108_0000000000000000001b,1921943668,164903351,41620,H1,035,01448031,482,A,49035,+40.6678828,-111.9242397,06,,G4020,Salt Lake,Salt Lake County,49,2024-12-13,-1.4596600955931975,1734048000000,"{""type"":""MultiPoint"",""coordinates"":[]}"
1109_0000000000000000001b,1921943668,164903351,41620,H1,035,01448031,482,A,49035,+40.6678828,-111.9242397,06,,G4020,Salt Lake,Salt Lake County,49,2024-12-14,-1.400116249670202,1734134400000,"{""type"":""MultiPoint"",""coordinates"":[]}"
1110_0000000000000000001b,1921943668,164903351,41620,H1,035,01448031,482,A,49035,+40.6678828,-111.9242397,06,,G4020,Salt Lake,Salt Lake County,49,2024-12-15,-0.22111314165061532,1734220800000,"{""type"":""MultiPoint"",""coordinates"":[]}"
1111_0000000000000000001b,1921943668,164903351,41620,H1,035,01448031,482,A,49035,+40.6678828,-111.9242397,06,,G4020,Salt Lake,Salt Lake County,49,2024-12-16,-3.0834534339013167,1734307200000,"{""type"":""MultiPoint"",""coordinates"":[]}"
1112_0000000000000000001b,1921943668,164903351,41620,H1,035,01448031,482,A,49035,+40.6678828,-111.9242397,06,,G4020,Salt Lake,Salt Lake County,49,2024-12-17,1.1709349821906838,1734393600000,"{""type"":""MultiPoint"",""coordinates"":[]}"
1113_0000000000000000001b,1921943668,164903351,41620,H1,035,01448031,482,A,49035,+40.6678828,-111.9242397,06,,G4020,Salt Lake,Salt Lake County,49,2024-12-18,-1.2291892050332198,1734480000000,"{""type"":""MultiPoint"",""coordinates"":[]}"
1114_0000000000000000001b,1921943668,164903351,41620,H1,035,01448031,482,A,49035,+40.6678828,-111.9242397,06,,G4020,Salt Lake,Salt Lake County,49,2024-12-19,0.010938321515184986,1734566400000,"{""type"":""MultiPoint"",""coordinates"":[]}"
1115_0000000000000000001b,1921943668,164903351,41620,H1,035,01448031,482,A,49035,+40.6678828,-111.9242397,06,,G4020,Salt Lake,Salt Lake County,49,2024-12-20,-0.812048344937261,1734652800000,"{""type"":""MultiPoint"",""coordinates"":[]}"
1116_0000000000000000001b,1921943668,164903351,41620,H1,035,01448031,482,A,49035,+40.6678828,-111.9242397,06,,G4020,Salt Lake,Salt Lake County,49,2024-12-21,-0.35737213349419616,1734739200000,"{""type"":""MultiPoint"",""coordinates"":[]}"
1117_0000000000000000001b,1921943668,164903351,41620,H1,035,01448031,482,A,49035,+40.6678828,-111.9242397,06,,G4020,Salt Lake,Salt Lake County,49,2024-12-22,1.7202905583052168,1734825600000,"{""type"":""MultiPoint"",""coordinates"":[]}"
1118_0000000000000000001b,1921943668,164903351,41620,H1,035,01448031,482,A,49035,+40.6678828,-111.9242397,06,,G4020,Salt Lake,Salt Lake County,49,2024-12-23,2.1793103816114963,1734912000000,"{""type"":""MultiPoint"",""coordinates"":[]}"
1119_0000000000000000001b,1921943668,164903351,41620,H1,035,01448031,482,A,49035,+40.6678828,-111.9242397,06,,G4020,Salt Lake,Salt Lake County,49,2024-12-24,0.19450514797491522,1734998400000,"{""type"":""MultiPoint"",""coordinates"":[]}"
1120_0000000000000000001b,1921943668,164903351,41620,H1,035,01448031,482,A,49035,+40.6678828,-111.9242397,06,,G4020,Salt Lake,Salt Lake County,49,2024-12-25,0.42854457722430656,1735084800000,"{""type"":""MultiPoint"",""coordinates"":[]}"
1121_0000000000000000001b,1921943668,164903351,41620,H1,035,01448031,482,A,49035,+40.6678828,-111.9242397,06,,G4020,Salt Lake,Salt Lake County,49,2024-12-26,-2.042971120860704,1735171200000,"{""type"":""MultiPoint"",""coordinates"":[]}"
1122_0000000000000000001b,1921943668,164903351,41620,H1,035,01448031,482,A,49035,+40.6678828,-111.9242397,06,,G4020,Salt Lake,Salt Lake County,49,2024-12-27,-1.568583012309347,1735257600000,"{""type"":""MultiPoint"",""coordinates"":[]}"
1123_0000000000000000001b,1921943668,164903351,41620,H1,035,01448031,482,A,49035,+40.6678828,-111.9242397,06,,G4020,Salt Lake,Salt Lake County,49,2024-12-28,0.2415106813852159,1735344000000,"{""type"":""MultiPoint"",""coordinates"":[]}"
1124_0000000000000000001b,1921943668,164903351,41620,H1,035,01448031,482,A,49035,+40.6678828,-111.9242397,06,,G4020,Salt Lake,Salt Lake County,49,2024-12-29,1.8817081478703064,1735430400000,"{""type"":""MultiPoint"",""coordinates"":[]}"
1125_0000000000000000001b,1921943668,164903351,41620,H1,035,01448031,482,A,49035,+40.6678828,-111.9242397,06,,G4020,Salt Lake,Salt Lake County,49,2024-12-30,-0.7061517214285933,1735516800000,"{""type"":""MultiPoint"",""coordinates"":[]}"
1126_0000000000000000001b,1921943668,164903351,41620,H1,035,01448031,482,A,49035,+40.6678828,-111.9242397,06,,G4020,Salt Lake,Salt Lake County,49,2024-12-31,-7.796411630524046,1735603200000,"{""type"":""MultiPoint"",""coordinates"":[]}"
1127_0000000000000000001b,1921943668,164903351,41620,H1,035,01448031,482,A,49035,+40.6678828,-111.9242397,06,,G4020,Salt Lake,Salt Lake County,49,2025-01-01,-7.602707412530518,1735689600000,"{""type"":""MultiPoint"",""coordinates"":[]}"
1128_0000000000000000001b,1921943668,164903351,41620,H1,035,01448031,482,A,49035,+40.6678828,-111.9242397,06,,G4020,Salt Lake,Salt Lake County,49,2025-01-02,-0.31907947178276014,1735776000000,"{""type"":""MultiPoint"",""coordinates"":[]}"
1129_0000000000000000001b,1921943668,164903351,41620,H1,035,01448031,482,A,49035,+40.6678828,-111.9242397,06,,G4020,Salt Lake,Salt Lake County,49,2025-01-03,-1.1034454043728772,1735862400000,"{""type"":""MultiPoint"",""coordinates"":[]}"
1130_0000000000000000001b,1921943668,164903351,41620,H1,035,01448031,482,A,49035,+40.6678828,-111.9242397,06,,G4020,Salt Lake,Salt Lake County,49,2025-01-04,0.26257127680892006,1735948800000,"{""type"":""MultiPoint"",""coordinates"":[]}"
1131_0000000000000000001b,1921943668,164903351,41620,H1,035,01448031,482,A,49035,+40.6678828,-111.9242397,06,,G4020,Salt Lake,Salt Lake County,49,2025-01-05,-4.072745823530429,1736035200000,"{""type"":""MultiPoint"",""coordinates"":[]}"
1132_0000000000000000001b,1921943668,164903351,41620,H1,035,01448031,482,A,49035,+40.6678828,-111.9242397,06,,G4020,Salt Lake,Salt Lake County,49,2025-01-06,-2.8335589685835547,1736121600000,"{""type"":""MultiPoint"",""coordinates"":[]}"
1133_0000000000000000001b,1921943668,164903351,41620,H1,035,01448031,482,A,49035,+40.6678828,-111.9242397,06,,G4020,Salt Lake,Salt Lake County,49,2025-01-07,-3.8027684447761736,1736208000000,"{""type"":""MultiPoint"",""coordinates"":[]}"
1134_0000000000000000001b,1921943668,164903351,41620,H1,035,01448031,482,A,49035,+40.6678828,-111.9242397,06,,G4020,Salt Lake,Salt Lake County,49,2025-01-08,-8.592861131878173,1736294400000,"{""type"":""MultiPoint"",""coordinates"":[]}"
1135_0000000000000000001b,1921943668,164903351,41620,H1,035,01448031,482,A,49035,+40.6678828,-111.9242397,06,,G4020,Salt Lake,Salt Lake County,49,2025-01-09,-6.178652084561579,1736380800000,"{""type"":""MultiPoint"",""coordinates"":[]}"
1136_0000000000000000001b,1921943668,164903351,41620,H1,035,01448031,482,A,49035,+40.6678828,-111.9242397,06,,G4020,Salt Lake,Salt Lake County,49,2025-01-10,-7.671163044330534,1736467200000,"{""type"":""MultiPoint"",""coordinates"":[]}"
1137_0000000000000000001b,1921943668,164903351,41620,H1,035,01448031,482,A,49035,+40.6678828,-111.9242397,06,,G4020,Salt Lake,Salt Lake County,49,2025-01-11,-4.126418681001438,1736553600000,"{""type"":""MultiPoint"",""coordinates"":[]}"
1138_0000000000000000001b,1921943668,164903351,41620,H1,035,01448031,482,A,49035,+40.6678828,-111.9242397,06,,G4020,Salt Lake,Salt Lake County,49,2025-01-12,-5.3579051274711915,1736640000000,"{""type"":""MultiPoint"",""coordinates"":[]}"
1139_0000000000000000001b,1921943668,164903351,41620,H1,035,01448031,482,A,49035,+40.6678828,-111.9242397,06,,G4020,Salt Lake,Salt Lake County,49,2025-01-13,-8.189068974252516,1736726400000,"{""type"":""MultiPoint"",""coordinates"":[]}"
1140_0000000000000000001b,1921943668,164903351,41620,H1,035,01448031,482,A,49035,+40.6678828,-111.9242397,06,,G4020,Salt Lake,Salt Lake County,49,2025-01-14,-8.66947842581132,1736812800000,"{""type"":""MultiPoint"",""coordinates"":[]}"
1141_0000000000000000001b,1921943668,164903351,41620,H1,035,01448031,482,A,49035,+40.6678828,-111.9242397,06,,G4020,Salt Lake,Salt Lake County,49,2025-01-15,-7.4369004796673295,1736899200000,"{""type"":""MultiPoint"",""coordinates"":[]}"
1142_0000000000000000001b,1921943668,164903351,41620,H1,035,01448031,482,A,49035,+40.6678828,-111.9242397,06,,G4020,Salt Lake,Salt Lake County,49,2025-01-16,-5.785301824632439,1736985600000,"{""type"":""MultiPoint"",""coordinates"":[]}"
1143_0000000000000000001b,1921943668,164903351,41620,H1,035,01448031,482,A,49035,+40.6678828,-111.9242397,06,,G4020,Salt Lake,Salt Lake County,49,2025-01-17,-4.049117373465104,1737072000000,"{""type"":""MultiPoint"",""coordinates"":[]}"
1144_0000000000000000001b,1921943668,164903351,41620,H1,035,01448031,482,A,49035,+40.6678828,-111.9242397,06,,G4020,Salt Lake,Salt Lake County,49,2025-01-18,-7.404514576152875,1737158400000,"{""type"":""MultiPoint"",""coordinates"":[]}"
1145_0000000000000000001b,1921943668,164903351,41620,H1,035,01448031,482,A,49035,+40.6678828,-111.9242397,06,,G4020,Salt Lake,Salt Lake County,49,2025-01-19,-10.7987404338962,1737244800000,"{""type"":""MultiPoint"",""coordinates"":[]}"
1146_0000000000000000001b,1921943668,164903351,41620,H1,035,01448031,482,A,49035,+40.6678828,-111.9242397,06,,G4020,Salt Lake,Salt Lake County,49,2025-01-20,-11.219746969766007,1737331200000,"{""type"":""MultiPoint"",""coordinates"":[]}"
1147_0000000000000000001b,1921943668,164903351,41620,H1,035,01448031,482,A,49035,+40.6678828,-111.9242397,06,,G4020,Salt Lake,Salt Lake County,49,2025-01-21,-13.404049243663204,1737417600000,"{""type"":""MultiPoint"",""coordinates"":[]}"
1148_0000000000000000001b,1921943668,164903351,41620,H1,035,01448031,482,A,49035,+40.6678828,-111.9242397,06,,G4020,Salt Lake,Salt Lake County,49,2025-01-22,-7.438448413235806,1737504000000,"{""type"":""MultiPoint"",""coordinates"":[]}"
1149_0000000000000000001b,1921943668,164903351,41620,H1,035,01448031,482,A,49035,+40.6678828,-111.9242397,06,,G4020,Salt Lake,Salt Lake County,49,2025-01-23,-10.634437729667674,1737590400000,"{""type"":""MultiPoint"",""coordinates"":[]}"
1150_0000000000000000001b,1921943668,164903351,41620,H1,035,01448031,482,A,49035,+40.6678828,-111.9242397,06,,G4020,Salt Lake,Salt Lake County,49,2025-01-24,-8.982343250942252,1737676800000,"{""type"":""MultiPoint"",""coordinates"":[]}"
1151_0000000000000000001b,1921943668,164903351,41620,H1,035,01448031,482,A,49035,+40.6678828,-111.9242397,06,,G4020,Salt Lake,Salt Lake County,49,2025-01-25,-5.842401137054086,1737763200000,"{""type"":""MultiPoint"",""coordinates"":[]}"
1152_0000000000000000001b,1921943668,164903351,41620,H1,035,01448031,482,A,49035,+40.6678828,-111.9242397,06,,G4020,Salt Lake,Salt Lake County,49,2025-01-26,-6.212443428603465,1737849600000,"{""type"":""MultiPoint"",""coordinates"":[]}"
1153_0000000000000000001b,1921943668,164903351,41620,H1,035,01448031,482,A,49035,+40.6678828,-111.9242397,06,,G4020,Salt Lake,Salt Lake County,49,2025-01-27,-7.02492312084336,1737936000000,"{""type"":""MultiPoint"",""coordinates"":[]}"
1154_0000000000000000001b,1921943668,164903351,41620,H1,035,01448031,482,A,49035,+40.6678828,-111.9242397,06,,G4020,Salt Lake,Salt Lake County,49,2025-01-28,-6.70046181449106,1738022400000,"{""type"":""MultiPoint"",""coordinates"":[]}"
1155_0000000000000000001b,1921943668,164903351,41620,H1,035,01448031,482,A,49035,+40.6678828,-111.9242397,06,,G4020,Salt Lake,Salt Lake County,49,2025-01-29,-6.2206400520641045,1738108800000,"{""type"":""MultiPoint"",""coordinates"":[]}"
1156_0000000000000000001b,1921943668,164903351,41620,H1,035,01448031,482,A,49035,+40.6678828,-111.9242397,06,,G4020,Salt Lake,Salt Lake County,49,2025-01-30,-4.540381681799698,1738195200000,"{""type"":""MultiPoint"",""coordinates"":[]}"
1157_0000000000000000001b,1921943668,164903351,41620,H1,035,01448031,482,A,49035,+40.6678828,-111.9242397,06,,G4020,Salt Lake,Salt Lake County,49,2025-01-31,-6.226157189961761,1738281600000,"{""type"":""MultiPoint"",""coordinates"":[]}"
1158_0000000000000000001b,1921943668,164903351,41620,H1,035,01448031,482,A,49035,+40.6678828,-111.9242397,06,,G4020,Salt Lake,Salt Lake County,49,2025-02-01,0.5310924313554132,1738368000000,"{""type"":""MultiPoint"",""coordinates"":[]}"
1159_0000000000000000001b,1921943668,164903351,41620,H1,035,01448031,482,A,49035,+40.6678828,-111.9242397,06,,G4020,Salt Lake,Salt Lake County,49,2025-02-02,3.088286875996317,1738454400000,"{""type"":""MultiPoint"",""coordinates"":[]}"
1160_0000000000000000001b,1921943668,164903351,41620,H1,035,01448031,482,A,49035,+40.6678828,-111.9242397,06,,G4020,Salt Lake,Salt Lake County,49,2025-02-03,5.38420630342689,1738540800000,"{""type"":""MultiPoint"",""coordinates"":[]}"
1161_0000000000000000001b,1921943668,164903351,41620,H1,035,01448031,482,A,49035,+40.6678828,-111.9242397,06,,G4020,Salt Lake,Salt Lake County,49,2025-02-04,7.68135703927744,1738627200000,"{""type"":""MultiPoint"",""coordinates"":[]}"
1162_0000000000000000001b,1921943668,164903351,41620,H1,035,01448031,482,A,49035,+40.6678828,-111.9242397,06,,G4020,Salt Lake,Salt Lake County,49,2025-02-05,5.501123154748913,1738713600000,"{""type"":""MultiPoint"",""coordinates"":[]}"
1163_0000000000000000001b,1921943668,164903351,41620,H1,035,01448031,482,A,49035,+40.6678828,-111.9242397,06,,G4020,Salt Lake,Salt Lake County,49,2025-02-06,0.11443498253995538,1738800000000,"{""type"":""MultiPoint"",""coordinates"":[]}"
1164_0000000000000000001b,1921943668,164903351,41620,H1,035,01448031,482,A,49035,+40.6678828,-111.9242397,06,,G4020,Salt Lake,Salt Lake County,49,2025-02-07,3.694003981161438,1738886400000,"{""type"":""MultiPoint"",""coordinates"":[]}"
1165_0000000000000000001b,1921943668,164903351,41620,H1,035,01448031,482,A,49035,+40.6678828,-111.9242397,06,,G4020,Salt Lake,Salt Lake County,49,2025-02-08,-2.153844880125414,1738972800000,"{""type"":""MultiPoint"",""coordinates"":[]}"
1166_0000000000000000001b,1921943668,164903351,41620,H1,035,01448031,482,A,49035,+40.6678828,-111.9242397,06,,G4020,Salt Lake,Salt Lake County,49,2025-02-09,-5.253912619107304,1739059200000,"{""type"":""MultiPoint"",""coordinates"":[]}"
1167_0000000000000000001b,1921943668,164903351,41620,H1,035,01448031,482,A,49035,+40.6678828,-111.9242397,06,,G4020,Salt Lake,Salt Lake County,49,2025-02-10,-6.731674101924556,1739145600000,"{""type"":""MultiPoint"",""coordinates"":[]}"
1168_0000000000000000001b,1921943668,164903351,41620,H1,035,01448031,482,A,49035,+40.6678828,-111.9242397,06,,G4020,Salt Lake,Salt Lake County,49,2025-02-11,-7.038312448839013,1739232000000,"{""type"":""MultiPoint"",""coordinates"":[]}"
1169_0000000000000000001b,1921943668,164903351,41620,H1,035,01448031,482,A,49035,+40.6678828,-111.9242397,06,,G4020,Salt Lake,Salt Lake County,49,2025-02-12,-10.450430597824633,1739318400000,"{""type"":""MultiPoint"",""coordinates"":[]}"
1170_0000000000000000001b,1921943668,164903351,41620,H1,035,01448031,482,A,49035,+40.6678828,-111.9242397,06,,G4020,Salt Lake,Salt Lake County,49,2025-02-13,-10.681534427066145,1739404800000,"{""type"":""MultiPoint"",""coordinates"":[]}"
1171_0000000000000000001b,1921943668,164903351,41620,H1,035,01448031,482,A,49035,+40.6678828,-111.9242397,06,,G4020,Salt Lake,Salt Lake County,49,2025-02-14,-1.2336804067514162,1739491200000,"{""type"":""MultiPoint"",""coordinates"":[]}"
1172_0000000000000000001b,1921943668,164903351,41620,H1,035,01448031,482,A,49035,+40.6678828,-111.9242397,06,,G4020,Salt Lake,Salt Lake County,49,2025-02-15,-2.2887037516435886,1739577600000,"{""type"":""MultiPoint"",""coordinates"":[]}"
1173_0000000000000000001b,1921943668,164903351,41620,H1,035,01448031,482,A,49035,+40.6678828,-111.9242397,06,,G4020,Salt Lake,Salt Lake County,49,2025-02-16,-5.3399801771812205,1739664000000,"{""type"":""MultiPoint"",""coordinates"":[]}"
1174_0000000000000000001b,1921943668,164903351,41620,H1,035,01448031,482,A,49035,+40.6678828,-111.9242397,06,,G4020,Salt Lake,Salt Lake County,49,2025-02-17,-1.862927157320612,1739750400000,"{""type"":""MultiPoint"",""coordinates"":[]}"
1175_0000000000000000001b,1921943668,164903351,41620,H1,035,01448031,482,A,49035,+40.6678828,-111.9242397,06,,G4020,Salt Lake,Salt Lake County,49,2025-02-18,-1.9422010824688043,1739836800000,"{""type"":""MultiPoint"",""coordinates"":[]}"
1176_0000000000000000001b,1921943668,164903351,41620,H1,035,01448031,482,A,49035,+40.6678828,-111.9242397,06,,G4020,Salt Lake,Salt Lake County,49,2025-02-19,-4.217399042517873,1739923200000,"{""type"":""MultiPoint"",""coordinates"":[]}"
1177_0000000000000000001b,1921943668,164903351,41620,H1,035,01448031,482,A,49035,+40.6678828,-111.9242397,06,,G4020,Salt Lake,Salt Lake County,49,2025-02-20,-2.2656986649512554,1740009600000,"{""type"":""MultiPoint"",""coordinates"":[]}"
1178_0000000000000000001b,1921943668,164903351,41620,H1,035,01448031,482,A,49035,+40.6678828,-111.9242397,06,,G4020,Salt Lake,Salt Lake County,49,2025-02-21,-2.03879039929942,1740096000000,"{""type"":""MultiPoint"",""coordinates"":[]}"
1179_0000000000000000001b,1921943668,164903351,41620,H1,035,01448031,482,A,49035,+40.6678828,-111.9242397,06,,G4020,Salt Lake,Salt Lake County,49,2025-02-22,-4.388537463950813,1740182400000,"{""type"":""MultiPoint"",""coordinates"":[]}"
1180_0000000000000000001b,1921943668,164903351,41620,H1,035,01448031,482,A,49035,+40.6678828,-111.9242397,06,,G4020,Salt Lake,Salt Lake County,49,2025-02-23,-2.5403962258560218,1740268800000,"{""type"":""MultiPoint"",""coordinates"":[]}"
1181_0000000000000000001b,1921943668,164903351,41620,H1,035,01448031,482,A,49035,+40.6678828,-111.9242397,06,,G4020,Salt Lake,Salt Lake County,49,2025-02-24,3.1367931245905027,1740355200000,"{""type"":""MultiPoint"",""coordinates"":[]}"
1182_0000000000000000001b,1921943668,164903351,41620,H1,035,01448031,482,A,49035,+40.6678828,-111.9242397,06,,G4020,Salt Lake,Salt Lake County,49,2025-02-25,3.8724536599235444,1740441600000,"{""type"":""MultiPoint"",""coordinates"":[]}"
1183_0000000000000000001b,1921943668,164903351,41620,H1,035,01448031,482,A,49035,+40.6678828,-111.9242397,06,,G4020,Salt Lake,Salt Lake County,49,2025-02-26,-1.3868967177245788,1740528000000,"{""type"":""MultiPoint"",""coordinates"":[]}"
1184_0000000000000000001b,1921943668,164903351,41620,H1,035,01448031,482,A,49035,+40.6678828,-111.9242397,06,,G4020,Salt Lake,Salt Lake County,49,2025-02-27,-2.402070832332068,1740614400000,"{""type"":""MultiPoint"",""coordinates"":[]}"
1185_0000000000000000001b,1921943668,164903351,41620,H1,035,01448031,482,A,49035,+40.6678828,-111.9242397,06,,G4020,Salt Lake,Salt Lake County,49,2025-02-28,-0.1156356767864293,1740700800000,"{""type"":""MultiPoint"",""coordinates"":[]}"
1186_0000000000000000001b,1921943668,164903351,41620,H1,035,01448031,482,A,49035,+40.6678828,-111.9242397,06,,G4020,Salt Lake,Salt Lake County,49,2025-03-01,0.35181996659775044,1740787200000,"{""type"":""MultiPoint"",""coordinates"":[]}"
1187_0000000000000000001b,1921943668,164903351,41620,H1,035,01448031,482,A,49035,+40.6678828,-111.9242397,06,,G4020,Salt Lake,Salt Lake County,49,2025-03-02,2.643026419236224,1740873600000,"{""type"":""MultiPoint"",""coordinates"":[]}"
1188_0000000000000000001b,1921943668,164903351,41620,H1,035,01448031,482,A,49035,+40.6678828,-111.9242397,06,,G4020,Salt Lake,Salt Lake County,49,2025-03-03,2.424933565691901,1740960000000,"{""type"":""MultiPoint"",""coordinates"":[]}"
1189_0000000000000000001b,1921943668,164903351,41620,H1,035,01448031,482,A,49035,+40.6678828,-111.9242397,06,,G4020,Salt Lake,Salt Lake County,49,2025-03-04,0.8158103009662138,1741046400000,"{""type"":""MultiPoint"",""coordinates"":[]}"
1190_0000000000000000001b,1921943668,164903351,41620,H1,035,01448031,482,A,49035,+40.6678828,-111.9242397,06,,G4020,Salt Lake,Salt Lake County,49,2025-03-05,0.5729500882899828,1741132800000,"{""type"":""MultiPoint"",""coordinates"":[]}"
1191_0000000000000000001b,1921943668,164903351,41620,H1,035,01448031,482,A,49035,+40.6678828,-111.9242397,06,,G4020,Salt Lake,Salt Lake County,49,2025-03-06,1.5176050219811166,1741219200000,"{""type"":""MultiPoint"",""coordinates"":[]}"
1192_0000000000000000001b,1921943668,164903351,41620,H1,035,01448031,482,A,49035,+40.6678828,-111.9242397,06,,G4020,Salt Lake,Salt Lake County,49,2025-03-07,-1.7089750230795309,1741305600000,"{""type"":""MultiPoint"",""coordinates"":[]}"
1193_0000000000000000001b,1921943668,164903351,41620,H1,035,01448031,482,A,49035,+40.6678828,-111.9242397,06,,G4020,Salt Lake,Salt Lake County,49,2025-03-08,-2.8909968278381686,1741392000000,"{""type"":""MultiPoint"",""coordinates"":[]}"
1194_0000000000000000001b,1921943668,164903351,41620,H1,035,01448031,482,A,49035,+40.6678828,-111.9242397,06,,G4020,Salt Lake,Salt Lake County,49,2025-03-09,-1.180181661923254,1741478400000,"{""type"":""MultiPoint"",""coordinates"":[]}"
1195_0000000000000000001b,1921943668,164903351,41620,H1,035,01448031,482,A,49035,+40.6678828,-111.9242397,06,,G4020,Salt Lake,Salt Lake County,49,2025-03-10,1.5953303184745984,1741564800000,"{""type"":""MultiPoint"",""coordinates"":[]}"
1196_0000000000000000001b,1921943668,164903351,41620,H1,035,01448031,482,A,49035,+40.6678828,-111.9242397,06,,G4020,Salt Lake,Salt Lake County,49,2025-03-11,2.8271954945285747,1741651200000,"{""type"":""MultiPoint"",""coordinates"":[]}"
1197_0000000000000000001b,1921943668,164903351,41620,H1,035,01448031,482,A,49035,+40.6678828,-111.9242397,06,,G4020,Salt Lake,Salt Lake County,49,2025-03-12,3.3076525288419703,1741737600000,"{""type"":""MultiPoint"",""coordinates"":[]}"
1198_0000000000000000001b,1921943668,164903351,41620,H1,035,01448031,482,A,49035,+40.6678828,-111.9242397,06,,G4020,Salt Lake,Salt Lake County,49,2025-03-13,4.917991577424973,1741824000000,"{""type"":""MultiPoint"",""coordinates"":[]}"
1199_0000000000000000001b,1921943668,164903351,41620,H1,035,01448031,482,A,49035,+40.6678828,-111.9242397,06,,G4020,Salt Lake,Salt Lake County,49,2025-03-14,-1.5813941313416384,1741910400000,"{""type"":""MultiPoint"",""coordinates"":[]}"
1200_0000000000000000001b,1921943668,164903351,41620,H1,035,01448031,482,A,49035,+40.6678828,-111.9242397,06,,G4020,Salt Lake,Salt Lake County,49,2025-03-15,-1.4620154981562854,1741996800000,"{""type"":""MultiPoint"",""coordinates"":[]}"
1201_0000000000000000001b,1921943668,164903351,41620,H1,035,01448031,482,A,49035,+40.6678828,-111.9242397,06,,G4020,Salt Lake,Salt Lake County,49,2025-03-16,-0.26018850920478426,1742083200000,"{""type"":""MultiPoint"",""coordinates"":[]}"
1202_0000000000000000001b,1921943668,164903351,41620,H1,035,01448031,482,A,49035,+40.6678828,-111.9242397,06,,G4020,Salt Lake,Salt Lake County,49,2025-03-17,5.939827167618343,1742169600000,"{""type"":""MultiPoint"",""coordinates"":[]}"
1203_0000000000000000001b,1921943668,164903351,41620,H1,035,01448031,482,A,49035,+40.6678828,-111.9242397,06,,G4020,Salt Lake,Salt Lake County,49,2025-03-18,0.4872438246145559,1742256000000,"{""type"":""MultiPoint"",""coordinates"":[]}"
1204_0000000000000000001b,1921943668,164903351,41620,H1,035,01448031,482,A,49035,+40.6678828,-111.9242397,06,,G4020,Salt Lake,Salt Lake County,49,2025-03-19,-3.558946940213293,1742342400000,"{""type"":""MultiPoint"",""coordinates"":[]}"
1205_0000000000000000001b,1921943668,164903351,41620,H1,035,01448031,482,A,49035,+40.6678828,-111.9242397,06,,G4020,Salt Lake,Salt Lake County,49,2025-03-20,-2.1634334866182883,1742428800000,"{""type"":""MultiPoint"",""coordinates"":[]}"
1206_0000000000000000001b,1921943668,164903351,41620,H1,035,01448031,482,A,49035,+40.6678828,-111.9242397,06,,G4020,Salt Lake,Salt Lake County,49,2025-03-21,-0.19885594845952786,1742515200000,"{""type"":""MultiPoint"",""coordinates"":[]}"
1207_0000000000000000001b,1921943668,164903351,41620,H1,035,01448031,482,A,49035,+40.6678828,-111.9242397,06,,G4020,Salt Lake,Salt Lake County,49,2025-03-22,2.798967281590793,1742601600000,"{""type"":""MultiPoint"",""coordinates"":[]}"
1208_0000000000000000001b,1921943668,164903351,41620,H1,035,01448031,482,A,49035,+40.6678828,-111.9242397,06,,G4020,Salt Lake,Salt Lake County,49,2025-03-23,4.568196792129592,1742688000000,"{""type"":""MultiPoint"",""coordinates"":[]}"
1209_0000000000000000001b,1921943668,164903351,41620,H1,035,01448031,482,A,49035,+40.6678828,-111.9242397,06,,G4020,Salt Lake,Salt Lake County,49,2025-03-24,5.974173966509216,1742774400000,"{""type"":""MultiPoint"",""coordinates"":[]}"
1210_0000000000000000001b,1921943668,164903351,41620,H1,035,01448031,482,A,49035,+40.6678828,-111.9242397,06,,G4020,Salt Lake,Salt Lake County,49,2025-03-25,6.837254226167965,1742860800000,"{""type"":""MultiPoint"",""coordinates"":[]}"
1211_0000000000000000001b,1921943668,164903351,41620,H1,035,01448031,482,A,49035,+40.6678828,-111.9242397,06,,G4020,Salt Lake,Salt Lake County,49,2025-03-26,8.25061582657175,1742947200000,"{""type"":""MultiPoint"",""coordinates"":[]}"
1212_0000000000000000001b,1921943668,164903351,41620,H1,035,01448031,482,A,49035,+40.6678828,-111.9242397,06,,G4020,Salt Lake,Salt Lake County,49,2025-03-27,10.312518257974293,1743033600000,"{""type"":""MultiPoint"",""coordinates"":[]}"
1213_0000000000000000001b,1921943668,164903351,41620,H1,035,01448031,482,A,49035,+40.6678828,-111.9242397,06,,G4020,Salt Lake,Salt Lake County,49,2025-03-28,9.37434488295601,1743120000000,"{""type"":""MultiPoint"",""coordinates"":[]}"
1214_0000000000000000001b,1921943668,164903351,41620,H1,035,01448031,482,A,49035,+40.6678828,-111.9242397,06,,G4020,Salt Lake,Salt Lake County,49,2025-03-29,4.4729550433943555,1743206400000,"{""type"":""MultiPoint"",""coordinates"":[]}"
1215_0000000000000000001b,1921943668,164903351,41620,H1,035,01448031,482,A,49035,+40.6678828,-111.9242397,06,,G4020,Salt Lake,Salt Lake County,49,2025-03-30,2.8243801491682503,1743292800000,"{""type"":""MultiPoint"",""coordinates"":[]}"
1216_0000000000000000001b,1921943668,164903351,41620,H1,035,01448031,482,A,49035,+40.6678828,-111.9242397,06,,G4020,Salt Lake,Salt Lake County,49,2025-03-31,4.572045298491332,1743379200000,"{""type"":""MultiPoint"",""coordinates"":[]}"
1217_0000000000000000001b,1921943668,164903351,41620,H1,035,01448031,482,A,49035,+40.6678828,-111.9242397,06,,G4020,Salt Lake,Salt Lake County,49,2025-04-01,0.7187252010114704,1743465600000,"{""type"":""MultiPoint"",""coordinates"":[]}"
1218_0000000000000000001b,1921943668,164903351,41620,H1,035,01448031,482,A,49035,+40.6678828,-111.9242397,06,,G4020,Salt Lake,Salt Lake County,49,2025-04-02,-1.0944856750095127,1743552000000,"{""type"":""MultiPoint"",""coordinates"":[]}"
1219_0000000000000000001b,1921943668,164903351,41620,H1,035,01448031,482,A,49035,+40.6678828,-111.9242397,06,,G4020,Salt Lake,Salt Lake County,49,2025-04-03,0.08170877583096613,1743638400000,"{""type"":""MultiPoint"",""coordinates"":[]}"
1220_0000000000000000001b,1921943668,164903351,41620,H1,035,01448031,482,A,49035,+40.6678828,-111.9242397,06,,G4020,Salt Lake,Salt Lake County,49,2025-04-04,1.24675548373376,1743724800000,"{""type"":""MultiPoint"",""coordinates"":[]}"
1221_0000000000000000001b,1921943668,164903351,41620,H1,035,01448031,482,A,49035,+40.6678828,-111.9242397,06,,G4020,Salt Lake,Salt Lake County,49,2025-04-05,1.1347094334360173,1743811200000,"{""type"":""MultiPoint"",""coordinates"":[]}"
1222_0000000000000000001b,1921943668,164903351,41620,H1,035,01448031,482,A,49035,+40.6678828,-111.9242397,06,,G4020,Salt Lake,Salt Lake County,49,2025-04-06,2.6725137182116843,1743897600000,"{""type"":""MultiPoint"",""coordinates"":[]}"
1223_0000000000000000001b,1921943668,164903351,41620,H1,035,01448031,482,A,49035,+40.6678828,-111.9242397,06,,G4020,Salt Lake,Salt Lake County,49,2025-04-07,5.357033722185809,1743984000000,"{""type"":""MultiPoint"",""coordinates"":[]}"
1224_0000000000000000001b,1921943668,164903351,41620,H1,035,01448031,482,A,49035,+40.6678828,-111.9242397,06,,G4020,Salt Lake,Salt Lake County,49,2025-04-08,8.936967344379584,1744070400000,"{""type"":""MultiPoint"",""coordinates"":[]}"
1225_0000000000000000001b,1921943668,164903351,41620,H1,035,01448031,482,A,49035,+40.6678828,-111.9242397,06,,G4020,Salt Lake,Salt Lake County,49,2025-04-09,8.963592664821428,1744156800000,"{""type"":""MultiPoint"",""coordinates"":[]}"
1226_0000000000000000001b,1921943668,164903351,41620,H1,035,01448031,482,A,49035,+40.6678828,-111.9242397,06,,G4020,Salt Lake,Salt Lake County,49,2025-04-10,8.779150677682352,1744243200000,"{""type"":""MultiPoint"",""coordinates"":[]}"
1227_0000000000000000001b,1921943668,164903351,41620,H1,035,01448031,482,A,49035,+40.6678828,-111.9242397,06,,G4020,Salt Lake,Salt Lake County,49,2025-04-11,11.718422315503881,1744329600000,"{""type"":""MultiPoint"",""coordinates"":[]}"
1228_0000000000000000001b,1921943668,164903351,41620,H1,035,01448031,482,A,49035,+40.6678828,-111.9242397,06,,G4020,Salt Lake,Salt Lake County,49,2025-04-12,11.819536127609837,1744416000000,"{""type"":""MultiPoint"",""coordinates"":[]}"
1229_0000000000000000001b,1921943668,164903351,41620,H1,035,01448031,482,A,49035,+40.6678828,-111.9242397,06,,G4020,Salt Lake,Salt Lake County,49,2025-04-13,7.60914534922153,1744502400000,"{""type"":""MultiPoint"",""coordinates"":[]}"
1230_0000000000000000001b,1921943668,164903351,41620,H1,035,01448031,482,A,49035,+40.6678828,-111.9242397,06,,G4020,Salt Lake,Salt Lake County,49,2025-04-14,6.6182999643190525,1744588800000,"{""type"":""MultiPoint"",""coordinates"":[]}"
1231_0000000000000000001b,1921943668,164903351,41620,H1,035,01448031,482,A,49035,+40.6678828,-111.9242397,06,,G4020,Salt Lake,Salt Lake County,49,2025-04-15,8.229400938013152,1744675200000,"{""type"":""MultiPoint"",""coordinates"":[]}"
1232_0000000000000000001b,1921943668,164903351,41620,H1,035,01448031,482,A,49035,+40.6678828,-111.9242397,06,,G4020,Salt Lake,Salt Lake County,49,2025-04-16,9.891823178038026,1744761600000,"{""type"":""MultiPoint"",""coordinates"":[]}"
1233_0000000000000000001b,1921943668,164903351,41620,H1,035,01448031,482,A,49035,+40.6678828,-111.9242397,06,,G4020,Salt Lake,Salt Lake County,49,2025-04-17,5.932197122933155,1744848000000,"{""type"":""MultiPoint"",""coordinates"":[]}"
1234_0000000000000000001b,1921943668,164903351,41620,H1,035,01448031,482,A,49035,+40.6678828,-111.9242397,06,,G4020,Salt Lake,Salt Lake County,49,2025-04-18,1.3446088848196036,1744934400000,"{""type"":""MultiPoint"",""coordinates"":[]}"
1235_0000000000000000001b,1921943668,164903351,41620,H1,035,01448031,482,A,49035,+40.6678828,-111.9242397,06,,G4020,Salt Lake,Salt Lake County,49,2025-04-19,2.179956691198058,1745020800000,"{""type"":""MultiPoint"",""coordinates"":[]}"
1236_0000000000000000001b,1921943668,164903351,41620,H1,035,01448031,482,A,49035,+40.6678828,-111.9242397,06,,G4020,Salt Lake,Salt Lake County,49,2025-04-20,6.307892733616225,1745107200000,"{""type"":""MultiPoint"",""coordinates"":[]}"
1237_0000000000000000001b,1921943668,164903351,41620,H1,035,01448031,482,A,49035,+40.6678828,-111.9242397,06,,G4020,Salt Lake,Salt Lake County,49,2025-04-21,8.504755640098152,1745193600000,"{""type"":""MultiPoint"",""coordinates"":[]}"
1238_0000000000000000001b,1921943668,164903351,41620,H1,035,01448031,482,A,49035,+40.6678828,-111.9242397,06,,G4020,Salt Lake,Salt Lake County,49,2025-04-22,7.509525090055261,1745280000000,"{""type"":""MultiPoint"",""coordinates"":[]}"
1239_0000000000000000001b,1921943668,164903351,41620,H1,035,01448031,482,A,49035,+40.6678828,-111.9242397,06,,G4020,Salt Lake,Salt Lake County,49,2025-04-23,8.9337736618195,1745366400000,"{""type"":""MultiPoint"",""coordinates"":[]}"
1240_0000000000000000001b,1921943668,164903351,41620,H1,035,01448031,482,A,49035,+40.6678828,-111.9242397,06,,G4020,Salt Lake,Salt Lake County,49,2025-04-24,10.180512138588657,1745452800000,"{""type"":""MultiPoint"",""coordinates"":[]}"
1241_0000000000000000001b,1921943668,164903351,41620,H1,035,01448031,482,A,49035,+40.6678828,-111.9242397,06,,G4020,Salt Lake,Salt Lake County,49,2025-04-25,9.82351761082554,1745539200000,"{""type"":""MultiPoint"",""coordinates"":[]}"
1242_0000000000000000001b,1921943668,164903351,41620,H1,035,01448031,482,A,49035,+40.6678828,-111.9242397,06,,G4020,Salt Lake,Salt Lake County,49,2025-04-26,12.088307957974424,1745625600000,"{""type"":""MultiPoint"",""coordinates"":[]}"
1243_0000000000000000001b,1921943668,164903351,41620,H1,035,01448031,482,A,49035,+40.6678828,-111.9242397,06,,G4020,Salt Lake,Salt Lake County,49,2025-04-27,9.047386003347848,1745712000000,"{""type"":""MultiPoint"",""coordinates"":[]}"
1244_0000000000000000001b,1921943668,164903351,41620,H1,035,01448031,482,A,49035,+40.6678828,-111.9242397,06,,G4020,Salt Lake,Salt Lake County,49,2025-04-28,6.149655106253007,1745798400000,"{""type"":""MultiPoint"",""coordinates"":[]}"
1245_0000000000000000001b,1921943668,164903351,41620,H1,035,01448031,482,A,49035,+40.6678828,-111.9242397,06,,G4020,Salt Lake,Salt Lake County,49,2025-04-29,7.896196394462404,1745884800000,"{""type"":""MultiPoint"",""coordinates"":[]}"
1246_0000000000000000001b,1921943668,164903351,41620,H1,035,01448031,482,A,49035,+40.6678828,-111.9242397,06,,G4020,Salt Lake,Salt Lake County,49,2025-04-30,8.706018106790768,1745971200000,"{""type"":""MultiPoint"",""coordinates"":[]}"
